t_s,u_b_mps,v_b_mps,w_b_mps,p_b_rps,q_b_rps,r_b_rps,q0,q1,q2,q3,x_e_m,y_e_m,z_e_m,lat_rad,long_rad,h_m,m_fuel_kg,phi_rad,theta_rad,psi_rad,phi_dot_rps,theta_dot_rps,psi_dot_rps,p_nb_rps,q_nb_rps,r_nb_rps,cs_mps,rho_kgpm3,p_kgpms2,T_K,mach,alpha_rad,beta_rad,true_airspeed_mps,qbar_kgpms2,g_mag_mps2,u_n_mps,v_n_mps,w_n_mps,Fx_b_kgmps2,Fy_b_kgmps2,Fz_b_kgmps2,l_b_kgm2ps2,m_b_kgm2ps2,n_b_kgm2ps2,n_x,n_y,n_z,dela_ach_rad,dele_ach_rad,delr_ach_rad,delt_ach_pct,dela_cmd_rad,dele_cmd_rad,delr_cmd_rad,delt_cmd_pct,dela_trim_rad,dele_trim_rad,delr_trim_rad,delt_trim_pct,W_N_mps,W_E_mps,W_D_mps
0.0,0.0,0.0,0.0,0.0,0.0,0.0,0.7071067811865476,0.0,-0.7071067811865475,0.0,6387281.0,0.0,0.0,0.0,0.0,9144.0,0.0,0.0,2.220446049250313e-16,0.0,-7.2921151467e-05,0.0,-1.619174826816838e-20,-7.2921151467e-05,0.0,-1.619174826816838e-20,303.2301162993323,0.45904119204140337,30148.707841120464,228.7993742033871,0.02010354404897685,-3.141592653589793,-1.5707963267948966,6.096,8.529264445174036,9.752107781729656,0.0,0.0,0.0,9.526912155706432e-19,0.01555862827117082,1.1667102477243892e-34,0.0,0.0,0.0,6.656716062425189e-21,0.00010871242332172595,-8.152126018681779e-37,0.0,0.0,0.0,0.0,0.0,0.0,0.0,0.0,0.5,0.0,0.0,1.0,3.7327234438011327e-16,6.096,0.0
0.1,-1.6506768870621554e-16,0.0001070659331623632,0.9752021693373432,0.0,0.0,0.0,0.7071067811818315,-2.5781520347065716e-06,-0.7071067811818313,-2.578152034706572e-06,6387280.951061251,5.600872693034305e-06,5.160525103013468e-19,8.133749492858928e-26,8.76879025132743e-13,9143.951061250642,0.0,-7.292116023578998e-06,1.7615770264816435e-16,-1.1293774169683006e-21,-7.292116934627871e-05,-5.001171844708841e-24,-1.009268998832033e-20,-7.292116934627871e-05,-4.92821444730537e-24,-1.0092690026167986e-20,303.2303264307432,0.4590439051490934,30148.92801898778,228.7996913939639,0.020359566833839878,1.5707963267948972,-1.4121832735812805,6.173638097721053,8.747973589198061,9.752107932192263,-1.1779026062549944e-17,0.00011419997643712478,0.9752021685279019,1.5248248733007113e-18,0.015756597913906954,-0.0025207822046725606,0.0,0.0,0.0,1.0654371595529464e-20,0.00011009569177128844,1.7613399932178912e-05,0.0,0.0,0.0,0.0,0.0,0.0,0.0,0.0,0.5,0.0,0.0,1.0,3.7327234438011327e-16,6.096,0.0
0.2,-3.3193244131480143e-16,0.0002168068149888663,1.9503865934057198,0.0,0.0,0.0,0.707106781167732,-5.156304069378953e-06,-0.7071067811677318,-5.1563040693789536e-06,6387280.8047816595,2.3422925389580716e-05,-8.445431210400482e-19,-1.3311246824497325e-25,3.667120032423057e-12,9143.804781659195,0.0,-1.4584233960520192e-05,1.7713886088521835e-16,-2.2587551861173498e-21,-7.292118986745122e-05,-1.0436242947108712e-23,-1.0021145581331463e-20,-7.292118986745122e-05,-1.0290778292792536e-23,-1.0021145735265903e-20,303.2309545206996,0.4590520147205404,30149.58613814487,228.8006394874194,0.021107312655184677,1.570796326794897,-1.2611673633380465,6.400390566373506,9.402596447283887,9.752108381930151,-2.61835695767007e-17,0.00024527446486081024,1.9503865900332291,2.001093698294824e-18,0.016335318854857044,-0.005226740998158606,0.0,0.0,0.0,1.3982193124220354e-20,0.00011413937446755093,3.6520679720698776e-05,0.0,0.0,0.0,0.0,0.0,0.0,0.0,0.0,0.5,0.0,0.0,1.0,3.7327234438011327e-16,6.096,0.0
0.30000000000000004,-4.824350571658863e-16,0.0003321339067966383,2.925552160788139,0.0,0.0,0.0,0.7071067811561532,-7.734456104650956e-06,-0.7071067811561531,-7.734456104650958e-06,6387280.561140672,5.519023713583534e-05,7.848793704701812e-18,1.2370858483086446e-24,8.64064708095102e-12,9143.561140672304,0.0,-2.187635408226849e-05,1.139565011798744e-16,-5.08219866801254e-21,-7.292121348624557e-05,-9.870399149117412e-25,-1.192970938261727e-20,-7.292121348624557e-05,-7.260613681436754e-25,-1.1929709401355476e-20,303.23200065745255,0.4590655218951988,30150.682291062316,228.8022186169677,0.02229746442607401,1.570796326794897,-1.123343255819126,6.761304747506799,10.493145688091012,9.752109131006572,-1.6621766391402025e-16,0.000396134321680945,2.925552152920731,3.1707310785569894e-18,0.0172566389295,-0.008281766184437711,0.0,0.0,0.0,2.215477182459228e-20,0.0001205768917231677,5.786698259013009e-05,0.0,0.0,0.0,0.0,0.0,0.0,0.0,0.0,0.5,0.0,0.0,1.0,3.7327234438011327e-16,6.096,0.0
0.4,-6.547447255437264e-16,0.00045528575234211535,3.9006958752511425,0.0,0.0,0.0,0.7071067811527024,-1.0312608140805169e-05,-0.7071067811527023,-1.0312608140805169e-05,6387280.219672215,0.00010309543109016372,2.1435374628718114e-17,3.3785319164643475e-24,1.6140740276878938e-11,9143.219672215482,0.0,-2.916847673239894e-05,1.0700602023359854e-16,-4.517510785227621e-21,-7.292124056374289e-05,1.21592379588046e-24,-1.2435789675824841e-20,-7.292124056374289e-05,1.578265764890207e-24,-1.243578963842058e-20,303.23346684221565,0.4590844525116992,30152.2185746324,228.80443180341413,0.023865572912085235,1.5707963267948968,-1.0015828827441458,7.236840421673128,12.021757677628859,9.752110180854581,-1.3311041102459533e-16,0.000569085863557063,3.900695860764558,1.9008073730908645e-18,0.018470720409638475,-0.011820039805254168,0.0,0.0,0.0,1.328146493347397e-20,0.00012906001359712127,8.258987544354671e-05,0.0,0.0,0.0,0.0,0.0,0.0,0.0,0.0,0.5,0.0,0.0,1.0,3.7327234438011327e-16,6.096,0.0
0.5,-8.35319833205689e-16,0.0005875225423365253,4.8758133948827656,0.0,0.0,0.0,0.7071067811468934,-1.2890760177216556e-05,-0.7071067811468933,-1.2890760177216556e-05,6387279.780846645,0.00016946469865270874,3.5265869787987927e-17,5.5584227912935985e-24,2.6531591614222216e-11,9142.780846644813,0.0,-3.646060227343325e-05,1.6540543271481552e-16,-2.258758888531268e-21,-7.292127128645603e-05,-1.7252174219230435e-23,-1.0874103141499318e-20,-7.292127128645603e-05,-1.6856135336040154e-23,-1.0874103768049205e-20,303.23535105539116,0.45910878049404397,30154.1928726997,228.80727599820264,0.025741043528566238,1.5707963267948968,-0.8961536924755604,7.805594384282475,13.98640151205779,9.752111530028206,-1.0885652004890602e-16,0.0007653203888772429,4.875813371290121,2.5628276812515655e-18,0.01992298513556185,-0.015936767520604862,0.0,0.0,0.0,1.7907183263778268e-20,0.00013920738744705976,0.00011135458646378166,0.0,0.0,0.0,0.0,0.0,0.0,0.0,0.0,0.5,0.0,0.0,1.0,3.7327234438011327e-16,6.096,0.0
0.6000000000000001,-1.0130904831757503e-15,0.0007300214829791742,5.850900191969435,0.0,0.0,0.0,0.7071067811301537,-1.5468912213369e-05,-0.7071067811301536,-1.5468912213369e-05,6387279.244666733,0.00025675260071763895,4.583763424038998e-17,7.224689874423889e-24,4.019749111987282e-11,9142.244666732848,0.0,-4.375273108861139e-05,1.2263327292602067e-16,-3.388136717485826e-21,-7.292130583857312e-05,-1.7127693658499577e-23,-1.129158284061492e-20,-7.292130583857312e-05,-1.6633656054673213e-23,-1.1291583579190547e-20,303.2376532850745,0.4591385056885264,30156.605172790398,228.81075118336338,0.027861976585548894,1.5707963267948968,-0.8058739951865657,8.448800395685538,16.387164777275817,9.75211317851911,-1.0665441455816715e-16,0.0009860143452389083,5.850900156295646,3.328821871108768e-18,0.021565594848964215,-0.020700049662120808,0.0,0.0,0.0,2.325939575824596e-20,0.00015068475417910382,0.0001446369514347863,0.0,0.0,0.0,0.0,0.0,0.0,0.0,0.0,0.5,0.0,0.0,1.0,3.7327234438011327e-16,6.096,0.0
0.7000000000000001,-1.1792999000642755e-15,0.0008839071268592935,6.825951449755559,0.0,0.0,0.0,0.7071067810956813,-1.8047064248846367e-05,-0.7071067810956811,-1.8047064248846367e-05,6387278.610667737,0.00036759970661458946,5.0680854887262956e-17,7.988053960268224e-24,5.7551850962496516e-11,9141.61066773689,0.0,-5.104486359080066e-05,1.3612646661142824e-16,-5.646894152335794e-21,-7.292134440670307e-05,-1.4025836960197894e-23,-1.1653160894631453e-20,-7.292134440670307e-05,-1.3430358378305708e-23,-1.1653161585793155e-20,303.2403755267607,0.459173653859944,30159.457565804973,228.81486037106976,0.030177442866993837,1.5707963267948968,-0.7289374883586159,9.15101913000374,19.226255393461226,9.752115127756372,-8.642281338005912e-17,0.0012323596388609463,6.825951398430903,4.206825892375052e-18,0.023359209495509996,-0.02615985722992563,0.0,0.0,0.0,2.9394251812037083e-20,0.00016321723399241966,0.00018278613150525376,0.0,0.0,0.0,0.0,0.0,0.0,0.0,0.0,0.5,0.0,0.0,1.0,3.7327234438011327e-16,6.096,0.0
0.8,-1.327723871794735e-15,0.0010500823731322319,7.800962593447859,0.0,0.0,0.0,0.7071067810387398,-2.062521628334473e-05,-0.7071067810387397,-2.062521628334473e-05,6387277.879321483,0.0005044831173719454,4.8457991504914825e-17,7.637698622223125e-24,7.898249097064499e-11,9140.879321483275,0.0,-5.833700016770974e-05,1.5951239075602022e-16,-3.388144429410003e-21,-7.292138712135966e-05,-6.480852756258071e-23,-8.594460236138928e-21,-7.292138712135966e-05,-6.430812864801973e-23,-8.594464018763326e-21,303.2435157545394,0.45921419885079046,30162.74792897329,228.81960050323653,0.03264520407403527,1.5707963267948968,-0.6632758589701547,9.899446482988223,22.501709219629006,9.75211737628963,-1.1852477497294718e-16,0.001505189879108165,7.800962522285194,5.201361107605133e-18,0.02527121351382399,-0.03234430600583251,0.0,0.0,0.0,3.634334343130233e-20,0.00017657693297159902,0.0002259985793907591,0.0,0.0,0.0,0.0,0.0,0.0,0.0,0.0,0.5,0.0,0.0,1.0,3.7327234438011327e-16,6.096,0.0
0.9,-1.454520344685589e-15,0.0012293881242476659,8.775928802490066,0.0,0.0,0.0,0.7071067809564165,-2.3203368316663438e-05,-0.7071067809564164,-2.3203368316663438e-05,6387277.050632249,0.0006700423587191902,3.8881881120129006e-17,6.128362308053767e-24,1.0490266093168225e-10,9140.050632248633,0.0,-6.562914123279112e-05,1.9281544843507438e-16,-6.77628380200146e-21,-7.292143411401495e-05,-3.574897542197979e-23,-1.0210617506985638e-20,-7.292143411401495e-05,-3.507886128703216e-23,-1.0210619831170688e-20,303.24707395004737,0.4592601404239741,30166.476243054578,228.82497155214537,0.03523327435483991,1.5707963267948968,-0.6070378969206013,10.684387353784444,26.21368086478549,9.75211992410604,-2.2368342785931046e-16,0.0018053447927830137,8.775928706644132,6.315831998954028e-18,0.027276928922679973,-0.0392745665277709,0.0,0.0,0.0,4.413045867105379e-20,0.00019059141926114462,0.0002744222194739164,0.0,0.0,0.0,0.0,0.0,0.0,0.0,0.0,0.5,0.0,0.0,1.0,3.7327234438011327e-16,6.096,0.0
1.0,-1.558138263611776e-15,0.001422623237917447,9.750844896186301,0.0,0.0,0.0,0.7071067808475527,-2.5781520348700427e-05,-0.7071067808475526,-2.5781520348700427e-05,6387276.124136863,0.0008671420087228471,2.270892453684151e-17,3.579264517149245e-24,1.3576084577758252e-10,9139.124136863276,0.0,-7.292128723495289e-05,7.891401812049037e-17,-6.776274331967241e-21,-7.292148552021808e-05,1.949621019198517e-24,-1.1768653052205038e-20,-7.292148552021808e-05,2.8079120502926283e-24,-1.1768652876365396e-20,303.2510521020259,0.459311504257087,30170.644591872286,228.8309765197743,0.037917360814287246,1.5707963267948968,-0.5586521925171655,11.498479596467725,30.36444712026076,9.75212277262998,-5.231540175965272e-16,0.0021336901446536694,9.750844770127838,7.553167410999667e-18,0.029357635497283045,-0.046968851614138184,0.0,0.0,0.0,5.2776062175477975e-20,0.00020512988949156202,0.0003281843097358915,0.0,0.0,0.0,0.0,0.0,0.0,0.0,0.0,0.5,0.0,0.0,1.0,3.7327234438011327e-16,6.096,0.0
1.1,-1.6396703072961089e-15,0.0016303405867514396,10.725706075286688,0.0,0.0,0.0,0.7071067807131401,-2.8359672379471603e-05,-0.70710678071314,-2.83596723794716e-05,6387275.100308602,0.0010984068019824073,1.836104547765765e-18,2.8939745107925083e-25,1.7196798084721058e-10,9138.100308601744,0.0,-8.021343858568898e-05,1.230018880361024e-16,-6.776284724267384e-21,-7.292154141561735e-05,-2.8533180547625264e-23,-9.905179717879173e-21,-7.292154141561735e-05,-2.773780556266822e-23,-9.905181954889406e-21,303.25544817834594,0.45936826411233606,30175.25084614073,228.83761233865192,0.040677971317479314,1.5707963267948968,-0.5167387251005463,12.335816463947156,34.952107540588734,9.752125920406742,1.8137425761392774e-17,0.002490709094440689,10.725705912889195,8.914409469721774e-18,0.03149832193913631,-0.055433641653603316,0.0,0.0,0.0,6.228743556598058e-20,0.00022008745558349353,0.0003873301304381566,0.0,0.0,0.0,0.0,0.0,0.0,0.0,0.0,0.5,0.0,0.0,1.0,3.7327234438011327e-16,6.096,0.0
1.2000000000000002,-1.7025022653515304e-15,0.001853044769449691,11.700507226392263,0.0,0.0,0.0,0.7071067805559251,-3.093782440909182e-05,-0.707106780555925,-3.093782440909182e-05,6387273.979153247,0.0013666612290626683,-2.0808259851410013e-17,-3.279692582508634e-24,2.1396627630553667e-10,9136.979153246619,0.0,-8.750559572778959e-05,2.1406917185174238e-16,-6.7763093807335e-21,-7.292160187896377e-05,5.263587958352466e-23,-1.2716349856991905e-20,-7.292160187896377e-05,5.374863115030112e-23,-1.2716345202371908e-20,303.2602621541787,0.4594304196691414,30180.294979843795,228.84487897129895,0.04350048263407547,1.5707963267948968,-0.4802026336308324,13.191967767443025,39.97688165599281,9.752129367418986,3.3934013580887577e-16,0.002876904616587009,11.700507020972159,1.0400713078719689e-17,0.03368774794829644,-0.06467611833469966,0.0,0.0,0.0,7.267264847227435e-20,0.00023538557846367346,0.0004519098620175984,0.0,0.0,0.0,0.0,0.0,0.0,0.0,0.0,0.5,0.0,0.0,1.0,3.7327234438011327e-16,6.096,0.0
1.3,-1.75239337240966e-15,0.0020912040833410334,12.675242800630125,0.0,0.0,0.0,0.7071067803804744,-3.3515976437777605e-05,-0.7071067803804743,-3.3515976437777605e-05,6387272.76020922,0.0016749965527629216,-4.119503367103739e-17,-6.492953919546685e-24,2.622397094746884e-10,9135.76020922015,0.0,-9.479775914574917e-05,1.5796676959167923e-16,-1.355256854721549e-20,-7.292166699397915e-05,3.5513422942110726e-23,-1.14220008717427e-20,-7.292166699397915e-05,3.659576973311797e-23,-1.1421997465050177e-20,303.2654960114296,0.4594979965168398,30185.77906964272,228.85277940937578,0.046373720848148746,1.5707963267948968,-0.4481714644143526,14.063549505425359,45.441113939125046,9.752133115086318,4.676915189913143e-16,0.0032928114307180507,12.675242545004116,1.2013530596508257e-17,0.035917347435989476,-0.07470531304887693,0.0,0.0,0.0,8.394184892353828e-20,0.0002509644045092262,0.0005219866092951146,0.0,0.0,0.0,0.0,0.0,0.0,0.0,0.0,0.5,0.0,0.0,1.0,3.7327234438011327e-16,6.096,0.0
1.4000000000000001,-1.7976486285005456e-15,0.002345026239995485,13.649907778530528,0.0,0.0,0.0,0.7071067801934254,-3.6094128465860166e-05,-0.7071067801934253,-3.6094128465860166e-05,6387271.443951228,0.0020261824652578844,-5.4239231385112346e-17,-8.548916498729245e-24,3.1722191287661865e-10,9134.443951227391,0.0,-0.00010208992927354352,1.4883761338283148e-16,-6.776310933028558e-21,-7.292173678220402e-05,7.306583954801535e-23,-1.2104323128318114e-20,-7.292173678220402e-05,7.430108904768597e-23,-1.2104315619735584e-20,303.2711477118276,0.45957096833833216,30191.70097981587,228.8613105761391,0.0492885003262077,1.5707963267948968,-0.4198987149934887,14.947780117842836,51.342964553836424,9.75213716194976,2.1247883233499546e-16,0.0037385670872257717,13.649907465208953,1.3752892119772951e-17,0.03818008442995256,-0.08552141295030202,0.0,0.0,0.0,9.609524721360772e-20,0.000266774771443003,0.0005975616799684444,0.0,0.0,0.0,0.0,0.0,0.0,0.0,0.0,0.5,0.0,0.0,1.0,3.7327234438011327e-16,6.096,0.0
1.5,-1.848881666531612e-15,0.0026146795343634623,14.624496753851815,0.0,0.0,0.0,0.7071067800031842,-3.8672280493769845e-05,-0.707106780003184,-3.867228049376983e-05,6387270.030386552,0.002423228421947666,-5.379705202904207e-17,-8.479224287501425e-24,3.7938405773037504e-10,9133.030386552215,0.0,-0.0001093821065824259,1.8665773146543062e-16,1.355245634592224e-20,-7.292181126966344e-05,4.809910570843259e-23,-1.0715242770523298e-20,-7.292181126966344e-05,4.927116124513781e-23,-1.0715237445240832e-20,303.2772172240974,0.4596493347298089,30198.06067759274,228.87047242437933,0.052237783743731926,1.5707963267948968,-0.3947982746336262,15.842529687753212,57.682715796311946,9.752141507987464,2.922785332539096e-16,0.004214337776676027,14.624496375159831,1.5619286544263826e-17,0.040470589858259895,-0.09712745820354295,0.0,0.0,0.0,1.0913625939181645e-19,0.0002827791640798688,0.0006786563165052225,0.0,0.0,0.0,0.0,0.0,0.0,0.0,0.0,0.5,0.0,0.0,1.0,3.7327234438011327e-16,6.096,0.0
1.6,-1.91926658038327e-15,0.002900296837885146,15.599003805307344,0.0,0.0,0.0,0.7071067798201244,-4.125043252204635e-05,-0.7071067798201243,-4.125043252204634e-05,6387268.519055236,0.002869455046360214,-3.252010614435126e-17,-5.125658914438613e-24,4.4924603344444337e-10,9131.519055236131,0.0,-0.00011667429159201007,1.5124780514800117e-16,4.5174411903999545e-21,-7.292189048748394e-05,5.575866885041138e-23,-1.0617220172630981e-20,-7.292189048748394e-05,5.699645310811723e-23,-1.0617213627506027e-20,303.2837065231919,0.4597331211908368,30204.860232349445,228.8802679352617,0.05521606780831203,1.5707963267948968,-0.37240303842461464,16.746133768739877,64.46277854457556,9.752146154614197,3.3786904862786563e-16,0.004720322269453431,15.599003353532106,1.7613718263810554e-17,0.042784688169649386,-0.10952969456249088,0.0,0.0,0.0,1.230719034346396e-19,0.00029894840669247185,0.0007653141597090686,0.0,0.0,0.0,0.0,0.0,0.0,0.0,0.0,0.5,0.0,0.0,1.0,3.7327234438011327e-16,6.096,0.0
1.7000000000000002,-2.0242161219006892e-15,0.0032017455665963412,16.57342369744422,0.0,0.0,0.0,0.7071067796564476,-4.38285845513316e-05,-0.7071067796564475,-4.382858455133158e-05,6387266.910433388,0.0033677743122495834,1.7818074245140335e-17,2.8083978018965276e-24,5.272637514463835e-10,9129.910433388004,0.0,-0.0001239664847574632,1.6268335867884899e-16,1.3552441228349037e-20,-7.292197440385612e-05,8.165150982044017e-23,-1.1143433583266565e-20,-7.292197440385612e-05,8.303269005616183e-23,-1.1143423383782441e-20,303.29061356481236,0.459822301326491,30212.097502048528,228.89069402294433,0.05821867053849353,1.5707963267948968,-0.3523068688533062,17.657176377080482,71.68137046067206,9.75215110036678,1.873008475917539e-16,0.005256317347444589,16.573423165124012,1.973589724692878e-17,0.045118829101275314,-0.12272631848632504,0.0,0.0,0.0,1.379001528121702e-19,0.0003152576926159404,0.0008575226077432549,0.0,0.0,0.0,0.0,0.0,0.0,0.0,0.0,0.5,0.0,0.0,1.0,3.7327234438011327e-16,6.096,0.0
1.8,-2.1737965335823094e-15,0.0035189454867764806,17.547750813849426,0.0,0.0,0.0,0.7071067795322041,-4.6406736583686856e-05,-0.707106779532204,-4.6406736583686856e-05,6387265.204529856,0.003921316604889438,9.994182989592646e-17,1.5752347089797732e-23,6.139273193335444e-10,9128.204529856332,0.0,-0.000131258686570211,1.6524638427119555e-16,-1.3552628610370704e-20,-7.292206300581788e-05,-2.987738800673811e-23,-8.248255685598546e-21,-7.292206300581788e-05,-2.879473254468358e-23,-8.248259536211292e-21,303.2979383109654,0.45991687464622094,30219.772446880164,228.90175063007672,0.061241916988363024,1.5707963267948968,-0.3341873537080097,18.57454716078179,79.33883481528015,9.752156345218676,7.7107669346773995e-16,0.005822240171770191,17.54775019426544,2.1986096619692885e-17,0.047470247063416744,-0.13671902839073796,0.0,0.0,0.0,1.53622915931557e-19,0.0003316876979127629,0.0009552935279062681,0.0,0.0,0.0,0.0,0.0,0.0,0.0,0.0,0.5,0.0,0.0,1.0,3.7327234438011327e-16,6.096,0.0
1.9000000000000001,-2.3365743801528765e-15,0.003852327139695312,18.521979472555167,0.0,0.0,0.0,0.7071067794746208,-4.8984888624888304e-05,-0.7071067794746206,-4.8984888624888304e-05,6387263.400886717,0.004533187670834189,1.8463491036952607e-16,2.9101268448966805e-23,7.097229888471834e-10,9126.400886716941,0.0,-0.0001385508975260875,1.4920797503696043e-16,-1.3552632891454868e-20,-7.292215637102612e-05,1.1408467726694547e-22,-1.2065557061073458e-20,-7.292215637102612e-05,1.157564341138061e-22,-1.2065541136173559e-20,303.305682727869,0.46001686653681345,30227.88712706797,228.91344072463892,0.06428286616783603,1.5707963267948968,-0.3177842500462836,19.497358688420714,87.43765109502849,9.752161890578536,3.8208567433132994e-16,0.00641858670659768,18.5219787602271,2.4365174679179806e-17,0.04983674794034916,-0.15151316153702074,0.0,0.0,0.0,1.7024618995100304e-19,0.0003482230916917257,0.001058664213113573,0.0,0.0,0.0,0.0,0.0,0.0,0.0,0.0,0.5,0.0,0.0,1.0,3.7327234438011327e-16,6.096,0.0
2.0,-2.50354772818892e-15,0.004201945466669812,19.496104749266376,0.0,0.0,0.0,0.7071067794546668,-5.156304067167807e-05,-0.7071067794546667,-5.156304067167807e-05,6387261.499981729,0.005206114705512567,2.6787259462508945e-16,4.2220805401145666e-23,8.150777459500692e-10,9124.499981729003,0.0,-0.00014584311804660436,1.9789782066039175e-16,-9.035179398504134e-21,-7.292225449696818e-05,1.8656412143349422e-22,-1.382356048961282e-20,-7.292225449696818e-05,1.8858020841467103e-22,-1.3823533132503612e-20,303.3138447641385,0.4601222505118524,30236.439393149692,228.9257612100928,0.06733893279743584,1.5707963267948968,-0.3028655939124274,20.42483069106381,95.97609547989265,9.75216773497821,1.2140128839970086e-15,0.007045340851380803,19.49610393725623,2.6872732813972166e-17,0.05221640091645269,-0.16710623918751327,0.0,0.0,0.0,1.877671896626872e-19,0.00036485038281200546,0.0011676173437420562,0.0,0.0,0.0,0.0,0.0,0.0,0.0,0.0,0.5,0.0,0.0,1.0,3.7327234438011327e-16,6.096,0.0
2.1,-2.671766524669587e-15,0.004567870572164028,20.47012121234071,0.0,0.0,0.0,0.7071067794416146,-5.414119272016028e-05,-0.7071067794416145,-5.414119272016028e-05,6387259.5018254565,0.005943138161626619,3.5068776852864725e-16,5.527375695500209e-23,9.304676222921725e-10,9122.501825456508,0.0,-0.00015313534860207352,2.0062919609010698e-16,-1.3552713822423407e-20,-7.292235739415109e-05,1.7543967393888347e-22,-1.3507501292565279e-20,-7.292235739415109e-05,1.7750814779291067e-22,-1.3507474268171366e-20,303.3224243744144,0.4602330259856824,30245.4291975974,228.938712017969,0.070408043319938,1.5707963267948968,-0.28924461291639975,21.356338395262387,104.95457440272139,9.75217387838602,1.1755716715518771e-15,0.007702569661272789,20.470120291799933,2.9508972006303806e-17,0.054607677704525986,-0.18349951113640187,0.0,0.0,0.0,2.0618731938486323e-19,0.0003815588927097664,0.0012821616524481118,0.0,0.0,0.0,0.0,0.0,0.0,0.0,0.0,0.5,0.0,0.0,1.0,3.7327234438011327e-16,6.096,0.0
2.2,-2.8387766768634292e-15,0.004950248135887108,21.444022847502225,0.0,0.0,0.0,0.7071067794094463,-5.671934476702694e-05,-0.7071067794094462,-5.671934476702694e-05,6387257.405961566,0.0067476396285529915,4.3407384066936373e-16,6.841670013526499e-23,1.056422060454118e-09,9120.405961565673,0.0,-0.00016042758971805882,1.3013129354855445e-16,-1.3552664727306276e-20,-7.292246509554962e-05,9.660926497790954e-23,-1.1769595566501921e-20,-7.292246509554962e-05,9.849774349783147e-23,-1.1769579901609672e-20,303.3314235180861,0.4603492182569206,30254.858593479472,228.9522961059398,0.07348850351708182,1.5707963267948968,-0.2767685019795022,22.291372475052974,114.37563437818662,9.752180322205854,-4.704115421795892e-16,0.008390483693272143,21.444021807569204,3.2274703029607564e-17,0.057009351474867,-0.20069801912246807,0.0,0.0,0.0,2.2551224421493647e-19,0.00039834004918779507,0.0014023323672499902,0.0,0.0,0.0,0.0,0.0,0.0,0.0,0.0,0.5,0.0,0.0,1.0,3.7327234438011327e-16,6.096,0.0
2.3000000000000003,-3.002651536386453e-15,0.005349062925334384,22.41780473122794,0.0,0.0,0.0,0.7071067793372754,-5.9297496809599765e-05,-0.7071067793372753,-5.929749680959977e-05,6387255.212869272,0.007622359176175724,5.189717222389057e-16,8.179793768924148e-23,1.193370066353141e-09,9118.212869271636,0.0,-0.0001677198418213598,1.994037657037144e-16,-2.258778332075532e-20,-7.292257758759725e-05,-2.4086835091866227e-23,-9.285015773871911e-21,-7.292257758759725e-05,-2.2530075744496107e-23,-9.285019708525577e-21,303.34084013751726,0.46047080075843405,30264.725424783188,228.96651036803024,0.07657878126488778,1.5707963267948968,-0.26529753448027876,23.22947194083546,124.23760724273247,9.752187064965202,8.239020377773632e-16,0.009108996234422689,22.41780355915856,3.516949065298952e-17,0.05942030521792793,-0.21869905669235762,0.0,0.0,0.0,2.457389230747117e-19,0.00041518604739255945,0.001528110577412271,0.0,0.0,0.0,0.0,0.0,0.0,0.0,0.0,0.5,0.0,0.0,1.0,3.7327234438011327e-16,6.096,0.0
2.4000000000000004,-3.161980602891146e-15,0.005764374682107098,23.391461407765867,0.0,0.0,0.0,0.7071067792091417,-6.187564884581594e-05,-0.7071067792091416,-6.187564884581594e-05,6387252.922560788,0.008570349800642129,6.062739332360335e-16,9.555814542714508e-23,1.3417896401707057e-09,9115.92256078776,0.0,-0.00017501210538913234,1.3121229685809503e-16,-1.35527031872656e-20,-7.29226948791056e-05,2.1619603954815516e-22,-1.4143470160090883e-20,-7.29226948791056e-05,2.186713147147852e-22,-1.414343210656517e-20,303.3506741802665,0.4605977728131279,30275.029636560008,228.98135472508093,0.07967762472900648,1.5707963267948968,-0.2547177428564319,24.170261178626387,134.54096074654205,9.752194106627432,2.6121116340146656e-16,0.009858163502381018,23.39146008898488,3.819351442268628e-17,0.06183964602662131,-0.23750374034198377,0.0,0.0,0.0,2.668686105032228e-19,0.00043209064833617516,0.0016595040841995798,0.0,0.0,0.0,0.0,0.0,0.0,0.0,0.0,0.5,0.0,0.0,1.0,3.7327234438011327e-16,6.096,0.0
2.5,-3.3158360573336917e-15,0.006196319539392525,24.364986759687216,0.0,0.0,0.0,0.7071067790136326,-6.445380087417918e-05,-0.7071067790136325,-6.445380087417918e-05,6387250.534581608,0.009595049862350073,6.968457791563861e-16,1.0983371002513384e-22,1.5022191178665228e-09,9113.53458160845,0.0,-0.00018230438095995344,1.3877730355774104e-16,-1.3552735671994073e-20,-7.292281700147363e-05,1.1641947198187472e-22,-1.2163633124127548e-20,-7.292281700147363e-05,1.186359373145009e-22,-1.2163611751786341e-20,303.3609275978733,0.4607301596182669,30285.77327365321,228.9968321229148,0.08278399272788373,1.5707963267948968,-0.24493477968185678,25.113428928382163,145.28830958788794,9.75220144859095,5.17371027690999e-16,0.01063818597902729,24.364985277864797,4.1347575086002906e-17,0.06426665300738235,-0.2571170494633424,0.0,0.0,0.0,2.8890690154255735e-19,0.00044904881493664395,0.0017965476799959947,0.0,0.0,0.0,0.0,0.0,0.0,0.0,0.0,0.5,0.0,0.0,1.0,3.7327234438011327e-16,6.096,0.0
2.6,-3.4638583381064914e-15,0.006644870989529833,25.33837591817935,0.0,0.0,0.0,0.7071067787449288,-6.703195289388262e-05,-0.7071067787449287,-6.703195289388262e-05,6387248.04941243,0.010699167863195937,7.914742428666601e-16,1.247486734278811e-22,1.675082567934772e-09,9111.049412429953,0.0,-0.00018959666895906638,1.9443636518586948e-16,-4.517834567596332e-21,-7.292294393930379e-05,4.345176808552856e-23,-1.0776954019067577e-20,-7.292294393930379e-05,4.5494765501296563e-23,-1.0776945602369246e-20,303.3715983263417,0.4608679345246067,30296.95417338646,229.01293944595741,0.08589692115688077,1.5707963267948968,-0.23586027509416732,26.058686371068813,156.47804006200457,9.752209089378807,5.171687492685015e-16,0.011448965248853882,25.33837425561903,4.463122882329643e-17,0.06670064710303852,-0.2775362241945348,0.0,0.0,0.0,3.1185069510256363e-19,0.0004660558024343692,0.0019392220808858766,0.0,0.0,0.0,0.0,0.0,0.0,0.0,0.0,0.5,0.0,0.0,1.0,3.7327234438011327e-16,6.096,0.0
2.7,-3.606176497535372e-15,0.0071100784112574575,26.31162340338065,0.0,0.0,0.0,0.7071067784018376,-6.961010490469651e-05,-0.7071067784018374,-6.961010490469651e-05,6387245.467067109,0.011885769342772301,8.909114784983455e-16,1.4042158832665483e-22,1.860859959751946e-09,9108.46706710942,0.0,-0.00019688896986818724,7.631039743086213e-17,-2.710519626564932e-20,-7.292307569971204e-05,2.279574067932774e-22,-1.4034180175763443e-20,-7.292307569971204e-05,2.3072057763476066e-22,-1.4034135021445368e-20,303.38268630617245,0.4610110967639231,30308.572273415764,229.0296766043953,0.08901560933446541,1.5707963267948968,-0.2274213756794943,27.005794683070917,168.1106806667903,9.752217028949431,-1.2322542286687999e-15,0.012290546689731032,26.311621541246012,4.804465421562671e-17,0.06914108402344502,-0.29876237502958863,0.0,0.0,0.0,3.357012389783197e-19,0.0004831078077241154,0.0020875350461970234,0.0,0.0,0.0,0.0,0.0,0.0,0.0,0.0,0.5,0.0,0.0,1.0,3.7327234438011327e-16,6.096,0.0
2.8000000000000003,-3.743411263885004e-15,0.0075920682413151246,27.284722994360667,0.0,0.0,0.0,0.7071067779877653,-7.218825690696282e-05,-0.7071067779877652,-7.218825690696282e-05,6387242.787092998,0.013158349613971708,9.958926576973754e-16,1.5696833104522505e-22,2.060098551814014e-09,9105.787092997381,0.0,-0.00020418128423667784,1.8245520322054053e-16,-2.2587921404522894e-20,-7.292321231249645e-05,1.0503614882739053e-22,-1.1810048720063627e-20,-7.292321231249645e-05,1.074475547288479e-22,-1.1810027026370058e-20,303.39419348093514,0.46115967143057934,30320.629610233602,229.04704653202108,0.09213938052144646,1.5707963267948968,-0.2195571927513302,27.954553158419003,180.18891457217373,9.752225268695664,8.708890995574105e-16,0.013163120549338454,27.28472091294367,5.1588657437387073e-17,0.07158752548166841,-0.32080051510847507,0.0,0.0,0.0,3.604641661324743e-19,0.0005002017683742974,0.0022415216041199153,0.0,0.0,0.0,0.0,0.0,0.0,0.0,0.0,0.5,0.0,0.0,1.0,3.7327234438011327e-16,6.096,0.0
2.9000000000000004,-3.876747888703327e-15,0.00809080284681151,28.257669877365917,0.0,0.0,0.0,0.707106777511746,-7.476640890171954e-05,-0.7071067775117459,-7.476640890171954e-05,6387240.009972244,0.01451958542922941,1.1070528657616564e-15,1.7448900284299555e-22,2.2732174473712884e-09,9103.009972243259,0.0,-0.00021147361248586495,7.787265941666538e-17,-2.2587721952703443e-20,-7.292335376045265e-05,-7.201349817900478e-23,-8.843743640650642e-21,-7.292335376045265e-05,-7.014409501013764e-23,-8.84375872172776e-21,303.4061177803944,0.4613136317947688,30333.12401462573,229.0650461038418,0.0952675962515759,1.5707963267948968,-0.21220941657675157,28.904771650409817,192.71118104424158,9.75223380713619,-3.271516243828829e-16,0.014066576864230055,28.257667556711905,5.5262797842119784e-17,0.07403954282341207,-0.34364790430152886,0.0,0.0,0.0,3.861363976467955e-19,0.0005173346892592175,0.002401162608613468,0.0,0.0,0.0,0.0,0.0,0.0,0.0,0.0,0.5,0.0,0.0,1.0,3.7327234438011327e-16,6.096,0.0
3.0,-4.007854976989509e-15,0.00860632124362224,29.23045854842514,0.0,0.0,0.0,0.7071067769873546,-7.734456089056999e-05,-0.7071067769873545,-7.734456089056999e-05,6387237.135720352,0.015972554871583253,1.225003890955408e-15,1.9308003332580645e-22,2.500698585661932e-09,9100.135720351711,0.0,-0.00021876595509974102,2.0651979415820758e-16,-2.710557075304696e-20,-7.292350004900037e-05,2.0276363386959187e-22,-1.3238277405791952e-20,-7.292350004900037e-05,2.0565971339505884e-22,-1.3238232731229949e-20,303.4184591379768,0.46147297699693124,30346.055416835927,229.0836752193658,0.09839971823191888,1.5707963267948968,-0.20532956382247758,29.856290885539913,205.67806870386602,9.752242644224504,1.3138026297330484e-15,0.015000950170331432,29.23045596874188,5.906726198947605e-17,0.0764967943120564,-0.36730570271709917,0.0,0.0,0.0,4.1271923706497765e-19,0.0005345041825709398,0.002566466165674414,0.0,0.0,0.0,0.0,0.0,0.0,0.0,0.0,0.5,0.0,0.0,1.0,3.7327234438011327e-16,6.096,0.0
3.1,-4.138924077937561e-15,0.009138740022113824,30.203082682757426,0.0,0.0,0.0,0.7071067764330299,-7.992271287572091e-05,-0.7071067764330298,-7.992271287572091e-05,6387234.163886551,0.017520810387893933,1.3503487403186763e-15,2.1283646841550725e-22,2.7430981768880774e-09,9097.163886550814,0.0,-0.0002260583126361914,1.5194033633542005e-16,-4.517925721501611e-21,-7.292365120631198e-05,1.4157813628450993e-22,-1.2171074732007982e-20,-7.292365120631198e-05,1.4432898290197942e-22,-1.2171042450526244e-20,303.4312110699519,0.4616384603667429,30359.50309905441,229.1029370889767,0.10153528724302123,1.5707963267948968,-0.19887681180335068,30.80897530467011,219.0926751578339,9.752251781347807,1.3321375290405488e-15,0.015966420322141222,30.203079824896513,6.300296794346401e-17,0.07895913298627792,-0.3917796192730245,0.0,0.0,0.0,4.402190991532425e-19,0.0005517092214501985,0.002737472165084935,0.0,0.0,0.0,0.0,0.0,0.0,0.0,0.0,0.5,0.0,0.0,1.0,3.7327234438011327e-16,6.096,0.0
3.2,-4.272662982630109e-15,0.009688010574090118,31.175537522017247,0.0,0.0,0.0,0.7071067758724457,-8.250086486002864e-05,-0.7071067758724456,-8.250086486002864e-05,6387231.09495442,0.019166996799662106,1.48357263233676e-15,2.338347887569176e-22,3.000830331228757e-09,9094.094954420192,0.0,-0.00023335068551029914,1.8188534933623198e-16,-1.3553072877415927e-20,-7.292380721340035e-05,-6.594521211587046e-23,-9.029785940253918e-21,-7.292380721340035e-05,-6.383867247333579e-23,-9.029801121301876e-21,303.4443792280401,0.46180938654563464,30373.39397333821,229.12282831335628,0.10467385906386302,1.5707963267948968,-0.19281125937373314,31.762694319358776,232.95321892342818,9.752261217020495,4.4089992593987204e-16,0.01696286596305247,31.175534368298297,6.706940548336108e-17,0.08142617442951373,-0.4170664811968632,0.0,0.0,0.0,4.686324188587966e-19,0.0005689471198725324,0.0029141584378096397,0.0,0.0,0.0,0.0,0.0,0.0,0.0,0.0,0.5,0.0,0.0,1.0,3.7327234438011327e-16,6.096,0.0
3.3000000000000003,-4.412279848739661e-15,0.01025416155256395,32.14781753812372,0.0,0.0,0.0,0.7071067753339447,-8.507901684692962e-05,-0.7071067753339446,-8.507901684692959e-05,6387227.928941112,0.0209142047333709,1.6251469894066091e-15,2.561493008579924e-22,3.274378958453437e-09,9090.928941112012,0.0,-0.0002406430742060493,1.8476088279490792e-16,1.3551922207904959e-20,-7.29239680739886e-05,1.3427062944353487e-22,-1.1911324796819656e-20,-7.29239680739886e-05,1.371370033450985e-22,-1.191129214063594e-20,303.457963941542,0.4619857197241001,30387.724265105157,229.14334876751477,0.10781505552729528,1.5707963267948968,-0.1870995078656752,32.71733723255732,247.2603369648957,9.752270951191116,3.554510922356157e-16,0.017990310785021092,32.14781407294136,7.126677015709731e-17,0.08389769505631178,-0.4431675044899575,0.0,0.0,0.0,4.979605625289155e-19,0.0005862163155847728,0.0030965334803850072,0.0,0.0,0.0,0.0,0.0,0.0,0.0,0.0,0.5,0.0,0.0,1.0,3.7327234438011327e-16,6.096,0.0
3.4000000000000004,-4.561559320010418e-15,0.010837299551602914,33.11991630209664,0.0,0.0,0.0,0.707106774851212,-8.76571688405218e-05,-0.7071067748512119,-8.765716884052177e-05,6387224.665397756,0.022766043951322583,1.7755406232061979e-15,2.7985390014276787e-22,3.564309249652962e-09,9087.665397756113,0.0,-0.0002479354792875562,1.6919883007201312e-16,9.034414893713896e-21,-7.292413381459835e-05,2.3804029636563084e-22,-1.3379650843986633e-20,-7.292413381459835e-05,2.4135730477528524e-22,-1.3379591433314003e-20,303.47196713646747,0.46216748490225606,30402.4960060714,229.16450136079533,0.11095854701625282,1.5707963267948968,-0.18171327745881488,33.67280867671094,262.01685491721577,9.752280985241168,8.652425269666125e-16,0.019048924090489045,33.11991251264524,7.559589797054939e-17,0.08637352684590895,-0.470087887797304,0.0,0.0,0.0,5.282093715670431e-19,0.0006035156345795455,0.003284633617176253,0.0,0.0,0.0,0.0,0.0,0.0,0.0,0.0,0.5,0.0,0.0,1.0,3.7327234438011327e-16,6.096,0.0
3.5,-4.7247094534388414e-15,0.011437365137631734,34.09182911134725,0.0,0.0,0.0,0.7071067744623469,-9.023532084545337e-05,-0.7071067744623468,-9.023532084545335e-05,6387221.3048093375,0.024725127162609783,1.9350909161643996e-15,3.0500176666617426e-22,3.8710302941009095e-09,9084.304809337793,0.0,-0.0002552279011613651,1.8037751960174595e-16,1.8069337820122025e-20,-7.292430441448382e-05,1.973217673527143e-22,-1.2758214764276841e-20,-7.292430441448382e-05,2.005776917942485e-22,-1.2758164009996173e-20,303.486386731844,0.4623546550685297,30417.707001053233,229.1862829497752,0.1141040158582298,1.5707963267948968,-0.17662439781791214,34.62901563160274,277.2213177482592,9.752291317680823,4.801795798476975e-16,0.020138573284630052,34.09182498858847,8.005636883860376e-17,0.08885348660460557,-0.4978250188485412,0.0,0.0,0.0,5.593759107227255e-19,0.000620843796831987,0.0034784405955304814,0.0,0.0,0.0,0.0,0.0,0.0,0.0,0.0,0.5,0.0,0.0,1.0,3.7327234438011327e-16,6.096,0.0
3.6,-4.906477959370781e-15,0.012054376600800441,35.06355041368505,0.0,0.0,0.0,0.7071067742104602,-9.281347286699387e-05,-0.7071067742104601,-9.281347286699385e-05,6387217.847194656,0.026794557537160903,2.1041289248108966e-15,3.316450837798765e-22,4.195027972770555e-09,9080.847194655798,0.0,-0.00026252034030917003,1.6163289075646492e-16,2.7104376326864224e-20,-7.292447987567107e-05,2.93513317781034e-22,-1.4073931303759948e-20,-7.292447987567107e-05,2.972080008599289e-22,-1.4073853765578704e-20,303.5012226470101,0.4625472291759125,30433.357164962097,229.2086934126106,0.11725118603527585,1.5707963267948968,-0.17180916886632125,35.585878318518255,292.87443707600465,9.752301948453695,1.1046299415146382e-15,0.021259271213539613,35.063545953177346,8.464839705989198e-17,0.09133743500512934,-0.526380230244958,0.0,0.0,0.0,5.914616773595572e-19,0.0006381998288240506,0.003677963726700131,0.0,0.0,0.0,0.0,0.0,0.0,0.0,0.0,0.5,0.0,0.0,1.0,3.7327234438011327e-16,6.096,0.0
3.7,-5.09486481299175e-15,0.012688446359335356,36.03507362422753,0.0,0.0,0.0,0.7071067773820958,-9.539162576119695e-05,-0.7071067773820957,-9.539162576119696e-05,6387214.2921070345,0.0289779876262315,2.2661181941942896e-15,3.571774384729279e-22,4.536874184117058e-09,9077.292107034786,0.0,-0.00026981279846545654,1.0677719209326485e-16,-3.614055776339507e-20,-7.292466022551085e-05,9.455865932161524e-23,-1.156377962263838e-20,-7.292466022551085e-05,9.767895160734778e-23,-1.1563753669979599e-20,303.51647679855796,0.4627452321022796,30449.44851957976,229.23173564441925,0.12039981267130564,1.5707963267948968,-0.1672474416156946,36.54332710510629,308.979107209338,9.75231287893467,-9.401662026094339e-16,0.022411192672682857,36.03506915714991,8.937283624664757e-17,0.09382526994142465,-0.5557588301154689,0.0,0.0,0.0,6.244726359014488e-19,0.0006555830171125874,0.0038832401000447234,0.0,0.0,0.0,0.0,0.0,0.0,0.0,0.0,0.5,0.0,0.0,1.0,3.7327234438011327e-16,6.096,0.0
3.8000000000000003,-5.27319628404786e-15,0.01333952847878766,37.006394057339364,0.0,0.0,0.0,0.7071067866192342,-9.796978022390508e-05,-0.7071067866192341,-9.796978022390509e-05,6387210.640033053,0.031277974710623,2.4051506621381206e-15,3.7909145662806983e-22,4.896969346673809e-09,9073.640033053545,0.0,-0.0002771052768576203,1.341705286308662e-16,-4.5175744186215513e-20,-7.29248454453111e-05,2.2628981463293213e-22,-1.3248530109582497e-20,-7.29248454453111e-05,2.2996144047437474e-22,-1.3248466862709955e-20,303.5321470986779,0.46294863674730724,30465.978862509914,229.25540649144997,0.12354965937146523,1.5707963267948968,-0.16291878587216937,37.50129354232281,325.5339209955045,9.752324107629127,2.904739116037458e-17,0.023594218386129222,37.006390219176495,9.422927807049044e-17,0.09631686916323554,-0.5859582792981505,0.0,0.0,0.0,6.584059332454833e-19,0.00067299250750137,0.004094251973740165,0.0,0.0,0.0,0.0,0.0,0.0,0.0,0.0,0.5,0.0,0.0,1.0,3.7327234438011327e-16,6.096,0.0
3.9000000000000004,-5.4422965848237195e-15,0.01400764372103593,37.97750615848955,0.0,0.0,0.0,0.7071068005733304,-0.00010054793590759948,-0.7071068005733303,-0.00010054793590759949,6387206.890993054,0.03369762158192864,2.52494779187301e-15,3.979736974131673e-22,5.27579929021048e-09,9069.890993054025,0.0,-0.00028439777534359817,6.745600250838268e-17,-5.421046043779946e-20,-7.292503553740777e-05,1.739312571533636e-22,-1.2613034870148791e-20,-7.292503553740777e-05,1.7751836912844738e-22,-1.2612984894402524e-20,303.5482334600868,0.46315744197803754,30482.948101679016,229.279705821857,0.12670051746476957,1.5707963267948968,-0.1588059461189688,38.45971825490968,342.5396485344467,9.75233563447605,4.286228351076801e-16,0.024808363135490653,37.97750348925548,9.921795216767379e-17,0.09881214476847916,-0.6169800057702356,0.0,0.0,0.0,6.932631739234442e-19,0.0006904276857943216,0.0043110093254569,0.0,0.0,0.0,0.0,0.0,0.0,0.0,0.0,0.5,0.0,0.0,1.0,3.7327234438011327e-16,6.096,0.0
4.0,-5.602933007942064e-15,0.014692894978776601,38.948403304730036,0.0,0.0,0.0,0.7071068179964313,-0.00010312609249063321,-0.7071068179964312,-0.00010312609249063322,6387203.044541974,0.03624063696225948,2.628961200105298e-15,4.143681888846596e-22,5.673944716430987e-09,9066.04454197331,0.0,-0.0002916902939613961,9.279652491486567e-17,-5.421062798151791e-20,-7.292523052756484e-05,1.4281075071467102e-23,-1.0681085158204593e-20,-7.292523052756484e-05,1.7396809876289263e-23,-1.0681080524563447e-20,303.56473779245823,0.46337167258254003,30500.358251570528,229.30463652030684,0.12985219849191743,1.5707963267948968,-0.1548942092670843,39.418548755622915,359.99925441973676,9.752347460845519,-5.680258051036209e-16,0.026053791323147127,38.948402245679425,1.0433973130810578e-16,0.10131103887554437,-0.6488294367913203,0.0,0.0,0.0,7.290504562191942e-19,0.0007078881475566744,0.004533550076953351,0.0,0.0,0.0,0.0,0.0,0.0,0.0,0.0,0.5,0.0,0.0,1.0,3.7327234438011327e-16,6.096,0.0
4.1000000000000005,-5.755921914836458e-15,0.015395221218177754,39.91908091583593,0.0,0.0,0.0,0.7071068377001494,-0.00010570424966659183,-0.7071068377001493,-0.00010570424966659185,6387199.1011674935,0.03890955029154908,2.7205695354969126e-15,4.288074589229971e-22,6.091801692841395e-09,9062.1011674935,0.0,-0.00029898283263697206,1.5935747416180112e-16,-5.421107024592298e-20,-7.292543039465825e-05,-5.2502906718707515e-23,-9.940423547190357e-21,-7.292543039465825e-05,-4.95307186507588e-23,-9.940438785797154e-21,303.58165800324844,0.4635913013990418,30518.207104794237,229.3301954258975,0.1330045213462576,1.5707963267948968,-0.15116840689431427,40.37773328493747,377.9113790793155,9.752359585239613,2.6598314675805646e-15,0.027330367869721175,39.9190818018008,1.0959421976811902e-16,0.10381347052722799,-0.6815041115810189,0.0,0.0,0.0,7.657650151024175e-19,0.0007253733271181398,0.004761857034078828,0.0,0.0,0.0,0.0,0.0,0.0,0.0,0.0,0.5,0.0,0.0,1.0,3.7327234438011327e-16,6.096,0.0
4.2,-5.902003845803856e-15,0.016114643353517543,40.889533394753684,0.0,0.0,0.0,0.7071068586103447,-0.00010828240715846283,-0.7071068586103446,-0.00010828240715846286,6387195.060891693,0.04170746818374127,2.802837934940297e-15,4.417746219204436e-22,6.5298566563455856e-09,9058.060891693458,0.0,-0.0003062753914679095,9.593491196128058e-17,-5.421072191988908e-20,-7.29256351409721e-05,1.6017434975808864e-22,-1.2403837894772837e-20,-7.29256351409721e-05,1.639733324930743e-22,-1.2403788255543312e-20,303.5989939977215,0.4638163271978462,30536.494561414816,229.35638239552517,0.13615732307706582,1.5707963267948968,-0.14761569353471496,41.337226311619936,396.2768498146778,9.752372007592104,-7.454022101330535e-16,0.02863810719228519,40.88953645458597,1.1498166280821815e-16,0.10631938650782001,-0.7150055552748966,0.0,0.0,0.0,8.034085642758479e-19,0.0007428828526458873,0.004995940853375819,0.0,0.0,0.0,0.0,0.0,0.0,0.0,0.0,0.5,0.0,0.0,1.0,3.7327234438011327e-16,6.096,0.0
4.3,-6.041861090694527e-15,0.016851264743414206,41.85975399480074,0.0,0.0,0.0,0.7071068797416384,-0.00011086056471206326,-0.7071068797416383,-0.00011086056471206328,6387190.923271577,0.0446381481369592,2.878590749607369e-15,4.53714841529126e-22,6.988697954936109e-09,9053.923271576874,0.0,-0.0003135679707209227,9.264049127210183e-17,-5.421073993721833e-20,-7.292584479225304e-05,-1.5978740368149534e-22,-8.788720271480635e-21,-7.292584479225304e-05,-1.5703109874216287e-22,-8.788769904212009e-21,303.61674767668376,0.46404677465192196,30555.222626561685,229.383200300462,0.13931045349745222,1.5707963267948968,-0.1442250963823901,42.296986989579565,415.0987003137619,9.75238472926685,-6.256692102530708e-16,0.029977173546804105,41.85975935058729,1.2050295250286822e-16,0.1088287588946236,-0.7493393151766073,0.0,0.0,0.0,8.419873369096073e-19,0.0007604165290363389,0.005235840295383659,0.0,0.0,0.0,0.0,0.0,0.0,0.0,0.0,0.5,0.0,0.0,1.0,3.7327234438011327e-16,6.096,0.0
4.4,-6.176203580498938e-15,0.017605024214799106,42.8297381739694,0.0,0.0,0.0,0.7071069001992981,-0.00011343872209645793,-0.707106900199298,-0.00011343872209645795,6387186.688796252,0.04770407847669867,2.9504906723220324e-15,4.650478021150209e-22,7.468715227487204e-09,9049.688796251701,0.0,-0.0003208605705335519,9.927937865225664e-17,-5.421083085784222e-20,-7.29260593272932e-05,2.2531151381153825e-22,-1.2994192299783108e-20,-7.29260593272932e-05,2.2948114847889985e-22,-1.2994119307351806e-20,303.6349159887107,0.4642826993843907,30574.39788813913,229.4106460033118,0.14246377036241561,1.5707963267948968,-0.14098512295605065,43.25697513066479,434.37569347951677,9.752397748761656,-9.189373105302009e-16,0.031347431291427474,42.82974584026259,1.261577279259967e-16,0.11134155456477242,-0.784503146892214,0.0,0.0,0.0,8.814988111137643e-19,0.0007779741248508999,0.005481539677903407,0.0,0.0,0.0,0.0,0.0,0.0,0.0,0.0,0.5,0.0,0.0,1.0,3.7327234438011327e-16,6.096,0.0
4.5,-6.305676579996617e-15,0.018375942844540197,43.799480292644525,0.0,0.0,0.0,0.7071069191860169,-0.00011601687910577663,-0.7071069191860168,-0.00011601687910577664,6387182.357489537,0.05090836963003728,3.020934324270627e-15,4.761512517347071e-22,7.97039551725695e-09,9045.357489537448,0.0,-0.00032815319120109996,2.772470007614718e-16,-5.421229576912269e-20,-7.292627874832614e-05,8.923517317469349e-23,-1.1481380416746172e-20,-7.292627874832614e-05,9.300281992559974e-23,-1.1481350515756408e-20,303.6534879374074,0.4645250475654993,30594.120880326518,229.43871972413595,0.1456171478948559,1.5707963267948968,-0.13788602250479595,44.2171548617703,454.1096490590108,9.752411066005054,1.0019645483208348e-15,0.03274889449234779,43.79949017920658,1.3194652213930118e-16,0.1138579777654457,-0.8205003652291893,0.0,0.0,0.0,9.219467115372995e-19,0.0007955570672208972,0.005733062162408357,0.0,0.0,0.0,0.0,0.0,0.0,0.0,0.0,0.5,0.0,0.0,1.0,3.7327234438011327e-16,6.096,0.0
4.6000000000000005,-6.430875997857996e-15,0.019164124459529808,44.76897347979323,0.0,0.0,0.0,0.7071069359829955,-0.00011859503555432954,-0.7071069359829953,-0.00011859503555432955,6387177.928910526,0.05425482792627709,3.0921091192777716e-15,4.873699648474545e-22,8.49433482796494e-09,9040.928910526136,0.0,-0.00033544583317882966,1.8594266321412357e-16,-2.710661996476434e-20,-7.29265030810797e-05,1.2854249842969893e-22,-1.1830262515730353e-20,-7.29265030810797e-05,1.3251129258408814e-22,-1.1830218693659993e-20,303.6724769425377,0.46477284113801964,30614.28710234573,229.46742392444193,0.1487704573312458,1.5707963267948968,-0.13491945781206557,45.177493467433514,474.3027799096882,9.752424682354633,1.808931437064291e-15,0.03418172725820142,44.76898539313945,1.3786998853273473e-16,0.11637778689738047,-0.8573350332479791,0.0,0.0,0.0,9.633356035958733e-19,0.0008131636680257013,0.00599043613862153,0.0,0.0,0.0,0.0,0.0,0.0,0.0,0.0,0.5,0.0,0.0,1.0,3.7327234438011327e-16,6.096,0.0
4.7,-6.5524067130378096e-15,0.01996950774511028,45.7382132322408,0.0,0.0,0.0,0.7071069499851513,-0.00012117319128563151,-0.7071069499851512,-0.00012117319128563153,6387173.403549729,0.05774590052130923,3.1659714661422207e-15,4.990123062377221e-22,9.040916361746875e-09,9036.403549728915,0.0,-0.0003427384967699819,2.143793432679693e-16,-4.517700659731538e-20,-7.292673230426249e-05,1.9918190622795508e-22,-1.249164888206502e-20,-7.292673230426249e-05,2.034634696770281e-22,-1.2491579860137247e-20,303.69188093175745,0.46502604997002256,30634.89403525146,229.49675542387968,0.1519235834417554,1.5707963267948968,-0.13207656420399483,46.137959011110866,494.9538174902653,9.752438596303975,3.95287037654694e-15,0.035645793394747806,45.738226881724145,1.4392775658968907e-16,0.11890094804917026,-0.8950048469165598,0.0,0.0,0.0,1.0056628983878384e-18,0.00083079369031697,0.00625364550763624,0.0,0.0,0.0,0.0,0.0,0.0,0.0,0.0,0.5,0.0,0.0,1.0,3.7327234438011327e-16,6.096,0.0
4.800000000000001,-6.670818714798166e-15,0.020792113940739404,46.707193867810496,0.0,0.0,0.0,0.7071069606720105,-0.00012375134616495465,-0.7071069606720104,-0.00012375134616495465,6387168.781432703,0.06138470165534513,3.2442494703442142e-15,5.113506570914313e-22,9.610627768877582e-09,9031.781432703137,0.0,-0.0003500311824247566,1.8491553622064732e-16,-2.710681687027101e-20,-7.29269664200569e-05,2.397259627753116e-22,-1.2815132484114531e-20,-7.29269664200569e-05,2.4421164397422536e-22,-1.281504778748731e-20,303.7116997954812,0.46528467263149,30655.941562664328,229.52671405679715,0.1550764180148195,1.5707963267948968,-0.12934981184310546,47.09852251347541,516.063706832685,9.752452807776388,5.434499917950619e-15,0.03714110662312718,46.70720887062602,1.5012010485680673e-16,0.12142744922071808,-0.9335115383580541,0.0,0.0,0.0,1.048930542195347e-18,0.0008484470502467186,0.006522702372274075,0.0,0.0,0.0,0.0,0.0,0.0,0.0,0.0,0.5,0.0,0.0,1.0,3.7327234438011327e-16,6.096,0.0
4.9,-6.7866201522222825e-15,0.021632047343935833,47.67590839050333,0.0,0.0,0.0,0.7071069675953586,-0.00012632950007613147,-0.7071069675953585,-0.0001263295000761315,6387164.062120657,0.06517508654403255,3.3284839365481897e-15,5.246278776594276e-22,1.0204072718251184e-08,9027.062120658657,0.0,-0.000357323890746185,2.4186918350014036e-16,-6.324755894970864e-20,-7.292720545417055e-05,2.6938383316370744e-22,-1.3033694674103965e-20,-7.292720545417055e-05,2.740412461197437e-22,-1.3033597565616287e-20,303.7319354151676,0.46554873367417515,30677.43168268339,229.55730266724876,0.1582288565900795,1.5707963267948968,-0.12673276101719744,48.0591570569232,537.6356263308652,9.752467318123106,2.8552171816899148e-15,0.03866783090635941,47.67592427578887,1.564479668050986e-16,0.12395729886014324,-0.9728609122976867,0.0,0.0,0.0,1.0931450574375946e-18,0.0008661238068442852,0.006797647291749828,0.0,0.0,0.0,0.0,0.0,0.0,0.0,0.0,0.5,0.0,0.0,1.0,3.7327234438011327e-16,6.096,0.0
5.0,-6.900312230636541e-15,0.022489246496100655,48.64435233659338,0.0,0.0,0.0,0.7071069704357578,-0.0001289076529360977,-0.7071069704357577,-0.0001289076529360977,6387159.246105479,0.06911946111849121,3.4199346613406347e-15,5.390425368661599e-22,1.0821627967148019e-08,9022.246105480008,0.0,-0.00036461662215794686,2.0881876861250187e-16,-2.710730059471722e-20,-7.292744938522864e-05,2.0999835264680084e-22,-1.2366450937937446e-20,-7.292744938522864e-05,2.1450733051695844e-22,-1.2366373549104048e-20,303.752585681698,0.4658182055755189,30699.362155436036,229.58851806704442,0.16138080404799993,1.5707963267948968,-0.12421846483922488,49.019836719247415,559.6683512399987,9.752482125833568,9.466567102005518e-16,0.040225829510357684,48.644368557995854,1.6291098434937823e-16,0.12649047738900204,-1.0130507420073747,0.0,0.0,0.0,1.1383039420747038e-18,0.0008838238233096881,0.007078464707300748,0.0,0.0,0.0,0.0,0.0,0.0,0.0,0.0,0.5,0.0,0.0,1.0,3.7327234438011327e-16,6.096,0.0
5.1000000000000005,-7.012349663785622e-15,0.02336373279928145,49.61251998134227,0.0,0.0,0.0,0.7071069689495671,-0.0001314858046812677,-0.707106968949567,-0.0001314858046812677,6387154.333414464,0.0732209434320663,3.519661234495686e-15,5.547616482738351e-22,1.1463781773521609e-08,9017.333414465189,0.0,-0.00037190937722231677,2.2971716722388333e-16,-2.7107672399767323e-20,-7.292769821536149e-05,6.416687395262936e-23,-1.0907115183883508e-20,-7.292769821536149e-05,6.82233278367756e-23,-1.0907090565304476e-20,303.7736504780233,0.4660930868081087,30721.732856616614,229.6203600792498,0.1645321688125116,1.5707963267948968,-0.1218010192989812,49.98053754124302,582.1628809112611,9.752497230825862,3.6232380308838686e-15,0.04181511581957526,49.612535924404746,1.6950945162788362e-16,0.12902698484551456,-1.0540828565655038,0.0,0.0,0.0,1.184409251331601e-18,0.0009015470999099813,0.007365167399201569,0.0,0.0,0.0,0.0,0.0,0.0,0.0,0.0,0.5,0.0,0.0,1.0,3.7327234438011327e-16,6.096,0.0
5.2,-7.123151462758165e-15,0.02425561102397553,50.58040420316917,0.0,0.0,0.0,0.7071069629631621,-0.0001340639552660256,-0.707106962963162,-0.00013406395526602562,6387149.323610961,0.07748343764191815,3.628548179704725e-15,5.71924632679425e-22,1.2131145480897053e-08,9012.323610961748,0.0,-0.0003792021566486952,1.7693605784322773e-16,-4.5177211162849535e-20,-7.292795197025516e-05,3.663636260878053e-22,-1.3663072911818175e-20,-7.292795197025516e-05,3.7154463094195795e-22,-1.3662933006836777e-20,303.795131676436,0.4663734018040864,30744.54577458985,229.6528315340639,0.16768286020255094,1.5707963267948968,-0.11947537712913636,50.94123681383615,605.1224623678577,9.752512634444782,2.6414927584870316e-15,0.0434358536558021,50.58041919238216,1.7624432195286613e-16,0.13156684051237408,-1.0959631840786868,0.0,0.0,0.0,1.231467646263697e-18,0.0009192937713786568,0.00765779678876684,0.0,0.0,0.0,0.0,0.0,0.0,0.0,0.0,0.5,0.0,0.0,1.0,3.7327234438011327e-16,6.096,0.0
5.300000000000001,-7.23311653765956e-15,0.025164819565290403,51.54800057841267,0.0,0.0,0.0,0.7071069524387444,-0.00013664210467969874,-0.7071069524387443,-0.00013664210467969874,6387144.217188211,0.08190930839922822,3.747168353154849e-15,5.906217866608889e-22,1.2824089393572239e-08,9007.217188211158,0.0,-0.0003864949609365586,2.2844326994294374e-16,-2.710797168198397e-20,-7.292821062845122e-05,2.4365161187909395e-22,-1.2446061332848139e-20,-7.292821062845122e-05,2.4846172571277215e-22,-1.2445966256080143e-20,303.8170271619993,0.46665912296496787,30767.798663304115,229.68592923450137,0.1708327981055744,1.5707963267948968,-0.11723601704890356,51.90191308488366,628.5459101722831,9.752528335175702,7.080185611462806e-17,0.04508790576008546,51.548013895557816,1.8311524848442904e-16,0.13411003452848114,-1.138689567746901,0.0,0.0,0.0,1.279476703405052e-18,0.0009370637688134953,0.007956337805840439,0.0,0.0,0.0,0.0,0.0,0.0,0.0,0.0,0.5,0.0,0.0,1.0,3.7327234438011327e-16,6.096,0.0
5.4,-7.342604326717067e-15,0.026091379987863452,52.51530333977277,0.0,0.0,0.0,0.7071069374095064,-0.00013922025292984364,-0.7071069374095063,-0.00013922025292984364,6387139.014175246,0.08650167757047536,3.875912828914089e-15,6.109147551859066e-22,1.354310237784062e-08,9002.01417524647,0.0,-0.0003937877907174334,6.71274756758504e-17,-5.421099167485561e-20,-7.292847419202723e-05,2.0645338327491672e-22,-1.2040028312377881e-20,-7.292847419202723e-05,2.1119458329444605e-22,-1.2039946080041791e-20,303.8393368102243,0.46695024866625867,30791.491390552917,229.7196529923821,0.17398190330035804,1.5707963267948968,-0.11507824651930666,52.86254611576137,652.4342767828887,9.75254433293148,7.929749295699034e-16,0.04677128519110654,52.51531423397907,1.9012254069928746e-16,0.13665657561149339,-1.182263932029796,0.0,0.0,0.0,1.3284385851547597e-18,0.0009548571531271731,0.008260803897152273,0.0,0.0,0.0,0.0,0.0,0.0,0.0,0.0,0.5,0.0,0.0,1.0,3.7327234438011327e-16,6.096,0.0
5.5,-7.451943324617374e-15,0.027035397537522925,53.482305239471074,0.0,0.0,0.0,0.7071069179804182,-0.00014179840004242546,-0.7071069179804181,-0.00014179840004242546,6387133.714137582,0.09126449830949947,4.015000177887895e-15,6.328379941194377e-22,1.4288803461323534e-08,8996.71413758304,0.0,-0.00040108064676507113,1.3881152203990595e-16,-2.710702738285238e-20,-7.292874268664591e-05,1.296410502897735e-22,-1.1303492563732049e-20,-7.292874268664591e-05,1.3417532170174214e-22,-1.1303439580409843e-20,303.86205277101465,0.4672476525147257,30815.716273370082,229.7540059584212,0.17713010090295347,1.5707963267948968,-0.11299805766039285,53.82311629882184,676.7921077871719,9.752560629050413,9.622916937228707e-16,0.048486155636535515,53.48231293777322,1.9726753033114152e-16,0.13920674405206745,-1.2266945582217146,0.0,0.0,0.0,1.378362596703177e-18,0.0009726758827877496,0.008571252926388044,0.0,0.0,0.0,0.0,0.0,0.0,0.0,0.0,0.5,0.0,0.0,1.0,3.7327234438011327e-16,6.096,0.0
5.6000000000000005,-7.561431524652257e-15,0.027996810460730482,54.44900189452643,0.0,0.0,0.0,0.7071068943913164,-0.00014437654607813382,-0.7071068943913162,-0.00014437654607813382,6387128.317569787,0.0962000939323768,4.164325987676851e-15,6.563750510020036e-22,1.5061556487198962e-08,8991.317569786994,0.0,-0.00040837352961072237,8.23918357043011e-17,-3.6141300086595284e-20,-7.292901609076509e-05,5.942869246920379e-23,-1.0653461963820293e-20,-7.292901609076509e-05,6.377905543309497e-23,-1.0653436832589669e-20,303.88517639754804,0.4675510030952622,30840.43875096327,229.78898480739284,0.18027732045940573,1.5707963267948968,-0.1109910065212781,54.78360556312963,701.6179316693447,9.752577222013867,4.2761167226966184e-17,0.05023237932994557,54.44900562495051,2.0454978724258564e-16,0.14176045818017174,-1.27197877154281,0.0,0.0,0.0,1.4292457325617152e-18,0.0009905193871442074,0.008887666204123857,0.0,0.0,0.0,0.0,0.0,0.0,0.0,0.0,0.5,0.0,0.0,1.0,3.7327234438011327e-16,6.096,0.0
5.7,-7.671333089531545e-15,0.028975640484713315,55.415387495077226,0.0,0.0,0.0,0.707106866952226,-0.0001469546911156674,-0.7071068669522259,-0.0001469546911156674,6387122.82450263,0.10131159011871992,4.323612816642884e-15,6.814822010185684e-22,1.5861850930760693e-08,8985.82450263016,0.0,-0.00041566643991234334,1.1339114909866158e-16,-2.7106845148418006e-20,-7.29292944064085e-05,1.3706554395415155e-22,-1.1262813534992757e-20,-7.29292944064085e-05,1.4174710558383043e-22,-1.1262755588461205e-20,303.9087135119247,0.4678597780748283,30865.603306442812,229.8245891347601,0.18342348867339747,1.5707963267948968,-0.10905331773140715,55.74399647060132,726.9121330240181,9.752594111729492,-1.6501871806960938e-15,0.052009969017722577,55.415386499816115,2.119694262351957e-16,0.1443175810213725,-1.318117285878778,0.0,0.0,0.0,1.4810887948806216e-18,0.0010083867091184313,0.009210048718475802,0.0,0.0,0.0,0.0,0.0,0.0,0.0,0.0,0.5,0.0,0.0,1.0,3.7327234438011327e-16,6.096,0.0
5.800000000000001,-7.78188461913261e-15,0.02997199333298288,56.38145466653168,0.0,0.0,0.0,0.7071068360507176,-0.00014953283525360168,-0.7071068360507174,-0.00014953283525360168,6387117.23450382,0.10660298907421521,4.492403611092634e-15,7.080874093885091e-22,1.6690313513200252e-08,8980.234503820539,0.0,-0.0004229593784653979,2.090221946828251e-16,-3.6143550149796983e-20,-7.292957765921387e-05,4.408530327495361e-22,-1.3704166069251295e-20,-7.292957765921387e-05,4.4664933151903145e-22,-1.3703978376656193e-20,303.93266596646265,0.4681740017533188,30891.211920202473,229.86082174250325,0.18656853255603728,1.5707963267948968,-0.10718177122454997,56.70427172838087,752.6781034498725,9.752611299528981,1.2971128433751573e-15,0.053819088263299286,56.38144821672984,2.195274426799114e-16,0.14687814619191092,-1.3651162908752903,0.0,0.0,0.0,1.5338987385909528e-18,0.001026278083596362,0.009538443718203901,0.0,0.0,0.0,0.0,0.0,0.0,0.0,0.0,0.5,0.0,0.0,1.0,3.7327234438011327e-16,6.096,0.0
5.9,-7.89328456834098e-15,0.030985807101002683,57.3471990672047,0.0,0.0,0.0,0.7071068022002567,-0.00015211097862295918,-0.7071068022002566,-0.0001521109786229592,6387111.548069224,0.11207657272466667,4.6699263618530465e-15,7.360689977230522e-22,1.754730160842773e-08,8974.548069224693,0.0,-0.0004302523457895078,1.300410711454238e-16,-7.228242129068986e-20,-7.292986582755498e-05,5.658931036791659e-23,-1.0525810512452308e-20,-7.292986582755498e-05,6.111807189958147e-23,-1.0525785189283444e-20,303.9570316364348,0.4684936462572007,30917.262320603986,229.89767941657172,0.1897123922638732,1.5707963267948968,-0.10537274932770345,57.66441586425289,778.9147370617818,9.752628783889799,-2.6194640554822853e-15,0.055659598812553175,57.347186489419975,2.272235127219933e-16,0.14944215588560228,-1.4129737726639426,0.0,0.0,0.0,1.5876733008303976e-18,0.0010441935259067922,0.009872837131854646,0.0,0.0,0.0,0.0,0.0,0.0,0.0,0.0,0.5,0.0,0.0,1.0,3.7327234438011327e-16,6.096,0.0
6.0,-8.005701824349058e-15,0.032017103678589745,58.312614844673064,0.0,0.0,0.0,0.7071067659877017,-0.00015468912137358095,-0.7071067659877016,-0.00015468912137358095,6387105.765231351,0.11773547056282077,4.8552351115799484e-15,7.65277870019318e-22,1.843330530139674e-08,8968.76523135323,0.0,-0.0004375453425262373,1.7501294598076956e-16,-5.42133344132894e-20,-7.293015891340064e-05,1.3762760903754502e-22,-1.1127474623473929e-20,-7.293015891340064e-05,1.4249637040365138e-22,-1.1127413340001685e-20,303.98181038253716,0.4688187097589956,30943.75435871143,229.9351619462421,0.1928550050525664,1.5707963267948968,-0.10362318103421596,58.62441357721248,805.6231967429934,9.752646564714357,1.2109254278463129e-15,0.05753151311562485,58.31259553778464,2.3505797793337907e-16,0.1520096300347679,-1.461691855286317,0.0,0.0,0.0,1.6424148682562137e-18,0.0010621331753223428,0.010213243800691899,0.0,0.0,0.0,0.0,0.0,0.0,0.0,0.0,0.5,0.0,0.0,1.0,3.7327234438011327e-16,6.096,0.0
6.1000000000000005,-8.119279713817528e-15,0.03306598926929102,59.277694496915856,0.0,0.0,0.0,0.7071067280872284,-0.00015726726367768187,-0.7071067280872283,-0.00015726726367768187,6387099.885560128,0.12358373390137706,5.04718751016829e-15,7.95533974899413e-22,1.9348959016351402e-08,8962.885560128527,0.0,-0.0004448383694495046,1.611708917501532e-16,-4.517821417515146e-20,-7.293045694236159e-05,8.89009707359789e-23,-1.0707416203704785e-20,-7.293045694236159e-05,9.366290982062759e-23,-1.0707375742581807e-20,304.0070040475994,0.4691492164341242,30970.690004774195,229.9732721191417,0.19599630360994913,1.5707963267948968,-0.10193045170937,59.584249320212784,832.8069415805498,9.752664643327702,2.0699212619896923e-15,0.05943499462441363,59.27766795201718,2.4303185337489515e-16,0.154580606640054,-1.5112768508282892,0.0,0.0,0.0,1.6981305333781222e-18,0.0010800972973640016,0.01055970782899914,0.0,0.0,0.0,0.0,0.0,0.0,0.0,0.0,0.5,0.0,0.0,1.0,3.7327234438011327e-16,6.096,0.0
6.2,-8.234118531633038e-15,0.03413240181521957,60.24243372415978,0.0,0.0,0.0,0.7071066892819264,-0.00015984540573558818,-0.7071066892819263,-0.00015984540573558818,6387093.909552694,0.1296236032207006,5.244353623484257e-15,8.266119309561184e-22,2.0294613649775425e-08,8956.90955269554,0.0,-0.0004521314270245197,1.3254107796515675e-16,-2.710775083529586e-20,-7.29307598927272e-05,1.4541795245786132e-22,-1.1109237438016026e-20,-7.29307598927272e-05,1.504404994356394e-22,-1.1109170589956921e-20,304.0326105014166,0.4694851383371929,30998.066981297492,230.01200671293387,0.1991362350527749,1.5707963267948968,-0.10029158593949804,60.543909647744705,860.4648990635911,9.752683018203447,1.6185704369607884e-15,0.06136990461924054,60.242399552701194,2.5114482487231314e-16,0.1571550912754371,-1.5617268056190472,0.0,0.0,0.0,1.7548181009742103e-18,0.0010980859309786784,0.01091221556594002,0.0,0.0,0.0,0.0,0.0,0.0,0.0,0.0,0.5,0.0,0.0,1.0,3.7327234438011327e-16,6.096,0.0
6.300000000000001,-8.350291889470572e-15,0.03521636336878226,61.206826631420014,0.0,0.0,0.0,0.7071066504354876,-0.0001624235477682833,-0.7071066504354875,-0.00016242354776828326,6387087.8372433,0.13585821182667165,5.445118978477577e-15,8.58257269377129e-22,2.1270759896940567e-08,8950.837243301794,0.0,-0.0004594245158336316,1.876728661824467e-16,-3.991927487633665e-24,-7.293106776641029e-05,4.484317390496029e-22,-1.3356234037467805e-20,-7.293106776641029e-05,4.545678728643244e-22,-1.3356026607384406e-20,304.0586295972425,0.46982647354308793,31025.885131388335,230.051365505637,0.20227474218019142,1.5707963267948968,-0.09870406069929348,61.503380909444544,888.5982815712039,9.752701689238775,5.48920830060686e-16,0.06333625527263606,61.20678458662524,2.5939724842372544e-16,0.1597331071369875,-1.613043933408222,0.0,0.0,0.0,1.8124800585012537e-18,0.0011160992382437092,0.011270782479593268,0.0,0.0,0.0,0.0,0.0,0.0,0.0,0.0,0.5,0.0,0.0,1.0,3.7327234438011327e-16,6.096,0.0
6.4,-8.467848462366747e-15,0.03631798061591378,62.17086558863072,0.0,0.0,0.0,0.7071066125126974,-0.00016500169002265066,-0.7071066125126972,-0.00016500169002265066,6387081.668204112,0.14229166019416978,5.647646256818628e-15,8.901803959948538e-22,2.2278039894634378e-08,8944.668204113841,0.0,-0.00046671763658533616,1.6284453710875856e-16,-3.614371456612087e-20,-7.293138058899245e-05,3.0493462925883285e-22,-1.2220132707255449e-20,-7.293138058899245e-05,3.1063825814476595e-22,-1.2219989015241823e-20,304.0850474406653,0.47017462864842646,31054.293682132244,230.09135181322955,0.20541177260870008,1.5707963267948968,-0.09716573248188067,62.462648885839414,917.213312347437,9.752720657751988,2.1159020892730197e-15,0.06533420994054043,62.170815591541434,2.6779094613013075e-16,0.16231517279966592,-1.665239564805449,0.0,0.0,0.0,1.8711291374810593e-18,0.001134140842585251,0.011635487740050854,0.0,0.0,0.0,0.0,0.0,0.0,0.0,0.0,0.5,0.0,0.0,1.0,3.7327234438011327e-16,6.096,0.0
6.5,-8.586791763616705e-15,0.03743719134302454,63.134546338546215,0.0,0.0,0.0,0.707106576562265,-0.0001675798327672912,-0.7071065765622649,-0.00016757983276729116,6387075.402933522,0.14892614730295436,5.84985727122572e-15,9.220537491008419e-22,2.3316798053744976e-08,8938.402933524301,0.0,-0.0004740107896482672,1.3976049477345696e-16,-9.038281945880573e-21,-7.293169833867814e-05,4.752909366731451e-23,-1.0266902857634034e-20,-7.293169833867814e-05,5.2396915814257624e-23,-1.0266879009769267e-20,304.1118748702144,0.4705284351425453,31083.168866283268,230.13196195743953,0.208547270603764,1.5707963267948968,-0.09567413119005194,63.42170173347413,946.3069061480074,9.752739922212948,1.283640125142699e-15,0.06736362946219274,63.13448850582197,2.7632501639116726e-16,0.16490091807026402,-1.7183080932709396,0.0,0.0,0.0,1.9307590381834395e-18,0.0011522081573613406,0.012006292172874246,0.0,0.0,0.0,0.0,0.0,0.0,0.0,0.0,0.5,0.0,0.0,1.0,3.7327234438011327e-16,6.096,0.0
6.6000000000000005,-8.707100129378007e-15,0.03857401776511117,64.09786294362003,0.0,0.0,0.0,0.7071065437247153,-0.00017015797629433042,-0.7071065437247152,-0.00017015797629433042,6387069.0414675195,0.1557648102720394,6.0494690329424774e-15,9.535174852358707e-22,2.438752568051937e-08,8932.04146752134,0.0,-0.0004813039755027363,1.7798531658376778e-16,-2.7109411548381763e-20,-7.29320210173229e-05,2.572590898370609e-22,-1.1776542701636389e-20,-7.29320210173229e-05,2.6292715664071125e-22,-1.1776417517779757e-20,304.1391142014747,0.4708876738939763,31112.48739286257,230.1731956197491,0.2116811816843038,1.5707963267948968,-0.09422716516065315,64.38052709058559,975.8799216650327,9.752759482513609,1.2334249580742818e-15,0.06942452575374503,64.09779761440139,2.849997119685963e-16,0.16749029499818763,-1.7722510905863085,0.0,0.0,0.0,1.9913715267244748e-18,0.0011703008475279627,0.01238320676053473,0.0,0.0,0.0,0.0,0.0,0.0,0.0,0.0,0.5,0.0,0.0,1.0,3.7327234438011327e-16,6.096,0.0
6.7,-8.82872620465584e-15,0.039728567052848426,65.06080764512568,0.0,0.0,0.0,0.7071065152594491,-0.00017273612092634982,-0.707106515259449,-0.0001727361209263498,6387062.583380535,0.1628117987936513,6.24393958360183e-15,9.841709410069276e-22,2.5490872633787624e-08,8925.583380537419,0.0,-0.0004885971947473195,1.8226178387499565e-16,-4.6453459304544494e-24,-7.293234865047699e-05,2.8018550826083523e-22,-1.1883428813782075e-20,-7.293234865047699e-05,2.859919281442648e-22,-1.1883290462703334e-20,304.1667672566951,0.47125236893497097,31142.25122321259,230.21505555859602,0.21481344613475079,1.5707963267948968,-0.092823061700057,65.33911175331556,1005.9359610659898,9.752779339965448,9.834610089425515e-16,0.07151706209367253,65.06073541443511,2.938160897544991e-16,0.1700833477430389,-1.8270751289622094,0.0,0.0,0.0,2.0529739879003915e-18,0.001188419221640427,0.012766277424879291,0.0,0.0,0.0,0.0,0.0,0.0,0.0,0.0,0.5,0.0,0.0,1.0,3.7327234438011327e-16,6.096,0.0
6.800000000000001,-8.951578099561212e-15,0.04090077683459176,66.0233762289608,0.0,0.0,0.0,0.7071064924767898,-0.00017531426699919558,-0.7071064924767897,-0.00017531426699919555,6387056.02917219,0.1700692702917769,6.430552154587092e-15,1.0135858969316098e-21,2.662717683066219e-08,8919.029172193259,0.0,-0.00049589044761253,1.3748247906094653e-16,-3.6143761599675724e-20,-7.293268121625948e-05,2.903426167346744e-22,-1.1954755098394962e-20,-7.293268121625948e-05,2.9627115231516053e-22,-1.1954609605016477e-20,304.1948318965362,0.4716224920514159,31172.458054696883,230.25753853554565,0.21794402115308278,1.5707963267948968,-0.09145975270226603,66.29744516057116,1036.474019995812,9.752799493034635,1.5203047645871956e-15,0.07364109890691589,66.0232979728092,3.02773855422404e-16,0.1726800858069256,-1.8827783781497396,0.0,0.0,0.0,2.115564365171024e-18,0.0012065633460925785,0.013155491377454474,0.0,0.0,0.0,0.0,0.0,0.0,0.0,0.0,0.5,0.0,0.0,1.0,3.7327234438011327e-16,6.096,0.0
6.9,-9.075538874734252e-15,0.04209066948792758,66.98556271501732,0.0,0.0,0.0,0.707106476794095,-0.00017789241487613542,-0.7071064767940949,-0.00017789241487613542,6387049.378880208,0.17754036569856385,6.606355241435777e-15,1.0412971328509722e-21,2.779693018902111e-08,8912.378880211152,0.0,-0.0005031837344338195,1.6974706596437776e-16,-5.421487028772043e-20,-7.293301871646698e-05,1.3375848823435652e-22,-1.0815495582213677e-20,-7.293301871646698e-05,1.3920065252809845e-22,-1.0815426907912328e-20,304.2233079594742,0.4719980411130931,31203.107713462134,230.3006443060902,0.2210728573597327,1.5707963267948968,-0.090135489728607,67.25551596603087,1067.49541465335,9.752819941607905,1.864677066486773e-15,0.07579664787708829,66.98547962381338,3.118733953012019e-16,0.1752805366008444,-1.9393632405085135,0.0,0.0,0.0,2.179145357922794e-18,0.0012247334124126056,0.013550865404208936,0.0,0.0,0.0,0.0,0.0,0.0,0.0,0.0,0.5,0.0,0.0,1.0,3.7327234438011327e-16,6.096,0.0
7.0,-9.200463766741353e-15,0.043298352670623,67.94735921529234,0.0,0.0,0.0,0.7071064697693863,-0.00018047056495647812,-0.7071064697693862,-0.0001804705649564781,6387042.632081315,0.1852292839787525,6.768092573930497e-15,1.0667913894650603e-21,2.9000790299244156e-08,8905.632081317715,0.0,-0.0005104770556547277,1.9058000135253422e-16,-5.526833229417424e-24,-7.293336117661622e-05,2.217139193292043e-22,-1.1387585687832736e-20,-7.293336117661622e-05,2.275277539234955e-22,-1.1387470911338395e-20,304.2521972579345,0.47237904002270076,31234.20215027754,230.34437561379707,0.2241998975497104,1.5707963267948968,-0.08884879499348093,68.21331174563296,1099.0038128426477,9.75284068698984,4.813803693167209e-16,0.07798387222666289,67.94727283596504,3.211157854906362e-16,0.17788474603057514,-1.9968364076907108,0.0,0.0,0.0,2.243724485161158e-18,0.0012429297413568418,0.013952446261560518,0.0,0.0,0.0,0.0,0.0,0.0,0.0,0.0,0.5,0.0,0.0,1.0,3.7327234438011327e-16,6.096,0.0
7.1000000000000005,-9.326166860916751e-15,0.04452376385062621,68.90876155944261,0.0,0.0,0.0,0.7071064729705959,-0.00018304871764228577,-0.7071064729705958,-0.00018304871764228577,6387035.789276332,0.19313814094539009,6.912418473932438e-15,1.0895413118586165e-21,3.0239088576477096e-08,8898.789276334768,0.0,-0.0005177704113267219,1.5719263671018062e-16,-3.614485452281728e-20,-7.293370857474016e-05,8.732127165815849e-23,-1.047457645796937e-20,-7.293370857474016e-05,9.274538086288885e-23,-1.0474529739541039e-20,304.2814940836016,0.47276577545179915,31265.772652625175,230.38872933572836,0.22732510529600472,1.5707963267948968,-0.08759792343330376,69.17082297689353,1130.998991078183,9.75286172764299,2.7934741604498275e-15,0.08020263199534793,68.90867381517769,3.305009598319248e-16,0.18049284463248505,-2.0551974682924987,0.0,0.0,0.0,2.3093012846164737e-18,0.0012611532450188584,0.01436023107491727,0.0,0.0,0.0,0.0,0.0,0.0,0.0,0.0,0.5,0.0,0.0,1.0,3.7327234438011327e-16,6.096,0.0
7.2,-9.452435942383154e-15,0.045766925568113404,69.86976372479842,0.0,0.0,0.0,0.7071064880919147,-0.00018562687336796843,-0.7071064880919146,-0.00018562687336796843,6387028.850504719,0.20127008134375798,7.035712921273014e-15,1.1089763009055096e-21,3.151231755088331e-08,8891.850504721515,0.0,-0.0005250638015975713,1.4569481254287856e-16,-5.421474097817413e-20,-7.293406091257501e-05,4.474588475708847e-22,-1.2875011623180888e-20,-7.293406091257501e-05,4.542189881283328e-22,-1.2874774903979335e-20,304.3111849705162,0.47315942029332825,31297.944387203417,230.43370567609426,0.23044844417087343,1.5707963267948968,-0.0863814024015639,70.12803912025034,1163.4852623241582,9.752883063448873,3.6393677241801955e-15,0.08245293866067685,69.86967695625475,3.4003018053912647e-16,0.1831053203740018,-2.1144542713051155,0.0,0.0,0.0,2.375884575726205e-18,0.001279407332961544,0.014774274687343969,0.0,0.0,0.0,0.0,0.0,0.0,0.0,0.0,0.5,0.0,0.0,1.0,3.7327234438011327e-16,6.096,0.0
7.300000000000001,-9.57902746086078e-15,0.04702794597029636,70.83035769346466,0.0,0.0,0.0,0.7071065169939896,-0.00018820503261059133,-0.7071065169939895,-0.0001882050326105913,6387021.815345521,0.2096293534662774,7.133995662071639e-15,1.1244689744690896e-21,3.282114255390741e-08,8884.815345525121,0.0,-0.0005323572267100433,1.7916364750024035e-16,1.8064168969072758e-20,-7.293441821560146e-05,5.8428798944234635e-22,-1.3668043016341638e-20,-7.293441821560146e-05,5.91564056785327e-22,-1.366773004873268e-20,304.3412882982763,0.47355853331813336,31330.56302447774,230.47930678997741,0.23356984668670608,1.5707963267948968,-0.08519799089920953,71.08494835097932,1196.4629621161862,9.752904695705087,1.3228896149806007e-15,0.08473495541360128,70.83027471114313,3.497035501148951e-16,0.1857216691935951,-2.1746074541342595,0.0,0.0,0.0,2.4434750747046428e-18,0.0012976884831680795,0.015194581552569883,0.0,0.0,0.0,0.0,0.0,0.0,0.0,0.0,0.5,0.0,0.0,1.0,3.7327234438011327e-16,6.096,0.0
7.4,-9.720684641659228e-15,0.04831398488197761,71.79036374460578,0.0,0.0,0.0,0.7068999652826402,-0.00019072803741137557,-0.7068999652826401,-0.0001907280374113756,6387014.645000834,0.21831803592021412,7.337835946319066e-15,1.1565998324248946e-21,3.418154616598758e-08,8877.645000837743,0.0,-0.0005396523414741427,1.49635287642841e-16,-5.424694623616178e-20,-7.293478159642697e-05,5.168566707408191e-22,-1.3252849159069418e-20,-7.293478159642697e-05,5.240086247861451e-22,-1.3252568290721234e-20,304.37197008247637,0.4739653155780914,31363.808451618796,230.52578416107065,0.23668759339596684,1.5707963267948968,-0.08399704099923411,72.04106940088674,1229.920795554456,9.75292674371366,3.454602863830351e-15,0.08700493192699248,71.74834651343514,3.5952072719577504e-16,0.18834210377457825,-2.23565489403478,0.0,0.0,0.0,2.5120703963512506e-18,0.0013159981817153854,0.015621136838389662,0.0,0.0,0.0,0.0,0.0,0.0,0.0,0.0,0.5,0.0,0.0,1.0,3.7327234438011327e-16,6.096,0.0
7.5,-9.838445050217579e-15,0.049610183700842476,72.75013761971562,0.0,0.0,0.0,0.706951432297839,-0.0001933194481598606,-0.7069514322978389,-0.00019331944815986063,6387007.420532171,0.22713382508028113,7.554607838587374e-15,1.190769073212059e-21,3.556185395215277e-08,8870.42053217534,0.0,-0.0005469456733812626,1.8602593084342733e-16,-1.0847448221893007e-19,-7.293514871820375e-05,6.05661085951488e-22,-1.3738299563896566e-20,-7.293514871820375e-05,6.131750984913124e-22,-1.3737966245299434e-20,304.4028834622544,0.4743751683561123,31397.304825506028,230.5726123577074,0.2398053009412333,1.5707963267948968,-0.08288836481071378,72.99742507604509,1263.8834696185936,9.752948958222419,8.633011436497733e-16,0.08936127632717833,72.71814266785721,3.6948227749546245e-16,0.19096624385423622,-2.2976001088583535,0.0,0.0,0.0,2.58167449346352e-18,0.0013343337716030805,0.016053965125002415,0.0,0.0,0.0,0.0,0.0,0.0,0.0,0.0,0.5,0.0,0.0,1.0,3.7327234438011327e-16,6.096,0.0
7.6000000000000005,-1.0018119596164256e-14,0.05092475824212012,73.70947406782624,0.0,0.0,0.0,0.7069797472201818,-0.0001959048832985124,-0.7069797472201816,-0.00019590488329851243,6387000.097398401,0.23619257638923336,7.714387678711137e-15,1.2159552244851138e-21,3.698020554584938e-08,8863.097398405584,0.0,-0.0005542392151370079,1.2973289862411063e-16,-1.08463972423257e-19,-7.29355208814949e-05,4.51992431199344e-22,-1.2795282661138663e-20,-7.29355208814949e-05,4.590837509548944e-22,-1.2795030225036148e-20,304.43421902836565,0.474790618524091,31431.258661869735,230.6200800905183,0.2429207809444584,1.5707963267948968,-0.08180331010253386,73.95339854699847,1298.3406986660482,9.752971476193594,2.244196933028102e-15,0.09174448612302032,73.68295851999738,3.7958922714669525e-16,0.19359435709380896,-2.3604494795407773,0.0,0.0,0.0,2.652294535913671e-18,0.0013526971230540092,0.016493110997764987,0.0,0.0,0.0,0.0,0.0,0.0,0.0,0.0,0.5,0.0,0.0,1.0,3.7327234438011327e-16,6.096,0.0
7.7,-1.017035704466371e-14,0.052257204514004084,74.66837971836303,0.0,0.0,0.0,0.7070039077071217,-0.00019848937108349747,-0.7070039077071216,-0.0001984893710834975,6386992.678506126,0.2454902057119728,7.708214880630338e-15,1.2149836779933235e-21,3.843596166523228e-08,8855.678506130353,0.0,-0.0005615328306750393,1.8718308605499625e-16,-9.038357509478604e-20,-7.29358979944852e-05,5.088260232904628e-22,-1.313262655421597e-20,-7.29358979944852e-05,5.162006888499932e-22,-1.3132338705475168e-20,304.4659643435097,0.4752115011870147,31465.656484200048,230.66816851923545,0.24603413388335205,1.5707963267948968,-0.08074517946912697,74.90902015234114,1333.2925046502714,9.75299428869236,7.25277050321059e-16,0.09415856767292981,74.64662000234692,3.898413096654599e-16,0.19622644164482483,-2.424201348969556,0.0,0.0,0.0,2.7239286617044618e-18,0.0013710882231523908,0.016938562877975714,0.0,0.0,0.0,0.0,0.0,0.0,0.0,0.0,0.5,0.0,0.0,1.0,3.7327234438011327e-16,6.096,0.0
7.800000000000001,-1.032443299292714e-14,0.05360754864561714,75.62684840166398,0.0,0.0,0.0,0.7070240749704104,-0.00020107289658851069,-0.7070240749704103,-0.0002010728965885107,6386985.163898597,0.25502986225735885,7.676270497748949e-15,1.2099499760071282e-21,3.99296155718153e-08,8848.163898601197,0.0,-0.0005688264767385442,1.9078875035411988e-16,-5.423040760860319e-20,-7.29362800587998e-05,-2.0834355660350455e-22,-8.712589268423997e-21,-7.29362800587998e-05,-2.0338757170774717e-22,-8.712706370210695e-21,304.4981138293339,0.4756382930627657,31500.549276377777,230.71687755047265,0.2491453230449661,1.5707963267948968,-0.07971298519895934,75.86428093659225,1368.741728956274,9.7530173955888,4.382127893962298e-16,0.09660349691422057,75.60912155748275,4.0023935520902885e-16,0.1988627269705996,-2.4888608794205433,0.0,0.0,0.0,2.796582671373528e-18,0.0013895086752216473,0.017390356835878584,0.0,0.0,0.0,0.0,0.0,0.0,0.0,0.0,0.5,0.0,0.0,1.0,3.7327234438011327e-16,6.096,0.0
7.9,-1.0484809125235145e-14,0.05497590325961833,76.58487176899523,0.0,0.0,0.0,0.7070402878272425,-0.00020365541930489065,-0.7070402878272424,-0.00020365541930489068,6386977.553159933,0.26481588990279203,7.80007460108221e-15,1.2294657154176775e-21,4.1461847601112706e-08,8840.553159938194,0.0,-0.0005761201295352336,1.8078593726448e-16,-9.037472378026828e-20,-7.293666710009539e-05,4.661821827631868e-22,-1.2847182748427171e-20,-7.293666710009539e-05,4.73583333921709e-22,-1.2846912087706026e-20,304.5306576965065,0.4760720455934526,31536.04875995473,230.76621028096756,0.2522543062187608,1.5707963267948968,-0.07870588147842852,76.81917010533675,1404.69537909691,9.753040798165237,1.1796444739088742e-15,0.09907937218961572,76.57043110735596,4.1078541629533165e-16,0.201503704166806,-2.554440834335198,0.0,0.0,0.0,2.870270906429269e-18,0.0014079619106825783,0.017848582053156373,0.0,0.0,0.0,0.0,0.0,0.0,0.0,0.0,0.5,0.0,0.0,1.0,3.7327234438011327e-16,6.096,0.0
8.0,-1.0653964870248912e-14,0.05636220835435814,77.54244571825728,0.0,0.0,0.0,0.7070528224994592,-0.00020623697632831054,-0.7070528224994591,-0.00020623697632831057,6386969.846794797,0.2748502768425286,8.17500202471297e-15,1.2885642044303139e-21,4.303296922873387e-08,8832.846794803627,0.0,-0.0005834137905407894,1.4339592613838125e-16,-9.037009395113008e-20,-7.293705909662275e-05,1.6587540926122385e-22,-1.103360397535055e-20,-7.293705909662275e-05,1.7231256764103323e-22,-1.1033505317862167e-20,304.5636104668523,0.4765112480845019,31571.99428306965,230.81616286127718,0.25536104054296743,1.5707963267948968,-0.07772287435239503,77.77368080977783,1441.148415585514,9.753064494872627,1.1868825314013053e-15,0.10158605396042787,77.53057239884599,4.214780148807181e-16,0.2041487713305253,-2.6209320226008224,0.0,0.0,0.0,2.9449830393733866e-18,0.0014264437238736209,0.018313174308971815,0.0,0.0,0.0,0.0,0.0,0.0,0.0,0.0,0.5,0.0,0.0,1.0,3.7327234438011327e-16,6.096,0.0
8.1,-1.0832486896989085e-14,0.05776648970845827,78.49956403069395,0.0,0.0,0.0,0.7070621335625216,-0.000208817667439792,-0.7070621335625215,-0.00020881766743979202,6386962.044848309,0.28513617740976827,8.812543141645599e-15,1.389056732935601e-21,4.4643474535715686e-08,8825.044848315418,0.0,-0.0005907074762204979,1.876991783673894e-16,-1.084422812083751e-19,-7.293745605054928e-05,5.35472778651509e-22,-1.3267515537854987e-20,-7.293745605054928e-05,5.433099053921305e-22,-1.3267196915347381e-20,304.5969719474449,0.4769558979645451,31608.385635274768,230.86673499894755,0.25846548743381126,1.5707963267948968,-0.07676317985581382,78.72780482525928,1478.1023660552191,9.75308848557542,5.804014741479342e-16,0.1041236151280322,78.48961025169362,4.3231759274876204e-16,0.20679795776036783,-2.688337191418161,0.0,0.0,0.0,3.0207221570694563e-18,0.0014449543195122387,0.01878415279877357,0.0,0.0,0.0,0.0,0.0,0.0,0.0,0.0,0.5,0.0,0.0,1.0,3.7327234438011327e-16,6.096,0.0
8.200000000000001,-1.1019083034644708e-14,0.05918885949245725,79.45621822334071,0.0,0.0,0.0,0.7070688647311556,-0.0002113976574731947,-0.7070688647311555,-0.0002113976574731947,6386954.146907118,0.29567798691905095,9.640576494183988e-15,1.5195754674972104e-21,4.6294051931583303e-08,8817.146907124668,0.0,-0.000598001208071493,1.0846598530608284e-16,-7.229288795751871e-20,-7.29378579878928e-05,-1.8967855438995071e-22,-9.041184631247322e-21,-7.29378579878928e-05,-1.8427148567144418e-22,-9.041296374918707e-21,304.63074390578305,0.47740601879123395,31645.2247445922,230.917929373302,0.2615675981152068,1.5707963267948968,-0.07582620021037066,79.68153233270247,1515.5612039369,9.753112771548317,-1.9924489096453294e-15,0.10669234952997686,79.44765480873996,4.433053063545229e-16,0.20945131273086612,-2.7566635321233943,0.0,0.0,0.0,3.09749633998767e-18,0.00146349404189317,0.019261567770409296,0.0,0.0,0.0,0.0,0.0,0.0,0.0,0.0,0.5,0.0,0.0,1.0,3.7327234438011327e-16,6.096,0.0
8.3,-1.1210461881408644e-14,0.060629256506675736,80.4124042398083,0.0,0.0,0.0,0.7070738839715086,-0.0002139771859795303,-0.7070738839715085,-0.00021397718597953032,6386946.153477111,0.30647765373055613,1.0500502911628861e-14,1.6551216344580942e-21,4.798500666984821e-08,8809.15347711835,0.0,-0.0006052950016068604,1.344021439728491e-16,-1.084367492975836e-19,-7.293826488685319e-05,4.491967591919017e-22,-1.2797831603709676e-20,-7.293826488685319e-05,4.569431594236504e-22,-1.2797557359430819e-20,304.66492417867096,0.47786158173297083,31682.509251365795,230.96974270518643,0.2646673472615123,1.5707963267948968,-0.0749111966774306,80.63485762685994,1553.524094038867,9.753137351238573,1.7911139196108807e-15,0.10929233113607259,80.40487822860509,4.544408983723442e-16,0.212108845496464,-2.825909444554641,0.0,0.0,0.0,3.175303790122753e-18,0.001482062955679764,0.019745408043106955,0.0,0.0,0.0,0.0,0.0,0.0,0.0,0.0,0.5,0.0,0.0,1.0,3.7327234438011327e-16,6.096,0.0
8.4,-1.1401474318096624e-14,0.06208770570846246,81.36811581728418,0.0,0.0,0.0,0.7070782414227211,-0.0002165565556991238,-0.707078241422721,-0.00021655655569912383,6386938.064605276,0.31753833795227987,1.1151174621282786e-14,1.7576847553765453e-21,4.971683375356232e-08,8801.064605283551,0.0,-0.0006125888567521597,1.7349993302277467e-16,-1.08437586049563e-19,-7.293867674920152e-05,3.343329606471772e-23,-1.044672252240138e-20,-7.293867674920152e-05,3.983283519809373e-23,-1.0446700081392883e-20,304.6995125651897,0.47832258411185974,31720.238936429276,231.02217469003097,0.2677646995598848,1.5707963267948968,-0.07401761365120899,81.58777343806136,1591.9926321426453,9.753162224505013,1.5833950172022927e-15,0.11192386714798316,81.36150203509644,4.657248218843201e-16,0.21477058497003476,-2.896077746171716,0.0,0.0,0.0,3.254147673284157e-18,0.0015006612628942339,0.02023569330323471,0.0,0.0,0.0,0.0,0.0,0.0,0.0,0.0,0.5,0.0,0.0,1.0,3.7327234438011327e-16,6.096,0.0
8.5,-1.1579985777164164e-14,0.06356431927585968,82.32334433183102,0.0,0.0,0.0,0.7070830372561019,-0.0002191360923288103,-0.7070830372561018,-0.00021913609232881033,6386929.87988082,0.3288644860449313,1.129991649192031e-14,1.781132235174461e-21,5.149022962161695e-08,8792.879880829094,0.0,-0.0006198827510876889,1.478489798207417e-16,-5.422135415721417e-20,-7.293909360029632e-05,2.119850574398527e-22,-1.1491837920661481e-20,-7.293909360029632e-05,2.191083565367287e-22,-1.1491704351716886e-20,304.73448995159487,0.47879091345498875,31758.615117474616,231.07522871561986,0.27085962669787134,1.5707963267948968,-0.07314502858600129,82.54027053858411,1630.977225238668,9.75318739261462,6.211864522278929e-16,0.11458746252140506,82.31776848804816,4.771601089219319e-16,0.2174374269553752,-2.96718729145367,0.0,0.0,0.0,3.3340491751113962e-18,0.0015192952227645706,0.020732555292233532,0.0,0.0,0.0,0.0,0.0,0.0,0.0,0.0,0.5,0.0,0.0,1.0,3.7327234438011327e-16,6.096,0.0
8.6,-1.1703700001440537e-14,0.06505904039059889,83.2780857031129,0.0,0.0,0.0,0.7070874747352432,-0.00022171555105370287,-0.7070874747352431,-0.0002217155510537029,6386921.599810847,0.34045800097892365,1.1200619221159494e-14,1.7654829573336784e-21,5.3305492435966393e-08,8784.599810856706,0.0,-0.0006271766860127257,1.2270633301710507e-16,-1.0843266688866756e-19,-7.293951541877816e-05,7.592361101090781e-23,-1.0710655003088391e-20,-7.293951541877816e-05,8.264053316372675e-23,-1.0710605375282622e-20,304.7698716397852,0.47926498043252114,31797.46851243546,231.12890088800233,0.2739520823728522,1.5707963267948968,-0.07229245244362595,83.492341332159,1670.4719705802647,9.753212854010995,-3.501435901131431e-16,0.11728272718298458,83.27348925141915,4.887450438116302e-16,0.22010869131360714,-3.039227411602639,0.0,0.0,0.0,3.4149963077205836e-18,0.0015379600829730016,0.021235919464272675,0.0,0.0,0.0,0.0,0.0,0.0,0.0,0.0,0.5,0.0,0.0,1.0,3.7327234438011327e-16,6.096,0.0
8.700000000000001,-1.180911901601632e-14,0.06657189587926256,84.23233359408601,0.0,0.0,0.0,0.7070911602413776,-0.00022429480331368626,-0.7070911602413775,-0.00022429480331368629,6386913.224444236,0.35232204333923384,1.1221264640261782e-14,1.7687394995887235e-21,5.516311729284394e-08,8776.22444424592,0.0,-0.0006344706625677883,1.7847769207389423e-16,-1.0843484251827624e-19,-7.293994220662364e-05,6.593189201562464e-22,-1.389636179365341e-20,-7.293994220662364e-05,6.681356207337996e-22,-1.3895940678158238e-20,304.80566054143594,0.47974450352207726,31836.769077280424,231.18319078192832,0.27704202333482497,1.5707963267948968,-0.0714591218467605,84.44397692030724,1710.4775118915902,9.753238608547235,1.213109859567853e-15,0.1200095329538501,84.22856130869914,5.004798219667277e-16,0.22278428136987924,-3.1121993217828554,0.0,0.0,0.0,3.4969904365183854e-18,0.0015566551680256998,0.021745794310039503,0.0,0.0,0.0,0.0,0.0,0.0,0.0,0.0,0.5,0.0,0.0,1.0,3.7327234438011327e-16,6.096,0.0
8.8,-1.193699892258458e-14,0.06810299913475586,85.1860792268111,0.0,0.0,0.0,0.7070941299102002,-0.00022687385158576864,-0.7070941299102,-0.00022687385158576867,6386904.753372814,0.3644611065063459,1.1551759310894747e-14,1.820835790236888e-21,5.7063807999691083e-08,8767.75337282413,0.0,-0.0006417646786022277,1.6259107215799157e-16,-9.036266144485407e-20,-7.294037398950843e-05,1.2844416822628986e-22,-1.0963512571984308e-20,-7.294037398950843e-05,1.3548045937155813e-22,-1.0963427824638035e-20,304.8418584007153,0.4802295060931642,31876.5187273184,231.23810104321,0.28012939873990195,1.5707963267948968,-0.07064448141580348,85.39516686409817,1750.9979249493679,9.75326465748245,2.5860309302470702e-15,0.12276803992113258,85.18297856801497,5.123656385731498e-16,0.22546424646008356,-3.186110454175724,0.0,0.0,0.0,3.5800399125982276e-18,0.0015753808226461388,0.022262231760233626,0.0,0.0,0.0,0.0,0.0,0.0,0.0,0.0,0.5,0.0,0.0,1.0,3.7327234438011327e-16,6.096,0.0
8.9,-1.210942481594465e-14,0.06965228957884691,86.1393186011001,0.0,0.0,0.0,0.7070964544863982,-0.0002294527110103173,-0.7070964544863981,-0.00022945271101031733,6386896.18710489,0.37687705340612787,1.2257908451102144e-14,1.9321445297000663e-21,5.9007856464176446e-08,8759.187104900988,0.0,-0.0006490587347730586,1.9050520277999012e-16,-9.036404347888319e-20,-7.294081074542018e-05,3.6248270059014585e-22,-1.2230183425375836e-20,-7.294081074542018e-05,3.7042036462760626e-22,-1.2229945644235967e-20,304.878463045558,0.48071995904303055,31916.715077357483,231.2936283769377,0.28321418264279263,1.5707963267948968,-0.0698478312096977,86.34590507995607,1792.0323710024156,9.753290999256576,1.7154814857541703e-16,0.12555811622280869,86.13674837173185,5.244022467255989e-16,0.22814859372268034,-3.2609592734176487,0.0,0.0,0.0,3.664143010764755e-18,0.0015941370967127069,0.022785221086846493,0.0,0.0,0.0,0.0,0.0,0.0,0.0,0.0,0.5,0.0,0.0,1.0,3.7327234438011327e-16,6.096,0.0
9.0,-1.2330132972619778e-14,0.07121979446506002,87.09204531473397,0.0,0.0,0.0,0.7070982285847518,-0.00023203140633850015,-0.7070982285847517,-0.00023203140633850018,6386887.5256912615,0.3895730495206803,1.3286223276793434e-14,2.0942348171602704e-21,6.099575856841408e-08,8750.525691273622,0.0,-0.0006563528336678424,1.8290965427147873e-16,-1.0843398520485895e-19,-7.294125247633136e-05,-2.462232526266481e-22,-9.049850472717452e-21,-7.294125247633136e-05,-2.4028330501472445e-22,-9.050010132702036e-21,304.915474258902,0.4812158594633381,31957.357889037277,231.34977245383976,0.28629633732362586,1.5707963267948968,-0.06906859575930543,87.29618347361996,1833.5824794645043,9.753317633716932,7.480310344957099e-16,0.12837979396022742,87.08988240961793,5.365901231575922e-16,0.23083735075185258,-3.336748744043189,0.0,0.0,0.0,3.7493030620864284e-18,0.0016129241830335657,0.023314783003898013,0.0,0.0,0.0,0.0,0.0,0.0,0.0,0.0,0.5,0.0,0.0,1.0,3.7327234438011327e-16,6.096,0.0
9.1,-1.2584599500936673e-14,0.07280562952531615,88.04425041155808,0.0,0.0,0.0,0.7070995729350444,-0.00023460997251955335,-0.7070995729350443,-0.00023460997251955338,6386878.768726422,0.40255363799526034,1.4462651881287956e-14,2.279671980913615e-21,6.302822593475661e-08,8741.76872643549,0.0,-0.00066364697842675,1.4329506388970123e-16,-7.229064025152853e-20,-7.294169920822714e-05,5.723155831341146e-22,-1.3467263729978453e-20,-7.294169920822714e-05,5.812527382263709e-22,-1.3466880993143393e-20,304.952869696926,0.48171939250130275,31998.680647761044,231.40653674065507,0.2893758352205607,1.5707963267948968,-0.06830630864414863,88.24599174185794,1875.6608047965233,9.753344562114583,-2.3907025833965025e-15,0.13123327102734386,88.04239737117942,5.489329432379816e-16,0.233531614348503,-3.4135017210805514,0.0,0.0,0.0,3.8355457473782606e-18,0.0016317497452588746,0.023851077205768585,0.0,0.0,0.0,0.0,0.0,0.0,0.0,0.0,0.5,0.0,0.0,1.0,3.7327234438011327e-16,6.096,0.0
9.200000000000001,-1.2839521392475204e-14,0.07440973573181328,88.9959298984185,0.0,0.0,0.0,0.7071006401383556,-0.00023718845644989228,-0.7071006401383555,-0.0002371884564498923,6386869.916719879,0.4158206399266986,1.549058872215422e-14,2.4417036817573836e-21,6.510554393755636e-08,8732.916719892373,0.0,-0.0006709411706424211,1.5401293673957842e-16,-1.0843211374468263e-19,-7.29421509192922e-05,-4.979933999923854e-23,-1.0285878023533479e-20,-7.29421509192922e-05,-4.28976946319264e-23,-1.0285909040516653e-20,304.9906694433975,0.4822285300898257,32040.466844119364,231.46391715972274,0.2924526312273158,1.5707963267948968,-0.0675603702631708,89.1953241524298,1918.259114148283,9.753371782885855,3.0969549449989657e-15,0.13411845561493604,88.99432415702422,5.614282951624346e-16,0.23623044384783,-3.4912032068905154,0.0,0.0,0.0,3.9228542146987454e-18,0.00165060721070444,0.024393998899819972,0.0,0.0,0.0,0.0,0.0,0.0,0.0,0.0,0.5,0.0,0.0,1.0,3.7327234438011327e-16,6.096,0.0
9.3,-1.3043555871079948e-14,0.07603214227383664,89.94707728789987,0.0,0.0,0.0,0.707101607651179,-0.0002397669148468314,-0.7071016076511789,-0.00023976691484683144,6386860.969724351,0.4293772247466775,1.5955034062707487e-14,2.5149154137015855e-21,6.722820909709081e-08,8723.96972436551,0.0,-0.0006782354095938651,1.5523306165919613e-16,-5.422133167785814e-20,-7.294260761166402e-05,-1.6253216954034072e-22,-9.775404103362959e-21,-7.294260761166402e-05,-1.5590210745999297e-22,-9.775512090068244e-21,305.02887481084144,0.48274313112461753,32082.701439189022,231.5219133157612,0.295526687048115,1.5707963267948968,-0.06683029181048093,90.1441728268622,1961.3785579243845,9.753399295872258,2.9527164503802304e-15,0.13703542341469524,89.94569918720619,5.740765142957439e-16,0.23893379978483698,-3.569855286915957,0.0,0.0,0.0,4.011230807334106e-18,0.0016694963036174547,0.024943562657616256,0.0,0.0,0.0,0.0,0.0,0.0,0.0,0.0,0.5,0.0,0.0,1.0,3.7327234438011327e-16,6.096,0.0
9.4,-1.3191559472486674e-14,0.0776729657102696,90.89768346575599,0.0,0.0,0.0,0.707102598466731,-0.00024234538976777726,-0.7071025984667308,-0.00024234538976777728,6386851.927337044,0.4432279853005953,1.583978322956775e-14,2.4967525368007505e-21,6.939694084143093e-08,8714.92733705944,0.0,-0.0006855296987215952,1.7291665621865273e-16,-1.084334858080089e-19,-7.294306931133512e-05,2.882501515904334e-22,-1.2075803953313831e-20,-7.294306931133512e-05,2.965279911262739e-22,-1.2075603593191208e-20,305.067487519271,0.48326321877311595,32125.38633437961,231.5805278197685,0.29859795232515796,1.5707963267948968,-0.06611566645276039,91.09252747560974,2005.0233420430773,9.753427102316682,1.3668723175853733e-15,0.1399843866882654,90.89654418265073,5.868788327093681e-16,0.2416417306371885,-3.6494656227084326,0.0,0.0,0.0,4.100684134107155e-18,0.0016884173627247203,0.025499822012529493,0.0,0.0,0.0,0.0,0.0,0.0,0.0,0.0,0.5,0.0,0.0,1.0,3.7327234438011327e-16,6.096,0.0
9.5,-1.3348997546301153e-14,0.07933214513504142,91.84774449527384,0.0,0.0,0.0,0.707103530623564,-0.00024492385400658417,-0.7071035306235639,-0.00024492385400658417,6386842.790068661,0.45737470021481463,1.57747996545646e-14,2.4865130545787026e-21,7.161201791153633e-08,8705.790068677006,0.0,-0.0006928240410299217,1.6587341041892153e-16,-7.229268310174461e-20,-7.294353599616223e-05,2.8950262987846785e-22,-1.2089701566231307e-20,-7.294353599616223e-05,2.9787799746246125e-22,-1.2089498208232425e-20,305.1065053878882,0.4837887636614143,32168.519118901106,231.63975736127009,0.30166640289595703,1.5707963267948968,-0.06541592133279013,92.04038236537892,2049.1926459303195,9.753455200651825,2.0077891478855853e-15,0.14296517142366857,91.84683407165447,5.998350110181707e-16,0.24435424081718002,-3.730032725667947,0.0,0.0,0.0,4.1912125223679735e-18,0.0017073704188561617,0.026062766563301303,0.0,0.0,0.0,0.0,0.0,0.0,0.0,0.0,0.5,0.0,0.0,1.0,3.7327234438011327e-16,6.096,0.0
9.600000000000001,-1.3507039132384183e-14,0.08100970972879258,92.79725383123427,0.0,0.0,0.0,0.707104346671989,-0.00024750228392389056,-0.7071043466719888,-0.0002475022839238906,6386833.557973863,0.4718205421847294,1.5809349215007588e-14,2.4919625778702686e-21,7.387393735909524e-08,8696.55797387939,0.0,-0.0007001184288354832,1.7594986980727044e-16,-1.0843394854764945e-19,-7.294400766808848e-05,5.45580653302578e-22,-1.3384592688186836e-20,-7.294400766808848e-05,5.549513188280062e-22,-1.3384207436813493e-20,305.14591813642716,0.48432066958045594,32212.196820161542,231.69960193645878,0.3047320116443545,1.5707963267948968,-0.0647305848005695,92.98772947877696,2093.8920854256194,9.753483590713342,1.0735443280960482e-15,0.14597776481859503,92.79654675480603,6.129466951325309e-16,0.24707181861330121,-3.8115668307748978,0.0,0.0,0.0,4.282827472545958e-18,0.0017263588838180165,0.026632467824560236,0.0,0.0,0.0,0.0,0.0,0.0,0.0,0.0,0.5,0.0,0.0,1.0,3.7327234438011327e-16,6.096,0.0
9.700000000000001,-1.3658334793284382e-14,0.082705777512905,93.74620219015358,0.0,0.0,0.0,0.7071050064029286,-0.0002500806625187415,-0.7071050064029285,-0.0002500806625187415,6386824.230652607,0.4865701533294857,1.5969455752843328e-14,2.5172032127784152e-21,7.618342635206756e-08,8687.230652625984,0.0,-0.0007074128585192086,1.8568489324704063e-16,-5.422451901229739e-20,-7.294448435309959e-05,4.0915045061085603e-22,-1.267239196865744e-20,-7.294448435309959e-05,4.1811461633327646e-22,-1.2672099429243899e-20,305.1857203415345,0.48485960331292066,32256.490383129865,231.76006438728442,0.3077947350921484,1.5707963267948968,-0.06405927285650058,93.93455833838263,2139.1289932224495,9.75351227373582,1.590887416210863e-16,0.14902231288161813,93.74566136634422,6.262160350182372e-16,0.24979485704112173,-3.894081307443543,0.0,0.0,0.0,4.375544007044548e-18,0.0017453855037183757,0.02720901921208801,0.0,0.0,0.0,0.0,0.0,0.0,0.0,0.0,0.5,0.0,0.0,1.0,3.7327234438011327e-16,6.096,0.0
9.8,-1.3798453912279471e-14,0.08442028958693584,94.69458563329574,0.0,0.0,0.0,0.7071054883460651,-0.00025265898000216374,-0.707105488346065,-0.0002526589800021638,6386814.808616775,0.5016252701808045,1.6265959032870296e-14,2.563943679811942e-21,7.854075705720403e-08,8677.808616794335,0.0,-0.0007147073292732128,1.839654410467468e-16,-9.036495182488204e-20,-7.294496602924454e-05,2.390716364009139e-22,-1.182568119453983e-20,-7.294496602924454e-05,2.4752354529863016e-22,-1.1825507292896511e-20,305.22592671939054,0.48540400966499236,32301.233726482213,231.82114080597648,0.3108545335665535,1.5707963267948968,-0.06340148871233073,94.88086347816869,2184.896102801159,9.753541248148395,3.211506108430612e-16,0.15209866203821784,94.69416693591377,6.396409035777782e-16,0.2525225883199512,-3.9775629284644305,0.0,0.0,0.0,4.4693472632472574e-18,0.0017644449138619737,0.027792328303727083,0.0,0.0,0.0,0.0,0.0,0.0,0.0,0.0,0.5,0.0,0.0,1.0,3.7327234438011327e-16,6.096,0.0
9.9,-1.3925792645501089e-14,0.08615327558731405,95.64239754501997,0.0,0.0,0.0,0.7071057875330912,-0.00025523723306955883,-0.7071057875330911,-0.00025523723306955883,6386805.291923025,0.5169890692985709,1.669634159176317e-14,2.631787257390156e-21,8.094642715229977e-08,8668.29192304518,0.0,-0.0007220018428035042,1.9102697111337267e-16,-5.422571669685092e-20,-7.294545269857292e-05,2.609698810669479e-22,-1.1906051775938605e-20,-7.294545269857292e-05,2.695660036227869e-22,-1.1905860251987076e-20,305.26653702820875,0.4859538853628068,32346.426581148226,231.88283082524336,0.3139113706004868,1.5707963267948968,-0.0627568248993089,95.82663703698925,2231.195151431554,9.753570513780678,-3.4021652092441607e-16,0.155206818426515,95.64205407481991,6.532218106058724e-16,0.2552550370662363,-4.062014863960925,0.0,0.0,0.0,4.5642408032302705e-18,0.001783537286250707,0.028382417250003004,0.0,0.0,0.0,0.0,0.0,0.0,0.0,0.0,0.5,0.0,0.0,1.0,3.7327234438011327e-16,6.096,0.0
10.0,-1.4041535867768941e-14,0.08790485439051951,96.5896284758124,0.0,0.0,0.0,0.707105915379828,-0.0002578154248222951,-0.7071059153798279,-0.0002578154248222951,6386795.680174136,0.5326662426405997,1.7244669006593488e-14,2.718222352369103e-21,8.340117163459228e-08,8658.680174157334,0.0,-0.0007292964024764059,1.8359032443904679e-16,-9.036569997826207e-20,-7.294594438717176e-05,-4.357148641911104e-22,-8.540097299646491e-21,-7.294594438717176e-05,-4.294864640593589e-22,-8.5404127906021e-21,305.3075529630393,0.4865092533578514,32392.070833450998,231.94513701999009,0.31696519534683115,1.5707963267948968,-0.06212495258814729,96.77186856845073,2278.0304597113613,9.753600071858756,3.974263283842632e-16,0.15834694871649757,96.58931498595022,6.669600234361861e-16,0.25799225033923984,-4.14744499476019,0.0,0.0,0.0,4.660233482203161e-18,0.0018026629497006129,0.028979341116426947,0.0,0.0,0.0,0.0,0.0,0.0,0.0,0.0,0.5,0.0,0.0,1.0,3.7327234438011327e-16,6.096,0.0
10.100000000000001,-1.4149833682151165e-14,0.08967496709367179,97.53627451233154,0.0,0.0,0.0,0.7071059021846152,-0.000260393565669342,-0.7071059021846151,-0.000260393565669342,6386785.973883173,0.5486584846629313,1.787989562055216e-14,2.8183554160975906e-21,8.590525609992084e-08,8648.9738831964,0.0,-0.0007365910117613065,1.4256743221068744e-16,-5.422248293808334e-20,-7.294644107309653e-05,2.7170279393618886e-22,-1.1887389355007904e-20,-7.294644107309653e-05,2.8045932170326353e-22,-1.1887185900406178e-20,305.34896934565927,0.4870703552391275,32438.193182448587,232.00805616887044,0.3200159891087478,1.5707963267948968,-0.06150543893696619,97.71655285426952,2325.4025214530493,9.753629920808155,4.431424819203688e-15,0.16151892182060099,97.53595273121151,6.808556858940273e-16,0.26073437436071945,-4.233854215230005,0.0,0.0,0.0,4.757326305112989e-18,0.001821822925903408,0.029583106152193048,0.0,0.0,0.0,0.0,0.0,0.0,0.0,0.0,0.5,0.0,0.0,1.0,3.7327234438011327e-16,6.096,0.0
10.200000000000001,-1.42576003252524e-14,0.09146364375756526,98.48232896894282,0.0,0.0,0.0,0.7071057944376894,-0.0002629716723633759,-0.7071057944376893,-0.0002629716723633759,6386776.173108792,0.5649689757890574,1.8557775315290227e-14,2.9252121193198358e-21,8.845917885267846e-08,8639.173108817078,0.0,-0.0007438856739895518,1.4700174772173401e-16,-5.422325585402711e-20,-7.294694275839505e-05,2.7703883362323064e-22,-1.1885356317007193e-20,-7.294694275839505e-05,2.8588010245037928e-22,-1.1885146943331456e-20,305.3907633561236,0.48763923579340696,32485.01336123317,232.07158868075533,0.32306373995186655,1.5707963267948968,-0.060897931426028805,98.66068215658473,2373.3231428755757,9.753660060452473,4.067138961725475e-15,0.16472276840481503,98.48197244444945,6.949122552759009e-16,0.26348254294442,-4.321264024330699,0.0,0.0,0.0,4.855543429043187e-18,0.001841025137128179,0.030193862576461724,0.0,0.0,0.0,0.0,0.0,0.0,0.0,0.0,0.5,0.0,0.0,1.0,3.7327234438011327e-16,6.096,0.0
10.3,-1.437467822028139e-14,0.09327100411991736,99.42778222908949,0.0,0.0,0.0,0.7071056559242518,-0.00026554976839826924,-0.7071056559242517,-0.00026554976839826924,6386766.2774566235,0.581602457871358,1.921981168982383e-14,3.0295718552907787e-21,9.106368272907678e-08,8629.277456649268,0.0,-0.0007511803915394392,1.5745083728230639e-16,-5.422460709615203e-20,-7.294744946914187e-05,-7.244875437381867e-22,-7.180082203361741e-21,-7.294744946914187e-05,-7.190933383310736e-22,-7.180624298649267e-21,305.4329619594427,0.4882136234766963,32532.286789408845,232.1357362281457,0.3261083708169836,1.5707963267948968,-0.060302148648577636,99.6042460313485,2421.785970386595,9.753690492009182,-5.9376293219643e-16,0.16795868234509148,99.42738168460326,7.091278730032081e-16,0.26623558582837525,-4.409662864619191,0.0,0.0,0.0,4.954871867592902e-18,0.0018602614064320724,0.03081152963419323,0.0,0.0,0.0,0.0,0.0,0.0,0.0,0.0,0.5,0.0,0.0,1.0,3.7327234438011327e-16,6.096,0.0
10.4,-1.4513674953978733e-14,0.09509698926927042,100.37263040583728,0.0,0.0,0.0,0.7071055679668179,-0.0002681278840907533,-0.7071055679668178,-0.0002681278840907533,6386756.287440889,0.5985605832342965,1.979367737891663e-14,3.1200338117160284e-21,9.371902674560854e-08,8619.287440916523,0.0,-0.0007584751641372118,1.3032022421450992e-16,-5.42224991277081e-20,-7.294796118327806e-05,2.8315659108128617e-22,-1.1877019185065219e-20,-7.294796118327806e-05,2.9216472081065626e-22,-1.1876801047491831e-20,305.4755629627833,0.4887934884411725,32580.01101043109,232.20049547764026,0.32914986091209425,1.5707963267948968,-0.0597177128692486,100.54723947754333,2470.7902129655477,9.753721213900306,-1.5943143748651431e-15,0.17122656103986536,100.37219940905572,7.23502305964934e-16,0.2689935022721572,-4.499049286510682,0.0,0.0,0.0,5.055309991951233e-18,0.0018795317286415128,0.03143609719673908,0.0,0.0,0.0,0.0,0.0,0.0,0.0,0.0,0.5,0.0,0.0,1.0,3.7327234438011327e-16,6.096,0.0
10.5,-1.4690022843422076e-14,0.09694162969078442,101.31686674355785,0.0,0.0,0.0,0.7071056285141685,-0.00027070605625077987,-0.7071056285141684,-0.00027070605625077987,6386746.203122237,0.6158465361649714,2.0193397609196055e-14,3.1830458913396676e-21,9.642570983389095e-08,8609.203122266568,0.0,-0.0007657699887794885,1.510191254797251e-16,-5.422483928271614e-20,-7.294847790272226e-05,1.179989816970358e-22,-1.1136514756442653e-20,-7.294847790272226e-05,1.2652695504612697e-22,-1.1136421131126159e-20,305.5185661075216,0.48937882716657166,32628.18573457409,232.2658660360964,0.3321881748357168,1.5707963267948968,-0.059144318973675246,101.48965485368288,2520.337673675059,9.753752225943407,3.755173491564331e-15,0.174526466172088,101.31644733393878,7.380360817370868e-16,0.27175631423092506,-4.5894265707002635,0.0,0.0,0.0,5.15686148843714e-18,0.0018988362571632485,0.03206758818721998,0.0,0.0,0.0,0.0,0.0,0.0,0.0,0.0,0.5,0.0,0.0,1.0,3.7327234438011327e-16,6.096,0.0
10.600000000000001,-1.487973487159191e-14,0.09880504582685408,102.26048145852623,0.0,0.0,0.0,0.7071058692851199,-0.00027328429958262904,-0.7071058692851198,-0.00027328429958262904,6386736.024109224,0.633465108215468,2.0452618990111864e-14,3.2239116251609206e-21,9.918448263954931e-08,8599.024109254591,0.0,-0.000773064868529098,1.6144685220050715e-16,-5.422625363849969e-20,-7.29489996535304e-05,-6.995772005019035e-22,-7.455698579007903e-21,-7.29489996535304e-05,-6.938125240470522e-22,-7.456237008651073e-21,305.56197022632983,0.4899699211548658,32676.840668447534,232.33185054039893,0.3352232645672575,1.5707963267948968,-0.05858171220802528,102.43148160996097,2570.434146350201,9.753783529347134,2.670719067233118e-15,0.17785858393571044,102.26012604115267,7.527308988281027e-16,0.27452421190949283,-4.680805279245727,0.0,0.0,0.0,5.259538224997133e-18,0.0019181763210107305,0.03270607640564435,0.0,0.0,0.0,0.0,0.0,0.0,0.0,0.0,0.5,0.0,0.0,1.0,3.7327234438011327e-16,6.096,0.0
10.700000000000001,-1.5029765724985795e-14,0.10068717924685681,103.20347067962224,0.0,0.0,0.0,0.7071061679114719,-0.00027586257069979676,-0.7071061679114717,-0.00027586257069979676,6386725.750917268,0.6514179088636592,2.0746154487297457e-14,3.2701864230620916e-21,1.0199559748808004e-07,8588.750917300893,0.0,-0.0007803598103906269,1.7666025430847006e-16,-5.422821532379955e-20,-7.294952641377522e-05,3.9128537739345265e-22,-1.240368348990065e-20,-7.294952641377522e-05,4.0096475380989824e-22,-1.2403374334008751e-20,305.6057489337072,0.4905689471097904,32726.21071221845,232.3984464968359,0.3382551362716476,1.5707963267948968,-0.05802952061862065,103.37271467736059,2621.0906875445,9.753815122529883,1.1117549393683716e-15,0.18122271647457192,103.20319737724671,7.675899967132929e-16,0.2772984436738798,-4.7732055566013,0.0,0.0,0.0,5.363362836737933e-18,0.001937560642861356,0.03335170260686524,0.0,0.0,0.0,0.0,0.0,0.0,0.0,0.0,0.5,0.0,0.0,1.0,3.7327234438011327e-16,6.096,0.0
10.8,-1.5157812576490498e-14,0.10258806216025951,104.14582755732178,0.0,0.0,0.0,0.7071064779769093,-0.00027844084920264036,-0.7071064779769092,-0.00027844084920264036,6386715.383609036,0.6697081258341603,2.1057461489353836e-14,3.3192627210306788e-21,1.0485955387223094e-07,8578.383609070443,0.0,-0.0007876548070744246,1.92115500359442e-16,-5.423029152123843e-20,-7.295005818547401e-05,-7.973675932891083e-22,-7.081135784552476e-21,-7.295005818547401e-05,-7.91789855882119e-22,-7.081761638336853e-21,305.6499287130161,0.49117346094937714,32776.03305209399,232.4656525619416,0.3412837252133861,1.5707963267948968,-0.05748744936114713,104.31334628238405,2672.2965572779904,9.753847005303108,-4.77615185132599e-16,0.18461885386408747,104.14564127999238,7.826102320909932e-16,0.28007767483005375,-4.86660785636196,0.0,0.0,0.0,5.468313360544595e-18,0.0019569798968401115,0.03400433021476422,0.0,0.0,0.0,0.0,0.0,0.0,0.0,0.0,0.5,0.0,0.0,1.0,3.7327234438011327e-16,6.096,0.0
10.9,-1.5279905466483803e-14,0.104507817302816,105.08754211202549,0.0,0.0,0.0,0.7071067627242239,-0.0002810191187202445,-0.7071067627242238,-0.0002810191187202445,6386704.921796014,0.6883406004726943,2.1369402881118076e-14,3.368439228346861e-21,1.0777711026270321e-07,8567.921796051165,0.0,-0.0007949498539685818,1.3849386852638007e-16,-5.422502050584712e-20,-7.295059499477133e-05,7.287847892686302e-23,-1.0948712237484642e-20,-7.295059499477133e-05,8.158217442813997e-23,-1.094865083359934e-20,305.69451121988175,0.4917834853276191,32826.3095551529,232.53347125424523,0.34430897974469976,1.5707963267948968,-0.05695526195127394,105.25336570503208,2724.056248812662,9.753879178866606,-6.669993885099925e-16,0.1880471436033999,105.08743694121816,7.977929236458332e-16,0.2828619495300831,-4.961020378677301,0.0,0.0,0.0,5.574399010430024e-18,0.0019764343914496665,0.03466401652604627,0.0,0.0,0.0,0.0,0.0,0.0,0.0,0.0,0.5,0.0,0.0,1.0,3.7327234438011327e-16,6.096,0.0
11.0,-1.540906246809962e-14,0.10644638688380355,106.028610485807,0.0,0.0,0.0,0.7071069936697709,-0.0002835973664916619,-0.7071069936697708,-0.0002835973664916619,6386694.365994742,0.7073169001933716,2.1668231995933716e-14,3.415549068682072e-21,1.1074851241685889e-07,8557.365994780945,0.0,-0.0008022449483497403,1.544602881707017e-16,-5.422715859338749e-20,-7.295113681961803e-05,3.777431006767549e-22,-1.2276150953716696e-20,-7.295113681961803e-05,3.8759151381900257e-22,-1.227584394797597e-20,305.73949425310315,0.49239899012538657,32877.03773906075,232.60189922529037,0.3473308802356452,1.5707963267948968,-0.056432638887990855,106.19276809834744,2776.3689618154554,9.753911641635375,-3.9578301565201853e-16,0.1915074285152068,106.02857174915283,8.131378371405749e-16,0.2856512630827167,-5.056441666959182,0.0,0.0,0.0,5.6816181497140874e-18,0.0019959240939109563,0.03533075136312864,0.0,0.0,0.0,0.0,0.0,0.0,0.0,0.0,0.5,0.0,0.0,1.0,3.7327234438011327e-16,6.096,0.0
11.100000000000001,-1.555516133362985e-14,0.10840380332908084,106.96902575454496,0.0,0.0,0.0,0.7071071503274606,-0.00028617558327645746,-0.7071071503274605,-0.00028617558327645746,6386683.716269991,0.7266402164915747,2.1943646275283387e-14,3.458968245611215e-21,1.13774260441372e-07,8546.716270032339,0.0,-0.0008095400896906709,1.4625916889589362e-16,-5.422668326010682e-20,-7.29516836620664e-05,6.871936726656364e-22,-1.361192518341694e-20,-7.29516836620664e-05,6.982128454179329e-22,-1.3611364412327864e-20,305.78486801189234,0.49302084509988353,32928.31138808381,232.6709363896099,0.35034940228275,1.5707963267948968,-0.055919320204382644,107.13154573507609,2829.241555933746,9.753944393414502,-7.44775173584177e-15,0.19499970858878518,106.96903215172581,8.286469829156902e-16,0.2884461453219862,-5.152884222371443,0.0,0.0,0.0,5.789984825199664e-18,0.00201545270632037,0.03600462207508812,0.0,0.0,0.0,0.0,0.0,0.0,0.0,0.0,0.5,0.0,0.0,1.0,3.7327234438011327e-16,6.096,0.0
11.200000000000001,-1.572517386248962e-14,0.11038019005045123,107.9087777636353,0.0,0.0,0.0,0.7071072197226888,-0.00028875376313546096,-0.7071072197226886,-0.00028875376313546096,6386672.972236295,0.7463154406680951,2.218854282150918e-14,3.4975771145257155e-21,1.1685512065825438e-07,8535.972236339314,0.0,-0.000816835279231333,1.6285077417166827e-16,-7.2299083478684e-20,-7.295223554831322e-05,2.2762999179468082e-22,-1.1619242438167249e-20,-7.295223554831322e-05,2.3712117550932126e-22,-1.1619052567428387e-20,305.8306220243551,0.49365018377483433,32980.252034717385,232.74058567133653,0.353364508315388,1.5707963267948968,-0.055415098807834746,108.06968782261386,2882.685322071978,9.75397743539458,-1.3478027908040798e-15,0.1985241413195336,107.90880344290238,8.443236704482586e-16,0.2912473073713567,-5.250368624669495,0.0,0.0,0.0,5.899522161115123e-18,0.002035025197493527,0.03668577245834705,0.0,0.0,0.0,0.0,0.0,0.0,0.0,0.0,0.5,0.0,0.0,1.0,3.7327234438011327e-16,6.096,0.0
11.3,-1.592277407225843e-14,0.11237548899499351,108.84786268049778,0.0,0.0,0.0,0.7071071977471831,-0.0002913319040068444,-0.707107197747183,-0.0002913319040068444,6386662.134411374,0.7663440977456026,2.2399507291898233e-14,3.530837448441357e-21,1.1999133220570475e-07,8525.134411420673,0.0,-0.0008241305188771079,1.74772050600912e-16,-5.423099514102965e-20,-7.29527924562851e-05,5.567815436468759e-22,-1.3067611764774336e-20,-7.29527924562851e-05,5.675510785035994e-22,-1.3067148394313814e-20,305.87677545150956,0.49428501633107186,33032.646102947176,232.81084296414016,0.3563761552428945,1.5707963267948968,-0.0549196906476369,109.00718965989769,2936.6884130702338,9.75401076598701,-2.7224235301138357e-15,0.20208058053721858,108.84787982599656,8.601644297696024e-16,0.2940536058571618,-5.34887329609197,0.0,0.0,0.0,6.010205911833072e-18,0.002054633578363533,0.037374051743140436,0.0,0.0,0.0,0.0,0.0,0.0,0.0,0.0,0.5,0.0,0.0,1.0,3.7327234438011327e-16,6.096,0.0
11.4,-1.6148680968574524e-14,0.11438973279453826,109.78627350652653,0.0,0.0,0.0,0.7071070878828795,-0.000293910007166916,-0.7071070878828793,-0.000293910007166916,6386651.202862101,0.7867293829838662,2.2576373471142632e-14,3.558723020878183e-21,1.2318339580393853e-07,8514.202862149104,0.0,-0.000831425811463111,1.4404561420979817e-16,-1.084378480372831e-19,-7.295335438802169e-05,-9.51554297587529e-22,-6.709427005541805e-21,-7.295335438802169e-05,-9.459755785477707e-22,-6.710215833245766e-21,305.9233280085751,0.49492533885148554,33085.49326948582,232.88170783451184,0.35938430803719074,1.5707963267948968,-0.054432865914555845,109.94404354879629,2991.252705674876,9.75404438499053,-7.584710244504462e-15,0.20566903822260607,109.78625465738764,8.761698114570449e-16,0.296865058017958,-5.448401660366056,0.0,0.0,0.0,6.122039924388994e-18,0.002074277969380933,0.03806948385199364,0.0,0.0,0.0,0.0,0.0,0.0,0.0,0.0,0.5,0.0,0.0,1.0,3.7327234438011327e-16,6.096,0.0
11.5,-1.6400675604875147e-14,0.11642304553991856,110.72399991103524,0.0,0.0,0.0,0.707106901284537,-0.0002964880772604031,-0.7071069012845369,-0.0002964880772604032,6386640.177206092,0.8074762376932084,2.2722219327573426e-14,3.581718988184004e-21,1.264320856357705e-07,8503.177206142806,0.0,-0.0008387211604050382,2.253452491467464e-16,-9.037861817632473e-20,-7.29539213697171e-05,-9.689579486361416e-22,-6.773681408898943e-21,-7.29539213697171e-05,-9.632761747519234e-22,-6.774491662951528e-21,305.97028132394394,0.4955711737343351,33138.79538290886,232.95318276128003,0.36238891462616446,1.5707963267948968,-0.053954443169804876,110.88023861000192,3046.3827971314086,9.754078293586405,7.821970527066907e-15,0.20928968515740018,110.72392039609217,8.923411639979863e-16,0.2996817054055666,-5.548962102967827,0.0,0.0,0.0,6.235033621035967e-18,0.0020939586608797536,0.038772127376538824,0.0,0.0,0.0,0.0,0.0,0.0,0.0,0.0,0.5,0.0,0.0,1.0,3.7327234438011327e-16,6.096,0.0
11.600000000000001,-1.6673220448200617e-14,0.11847536891303467,111.66103808786734,0.0,0.0,0.0,0.7071066578724967,-0.0002990661227724448,-0.7071066578724966,-0.00029906612277244484,6386629.057962211,0.8285861444503969,2.2843816193937425e-14,3.600892696864432e-21,1.2973763421197425e-07,8492.057962264555,0.0,-0.0008460165684636159,1.9054227711107296e-16,-1.084449557278829e-19,-7.295449337921608e-05,3.460242922756023e-22,-1.2359412744795197e-20,-7.295449337921608e-05,3.564808863917894e-22,-1.2359115470284323e-20,306.01761019946787,0.4962246100413152,33192.77855654096,233.02526518971473,0.36538998440406345,1.5707963267948968,-0.05348416942052649,111.81577027416076,3102.0911251870225,9.75411249018256,-7.579786515488827e-16,0.21294238919846425,111.6608789215078,9.08682130209449e-16,0.3025048313173456,-5.650577276504177,0.0,0.0,0.0,6.349212455140401e-18,0.0021136846196122814,0.03948214059678289,0.0,0.0,0.0,0.0,0.0,0.0,0.0,0.0,0.5,0.0,0.0,1.0,3.7327234438011327e-16,6.096,0.0
11.700000000000001,-1.6957875757535515e-14,0.12054673575168907,112.59738096393247,0.0,0.0,0.0,0.7071063850967196,-0.00030164415549609273,-0.7071063850967195,-0.0003016441554960928,6386617.845199436,0.8500623022795861,2.2951134198136155e-14,3.617815731297377e-21,1.3310054286691646e-07,8480.845199491829,0.0,-0.0008533120381287347,1.877240918825912e-16,-1.6265546419474248e-19,-7.295507041848464e-05,-1.0478808523055613e-21,-6.703522184631407e-21,-7.295507041848464e-05,-1.0421602753190273e-21,-6.704413913312709e-21,306.06532786270355,0.49688439712068344,33247.307987217115,233.09795419691653,0.3683874669719289,1.5707963267948968,-0.05302184128203306,112.7506308592743,3158.372320015307,9.754146974571366,-5.918247681975082e-16,0.21662717757387667,112.59713145290971,9.251911378447353e-16,0.305333715979457,-5.753237404067245,0.0,0.0,0.0,6.464565440981343e-18,0.002133450816320357,0.040199455198776324,0.0,0.0,0.0,0.0,0.0,0.0,0.0,0.0,0.5,0.0,0.0,1.0,3.7327234438011327e-16,6.096,0.0
11.8,-1.7243099335323965e-14,0.12263727082872439,113.53301803138447,0.0,0.0,0.0,0.7071061185880881,-0.0003042221908121236,-0.707106118588088,-0.00030422219081212363,6386606.538538495,0.8719097025550915,2.3057578822973556e-14,3.6346012074359725e-21,1.3652159365371212e-07,8469.538538554683,0.0,-0.0008606075712621015,1.3846427675904255e-16,-1.265093717473145e-19,-7.295565251364888e-05,1.6347396411238282e-22,-1.1793455391379646e-20,-7.295565251364888e-05,1.7362321499721748e-22,-1.1793310393386857e-20,306.1134451242434,0.497549709403511,33302.29405944995,233.17125191799983,0.37138129910753764,1.5707963267948968,-0.052567299794591245,113.6848093871851,3215.225825748408,9.75418174792468,-3.5489828004012705e-15,0.2203442379206592,113.5326786848557,9.4186802561268e-16,0.3081678870457038,-5.856941482679024,0.0,0.0,0.0,6.5810914515729745e-18,0.0021532539505909353,0.040924064174435386,0.0,0.0,0.0,0.0,0.0,0.0,0.0,0.0,0.5,0.0,0.0,1.0,3.7327234438011327e-16,6.096,0.0
11.9,-1.7514274603082347e-14,0.12474691555788248,114.467945511568,0.0,0.0,0.0,0.7071059019487966,-0.00030680024760049146,-0.7071059019487965,-0.0003068002476004915,6386595.138499369,0.8941297853533161,2.3179960428172173e-14,3.653898972035866e-21,1.400010124474342e-07,8458.138499432243,0.0,-0.0008679031677600395,1.1537694841554336e-16,-1.2650669049810294e-19,-7.295623964240482e-05,1.309394394263851e-22,-1.1726318139230807e-20,-7.295623964240482e-05,1.4111795030596108e-22,-1.1726199771388039e-20,306.16195977123493,0.4982205162929222,33357.73424449914,233.24515498209456,0.37437146348338823,1.5707963267948968,-0.05212031926501822,114.61830140826378,3272.6508244334605,9.754216808647032,-1.0679588222100387e-15,0.2240934553279811,114.46753101364058,9.587125530384608e-16,0.3110073336115163,-5.961688016963382,0.0,0.0,0.0,6.698788806651444e-18,0.0021730939462307817,0.041655957075154966,0.0,0.0,0.0,0.0,0.0,0.0,0.0,0.0,0.5,0.0,0.0,1.0,3.7327234438011327e-16,6.096,0.0
12.0,-1.7753803073141596e-14,0.12687570298293782,115.40215625690833,0.0,0.0,0.0,0.7071057865968315,-0.0003093783481709918,-0.7071057865968314,-0.00030937834817099184,6386583.645153139,0.9167257534628016,2.3338385484842986e-14,3.6788784644320585e-21,1.4353930119720743e-07,8446.64515320491,0.0,-0.0008751988260596163,1.3885397824060907e-16,-1.626506827678661e-19,-7.29568318065742e-05,1.7746088688994985e-22,-1.1977380781836387e-20,-7.29568318065742e-05,1.8794340718613374e-22,-1.1977220881121574e-20,306.21086181068256,0.4988977117435474,33413.725211796766,233.31966327008726,0.3773579374757095,1.5707963267948968,-0.05168071954328922,115.55109924553867,3330.65522665305,9.754252156524414,4.659690241868996e-15,0.22787487575875032,115.40169846941664,9.757270376333212e-16,0.3138526343491542,-6.067491418204461,0.0,0.0,0.0,6.8176736993064605e-18,0.002192974846582445,0.04239523459654876,0.0,0.0,0.0,0.0,0.0,0.0,0.0,0.0,0.5,0.0,0.0,1.0,3.7327234438011327e-16,6.096,0.0
12.100000000000001,-1.7940686791937463e-14,0.1290237585617225,116.33563958132173,0.0,0.0,0.0,0.7071058329859579,-0.0003119565187926024,-0.7071058329859577,-0.00031195651879260247,6386572.058123674,0.9397026483763173,2.355673363874676e-14,3.7133039226656965e-21,1.4713724983594818e-07,8435.05812374285,0.0,-0.0008824945426851336,1.573968123725603e-16,-1.6265389040910615e-19,-7.295742903213867e-05,-1.931733037600662e-22,-1.0529352530329824e-20,-7.295742903213867e-05,-1.83880749518795e-22,-1.052951880728354e-20,306.2601387550417,0.4995826236155967,33470.40983280796,233.39477971705563,0.3803406862316196,1.5707963267948968,-0.051248361441421544,116.4831918114769,3389.252875368448,9.754287792719209,2.4965147061561245e-15,0.2316887075580809,116.33519105990516,9.92915535929525e-16,0.3167046686598476,-6.174376911668907,0.0,0.0,0.0,6.937774473646837e-18,0.0022129027962646606,0.04314207299450632,0.0,0.0,0.0,0.0,0.0,0.0,0.0,0.0,0.5,0.0,0.0,1.0,3.7327234438011327e-16,6.096,0.0
12.200000000000001,-1.8083532133964377e-14,0.1311910238233821,117.26839172058462,0.0,0.0,0.0,0.7071061230525997,-0.00031453480532781723,-0.7071061230525996,-0.00031453480532781723,6386560.377932152,0.9630618670737187,2.3762219259465243e-14,3.74570200593112e-21,1.507950775099162e-07,8423.377932224112,0.0,-0.0008897903394784966,1.4641887868814113e-16,-5.423227669040292e-20,-7.295803129715161e-05,4.900274652826052e-23,-1.1463104097533785e-20,-7.295803129715161e-05,5.920254867773954e-23,-1.1463055942174886e-20,306.30981189598407,0.5002730423174037,33527.550209618596,233.47050011542615,0.3833196643711842,1.5707963267948968,-0.05082304554034064,117.41457476461369,3448.4286336326572,9.754323715632284,3.80549518114887e-15,0.2355348701422397,117.26803347966138,1.0102736121707704e-15,0.31956206337482074,-6.282316913911495,0.0,0.0,0.0,7.0590601358209e-18,0.0022328682005687797,0.04389627953589451,0.0,0.0,0.0,0.0,0.0,0.0,0.0,0.0,0.5,0.0,0.0,1.0,3.7327234438011327e-16,6.096,0.0
12.3,-1.8220288828852116e-14,0.13337753375176958,118.20040540965692,0.0,0.0,0.0,0.7071066407564636,-0.0003171132103400414,-0.7071066407564635,-0.0003171132103400414,6386548.604651907,0.9868066150114178,2.385287346635708e-14,3.75999904825096e-21,1.5451328661189994e-07,8411.604651983827,0.0,-0.0008970862370259088,1.9090523983709278e-16,-1.0844973532786385e-19,-7.295863860404148e-05,-2.0978298940253623e-23,-1.1172250012786774e-20,-7.295863860404148e-05,-1.0955820120170608e-23,-1.1172264336617083e-20,306.3598809216325,0.5009689635141121,33585.14598346765,233.54682398978144,0.38629483712395446,1.5707963267948968,-0.05040459883644381,118.34524030193612,3508.184431242029,9.754359925042799,-1.4158441149198452e-15,0.23941337582174332,118.200215020758,1.027801832776512e-15,0.32242483016669427,-6.391314947172617,0.0,0.0,0.0,7.181534643557474e-18,0.0022528711410546194,0.044657878831577597,0.0,0.0,0.0,0.0,0.0,0.0,0.0,0.0,0.5,0.0,0.0,1.0,3.7327234438011327e-16,6.096,0.0
12.4,-1.835425437071754e-14,0.13558341648652944,119.1316697420415,0.0,0.0,0.0,0.707107285719981,-0.0003196916824956047,-0.7071072857199809,-0.0003196916824956047,6386536.737910011,1.0109419832350734,2.3872241608120838e-14,3.763059144903074e-21,1.5829267486703723e-07,8399.737910090946,0.0,-0.0009043822121892785,1.7006818388185228e-16,-5.423695122227674e-20,-7.295925097869428e-05,-4.042608806887352e-23,-1.1103245479396513e-20,-7.295925097869428e-05,-3.0385845136603554e-23,-1.1103277846169304e-20,306.4103462502853,0.501670518043755,33643.2107468014,233.62375379901934,0.3892661523966827,1.5707963267948968,-0.04999287300253704,119.27517702058474,3568.5257769288437,9.754396422103456,-3.3410493033541216e-15,0.24332432810168902,119.13169276529844,1.045501814981018e-15,0.3252930765280399,-6.501381068112243,0.0,0.0,0.0,7.305209296918061e-18,0.0022729123688024007,0.04542694115021017,0.0,0.0,0.0,0.0,0.0,0.0,0.0,0.0,0.5,0.0,0.0,1.0,3.7327234438011327e-16,6.096,0.0
12.5,-1.8487933738033927e-14,0.13780861485003737,120.06218095359857,0.0,0.0,0.0,0.7071079687828798,-0.00032227017603504504,-0.7071079687828797,-0.00032227017603504504,6386524.7782286545,1.035469325966844,2.3860741620029258e-14,3.761253455216562e-21,1.6213345474605804e-07,8387.778228738656,0.0,-0.0009116782468096939,1.9633845895020396e-16,-9.038168523634009e-20,-7.295986839856817e-05,1.4319366441397062e-23,-1.13146980229506e-20,-7.295986839856817e-05,2.4634319700497473e-23,-1.1314680370755155e-20,306.461173935029,0.5023806309712984,33702.06168254177,233.70128727886205,0.39223363424947333,1.5707963267948968,-0.04958766291866307,120.20438049304572,3629.4731998160846,9.75443320521204,1.1259128245388704e-14,0.24726752473552344,120.06243365785294,1.0633795746361123e-15,0.3281687192732601,-6.612552685890831,0.0,0.0,0.0,7.43012613031718e-18,0.002293005277122583,0.04620372787990543,0.0,0.0,0.0,0.0,0.0,0.0,0.0,0.0,0.5,0.0,0.0,1.0,3.7327234438011327e-16,6.096,0.0
12.600000000000001,-1.8623440241216884e-14,0.140053164263628,120.99193170011178,0.0,0.0,0.0,0.70710861484343,-0.0003248486523899213,-0.7071086148434299,-0.0003248486523899213,6386512.725683254,1.0603918527275484,2.3852833491252314e-14,3.7600140123983044e-21,1.6603612930468152e-07,8375.725683342665,0.0,-0.0009189743287096806,1.2775095302448406e-16,-5.423102656583741e-20,-7.296049086542916e-05,-5.492894919080919e-22,-9.130596866836118e-21,-7.296049086542916e-05,-5.408984770214282e-22,-9.131097794249829e-21,306.51239586907855,0.5030962964591987,33761.37376821886,233.7794228021702,0.39519720727080626,1.5707963267948968,-0.04918880370221308,121.13284284134365,3691.0076390756253,9.754470274141406,-7.213867395765957e-15,0.2512429247460742,120.99240494908413,1.0814295293806399e-15,0.33104983703937146,-6.7247950869798085,0.0,0.0,0.0,7.556246138259075e-18,0.0023131364409225185,0.04698799646767301,0.0,0.0,0.0,0.0,0.0,0.0,0.0,0.0,0.5,0.0,0.0,1.0,3.7327234438011327e-16,6.096,0.0
12.700000000000001,-1.8762545664827472e-14,0.14231719358803177,121.92091088303297,0.0,0.0,0.0,0.7071091610765166,-0.00032742707926770544,-0.7071091610765164,-0.00032742707926770544,6386500.5799042415,1.0857147044884923,2.3877836891915062e-14,3.763962601224502e-21,1.7000150411961028e-07,8363.579904333377,0.0,-0.0009262704507242641,1.8453032387553856e-16,-7.231101804579941e-20,-7.296111840538419e-05,-1.6441488590623675e-22,-1.061071451688411e-20,-7.296111840538419e-05,-1.5458623254083948e-22,-1.0610862206818459e-20,306.5640140352793,0.5038174980456703,33821.14466818606,233.8581627502638,0.3981568170765711,1.5707963267948968,-0.048796166509338636,122.06055254896327,3753.1336065063347,9.754507630034086,-5.160306619738807e-15,0.25525064806147907,121.92157359388464,1.0996530038420544e-15,0.333936440271593,-6.838116508483815,0.0,0.0,0.0,7.683578576280805e-18,0.0023333059331858306,0.04777980446843298,0.0,0.0,0.0,0.0,0.0,0.0,0.0,0.0,0.5,0.0,0.0,1.0,3.7327234438011327e-16,6.096,0.0
12.8,-1.8906618483193837e-14,0.14460064534350747,122.84911475853224,0.0,0.0,0.0,0.7071095587263999,-0.00033000543154673636,-0.7071095587263998,-0.00033000543154673636,6386488.341414989,1.1114391925217812,2.3959294166391102e-14,3.7768103360169055e-21,1.7402978495613274e-07,8351.34141508583,0.0,-0.0009335666095103752,1.2111994151529037e-16,-9.037053550753891e-20,-7.296175099604382e-05,1.2862430659841562e-22,-1.1739324874628231e-20,-7.296175099604382e-05,1.3958398338588182e-22,-1.1739199601910611e-20,306.61602620934764,0.5045442046533405,33881.371806849245,233.93750373015146,0.4011124477958785,1.5707963267948968,-0.048409569722198266,122.98750529967803,3815.850226684933,9.754545271284256,-6.5090829262297836e-15,0.25929051235841105,122.84991810134419,1.1180497420609584e-15,0.336828511074853,-6.952515358736954,0.0,0.0,0.0,7.812121655923516e-18,0.002353513628874722,0.048579140760777094,0.0,0.0,0.0,0.0,0.0,0.0,0.0,0.0,0.5,0.0,0.0,1.0,3.7327234438011327e-16,6.096,0.0
12.9,-1.9056671173550468e-14,0.1469035551607651,123.77653589684591,0.0,0.0,0.0,0.7071097718281525,-0.0003325836906458477,-0.7071097718281524,-0.0003325836906458477,6386476.010293177,1.137568529816166,2.411536373625567e-14,3.801419667105406e-21,1.7812147544008903e-07,8339.010293278843,0.0,-0.0009408628054419927,2.3545601147112877e-16,-1.0846121489444331e-19,-7.296238863932244e-05,2.1241694709513656e-22,-1.2040148616567574e-20,-7.296238863932244e-05,2.2374497941098196e-22,-1.2039943432285538e-20,306.66840044919206,0.5052793724500091,33942.37550790497,234.01744635756523,0.40406410646825097,1.5707963267948968,-0.048028868665386214,123.91369320955057,3879.182176200207,9.754583197657908,6.767983112791496e-15,0.2633624977504253,123.77741728115637,1.136626975740769e-15,0.33972804771637394,-7.068036607589125,0.0,0.0,0.0,7.941925907091877e-18,0.0023737734904329517,0.049386319561439226,0.0,0.0,0.0,0.0,0.0,0.0,0.0,0.0,0.5,0.0,0.0,1.0,3.7327234438011327e-16,6.096,0.0
13.0,-1.9213384238935556e-14,0.14922605262637026,124.70316300599177,0.0,0.0,0.0,0.7071097763543249,-0.00033516184408349526,-0.7071097763543248,-0.00033516184408349526,6386463.586172632,1.1641079073111513,2.43592509424642e-14,3.839872289833221e-21,1.8227738900739258e-07,8326.586172737801,0.0,-0.0009481590419390224,1.4655768776976408e-16,-9.037610619332868e-20,-7.296303136147325e-05,9.88101846666366e-23,-1.162937282597221e-20,-7.296303136147325e-05,1.0983672084920372e-22,-1.1629273886539436e-20,306.72116579687696,0.5060204488494957,34003.87872701148,234.09799203316138,0.4070117033340784,1.5707963267948968,-0.04765395192491585,124.83910463886598,3943.1152312352265,9.754621410287294,-9.79872391143181e-15,0.26746674696691697,124.70404991482299,1.1553805395362336e-15,0.34263338258622145,-7.184654353127598,0.0,0.0,0.0,8.07296222537073e-18,0.0023940738658103544,0.050201159886617185,0.0,0.0,0.0,0.0,0.0,0.0,0.0,0.0,0.5,0.0,0.0,1.0,3.7327234438011327e-16,6.096,0.0
13.100000000000001,-1.9377005575938084e-14,0.15156807995543586,125.62899236368737,0.0,0.0,0.0,0.707109563387495,-0.00033773988708665114,-0.7071095633874949,-0.00033773988708665114,6386451.069577876,1.1910585932786182,2.469785838292974e-14,3.893256379977621e-21,1.8649772471023073e-07,8314.069577986686,0.0,-0.000955455324210296,1.357016992668005e-16,-9.037473989265525e-20,-7.296367914016514e-05,-1.3808281419728486e-22,-1.076750677027962e-20,-7.296367914016514e-05,-1.277941767933552e-22,-1.0767633596388424e-20,306.77432388333403,0.5067670411689561,34065.839721908655,234.17913721982154,0.40995521815249936,1.5707963267948968,-0.04728465875991018,125.76373537332752,4007.6457663555443,9.754659907563088,7.678199333780901e-16,0.27160310299659546,125.62980746856216,1.174309371135565e-15,0.34554425420091867,-7.302361989439653,0.0,0.0,0.0,8.205223188094878e-18,0.002414412927949818,0.05102361557897835,0.0,0.0,0.0,0.0,0.0,0.0,0.0,0.0,0.5,0.0,0.0,1.0,3.7327234438011327e-16,6.096,0.0
13.200000000000001,-1.9547446828611428e-14,0.15392967298804702,126.55401645462179,0.0,0.0,0.0,0.7071091360995375,-0.0003403178210614236,-0.7071091360995374,-0.0003403178210614236,6386438.46058885,1.2184238041752478,2.513304291163277e-14,3.9618647343921924e-21,1.907829867451491e-07,8301.460588966496,0.0,-0.0009627516591270335,1.7163714947763848e-16,-1.0845221445081018e-19,-7.296433197736437e-05,-7.547823052768277e-22,-8.510188454850978e-21,-7.296433197736437e-05,-7.465887586877918e-22,-8.510911178648201e-21,306.8278743690532,0.5075191446400533,34128.25809686392,234.2608813992876,0.41289461648352527,1.5707963267948968,-0.04692086248743826,126.68757751406548,4072.7757409766277,9.754698689244416,1.4933307069316485e-14,0.2757715728381135,126.55468186002972,1.1934140453794209e-15,0.34846066808111725,-7.421163091132346,0.0,0.0,0.0,8.338712811834404e-18,0.0024347907154256576,0.05185371161528732,0.0,0.0,0.0,0.0,0.0,0.0,0.0,0.0,0.5,0.0,0.0,1.0,3.7327234438011327e-16,6.096,0.0
13.3,-1.9724281292064917e-14,0.15631096203963382,127.47822379214102,0.0,0.0,0.0,0.7071085098268841,-0.0003428956536264199,-0.707108509826884,-0.0003428956536264199,6386425.758842809,1.2462087809589175,2.5661659695920544e-14,4.045201709653779e-21,1.951339964161141e-07,8288.758842930818,0.0,-0.0009700480547059351,1.987517765286428e-16,-1.4459831856385087e-19,-7.29649898993684e-05,-2.643809359977171e-22,-1.0360451191161123e-20,-7.29649898993684e-05,-2.5433004463644915e-22,-1.0360702603751405e-20,306.88178652646343,0.5082798190089284,34191.46518524004,234.34322806820168,0.41582988754679745,1.5707963267948968,-0.04656246726074651,127.61061928934537,4138.534751752847,9.754737756453157,2.1130936846904178e-15,0.2799723283596029,127.47866543917725,1.212703236297011e-15,0.35138475602455843,-7.541111597059235,0.0,0.0,0.0,8.473491704421753e-18,0.0024552221236961635,0.052691824881178156,0.0,0.0,0.0,0.0,0.0,0.0,0.0,0.0,0.5,0.0,0.0,1.0,3.7327234438011327e-16,6.096,0.0
13.4,-1.9906652211554345e-14,0.15871188901713398,128.40161067674774,0.0,0.0,0.0,0.7071077149242141,-0.0003454734000680775,-0.707107714924214,-0.0003454734000680775,6386412.964865393,1.2744147488511093,2.6274207431684113e-14,4.141769645363199e-21,1.9955094605453873e-07,8275.964865519976,0.0,-0.000977344518531783,1.3776248335159817e-16,-3.6167456194843665e-20,-7.296565288379603e-05,-2.3952836896559223e-22,-1.0460590363089818e-20,-7.296565288379603e-05,-2.293037256258838e-22,-1.0460819210270541e-20,306.9360859338956,0.5090464144885408,34255.17436866095,234.42617283203973,0.4187609797557876,1.5707963267948968,-0.04620933092897105,128.53285657879724,4204.901317148567,9.75477710757656,-9.084765342995019e-15,0.2842052435483027,128.40176398788492,1.2321706488409412e-15,0.3543147156871783,-7.662168361901424,0.0,0.0,0.0,8.609515880626021e-18,0.002475694559286679,0.05353768185752022,0.0,0.0,0.0,0.0,0.0,0.0,0.0,0.0,0.5,0.0,0.0,1.0,3.7327234438011327e-16,6.096,0.0
13.5,-2.0093370397951993e-14,0.16113248997000795,129.3241695075838,0.0,0.0,0.0,0.7071067937002055,-0.0003480510817797797,-0.7071067937002053,-0.0003480510817797797,6386400.078738805,1.3030449277764373,2.6956241405309227e-14,4.249291609215472e-21,2.0403434042825364e-07,8263.078738938086,0.0,-0.0009846410579192092,8.081389235624563e-17,-1.0843667508082977e-19,-7.296632093255263e-05,-2.459874987670273e-22,-1.0493159478994398e-20,-7.296632093255263e-05,-2.3565538554157866e-22,-1.0493396601693128e-20,306.9907764351387,0.5098185314049754,34319.34242020798,234.50971500909688,0.42168785317937163,1.5707963267948968,-0.0458613428755505,129.45428146080206,4271.874239427336,9.754816742366893,-9.006683298109176e-15,0.2884703584624283,129.3239840686723,1.2518159321530265e-15,0.35725027943630944,-7.784331203871441,0.0,0.0,0.0,8.746782888904376e-18,0.002496206152174002,0.05439126729956319,0.0,0.0,0.0,0.0,0.0,0.0,0.0,0.0,0.5,0.0,0.0,1.0,3.7327234438011327e-16,6.096,0.0
13.600000000000001,-2.0282886012032345e-14,0.16357289594557936,130.24588860208578,0.0,0.0,0.0,0.7071058014213853,-0.0003506287267694529,-0.7071058014213852,-0.0003506287267694529,6386387.100103759,1.3321046087613233,2.7688030766096365e-14,4.364657363496188e-21,2.0858500871812333e-07,8250.100103898285,0.0,-0.0009919376794062915,1.6615890342249655e-16,-1.0845514786039292e-19,-7.296699407186065e-05,-2.0844786977471157e-23,-1.1300644529133591e-20,-7.296699407186065e-05,-9.635585572138036e-24,-1.1300659742777776e-20,307.04585865556686,0.5105962764188555,34383.980375936946,234.59385696065257,0.4246104542109017,1.5707963267948968,-0.04551842120523288,130.37488202377025,4339.459144187108,9.754856661935559,1.4574896833142358e-15,0.2927678809180055,130.2453333515854,1.2716407355153565e-15,0.36019153692958855,-7.907610378916432,0.0,0.0,0.0,8.885304253245283e-18,0.002516757528820749,0.05525265286843607,0.0,0.0,0.0,0.0,0.0,0.0,0.0,0.0,0.5,0.0,0.0,1.0,3.7327234438011327e-16,6.096,0.0
13.700000000000001,-2.0473253574123994e-14,0.16603304853958153,131.16676428477913,0.0,0.0,0.0,0.7071048071483202,-0.00035320637009383216,-0.7071048071483201,-0.0003532063700938322,6386374.02948698,1.3615949739266775,2.844390615235317e-14,4.4838205100062395e-21,2.1320313652709952e-07,8237.029487125887,0.0,-0.0009992343868654734,1.81121559594659e-16,-1.0845940805797566e-19,-7.296767227916597e-05,-8.583615571084926e-23,-1.1124862615719533e-20,-7.296767227916597e-05,-7.471942520297292e-23,-1.1124942734867135e-20,307.10129590297765,0.5113828791464601,34449.43983539807,234.67859649706588,0.42752881693082473,1.5707963267948968,-0.04518044035863456,131.29465423440936,4407.683218516784,9.754896864666495,-5.413073232111699e-16,0.29709772188097294,131.16583325776628,1.2916530247931933e-15,0.3631407799832238,-8.032055422221188,0.0,0.0,0.0,9.025135633344533e-18,0.0025373647027783367,0.05612218468012573,0.0,0.0,0.0,0.0,0.0,0.0,0.0,0.0,0.5,0.0,0.0,1.0,3.7327234438011327e-16,6.096,0.0
13.8,-2.0662183061918098e-14,0.1685129840108503,132.08678886925844,0.0,0.0,0.0,0.7071038923264902,-0.0003557840531335755,-0.7071038923264901,-0.00035578405313357555,6386360.866972932,1.3915192466650466,2.919312128287065e-14,4.601934306547082e-21,2.178892291948717e-07,8223.866973083466,0.0,-0.0010065311820008462,1.835752762454645e-16,-2.168821497882388e-19,-7.296835555618447e-05,-1.288260769019155e-21,-6.923840438621382e-21,-7.296835555618447e-05,-1.2812910563235446e-21,-6.925133605748545e-21,307.1571217256034,0.5121751254055684,34515.37180971893,234.7639318651359,0.4304428606399979,1.5707963267948968,-0.044847304105473794,132.2135901415168,4476.5215890318295,9.754937350305102,-9.149342510613643e-16,0.3014599610256603,132.0855065186747,1.3118455106704837e-15,0.36609576257659054,-8.157621005675601,0.0,0.0,0.0,9.1662260967421e-18,0.00255801198048171,0.05699954601463549,0.0,0.0,0.0,0.0,0.0,0.0,0.0,0.0,0.5,0.0,0.0,1.0,3.7327234438011327e-16,6.096,0.0
13.9,-2.0846985575448336e-14,0.1710128341416319,133.00595047581314,0.0,0.0,0.0,0.707103152718734,-0.0003583618245750963,-0.7071031527187339,-0.0003583618245750964,6386347.612205826,1.4218827681215682,2.989912344446392e-14,4.7132366593545276e-21,2.226441237880499e-07,8210.61220598376,0.0,-0.0010138280637085732,1.854285809464151e-16,-1.084625844645471e-19,-7.296904392892668e-05,4.903696404737694e-22,-1.3189688290258914e-20,-7.296904392892668e-05,5.037415259379492e-22,-1.318918434311481e-20,307.21333881868077,0.5129729243379191,34581.76588620236,234.84986532932743,0.4333525284861469,1.5707963267948968,-0.044518943096535486,133.13167768665141,4545.978243423506,9.754978119952199,-1.2084417255132641e-15,0.30585484940491625,133.00437788516584,1.3322193618520942e-15,0.3690564331333406,-8.284314396790435,0.0,0.0,0.0,9.308583809500952e-18,0.0025786990015527105,0.057884787652065804,0.0,0.0,0.0,0.0,0.0,0.0,0.0,0.0,0.5,0.0,0.0,1.0,3.7327234438011327e-16,6.096,0.0
14.0,-2.102464283652207e-14,0.17353254021342623,133.92424545422924,0.0,0.0,0.0,0.7071026955252895,-0.00036093973895625974,-0.7071026955252894,-0.00036093973895625974,6386334.265713434,1.4526866772664109,3.052031106229583e-14,4.811169526919192e-21,2.2746799917342447e-07,8197.26571359951,0.0,-0.0010211250261476647,1.8257321610400383e-16,-1.0846297069325964e-19,-7.296973737452862e-05,5.3449972592311745e-22,-1.3340454553308069e-20,-7.296973737452862e-05,5.481217698062686e-22,-1.3339901793588897e-20,307.2699371273881,0.5137769878385678,34648.70030772829,234.93639374648856,0.4362578182677792,1.5707963267948968,-0.04419524661248721,134.04891291773964,4616.058885179813,9.75501917198851,-8.683515291355304e-16,0.31028234123488696,133.9224857062109,1.3527762480088316e-15,0.3720233025332222,-8.412145978298668,0.0,0.0,0.0,9.452220438071138e-18,0.0025994293356489265,0.05877798213943322,0.0,0.0,0.0,0.0,0.0,0.0,0.0,0.0,0.5,0.0,0.0,1.0,3.7327234438011327e-16,6.096,0.0
14.100000000000001,-2.1191763989649356e-14,0.1760721386944445,134.84166603255403,0.0,0.0,0.0,0.7071026413284393,-0.00036351785764499847,-0.7071026413284391,-0.00036351785764499847,6386320.827582484,1.483934200960053,3.1009636287562634e-14,4.888316271393189e-21,2.323613612631114e-07,8183.827582656406,0.0,-0.0010284220593573471,9.601564928994307e-17,-1.0844376757450542e-19,-7.29704358943728e-05,-3.8365663882794553e-22,-1.0159371986320175e-20,-7.29704358943728e-05,-3.7320831552216804e-22,-1.0159761174661981e-20,307.32689350164753,0.5145894782195739,34716.4103978893,235.02351736612593,0.43915872870814365,1.5707963267948968,-0.043876131339945536,134.9652878480066,4686.785491694323,9.755060506152569,-4.196267916608914e-15,0.31474256274851203,134.83987039346107,1.373522608808757e-15,0.37499795924113866,-8.541155794832854,0.0,0.0,0.0,9.597180978188022e-18,0.002620214081812381,0.059679409279620774,0.0,0.0,0.0,0.0,0.0,0.0,0.0,0.0,0.5,0.0,0.0,1.0,3.7327234438011327e-16,6.096,0.0
14.200000000000001,-2.1345006981140284e-14,0.17864137827264998,135.7577644790383,0.0,0.0,0.0,0.7071030772453403,-0.00036609622595522735,-0.7071030772453402,-0.00036609622595522735,6386307.253731721,1.5158508994328626,3.133511304322957e-14,4.9396345481340456e-21,2.3735953179873227e-07,8170.253731901136,0.0,-0.0010357191867808612,1.4035298732457987e-16,-7.231420471133495e-20,-7.2971140950343e-05,-4.321552489437105e-22,-1.0007309893855425e-20,-7.2971140950343e-05,-4.217899098706369e-22,-1.0007752016279006e-20,307.3844251127794,0.5154101744323554,34784.80433320388,235.11152089989287,0.44205347741881096,1.5707963267948968,-0.04356160182972914,135.88035457001385,4758.131361145328,9.755102258041223,-5.227450314571482e-15,0.3192449411016738,135.75612079873702,1.394450615108475e-15,0.3779784653023518,-8.671295161403721,0.0,0.0,0.0,9.743410725469174e-18,0.002641039699019263,0.06058872889719196,0.0,0.0,0.0,0.0,0.0,0.0,0.0,0.0,0.5,0.0,0.0,1.0,3.7327234438011327e-16,6.096,0.0
14.3,-2.1537763991536028e-14,0.18125454576245761,136.67188714132323,0.0,0.0,0.0,0.7071035879058472,-0.0003686746362485982,-0.707103587905847,-0.0003686746362485982,6386293.479547963,1.5487693628842243,3.1802129124827036e-14,5.013265361702298e-21,2.4251459286456224e-07,8156.479548150052,0.0,-0.0010430164706011946,1.8593113622088888e-16,-1.0846625606488246e-19,-7.297185466019308e-05,-1.3522346993102706e-22,-1.1053015143337404e-20,-7.297185466019308e-05,-1.2369456386299002e-22,-1.1053150066032277e-20,307.4428058182634,0.5162429830908919,34854.20767713832,235.20082325533392,0.4449395322533405,1.5707963267948968,-0.043251586708499344,136.7934587512356,4830.086617616927,9.75514462640713,-1.4266924635825231e-15,0.3238026355070662,136.67042649628988,1.4155573725583127e-15,0.38096497917829236,-8.802546079697061,0.0,0.0,0.0,9.890889456295815e-18,0.002661907294483257,0.06150581523296551,0.0,0.0,0.0,0.0,0.0,0.0,0.0,0.0,0.5,0.0,0.0,1.0,3.7327234438011327e-16,6.096,0.0
14.4,-2.1717344379535938e-14,0.18384573416381247,137.5870138182593,0.0,0.0,0.0,0.7071041845390975,-0.0003712530891548312,-0.7071041845390974,-0.0003712530891548312,6386279.804966883,1.5811813794172576,3.1759555529441983e-14,5.006564881998218e-21,2.475903699345389e-07,8142.80496707838,0.0,-0.0010503136574620126,1.7658165044267152e-16,-1.084647026357554e-19,-7.29725671794209e-05,1.686812814170519e-22,-1.2101629123589939e-20,-7.29725671794209e-05,1.8139169238503782e-22,-1.2101445280360292e-20,307.5007438406322,0.5170717326632498,34923.32296866998,235.2894805882431,0.44782844509560027,1.5707963267948968,-0.042945533617304466,137.7075799798908,4902.713252231961,9.755186688673469,-1.8549392603040998e-16,0.32835280482899054,137.5857722652056,1.4368610778545423e-15,0.3839581480103402,-8.935021704616052,0.0,0.0,0.0,1.0039744315999377e-17,0.002682821389959522,0.06243145893143276,0.0,0.0,0.0,0.0,0.0,0.0,0.0,0.0,0.5,0.0,0.0,1.0,3.7327234438011327e-16,6.096,0.0
14.5,-2.183913895362719e-14,0.18646223587193236,138.50099586701032,0.0,0.0,0.0,0.7071046568090433,-0.00037383148153466434,-0.7071046568090432,-0.00037383148153466434,6386266.015113092,1.6141692464731512,3.11684113343425e-14,4.9133878044509384e-21,2.527563435167084e-07,8129.015113296297,0.0,-0.0010576109369223438,1.5853293509762415e-16,-1.8074147630584972e-19,-7.297328557679975e-05,5.172393155691253e-22,-1.3273490879937937e-20,-7.297328557679975e-05,5.31276776180809e-22,-1.3272936547570898e-20,307.55915162319263,0.5179092510929652,34993.2150543211,235.37888594205998,0.45071189703834846,1.5707963267948968,-0.042643683929790115,138.6205692208515,4975.985642914885,9.755229105787008,2.3343281869888096e-15,0.33294038615452737,138.49992771648235,1.4583542063744234e-15,0.386958465283676,-9.06867524481215,0.0,0.0,0.0,1.0189922727967165e-17,0.0027037854335650075,0.06336533304854683,0.0,0.0,0.0,0.0,0.0,0.0,0.0,0.0,0.5,0.0,0.0,1.0,3.7327234438011327e-16,6.096,0.0
14.600000000000001,-2.197024882875639e-14,0.18910417852214734,139.41382115552435,0.0,0.0,0.0,0.7071050161879366,-0.0003764098182980598,-0.7071050161879365,-0.0003764098182980598,6386252.109696018,1.647739402154322,3.09747284756706e-14,4.882866346077437e-21,2.5801352249910393e-07,8115.10969622992,0.0,-0.001064908310500987,1.872338395698517e-16,-1.0846903452997179e-19,-7.297400985647884e-05,3.2522201084886303e-22,-1.2606335380268493e-20,-7.297400985647884e-05,3.386466856320761e-22,-1.260598181773979e-20,307.61804888122447,0.5187537881888625,35063.69285749264,235.46904054068278,0.45358981369818735,1.5707963267948968,-0.042345932857508026,139.5324140256209,5049.886188293164,9.755271878647124,-1.637472737790439e-15,0.33756541177233956,139.41288426013716,1.4800315992968966e-15,0.3899646040027546,-9.203474620511708,0.0,0.0,0.0,1.0341388646094788e-17,0.002724790153216152,0.06430721343408881,0.0,0.0,0.0,0.0,0.0,0.0,0.0,0.0,0.5,0.0,0.0,1.0,3.7327234438011327e-16,6.096,0.0
14.700000000000001,-2.2111758279750605e-14,0.19176410624766757,140.3258210767663,0.0,0.0,0.0,0.7071053168157422,-0.0003789881257554801,-0.7071053168157421,-0.0003789881257554801,6386238.122880423,1.6817241967451277,3.068155757341621e-14,4.83666145339689e-21,2.6333565463521593e-07,8101.122880645096,0.0,-0.0010722057477754354,1.6365599600719814e-16,-1.0846373051779633e-19,-7.297473890181308e-05,-1.4707128903359712e-21,-6.670481522831364e-21,-7.297473890181308e-05,-1.4635599176929452e-21,-6.672054595067223e-21,307.6772909077392,0.51960326897455,35134.58321849931,235.5597228797339,0.45646347564660683,1.5707963267948968,-0.04205215400143946,140.44344558527877,5124.421332981097,9.75531490216942,1.6623888062446371e-15,0.34222079998202787,140.3249939066884,1.50189514834611e-15,0.3929764505342972,-9.339431595271126,0.0,0.0,0.0,1.0494155288380184e-17,0.00274583475492592,0.06525718228326903,0.0,0.0,0.0,0.0,0.0,0.0,0.0,0.0,0.5,0.0,0.0,1.0,3.7327234438011327e-16,6.096,0.0
14.8,-2.2208309960784957e-14,0.1944442903694074,141.23688645805362,0.0,0.0,0.0,0.7071055623382692,-0.0003815664056892528,-0.707105562338269,-0.0003815664056892528,6386224.044620397,1.7161775289184176,3.055637340197157e-14,4.816938026412649e-21,2.6873118092523737e-07,8087.044620626606,0.0,-0.0010795032584534619,1.6403335593440733e-16,-1.0846463839634523e-19,-7.297547305758003e-05,-1.347312382953337e-21,-7.057012141529148e-21,-7.297547305758003e-05,-1.339692987385705e-21,-7.058462291270786e-21,307.73688337064965,0.5204618493724703,35206.323785550936,235.65099941073584,0.4593325065259863,1.5707963267948968,-0.04176230014927004,141.35355453758902,5199.63022885339,9.7553582072618,1.66700210429956e-15,0.3469087529514769,141.23614848715533,1.5239563289650822e-15,0.3959967537157254,-9.476617528342887,0.0,0.0,0.0,1.0648302836906085e-17,0.0027669384455788924,0.06621573820284951,0.0,0.0,0.0,0.0,0.0,0.0,0.0,0.0,0.5,0.0,0.0,1.0,3.7327234438011327e-16,6.096,0.0
14.9,-2.2309519932897213e-14,0.1971446740792778,142.1470136439601,0.0,0.0,0.0,0.7071057630836712,-0.0003841446630932344,-0.7071057630836711,-0.0003841446630932344,6386209.875447032,1.7511004058648227,3.066412788414466e-14,4.833935350689972e-21,2.7420025966380537e-07,8072.875447272323,0.0,-0.0010868008426796942,1.4267230493141455e-16,-3.6179287290273804e-20,-7.297621230113915e-05,9.401034169409725e-25,-1.147843779894176e-20,-7.297621230113915e-05,1.3416146761634338e-23,-1.1478429606752556e-20,307.7968574471382,0.5213262835431379,35278.56136809104,235.74286549432298,0.46219684491374163,1.5707963267948968,-0.04147627509724287,142.26273693740515,5275.480609223949,9.75540179229479,4.755861014972192e-15,0.35162913391846984,142.14634806368932,1.546205684066696e-15,0.39902306624828565,-9.614973611481743,0.0,0.0,0.0,1.0803765212398654e-17,0.0027880841252242595,0.06718247028341456,0.0,0.0,0.0,0.0,0.0,0.0,0.0,0.0,0.5,0.0,0.0,1.0,3.7327234438011327e-16,6.096,0.0
15.0,-2.246709409291198e-14,0.1998652929803449,143.05619460988655,0.0,0.0,0.0,0.7071060943481882,-0.00038672300458950147,-0.707106094348188,-0.00038672300458950147,6386195.615454354,1.786496062583973,3.065953782889744e-14,4.8332226329406295e-21,2.7974339812903206e-07,8058.615454604849,0.0,-0.0010940985327508776,1.3722652644993524e-16,-1.0845878237004388e-19,-7.297695663430342e-05,-3.93440723032536e-22,-1.0198082685879407e-20,-7.297695663430342e-05,-3.822827824707017e-22,-1.0198507044896333e-20,307.8572159359211,0.5221962584264297,35351.26196759541,235.83532040651772,0.46505645226996833,1.5707963267948968,-0.04119402371917788,143.17098464886902,5351.97139645665,9.755445656984747,-1.0331944458727798e-14,0.35638212901575816,143.0556551935753,1.5686428957653559e-15,0.40205514729052483,-9.754497867938,0.0,0.0,0.0,1.096054019370363e-17,0.0028092701110364188,0.06815736471286932,0.0,0.0,0.0,0.0,0.0,0.0,0.0,0.0,0.5,0.0,0.0,1.0,3.7327234438011327e-16,6.096,0.0
15.100000000000001,-2.2614006789430847e-14,0.20260628304245068,143.96441661231975,0.0,0.0,0.0,0.7071067378728526,-0.00038930154113801075,-0.7071067378728525,-0.00038930154113801075,6386181.264301424,1.8223700384473427,3.074157924206766e-14,4.846166747189472e-21,2.8536146458838114e-07,8044.264301684064,0.0,-0.0011013963562949566,1.4113989338139232e-16,-1.0846047115883276e-19,-7.297770608364407e-05,-4.360697343456713e-23,-1.1337451631467353e-20,-7.297770608364407e-05,-3.1119837640934966e-23,-1.133749275731984e-20,307.91794398501287,0.5230733695745384,35424.599313295555,235.92836694208256,0.46791129629087697,1.5707963267948968,-0.040915510504281306,144.07828487714826,5429.123973491711,9.755489802387471,-3.1225662655928444e-16,0.36116809844817904,143.96413214914617,1.5912742299654323e-15,0.4050942344363916,-9.895229261806664,0.0,0.0,0.0,1.111867156242159e-17,0.002830505050425341,0.06914069374408319,0.0,0.0,0.0,0.0,0.0,0.0,0.0,0.0,0.5,0.0,0.0,1.0,3.7327234438011327e-16,6.096,0.0
15.200000000000001,-2.2753583771546235e-14,0.2053675849686682,144.87167607600833,0.0,0.0,0.0,0.7071075674765783,-0.00039188019470062226,-0.7071075674765782,-0.00039188019470062226,6386166.822520312,1.8587232965833245,3.0882819044506006e-14,4.868443168291703e-21,2.910546104580617e-07,8029.822520582937,0.0,-0.0011086942809206317,1.6727004390280894e-16,-3.6188684453955407e-20,-7.297846062536679e-05,-4.562612714356209e-22,-1.0038634613406095e-20,-7.297846062536679e-05,-4.451305076596076e-22,-1.0039134076003347e-20,307.9790309034541,0.5239584000541115,35498.6597627182,236.0220019538936,0.47076137845241406,1.5707963267948968,-0.04064062935973,144.98463368090268,5506.946363200512,9.755534226870505,6.631654969547495e-15,0.36598677214102454,144.8717260396966,1.6141020400895363e-15,0.4081409458974845,-10.037182427684243,0.0,0.0,0.0,1.1278175762564859e-17,0.00285179326300583,0.07013255963301486,0.0,0.0,0.0,0.0,0.0,0.0,0.0,0.0,0.5,0.0,0.0,1.0,3.7327234438011327e-16,6.096,0.0
15.3,-2.289004206138232e-14,0.20814923683653333,145.77796484103683,0.0,0.0,0.0,0.7071084703410127,-0.0003944588955001289,-0.7071084703410125,-0.0003944588955001289,6386152.290207316,1.8955590744397937,3.105364463796414e-14,4.895383747571022e-21,2.968233434311354e-07,8015.290207597427,0.0,-0.0011159922820391417,5.577367697259649e-17,-1.0843621890892617e-19,-7.297922026026559e-05,2.1910486173894644e-22,-1.2197855817521736e-20,-7.297922026026559e-05,2.3271743542226273e-22,-1.2197603702397328e-20,308.04050076038465,0.5248489785666104,35573.18447842472,236.11622393998462,0.4736066272007261,1.5707963267948968,-0.040369296089031455,145.89002260634848,5585.416245276629,9.755578930143283,1.349883655289993e-15,0.37083804423267863,145.7783836101812,1.6371197864308695e-15,0.4111934492261576,-10.180316698854181,0.0,0.0,0.0,1.1439007099399853e-17,0.0028731219449612032,0.07113267823010903,0.0,0.0,0.0,0.0,0.0,0.0,0.0,0.0,0.5,0.0,0.0,1.0,3.7327234438011327e-16,6.096,0.0
15.4,-2.3027015234675374e-14,0.21095137502820513,146.683269968379,0.0,0.0,0.0,0.7071093485914143,-0.00039703758297910665,-0.7071093485914142,-0.0003970375829791067,6386137.667025247,1.932882960594483,3.122814837247508e-14,4.922904355001855e-21,3.026685395228961e-07,8000.6670255384715,0.0,-0.0011232903423268124,1.2703341284203805e-16,-1.8073743114425342e-19,-7.297998501375134e-05,1.7469244931037658e-22,-1.2042465418951223e-20,-7.297998501375134e-05,1.8821907046847928e-22,-1.204226173254565e-20,308.1023545033264,0.5257451722826478,35648.18027593577,236.2110351037627,0.4764469851631077,1.5707963267948968,-0.04010144677800538,146.79443848816138,5664.539164367615,9.75562391325024,-9.086762473089274e-15,0.37572197582166444,146.68405189233425,1.6603290969533603e-15,0.4142517966128452,-10.324642198698099,0.0,0.0,0.0,1.1601176947959165e-17,0.0028944914609604095,0.07214112027022282,0.0,0.0,0.0,0.0,0.0,0.0,0.0,0.0,0.5,0.0,0.0,1.0,3.7327234438011327e-16,6.096,0.0
15.5,-2.3167525946005624e-14,0.2137739399922164,147.58758789684398,0.0,0.0,0.0,0.7071101201867079,-0.00039961620632306035,-0.7071101201867078,-0.00039961620632306035,6386122.953507324,1.9706958734282367,3.138421538822522e-14,4.947518730025679e-21,3.085903431638808e-07,7985.953507627982,0.0,-0.001130588450192488,1.2062224511086751e-16,-1.0845637163811372e-19,-7.298075486236239e-05,-1.4194950749984807e-22,-1.1025106324365131e-20,-7.298075486236239e-05,-1.2948492182817256e-22,-1.1025259879385174e-20,308.1645514891897,0.5266506776149582,35724.05226324715,236.30643336730571,0.4792825007803642,1.5707963267948968,-0.039836988053166135,147.6978774551231,5744.354601378092,9.75566917455538,-8.196415818306436e-15,0.3806383275620506,147.5886928588674,1.6837415450858635e-15,0.41731890262605503,-10.470230895786663,0.0,0.0,0.0,1.1764766174979569e-17,0.0029159221758967963,0.07315838861759234,0.0,0.0,0.0,0.0,0.0,0.0,0.0,0.0,0.5,0.0,0.0,1.0,3.7327234438011327e-16,6.096,0.0
15.600000000000001,-2.331398272969297e-14,0.21661697012766473,148.49091036216794,0.0,0.0,0.0,0.7071107188585349,-0.0004021947244505124,-0.7071107188585348,-0.0004021947244505124,6386108.149752378,2.009001052465774,3.1503657075570706e-14,4.966359530030843e-21,3.145892624044594e-07,7971.149752695113,0.0,-0.0011378865998448895,2.084186406641057e-16,-1.084845386145199e-19,-7.298152980721706e-05,3.8934766670188e-22,-1.2692429124427755e-20,-7.298152980721706e-05,4.0378995654447014e-22,-1.2691977874042404e-20,308.22712754061735,0.5275619679782809,35800.414900962816,236.40241678769817,0.48211308390503016,1.5707963267948968,-0.03957584730217474,148.6003310017961,5824.82708635804,9.75571471376043,1.1682138876400598e-14,0.3855870296797437,148.49226959072493,1.7073467359685769e-15,0.4203919981446998,-10.617018150399737,0.0,0.0,0.0,1.192970214871105e-17,0.002937394741158224,0.07418403161667979,0.0,0.0,0.0,0.0,0.0,0.0,0.0,0.0,0.5,0.0,0.0,1.0,3.7327234438011327e-16,6.096,0.0
15.700000000000001,-2.346823714673396e-14,0.21948060269530206,149.393224200929,0.0,0.0,0.0,0.7071110925389132,-0.0004047731050382689,-0.7071110925389131,-0.0004047731050382689,6386093.255427198,2.04780413523941,3.1571779516590985e-14,4.977110303963853e-21,3.206661809693279e-07,7956.255427525379,0.0,-0.0011451847903463622,1.0943437238025504e-16,-1.0845397399138837e-19,-7.298230987402512e-05,4.374198243870791e-22,-1.2840945120719852e-20,-7.298230987402512e-05,4.521249043718096e-22,-1.2840435737059656e-20,308.2900864359805,0.5284788336692441,35877.24472975378,236.49898744025975,0.4849386723522297,1.5707963267948968,-0.03931797083369608,149.50178578614884,5905.959200405563,9.755760531897764,4.4151850775080996e-15,0.39056818124873016,149.39474560370388,1.7311454282440161e-15,0.4234709146795729,-10.765008680103579,0.0,0.0,0.0,1.2095990169997925e-17,0.0029589079794641736,0.07521808223042069,0.0,0.0,0.0,0.0,0.0,0.0,0.0,0.0,0.5,0.0,0.0,1.0,3.7327234438011327e-16,6.096,0.0
15.8,-2.363146014558255e-14,0.22236477791116915,150.29452586666892,0.0,0.0,0.0,0.7071112069110141,-0.0004073513266947649,-0.707111206911014,-0.0004073513266947649,6386078.271066116,2.0871059953483266,3.15782078743072e-14,4.978135457027875e-21,3.268212362980674e-07,7941.271066456412,0.0,-0.0011524830242540247,1.9607231785310028e-16,-1.084828909674139e-19,-7.2983095039546e-05,6.954411970888173e-23,-1.1706905047141056e-20,-7.2983095039546e-05,8.303558945689904e-23,-1.1706817283402701e-20,308.3534012196804,0.5294036534083354,35954.803107917,236.5961427497156,0.48775929448898925,1.5707963267948968,-0.039063277249159124,150.40223800467442,5987.776957262707,9.755806627327946,1.3646929537344642e-14,0.395581585688324,150.29610102527695,1.7551452474597046e-15,0.4265575515865829,-10.914249903840552,0.0,0.0,0.0,1.2263683520642163e-17,0.0029804751621377965,0.07626087178803284,0.0,0.0,0.0,0.0,0.0,0.0,0.0,0.0,0.5,0.0,0.0,1.0,3.7327234438011327e-16,6.096,0.0
15.9,-2.3804251772754355e-14,0.22526953449592535,151.19480699077533,0.0,0.0,0.0,0.7071110422564726,-0.0004099293770342524,-0.7071110422564725,-0.0004099293770342524,6386063.1967704985,2.1269098743940864,3.1516177527679954e-14,4.968368511655925e-21,3.330549367988731e-07,7926.196770852432,0.0,-0.0011597813073727658,8.391019926438536e-17,-1.0844681883401148e-19,-7.298388530508714e-05,-4.092337828518601e-22,-1.0273679157918953e-20,-7.298388530508714e-05,-3.973182892490876e-22,-1.0274146869979702e-20,308.41707820712924,0.5303357624271433,36033.017391974296,236.69388181603253,0.49057490582156343,1.5707963267948968,-0.03881170447491917,151.3016790952242,6070.275665711916,9.75585299974499,-2.917863892427713e-15,0.4006272176076386,151.19631707594155,1.779344819573924e-15,0.42965139027414684,-11.064733277226816,0.0,0.0,0.0,1.2432772599835629e-17,0.003002092665636791,0.07731234058755175,0.0,0.0,0.0,0.0,0.0,0.0,0.0,0.0,0.5,0.0,0.0,1.0,3.7327234438011327e-16,6.096,0.0
16.0,-2.3986655410041464e-14,0.22819501059356775,152.0940541839213,0.0,0.0,0.0,0.7071105929875324,-0.00041250725238292597,-0.7071105929875323,-0.00041250725238292597,6386048.032211144,2.167221458893638,3.138237356844806e-14,4.94728681037115e-21,3.393681739115378e-07,7911.032211512017,0.0,-0.001167079648084229,1.247426896183157e-16,-3.618201199054132e-20,-7.298468069651759e-05,-1.0777504923289928e-21,-8.250212125143425e-21,-7.298468069651759e-05,-1.0681205450146568e-21,-8.251464141234081e-21,308.48113648753946,0.5312734528439158,36111.70001722026,236.7922061364504,0.4933854195721689,1.5707963267948968,-0.03856320818509627,152.20009553334805,6153.441087162698,9.755899650169091,-9.187106735248432e-15,0.4057052231864729,152.0953758242448,1.8037399723482184e-15,0.4327510560506465,-11.216432855484728,0.0,0.0,0.0,1.2603228254998452e-17,0.003023750884611987,0.07837230734566623,0.0,0.0,0.0,0.0,0.0,0.0,0.0,0.0,0.5,0.0,0.0,1.0,3.7327234438011327e-16,6.096,0.0
16.1,-2.41780164642363e-14,0.231141146182993,152.99226391589062,0.0,0.0,0.0,0.7071098718381451,-0.0004150849603569927,-0.707109871838145,-0.0004150849603569927,6386032.777923468,2.20804157763445,3.117799590485449e-14,4.915079431541671e-21,3.457610780800239e-07,7895.777923849411,0.0,-0.0011743780556917845,2.1757295972110729e-16,-7.235470927222389e-20,-7.29854811906669e-05,9.280216512531124e-23,-1.1840779554975623e-20,-7.29854811906669e-05,1.0670767239634722e-22,-1.1840662396101331e-20,308.54556187813375,0.5322178616708613,36190.97652998586,236.89111266955342,0.4961908447758007,1.5707963267948968,-0.03831771783219337,153.09748357935993,6237.285616041278,9.755946576957491,1.0480101318917562e-14,0.41081545660888685,152.9932770903334,1.828334338605629e-15,0.4358574605693223,-11.369371229074305,0.0,0.0,0.0,1.2775075869666347e-17,0.0030454561890358067,0.07944092990814586,0.0,0.0,0.0,0.0,0.0,0.0,0.0,0.0,0.5,0.0,0.0,1.0,3.7327234438011327e-16,6.096,0.0
16.2,-2.4377126494050202e-14,0.2341079803064219,153.8894277137226,0.0,0.0,0.0,0.7071089056399393,-0.0004176625172664341,-0.7071089056399392,-0.0004176625172664342,6386017.434011367,2.24937347429493,3.0907703904464326e-14,4.872480825104979e-21,3.522341580708614e-07,7880.434011763893,0.0,-0.001181676540395824,1.9945362941279374e-16,-2.169093081059322e-19,-7.298628678887762e-05,8.592336910405123e-22,-1.4172754843379262e-20,-7.298628678887762e-05,8.7598069915463e-22,-1.4171729612191236e-20,308.61033445847744,0.5331708947041202,36271.056100177775,236.99060144457607,0.4989911788926225,1.5707963267948968,-0.03807518095113372,153.99383460988219,6321.834249723854,9.75599377979649,1.3271047636546418e-14,0.4159579456222132,153.8900220201854,1.8531352461044467e-15,0.4389721736960519,-11.523593965156063,0.0,0.0,0.0,1.294836664490585e-17,0.0030672195479937545,0.08051852666529835,0.0,0.0,0.0,0.0,0.0,0.0,0.0,0.0,0.5,0.0,0.0,1.0,3.7327234438011327e-16,6.096,0.0
16.3,-2.4582194537606035e-14,0.23709565199574925,154.7855319606754,0.0,0.0,0.0,0.707107735958851,-0.00042023994850199134,-0.7071077359588509,-0.00042023994850199134,6386002.00014969,2.2912228844067055,3.057972694628861e-14,4.8207882461561485e-21,3.587883130446338e-07,7865.000150101259,0.0,-0.0011889751127270676,1.4844317138143443e-16,-7.233315587264076e-20,-7.298709751701788e-05,3.8032004827121998e-22,-1.2750840065429964e-20,-7.298709751701788e-05,3.9547955681638457e-22,-1.2750379079603718e-20,308.6754867507342,0.5341295146384144,36351.60511541304,237.0906734459096,0.5017863127366682,1.5707963267948968,-0.03783556182139593,154.88913491278632,6407.056658889149,9.756041259693987,9.72134143352848e-15,0.42113289323036085,154.78561331122813,1.8781338050928696e-15,0.4420927121951872,-11.679045783420358,0.0,0.0,0.0,1.3123038465571316e-17,0.003089023610434036,0.08160471135836632,0.0,0.0,0.0,0.0,0.0,0.0,0.0,0.0,0.5,0.0,0.0,1.0,3.7327234438011327e-16,6.096,0.0
16.400000000000002,-2.4790766624499453e-14,0.24010410098807497,155.6805731442847,0.0,0.0,0.0,0.7071064219061457,-0.0004228172902724854,-0.7071064219061456,-0.0004228172902724854,6385986.476874893,2.3335905919154865,3.0206674406179284e-14,4.761989456206128e-21,3.654236664450068e-07,7849.476875318524,0.0,-0.0011962737814378394,1.7497586373202493e-16,-1.8076443026163303e-19,-7.298791335181985e-05,-2.872359407198421e-23,-1.1570082446049043e-20,-7.298791335181985e-05,-1.488239919720808e-23,-1.1570108465958612e-20,308.741014337997,0.5350939005110198,36432.644096548516,237.1913252730245,0.5045762402413989,1.5707963267948968,-0.03759879974211406,155.78338080887508,6492.954040680208,9.756089015004017,-1.774936966596439e-16,0.4263402127163991,155.68007196940837,1.903330365429068e-15,0.445219203235481,-11.83572885943614,0.0,0.0,0.0,1.3299093776218188e-17,0.003110869264919772,0.08269949918864951,0.0,0.0,0.0,0.0,0.0,0.0,0.0,0.0,0.5,0.0,0.0,1.0,3.7327234438011327e-16,6.096,0.0
16.5,-2.499982582563752e-14,0.2431333666471817,156.57454268724132,0.0,0.0,0.0,0.7071050368634456,-0.00042539458758362753,-0.7071050368634455,-0.00042539458758362753,6385970.864293408,2.3764798425765257,2.980462964030587e-14,4.698619898609853e-21,3.721407273973474e-07,7833.864293850027,0.0,-0.0012035725539236513,1.7280376084179003e-16,-1.0848501878513265e-19,-7.298873429448902e-05,7.459289069773721e-22,-1.3885291276381415e-20,-7.298873429448902e-05,7.626403181547204e-22,-1.3884383440014294e-20,308.80687776197914,0.5360678945200654,36514.59515567772,237.2925576461872,0.5073609912608767,1.5707963267948968,-0.037364851027571686,156.67656360949414,6579.575538553725,9.756137045405152,9.486234067345184e-17,0.4315799941806775,156.57342083282794,1.9287393324285375e-15,0.4483548459215498,-11.993732771666208,0.0,0.0,0.0,1.3476633230755605e-17,0.0031327788644765157,0.08380351606555322,0.0,0.0,0.0,0.0,0.0,0.0,0.0,0.0,0.5,0.0,0.0,1.0,3.7327234438011327e-16,6.096,0.0
16.6,-2.5205720671009107e-14,0.24618358889751382,157.46742674387895,0.0,0.0,0.0,0.7071036702238452,-0.0004279718953058632,-0.7071036702238451,-0.0004279718953058632,6385955.162084167,2.4198964209661753,2.9393531592564604e-14,4.6338228644431935e-21,3.789404027887217e-07,7818.1620846247915,0.0,-0.0012108714355898891,1.3737756650565744e-16,-1.0847318357831673e-19,-7.298956037071133e-05,-2.535535054512212e-22,-1.0961334959239656e-20,-7.298956037071133e-05,-2.402808966976538e-22,-1.0961634061997245e-20,308.8731186085053,0.5370475472825152,36597.02406606082,237.39437119265634,0.5101404406104183,1.5707963267948968,-0.037133687887603836,157.56866940996994,6666.878652110954,9.756185351892888,-2.1889166812994802e-16,0.43685250776560663,157.46568530982253,1.954348247545821e-15,0.45149635989122056,-12.152980047503242,0.0,0.0,0.0,1.3655569777893171e-17,0.003154729488309774,0.08491622066662051,0.0,0.0,0.0,0.0,0.0,0.0,0.0,0.0,0.5,0.0,0.0,1.0,3.7327234438011327e-16,6.096,0.0
16.7,-2.540422397747786e-14,0.24925470722972243,158.3592218209947,0.0,0.0,0.0,0.7071024268024574,-0.00043054927782546935,-0.7071024268024573,-0.0004305492778254694,6385939.370784633,2.463841066158339,2.899723382880342e-14,4.5713588108348026e-21,3.858228090578061e-07,7802.370785108457,0.0,-0.001218170427444373,1.4602275458291053e-16,-2.1689935933758364e-19,-7.299039155693841e-05,2.0055208383103653e-22,-1.2339023764583487e-20,-7.299039155693841e-05,2.155831777089367e-22,-1.2338770230295602e-20,308.93973528853456,0.5380327583424334,36679.920656852184,237.4967624029665,0.5129145781404091,1.5707963267948968,-0.036905258568585335,158.4596945887552,6754.861124729409,9.756233932818159,4.218109261445622e-15,0.4421577345182639,158.35690903990405,1.9801564474821817e-15,0.45464363700577237,-12.313466562269701,0.0,0.0,0.0,1.3835898782979833e-17,0.0031767203808245026,0.08603758417159271,0.0,0.0,0.0,0.0,0.0,0.0,0.0,0.0,0.5,0.0,0.0,1.0,3.7327234438011327e-16,6.096,0.0
16.8,-2.5590510328146596e-14,0.25234676132915224,159.24991923693108,0.0,0.0,0.0,0.7071014265308984,-0.0004331268088438872,-0.7071014265308982,-0.00043312680884388725,6385923.490503773,2.508317025985119,2.8643243693796295e-14,4.51556424389528e-21,3.927884556892982e-07,7786.490504265763,0.0,-0.001225469526876789,9.568728947071211e-17,-1.0845940228276812e-19,-7.29912278540482e-05,3.358023537306548e-23,-1.1868833607865945e-20,-7.29912278540482e-05,4.81251004235636e-23,-1.1868783544160079e-20,309.0066893543259,0.5390272883981299,36763.69865912606,237.59973194690463,0.515683433006741,1.5707963267948968,-0.03667952742377734,159.34963038828636,6843.572575626207,9.756282787851816,-5.466329258227571e-15,0.44749583657043923,159.24713830024052,2.0061784766193035e-15,0.4577998514512458,-12.475282759201908,0.0,0.0,0.0,1.4017721871618493e-17,0.003198773720933298,0.08716823853228604,0.0,0.0,0.0,0.0,0.0,0.0,0.0,0.0,0.5,0.0,0.0,1.0,3.7327234438011327e-16,6.096,0.0
16.900000000000002,-2.5759041580405403e-14,0.2554598920174492,160.13950491558748,0.0,0.0,0.0,0.7071008073028872,-0.0004357045731264245,-0.707100807302887,-0.0004357045731264245,6385907.52092464,2.5533301340976338,2.8363374973937585e-14,4.4714546185247455e-21,3.998382573024378e-07,7770.520925150563,0.0,-0.0012327687267879128,1.5036869250506457e-16,-1.446227921912857e-19,-7.299206928734251e-05,-1.1039593107217764e-21,-8.563407426635419e-21,-7.299206928734251e-05,-1.0934007631834303e-21,-8.564761497831967e-21,309.07401321336545,0.5400280757894453,36848.020878329706,237.7032807538685,0.5184468938181045,1.5707963267948968,-0.03645647399329429,160.23846270682773,6932.980112309207,9.756331917976834,-2.4276587598148637e-15,0.45286716212543876,160.13642329775743,2.0324046918276795e-15,0.46096242212263966,-12.638368673162821,0.0,0.0,0.0,1.420097166460587e-17,0.003220871473744226,0.08830776475576302,0.0,0.0,0.0,0.0,0.0,0.0,0.0,0.0,0.5,0.0,0.0,1.0,3.7327234438011327e-16,6.096,0.0
17.0,-2.5903843502850695e-14,0.2585940385341635,161.02797538453225,0.0,0.0,0.0,0.7071007189639179,-0.0004382826628216561,-0.7071007189639178,-0.0004382826628216561,6385891.462585667,2.598881084667938,2.819256014745831e-14,4.444537102362934e-21,4.0697232332620394e-07,7754.4625861961395,0.0,-0.0012400680133511728,1.5912662450687657e-16,-1.4462746440151795e-19,-7.299291583279366e-05,-4.829511322485008e-22,-1.037535421054032e-20,-7.299291583279366e-05,-4.700852169383236e-22,-1.0375945331557173e-20,309.14171126228575,0.5410344256146429,36932.81176527753,237.80740509105718,0.5212049410015543,1.5707963267948968,-0.036236054664330185,161.12618797808412,7023.073922090551,9.75638132154115,2.108451637933154e-15,0.4582717689900127,161.0248317087385,2.058832214049487e-15,0.4641307349631317,-12.802706400929553,0.0,0.0,0.0,1.4385628045171565e-17,0.0032430093486730486,0.08945603774727161,0.0,0.0,0.0,0.0,0.0,0.0,0.0,0.0,0.5,0.0,0.0,1.0,3.7327234438011327e-16,6.096,0.0
17.1,-2.601828219078101e-14,0.26174924088620166,161.91532185775947,0.0,0.0,0.0,0.7071013279956008,-0.00044086118032675263,-0.7071013279956007,-0.0004408611803267527,6385875.315598353,2.644973127604977,2.816973054773693e-14,4.440949337010297e-21,4.1419116360510924e-07,7738.31559890043,0.0,-0.0012473673667491906,1.8844341058214795e-16,-2.1692174570999326e-19,-7.299376749074383e-05,6.320602918990645e-22,-1.3584977341537333e-20,-7.299376749074383e-05,6.4900525319936355e-22,-1.3584178361755923e-20,309.20975024222975,0.5420495995656645,37018.43067077059,237.91210542591244,0.5239575959212336,1.5707963267948968,-0.03601824116743801,162.01279737232377,7113.898653195185,9.756430998207897,-2.599692890567702e-15,0.46370990147759567,161.9124349776741,2.085474129986977e-15,0.46730757932053096,-12.968377321259213,0.0,0.0,0.0,1.4571782453710583e-17,0.0032652068356615878,0.09061362612261382,0.0,0.0,0.0,0.0,0.0,0.0,0.0,0.0,0.5,0.0,0.0,1.0,3.7327234438011327e-16,6.096,0.0
17.2,-2.619331873875144e-14,0.2649753390142263,162.79881967911479,0.0,0.0,0.0,0.7071020062024996,-0.0004434397482511122,-0.7071020062024995,-0.0004434397482511122,6385858.872946917,2.6929150109264604,2.8233054065325596e-14,4.450943808398015e-21,4.2169973763761016e-07,7721.872947484876,0.0,-0.0012546670171576391,1.6568621290502794e-16,-1.084915002758404e-19,-7.299463154484086e-05,-8.1798881586620245e-22,-9.42815370288036e-21,-7.299463154484086e-05,-8.061581590503124e-22,-9.42917229620555e-21,309.279022317528,0.543084633410813,37105.757313957954,238.01872336975694,0.5266945164440187,1.5707963267948968,-0.03580322428345485,162.89556570932882,7205.367112085779,9.75648158488237,1.0587237462134587e-15,0.46922725429927603,162.79622441943567,2.1123048672734667e-15,0.4704906997192364,-13.13522241414989,0.0,0.0,0.0,1.4759256209049777e-17,0.0032874481750802616,0.09177941876521412,0.0,0.0,0.0,0.0,0.0,0.0,0.0,0.0,0.5,0.0,0.0,1.0,3.7327234438011327e-16,6.096,0.0
17.3,-2.636050194033123e-14,0.26816789963518156,163.68415688549092,0.0,0.0,0.0,0.707102869039777,-0.00044601842699377504,-0.7071028690397769,-0.00044601842699377504,6385842.569452024,2.7399772245922436,2.872127142553183e-14,4.527922961771996e-21,4.290705878163571e-07,7705.5694526117295,0.0,-0.0012619664998937726,1.3920702528738712e-16,-1.08481095252963e-19,-7.299549272571128e-05,-5.339321550557854e-23,-1.1622607649712545e-20,-7.299549272571128e-05,-3.8724891260267745e-23,-1.1622665441450304e-20,309.3477081332115,0.5441109076144949,37192.344899105425,238.1244389904877,0.5294371870194459,1.5707963267948968,-0.035590346005198295,163.78018100797382,7297.602419038475,9.75653174381985,-6.7438311523838504e-15,0.4747265104253051,163.68194206758136,2.1393605638576565e-15,0.47368015734217905,-13.303466400947974,0.0,0.0,0.0,1.4948301816995473e-17,0.0033097337944310704,0.09295498586504763,0.0,0.0,0.0,0.0,0.0,0.0,0.0,0.0,0.5,0.0,0.0,1.0,3.7327234438011327e-16,6.096,0.0
17.400000000000002,-2.646375594877853e-14,0.271378672403556,164.56850502287762,0.0,0.0,0.0,0.7071036078824642,-0.00044859703257892693,-0.7071036078824641,-0.00044859703257892693,6385826.189927982,2.7875118206381644,2.866953900763019e-14,4.519778990729076e-21,4.3651545434083046e-07,7689.189928591251,0.0,-0.001269266054418877,1.4264950022195664e-16,-1.084834140110603e-19,-7.299635858985072e-05,7.6630028762209375e-22,-1.3921491649835886e-20,-7.299635858985072e-05,7.839697423868704e-22,-1.3920507797141664e-20,309.41668398260157,0.545145001214676,37279.67077144888,238.23064870310176,0.5321749698500712,1.5707963267948968,-0.03537984034907875,164.66381446955,7390.577608240653,9.756582137053185,4.874637132440911e-15,0.48025549752251157,164.5666171731103,2.1666332969233167e-15,0.4768779807140694,-13.473060014166121,0.0,0.0,0.0,1.513886391864734e-17,0.0033320778675751802,0.09413998317660337,0.0,0.0,0.0,0.0,0.0,0.0,0.0,0.0,0.5,0.0,0.0,1.0,3.7327234438011327e-16,6.096,0.0
17.5,-2.6544331567081443e-14,0.27462151266642665,165.451101762099,0.0,0.0,0.0,0.7071041495414786,-0.0004511755205086849,-0.7071041495414785,-0.0004511755205086849,6385809.677006009,2.835883400979857,2.852708334207044e-14,4.497332433311881e-21,4.4409143786333253e-07,7672.677006638609,0.0,-0.0012765657478241356,1.293060618844705e-16,-1.0847840972305168e-19,-7.299723116342215e-05,-7.366490554836384e-22,-9.66123107789561e-21,-7.299723116342215e-05,-7.243143857632554e-22,-9.662163273215928e-21,309.48620586018313,0.5461890922876712,37367.88158212169,238.33772397969378,0.5349049484951763,1.5707963267948968,-0.03517174696455343,165.5457036138707,7484.26097647437,9.756632941092457,-5.074325449197128e-15,0.48582704317357195,165.44945222486584,2.194113768790661e-15,0.480082797691653,-13.643945436822598,0.0,0.0,0.0,1.5330877548554494e-17,0.0033544708069695416,0.09533400671669692,0.0,0.0,0.0,0.0,0.0,0.0,0.0,0.0,0.5,0.0,0.0,1.0,3.7327234438011327e-16,6.096,0.0
17.6,-2.6694460187995553e-14,0.2778829220534157,166.33267613789275,0.0,0.0,0.0,0.7071045983808781,-0.00045375395207095245,-0.707104598380878,-0.00045375395207095245,6385793.087177359,2.8847430406108963,2.8949830735264236e-14,4.563991055697098e-21,4.517438948676127e-07,7656.0871780104935,0.0,-0.0012838655155539382,1.9276358702462445e-16,-1.0850791975834054e-19,-7.299810846126679e-05,6.665180736191609e-22,-1.3597041694130207e-20,-7.299810846126679e-05,6.839742782703443e-22,-1.359617477385443e-20,309.5560515264009,0.5472380460720355,37456.50322258036,238.44529794474153,0.5376298604623581,1.5707963267948968,-0.034965949022210854,166.42657739738002,7578.647697588211,9.75668398214101,-3.3557414656651988e-15,0.4914286102899731,166.33122386824894,2.2218005686856227e-15,0.4832933147189627,-13.816113896115978,0.0,0.0,0.0,1.5524332849249742e-17,0.0033769035741821386,0.09653699518734715,0.0,0.0,0.0,0.0,0.0,0.0,0.0,0.0,0.5,0.0,0.0,1.0,3.7327234438011327e-16,6.096,0.0
17.7,-2.686101343829161e-14,0.2811654564826341,167.21308202921304,0.0,0.0,0.0,0.7071049662699169,-0.00045633233462861154,-0.7071049662699168,-0.00045633233462861154,6385776.410070241,2.9341590861830835,2.8785522317838465e-14,4.5380994797179085e-21,4.594835299206165e-07,7639.4100709157065,0.0,-0.0012911653703367096,1.4504725707273603e-16,-1.08487373710395e-19,-7.299899085115499e-05,2.2137853487857814e-24,-1.1752432115805731e-20,-7.299899085115499e-05,1.7388112652429295e-23,-1.1752419461158028e-20,309.6262350517046,0.5482954993341955,37545.92025014932,238.5534389313424,0.5403492037949721,1.5707963267948968,-0.03476242294190468,167.30628958422346,7673.777821660637,9.756735292115076,4.579945630340532e-15,0.4970625585187023,167.21179089635513,2.24970543717086e-15,0.4865121188750889,-13.989638399926982,0.0,0.0,0.0,1.5719311855279812e-17,0.003399394245847513,0.0977494587147359,0.0,0.0,0.0,0.0,0.0,0.0,0.0,0.0,0.5,0.0,0.0,1.0,3.7327234438011327e-16,6.096,0.0
17.8,-2.699286801277936e-14,0.28446942936408653,168.09229555471907,0.0,0.0,0.0,0.7071052665570154,-0.00045891067601821936,-0.7071052665570153,-0.00045891067601821936,6385759.644701402,2.984141754605691,2.8078193337077273e-14,4.426599244168985e-21,4.673119442422452e-07,7622.644702098332,0.0,-0.0012984653139066038,1.564733818063975e-16,-1.0849375019351588e-19,-7.299987838315069e-05,-1.3977722725692693e-21,-7.878042088825618e-21,-7.299987838315069e-05,-1.3875414827103193e-21,-7.879850315155806e-21,309.69677291320255,0.549360271604518,37636.000707899686,238.66215286548461,0.5430628612014415,1.5707963267948968,-0.03456114341952697,168.18481621662036,7769.639872509973,9.756786874048105,-3.529896260477513e-15,0.5027292221147921,168.09113517263341,2.2778250107642397e-15,0.48973812765303415,-14.164498032673487,0.0,0.0,0.0,1.5915791065068134e-17,0.0034219352581909613,0.09897125115592707,0.0,0.0,0.0,0.0,0.0,0.0,0.0,0.0,0.5,0.0,0.0,1.0,3.7327234438011327e-16,6.096,0.0
17.900000000000002,-2.711686087894357e-14,0.28779477206653237,168.9703134961213,0.0,0.0,0.0,0.7071055163774126,-0.0004614889869324221,-0.7071055163774125,-0.0004614889869324221,6385742.791612448,3.0346916010945733,2.7779790539620772e-14,4.379566914705622e-21,4.7522922556647895e-07,7605.791613169325,0.0,-0.0013057653470865116,1.7306448675173e-16,-1.0850279963763136e-19,-7.300077103221061e-05,-1.3524715703080246e-21,-8.01623086848846e-21,-7.300077103221061e-05,-1.3420037782417436e-21,-8.017990290898029e-21,309.7676798443674,0.5504306149984722,37726.55248649578,238.77143561493554,0.5457707963882177,1.5707963267948968,-0.03436206389476624,169.0621539393353,7866.208378429617,9.756838726278193,-7.936149896789748e-17,0.508428462277083,168.9692611529398,2.306151821569794e-15,0.49296976450187335,-14.340646355758487,0.0,0.0,0.0,1.611371829836761e-17,0.00344451559541671,0.10020204803164595,0.0,0.0,0.0,0.0,0.0,0.0,0.0,0.0,0.5,0.0,0.0,1.0,3.7327234438011327e-16,6.096,0.0
18.0,-2.724876834960439e-14,0.2911415185251735,169.8471269294168,0.0,0.0,0.0,0.7071059607958537,-0.0004640674419551629,-0.7071059607958536,-0.0004640674419551629,6385725.850923117,3.085811876136407,2.7816311689822274e-14,4.385336294949945e-21,4.83235883934805e-07,7588.85092386324,0.0,-0.0013130655108387103,1.665086163326892e-16,-1.085008831015792e-19,-7.300166879892802e-05,4.484365338648956e-22,-1.2958811059055144e-20,-7.300166879892802e-05,4.654519102545599e-22,-1.2958211061270573e-20,309.83892424585434,0.551509670025084,37817.92302221896,238.8812875392344,0.5484730308481285,1.5707963267948968,-0.03416517266999156,169.9382938558474,7963.530420855853,9.756890848443337,1.0421884381244784e-15,0.5141606363307921,169.84627726289324,2.334699669222169e-15,0.49620982479743353,-14.518169181260106,0.0,0.0,0.0,1.6313189977028366e-17,0.0034671547895860004,0.10144244893453022,0.0,0.0,0.0,0.0,0.0,0.0,0.0,0.0,0.5,0.0,0.0,1.0,3.7327234438011327e-16,6.096,0.0
18.1,-2.7372934880472477e-14,0.29450981425594125,170.7227207827269,0.0,0.0,0.0,0.7071066524942171,-0.00046664607812277163,-0.707106652494217,-0.00046664607812277163,6385708.8223339245,3.1375086041422793,2.7624896505350107e-14,4.355170730640099e-21,4.913328640375189e-07,7571.822334694986,0.0,-0.0013203658064630571,1.770716517157404e-16,-1.0850721843054044e-19,-7.300257170865246e-05,7.352574069454633e-23,-1.1939950053859705e-20,-7.300257170865246e-05,8.929030562354043e-23,-1.1939842736281593e-20,309.9105220748957,0.5525959677623995,37909.94940586463,238.9917100434706,0.5511694765344111,1.5707963267948968,-0.03397044902080421,170.81322084327013,8061.590689223052,9.756943241473438,2.4196825910046726e-15,0.5199259926132426,170.7221953222267,2.3634640654442667e-15,0.49945698947867523,-14.697038599136174,0.0,0.0,0.0,1.6514174740221457e-17,0.0034898436240558494,0.10269225884942387,0.0,0.0,0.0,0.0,0.0,0.0,0.0,0.0,0.5,0.0,0.0,1.0,3.7327234438011327e-16,6.096,0.0
18.2,-2.7494881143690597e-14,0.2978995963710869,171.5970916847517,0.0,0.0,0.0,0.707107467728735,-0.00046922480601267665,-0.7071074677287349,-0.00046922480601267665,6385691.706387404,3.189782293877268,2.7300200071812753e-14,4.3039927081306355e-21,4.995202463561294e-07,7554.706388200323,0.0,-0.0013276662057765249,8.156089774495615e-17,-1.0846068930753946e-19,-7.300347973638121e-05,-3.7227832057666513e-23,-1.161606267892375e-20,-7.300347973638121e-05,-2.180449611129508e-23,-1.1616101476561524e-20,309.9824872035918,0.5536878382494642,38002.44788844668,239.1026990194591,0.5538600978673354,1.5707963267948968,-0.033777834699479876,171.6869313202304,8160.363958633899,9.756995903703707,-3.3859785270325113e-15,0.5257241993495916,171.5969537170634,2.392437616718902e-15,0.502709726553239,-14.877208633309012,0.0,0.0,0.0,1.6716620927404825e-17,0.0035125713943734596,0.10395115652880223,0.0,0.0,0.0,0.0,0.0,0.0,0.0,0.0,0.5,0.0,0.0,1.0,3.7327234438011327e-16,6.096,0.0
18.3,-2.761928469789969e-14,0.3013109047329757,172.47023044078915,0.0,0.0,0.0,0.7071083010394893,-0.00047180354938705475,-0.7071083010394892,-0.00047180354938705475,6385674.503205893,3.2426361969985837,2.6923868289342683e-14,4.244673913971059e-21,5.077985411518168e-07,7537.503206715919,0.0,-0.0013349666888655722,2.357328256455668e-16,-1.085394049676758e-19,-7.300439288183409e-05,-5.565828498598912e-22,-1.0211568035729825e-20,-7.300439288183409e-05,-5.429502547870408e-22,-1.0212301955872825e-20,310.0547843339916,0.5547888132890404,38095.80970589244,239.21425494719878,0.5565449225318726,1.5707963267948968,-0.03358728472148058,172.55941592779783,8259.90445987096,9.75704883476421,8.317289360576444e-15,0.531555101999659,172.47049271349022,2.4216362244288015e-15,0.5059712228163696,-15.058778165432516,0.0,0.0,0.0,1.6920639645921627e-17,0.0035353603675554127,0.10521983288603051,0.0,0.0,0.0,0.0,0.0,0.0,0.0,0.0,0.5,0.0,0.0,1.0,3.7327234438011327e-16,6.096,0.0
18.400000000000002,-2.775009097197976e-14,0.30474388289989424,173.34212181457326,0.0,0.0,0.0,0.7071090627481804,-0.00047438224338394703,-0.7071090627481803,-0.00047438224338394703,6385657.212494438,3.296076385207145,2.656647507277319e-14,4.18834061659693e-21,5.16168700572369e-07,7520.212495288812,0.0,-0.0013422672427514748,6.153567033372541e-17,-1.0845122898769833e-19,-7.300531116942837e-05,4.828690187477946e-22,-1.3009637493105495e-20,-7.300531116942837e-05,5.0033080733259715e-22,-1.3008977703856832e-20,310.12743614642943,0.5558967299252132,38189.79489149442,239.32637895447863,0.5592238495191685,1.5707963267948968,-0.03339876622789147,173.43065930704043,8360.1859396203,9.757102035571055,7.411774775758828e-17,0.5374187207461634,173.34275325068495,2.4510521942253436e-15,0.5092395065451956,-15.24169934872943,0.0,0.0,0.0,1.7126177133237668e-17,0.0035581967666306435,0.10649795360249059,0.0,0.0,0.0,0.0,0.0,0.0,0.0,0.0,0.5,0.0,0.0,1.0,3.7327234438011327e-16,6.096,0.0
18.5,-2.7890398977964517e-14,0.30819846689151065,174.21276247582253,0.0,0.0,0.0,0.7071096804895374,-0.00047696083559006357,-0.7071096804895373,-0.00047696083559006357,6385639.83479664,3.350103319618015,2.628686182523485e-14,4.1442695127119904e-21,5.246307976589109e-07,7502.834797518639,0.0,-0.0013495678596157725,1.0232896241317933e-16,-1.0847296089186038e-19,-7.300623457445066e-05,7.658201647501013e-22,-1.375139485488814e-20,-7.300623457445066e-05,7.843780214576236e-22,-1.3750348761053283e-20,310.2004534565802,0.5570102202832662,38284.25289902929,239.43906703671888,0.5618968489278677,1.5707963267948968,-0.033212229468611534,174.30065795864047,8461.186807701622,9.757155504456156,-7.0332141761572524e-15,0.5433147827849517,174.2136957834316,2.480679197274054e-15,0.5125132970867857,-15.425932827778231,0.0,0.0,0.0,1.73331891680424e-17,0.0035810716433242063,0.10778524369100691,0.0,0.0,0.0,0.0,0.0,0.0,0.0,0.0,0.5,0.0,0.0,1.0,3.7327234438011327e-16,6.096,0.0
18.6,-2.804254313526541e-14,0.3116746960566969,175.08214313825178,0.0,0.0,0.0,0.7071100984266513,-0.0004795392855084183,-0.7071100984266512,-0.00047953928550841836,6385622.3702376615,3.404720251284832,2.613220158060525e-14,4.1198978116163276e-21,5.331853426148955e-07,7485.370238569565,0.0,-0.0013568685369666866,1.3269863374347054e-16,-2.169090503374953e-19,-7.300716309684811e-05,-7.637293559124754e-24,-1.1693950517157477e-20,-7.300716309684811e-05,8.229862132116311e-24,-1.169395011513859e-20,310.2737951007483,0.5581334329302579,38379.64387928698,239.5523198729334,0.5645639600746121,1.5707963267948968,-0.03302763706796837,175.16940246945725,8562.972306996398,9.757209241040936,-1.2398492396409496e-14,0.5492431935370518,175.0832823075831,2.510536363061002e-15,0.5157963910964056,-15.611597557971239,0.0,0.0,0.0,1.7541809413326618e-17,0.0036040115259127095,0.10908253432568683,0.0,0.0,0.0,0.0,0.0,0.0,0.0,0.0,0.5,0.0,0.0,1.0,3.7327234438011327e-16,6.096,0.0
18.7,-2.8208148659095106e-14,0.3151727140071522,175.95024833923796,0.0,0.0,0.0,0.7071102759261426,-0.0004821175635974622,-0.7071102759261425,-0.0004821175635974622,6385604.818527199,3.4599332983370674,2.6139118271095244e-14,4.12099967271421e-21,5.418332949116682e-07,7467.81852813686,0.0,-0.00136416927671779,1.3966477503465534e-16,-1.0849479369392064e-19,-7.300809676120639e-05,-5.662956804181893e-24,-1.1710825903079777e-20,-7.300809676120639e-05,1.0312254696565287e-23,-1.1710822860168853e-20,310.34749482007777,0.5592630600606517,38475.600619238125,239.66613815270887,0.5672250609350905,1.5707963267948968,-0.032844963074483244,176.03687728883267,8665.497722447803,9.757263246227351,-6.868477841200731e-16,0.5552040356157006,175.95147566636624,2.540610583616261e-15,0.5190857313385665,-15.79861202829977,0.0,0.0,0.0,1.77519462800922e-17,0.003626995052649291,0.11038925596665021,0.0,0.0,0.0,0.0,0.0,0.0,0.0,0.0,0.5,0.0,0.0,1.0,3.7327234438011327e-16,6.096,0.0
18.8,-2.838792680096205e-14,0.3186924556773911,176.81707479084278,0.0,0.0,0.0,0.7071101912833114,-0.0004846956539361035,-0.7071101912833113,-0.0004846956539361035,6385587.180209882,3.5157428742485046,2.6331138356741982e-14,4.151284415114694e-21,5.505747201512168e-07,7450.18021084927,0.0,-0.0013714700834509788,1.3789852986455253e-16,-1.0849503571409163e-19,-7.300903554292111e-05,2.6948283839034704e-22,-1.2450825981084075e-20,-7.300903554292111e-05,2.8655886803916915e-22,-1.2450444549266593e-20,310.4215572281115,0.5603983613299383,38572.041962260075,239.78051809122374,0.5698801331542244,1.5707963267948968,-0.03266416553825645,176.90307899705178,8768.75034936237,9.757317518344125,-1.3507799482773901e-14,0.5611971049854223,176.8182599368557,2.570898134282159e-15,0.5223805967430639,-15.986953077236484,0.0,0.0,0.0,1.796357374312957e-17,0.0036500171852177216,0.11170524677792276,0.0,0.0,0.0,0.0,0.0,0.0,0.0,0.0,0.5,0.0,0.0,1.0,3.7327234438011327e-16,6.096,0.0
18.900000000000002,-2.8581868841048164e-14,0.32223395990279163,177.68261311519808,0.0,0.0,0.0,0.7071098382842583,-0.0004872735517681929,-0.7071098382842582,-0.0004872735517681929,6385569.455413695,3.5721522294692054,2.6720962005168174e-14,4.212754556700749e-21,5.594101284796702e-07,7432.455414694734,0.0,-0.001378770964419711,1.0805419717357728e-16,-1.0847967198868015e-19,-7.300997944198396e-05,-3.4086417089604796e-22,-1.0874081577178032e-20,-7.300997944198396e-05,-3.258709837100264e-22,-1.0874541214786911e-20,310.49593607357224,0.5615440282844866,38669.48896765297,239.89546053881358,0.5725292265387991,1.5707963267948968,-0.03248521412725667,177.7679981236427,8872.805898857152,9.757372057004048,-8.326553905922764e-15,0.5672223778109611,177.68362069656047,2.601421213290664e-15,0.5256853401477961,-16.17675874295882,0.0,0.0,0.0,1.8176846907602787e-17,0.003673108338095937,0.11303147127029028,0.0,0.0,0.0,0.0,0.0,0.0,0.0,0.0,0.5,0.0,0.0,1.0,3.7327234438011327e-16,6.096,0.0
19.0,-2.878924588131504e-14,0.325797370341037,178.54684762199864,0.0,0.0,0.0,0.7071092260584493,-0.0004898512633896753,-0.7071092260584492,-0.0004898512633896753,6385551.643853028,3.629167528548464,2.731076442657773e-14,4.3057533023832295e-21,5.683404866915051e-07,7414.643854059279,0.0,-0.0013860719288589763,1.239942061524497e-16,-1.084898838983535e-19,-7.301092848295992e-05,4.074003312714033e-22,-1.2854852971930447e-20,-7.301092848295992e-05,4.25217123860191e-22,-1.2854276154370344e-20,310.570677529524,0.5626954556100314,38767.42988490674,240.01096569451,0.5751721949745832,1.5707963267948968,-0.032308089350243784,178.63161892235297,8977.597708545947,9.757426863094803,-1.1281411065998387e-14,0.5732800111584903,178.5475448865031,2.6321602769008283e-15,0.5289956483124627,-16.36790749405903,0.0,0.0,0.0,1.8391629216008062e-17,0.0036962383734853305,0.11436708027031568,0.0,0.0,0.0,0.0,0.0,0.0,0.0,0.0,0.5,0.0,0.0,1.0,3.7327234438011327e-16,6.096,0.0
19.1,-2.900841531232959e-14,0.32938262084891673,179.40977506697445,0.0,0.0,0.0,0.7071083828438297,-0.0004924288088545731,-0.7071083828438296,-0.0004924288088545731,6385533.746073493,3.6867891373275117,2.8089255877298898e-14,4.428500998639594e-21,5.773658529507999e-07,7396.746074556683,0.0,-0.0013933729858984056,1.8220719758515546e-16,-1.0852485458024125e-19,-7.301188264115657e-05,-1.1746482792711971e-21,-8.784925285464678e-21,-7.301188264115657e-05,-1.1624079728939474e-21,-8.786554064876615e-21,310.6457717779382,0.5638533867749391,38865.94830721884,240.12703029749858,0.5778090472295047,1.5707963267948968,-0.032132756424471776,179.49393805095366,9083.136259231731,9.757481934942039,-8.584376006504847e-15,0.5793698799022049,179.41004170931333,2.663118397391116e-15,0.5323121819121317,-16.560418435289243,0.0,0.0,0.0,1.860794213520167e-17,0.003719411907704669,0.11571220726816689,0.0,0.0,0.0,0.0,0.0,0.0,0.0,0.0,0.5,0.0,0.0,1.0,3.7327234438011327e-16,6.096,0.0
19.200000000000003,-2.923702527504423e-14,0.3329897497483154,180.27138598067432,0.0,0.0,0.0,0.7071073520495101,-0.0004950062191475738,-0.70710735204951,-0.0004950062191475739,6385515.762205904,3.7450203056528384,2.9034663658699465e-14,4.577565247656457e-21,5.864867373467536e-07,7378.762207002378,0.0,-0.0014006741448607807,1.474790486108347e-16,-3.253464588079511e-19,-7.301284191640854e-05,1.0349993736553464e-22,-1.2150731426781098e-20,-7.301284191640854e-05,1.2051904562357985e-22,-1.2150574537956733e-20,310.7211865214972,0.5650210940629797,38965.408227513646,240.24365466883333,0.5804398084271595,1.5707963267948968,-0.03195919155013516,180.3549459787975,9189.476670126294,9.757537272149904,-1.5793364150211276e-14,0.5854920422289035,180.2711221517227,2.6943117351852232e-15,0.5356380104836791,-16.7543920591318,0.0,0.0,0.0,1.8825898582517408e-17,0.003742650388453997,0.11706755443251135,0.0,0.0,0.0,0.0,0.0,0.0,0.0,0.0,0.5,0.0,0.0,1.0,3.7327234438011327e-16,6.096,0.0
19.3,-2.947195885858572e-14,0.3366189007354711,181.13166444378595,0.0,0.0,0.0,0.7071061932857269,-0.0004975835369192003,-0.7071061932857268,-0.0004975835369192003,6385497.691969378,3.8038672444848283,3.011421551959196e-14,4.747779441019765e-21,5.957041139965427e-07,7360.691970511029,0.0,-0.0014079754146211108,1.44818953146481e-16,-1.085066219220089e-19,-7.301380633304875e-05,3.791471338692594e-22,-1.2875738325755636e-20,-7.301380633304875e-05,3.972747293814566e-22,-1.2875192025881048e-20,310.79696345028805,0.566194409357026,39065.34581189091,240.3608391378754,0.5830643392118714,1.5707963267948968,-0.03178738129368138,181.2146267603954,9296.557023035712,9.757592875591687,-8.777538870809477e-15,0.5916467423410159,181.13079944760474,2.7257221363200393e-15,0.5389691712028485,-16.949715476416745,0.0,0.0,0.0,1.9045371711212216e-17,0.003765926126388174,0.11843233297560905,0.0,0.0,0.0,0.0,0.0,0.0,0.0,0.0,0.5,0.0,0.0,1.0,3.7327234438011327e-16,6.096,0.0
19.400000000000002,-2.9709253492163196e-14,0.3402700065968772,181.99060725703245,0.0,0.0,0.0,0.707104984015146,-0.0005001608176815049,-0.7071049840151459,-0.0005001608176815049,6385479.535910474,3.8633302720408915,3.1282304251980174e-14,4.931953350692723e-21,6.050180336275465e-07,7342.535911643567,0.0,-0.0014152768011154772,1.679648242914347e-16,-1.808027933127413e-19,-7.301477586608389e-05,2.9334670103461033e-22,-1.269779981785117e-20,-7.301477586608389e-05,3.1131731812715506e-22,-1.269737192705386e-20,310.87307966470433,0.5673754375703494,39165.996302135325,240.47858092079377,0.5856826737372371,1.5707963267948968,-0.031617297464028776,182.07297712918532,9404.410557083878,9.757648743590082,3.3936670006651955e-16,0.597833944498093,181.98910937631746,2.7573593450296083e-15,0.5423076305267084,-17.146449280992726,0.0,0.0,0.0,1.9266429606934642e-17,0.0037892528616846467,0.1198069662833787,0.0,0.0,0.0,0.0,0.0,0.0,0.0,0.0,0.5,0.0,0.0,1.0,3.7327234438011327e-16,6.096,0.0
19.5,-2.994421417749957e-14,0.34394310514092474,182.84820485937973,0.0,0.0,0.0,0.7071038172698871,-0.0005027381281600122,-0.707103817269887,-0.0005027381281600122,6385461.294162833,3.923412637563945,3.248268429097694e-14,5.1212194288769494e-21,6.14429006272417e-07,7324.294164038263,0.0,-0.0014225783080600734,1.4486887797704904e-16,-1.0851008055402703e-19,-7.301575051497102e-05,6.736948692982888e-22,-1.369272789423284e-20,-7.301575051497102e-05,6.93173158720944e-22,-1.3691755655665558e-20,310.9495254558918,0.5685651202252715,39267.464733156216,240.5968794886026,0.5882947955091701,1.5707963267948968,-0.031448922330338636,182.9299874917473,9513.055428453003,9.757704875740604,4.469529041001659e-15,0.60405380068359,182.84609013551204,2.78922868371878e-15,0.5456542702840556,-17.344626569867923,0.0,0.0,0.0,1.9489109458794097e-17,0.00381263675592423,0.12119168561373718,0.0,0.0,0.0,0.0,0.0,0.0,0.0,0.0,0.5,0.0,0.0,1.0,3.7327234438011327e-16,6.096,0.0
19.6,-3.0171302091303e-14,0.3476383400949779,183.70444110118342,0.0,0.0,0.0,0.7071028038588831,-0.0005053155478769069,-0.707102803858883,-0.000505315547876907,6385442.966450342,3.9841205984167365,3.3647137184619066e-14,5.304822381591913e-21,6.239380133705925e-07,7305.966451584982,0.0,-0.0014298799361771753,1.584545347255923e-16,-1.808011581533425e-19,-7.30167303035778e-05,-4.1373393990875144e-22,-1.0975108631861882e-20,-7.30167303035778e-05,-3.9804063949108855e-22,-1.0975689085092557e-20,311.0263315004365,0.5697604092996437,39369.41133756467,240.7157355423836,0.5909005844364243,1.5707963267948968,-0.031282248154201456,183.7856416999155,9622.446118976815,9.757761272902005,-4.890917106838692e-15,0.6103066555897437,183.70178344689927,2.8213168057089024e-15,0.5490061406951995,-17.54416434763988,0.0,0.0,0.0,1.9713318009868818e-17,0.003836057198183335,0.12258591105493602,0.0,0.0,0.0,0.0,0.0,0.0,0.0,0.0,0.5,0.0,0.0,1.0,3.7327234438011327e-16,6.096,0.0
19.700000000000003,-3.038426860100861e-14,0.3513556431826627,184.55931282948472,0.0,0.0,0.0,0.7071020697515947,-0.0005078931672851875,-0.7071020697515946,-0.0005078931672851875,6385424.553320467,4.045454425201581,3.469623699997021e-14,5.4702397978086355e-21,6.33545098213947e-07,7287.553321748041,0.0,-0.0014371816805785638,1.6283728389033022e-16,-1.808058382335959e-19,-7.301771520638155e-05,3.826845383086273e-23,-1.2154177061308634e-20,-7.301771520638155e-05,5.573565270880745e-23,-1.2154109717994774e-20,311.10346120942893,0.5709648492961592,39472.23214744906,240.83514680014437,0.5935001018674174,1.5707963267948968,-0.031117252812560326,184.63993656124643,9732.641310586461,9.757817933394147,1.0361027151286675e-15,0.616592573668647,184.55625306558983,2.8536409145087864e-15,0.5523666229383044,-17.745169593143906,0.0,0.0,0.0,1.993917546581574e-17,0.003859537813685571,0.12399039009757828,0.0,0.0,0.0,0.0,0.0,0.0,0.0,0.0,0.5,0.0,0.0,1.0,3.7327234438011327e-16,6.096,0.0
19.8,-3.057607556910981e-14,0.35509505169887706,185.4128103916666,0.0,0.0,0.0,0.7071017576031509,-0.0005104710888512154,-0.7071017576031507,-0.0005104710888512155,6385406.054909669,4.107417366557827,3.553926530588838e-14,5.603168735552379e-21,6.432507707789565e-07,7269.054910989478,0.0,-0.0014444835316973319,1.6090432878336726e-16,-2.169469022148716e-19,-7.301870522222278e-05,-7.571172280167314e-22,-1.0186533638646866e-20,-7.301870522222278e-05,-7.42402163172816e-22,-1.0187616654368195e-20,311.18093163115276,0.5721765918500572,39575.72136287317,240.95511172526588,0.5960932806674765,1.5707963267948968,-0.030953924223762794,185.49286241717556,9843.612225254412,9.75787485680392,1.3475682283620655e-15,0.6229118129772249,185.40956617614742,2.886192570564214e-15,0.5557339130615405,-17.94758982559305,0.0,0.0,0.0,2.0166622857143803e-17,0.0038830659977223732,0.12540475604394313,0.0,0.0,0.0,0.0,0.0,0.0,0.0,0.0,0.5,0.0,0.0,1.0,3.7327234438011327e-16,6.096,0.0
19.900000000000002,-3.0738728360312407e-14,0.3588567093946817,186.26491740642757,0.0,0.0,0.0,0.7071020301391063,-0.0005130494294859212,-0.7071020301391062,-0.0005130494294859213,6385387.470946653,4.1700157262418465,3.607205871024999e-14,5.6871863295898806e-21,6.53056019826876e-07,7250.470948014097,0.0,-0.0014517854741987297,1.5081148581634692e-16,-2.530822631279324e-19,-7.30197003742487e-05,-1.8026792524767652e-21,-7.600981991879279e-21,-7.30197003742487e-05,-1.7916415532076042e-21,-7.603590760766325e-21,311.2587594070133,0.5733940365537556,39679.700141682035,241.07563150376924,0.5986800263030908,1.5707963267948968,-0.030792260018231845,186.34440291360738,9955.336350205685,9.757932043975398,3.210803415495302e-15,0.6292648327366708,186.26179518345384,2.918965171336597e-15,0.5591064177146426,-18.15138398755559,0.0,0.0,0.0,2.0395614050096392e-17,0.003906630617116351,0.12682872201444065,0.0,0.0,0.0,0.0,0.0,0.0,0.0,0.0,0.5,0.0,0.0,1.0,3.7327234438011327e-16,6.096,0.0
20.0,-3.0900960711195066e-14,0.3626947813609336,187.11216566328895,0.0,0.0,0.0,0.7071025747588567,-0.0005156279708077426,-0.7071025747588566,-0.0005156279708077426,6385368.596526452,4.23482711072199,3.6214577787729244e-14,5.709673136693704e-21,6.63207933468077e-07,7231.596527856154,0.0,-0.0014590877641772956,1.792205169998891e-16,-1.085403059089091e-19,-7.302070834928648e-05,-1.7096142008775956e-21,-7.823215760295924e-21,-7.302070834928648e-05,-1.6981985453197986e-21,-7.825702279007124e-21,311.3377548663761,0.574635621585275,39785.87467862091,241.1980367461319,0.6012476353067395,1.5707963267948968,-0.030632476231129798,187.1910895439657,10067.762188608522,9.757990125461607,-2.1118415652462853e-15,0.6357001643740559,187.10931061920618,2.9519435971957247e-15,0.5624864031951609,-18.356458058651842,0.0,0.0,0.0,2.0626043399650598e-17,0.003930247507113026,0.1282616310627682,0.0,0.0,0.0,0.0,0.0,0.0,0.0,0.0,0.5,0.0,0.0,1.0,3.7327234438011327e-16,6.096,0.0
20.1,-3.107544095347687e-14,0.36651070625022175,187.9608442060104,0.0,0.0,0.0,0.7071032467247318,-0.0005182066027823502,-0.7071032467247317,-0.0005182066027823502,6385349.805549607,4.298993728751918,3.634981177321552e-14,5.731011414765909e-21,6.732589223248108e-07,7212.805551053956,0.0,-0.001466389934413837,1.5839030410888287e-16,-1.0852787773484509e-19,-7.302171512020297e-05,3.1497043686602488e-22,-1.2875354221796265e-20,-7.302171512020297e-05,3.338503812921846e-22,-1.2874878509552527e-20,311.4163988692983,0.5758719504798537,39891.60581407502,241.3199009201239,0.6038192334976027,1.5707963267948968,-0.030474026758911164,188.03921126384338,10181.054716982391,9.758047950681974,1.7593294673140164e-15,0.6421280289221518,187.95832659507846,2.9851762689624803e-15,0.5658736807035054,-18.563113140423358,0.0,0.0,0.0,2.0858249235425582e-17,0.003953915348517633,0.1297055870683731,0.0,0.0,0.0,0.0,0.0,0.0,0.0,0.0,0.5,0.0,0.0,1.0,3.7327234438011327e-16,6.096,0.0
20.200000000000003,-3.129953586107879e-14,0.37032615921696715,188.8095616209477,0.0,0.0,0.0,0.707103911181279,-0.0005207852304229107,-0.7071039111812789,-0.0005207852304229107,6385331.015994709,4.363142214895396,3.654831359838608e-14,5.7623248297837195e-21,6.833071307619374e-07,7194.015996199411,0.0,-0.001473692091317003,1.5127877033226685e-16,-1.0852441202499246e-19,-7.302272377896683e-05,6.964735040536296e-22,-1.3843893482333092e-20,-7.302272377896683e-05,7.168743694738601e-22,-1.3842852065628502e-20,311.4950204996223,0.5771099176820056,39997.52251494621,241.44175648223992,0.6063897123995132,1.5707963267948968,-0.030317000294162243,188.88737654193466,10295.19237975387,9.758105772038919,3.025608489985859e-15,0.6485679209059547,188.8073805985781,3.0186568594058175e-15,0.5692687123830449,-18.771309887419427,0.0,0.0,0.0,2.1092187347314386e-17,0.003977637370453246,0.1311603151137485,0.0,0.0,0.0,0.0,0.0,0.0,0.0,0.0,0.5,0.0,0.0,1.0,3.7327234438011327e-16,6.096,0.0
20.3,-3.154878228785114e-14,0.374173760715084,189.65622660414675,0.0,0.0,0.0,0.7071044256343721,-0.0005233637535990534,-0.707104425634372,-0.0005233637535990534,6385312.104456374,4.428220302316484,3.6672747384012826e-14,5.781960700708512e-21,6.935009958008264e-07,7175.1044579098625,0.0,-0.0014809943987146516,1.685753086373742e-16,-1.08537776758268e-19,-7.302373894684091e-05,-4.7751729076018095e-22,-1.100129091128909e-20,-7.302373894684091e-05,-4.612240860296208e-22,-1.1001986113914088e-20,311.57411717897895,0.5783596520597536,40104.543750325414,241.56440445477475,0.6089513947882162,1.5707963267948968,-0.030161518698215272,189.7334938854807,10410.127650025495,9.758163969292,-3.4898005925703107e-16,0.6550490713197455,189.65430478568237,3.0523714204944143e-15,0.5726719197483575,-18.980961564767394,0.0,0.0,0.0,2.13277602765784e-17,0.004001416518158383,0.13262520915843712,0.0,0.0,0.0,0.0,0.0,0.0,0.0,0.0,0.5,0.0,0.0,1.0,3.7327234438011327e-16,6.096,0.0
20.400000000000002,-3.171982098361681e-14,0.3780501234177275,190.50104770581527,0.0,0.0,0.0,0.7071048097794449,-0.0005259421849102907,-0.7071048097794448,-0.0005259421849102907,6385293.084094217,4.494133566719977,3.6437627317986384e-14,5.744908031270902e-21,7.038257300849877e-07,7156.084095798433,0.0,-0.0014882968406461285,1.6949364941662164e-16,-1.0854005236553744e-19,-7.302476013441449e-05,-5.347438041276416e-22,-1.0878742809718154e-20,-7.302476013441449e-05,-5.185524193149102e-22,-1.0879526618583641e-20,311.65366900919713,0.5796165778604963,40212.180824547446,241.68775818804212,0.6115049837031045,1.5707963267948968,-0.03000754317411648,190.5777717884818,10525.804334550987,9.758222501954032,-5.566368392491173e-16,0.6615683845894551,190.49931723877563,3.086303477408818e-15,0.5760797453322991,-19.191965724936566,0.0,0.0,0.0,2.156485290911406e-17,0.004025227934629751,0.13409955337330987,0.0,0.0,0.0,0.0,0.0,0.0,0.0,0.0,0.5,0.0,0.0,1.0,3.7327234438011327e-16,6.096,0.0
20.5,-3.1842488875487305e-14,0.38194561727450427,191.34463250827235,0.0,0.0,0.0,0.7071051300286637,-0.0005285205705580382,-0.7071051300286636,-0.0005285205705580382,6385273.991741046,4.5606053916214595,3.580743526363003e-14,5.645566321579748e-21,7.142380104848129e-07,7136.991742674882,0.0,-0.0014955993680626355,1.7931703233172038e-16,-1.0854872435714302e-19,-7.302578597688952e-05,-6.248483082728453e-23,-1.20250340670153e-20,-7.302578597688952e-05,-4.4499763789022555e-23,-1.2025113917097496e-20,311.73348631288667,0.5808820373999979,40320.6479388415,241.8115801339837,0.6140527905608064,1.5707963267948968,-0.02985501735076311,191.42081783290692,10642.320645816657,9.758281256686882,-2.420204193300506e-15,0.668117267610896,191.3430605600413,3.1204818315066824e-15,0.5794963484330458,-19.404501467186925,0.0,0.0,0.0,2.1803666487944248e-17,0.004049100682029914,0.13558459917425178,0.0,0.0,0.0,0.0,0.0,0.0,0.0,0.0,0.5,0.0,0.0,1.0,3.7327234438011327e-16,6.096,0.0
20.6,-3.194746435321437e-14,0.38586351403993796,192.18676440464202,0.0,0.0,0.0,0.7071053917352979,-0.0005310989145853559,-0.7071053917352977,-0.0005310989145853559,6385254.815238082,4.627732366282066,3.5646965255229113e-14,5.620282869543622e-21,7.247529661442898e-07,7117.815239759161,0.0,-0.001502901998168203,1.845421238982773e-16,-1.0855432273761518e-19,-7.302681692296424e-05,-7.2954534929234245e-22,-1.0392747835857059e-20,-7.302681692296424e-05,-7.13924940502986e-22,-1.0393832406538662e-20,311.8136386763858,0.5821548484886174,40429.79166753746,241.93594844950283,0.6165939870000013,1.5707963267948968,-0.029703929698355,192.26241532478574,10759.630669816728,9.758340270911889,-3.4004808253644615e-15,0.674698590525446,192.18532057958205,3.1548930185625035e-15,0.5829195431702343,-19.61848506515901,0.0,0.0,0.0,2.2044106934814956e-17,0.004073019487010396,0.1370797615421163,0.0,0.0,0.0,0.0,0.0,0.0,0.0,0.0,0.5,0.0,0.0,1.0,3.7327234438011327e-16,6.096,0.0
20.700000000000003,-3.2028819240323516e-14,0.38980384753968456,193.02743352674736,0.0,0.0,0.0,0.7071056052448219,-0.0005336772241588901,-0.7071056052448218,-0.0005336772241588901,6385235.55473068,4.695517730636759,3.616794951664698e-14,5.702441229267091e-21,7.353711057937569e-07,7098.554732406511,0.0,-0.0015102047314632127,1.7228839216899204e-16,-1.0854720816450653e-19,-7.302785297077205e-05,7.109790511697293e-22,-1.3854270270683572e-20,-7.302785297077205e-05,7.3190101695900025e-22,-1.3853180748323585e-20,311.89413820448635,0.5834336560958829,40539.460674352646,242.06086171917002,0.6191285140836045,1.5707963267948968,-0.02955426033569043,193.10255433793,10877.711090957182,9.758399544188713,-9.919076294342903e-16,0.6813123576268503,193.02609265649545,3.18953020226391e-15,0.5863479280874608,-19.83387400771493,0.0,0.0,0.0,2.2286126482527714e-17,0.004096974557209095,0.13858474343986785,0.0,0.0,0.0,0.0,0.0,0.0,0.0,0.0,0.5,0.0,0.0,1.0,3.7327234438011327e-16,6.096,0.0
20.8,-3.213385258660144e-14,0.39376677119451026,193.8666224573699,0.0,0.0,0.0,0.7071057799924143,-0.0005362555059344851,-0.7071057799924142,-0.0005362555059344851,6385216.209962709,4.763967919562415,3.661033811636327e-14,5.772208295554195e-21,7.460934389029788e-07,7079.209964485839,0.0,-0.0015175075690152862,1.8209463295402867e-16,-1.085563097428755e-19,-7.302889414459881e-05,1.5905705522869778e-22,-1.2511145527624446e-20,-7.302889414459881e-05,1.7804198172903722e-22,-1.251089002047675e-20,311.97494099500585,0.5847232685869725,40650.19337427686,242.18632328098528,0.621656393763673,1.5707963267948968,-0.02940599633003879,193.9412174177842,10996.656728036214,9.758459077315198,-2.8624940771249915e-15,0.6879587389600811,193.86536420415,3.2244211858373698e-15,0.5897862904229684,-20.05084118730459,0.0,0.0,0.0,2.2529919399887768e-17,0.004120999342378864,0.14010075291469912,0.0,0.0,0.0,0.0,0.0,0.0,0.0,0.0,0.5,0.0,0.0,1.0,3.7327234438011327e-16,6.096,0.0
20.900000000000002,-3.227339629891287e-14,0.39775221634280933,194.7043281066633,0.0,0.0,0.0,0.7071060764336031,-0.000538833891402778,-0.707106076433603,-0.000538833891402778,6385196.781485451,4.8330830042121375,3.6301984575847556e-14,5.723608935276276e-21,7.569199776117892e-07,7059.781487279882,0.0,-0.001524810538122347,1.5537133014728312e-16,-1.085379732673584e-19,-7.302994041957462e-05,6.309582255740211e-22,-1.363631032108202e-20,-7.302994041957462e-05,6.517504067179132e-22,-1.3635332321150753e-20,312.05609343788984,0.5860184615296016,40761.405240206375,242.31232774399808,0.6241775274066549,1.5707963267948968,-0.029259125007354413,194.7784014694578,11116.3688591254,9.758518868599273,2.326674331435165e-15,0.6946378885138883,194.70322021546525,3.2595370196429208e-15,0.5932293398293176,-20.269206582584687,0.0,0.0,0.0,2.2775283407782866e-17,0.00414505687740425,0.14162653210787465,0.0,0.0,0.0,0.0,0.0,0.0,0.0,0.0,0.5,0.0,0.0,1.0,3.7327234438011327e-16,6.096,0.0
21.0,-3.240171974978459e-14,0.4017602109435957,195.54054069399476,0.0,0.0,0.0,0.7071065790517252,-0.0005414124497212142,-0.7071065790517251,-0.0005414124497212142,6385177.269447289,4.902866221711451,3.566219489129748e-14,5.622752796811278e-21,7.678512302501646e-07,7040.26944917161,0.0,-0.0015321136481972703,1.626083140925015e-16,-1.0854507034786328e-19,-7.303099179308208e-05,5.910877415086703e-22,-1.3531606602262528e-20,-7.303099179308208e-05,6.118189988037569e-22,-1.35306851071651e-20,312.1375683711573,0.5873220671780532,40873.41436189598,242.4388751375398,0.6266919349453357,1.5707963267948968,-0.02911363397368827,195.61409669165258,11236.90269111481,9.758578917591308,-9.922679875773574e-15,0.7013499635596869,195.53969849021587,3.2948938903685387e-15,0.596679892107387,-20.489070849360154,0.0,0.0,0.0,2.302233160706256e-17,0.00416916683706196,0.14316278432924207,0.0,0.0,0.0,0.0,0.0,0.0,0.0,0.0,0.5,0.0,0.0,1.0,3.7327234438011327e-16,6.096,0.0
21.1,-3.25197549364131e-14,0.4057909000536813,196.37524284522289,0.0,0.0,0.0,0.707107194033091,-0.0005439911030355898,-0.7071071940330909,-0.0005439911030355898,6385157.673597194,4.973324051692015,3.483880988724997e-14,5.492949088164981e-21,7.788882133565641e-07,7020.673599131405,0.0,-0.001539416877751088,2.300280893149429e-16,-1.8087918283856375e-19,-7.303204828721838e-05,-1.4384785068291218e-21,-8.706706973567008e-21,-7.303204828721838e-05,-1.4250723215561662e-21,-8.708910548927861e-21,312.2193664757995,0.5886341416250904,40986.22659294102,242.56596710340963,0.6291995502566846,1.5707963267948968,-0.028969501805248363,196.44828562489593,11358.26482133649,9.75863922507361,9.520692187216381e-15,0.7080949285009281,196.37473101582597,3.3304937349041656e-15,0.6001379651005905,-20.710446032047773,0.0,0.0,0.0,2.3271077531310642e-17,0.004193329346028843,0.14470959373646045,0.0,0.0,0.0,0.0,0.0,0.0,0.0,0.0,0.5,0.0,0.0,1.0,3.7327234438011327e-16,6.096,0.0
21.200000000000003,-3.262862899743358e-14,0.4098442112711526,197.20843161217613,0.0,0.0,0.0,0.7071078386120704,-0.0005465697826194084,-0.7071078386120703,-0.0005465697826194084,6385137.994487205,5.04445651646947,3.396215197339081e-14,5.354745215045803e-21,7.900309314426776e-07,7000.994489197308,0.0,-0.00154672020992889,1.251467081668852e-16,-1.085187101045898e-19,-7.303310987514843e-05,-1.26141994920175e-22,-1.1811503921411967e-20,-7.303310987514843e-05,-1.0787335599105037e-22,-1.1811685153096518e-20,312.301512128596,0.589951790884091,41099.51814661648,242.69359906440963,0.6317003180718688,1.5707963267948968,-0.028826695644350208,197.2809652037923,11480.398076007596,9.758699789351702,-1.3518839656636746e-14,0.7148724508324085,197.20826945355336,3.3663197898426466e-15,0.6036005682679022,-20.933227888554086,0.0,0.0,0.0,2.3521404049981715e-17,0.004217523508570629,0.14626623196129615,0.0,0.0,0.0,0.0,0.0,0.0,0.0,0.0,0.5,0.0,0.0,1.0,3.7327234438011327e-16,6.096,0.0
21.3,-3.272945103921911e-14,0.4139201803173634,198.04009683918042,0.0,0.0,0.0,0.7071084431546625,-0.0005491484306276056,-0.7071084431546624,-0.0005491484306276056,6385118.232268681,5.1162668495070545,3.3142452477502036e-14,5.225521102905952e-21,8.012798923048464e-07,6981.232270730659,0.0,-0.0015540236336686335,2.447683128234407e-16,-1.0861576490281246e-19,-7.303417655460029e-05,7.142327296755519e-22,-1.377187407703379e-20,-7.303417655460029e-05,7.356336764248964e-22,-1.37707475134767e-20,312.3839536072709,0.591280503347383,41213.906008481776,242.8217719515975,0.634194307664175,1.5707963267948968,-0.028685190797037793,198.1121251833609,11603.41103552282,9.758760609966846,6.745929953863966e-15,0.7216823752437695,198.04026484342654,3.402403894950516e-15,0.6070732698408268,-21.157614412275553,0.0,0.0,0.0,2.377353363629885e-17,0.004241788231455315,0.14783408243817261,0.0,0.0,0.0,0.0,0.0,0.0,0.0,0.0,0.5,0.0,0.0,1.0,3.7327234438011327e-16,6.096,0.0
21.400000000000002,-3.282333845148332e-14,0.41801895188449034,198.87022092209727,0.0,0.0,0.0,0.7071089495063,-0.0005517269987240673,-0.7071089495062999,-0.0005517269987240673,6385098.3866959,5.188761572135508,3.247246708784555e-14,5.119901524125621e-21,8.126361190725029e-07,6961.386698007894,0.0,-0.0015613271428017628,1.66018512958568e-16,-1.0855442190922573e-19,-7.303524834779489e-05,-3.3399004111033166e-22,-1.1292317214572046e-20,-7.303524834779489e-05,-3.163581832092235e-22,-1.1292824720329608e-20,312.46674009383264,0.5926151127249704,41328.80922015971,242.95048555576636,0.6366813542352809,1.5707963267948968,-0.028544970113284884,198.9417478957569,11727.208207721756,9.758821687685149,-6.9574206264254614e-15,0.7285247209476207,198.87066659117096,3.43871805148449e-15,0.6105507312200994,-21.383431494954394,0.0,0.0,0.0,2.4027270655326923e-17,0.004266086212418646,0.14941192862471256,0.0,0.0,0.0,0.0,0.0,0.0,0.0,0.0,0.5,0.0,0.0,1.0,3.7327234438011327e-16,6.096,0.0
21.5,-3.291151134631848e-14,0.42214045216096724,199.6988009770003,0.0,0.0,0.0,0.707109312735036,-0.0005543054495059003,-0.7071093127350359,-0.0005543054495059003,6385078.458321824,5.261940654807717,3.202479919166247e-14,5.049334038890321e-21,8.240996081550594e-07,6941.458323992479,0.0,-0.001568630734250025,1.0068260894768763e-16,-1.0850235243269768e-19,-7.303632522803639e-05,1.0433174657104039e-22,-1.2298758897841347e-20,-7.303632522803639e-05,1.236237713928057e-22,-1.229858013170833e-20,312.54984878278384,0.5939578006283799,41444.4742779201,243.07973705972927,0.6391614984993375,1.5707963267948968,-0.028406005637075217,199.76983036352837,11851.830899478318,9.758883020809225,-8.674701323723704e-15,0.7353992180603196,199.69944572279422,3.4752743722219157e-15,0.61403514800334,-21.610754459062736,0.0,0.0,0.0,2.4282699742379258e-17,0.004290432792706245,0.1510002968197858,0.0,0.0,0.0,0.0,0.0,0.0,0.0,0.0,0.5,0.0,0.0,1.0,3.7327234438011327e-16,6.096,0.0
21.6,-3.299518734725967e-14,0.42628471597941237,200.52582676591376,0.0,0.0,0.0,0.7071094998634105,-0.0005568837554742728,-0.7071094998634104,-0.0005568837554742728,6385058.447300917,5.335807325928025,3.185381451328442e-14,5.022390817134719e-21,8.356708665967386e-07,6921.447303146124,0.0,-0.0015759344086125641,6.61739656320107e-17,-1.0847461130076734e-19,-7.303740719310806e-05,6.498042713016124e-22,-1.3549594928021184e-20,-7.303740719310806e-05,6.711567284159327e-22,-1.3548554053859816e-20,312.63327107588657,0.5953094170306702,41560.997093272796,243.2095257600688,0.641634722980054,1.5707963267948968,-0.02826827710014667,200.5963622811246,11977.298217289428,9.75894460887083,-1.7374047047977425e-15,0.7423057744197746,200.5265722881228,3.5120784606371814e-15,0.617527358000292,-21.83961814942035,0.0,0.0,0.0,2.4539860050475593e-17,0.004314833826325672,0.15259943049375058,0.0,0.0,0.0,0.0,0.0,0.0,0.0,0.0,0.5,0.0,0.0,1.0,3.7327234438011327e-16,6.096,0.0
21.700000000000003,-3.307561047965799e-14,0.4304518876430956,201.35128045389732,0.0,0.0,0.0,0.7071094890859987,-0.0005594618983819528,-0.7071094890859986,-0.0005594618983819528,6385038.353392803,5.4103681484520765,3.199693104162062e-14,5.044971983645296e-21,8.473509241071595e-07,6901.353395096026,0.0,-0.0015832381695432348,9.535575552187873e-17,-1.4463990387946709e-19,-7.303849426520163e-05,-9.066982442253578e-22,-9.929650349358281e-21,-7.303849426520163e-05,-8.909763441082809e-22,-9.931073523420625e-21,312.7170386778496,0.5966666572379957,41678.00540622311,243.33985206404276,0.6441008969653068,1.5707963267948968,-0.02813177141010368,201.42132577019538,12103.548738437454,9.759006452619747,-7.566085562481435e-15,0.7492444744534316,201.35201479647733,3.5491123070599594e-15,0.6210238779103888,-22.069910574132013,0.0,0.0,0.0,2.47986257410863e-17,0.0043392649744959525,0.1542085471283726,0.0,0.0,0.0,0.0,0.0,0.0,0.0,0.0,0.5,0.0,0.0,1.0,3.7327234438011327e-16,6.096,0.0
21.8,-3.3154092259080745e-14,0.43464189194365616,202.17515922246068,0.0,0.0,0.0,0.7071092727742051,-0.0005620398717106136,-0.707109272774205,-0.0005620398717106136,6385018.177151329,5.4856230410431985,3.2469841382258136e-14,5.119552278373266e-21,8.591397690045849e-07,6881.17715368513,0.0,-0.0015905420218748593,1.3217573471800825e-16,-1.0853291599859873e-19,-7.303958641760237e-05,-4.765234154464172e-22,-1.090682556375316e-20,-7.303958641760237e-05,-4.59174855006097e-22,-1.090756961001562e-20,312.8010989423647,0.5980349563052363,41796.11256193995,243.4707142716975,0.6465601238691108,1.5707963267948968,-0.02799646516285052,202.24471794043495,12230.691139687362,9.759068550355813,-2.2527523885549028e-17,0.756215119295663,202.17576467911445,3.586407778671776e-15,0.6245303185125163,-22.30182989707244,0.0,0.0,0.0,2.5059219478990556e-17,0.0043637654412753595,0.15582903134925372,0.0,0.0,0.0,0.0,0.0,0.0,0.0,0.0,0.5,0.0,0.0,1.0,3.7327234438011327e-16,6.096,0.0
21.900000000000002,-3.3231958826224994e-14,0.43885476282497643,202.99745275132625,0.0,0.0,0.0,0.7071088546071103,-0.0005646176783076557,-0.7071088546071101,-0.0005646176783076557,6384997.918734056,5.561575227046829,3.3271045656078274e-14,5.2458957106154104e-21,8.710379075813555e-07,6860.918736478314,0.0,-0.0015978459721972516,1.3129641145093275e-16,-1.0853387113110932e-19,-7.304068364798746e-05,-1.4936775405156209e-21,-8.543278352045155e-21,-7.304068364798746e-05,-1.480024796657698e-21,-8.545654111701602e-21,312.88549765764526,0.5994092542872221,41914.74874934661,243.6021096152092,0.6490122742802641,1.5707963267948968,-0.027862342239758447,203.0665284241006,12358.624490338148,9.759130901601273,-1.4808440571342626e-14,0.7632176893228502,202.9978122980689,3.623935279945591e-15,0.6280413614439728,-22.535192080493964,0.0,0.0,0.0,2.5321434472085098e-17,0.004388298065798083,0.15745959723393463,0.0,0.0,0.0,0.0,0.0,0.0,0.0,0.0,0.5,0.0,0.0,1.0,3.7327234438011327e-16,6.096,0.0
22.0,-3.3310582412061413e-14,0.4430906441885618,203.8181429735612,0.0,0.0,0.0,0.7071082496587637,-0.0005671953304537666,-0.7071082496587636,-0.0005671953304537666,6384977.577906006,5.638231310970335,3.4381815911846784e-14,5.421049912445106e-21,8.830463761166357e-07,6840.577908495752,0.0,-0.0016051500283767181,1.5032968161833023e-16,-1.0855239832930784e-19,-7.304178597835133e-05,2.2234375100231247e-22,-1.2458007876159776e-20,-7.304178597835133e-05,2.4234018538915823e-22,-1.2457635040181782e-20,312.9702142091696,0.6007919286728266,42034.181832775284,243.734040432291,0.6514573247235118,1.5707963267948968,-0.02772939339686022,203.88673912985004,12487.40226500464,9.759193507089442,1.1477332962461766e-14,0.7702523447836666,203.8181468612622,3.661710491808678e-15,0.6315594267236975,-22.770094635163428,0.0,0.0,0.0,2.5585380287330077e-17,0.004412879757403348,0.1591009261170149,0.0,0.0,0.0,0.0,0.0,0.0,0.0,0.0,0.5,0.0,0.0,1.0,3.7327234438011327e-16,6.096,0.0
22.1,-3.339136436565024e-14,0.4473494594421153,204.6372271373021,0.0,0.0,0.0,0.7071074870735895,-0.0005697728520761488,-0.7071074870735894,-0.0005697728520761488,6384957.155221859,5.715591159760677,3.5761742214287476e-14,5.638643819017881e-21,8.951651548486469e-07,6820.155224417025,0.0,-0.0016124541973739762,1.316186590506725e-16,-1.08537754596464e-19,-7.304289338179093e-05,9.245128751943738e-23,-1.2153562189935938e-20,-7.304289338179093e-05,1.1204900945133566e-22,-1.2153396968270363e-20,313.05524201472514,0.6021834085424042,42154.46121700325,243.86650328619794,0.6538952846557684,1.5707963267948968,-0.027597599460517198,204.70534725387753,12617.03223014284,9.759256365117517,-1.4885292410006845e-14,0.777318966460498,204.6367812050127,3.699735691100009e-15,0.635084927619058,-23.006551719447256,0.0,0.0,0.0,2.5851072833626846e-17,0.004437513403704142,0.1607531169269024,0.0,0.0,0.0,0.0,0.0,0.0,0.0,0.0,0.5,0.0,0.0,1.0,3.7327234438011327e-16,6.096,0.0
22.200000000000003,-3.347573934485051e-14,0.4516312416407828,205.45469483996936,0.0,0.0,0.0,0.7071066071872091,-0.0005723502763684351,-0.707106607187209,-0.0005723502763684352,6384936.650842278,5.793657991704383,3.7353459080831196e-14,5.889632858300369e-21,9.07394749318071e-07,6799.650844907387,0.0,-0.0016197584860993262,1.737059299804114e-16,-3.254182131988895e-19,-7.304400585570275e-05,-2.2711206827450565e-22,-1.143062398909471e-20,-7.304400585570275e-05,-2.085969282351996e-22,-1.1430976860844143e-20,313.14060900813257,0.6035805581985203,42275.23344391565,243.99949605755788,0.6563260607295146,1.5707963267948968,-0.0274669482090694,205.5223423647488,12747.450337770322,9.759319475198229,-7.318637803709142e-16,0.7844176170253514,205.45372728368795,3.737992096488986e-15,0.6386145023406485,-23.244446542933936,0.0,0.0,0.0,2.6118380880642802e-17,0.004462175514951456,0.16241535361680728,0.0,0.0,0.0,0.0,0.0,0.0,0.0,0.0,0.5,0.0,0.0,1.0,3.7327234438011327e-16,6.096,0.0
22.3,-3.356520935623458e-14,0.4559361342714477,206.27052778144716,0.0,0.0,0.0,0.7071056624834781,-0.0005749276465782695,-0.707105662483478,-0.0005749276465782696,6384916.064537725,5.872438452787356,3.908128437930967e-14,6.1620843028712115e-21,9.197362023629633e-07,6779.064540425936,0.0,-0.0016270629009397545,1.5421992718212431e-16,-2.531229721592556e-19,-7.304512342170007e-05,1.5699707504766762e-22,-1.2289343960322345e-20,-7.304512342170007e-05,1.7699207931493342e-22,-1.2289072386340378e-20,313.22626243625854,0.6049892913648011,42397.166158946944,244.13302226228777,0.6587496970599702,1.5707963267948968,-0.027337434056883592,206.3377061557403,12878.786256976095,9.759382838048289,3.3275528197575622e-15,0.7915485436639413,206.26899659451067,3.776517731342736e-15,0.6421543405199609,-23.484015551314588,0.0,0.0,0.0,2.6387570108122424e-17,0.004486909339806239,0.1640892882979322,0.0,0.0,0.0,0.0,0.0,0.0,0.0,0.0,0.5,0.0,0.0,1.0,3.7327234438011327e-16,6.096,0.0
22.400000000000002,-3.366126401237351e-14,0.46026405937073417,207.0847232776894,0.0,0.0,0.0,0.7071047183495082,-0.0005775050166393469,-0.707104718349508,-0.0005775050166393469,6384895.396863672,5.951932358313374,4.0849513874374024e-14,6.4409082891080976e-21,9.321894861525921e-07,6758.39686644574,0.0,-0.001634367445282778,1.6715889908687836e-16,-1.0857659111871623e-19,-7.304624605251122e-05,-1.6671595466061227e-21,-8.155921257531217e-21,-7.304624605251122e-05,-1.6538282403832196e-21,-8.158635421883942e-21,313.3122544184226,0.606403592694698,42519.58082565207,244.2670762431593,0.6611660805554401,1.5707963267948968,-0.02720904176503998,207.15143590903676,13010.911204516902,9.75944645196238,6.988647148658108e-16,0.7987117156637759,207.08262433700494,3.815274830765833e-15,0.6456980274155689,-23.725023906186593,0.0,0.0,0.0,2.6658376642334256e-17,0.004511670056702396,0.16577328008964215,0.0,0.0,0.0,0.0,0.0,0.0,0.0,0.0,0.5,0.0,0.0,1.0,3.7327234438011327e-16,6.096,0.0
22.5,-3.3765446488288325e-14,0.4646150491050519,207.89727084381468,0.0,0.0,0.0,0.7071038517774614,-0.0005800824500915325,-0.7071038517774613,-0.0005800824500915325,6384874.647983882,6.032142921510056,4.254491648000468e-14,6.708251227589213e-21,9.447551054761897e-07,6737.647986731492,0.0,-0.001641672120688891,1.6282597525727962e-16,-1.085748681207278e-19,-7.304737374506409e-05,-1.1485612541537803e-21,-9.302757051209478e-21,-7.304737374506409e-05,-1.1332876363810904e-21,-9.30463007548375e-21,313.39855098225917,0.607827125283029,42642.89210300583,244.40165819698575,0.6635752477997161,1.5707963267948968,-0.02708176277749849,207.9635211281246,13143.904826194997,9.759510316443714,1.6301745617734557e-15,0.8059072881166469,207.89464531474613,3.854286748813062e-15,0.649249394939203,-23.96761683313202,0.0,0.0,0.0,2.69309636644949e-17,0.004536484440263169,0.16746834372309982,0.0,0.0,0.0,0.0,0.0,0.0,0.0,0.0,0.5,0.0,0.0,1.0,3.7327234438011327e-16,6.096,0.0
22.6,-3.3879390136135146e-14,0.46898924653380486,208.70815194533338,0.0,0.0,0.0,0.7071031531913318,-0.0005826600215884636,-0.7071031531913317,-0.0005826600215884636,6384853.817674301,6.113076829768659,4.4034047642308775e-14,6.943072142941748e-21,9.57434109720036e-07,6716.817677226849,0.0,-0.0016489769262916802,1.5571053328810786e-16,-1.4471074920574246e-19,-7.3048506520391e-05,-4.847575067708716e-22,-1.0809108380367959e-20,-7.3048506520391e-05,-4.66932742485779e-22,-1.0809892975362319e-20,313.4851635003925,0.6092587521638226,42766.97097262589,244.53676918219304,0.6659771081075526,1.5707963267948968,-0.026955594994319477,208.77394328859856,13277.74780923639,9.759574432192275,3.140014452902704e-15,0.8131356067771981,208.7050948997,3.893547821596826e-15,0.6528071683108208,-24.21175911165573,0.0,0.0,0.0,2.7205291599460885e-17,0.004561343583249106,0.1691742331029997,0.0,0.0,0.0,0.0,0.0,0.0,0.0,0.0,0.5,0.0,0.0,1.0,3.7327234438011327e-16,6.096,0.0
22.700000000000003,-3.4004671262013774e-14,0.47338657233539566,209.5173639672075,0.0,0.0,0.0,0.7071027236905867,-0.0005852378146312903,-0.7071027236905866,-0.0005852378146312903,6384832.906491146,6.194733846822961,4.5166717066655284e-14,7.121689369797196e-21,9.702264629955154e-07,6695.90649415118,0.0,-0.0016562818562860598,1.5285008751865404e-16,-1.4471015389142134e-19,-7.304964435066112e-05,1.5267423042547985e-23,-1.1920718468921018e-20,-7.304964435066112e-05,3.501235290254645e-23,-1.1920676426585119e-20,313.57210128036047,0.6106971587002135,42891.66991994493,244.67240515236884,0.6683716384091749,1.5707963267948968,-0.02683052683913811,209.58269975825158,13412.40968885583,9.759638797500342,-3.994893335507139e-15,0.8203967385196623,209.51403157115007,3.933049113863519e-15,0.656369886881996,-24.457395178498246,0.0,0.0,0.0,2.7481298014152916e-17,0.0045862372797071315,0.1708905599935359,0.0,0.0,0.0,0.0,0.0,0.0,0.0,0.0,0.5,0.0,0.0,1.0,3.7327234438011327e-16,6.096,0.0
22.8,-3.414294155810723e-14,0.47780705778749816,210.32489634225385,0.0,0.0,0.0,0.7071026769239287,-0.0005878159231061104,-0.7071026769239286,-0.0005878159231061104,6384811.914601284,6.277117180841678,4.5773828063574334e-14,7.21743985013491e-21,9.831326693406044e-07,6674.914604369551,0.0,-0.001663586901212087,1.6272558161416441e-16,-1.0858137642763215e-19,-7.305078723213316e-05,-2.4471742269891394e-21,-6.456389086319083e-21,-7.305078723213316e-05,-2.436430081327512e-21,-6.460451237334934e-21,313.659329185414,0.6121461539908124,43017.42069838839,244.80856633039045,0.6707588788147886,1.5707963267948968,-0.026706553209784774,210.389779974207,13547.975682242768,9.75970341186164,1.6874370314047524e-15,0.8276909413509187,210.32151421562403,3.972815613108589e-15,0.6599415846153699,-24.70468041667996,0.0,0.0,0.0,2.7759157503087655e-17,0.0046111937160458845,0.1726184100986918,0.0,0.0,0.0,0.0,0.0,0.0,0.0,0.0,0.5,0.0,0.0,1.0,3.7327234438011327e-16,6.096,0.0
22.900000000000002,-3.428873628097754e-14,0.48226488609738866,211.12968697456185,0.0,0.0,0.0,0.7071030868134079,-0.0005903944090789365,-0.7071030868134078,-0.0005903944090789365,6384790.793704032,6.360681923161084,4.5682785947669994e-14,7.20310866968153e-21,9.962240157300152e-07,6653.793707199705,0.0,-0.0016708921214892672,1.5071213425620935e-16,-1.4471183975532247e-19,-7.30519371144844e-05,-1.404255347636962e-21,-8.79620363106581e-21,-7.30519371144844e-05,-1.3895544352596115e-21,-8.798537048086692e-21,313.7470931567449,0.6136040542013552,43143.94428860165,244.94556429815026,0.6731349095283744,1.5707963267948968,-0.026583735679704804,211.19412183762768,13684.279073150505,9.759768423961383,4.214773595235847e-15,0.8350308545559821,211.12652749126775,4.012798423966352e-15,0.663515454622292,-24.953310773735144,0.0,0.0,0.0,2.8038528420870666e-17,0.004636165330658546,0.1743556589200997,0.0,0.0,0.0,0.0,0.0,0.0,0.0,0.0,0.5,0.0,0.0,1.0,3.7327234438011327e-16,6.096,0.0
23.0,-3.4393750900686185e-14,0.48679334652284506,211.9292521950814,0.0,0.0,0.0,0.7071035004547687,-0.0005929729027433681,-0.7071035004547686,-0.0005929729027433681,6384769.430238731,6.446499102723473,4.523036643356938e-14,7.13179669959799e-21,1.0096682697880653e-06,6632.4302419852465,0.0,-0.0016781976990324664,1.6565492414080178e-16,-1.0858840635941085e-19,-7.305309854911649e-05,2.302742946683843e-22,-1.2386536489863257e-20,-7.305309854911649e-05,2.510614061518152e-22,-1.2386132424007955e-20,313.835817908816,0.6150839561546164,43272.517336105026,245.08413744309655,0.6754909052465305,1.5707963267948968,-0.026462168075220737,211.99324140567953,13821.28680423761,9.759834183363795,1.0884955172528612e-15,0.84244447135069,211.9263193230088,4.052987843359363e-15,0.6670938363117912,-25.203225911744628,0.0,0.0,0.0,2.831934296942589e-17,0.004661168469640686,0.17610188486009062,0.0,0.0,0.0,0.0,0.0,0.0,0.0,0.0,0.5,0.0,0.0,1.0,3.7327234438011327e-16,6.096,0.0
23.1,-3.454546997597099e-14,0.49128021558230867,212.73192319827575,0.0,0.0,0.0,0.7071040481110691,-0.0005955515054362082,-0.707104048111069,-0.0005955515054362082,6384748.208773517,6.530985900216794,4.5033718058629567e-14,7.100813499121153e-21,1.0229042221649474e-06,6611.208776857704,0.0,-0.0016855030488496516,1.8820453370318836e-16,-1.0861348776469646e-19,-7.305425611346595e-05,6.134538367054029e-22,-1.3230123123233575e-20,-7.305425611346595e-05,6.357523676212018e-22,-1.322907035255132e-20,313.9239428029,0.6165551492017642,43400.36368889911,245.22178989507455,0.6778567701373249,1.5707963267948968,-0.026341333901166247,212.79546993714814,13959.39801259542,9.759899506325072,-3.725408259952217e-15,0.8498336864413619,212.72929939989297,4.093500968363689e-15,0.6706829599018784,-25.455153990815415,0.0,0.0,0.0,2.8602419338293e-17,0.00468624666524245,0.17786217577399596,0.0,0.0,0.0,0.0,0.0,0.0,0.0,0.0,0.5,0.0,0.0,1.0,3.7327234438011327e-16,6.096,0.0
23.200000000000003,-3.475589829990155e-14,0.49578021451706666,213.53362682763614,0.0,0.0,0.0,0.7071045494031917,-0.0005981300715430796,-0.7071045494031916,-0.0005981300715430796,6384726.942040121,6.615886357042152,4.540768851516555e-14,7.159804313988253e-21,1.0362050590435266e-06,6589.94204354907,0.0,-0.0016928084596260662,1.6304042615624872e-16,-1.0858975278020187e-19,-7.305541733114814e-05,3.502962530150633e-22,-1.2674347779245365e-20,-7.305541733114814e-05,3.717505003306486e-22,-1.2673736857200146e-20,314.01222873208854,0.618032499668442,43528.82563571898,245.35973700313062,0.6802178830794542,1.5707963267948968,-0.026221463822147663,213.5967341564096,14098.42435641891,9.75996496928465,1.5541574625177285e-15,0.857246082220105,213.53128649766848,4.134282546188878e-15,0.6742796495831874,-25.708751425273473,0.0,0.0,0.0,2.888737146099876e-17,0.004711377727208617,0.1796341309340271,0.0,0.0,0.0,0.0,0.0,0.0,0.0,0.0,0.5,0.0,0.0,1.0,3.7327234438011327e-16,6.096,0.0
23.3,-3.499780290272193e-14,0.5003161375922192,214.33266088585643,0.0,0.0,0.0,0.7071049287565335,-0.0006007085394501017,-0.7071049287565334,-0.0006007085394501017,6384705.552196647,6.7019294094439035,4.613432811117928e-14,7.27440409968871e-21,1.0496849628510584e-06,6568.552200164646,0.0,-0.0017001140543521258,1.5852823743307285e-16,-1.085871412186928e-19,-7.305658531273335e-05,-2.2900084229937965e-22,-1.1447480583852922e-20,-7.305658531273335e-05,-2.0953901653130197e-22,-1.1447853606254128e-20,314.1009955319063,0.6195217864040402,43658.41555533414,245.49848381644006,0.6825681361948754,1.5707963267948968,-0.026102635952470053,214.39533176510636,14238.271884980799,9.760030811859009,-5.516919846357575e-15,0.8647013202248212,214.33053224458243,4.175305016448873e-15,0.6778820454114992,-25.963846832755255,0.0,0.0,0.0,2.917400676553077e-17,0.004736548659596372,0.1814165528443811,0.0,0.0,0.0,0.0,0.0,0.0,0.0,0.0,0.5,0.0,0.0,1.0,3.7327234438011327e-16,6.096,0.0
23.400000000000002,-3.520237447978851e-14,0.5048797679208772,215.12962631802972,0.0,0.0,0.0,0.7071052130875234,-0.0006032869297432424,-0.7071052130875233,-0.0006032869297432424,6384684.067685167,6.788857857095625,4.644030215694446e-14,7.322674516251758e-21,1.0633036474668412e-06,6547.06768877618,0.0,-0.0017074197897745357,1.6526038004687178e-16,-1.0859633403068692e-19,-7.305775892096497e-05,1.4031824862474372e-22,-1.2284484910799045e-20,-7.305775892096497e-05,1.6129280654379318e-22,-1.2284227422394288e-20,314.1901473587127,0.6210185473560841,43788.67941757696,245.6378449997268,0.6849096494418717,1.5707963267948968,-0.02598480208922738,215.19186368554594,14378.920051200543,9.760096946507362,9.010074120412388e-16,0.8721922013339753,215.12765314099596,4.216562357575223e-15,0.6814881202171,-26.220402768551853,0.0,0.0,0.0,2.946228317753088e-17,0.0047617452980122845,0.18320917986855786,0.0,0.0,0.0,0.0,0.0,0.0,0.0,0.0,0.5,0.0,0.0,1.0,3.7327234438011327e-16,6.096,0.0
23.5,-3.526492212669051e-14,0.5094634899486649,215.92508051121496,0.0,0.0,0.0,0.7071054488429235,-0.0006058652799453507,-0.7071054488429234,-0.0006058652799453507,6384662.514926102,6.876431241773536,4.5195597515321976e-14,7.126434570713763e-21,1.077023449030765e-06,6525.514929804951,0.0,-0.0017147256247131047,1.209328673918335e-16,-1.0855080808349906e-19,-7.305893711263036e-05,1.3954321774387475e-23,-1.1988716593793364e-20,-7.305893711263036e-05,3.451132017886707e-23,-1.1988675194682336e-20,314.2795326212281,0.6225256664320202,43919.99429615428,245.77765077417345,0.6872445203092588,1.5707963267948968,-0.025867924206548504,215.98688730728355,14520.517051634795,9.760163291911933,-5.437292790331749e-15,0.8797121773766355,215.9232343072571,4.258098031245764e-15,0.6851037235410615,-26.478689496115162,0.0,0.0,0.0,2.975250437571915e-17,0.004787008514811818,0.18501390041177404,0.0,0.0,0.0,0.0,0.0,0.0,0.0,0.0,0.5,0.0,0.0,1.0,3.7327234438011327e-16,6.096,0.0
23.6,-3.531233684572099e-14,0.5140706174542831,216.71876906226709,0.0,0.0,0.0,0.707105641311604,-0.0006084435946368106,-0.7071056413116039,-0.0006084435946368106,6384640.882838617,6.964756581900938,4.379641565928411e-14,6.905835356255894e-21,1.0908611323124483e-06,6503.882842415633,0.0,-0.001722031577544636,1.4342216559920358e-16,-1.4471712651759404e-19,-7.30601203251502e-05,-3.1655275531043573e-22,-1.1251495820415442e-20,-7.30601203251502e-05,-2.9717647446176415e-22,-1.1252024068764788e-20,314.3692468806708,0.624038332703669,44051.79250039785,245.91797112640302,0.6895717366054885,1.5707963267948968,-0.025752000567705813,216.78014817508898,14662.915540906208,9.76022988218632,-2.2293170548802938e-15,0.8872640494647108,216.71702424078723,4.29986882712133e-15,0.6887223025146342,-26.7384383149255,0.0,0.0,0.0,3.0044368437548046e-17,0.004812292523295203,0.18682883698945107,0.0,0.0,0.0,0.0,0.0,0.0,0.0,0.0,0.5,0.0,0.0,1.0,3.7327234438011327e-16,6.096,0.0
23.700000000000003,-3.5444047445473794e-14,0.5187011733354273,217.51068138304223,0.0,0.0,0.0,0.7071057980078898,-0.0006110218798372387,-0.7071057980078896,-0.0006110218798372387,6384619.171599275,7.053837060882098,4.3313546635125527e-14,6.829719769105947e-21,1.1048171975952514e-06,6482.171603172085,0.0,-0.0017293376487650207,1.4114533554859637e-16,-1.085763703579312e-19,-7.30613085533518e-05,9.588183913213195e-22,-1.398222625501945e-20,-7.30613085533518e-05,9.829969358205733e-22,-1.398054722742492e-20,314.45924182849717,0.6255619178741442,44184.686025358205,246.05880672853357,0.6918913700943901,1.5707963267948968,-0.025637019694275762,217.57163566756202,14806.242572470632,9.760296716794436,6.3039313117358565e-15,0.89484780029786,217.50901668218194,4.341912003455853e-15,0.6923497082542157,-26.99988091287024,0.0,0.0,0.0,3.033813569670532e-17,0.004837638206825142,0.18865560846870572,0.0,0.0,0.0,0.0,0.0,0.0,0.0,0.0,0.5,0.0,0.0,1.0,3.7327234438011327e-16,6.096,0.0
23.8,-3.564906613879515e-14,0.5233552922702557,218.30079825169312,0.0,0.0,0.0,0.7071059256409057,-0.0006136001409774031,-0.7071059256409056,-0.0006136001409774031,6384597.381006839,7.143679519161608,4.362002279998296e-14,6.87806884531456e-21,1.1188927184974246e-06,6460.381010835679,0.0,-0.0017366438394337863,1.4484195920602407e-16,-1.0858247441537129e-19,-7.306250181591196e-05,1.5016600947087373e-22,-1.2272455130911647e-20,-7.306250181591196e-05,1.7147847583918782e-22,-1.2272175923390956e-20,314.5495553021969,0.6270922485207713,44318.19927560995,246.20015747241126,0.6942032700229623,1.5707963267948968,-0.025522974672194464,218.36133054329147,14950.404508246253,9.760363796366514,-1.071275926718368e-14,0.9024635631308331,218.2991963112781,4.384200101653527e-15,0.6959812471562162,-27.262846540561487,0.0,0.0,0.0,3.063361429241511e-17,0.004863012769899903,0.19049302177651034,0.0,0.0,0.0,0.0,0.0,0.0,0.0,0.0,0.5,0.0,0.0,1.0,3.7327234438011327e-16,6.096,0.0
23.900000000000002,-3.583575599351206e-14,0.5280328854495213,219.08911751668595,0.0,0.0,0.0,0.7071060992458013,-0.0006161784479892713,-0.7071060992458011,-0.0006161784479892713,6384575.51162052,7.234283500914642,4.36893804726204e-14,6.889029019651049e-21,1.1330876248144641e-06,6438.511624618744,0.0,-0.0017439501632446315,1.593753613541844e-16,-2.1702125614737873e-19,-7.306370008403838e-05,-1.0964050399517925e-21,-9.650115711394272e-21,-7.306370008403838e-05,-1.0795736172717834e-21,-9.652012902060115e-21,314.6401647487365,0.6286315926436739,44452.59207139938,246.3420205058871,0.6965074854294676,1.5707963267948968,-0.02540985517571583,219.14923063224762,15095.453011627185,9.760431119185307,2.221702807608637e-15,0.9101113451487625,219.08760727541548,4.4267482705562076e-15,0.6996193730470188,-27.527429400029554,0.0,0.0,0.0,3.0930910073810135e-17,0.004888433358080644,0.19234173512841055,0.0,0.0,0.0,0.0,0.0,0.0,0.0,0.0,0.5,0.0,0.0,1.0,3.7327234438011327e-16,6.096,0.0
24.0,-3.600215882284346e-14,0.5327339862840075,219.87562807517278,0.0,0.0,0.0,0.7071065003837412,-0.0006187569714419536,-0.7071065003837411,-0.0006187569714419536,6384553.563620144,7.32565217754123,4.344599813135178e-14,6.85067571364682e-21,1.147402414991136e-06,6416.5636243456975,0.0,-0.0017512566523638987,1.76747686409497e-16,-2.1704323354683793e-19,-7.306490335501437e-05,9.421367733097533e-22,-1.3983443774704174e-20,-7.306490335501437e-05,9.666239150066146e-22,-1.3981772409350422e-20,314.73107216268136,0.6301796260023075,44587.82778158316,246.48439455760638,0.6988039768637179,1.5707963267948968,-0.025297663881363813,219.9353248698635,15241.381738385708,9.760498684704697,-1.628473892197852e-15,0.9177916027339672,219.87435168497154,4.469554647016517e-15,0.7032636551541717,-27.793617905420717,0.0,0.0,0.0,3.123001002256623e-17,0.004913896961441532,0.19420166757085355,0.0,0.0,0.0,0.0,0.0,0.0,0.0,0.0,0.5,0.0,0.0,1.0,3.7327234438011327e-16,6.096,0.0
24.1,-3.6153796385767486e-14,0.53745873585306,220.66031019351215,0.0,0.0,0.0,0.707107058640351,-0.000621335644693669,-0.7071070586403508,-0.000621335644693669,6384531.536810298,7.41779242855743,4.3003426660249266e-14,6.780913466980305e-21,1.1618381688320125e-06,6394.53681460799,0.0,-0.0017585632872989226,1.0323274492067691e-16,-1.4468002988929223e-19,-7.306611164745043e-05,8.443386064987956e-22,-1.3778359151843433e-20,-7.306611164745043e-05,8.685671634509365e-22,-1.3776853139771656e-20,314.8222914797339,0.6317348777356311,44723.73858313296,246.627280393838,0.701092644254014,1.5707963267948968,-0.0251863880467155,220.7195934714495,15388.159391745761,9.760566493537103,-1.7640909647837098e-15,0.9255042845168534,220.65936738041927,4.512610055026964e-15,0.7069123578593469,-28.061354996364024,0.0,0.0,0.0,3.153085002339036e-17,0.004939391452739015,0.19607242040730305,0.0,0.0,0.0,0.0,0.0,0.0,0.0,0.0,0.5,0.0,0.0,1.0,3.7327234438011327e-16,6.096,0.0
24.200000000000003,-3.629249745352108e-14,0.5422070477601896,221.44316164334353,0.0,0.0,0.0,0.7071076922658983,-0.0006239143904293478,-0.7071076922658982,-0.0006239143904293478,6384509.431750834,7.510703746387613,4.243678777982541e-14,6.691587417826521e-21,1.1763948080440123e-06,6372.431755251561,0.0,-0.0017658700484980514,1.299456042481324e-16,-1.4471271000615348e-19,-7.306732493170941e-05,1.9645922407011864e-22,-1.2398406505645879e-20,-7.306732493170941e-05,2.1835282630130415e-22,-1.2398040279615543e-20,314.9137906676225,0.6333007046071096,44860.70876974694,246.7706755225401,0.7033735581745425,1.5707963267948968,-0.025076005673786417,221.50203412798905,15535.86557595446,9.760634543963217,-1.5897242049641595e-14,0.9332489955398531,221.4426019580527,4.555937839891889e-15,0.710569177825303,-28.330785844027524,0.0,0.0,0.0,3.183359319635737e-17,0.0049649426615745,0.19795500798871596,0.0,0.0,0.0,0.0,0.0,0.0,0.0,0.0,0.5,0.0,0.0,1.0,3.7327234438011327e-16,6.096,0.0
24.3,-3.6419918499201676e-14,0.5469789481162368,222.22417148235365,0.0,0.0,0.0,0.7071083310057744,-0.0006264931421916177,-0.7071083310057743,-0.0006264931421916177,6384487.248624785,7.604389296570506,4.1812134514008634e-14,6.59311287664906e-21,1.191072830195548e-06,6350.248629313894,0.0,-0.0017731769222164744,1.3982362170346586e-16,-1.0858618828017188e-19,-7.306854320223565e-05,-1.2853665435238434e-21,-9.312254765615955e-21,-7.306854320223565e-05,-1.268852256236323e-21,-9.314519307124309e-21,315.0056129955067,0.634872061377816,44998.16268246308,246.9145770677726,0.705646587442722,1.5707963267948968,-0.024966500303556335,222.28263583558206,15684.37784043278,9.760702835427049,-1.8145745889989673e-14,0.9410255178708982,222.22400080706623,4.599502094063258e-15,0.7142283816585608,-28.601687159795503,0.0,0.0,0.0,3.213798864553386e-17,0.0049905105271477596,0.19984787013600117,0.0,0.0,0.0,0.0,0.0,0.0,0.0,0.0,0.5,0.0,0.0,1.0,3.7327234438011327e-16,6.096,0.0
24.400000000000002,-3.653758300065896e-14,0.5517745761589004,223.00331979465003,0.0,0.0,0.0,0.7071089144335729,-0.0006290718428039801,-0.7071089144335728,-0.0006290718428039801,6384464.987242714,7.698855992867462,4.118801842045626e-14,6.494722428433214e-21,1.2058733205222642e-06,6327.987247355282,0.0,-0.0017804838996493984,1.0637357456279202e-16,-1.4468753471611992e-19,-7.306976647740708e-05,-2.3034224918933966e-22,-1.1519601828747112e-20,-7.306976647740708e-05,-2.0983260722100711e-22,-1.1519994257305408e-20,315.09770085200313,0.6364556693691906,45136.86832965389,247.05898850257114,0.7079117916874238,1.5707963267948968,-0.024857860605382535,223.0613786342316,15833.866132687777,9.760771368522759,-1.0738512814721203e-14,0.948833806415738,223.00350593357985,4.643352656891594e-15,0.7178974272647316,-28.87436886623844,0.0,0.0,0.0,3.24443846121965e-17,0.005016147159900521,0.20175317236356602,0.0,0.0,0.0,0.0,0.0,0.0,0.0,0.0,0.5,0.0,0.0,1.0,3.7327234438011327e-16,6.096,0.0
24.5,-3.6647013730666524e-14,0.5565938435425645,223.78060446188368,0.0,0.0,0.0,0.707109393079947,-0.0006316504454217998,-0.7071093930799469,-0.0006316504454217998,6384442.648165157,7.794103269979843,4.061516884423087e-14,6.404415345516133e-21,1.2207961917065238e-06,6305.648169914572,0.0,-0.0017877909749738643,1.9651088352296115e-16,-1.8093878962728534e-19,-7.30709947277081e-05,-2.2365997646498503e-22,-1.1512429595955118e-20,-7.30709947277081e-05,-2.0307749693854354e-22,-1.1512810902596836e-20,315.1901094467334,0.6380448804130401,45276.06677132031,247.2039039798545,0.710169047077669,1.5707963267948968,-0.024750068008869745,223.83826034155936,15984.163640721228,9.760840141528806,2.19914195564934e-15,0.9566735349613918,223.78108351984727,4.68744061076786e-15,0.7215687687886404,-29.148526772571838,0.0,0.0,0.0,3.2752439295530393e-17,0.005041799834863221,0.2036687892065714,0.0,0.0,0.0,0.0,0.0,0.0,0.0,0.0,0.5,0.0,0.0,1.0,3.7327234438011327e-16,6.096,0.0
24.6,-3.674958642872894e-14,0.5614367748139462,224.55601449366677,0.0,0.0,0.0,0.7071097278101844,-0.0006342289129606754,-0.7071097278101843,-0.0006342289129606754,6384420.231578472,7.890134281576054,4.013631006549391e-14,6.328928724470854e-21,1.235841939499226e-06,6283.231583347544,0.0,-0.0017950981463057364,2.219526779555535e-16,-1.0869351452452032e-19,-7.307222794757556e-05,-2.54416377553165e-21,-6.716436222022742e-21,-7.307222794757556e-05,-2.532103020668133e-21,-6.720992421804231e-21,315.2827942725793,0.6396447306342192,45416.334850943225,247.3493239749072,0.7124184192769453,1.5707963267948968,-0.024643109171726962,224.61326992088925,16135.3968589727,9.760909153878993,1.3134953513189064e-14,0.9645445538216466,224.55669702261108,4.7318030516825105e-15,0.7252480105268229,-29.424391557658787,0.0,0.0,0.0,3.306241189544364e-17,0.005067507710800162,0.20559633248180337,0.0,0.0,0.0,0.0,0.0,0.0,0.0,0.0,0.5,0.0,0.0,1.0,3.7327234438011327e-16,6.096,0.0
24.700000000000003,-3.684656244304911e-14,0.5663035079945102,225.32952976680488,0.0,0.0,0.0,0.707109888895664,-0.000636807217216542,-0.7071098888956638,-0.000636807217216542,6384397.73729925,7.986955975118147,3.978717501217166e-14,6.273897315200885e-21,1.2510116544824116e-06,6260.737304246673,0.0,-0.0018024054151142908,1.287925512541568e-16,-1.0858032458127033e-19,-7.307346615524981e-05,-1.4599303783097231e-21,-8.962533356549776e-21,-7.307346615524981e-05,-1.4437724490913728e-21,-8.965149478673082e-21,315.37578532432434,0.6412518580027141,45557.28737254603,247.4952485517228,0.7146597711063227,1.5707963267948968,-0.02453697564470596,225.38638721926478,16287.485624426523,9.76097840614903,8.487409433634145e-16,0.9724468873037629,225.33030642350556,4.776416472537191e-15,0.7289312467417712,-29.701817044226313,0.0,0.0,0.0,3.337413816136202e-17,0.005093243497247052,0.20753478080837265,0.0,0.0,0.0,0.0,0.0,0.0,0.0,0.0,0.5,0.0,0.0,1.0,3.7327234438011327e-16,6.096,0.0
24.8,-3.6939162609476533e-14,0.5711939528121437,226.10114827365626,0.0,0.0,0.0,0.7071098586971938,-0.0006393853413902434,-0.7071098586971937,-0.0006393853413902434,6384375.165888671,8.084567727756214,3.959443816463721e-14,6.2435275533825626e-21,1.2663052403402e-06,6238.165893789692,0.0,-0.0018097127842971845,1.1299113889744173e-16,-1.085622711847967e-19,-7.307470932118784e-05,3.150212085195671e-22,-1.2614194693024561e-20,-7.307470932118784e-05,3.3784901622866527e-22,-1.2613603808971818e-20,315.4690639658534,0.6428681239566063,45699.139028849415,247.64167470052047,0.7168931453083283,1.5707963267948968,-0.02443165206986382,226.15761018034854,16440.47454773675,9.761047896615308,-1.22803578029316e-14,0.980380285955602,226.1018972869657,4.8212939558180274e-15,0.7326205249711782,-29.980884584813847,0.0,0.0,0.0,3.3687709504221343e-17,0.005119021500913999,0.2094847026188911,0.0,0.0,0.0,0.0,0.0,0.0,0.0,0.0,0.5,0.0,0.0,1.0,3.7327234438011327e-16,6.096,0.0
24.900000000000002,-3.70284819339229e-14,0.5761081322494397,226.87085897575832,0.0,0.0,0.0,0.7071096291999585,-0.0006419632777703483,-0.7071096291999583,-0.0006419632777703483,6384352.517536408,8.18297268128833,3.957749505928509e-14,6.2408781347544886e-21,1.2817231910059835e-06,6215.517541652545,0.0,-0.001817020259016821,1.9572850279014196e-16,-1.0867011405826322e-19,-7.307595743966707e-05,5.410175526908628e-22,-1.3063995193928535e-20,-7.307595743966707e-05,5.64754190458681e-22,-1.3062990588822562e-20,315.5626321079084,0.6444932022966935,45841.85279621909,247.78860108685996,0.7191185034102752,1.5707963267948968,-0.024327128056916187,226.92692773364635,16594.356361807284,9.761117624701402,1.9319765482399738e-14,0.988344677402633,226.8714521829334,4.866433370793278e-15,0.7363153934335509,-30.26158092961272,0.0,0.0,0.0,3.4003111036011734e-17,0.005144838565079215,0.21144600533329422,0.0,0.0,0.0,0.0,0.0,0.0,0.0,0.0,0.5,0.0,0.0,1.0,3.7327234438011327e-16,6.096,0.0
25.0,-3.711551557340511e-14,0.5810461830890001,227.63864154191933,0.0,0.0,0.0,0.7071092018233516,-0.0006445410275501826,-0.7071092018233515,-0.0006445410275501826,6384329.792065137,8.282177816705515,3.9748922483549955e-14,6.267932566648973e-21,1.2972666023819066e-06,6192.792070508935,0.0,-0.0018243278462821736,1.9500084030131973e-16,-1.086722605665648e-19,-7.307721052863156e-05,8.518244397654215e-22,-1.3683341435351888e-20,-7.307721052863156e-05,8.767858733423793e-22,-1.3681764676350622e-20,315.6564998464207,0.6461260304008255,45985.30687041771,247.93602850129776,0.7213357525565587,1.5707963267948968,-0.024223397919654936,227.69431953172995,16749.107644172476,9.761187590964424,2.7399864265696372e-15,0.9963401656835004,227.63895038823088,4.9118278492249966e-15,0.7400145295084258,-30.543863368958043,0.0,0.0,0.0,3.432029476646193e-17,0.005170685448229037,0.2134183905273836,0.0,0.0,0.0,0.0,0.0,0.0,0.0,0.0,0.5,0.0,0.0,1.0,3.7327234438011327e-16,6.096,0.0
25.1,-3.7201186488387797e-14,0.5860080131548446,228.40449407590026,0.0,0.0,0.0,0.7071085903081068,-0.0006471186035511122,-0.7071085903081067,-0.0006471186035511122,6384306.990036624,8.382182453778334,4.011167756387593e-14,6.325157473745251e-21,1.3129353691801381e-06,6169.990042125805,0.0,-0.0018316355527733753,1.631793166529294e-16,-1.4477362875452562e-19,-7.307846855835322e-05,2.882168057582069e-22,-1.250638468070112e-20,-7.307846855835322e-05,3.1112402708626065e-22,-1.2505835506907235e-20,315.75064274457293,0.6477691465168797,46129.79364787715,248.08395415449868,0.7235449498773632,1.5707963267948968,-0.024120449313095767,228.45978364379184,16904.79172554148,9.761257793678835,-6.851307589177707e-15,1.0043665863023894,228.40439760860264,4.957495963033804e-15,0.7437207751309505,-30.827847391059784,0.0,0.0,0.0,3.463939046269932e-17,0.005196582007747511,0.2154026651491082,0.0,0.0,0.0,0.0,0.0,0.0,0.0,0.0,0.5,0.0,0.0,1.0,3.7327234438011327e-16,6.096,0.0
25.200000000000003,-3.728630895118978e-14,0.5909936438654415,229.16840549116372,0.0,0.0,0.0,0.7071078177593051,-0.0006496960274346763,-0.707107817759305,-0.0006496960274346763,6384284.111643865,8.482989722434523,4.066182709289066e-14,6.41193295784749e-21,1.328729983516551e-06,6147.111649500205,0.0,-0.0018389433858855692,1.6829846457981866e-16,-2.1706322954490314e-19,-7.307973152278736e-05,-1.23168953764428e-22,-1.165205288393704e-20,-7.307973152278736e-05,-1.017412919974898e-22,-1.1652259682599747e-20,315.84509332610816,0.6494186562047628,46274.866677496335,248.23237550681796,0.7257459869033788,1.5707963267948968,-0.024018274647052158,229.22330896454613,17061.307878019867,9.761328232258,2.5918886204584743e-14,1.0124239535696635,229.16779655041117,5.003408172639769e-15,0.7474295745671692,-31.113349306073523,0.0,0.0,0.0,3.496019172353848e-17,0.005222496411466037,0.21739754570690442,0.0,0.0,0.0,0.0,0.0,0.0,0.0,0.0,0.5,0.0,0.0,1.0,3.7327234438011327e-16,6.096,0.0
25.3,-3.7371607866102685e-14,0.5960032107419014,229.93035524782516,0.0,0.0,0.0,0.7071069171945853,-0.0006522733302165474,-0.7071069171945852,-0.0006522733302165474,6384261.156715663,8.58460663702234,4.138845420677662e-14,6.526537867282922e-21,1.3446515465870817e-06,6124.156721434866,0.0,-0.0018462513533637156,1.3790521957194507e-16,-1.0860547669455796e-19,-7.308099943941001e-05,-2.2836128067074686e-22,-1.1443810180960075e-20,-7.308099943941001e-05,-2.0723221913760374e-22,-1.1444212023630959e-20,315.93980708431457,0.6510798695108153,46421.135847701946,248.38129542032024,0.7279388957301471,1.5707963267948968,-0.023916870890313996,229.9848749506328,17218.79920560554,9.761398907240256,-9.512987410826014e-15,1.0205124620283892,229.92914709712696,5.0496064448235455e-15,0.7511469222386387,-31.400630081535926,0.0,0.0,0.0,3.528299178244091e-17,0.0052484705440599515,0.2194048556528674,0.0,0.0,0.0,0.0,0.0,0.0,0.0,0.0,0.5,0.0,0.0,1.0,3.7327234438011327e-16,6.096,0.0
25.400000000000002,-3.745771237974557e-14,0.6010366197270046,230.69034156174385,0.0,0.0,0.0,0.7071059332843762,-0.0006548505539136578,-0.7071059332843761,-0.0006548505539136578,6384238.125814329,8.687032460104545,4.2271136188809544e-14,6.66575203807437e-21,1.3606999441582172e-06,6101.125820239385,0.0,-0.001853559460802135,1.7535545581844958e-16,-1.4479911659574678e-19,-7.308227227814192e-05,-2.5602721554784685e-22,-1.1367493124058431e-20,-7.308227227814192e-05,-2.349563815030249e-22,-1.1367948120097721e-20,316.0348343133652,0.652746580876994,46567.88911991269,248.53070820890088,0.7301235625923931,1.5707963267948968,-0.023816228525730048,230.74447979634184,17377.09952040365,9.761469816898297,-1.0717669149529687e-15,1.0286320405055884,230.6884758167182,5.096042042259996e-15,0.7548655998524627,-31.689386647745522,0.0,0.0,0.0,3.560745009828503e-17,0.005274453969327598,0.2214224773554742,0.0,0.0,0.0,0.0,0.0,0.0,0.0,0.0,0.5,0.0,0.0,1.0,3.7327234438011327e-16,6.096,0.0
25.5,-3.754515603084434e-14,0.6060938906750954,231.44835329830752,0.0,0.0,0.0,0.7071049202536555,-0.0006574277495605169,-0.7071049202536553,-0.0006574277495605168,6384215.019136178,8.790270309738546,4.328261108785007e-14,6.825276778937503e-21,1.3768756665282815e-06,6078.019142230041,0.0,-0.0018608677130149808,1.2313614020117304e-16,-1.6953450339360582e-22,-7.308355003244306e-05,-1.2326804394172426e-21,-9.374045645266921e-21,-7.308355003244306e-05,-1.2152344563231985e-21,-9.376323268821019e-21,316.1301164623192,0.6544255751688997,46715.9076010376,248.68061484011574,0.7323000888094068,1.5707963267948968,-0.023716342623099657,231.50211236068446,17536.389538513915,9.761540960635259,-1.4649761630840032e-14,1.0367827996744117,231.44580655158524,5.142767961356071e-15,0.7585933548208714,-31.979948559210865,0.0,0.0,0.0,3.5933936971570736e-17,0.005300500820573233,0.22345271350289345,0.0,0.0,0.0,0.0,0.0,0.0,0.0,0.0,0.5,0.0,0.0,1.0,3.7327234438011327e-16,6.096,0.0
25.6,-3.763438940942613e-14,0.6111751578231643,232.20436970824343,0.0,0.0,0.0,0.7071039431685369,-0.0006600049784201003,-0.7071039431685368,-0.0006600049784201002,6384191.836516189,8.89432723345811,4.438813087806817e-14,6.999632853832295e-21,1.3931798201606725e-06,6054.836522384547,0.0,-0.0018681761136097681,1.6863876564496113e-16,-2.3494457696893876e-22,-7.308483271913661e-05,-1.9838607834605708e-23,-1.1801636820998953e-20,-7.308483271913661e-05,2.209136151962578e-24,-1.1801653195163914e-20,316.2257087961194,0.6561104369827514,46864.45275870592,248.83101426592043,0.734468276232615,1.5707963267948968,-0.02361721270769515,232.2577519029572,17696.501800717906,9.761612338970576,5.494718434086373e-16,1.0449650358013205,232.2011610938466,5.189735092148914e-15,0.7623226439539216,-32.27201042900847,0.0,0.0,0.0,3.626210925745402e-17,0.005326558391449998,0.22549343027253335,0.0,0.0,0.0,0.0,0.0,0.0,0.0,0.0,0.5,0.0,0.0,1.0,3.7327234438011327e-16,6.096,0.0
25.700000000000003,-3.7725751909803634e-14,0.616280325255381,232.95838912020446,0.0,0.0,0.0,0.7071030771789144,-0.0006625823112799499,-0.7071030771789143,-0.0006625823112799499,6384168.578517169,8.99920243678992,4.554423051033153e-14,7.181966329335335e-21,1.4096122819024441e-06,6031.578523511377,0.0,-0.0018754846622961398,1.761355423203415e-16,-1.0866953355349165e-19,-7.308612030761852e-05,8.28246091169974e-22,-1.3501748578455731e-20,-7.308612030761852e-05,8.535672680841442e-22,-1.3500171306538118e-20,316.3215636551695,0.6578064922682919,47014.13939900325,248.9819045985419,0.7366282380101832,1.5707963267948968,-0.023518831918377035,233.01139674218808,17857.576688783203,9.761683950175295,-1.1636573601701478e-15,1.0531787795688379,232.9545875561129,5.2369846019661555e-15,0.7660595775068234,-32.56582825333139,0.0,0.0,0.0,3.659225460339777e-17,0.005352669375994887,0.22754641638034134,0.0,0.0,0.0,0.0,0.0,0.0,0.0,0.0,0.5,0.0,0.0,1.0,3.7327234438011327e-16,6.096,0.0
25.8,-3.7819496337109894e-14,0.621409411261966,233.7104003515036,0.0,0.0,0.0,0.7071024076296625,-0.0006651598285475458,-0.7071024076296624,-0.0006651598285475457,6384145.245338752,9.104899025921057,4.670031928973392e-14,7.364299515971409e-21,1.4261735402343223e-06,6008.245345244184,0.0,-0.0018827933564932184,1.563162302626829e-16,-2.2292612925133297e-22,-7.30874127906696e-05,-2.8798440063259277e-21,-6.0911850238196444e-21,-7.30874127906696e-05,-2.8683704660120903e-21,-6.096596375428316e-21,316.41771563537026,0.6595095352360807,47164.483330259005,249.1332831653564,0.7387798601334135,1.5707963267948968,-0.023421197855787303,233.76303570083303,18019.501001843393,9.76175579364233,3.4926496026887556e-15,1.061424247996224,233.70613189250474,5.284483291880919e-15,0.7697991708287626,-32.86119558693816,0.0,0.0,0.0,3.692414103935108e-17,0.0053787989450790104,0.22961022933652375,0.0,0.0,0.0,0.0,0.0,0.0,0.0,0.0,0.5,0.0,0.0,1.0,3.7327234438011327e-16,6.096,0.0
25.900000000000002,-3.7915794905568273e-14,0.6265625487731596,234.4603824427843,0.0,0.0,0.0,0.7071020320855997,-0.0006677376221581228,-0.7071020320855996,-0.0006677376221581227,6384121.836822141,9.211424081399054,4.779748051767211e-14,7.537341659064003e-21,1.4428647068608104e-06,5984.836828786259,0.0,-0.0018901021907276531,1.7350596640080444e-16,-2.50344604470105e-22,-7.308871018426265e-05,6.487771980988041e-22,-1.3108724549890144e-20,-7.308871018426265e-05,6.735530205899465e-22,-1.3107474796829944e-20,316.514138394959,0.6612227952368737,47315.857028760125,249.28515204954948,0.7409231333796452,1.5707963267948968,-0.02332431251207756,234.51264783947866,18182.366151947557,9.761827869872054,-5.015692281798166e-16,1.069701850744728,234.45583909594936,5.332257968694142e-15,0.77354506395304,-33.158279126075115,0.0,0.0,0.0,3.7257955871819397e-17,0.005404972532618148,0.23168603389369138,0.0,0.0,0.0,0.0,0.0,0.0,0.0,0.0,0.5,0.0,0.0,1.0,3.7327234438011327e-16,6.096,0.0
26.0,-3.801470131872435e-14,0.631739640037151,235.2083338361886,0.0,0.0,0.0,0.7071020557258557,-0.0006703157912448761,-0.7071020557258556,-0.000670315791244876,6384098.353530591,9.31877675188626,4.87695443233664e-14,7.690658072017936e-21,1.459685649735763e-06,5961.353537391871,0.0,-0.0018974111540949236,1.6759026525259936e-16,7.203643414943574e-20,-7.30900124570874e-05,-4.471056303028998e-22,-1.0925056643506938e-20,-7.30900124570874e-05,-4.263747423367913e-22,-1.0925884928440519e-20,316.6108475185134,0.662944101842821,47468.0112093159,249.43750689915203,0.7430580246541048,1.5707963267948968,-0.023228171522728915,235.26023160160162,18346.109986021205,9.761900177134022,9.111656290397277e-16,1.0780117290502065,235.20377946824394,5.380290403135612e-15,0.7772946520838122,-33.45696551328027,0.0,0.0,0.0,3.75935717278682e-17,0.005431171938185922,0.2337730379920186,0.0,0.0,0.0,0.0,0.0,0.0,0.0,0.0,0.5,0.0,0.0,1.0,3.7327234438011327e-16,6.096,0.0
26.1,-3.811353458593606e-14,0.636952307177964,235.9532355551134,0.0,0.0,0.0,0.7071025475006536,-0.0006728944016732857,-0.7071025475006535,-0.0006728944016732857,6384074.7600596,9.427368426377871,4.938112715855801e-14,7.787129905426213e-21,1.4767008189426352e-06,5937.76006656047,0.0,-0.0019047202994480067,1.896862570422178e-16,-1.0870151882454848e-19,-7.309132112169896e-05,1.0316857815602113e-21,-1.3868823724519236e-20,-7.309132112169896e-05,1.0581001242084283e-21,-1.3866833495099418e-20,316.7079784193436,0.6646773044834382,47621.320547349846,249.59057781874446,0.7451809998210996,1.5707963267948968,-0.023132821037314306,236.00476800984572,18510.6815111621,9.761972824451439,-4.278378692662426e-15,1.0863637723313215,235.94898256267962,5.4285656334195856e-15,0.7810473583837909,-33.7571617097189,0.0,0.0,0.0,3.793088406537739e-17,0.005457393131261234,0.235870591543528,0.0,0.0,0.0,0.0,0.0,0.0,0.0,0.0,0.5,0.0,0.0,1.0,3.7327234438011327e-16,6.096,0.0
26.200000000000003,-3.8215864221210766e-14,0.6422457063377291,236.69115376669328,0.0,0.0,0.0,0.7071029975854551,-0.0006754729783951365,-0.707102997585455,-0.0006754729783951365,6384050.9182608435,9.538797259375114,4.8354560444742426e-14,7.62527469529621e-21,1.4941605859369422e-06,5913.9182679702835,0.0,-0.0019120298964839233,1.517247783642408e-16,-1.4478841455824205e-19,-7.309264208483651e-05,-5.451242648749872e-22,-1.0742935690887993e-20,-7.309264208483651e-05,-5.245831888992072e-22,-1.0743958716102271e-20,316.80610168756374,0.6664323301857945,47776.6571369638,249.7452610216629,0.7472782913754348,1.5707963267948968,-0.02303840775211582,236.7423230250896,18675.74381564089,9.762046237222979,-1.2807329966939902e-14,1.0947941190809012,236.68717615031062,5.476984839395645e-15,0.784795272529905,-34.05825320908803,0.0,0.0,0.0,3.826920240072349e-17,0.0054835808402368905,0.2379744008233371,0.0,0.0,0.0,0.0,0.0,0.0,0.0,0.0,0.5,0.0,0.0,1.0,3.7327234438011327e-16,6.096,0.0
26.3,-3.837481050927457e-14,0.6474947826404208,237.4329378603303,0.0,0.0,0.0,0.7071036050994698,-0.0006780517014888114,-0.7071036050994697,-0.0006780517014888114,6384027.212052765,9.648665131292896,4.834679685513419e-14,7.624078919550508e-21,1.5113759406247353e-06,5890.212060056938,0.0,-0.0019193392268105345,1.8676068920907295e-16,-1.4484371287007052e-19,-7.309395895080022e-05,-9.384148633198495e-22,-1.0003753061777312e-20,-7.309395895080022e-05,-9.192137678790396e-22,-1.0005536395115247e-20,316.9036414074383,0.6681804386852532,47931.46469752515,249.89906552390846,0.749387871850658,1.5707963267948968,-0.02294440451501926,237.48374607412185,18842.198716521165,9.762119233303334,-3.632889501278693e-15,1.1031987829266603,237.42934316910615,5.525812557569067e-15,0.7885583943005702,-34.36188501343603,0.0,0.0,0.0,3.861037512336888e-17,0.005509874809076148,0.24009595991408178,0.0,0.0,0.0,0.0,0.0,0.0,0.0,0.0,0.5,0.0,0.0,1.0,3.7327234438011327e-16,6.096,0.0
26.400000000000002,-3.857424247889841e-14,0.6527530229629999,238.1739362193584,0.0,0.0,0.0,0.7071041803907032,-0.0006806303958788157,-0.7071041803907031,-0.0006806303958788157,6384003.47743822,9.7588496904628,4.9657935626148933e-14,7.830869091511906e-21,1.528641036137286e-06,5866.477445678785,0.0,-0.001926648600860012,1.5565024058992054e-16,-1.086588372596096e-19,-7.309527872311404e-05,-2.2130918057714125e-22,-1.141913810477391e-20,-7.309527872311404e-05,-1.9930811698860846e-22,-1.1419543295763175e-20,317.00126168589463,0.669935003783285,48086.96229302058,250.05305574658382,0.7514934930778543,1.5707963267948968,-0.022851020049714947,238.22438545441995,19009.693075893596,9.762192317666486,3.685690790809765e-15,1.111621861184088,238.1707051867908,5.574945199166069e-15,0.7923293680320747,-34.66741296310382,0.0,0.0,0.0,3.8953678430004534e-17,0.005536223641729605,0.24223076789470877,0.0,0.0,0.0,0.0,0.0,0.0,0.0,0.0,0.5,0.0,0.0,1.0,3.7327234438011327e-16,6.096,0.0
26.5,-3.8774944015060334e-14,0.6580463176280381,238.9118916924217,0.0,0.0,0.0,0.7071046297627585,-0.0006832089744208751,-0.7071046297627583,-0.0006832089744208751,6383979.635192366,9.870261985819493,5.169414806067369e-14,8.152002763806651e-21,1.5460986016848088e-06,5842.635199996333,0.0,-0.0019339581718799239,1.7566067385254884e-16,-1.8097285073091182e-19,-7.309660478696976e-05,4.205096782331756e-22,-1.2700718870509203e-20,-7.309660478696976e-05,4.450716447525976e-22,-1.269988181672601e-20,317.09930549254995,0.6716998376094594,48243.432827094046,250.20774503236308,0.7535872175318709,1.5707963267948968,-0.022758350322753678,238.96198396361817,19177.98232566295,9.762265734274978,-1.1637882069797926e-15,1.1200846512993234,238.9089415066577,5.624311028655491e-15,0.7961013977225185,-34.97439097562884,0.0,0.0,0.0,3.929861108470561e-17,0.005562579852659169,0.24437570786412233,0.0,0.0,0.0,0.0,0.0,0.0,0.0,0.0,0.5,0.0,0.0,1.0,3.7327234438011327e-16,6.096,0.0
26.6,-3.8914648994444606e-14,0.663372183657949,239.64700905808687,0.0,0.0,0.0,0.7071049582505667,-0.000685787440458081,-0.7071049582505666,-0.000685787440458081,6383955.693246578,9.982819242168603,5.29550478286006e-14,8.350874173485665e-21,1.563735671611467e-06,5818.693254383281,0.0,-0.0019412679264924012,1.5021962058512616e-16,-1.4479579655726352e-19,-7.309793679656157e-05,-3.671429804923058e-22,-1.118577078563852e-20,-7.309793679656157e-05,-3.454276179176977e-22,-1.1186462376050488e-20,317.1977162411061,0.6734772460317868,48401.159306575406,250.36308286187528,0.7556698343638624,1.5707963267948968,-0.02266637381370891,239.69674634804989,19347.160971181962,9.76233945871281,4.908087075110014e-15,1.1285849535726433,239.6442595133602,5.673937762463776e-15,0.7998781524194405,-35.282991403701075,0.0,0.0,0.0,3.9645366749781665e-17,0.005588969078511095,0.24653198409806373,0.0,0.0,0.0,0.0,0.0,0.0,0.0,0.0,0.5,0.0,0.0,1.0,3.7327234438011327e-16,6.096,0.0
26.700000000000003,-3.90060038633674e-14,0.6687175673383019,240.38041056077677,0.0,0.0,0.0,0.7071052264069789,-0.0006883658493355768,-0.7071052264069788,-0.0006883658493355768,6383931.691954279,10.096067389739531,5.2601768316341776e-14,8.295194303919412e-21,1.5814811117818303e-06,5794.691962262615,0.0,-0.0019485777871040301,1.720388336967891e-16,-1.086926552727579e-19,-7.309927303607678e-05,1.101402742144514e-21,-1.402236986280006e-20,-7.309927303607678e-05,1.1287243123027163e-21,-1.4020197074092206e-20,317.2963571457002,0.6752607316183526,48559.470581276524,250.51880627897313,0.7577452102474863,1.5707963267948968,-0.02257503419360707,240.4297948561301,19517.225100270483,9.762413366727937,-2.9395939940889726e-16,1.137112006937047,240.37782187901033,5.72382425919728e-15,0.8036575100870266,-35.59320714964269,0.0,0.0,0.0,3.9993937450000754e-17,0.005615376492036369,0.24869954700310198,0.0,0.0,0.0,0.0,0.0,0.0,0.0,0.0,0.5,0.0,0.0,1.0,3.7327234438011327e-16,6.096,0.0
26.8,-3.913533290871961e-14,0.6740870752468123,241.1116863303214,0.0,0.0,0.0,0.7071054455551159,-0.0006909442122939435,-0.7071054455551158,-0.0006909442122939435,6383907.617391457,10.210169655732841,5.2331340225575175e-14,8.252579662757525e-21,1.5993604965858003e-06,5770.617399621755,0.0,-0.001955887781630655,1.343671948104453e-16,-1.4477555396982332e-19,-7.310061410530246e-05,3.4914974355663963e-22,-1.2552687109058016e-20,-7.310061410530246e-05,3.7370034788018884e-22,-1.2551980388958329e-20,317.39525049711284,0.6770555658410407,48718.94983017597,250.67500699651035,0.7598119964820828,1.5707963267948968,-0.02248434628194045,241.1607196077914,19688.26717507787,9.76248750120799,-1.4613847157030013e-16,1.1456696694610178,241.10922607262984,5.773997633270286e-15,0.8074436466690343,-35.90520682257246,0.0,0.0,0.0,4.034451264124758e-17,0.005641831271704817,0.25087957469761474,0.0,0.0,0.0,0.0,0.0,0.0,0.0,0.0,0.5,0.0,0.0,1.0,3.7327234438011327e-16,6.096,0.0
26.900000000000002,-3.9296199521570196e-14,0.6794806693891792,241.8408295890347,0.0,0.0,0.0,0.7071056238647214,-0.0006935225368165711,-0.7071056238647213,-0.0006935225368165711,6383883.469926607,10.325127232056026,5.2869754591044396e-14,8.337518611387559e-21,1.6173740141225798e-06,5746.46993495617,0.0,-0.0019631979103030854,1.7682431212912917e-16,-1.4484661303384099e-19,-7.31019599809475e-05,-1.198234383109726e-22,-1.1681912189003991e-20,-7.31019599809475e-05,-9.688975842254666e-23,-1.1682125148121417e-20,317.49443416770066,0.6788569499678272,48879.04146294289,250.83168107737183,0.7618700900333988,1.5707963267948968,-0.022394300504822214,241.88951379696346,19860.143900472733,9.762561861021887,-1.5068862974446344e-15,1.1542578153051222,241.83847059197566,5.824415860050288e-15,0.8112307395386649,-36.21872909520595,0.0,0.0,0.0,4.069679868583382e-17,0.005668292733218415,0.25307024121585,0.0,0.0,0.0,0.0,0.0,0.0,0.0,0.0,0.5,0.0,0.0,1.0,3.7327234438011327e-16,6.096,0.0
27.0,-3.946859712444528e-14,0.6848983580249801,242.56782916304158,0.0,0.0,0.0,0.7071057687715792,-0.0006961008297731948,-0.707105768771579,-0.0006961008297731948,6383859.249772887,10.440943161165235,5.4065290542178906e-14,8.526086251712766e-21,1.6355221430559224e-06,5722.249781425111,0.0,-0.0019705081735860177,1.5456323982359613e-16,-2.527781355275085e-22,-7.310331065371095e-05,-5.263601024262924e-22,-1.0899035001152189e-20,-7.310331065371095e-05,-5.048824568687959e-22,-1.0900051037426973e-20,317.59386281561694,0.6806702874113552,49040.37335022975,250.98882888845182,0.7639195672114819,1.5707963267948968,-0.02230489024906226,242.61616623112886,20033.012830944357,9.76263644552083,3.834861069625195e-15,1.1628764060284826,242.5655491090051,5.8751251457822374e-15,0.8150251318513501,-36.53406129789674,0.0,0.0,0.0,4.105111843952629e-17,0.00569480519795219,0.25527355421416953,0.0,0.0,0.0,0.0,0.0,0.0,0.0,0.0,0.5,0.0,0.0,1.0,3.7327234438011327e-16,6.096,0.0
27.1,-3.9619076361000164e-14,0.690340259596664,243.29266368838373,0.0,0.0,0.0,0.7071058872437811,-0.0006986790976993894,-0.707105887243781,-0.0006986790976993894,6383834.956797137,10.557624634941245,5.489161061856625e-14,8.656429936797388e-21,1.6538060128135814e-06,5697.956805867143,0.0,-0.001977818572640239,1.6009220090937593e-16,-2.171055078188074e-19,-7.310466613638731e-05,-1.3822570909442683e-21,-9.274641029733697e-21,-7.310466613638731e-05,-1.3639094766271382e-21,-9.277356024254e-21,317.69358512853347,0.6824897241321262,49202.26555489288,251.14644939961929,0.7659602405510354,1.5707963267948968,-0.02221611196788589,243.3406555369906,20206.705080713204,9.762711255126652,2.4689498327684257e-15,1.1715255430439198,243.29044484746325,5.9260759613947954e-15,0.8188196776543653,-36.85089543752411,0.0,0.0,0.0,4.140712582905452e-17,0.0057213187351652,0.25748736165976344,0.0,0.0,0.0,0.0,0.0,0.0,0.0,0.0,0.5,0.0,0.0,1.0,3.7327234438011327e-16,6.096,0.0
27.200000000000003,-3.9734624747361835e-14,0.6958062691223696,244.01533212311605,0.0,0.0,0.0,0.7071061190523203,-0.0007012574880853241,-0.7071061190523202,-0.0007012574880853241,6383810.591564168,10.67517055370886,5.478687029737241e-14,8.63994554195942e-21,1.672225452498357e-06,5673.591573094017,0.0,-0.0019851291332208133,1.43685121187239e-16,-7.252044969959736e-20,-7.31060263978561e-05,3.4960790688689223e-22,-1.261542879698281e-20,-7.31060263978561e-05,3.7465046373980623e-22,-1.2614709919851703e-20,317.7935463416681,0.6843216410369651,49365.4611316461,251.30454101421148,0.7679922479576682,1.5707963267948968,-0.0221279655265176,244.062980690933,20381.405738727764,9.762786288103596,-1.1580297154489336e-14,1.1802054921101035,244.013253066071,5.97732258580886e-15,0.8226219474670702,-37.169569043821305,0.0,0.0,0.0,4.176520011619681e-17,0.005747886242162465,0.259714021965893,0.0,0.0,0.0,0.0,0.0,0.0,0.0,0.0,0.5,0.0,0.0,1.0,3.7327234438011327e-16,6.096,0.0
27.3,-3.983558185437634e-14,0.7012964051404545,244.73582272926785,0.0,0.0,0.0,0.7071065507822998,-0.0007038360923462353,-0.7071065507822997,-0.0007038360923462353,6383786.1542905215,10.793583941572248,5.443626886606647e-14,8.584688421253306e-21,1.6907809379403522e-06,5649.154299646616,0.0,-0.001992439867114172,1.5812094270239585e-16,-2.6733327032839793e-22,-7.31073914305395e-05,3.504933992879319e-22,-1.2580453099399306e-20,-7.31073914305395e-05,3.755584833080712e-22,-1.2579729791801782e-20,317.89380092712486,0.6861592430309489,49529.170505921415,251.4631001444646,0.7700154241755026,1.5707963267948968,-0.02204045009625069,244.78312996366284,20556.91260930485,9.762861543792456,2.9841511849743336e-15,1.1889165037691034,244.73402264784795,6.028805719141958e-15,0.8264236646711172,-37.48971336455113,0.0,0.0,0.0,4.212492695633266e-17,0.005774449887930753,0.2619509585590576,0.0,0.0,0.0,0.0,0.0,0.0,0.0,0.0,0.5,0.0,0.0,1.0,3.7327234438011327e-16,6.096,0.0
27.400000000000002,-3.9926085474938376e-14,0.7068107918455245,245.45411361030222,0.0,0.0,0.0,0.707107100601489,-0.0007064148234400238,-0.7071071006014888,-0.0007064148234400238,6383761.644849605,10.912872019347775,5.393442448364947e-14,8.505579617822471e-21,1.709473603171805e-06,5624.644858932123,0.0,-0.0019997507542568373,2.0841665626956306e-16,-1.4491621566258376e-19,-7.310876124690216e-05,-4.933646090803429e-22,-1.0970980154421302e-20,-7.310876124690216e-05,-4.714240066103423e-22,-1.0971944608889489e-20,317.9942905053643,0.68800978844151,49694.23842374739,251.62212993877304,0.7720298385887869,1.5707963267948968,-0.021953555954939724,245.50108141827815,20733.44524414282,9.762937022594905,8.838690430464806e-15,1.1976583944047925,245.45267610766595,6.080589751986404e-15,0.8302334128345766,-37.81172880817952,0.0,0.0,0.0,4.248675626427511e-17,0.005801069648225598,0.2642009692035518,0.0,0.0,0.0,0.0,0.0,0.0,0.0,0.0,0.5,0.0,0.0,1.0,3.7327234438011327e-16,6.096,0.0
27.5,-4.0009871272564035e-14,0.7123493206473777,246.17020392055414,0.0,0.0,0.0,0.7071076951434327,-0.000708993603302132,-0.7071076951434326,-0.000708993603302132,6383737.063806559,11.033033630476078,5.3364662478097765e-14,8.41575949610643e-21,1.7283032683953626e-06,5600.063816092908,0.0,-0.0020070617781303055,1.1195373673853793e-16,-2.1703306509233365e-19,-7.311013581365062e-05,3.269811695065495e-22,-1.2535163292123354e-20,-7.311013581365062e-05,3.521392626852267e-22,-1.2534481818129681e-20,318.0950720733844,0.689865935641469,49859.81137206912,251.7816243869141,0.7740353596285935,1.5707963267948968,-0.021867268275065438,246.21683415460532,20910.77958828159,9.763012722774038,5.313570777184059e-15,1.2064307096942117,246.169162216997,6.132608975851661e-15,0.8340422618097963,-38.13520677098114,0.0,0.0,0.0,4.285022891669306e-17,0.005827683125644418,0.2664611988725452,0.0,0.0,0.0,0.0,0.0,0.0,0.0,0.0,0.5,0.0,0.0,1.0,3.7327234438011327e-16,6.096,0.0
27.6,-4.0090164244328383e-14,0.7179119982636778,246.88408234144438,0.0,0.0,0.0,0.707108271845623,-0.0007115723653490669,-0.7071082718456229,-0.0007115723653490669,6383712.411381347,11.154071782454023,5.279866501480036e-14,8.326532454293238e-21,1.7472704068805452e-06,5575.411391091533,0.0,-0.0020143729275692445,1.6993615892651015e-16,-2.9690832026914907e-22,-7.311151512043623e-05,-4.1699113155488835e-22,-1.110081867043775e-20,-7.311151512043623e-05,-3.9462911206197815e-22,-1.110163612363727e-20,318.19608612725943,0.6917349155788278,50026.73270929944,251.94158438147736,0.7760320996350967,1.5707963267948968,-0.021781576104026326,246.9303768130072,21089.13369385211,9.76308864366009,2.7597761908631917e-14,1.2152331714126794,246.88342623041726,6.184927341114034e-15,0.8378588288814054,-38.460544923969,0.0,0.0,0.0,4.321579175248898e-17,0.005854350531529635,0.26873442620299437,0.0,0.0,0.0,0.0,0.0,0.0,0.0,0.0,0.5,0.0,0.0,1.0,3.7327234438011327e-16,6.096,0.0
27.700000000000003,-4.0169755239893296e-14,0.7234989468793422,247.59572681292497,0.0,0.0,0.0,0.7071087774650865,-0.0007141510528985815,-0.7071087774650864,-0.0007141510528985815,6383687.68745397,11.275993718193119,5.229817188867762e-14,8.247635110823237e-21,1.7663761561929046e-06,5550.687463928945,0.0,-0.0020216841959801927,2.0000723184795622e-16,-7.263292017687743e-20,-7.311289917959228e-05,-1.3175548012200001e-21,-9.409902841524034e-21,-7.311289917959228e-05,-1.2985280113868479e-21,-9.412547154220217e-21,318.29739030388225,0.6936096706430008,50194.17951003029,252.1020084390285,0.7780198462345679,1.5707963267948968,-0.021696472091182133,247.641687304765,21268.29550607398,9.763164785634505,2.0267902349988633e-14,1.2240656719091643,247.59540869204247,6.237482658727253e-15,0.8416744173045615,-38.787356548839696,0.0,0.0,0.0,4.358301023965874e-17,0.005881011099328418,0.271017949087543,0.0,0.0,0.0,0.0,0.0,0.0,0.0,0.0,0.5,0.0,0.0,1.0,3.7327234438011327e-16,6.096,0.0
27.8,-4.0250995694284683e-14,0.7291100557272493,248.3051366521393,0.0,0.0,0.0,0.7071091693975696,-0.0007167296205570611,-0.7071091693975695,-0.0007167296205570611,6383662.892589798,11.39879821619801,5.1913698600740166e-14,8.187034118075928e-21,1.78562032637281e-06,5525.89259997538,0.0,-0.0020289955791761845,1.0792367820156518e-16,-2.170314685643231e-19,-7.311428795794824e-05,-1.5103954529605518e-21,-9.046388172359778e-21,-7.311428795794824e-05,-1.4920384692032877e-21,-9.049434771924813e-21,318.39892537134875,0.695497232356656,50362.97369372933,252.26289514869222,0.7799987514818878,1.5707963267948968,-0.021611944084202864,248.35076490525515,21448.476389665386,9.763241146959551,-1.1911578604794641e-14,1.2329278453225099,248.3050785483437,6.290336917373479e-15,0.8454974703858483,-39.11602711794619,0.0,0.0,0.0,4.395231751020722e-17,0.0059077238247506455,0.2733144609277484,0.0,0.0,0.0,0.0,0.0,0.0,0.0,0.0,0.5,0.0,0.0,1.0,3.7327234438011327e-16,6.096,0.0
27.900000000000002,-4.033577919795081e-14,0.734745329454915,249.01230053956823,0.0,0.0,0.0,0.7071094148000459,-0.0007193080333025341,-0.7071094148000457,-0.0007193080333025341,6383638.02701219,11.52248826263954,5.1685300976018716e-14,8.151046704113302e-21,1.8050033873897505e-06,5501.027022588998,0.0,-0.0020363070765713025,1.6667723596003707e-16,-3.008357104854718e-22,-7.311568144507591e-05,-9.874203996637938e-22,-1.0012985948078715e-20,-7.311568144507591e-05,-9.670288524195219e-22,-1.0014975878187736e-20,318.500747126176,0.6973905357525833,50532.291108582394,252.42424081180084,0.7819686468963475,1.5707963267948968,-0.021527983597708987,249.0575982657316,21629.458413279353,9.763317726954968,2.87469318564601e-14,1.2418195007073711,249.01240065805533,6.343426203626001e-15,0.8493192868746023,-39.44615919004403,0.0,0.0,0.0,4.432326698340896e-17,0.00593442790976007,0.27562118469211006,0.0,0.0,0.0,0.0,0.0,0.0,0.0,0.0,0.5,0.0,0.0,1.0,3.7327234438011327e-16,6.096,0.0
28.0,-4.0425586425702304e-14,0.7404048882347632,249.71719625045336,0.0,0.0,0.0,0.7071094898114549,-0.0007218862656537096,-0.7071094898114548,-0.0007218862656537096,6383613.090607788,11.647071122207157,5.16435255621904e-14,8.144490528465802e-21,1.8245264802931939e-06,5476.090618413563,0.0,-0.002043618690650399,2.051107490098874e-16,-2.1721275302290736e-19,-7.311707965302365e-05,-3.191890507846635e-22,-1.1276437829553768e-20,-7.311707965302365e-05,-2.9614386018036816e-22,-1.1277066686658383e-20,318.6027975495536,0.6992968948297833,50702.98635170847,252.58604848828676,0.783929602706544,1.5707963267948968,-0.02144458559982213,249.7621651439713,21811.470074468652,9.763394525981822,1.9255219641256454e-14,1.2507406186127044,249.717335061056,6.39681753140725e-15,0.8531486043690295,-39.77816948659687,0.0,0.0,0.0,4.469632690400743e-17,0.005961184406363233,0.27794103212833315,0.0,0.0,0.0,0.0,0.0,0.0,0.0,0.0,0.5,0.0,0.0,1.0,3.7327234438011327e-16,6.096,0.0
28.1,-4.052140384632357e-14,0.7460886191527027,250.4198232647601,0.0,0.0,0.0,0.7071093821597747,-0.0007244643044312967,-0.7071093821597746,-0.0007244643044312967,6383588.083942144,11.772545508778059,5.180653559030764e-14,8.170230398838085e-21,1.844189405008668e-06,5451.083952999984,0.0,-0.0020509304247861887,2.1860076263340476e-16,-2.172418163594034e-19,-7.311848254858269e-05,-5.49449493562048e-22,-1.0845213895131396e-20,-7.311848254858269e-05,-5.272058281182385e-22,-1.0846318108063015e-20,318.70513286884744,0.7012089553791784,50874.201125080726,252.74831218188393,0.7858814889386377,1.5707963267948968,-0.021361740466455354,250.46446498997398,21994.278870938375,9.763471542301687,-2.5844788605427063e-15,1.2596909302003079,250.41987152170404,6.450442713043529e-15,0.8569763756921989,-40.11163398724962,0.0,0.0,0.0,4.507102082593561e-17,0.005987930099441729,0.28027104048934665,0.0,0.0,0.0,0.0,0.0,0.0,0.0,0.0,0.5,0.0,0.0,1.0,3.7327234438011327e-16,6.096,0.0
28.200000000000003,-4.0623793643636055e-14,0.7517965247861016,251.1201702620294,0.0,0.0,0.0,0.7071090887214609,-0.0007270421461748449,-0.7071090887214608,-0.0007270421461748449,6383563.00724201,11.898914387197053,5.218276054504287e-14,8.229596086948394e-21,1.863992628205317e-06,5426.007253100163,0.0,-0.002058242284374723,1.1916681257062093e-16,-2.170608990525966e-19,-7.311989012108058e-05,-1.419902809484097e-22,-1.158066037620321e-20,-7.311989012108058e-05,-1.1815419214967587e-22,-1.158092809647501e-20,318.8076933371796,0.7031340830388327,51046.79787517563,252.91103276353334,0.7878244211613042,1.5707963267948968,-0.02127944207151067,251.1644864651341,22178.114360689757,9.763548775223812,-1.478544286966199e-14,1.26867034167766,251.11999541689008,6.504369073007428e-15,0.8608114710987639,-40.446971344600705,0.0,0.0,0.0,4.5447819163836513e-17,0.006014726967909256,0.2826141350162267,0.0,0.0,0.0,0.0,0.0,0.0,0.0,0.0,0.5,0.0,0.0,1.0,3.7327234438011327e-16,6.096,0.0
28.3,-4.073290705535049e-14,0.7575287232649403,251.8182148527788,0.0,0.0,0.0,0.7071086154473353,-0.0007296197970606389,-0.7071086154473352,-0.0007296197970606389,6383537.860400721,12.026185043623002,5.277109616982247e-14,8.322413846823948e-21,1.8839372943684547e-06,5400.860412050039,0.0,-0.0020655542764470886,1.6960528216283966e-16,-2.171586661084121e-19,-7.312130238210833e-05,2.690348181596074e-22,-1.2340350746987453e-20,-7.312130238210833e-05,2.9452371504248414e-22,-1.2339768811557909e-20,318.9105369060072,0.7050650688340172,51219.93280841607,253.07420863526957,0.7897581841635448,1.5707963267948968,-0.02119768763030088,251.86220717313188,22362.75186064051,9.763626225088744,-8.884303983150873e-15,1.2776789332129048,251.81768748884315,6.558530716931249e-15,0.8646449049671445,-40.78377179906052,0.0,0.0,0.0,4.58262614956041e-17,0.006041512226751607,0.28496745260580036,0.0,0.0,0.0,0.0,0.0,0.0,0.0,0.0,0.5,0.0,0.0,1.0,3.7327234438011327e-16,6.096,0.0
28.400000000000002,-4.084838484625843e-14,0.7632850995581076,252.51395667980933,0.0,0.0,0.0,0.7071079799676381,-0.0007321972756670917,-0.707107979967638,-0.0007321972756670917,6383512.643983959,12.15435612761418,5.3557810982748196e-14,8.4465185053382e-21,1.9040231933561846e-06,5375.643995529661,0.0,-0.0020728664072306112,1.590124827964861e-16,-2.171421334797716e-19,-7.312271929825062e-05,7.232846398366515e-22,-1.3177416023109847e-20,-7.312271929825062e-05,7.50597986761692e-22,-1.3175888497491895e-20,319.0136047239022,0.7070090006771456,51394.43765721904,253.23783838230827,0.7916829325260917,1.5707963267948968,-0.021116469909801906,252.5576267377184,22548.411623488857,9.7637038901575,-6.239569321185384e-15,1.2867165416921658,252.51295892406918,6.6129922397817875e-15,0.8684852772292159,-41.1224370299836,0.0,0.0,0.0,4.6206799164072226e-17,0.0060683459660627334,0.28733379990241137,0.0,0.0,0.0,0.0,0.0,0.0,0.0,0.0,0.5,0.0,0.0,1.0,3.7327234438011327e-16,6.096,0.0
28.5,-4.096945779355448e-14,0.7690656541728236,253.20738442172197,0.0,0.0,0.0,0.7071072088783069,-0.0007347746100952745,-0.7071072088783068,-0.0007347746100952745,6383487.358221873,12.283430582689368,5.451970812813411e-14,8.598252084055698e-21,1.9242507885369682e-06,5350.358233690262,0.0,-0.0020801786835061603,1.949289843466154e-16,-2.172150128940746e-19,-7.312414085841639e-05,9.498804634297218e-22,-1.359318629785754e-20,-7.312414085841639e-05,9.781546442811616e-22,-1.3591180968368373e-20,319.11695278706685,0.7089586808620623,51569.46955802891,253.40191823962422,0.7935984961560599,1.5707963267948968,-0.021035785043215887,253.25073382972064,22734.863647930335,9.763781769728828,2.212384481230177e-14,1.295783180628717,253.2058165058008,6.6676861865381604e-15,0.8723236255852089,-41.46254757296595,0.0,0.0,0.0,4.6588960842420966e-17,0.0060951655637843495,0.28971024599267436,0.0,0.0,0.0,0.0,0.0,0.0,0.0,0.0,0.5,0.0,0.0,1.0,3.7327234438011327e-16,6.096,0.0
28.6,-4.1094928435600883e-14,0.7748705031666763,253.89847552429677,0.0,0.0,0.0,0.7071063383720151,-0.0007373518386356667,-0.707106338372015,-0.0007373518386356667,6383462.0030145375,12.413415716168316,5.562357498814849e-14,8.772376973084584e-21,1.9446212277838684e-06,5325.003026607135,0.0,-0.002087491112252697,1.6016350286586564e-16,-2.1715191373545613e-19,-7.312556707355534e-05,-6.460008197715981e-22,-1.0667211406269032e-20,-7.312556707355534e-05,-6.237317908345661e-22,-1.0668536723696666e-20,319.22052090613204,0.7109217978016498,51745.93035817646,253.5664512782128,0.7955049523326361,1.5707963267948968,-0.020955632427831977,253.9415058981606,22922.355690345496,9.763859864122592,2.809171057344875e-15,1.3048790416548632,253.89626287168826,6.722685218994799e-15,0.876169229155124,-41.804555270374465,0.0,0.0,0.0,4.6973254238631885e-17,0.006122035855685004,0.29209994802372397,0.0,0.0,0.0,0.0,0.0,0.0,0.0,0.0,0.5,0.0,0.0,1.0,3.7327234438011327e-16,6.096,0.0
28.700000000000003,-4.122311109544492e-14,0.7806995294214837,254.58722979318378,0.0,0.0,0.0,0.7071054155512958,-0.0007399290111677662,-0.7071054155512957,-0.0007399290111677662,6383436.578927715,12.544310113598895,5.68242429249498e-14,8.961769879045548e-21,1.965134290934959e-06,5299.578940040431,0.0,-0.002094803697913737,1.5553444541598884e-16,-2.171466623414774e-19,-7.312699790987019e-05,-1.6584406270698547e-21,-8.833846322700576e-21,-7.312699790987019e-05,-1.639931029262721e-21,-8.837300603514981e-21,319.3243670162129,0.7128906750062936,51922.920705470024,253.73143141870224,0.7974021666099256,1.5707963267948968,-0.020876007093579348,254.62994273971958,23110.636884082014,9.763938171599415,3.979003986179559e-15,1.3140040762129406,254.58433119508433,6.777915761826056e-15,0.8800125492442308,-42.14800259911126,0.0,0.0,0.0,4.735916526162906e-17,0.006148890192275979,0.29449970915559276,0.0,0.0,0.0,0.0,0.0,0.0,0.0,0.0,0.5,0.0,0.0,1.0,3.7327234438011327e-16,6.096,0.0
28.8,-4.135190514365442e-14,0.7865527313743187,255.27363590604423,0.0,0.0,0.0,0.7071044967315687,-0.0007425061873541656,-0.7071044967315686,-0.0007425061873541657,6383411.086194951,12.676116697173864,5.80668887424938e-14,9.157784772114716e-21,1.985790438057661e-06,5274.0862075369805,0.0,-0.0021021164440578072,1.5370349691172488e-16,-4.339883993895429e-19,-7.312843335566805e-05,-3.0243642023503757e-22,-1.1339360461857676e-20,-7.312843335566805e-05,-2.7859911348141164e-22,-1.1339971164257565e-20,319.4284324149796,0.7148726481673424,52101.30283525071,253.89685945857244,0.7992902544827285,1.5707963267948968,-0.02079690734040371,255.3160330339881,23299.943133003493,9.76401669144755,4.4397416092452734e-15,1.3231584155500764,255.27005052691413,6.833447000261713e-15,0.8838625021759849,-42.493319782765276,0.0,0.0,0.0,4.77471773276788e-17,0.006175790874366385,0.29691253547905605,0.0,0.0,0.0,0.0,0.0,0.0,0.0,0.0,0.5,0.0,0.0,1.0,3.7327234438011327e-16,6.096,0.0
28.900000000000002,-4.1478745156994423e-14,0.7924302229804254,255.95767114390688,0.0,0.0,0.0,0.707103648777328,-0.0007450834380561583,-0.7071036487773279,-0.0007450834380561583,6383385.52472311,12.808842795065317,5.928573390468308e-14,9.350047708305192e-21,2.0065908203646546e-06,5248.524735960178,0.0,-0.0021094293529467503,1.414543226106605e-16,-2.171259089864649e-19,-7.312987342106117e-05,6.636029998528753e-22,-1.3073662601772016e-20,-7.312987342106117e-05,6.911796117982381e-22,-1.307223361427762e-20,319.53277329273544,0.7168606204317233,52280.24295759906,254.06273376720725,0.8011690031370772,1.5707963267948968,-0.020718334688325,255.99975407479764,23490.045330754652,9.764095423966015,-1.9024654202721944e-15,1.3323423750343473,255.95344657866798,6.8892117409022576e-15,0.8877101408379299,-42.84008898380698,0.0,0.0,0.0,4.813682093798178e-17,0.006202675386015877,0.2993355074481489,0.0,0.0,0.0,0.0,0.0,0.0,0.0,0.0,0.5,0.0,0.0,1.0,3.7327234438011327e-16,6.096,0.0
29.0,-4.1600638279016643e-14,0.7983318850645021,256.63933547528455,0.0,0.0,0.0,0.7071029478334302,-0.0007476608439977075,-0.7071029478334301,-0.0007476608439977076,6383359.895077988,12.942486929119267,6.040463017474035e-14,9.526549131577218e-21,2.027535207721364e-06,5222.8950911080465,0.0,-0.002116742422668113,1.7832051417873184e-16,-1.4492325064506576e-19,-7.313131807168909e-05,3.796150759272226e-22,-1.2578271594444608e-20,-7.313131807168909e-05,4.0623888596603956e-22,-1.2577440027253753e-20,319.6373310660065,0.7188617488498212,52460.584122114924,254.22905293136665,0.8030385698382646,1.5707963267948968,-0.020640286310626248,256.6811058309861,23681.1731375095,9.764174367415174,-1.881658195419426e-15,1.3415560296209925,256.63457503561716,6.9452773373751746e-15,0.8915642332421494,-43.188729036132536,0.0,0.0,0.0,4.8528566710894334e-17,0.00622960499174114,0.30177155157072455,0.0,0.0,0.0,0.0,0.0,0.0,0.0,0.0,0.5,0.0,0.0,1.0,3.7327234438011327e-16,6.096,0.0
29.1,-4.171415247366212e-14,0.8042577139934745,257.3186175768986,0.0,0.0,0.0,0.7071024799347776,-0.0007502384964029281,-0.7071024799347775,-0.0007502384964029281,6383334.197496521,13.077052000202464,6.133712801626318e-14,9.673654652231452e-21,2.048624056893787e-06,5197.197509915568,0.0,-0.002124055648980638,1.5986162503000802e-16,-2.1717030861644757e-19,-7.31327672950647e-05,5.721802451132434e-22,-1.2906905292675223e-20,-7.31327672950647e-05,5.995939188694559e-22,-1.2905660835441178e-20,319.74215888024753,0.7208690957287678,52641.510966897644,254.3958132425626,0.8048987906116731,1.5707963267948968,-0.020562762588454287,257.3600769902767,23873.09725640819,9.764253521072792,2.8600557006606294e-15,1.3507996389938572,257.3134880507347,7.001576539530748e-15,0.8954160473898227,-43.53882174931516,0.0,0.0,0.0,4.892194475108782e-17,0.006256518678660081,0.3042177458350276,0.0,0.0,0.0,0.0,0.0,0.0,0.0,0.0,0.5,0.0,0.0,1.0,3.7327234438011327e-16,6.096,0.0
29.200000000000003,-4.181533509385002e-14,0.8102078215902926,257.9954945650129,0.0,0.0,0.0,0.7071023430476537,-0.0007528164991605457,-0.7071023430476536,-0.0007528164991605458,6383308.431892418,13.212545357030786,6.198442541788084e-14,9.775781510320038e-21,2.069858522386058e-06,5171.431906092291,0.0,-0.002131369024697262,1.245045600764901e-16,-2.8938159482520235e-19,-7.313422110025526e-05,-2.167882279432824e-22,-1.1498115795768784e-20,-7.313422110025526e-05,-1.922824398998922e-22,-1.1498552519095532e-20,319.84720594176395,0.7228892435534218,52823.79852204623,254.56301731720066,0.8067497207288248,1.5707963267948968,-0.02048576711101134,258.03664469080616,24066.036378497087,9.76433288521687,-7.095864968433529e-15,1.3600736549602686,257.99023557287217,7.0581734843856496e-15,0.8992735671187282,-43.89076595497809,0.0,0.0,0.0,4.931740320157237e-17,0.006283472232047414,0.3066768769875182,0.0,0.0,0.0,0.0,0.0,0.0,0.0,0.0,0.5,0.0,0.0,1.0,3.7327234438011327e-16,6.096,0.0
29.3,-4.1899905365885156e-14,0.816182086652485,258.6699665710168,0.0,0.0,0.0,0.7071026419292702,-0.0007553949633823706,-0.7071026419292701,-0.0007553949633823706,6383282.598831456,13.348965458056938,6.223985210088788e-14,9.816105742030575e-21,2.0912383641383156e-06,5145.598845414197,0.0,-0.0021386825370437695,1.5878822380035453e-16,-2.1717478731287934e-19,-7.31356794521498e-05,8.870166698625929e-22,-1.3459361882069539e-20,-7.31356794521498e-05,9.15799897052017e-22,-1.3457434068655948e-20,319.9525168826913,0.724916120022695,53006.7330928092,254.7306595972961,0.8085912590215216,1.5707963267948968,-0.02040929908340825,258.7108090728424,24259.78455270896,9.764412458107685,3.185641928157336e-15,1.369378285068743,258.66489628550704,7.115007767855479e-15,0.903129155651077,-44.24418603448048,0.0,0.0,0.0,4.9714520002364356e-17,0.0063104122916322145,0.30914632047724105,0.0,0.0,0.0,0.0,0.0,0.0,0.0,0.0,0.5,0.0,0.0,1.0,3.7327234438011327e-16,6.096,0.0
29.400000000000002,-4.199319543375592e-14,0.82218050522369,259.34202219247834,0.0,0.0,0.0,0.7071032968089238,-0.0007579738056756164,-0.7071032968089237,-0.0007579738056756164,6383256.698553976,13.486315178976094,6.232208996119191e-14,9.82911596706288e-21,2.1127640350122744e-06,5119.698568223044,0.0,-0.0021459961790250464,1.6291925180084215e-16,-2.1718651454388375e-19,-7.313714233790575e-05,-1.4623712997268061e-22,-1.159650981229822e-20,-7.313714233790575e-05,-1.21350746593987e-22,-1.1596796933688743e-20,320.0580474300009,0.7269552993628372,53190.97251171714,254.89874026724831,0.8104234865357482,1.5707963267948968,-0.02033334789351063,259.3825586920452,24454.526108393704,9.764492239012464,2.1385269771898954e-15,1.3787131700330169,259.3374027518698,7.17213345217973e-15,0.9069896123870641,-44.59941817013716,0.0,0.0,0.0,5.011367290122939e-17,0.006337386366697398,0.311628425302674,0.0,0.0,0.0,0.0,0.0,0.0,0.0,0.0,0.5,0.0,0.0,1.0,3.7327234438011327e-16,6.096,0.0
29.5,-4.211937359226087e-14,0.8282031851616991,260.0116385041489,0.0,0.0,0.0,0.7071038606197002,-0.0007605525544381996,-0.7071038606197001,-0.0007605525544381996,6383230.730980581,13.624601875110042,6.248032898212057e-14,9.854112959639396e-21,2.1344366906201456e-06,5093.730995121412,0.0,-0.0021533099668992824,1.4899186698743096e-16,-2.171599374905011e-19,-7.313860976662404e-05,1.7339791338922382e-22,-1.217487078444963e-20,-7.313860976662404e-05,1.9961360301953855e-22,-1.217446926853851e-20,320.1638363309273,0.7290018337245489,53375.93346643325,255.06725829563086,0.8122462325493768,1.5707963267948968,-0.020257881028608923,260.0518704743014,24650.096178477444,9.764572228188037,-3.8758257735108464e-15,1.388076640222995,260.007405295688,7.229502192559742e-15,0.9108485786648336,-44.956161733145535,0.0,0.0,0.0,5.051452409973654e-17,0.006364350027520279,0.31412109088752693,0.0,0.0,0.0,0.0,0.0,0.0,0.0,0.0,0.5,0.0,0.0,1.0,3.7327234438011327e-16,6.096,0.0
29.6,-4.220534259984531e-14,0.8342499935287121,260.6788163094587,0.0,0.0,0.0,0.7071043200264864,-0.0007631311946257257,-0.7071043200264863,-0.0007631311946257257,6383204.696676958,13.763823933428172,6.193653758182703e-14,9.768388763552906e-21,2.1562560797083745e-06,5067.696691796804,0.0,-0.002160623901441233,1.5736840772460462e-16,-2.1718101025548554e-19,-7.314008170209006e-05,4.1229179472978176e-22,-1.2622861295130452e-20,-7.314008170209006e-05,4.39564532344133e-22,-1.2621940762596873e-20,320.2698471723202,0.731060106322539,53562.13471658786,255.23621138812035,0.8140596028163568,1.5707963267948968,-0.02018289033815178,260.71874519751424,24846.638031963837,9.764652423894786,3.6003452362803026e-15,1.39746840436876,260.6748943493536,7.287156007587374e-15,0.9147114389183224,-45.314678013226704,0.0,0.0,0.0,5.0917367193366465e-17,0.006391340896624599,0.31662614293508645,0.0,0.0,0.0,0.0,0.0,0.0,0.0,0.0,0.5,0.0,0.0,1.0,3.7327234438011327e-16,6.096,0.0
29.700000000000003,-4.221623982608504e-14,0.8403209167594065,261.3435445996188,0.0,0.0,0.0,0.7071046894296862,-0.0007657097406943707,-0.7071046894296861,-0.0007657097406943707,6383178.595886793,13.90398420238696,6.03568985301604e-14,9.519293451284763e-21,2.1782226509100733e-06,5041.595901936292,0.0,-0.0021679379831020962,1.5270255999036254e-16,-2.1717406415706005e-19,-7.314155813023988e-05,-1.6229922908053752e-21,-8.94058066038524e-21,-7.314155813023988e-05,-1.603605867589693e-21,-8.94407819410699e-21,320.3761075461191,0.733126400514717,53749.13838605886,255.40559681117608,0.8158634982036387,1.5707963267948968,-0.020108371945636562,261.38317184344186,25044.023979711357,9.764732825389597,4.925811531298923e-15,1.4068884212279498,261.33986894923294,7.345057447749037e-15,0.9185734068904319,-45.67473413315826,0.0,0.0,0.0,5.132194051204751e-17,0.00641832553111303,0.3191419542680242,0.0,0.0,0.0,0.0,0.0,0.0,0.0,0.0,0.5,0.0,0.0,1.0,3.7327234438011327e-16,6.096,0.0
29.8,-4.2160666398132104e-14,0.8464160607961222,262.00580027070737,0.0,0.0,0.0,0.7071049840625221,-0.0007682882082427963,-0.707104984062522,-0.0007682882082427963,6383152.428537553,14.045090059028816,5.79104517955942e-14,9.133485529021364e-21,2.2003375633134766e-06,5015.428553006301,0.0,-0.0021752522130976965,1.334523625736869e-16,-7.257402477920013e-20,-7.314303905893325e-05,1.8640805011716062e-22,-1.211778634250504e-20,-7.314303905893325e-05,2.127666785261738e-22,-1.211735227425479e-20,320.48259414001575,0.7352038014406616,53937.309040388885,255.57541599024097,0.8176579055675844,1.5707963267948968,-0.020034324338883115,262.04512730595394,25242.359862494824,9.764813432908204,4.46840957357244e-16,1.4163367939450744,262.00231676951154,7.403237554706036e-15,0.922438147482198,-46.036523123374266,0.0,0.0,0.0,5.172846095242157e-17,0.00644532953865907,0.3216698736431776,0.0,0.0,0.0,0.0,0.0,0.0,0.0,0.0,0.5,0.0,0.0,1.0,3.7327234438011327e-16,6.096,0.0
29.900000000000002,-4.209184343299838e-14,0.8525353034880031,262.66558366657813,0.0,0.0,0.0,0.7071052209986664,-0.0007708666150736529,-0.7071052209986662,-0.0007708666150736529,6383126.195194756,14.18713982275759,5.5283553308690117e-14,8.719214021715864e-21,2.222600555084047e-06,4989.1952105214195,0.0,-0.0021825665912192883,1.877066673343837e-16,-7.269755998609668e-20,-7.314452445341456e-05,5.8237968956106e-22,-1.2770275749809031e-20,-7.314452445341456e-05,6.102500593808153e-22,-1.2768974363909831e-20,320.5893220887973,0.7372900069176946,54126.37629197459,255.74566455225832,0.8194427986345737,1.5707963267948968,-0.019960741628316778,262.7046119133677,25441.562181897232,9.76489424471137,-3.906045600615269e-15,1.4258133633684236,262.662250406394,7.461671838999892e-15,0.9263026821584371,-46.39989269786291,0.0,0.0,0.0,5.2136757399893514e-17,0.006472332107416578,0.3242088369962157,0.0,0.0,0.0,0.0,0.0,0.0,0.0,0.0,0.5,0.0,0.0,1.0,3.7327234438011327e-16,6.096,0.0
