t_s,u_b_mps,v_b_mps,w_b_mps,p_b_rps,q_b_rps,r_b_rps,q0,q1,q2,q3,x_e_m,y_e_m,z_e_m,lat_rad,long_rad,h_m,m_fuel_kg,phi_rad,theta_rad,psi_rad,phi_dot_rps,theta_dot_rps,psi_dot_rps,p_nb_rps,q_nb_rps,r_nb_rps,cs_mps,rho_kgpm3,p_kgpms2,T_K,mach,alpha_rad,beta_rad,true_airspeed_mps,qbar_kgpms2,g_mag_mps2,u_n_mps,v_n_mps,w_n_mps,Fx_b_kgmps2,Fy_b_kgmps2,Fz_b_kgmps2,l_b_kgm2ps2,m_b_kgm2ps2,n_b_kgm2ps2,n_x,n_y,n_z,dela_ach_rad,dele_ach_rad,delr_ach_rad,delt_ach_pct,dela_cmd_rad,dele_cmd_rad,delr_cmd_rad,delt_cmd_pct,dela_trim_rad,dele_trim_rad,delr_trim_rad,delt_trim_pct,W_N_mps,W_E_mps,W_D_mps
0.0,0.0,0.0,0.0,0.17453292519943295,0.3490658503988659,0.5235987755982988,0.7071067811865476,0.0,-0.7071067811865475,0.0,6387281.0,0.0,0.0,0.0,0.0,9144.0,0.0,0.0,2.220446049250313e-16,0.0,0.17453292519943306,0.3490658503988659,0.5235987755982988,0.17453292519943295,0.3490658503988659,0.5235987755982988,303.2301162993323,0.45904119204140337,30148.707841120464,228.7993742033871,0.0,0.0,0.0,0.0,0.0,9.770251206022387,0.0,0.0,0.0,0.0,0.0,0.0,0.0,0.0,0.0,0.0,0.0,-0.0,0.0,0.0,0.0,0.0,0.0,0.0,0.0,0.0,0.5,0.0,0.0,1.0,0.0,0.0,0.0
0.1,-0.03375487832974147,0.018004837492145452,0.9762726050382106,0.17453292519943295,0.3490658503988659,0.5235987755982988,0.7190676812091951,-0.012339122604428474,-0.694389436000338,0.02467824520885695,6387280.950968411,8.795195932169605e-07,-1.5181605061123653e-06,-2.376849425955767e-13,1.376985919387526e-13,9143.95096841082,0.0,0.01836924783035229,0.03443016385088524,0.052683893237810336,0.1927862140466733,0.3393891822541029,0.5302370923476158,0.17453292519800317,0.34906585039628246,0.523598775598297,303.2303268293755,0.4590439102960258,30148.928436678758,228.79969199569396,0.003222053538698744,1.6052493133122654,0.0183676216412048,0.9770243520132474,0.21979740681386858,9.770251356023913,-1.6956437116797302e-05,8.256357235732203e-06,0.9770240606970271,1.3896957248871404e-05,-7.414217838953119e-06,-0.00040063212648359903,0.0,0.0,0.0,9.710186997157092e-08,-5.180518322436334e-08,2.7993270725074506e-06,0.0,0.0,0.0,0.0,0.0,0.0,0.0,0.0,0.5,0.0,0.0,1.0,0.0,0.0,0.0
0.2,-0.1325787188858078,0.07522856198463537,1.9480834925566015,0.17453292519943295,0.3490658503988659,0.5235987755982988,0.7302633634990737,-0.024665092516901948,-0.6809331784652697,0.0493301850338039,6387280.804414984,1.720070045476404e-06,-3.2013967891216543e-06,-5.012143488547607e-13,2.692961368402929e-13,9143.804414983528,0.0,0.03855876456731186,0.06783993564191182,0.10608271132040038,0.2109970857697541,0.32862183794453514,0.5379037151788373,0.174532925197848,0.3490658503963765,0.523598775598287,303.23095609511813,0.4590520350486155,30149.587787836932,228.80064186398334,0.006444074826582506,1.6386948709090932,0.03847498515180967,1.9540429793772218,0.8770966831153952,9.7702518043724,-1.6870882515886605e-05,8.407888593219467e-06,1.9540426251002163,0.00010863643905547735,-6.164885789351162e-05,-0.0015950657773370176,0.0,0.0,0.0,7.590727373214117e-07,-4.3075755907342734e-07,1.1145164148767901e-05,0.0,0.0,0.0,0.0,0.0,0.0,0.0,0.0,0.5,0.0,0.0,1.0,0.0,0.0,0.0
0.30000000000000004,-0.29297953979528446,0.17653026866341828,2.9110238496581204,0.17453292519943295,0.3490658503988659,0.5235987755982988,0.7406817435015931,-0.036964835069783604,-0.6667520733620258,0.07392967013956724,6387280.560316407,2.5018880651392585e-06,-5.0470463649606965e-06,-7.90171390985631e-13,3.9169847660728445e-13,9143.560316407122,0.0,0.06056408872524602,0.1001190997924638,0.16029435004563963,0.22915699599092704,0.31673395769818846,0.5465034628178239,0.17453292519774052,0.349065850396453,0.5235987755982748,303.2320041966522,0.45906556759150763,30150.685999472364,228.80222395934265,0.009666034360876116,1.6711033973572103,0.06026410605513614,2.9310509718821707,1.9719298715973248,9.77025255113922,-1.6911271827013685e-05,8.271156331896012e-06,2.9310502907855773,0.0003595548178164608,-0.000216644167823858,-0.0035725110724610567,0.0,0.0,0.0,2.5123085969125526e-06,-1.5137525026091493e-06,2.4962119363091737e-05,0.0,0.0,0.0,0.0,0.0,0.0,0.0,0.0,0.5,0.0,0.0,1.0,0.0,0.0,0.0
0.4,-0.5111717109463293,0.32665456285683137,3.8606632033255286,0.17453292519943295,0.3490658503988659,0.5235987755982988,0.7503080499946339,-0.049225041310412276,-0.6518579673738092,0.09845008262082458,6387280.218205299,3.3536623122166666e-06,-6.663155951964396e-06,-1.043191424953099e-12,5.250532617627818e-13,9143.218205299228,0.0,0.08438741807979648,0.13114795864743978,0.21541121775270108,0.2472342672840861,0.30369067458850685,0.5559318657246705,0.17453292519760102,0.349065850396551,0.5235987755982521,303.23347314080695,0.45908453383584047,30152.22517436158,228.80444131105412,0.01288789896222078,1.7024114095650569,0.08366356751311048,3.908042381188533,3.50645341965341,9.770253597754337,-1.6890659487955872e-05,8.385987184370928e-06,3.9080420467712425,0.0008367890941053251,-0.0005347594653087451,-0.0063187082148876104,0.0,0.0,0.0,5.846875999855483e-06,-3.7365117512104005e-06,4.415055558439901e-05,0.0,0.0,0.0,0.0,0.0,0.0,0.0,0.0,0.5,0.0,0.0,1.0,0.0,0.0,0.0
0.5,-0.7823085115658656,0.5294818951443797,4.792793642725379,0.17453292519943295,0.3490658503988659,0.5235987755982988,0.7591356573729351,-0.061432836723885755,-0.6362699839251634,0.12286567344777154,6387279.778552265,4.1418161057380445e-06,-8.567742498824234e-06,-1.3413757962945268e-12,6.484475785550096e-13,9142.778552265218,0.0,0.11000926831011845,0.16081595008869445,0.27150558498385713,0.2651735164091554,0.28947084294521114,0.5660609200708865,0.17453292519750102,0.34906585039664734,0.5235987755982285,303.23536090691437,0.45910890769179646,30154.20319522762,228.8072908689461,0.016109638856600078,1.732576783141317,0.10858613362374447,4.885012174298619,5.478638408165386,9.770254942778177,-1.68739608107001e-05,8.279036156836709e-06,4.885011284444944,0.0016006412850504534,-0.0010833845538988662,-0.009805129834679755,0.0,0.0,0.0,1.1184121757640123e-05,-7.569906433326579e-06,6.851114421747003e-05,0.0,0.0,0.0,0.0,0.0,0.0,0.0,0.0,0.5,0.0,0.0,1.0,0.0,0.0,0.0
0.6000000000000001,-1.1013653616083228,0.7886838249420848,5.703287177204054,0.17453292519943295,0.3490658503988659,0.5235987755982988,0.767155377333052,-0.07357526514094617,-0.6200048470511595,0.14715053028189237,6387279.2413600385,4.993339520819799e-06,-1.0131902876511843e-05,-1.5862627096219556e-12,7.817631470511019e-13,9142.241360038519,0.0,0.13741200819578422,0.1890046907374574,0.3286403317297582,0.28289337073892085,0.27405294206959907,0.5767491801659475,0.17453292519737443,0.3490658503967481,0.5235987755981941,303.2376674832376,0.4591386890078374,30156.620049772635,228.8107726153022,0.019331221977813607,1.761558798447821,0.13495205826773893,5.861954662152897,7.888579461210748,9.770256586202562,-1.69164500085639e-05,8.374985184023132e-06,5.861954553915229,0.0027036314391199385,-0.0019360608740454446,-0.01400042806512571,0.0,0.0,0.0,1.8891017922199897e-05,-1.3527790859677152e-05,9.782484907885672e-05,0.0,0.0,0.0,0.0,0.0,0.0,0.0,0.0,0.5,0.0,0.0,1.0,0.0,0.0,0.0
0.7000000000000001,-1.4630562609622586,1.10778133778274,6.588028875052421,0.17453292519943295,0.3490658503988659,0.5235987755982988,0.7743545358274365,-0.0856390049590964,-0.6030765259092435,0.17127800991819286,6387278.60616237,5.793590477942416e-06,-1.2093070217756024e-05,-1.8933055787616095e-12,9.070514745745422e-13,9141.606162370183,0.0,0.16657690998311273,0.2155856586888503,0.3868688343088693,0.30028344534314305,0.2574170838078252,0.587836601501861,0.17453292519728786,0.3490658503968623,0.5235987755981594,303.24039487173945,0.45917390363226596,30159.47783567386,228.8148895720584,0.02255261674809534,1.7893158465001155,0.16268731838035352,6.8388644384391455,10.738499005320621,9.770258529454109,-1.684264146861736e-05,8.283580645344438e-06,6.838863419394852,0.004190866059081844,-0.003173276577948206,-0.01887003323251047,0.0,0.0,0.0,2.928273605866374e-05,-2.2172557930318313e-05,0.00013185012233172549,0.0,0.0,0.0,0.0,0.0,0.0,0.0,0.0,0.5,0.0,0.0,1.0,0.0,0.0,0.0
0.8,-1.8612811722208982,1.4892437358671384,7.443333893558922,0.17453292519943295,0.3490658503988659,0.5235987755982988,0.7807296016167613,-0.09761157821976475,-0.5855064451772315,0.1952231564395296,6387277.873432066,6.638391657573673e-06,-1.3621774291782142e-05,-2.1326415669644947e-12,1.0393146798113853e-12,9140.87343206598,0.0,0.19745605103469377,0.24044494916932482,0.44621658965566335,0.3172093750296787,0.23956547438320067,0.5991385373293544,0.17453292519717317,0.34906585039696547,0.523598775598114,303.2435410423038,0.4592145253532769,30162.774425754604,228.81963867478146,0.025773792244568064,1.8158217138887067,0.19170497444757517,7.815736060835518,14.026429467165716,9.770260771086635,-1.694160065938514e-05,8.369676178195581e-06,7.8157362235129,0.006093486888413464,-0.004875612010332559,-0.02436701692357562,0.0,0.0,0.0,4.257687211063764e-05,-3.4067244719889295e-05,0.00017025906222027572,0.0,0.0,0.0,0.0,0.0,0.0,0.0,0.0,0.5,0.0,0.0,1.0,0.0,0.0,0.0
0.9,-2.2898077203729486,1.9353160914865088,8.265622630129803,0.17453292519943295,0.3490658503988659,0.5235987755982988,0.786273580119252,-0.10948027093578985,-0.567313038247672,0.2189605418715798,6387277.043172847,7.455736865099207e-06,-1.5619969949201978e-05,-2.4454818295219646e-12,1.1672793922518833e-12,9140.043172846548,0.0,0.22999536555906883,0.2634616100972531,0.5066951588052115,0.33350964841257263,0.22050766747810302,0.6104527932845722,0.17453292519710406,0.34906585039709365,0.5235987755980686,303.247105978955,0.4592605539646024,30166.50980327555,228.82501989935653,0.028994717601390503,1.8410468406504956,0.22192546070266744,8.792564201298738,17.752529618550295,9.770263311089064,-1.6820667976258363e-05,8.284910139710888e-06,8.792563100275789,0.008433414341042084,-0.007127813543109868,-0.03044247768333369,0.0,0.0,0.0,5.89265900509807e-05,-4.9803997483036454e-05,0.00021270998080242213,0.0,0.0,0.0,0.0,0.0,0.0,0.0,0.0,0.5,0.0,0.0,1.0,0.0,0.0,0.0
1.0,-2.7421656954603524,2.4480543107543773,9.051362052229265,0.17453292519943295,0.3490658503988659,0.5235987755982988,0.7909767779311763,-0.12123188539292244,-0.548513007145331,0.24246377078584497,6387276.114920828,8.291378475669078e-06,-1.7126768155032938e-05,-2.681388411582902e-12,1.2981086658699236e-12,9139.114920827249,0.0,0.26413064593484953,0.28450667553655773,0.5683001077630088,0.34899452946042364,0.20026377901390638,0.6215568066639362,0.17453292519700056,0.3490658503972004,0.5235987755980124,303.2510916735041,0.45931201518347037,30170.68605527673,228.83103625239565,0.03221535989561675,1.8649561526161136,0.2532750707249182,9.769343100315995,21.919086988914827,9.770266150880909,-1.6964306064200702e-05,8.373074196247702e-06,9.769343530604996,0.011223286747054572,-0.010019708409390704,-0.0370449164845971,0.0,0.0,0.0,7.842019737483563e-05,-7.001046385177053e-05,0.00025884304018328766,0.0,0.0,0.0,0.0,0.0,0.0,0.0,0.0,0.5,0.0,0.0,1.0,0.0,0.0,0.0
1.1,-3.2113783485073113,3.0283415458789475,9.7976325851472,0.17453292519943295,0.3490658503988659,0.5235987755982988,0.794837961677954,-0.13285443605225086,-0.529129089573452,0.26570887210450184,6387275.089149709,9.1265251573095e-06,-1.9142612809509884e-05,-2.9969920729823786e-12,1.4288605125597595e-12,9138.08914970886,0.0,0.2997628947031163,0.303473272528944,0.6309934685675859,0.3634624617515019,0.17888400444212443,0.6322153652004855,0.17453292519695154,0.34906585039733695,0.5235987755979581,303.25549609199186,0.4593688827484576,30175.301050554808,228.83768466366465,0.03543568928388392,1.8875266174685987,0.28567023726236396,10.74606758060574,26.52419580171776,9.770269289013369,-1.681303096493873e-05,8.284976750982942e-06,10.746066467850747,0.01445942673741245,-0.013635508713134063,-0.044113489542205696,0.0,0.0,0.0,0.00010103199929133436,-9.527505700332303e-05,0.0003082331080688459,0.0,0.0,0.0,0.0,0.0,0.0,0.0,0.0,0.5,0.0,0.0,1.0,0.0,0.0,0.0
1.2000000000000002,-3.690383911249506,3.676831033650726,10.501639378737972,0.17453292519943295,0.3490658503988659,0.5235987755982988,0.7978532759831132,-0.14433561233627756,-0.5091820513105577,0.28867122467255524,6387273.965865524,9.953329350139655e-06,-2.0645914308241476e-05,-3.2323514567523013e-12,1.5583063139817749e-12,9136.965865523554,0.0,0.33677991373410704,0.32025139283172355,0.6947186257202638,0.37669596854629683,0.15643358424446716,0.6421846117262855,0.17453292519686017,0.34906585039744914,0.5235987755978907,303.26031920851767,0.45943115632514714,30180.354761970724,228.84496509406668,0.03865567443668029,1.9087269570126615,0.3190342251507128,11.722732168888202,31.568077440210423,9.770272725468418,-1.698325714105664e-05,8.38445146555955e-06,11.722732829053268,0.018128028021674018,-0.01806145312031049,-0.051586506311973285,0.0,0.0,0.0,0.00012666552744447268,-0.00012620035026217284,0.00036044913562640875,0.0,0.0,0.0,0.0,0.0,0.0,0.0,0.0,0.5,0.0,0.0,1.0,0.0,0.0,0.0
1.3,-4.171916646097581,4.393952570745343,11.160668210604342,0.17453292519943295,0.3490658503988659,0.5235987755982988,0.8000151872358924,-0.15566241190969715,-0.4886903634164978,0.3113248238193944,6387272.744605436,1.0804537414833201e-05,-2.266448707659271e-05,-3.5483825387671035e-12,1.6915728899247393e-12,9135.7446054363,0.0,0.3750529238278357,0.33472683483635085,0.7593988465188533,0.38846429918378067,0.1329957140433411,0.6512140527837356,0.17453292519683225,0.34906585039758864,0.5235987755978295,303.2655630103856,0.45949886157257813,30185.849271842315,228.85288054341098,0.041875282319269076,1.9285152527663294,0.35329523988758604,12.699331125033527,37.053086427374886,9.770276461662487,-1.6817663415361988e-05,8.284904203015309e-06,12.69933004940327,0.022204601418298133,-0.023386688728863948,-0.05940066714386502,0.0,0.0,0.0,0.00015514966917418168,-0.00016340923896849242,0.00041504883075729174,0.0,0.0,0.0,0.0,0.0,0.0,0.0,0.0,0.5,0.0,0.0,1.0,0.0,0.0,0.0
1.4000000000000001,-4.648552694210798,5.178919189321042,11.772763953022812,0.17453292519943295,0.3490658503988659,0.5235987755982988,0.801325702421201,-0.16682352614724885,-0.46767865012670295,0.3336470522944978,6387271.425845352,1.162554308247326e-05,-2.4185430544989878e-05,-3.786504272961332e-12,1.8201110157997804e-12,9134.42584535169,0.0,0.4144187921043412,0.3468177299376079,0.8249238034681364,0.39855573440450387,0.10868609467817687,0.6590708248228272,0.174532925196756,0.34906585039770766,0.5235987755977514,303.27122545417404,0.45957197210715023,30191.782439051138,228.86142792717956,0.04509448321743225,1.9468576125326484,0.3883738267085478,13.675859246974118,42.97737655234544,9.770280496140149,-1.699377752858074e-05,8.398196149469092e-06,13.675860029048577,0.026648069877298355,-0.02968880607597761,-0.06748718516002628,0.0,0.0,0.0,0.0001861974078123398,-0.00020744386958770295,0.0004715515605898833,0.0,0.0,0.0,0.0,0.0,0.0,0.0,0.0,0.5,0.0,0.0,1.0,0.0,0.0,0.0
1.5,-5.112831876279895,6.030715608355243,12.336111287550333,0.17453292519943295,0.3490658503988659,0.5235987755982988,0.8017832134253535,-0.17780708341262952,-0.44616904660009415,0.3556141668252592,6387270.009592322,1.2488525893506576e-05,-2.618309456106205e-05,-4.099262207757087e-12,1.9552212251480626e-12,9133.009592321701,0.0,0.45470013734771547,0.3564434264934597,0.8911656511575604,0.4067679626347454,0.08363734972609005,0.6655377916136613,0.17453292519674746,0.3490658503978446,0.5235987755976851,303.2773065096033,0.4596504875379099,30198.154231870012,228.8706071996659,0.04831324613659632,1.963706235377727,0.42419582198984923,14.65231115704243,49.34123266176034,9.770284828880383,-1.6837637311084563e-05,8.284812459069535e-06,14.652310190465096,0.031406902002977376,-0.037045241991655604,-0.0757777778892698,0.0,0.0,0.0,0.00021944867929637248,-0.0002588453145908075,0.0005294802166809592,0.0,0.0,0.0,0.0,0.0,0.0,0.0,0.0,0.5,0.0,0.0,1.0,0.0,0.0,0.0
1.6,-5.557132244657398,6.948076560126765,12.849007209240048,0.17453292519943295,0.3490658503988659,0.5235987755982988,0.8013833332013501,-0.1886004948632148,-0.4241823434749201,0.3772009897264298,6387268.49538583,1.3308488909057875e-05,-2.7739797758726032e-05,-4.3429828855030234e-12,2.083596285235165e-12,9131.495385830602,0.0,0.4957030576119347,0.3635254442738809,0.957978133930697,0.4129151079122298,0.0580003499703966,0.6704196864966216,0.17453292519669003,0.3490658503979712,0.5235987755975963,303.28380815401914,0.45973443339531694,30204.966722182115,228.880421345647,0.0515315371291984,1.9789961554023594,0.4606902975686155,15.628680889763556,56.14707558676164,9.770289461292656,-1.6997460164702716e-05,8.415758771214884e-06,15.628681705916804,0.03641804206244587,-0.045533979802645654,-0.08420385441418328,0.0,0.0,0.0,0.00025446289584390893,-0.00031815846497215835,0.0005883555353885202,0.0,0.0,0.0,0.0,0.0,0.0,0.0,0.0,0.5,0.0,0.0,1.0,0.0,0.0,0.0
1.7000000000000002,-5.974043965144178,7.928555186547202,13.310607926116223,0.17453292519943295,0.3490658503988659,0.5235987755982988,0.8001304064715884,-0.1991931357880371,-0.4017441348955138,0.39838627157607437,6387266.883702795,1.4176906123025282e-05,-2.9694457808435215e-05,-4.649008464808417e-12,2.2195575011602578e-12,9129.883702795332,0.0,0.5372110243620005,0.368025575184765,1.0251928801912635,0.41686845323294913,0.031948670634087295,0.6735772042318584,0.17453292519669725,0.3490658503981011,0.5235987755975264,303.2907283396529,0.45982378323964757,30212.217764314402,228.8908672740433,0.05474932752668006,1.9926654993221558,0.49777977155730996,16.60496349499581,63.39311918256255,9.770294391918554,-1.6876532621760514e-05,8.288936279465808e-06,16.604962760649048,0.041603802332114005,-0.05521582918788854,-0.09269571997433912,0.0,0.0,0.0,0.00029069723192132245,-0.0003858082147162282,0.0006476905402152264,0.0,0.0,0.0,0.0,0.0,0.0,0.0,0.0,0.5,0.0,0.0,1.0,0.0,0.0,0.0
1.8,-6.356168125094122,8.96948628736013,13.720218476550064,0.17453292519943295,0.3490658503988659,0.5235987755982988,0.7980259229811311,-0.20957379309284235,-0.378878336795446,0.4191475861856849,6387265.174552366,1.5003028493000103e-05,-3.131176121552619e-05,-4.902217202485348e-12,2.348897076134239e-12,9128.174552366138,0.0,0.5790003115664025,0.36991164567777063,1.092632644417261,0.4185364800758319,0.005664952497872355,0.6749135417431162,0.17453292519666433,0.34906585039823523,0.5235987755974285,303.29806702721567,0.4599185365636227,30219.907317099467,228.90194492554875,0.05796658549747529,2.004630775681219,0.5353896639467619,17.581153333552088,71.07970903374628,9.770299620730764,-1.6991275137101525e-05,8.434961156711385e-06,17.581154064906883,0.0468763060236787,-0.06614934907425175,-0.10118567466447688,0.0,0.0,0.0,0.00032753766819196864,-0.0004622037311824997,0.0007070121932665255,0.0,0.0,0.0,0.0,0.0,0.0,0.0,0.0,0.5,0.0,0.0,1.0,0.0,0.0,0.0
1.9000000000000001,-6.695994784195853,10.067935856388555,14.077285591774203,0.17453292519943295,0.3490658503988659,0.5235987755982988,0.7950679094471591,-0.21973030547230443,-0.3556072985025498,0.4394606109446091,6387263.367475404,1.5869212876825027e-05,-3.320182229493411e-05,-5.198129525232084e-12,2.4845089304278886e-12,9126.367475404715,0.0,0.6208398773726136,0.3691571783620614,1.160112715929905,0.4178684426419101,-0.020660310907486972,0.6743780582928163,0.1745329251966825,0.34906585039835486,0.523598775597356,303.3058261881387,0.460018718821339,30228.037446223385,228.91365727601257,0.061183277720964276,2.014781811532429,0.5734457828715145,18.557244680152312,79.209336195557,9.77030514913467,-1.6931958307135158e-05,8.297714871097206e-06,18.55724428778249,0.0521359520564311,-0.07839121580046926,-0.10960727625048905,0.0,0.0,0.0,0.00036428826445722586,-0.0005477410275683694,0.0007658562443427955,0.0,0.0,0.0,0.0,0.0,0.0,0.0,0.0,0.5,0.0,0.0,1.0,0.0,0.0,0.0
2.0,-6.986594660107723,11.21990310076756,14.38216168599816,0.17453292519943295,0.3490658503988659,0.5235987755982988,0.7912637058625321,-0.22965293690522193,-0.33195783205208784,0.4593058738104441,6387261.46295067,1.6710987269061443e-05,-3.490780676881836e-05,-5.465222767802086e-12,2.6162992335543275e-12,9124.46295066985,0.0,0.6624969334028834,0.36578038852904343,1.2274466215311657,0.414891408892127,-0.04683487009465137,0.6719964212429754,0.1745329251966809,0.34906585039849414,0.5235987755972519,303.314003766745,0.46012430347096306,30236.605997726554,228.92600122241768,0.06439937456383454,2.0230044087908063,0.6118673844730581,19.53323222525275,87.78026867233064,9.77031097566634,-1.6970340878922723e-05,8.447013783071297e-06,19.533232680178667,0.05727264273484422,-0.09197619788754297,-0.11789748928449795,0.0,0.0,0.0,0.0004001797377781183,-0.000642663041111462,0.0008237822473986321,0.0,0.0,0.0,0.0,0.0,0.0,0.0,0.0,0.5,0.0,0.0,1.0,0.0,0.0,0.0
2.1,-7.221096357448423,12.421186041208074,14.63535214166802,0.17453292519943295,0.3490658503988659,0.5235987755982988,0.7866172785885958,-0.23933114637050054,-0.3079549858475943,0.4786622927410013,6387259.460988702,1.756443411102422e-05,-3.6703405391105624e-05,-5.7463463971172695e-12,2.7499171152044246e-12,9122.460988702253,0.0,0.7037443537984931,0.35980558773505733,1.2944535649802555,0.40967499811947894,-0.07267231751141295,0.6678421777989927,0.1745329251967031,0.3490658503986022,0.5235987755971757,303.3225997177753,0.46023528992813,30245.612924185796,228.93897669644582,0.06761484591792524,2.029150757070279,0.6505728559345768,20.50911084334189,96.79291859598337,9.770317100294326,-1.700622217803982e-05,8.313094724154979e-06,20.509110933524234,0.062166958231952396,-0.1069349189640152,-0.12599684040533723,0.0,0.0,0.0,0.0004343776689143488,-0.0007471837475435529,0.00088037464567011,0.0,0.0,0.0,0.0,0.0,0.0,0.0,0.0,0.5,0.0,0.0,1.0,0.0,0.0,0.0
2.2,-7.392571365301313,13.667303679266212,14.837528733935414,0.17453292519943295,0.3490658503988659,0.5235987755982988,0.7811295899297721,-0.24875339679429123,-0.28362279634118925,0.4975067935885827,6387257.361132333,1.8432319997558185e-05,-3.8523369022366664e-05,-6.031284923558991e-12,2.885795726789803e-12,9120.361132333055,0.0,0.7443604201808127,0.35126326088462245,1.3609595124432028,0.4023284878281427,-0.0979933220236716,0.6620338808585489,0.17453292519673905,0.3490658503987428,0.5235987755970699,303.33161600420453,0.46035170353775323,30255.06028242659,228.95258666118156,0.07082965588306935,2.0330305706920804,0.6894763923557654,21.484874075011113,106.24983957598415,9.77032352441812,-1.6936390631864622e-05,8.45320704723207e-06,21.484874088368166,0.0666882025425576,-0.12329374482366648,-0.13384884867071833,0.0,0.0,0.0,0.00046596884886086147,-0.0008614873719315773,0.0009352387912486434,0.0,0.0,0.0,0.0,0.0,0.0,0.0,0.0,0.5,0.0,0.0,1.0,0.0,0.0,0.0
2.3000000000000003,-7.495021770840945,14.952898735004764,14.99025872149834,0.17453292519943295,0.3490658503988659,0.5235987755982988,0.7748105192300779,-0.2579108735883328,-0.2589887720534119,0.5158217471766658,6387255.163861733,1.926360890370309e-05,-4.0206054732448196e-05,-6.2947312581414946e-12,3.015944785402538e-12,9118.163861732619,0.0,0.7841436012866564,0.34022539809304686,1.4268102492086503,0.39302323229342917,-0.12263886644117945,0.6547508028122804,0.1745329251967602,0.349065850398841,0.5235987755969873,303.34105056429473,0.4604735176797432,30264.9459121386,228.9668280044589,0.0740437777284568,2.034438189974657,0.7284838579758928,22.460517422993057,116.14936268283306,9.770330246569587,-1.7089627121436024e-05,8.34216489649838e-06,22.46051809861231,0.070701333615535,-0.1410538178365835,-0.14140469004341122,0.0,0.0,0.0,0.0004940097015920427,-0.0009855818963301413,0.0009880335371313528,0.0,0.0,0.0,0.0,0.0,0.0,0.0,0.0,0.5,0.0,0.0,1.0,0.0,0.0,0.0
2.4000000000000004,-7.522546813892117,16.272434235277697,15.095261011305164,0.17453292519943295,0.3490658503988659,0.5235987755982988,0.7676667258620511,-0.2667938438673129,-0.23407903812742484,0.5335876877346262,6387252.869189087,2.016777467994592e-05,-4.215956685621263e-05,-6.600578953055466e-12,3.1575037176360266e-12,9115.869189087301,0.0,0.8229079746042313,0.3267665303473043,1.4918687415063516,0.38195118897936814,-0.1464672468155921,0.6461983654282476,0.17453292519683786,0.3490658503989762,0.5235987755968866,303.35090334572067,0.46060073167850235,30275.269758494793,228.9817006472934,0.0772571785169089,2.033113697884079,0.7674939451730296,23.436034893045917,126.49195350268636,9.770337266712364,-1.6887924758179903e-05,8.449690952705423e-06,23.43603427699642,0.07406335612994651,-0.1602105140300148,-0.14862063604444922,0.0,0.0,0.0,0.0005175010793943592,-0.0011194350117673727,0.00103845334038516,0.0,0.0,0.0,0.0,0.0,0.0,0.0,0.0,0.5,0.0,0.0,1.0,0.0,0.0,0.0
2.5,-7.469250860136995,17.620096409825816,15.154440088509551,0.17453292519943295,0.3490658503988659,0.5235987755982988,0.7597019847545714,-0.2753915016120337,-0.2089189815305036,0.5507830032240676,6387250.4766591415,2.0967908623710225e-05,-4.3714561982389723e-05,-6.844034400044748e-12,3.2827753821816132e-12,9113.476659141481,0.0,0.8604814619014011,0.3109636000976833,1.556014878686727,0.36931840428323603,-0.1693532483554139,0.6366020370655662,0.17453292519685443,0.34906585039906735,0.5235987755967937,303.3611763032422,0.46073337077287585,30286.033869712854,228.99720754036932,0.08046982500777651,2.028728024074227,0.8063931584782065,24.411420879104405,137.28024373189172,9.770344586240226,-1.717751832271593e-05,8.382632016375643e-06,24.411422197760405,0.0766211725217558,-0.1807528155569363,-0.15545779472720161,0.0,0.0,0.0,0.0005353732473978111,-0.0012629697335098556,0.0010862264522612534,0.0,0.0,0.0,0.0,0.0,0.0,0.0,0.0,0.5,0.0,0.0,1.0,0.0,0.0,0.0
2.6,-7.330471266717127,18.989447912078735,15.170528407418553,0.17453292519943295,0.3490658503988659,0.5235987755982988,0.7509285866048211,-0.2836960057383564,-0.1835365751281079,0.567392011476713,6387247.986753378,2.1915007594115918e-05,-4.580574114907435e-05,-7.1714361564148064e-12,3.4310563236143457e-12,9110.986753377752,0.0,0.8967253233588266,0.29292672894294214,1.619161120854712,0.3553551307715496,-0.19120355359308458,0.6262103249316279,0.1745329251969736,0.349065850399189,0.523598775596706,303.3718673694869,0.4608714082700254,30297.23607957864,229.0133455630154,0.08368168750865984,2.0209175281979013,0.8450544463940063,25.386669916066722,148.51260845973184,9.77035220368113,-1.6834745641366073e-05,8.43312728967168e-06,25.386668561228877,0.07822504337265246,-0.20264294588553033,-0.16188847896017117,0.0,0.0,0.0,0.0005465799350220108,-0.001415922106519458,0.001131159415141941,0.0,0.0,0.0,0.0,0.0,0.0,0.0,0.0,0.5,0.0,0.0,1.0,0.0,0.0,0.0
2.7,-7.101681615311944,20.37390237854816,15.146402563820134,0.17453292519943295,0.3490658503988659,0.5235987755982988,0.7413560055573966,-0.29169859841877566,-0.15795880871984475,0.5833971968375516,6387245.399485876,2.2679730949666508e-05,-4.7236656408017215e-05,-7.395466034829255e-12,3.550784341477165e-12,9108.399485875852,0.0,0.9315179567293029,0.2727632187034595,1.6812403793564008,0.34028230714093544,-0.21194345908521614,0.6152686189681885,0.17453292519698663,0.3490658503992775,0.5235987755965982,303.3829764839998,0.46101484338938653,30308.876324746725,229.0301146239756,0.08689273663252356,2.009230606958856,0.8833321814529758,26.361777074415283,160.18958612206043,9.770360118993047,-1.7259886121223644e-05,8.434949146263193e-06,26.36177902058235,0.07871917232732774,-0.2258361919322171,-0.1678915414892285,0.0,0.0,0.0,0.0005500325501986146,-0.001577979708159337,0.0011731044673349363,0.0,0.0,0.0,0.0,0.0,0.0,0.0,0.0,0.5,0.0,0.0,1.0,0.0,0.0,0.0
2.8000000000000003,-6.778419783993672,21.7666042028963,15.085139338184575,0.17453292519943295,0.3490658503988659,0.5235987755982988,0.7309904549853709,-0.299389189954026,-0.13221207507731825,0.5987783799080524,6387242.714402925,2.366944707100806e-05,-4.944655752932087e-05,-7.741455858676602e-12,3.7057378481879085e-12,9105.714402925223,0.0,0.9647515395477514,0.25057728621115777,1.7422044354035653,0.32430744057452315,-0.23151405055389374,0.6040162189932182,0.1745329251971416,0.34906585039937865,0.5235987755965293,303.3945055949067,0.46116370128414835,30320.956646483464,229.04751766392002,0.09010293498099733,1.9931039385119473,0.9210532717259986,27.33673553185641,172.31386469700857,9.77036833356516,-1.6788712708049047e-05,8.414753242943126e-06,27.336733483793097,0.07793942888146575,-0.2502795685902256,-0.1734525050419851,0.0,0.0,0.0,0.0005445842678634707,-0.0017487723168870372,0.0012119604521484658,0.0,0.0,0.0,0.0,0.0,0.0,0.0,0.0,0.5,0.0,0.0,1.0,0.0,0.0,0.0
2.9000000000000004,-6.357702019519767,23.160385279048516,14.99051804718469,0.17453292519943295,0.3490658503988659,0.5235987755982988,0.7198470019387035,-0.3067611523063175,-0.10632469732606803,0.6135223046126353,6387239.931987842,2.4406578517030413e-05,-5.079513706459427e-05,-7.95259573897824e-12,3.821146344602138e-12,9102.931987841925,0.0,0.9963535088946215,0.2264971713179913,1.8020391485691394,0.3076298733976826,-0.2498873662653908,0.5926830907763341,0.1745329251971596,0.34906585039946697,0.523598775596406,303.40645262696285,0.461317955159827,30333.474870325874,229.06555155029406,0.09331225697315837,1.9719157151803377,0.9580193002477497,28.311540999581986,184.88388558385307,9.77037684591993,-1.7308855722338496e-05,8.495126000281536e-06,28.3115433210899,0.0757338824022818,-0.2758940258649995,-0.17857057678562752,0.0,0.0,0.0,0.0005291735068168129,-0.0019277475886062794,0.001247721829841176,0.0,0.0,0.0,0.0,0.0,0.0,0.0,0.0,0.5,0.0,0.0,1.0,0.0,0.0,0.0
3.0,-5.836709249518765,24.547956865323258,14.866452632681051,0.17453292519943295,0.3490658503988659,0.5235987755982988,0.7079372293490903,-0.3138065769126116,-0.08032407552386668,0.6276131538252235,6387237.052255943,2.542302634375237e-05,-5.305854797961056e-05,-8.30696395726702e-12,3.9802853934743305e-12,9100.052255943418,0.0,1.0262626165238753,0.2006429877171524,1.860747186183992,0.29042150152186413,-0.2670472784093458,0.5814796289964488,0.1745329251973362,0.3490658503995435,0.5235987755963567,303.4188175143986,0.4614776041672401,30346.43092735992,229.08421618381948,0.09652066962724692,1.9449153172127653,0.9939914379466238,29.28618744399719,197.9002345947904,9.770385656011653,-1.677072917516398e-05,8.408958202643646e-06,29.286184994942097,0.07194676251597389,-0.3025927705731445,-0.18325276989027092,0.0,0.0,0.0,0.0005027118565302449,-0.002114299075426533,0.001280437603365326,0.0,0.0,0.0,0.0,0.0,0.0,0.0,0.0,0.5,0.0,0.0,1.0,0.0,0.0,0.0
3.1,-5.212749471886684,25.921785227822014,14.7170618964318,0.17453292519943295,0.3490658503988659,0.5235987755982988,0.6952704590664622,-0.3205164395548343,-0.054237579956793194,0.641032879109669,6387234.074755854,2.615139802608551e-05,-5.4394110340137805e-05,-8.516066533124434e-12,4.094322788466204e-12,9097.074755853973,0.0,1.0544249205516982,0.17312868963726216,1.9183459286742726,0.27282805576542174,-0.28298621327105006,0.5705990503366933,0.17453292519737076,0.34906585039962984,0.5235987755962228,303.4315935114842,0.4616434245591018,30359.906530362743,229.10351478786822,0.09972814128945631,1.9112029356760436,1.0286751372063612,30.26066896273219,211.36602558522756,9.770394765222518,-1.7320346145173932e-05,8.552605451110177e-06,30.260671327835915,0.06641648581224532,-0.3302799528489235,-0.18751479781212252,0.0,0.0,0.0,0.00046407028918744625,-0.0023077570479219304,0.0013102175669696932,0.0,0.0,0.0,0.0,0.0,0.0,0.0,0.0,0.5,0.0,0.0,1.0,0.0,0.0,0.0
3.2,-4.48477322101102,27.274365477676785,14.546994493839202,0.17453292519943295,0.3490658503988659,0.5235987755982988,0.6818635767865792,-0.32688510189484316,-0.028093372996892366,0.6537702037896866,6387230.999971885,2.7158099716112578e-05,-5.659516725433671e-05,-8.860673311578299e-12,4.251936358233706e-12,9093.999971884923,0.0,1.0808166864494544,0.14408335144235482,1.9748816638512035,0.25497179619732063,-0.2977199557692551,0.5602106287795089,0.17453292519754543,0.3490658503996832,0.5235987755961845,303.44478677861036,0.4618146766599557,30373.82389175947,229.12344394082564,0.10293464125738197,1.8698423899047623,1.0617286276894273,31.234980405891054,225.27945949925464,9.770404172072038,-1.6852032427886836e-05,8.42511266766858e-06,31.23497840319961,0.059002659594987086,-0.3588356021944273,-0.19138656615470517,0.0,0.0,0.0,0.00041226784233178675,-0.0025072832391625395,0.0013372706793473713,0.0,0.0,0.0,0.0,0.0,0.0,0.0,0.0,0.5,0.0,0.0,1.0,0.0,0.0,0.0
3.3000000000000003,-3.6519198144246334,28.598109442828807,14.361016759859936,0.17453292519943295,0.3490658503988659,0.5235987755982988,0.6677310220293579,-0.33290589019610506,-0.0019192416371473335,0.6658117803922105,6387227.827921441,2.7919314275137718e-05,-5.80440694089332e-05,-9.08752137432714e-12,4.3711160815479074e-12,9090.827921440825,0.0,1.105416537147741,0.11362638552836582,2.0304110147113335,0.23694567385343576,-0.3112671008277246,0.5504641576506811,0.1745329251976169,0.3490658503997606,0.5235987755960553,303.4583973962238,0.4619913460806482,30388.181509349382,229.14400352456403,0.10614013899831538,1.8198122625868682,1.0927353718309547,32.20911647984122,239.6411906935736,9.77041387650825,-1.728170468950907e-05,8.596500022939324e-06,32.209118409327026,0.04956368805707607,-0.3881322283824043,-0.1949070601322287,0.0,0.0,0.0,0.0003463151470384319,-0.0027119868397972534,0.0013618693409334496,0.0,0.0,0.0,0.0,0.0,0.0,0.0,0.0,0.5,0.0,0.0,1.0,0.0,0.0,0.0
3.4000000000000004,-2.7135139945901123,29.885212058018578,14.164100528428923,0.17453292519943295,0.3490658503988659,0.5235987755982988,0.6528842661660433,-0.33857061145396716,0.024256956741891312,0.6771412229079347,6387224.558154683,2.888156251992579e-05,-6.008902369665409e-05,-9.40768923203429e-12,4.521770333573278e-12,9087.558154682629,0.0,1.128202369919539,0.0818691104726619,2.085000583648723,0.21881593042302655,-0.3236468763795498,0.541494883267667,0.17453292519777058,0.34906585039979715,0.5235987755960153,303.4724272944916,0.4621734578752587,30402.981419234075,229.16519645470655,0.10934459764112835,1.7600742257789233,1.1211851998577826,33.18307060375557,254.45405544514222,9.77042387990878,-1.7011221454884175e-05,8.453346405682776e-06,33.183069654393485,0.03795493539048194,-0.4180318865415271,-0.1981252064459759,0.0,0.0,0.0,0.00026520159305845587,-0.0029209039909957536,0.0013843554160728366,0.0,0.0,0.0,0.0,0.0,0.0,0.0,0.0,0.5,0.0,0.0,1.0,0.0,0.0,0.0
3.5,-1.6705980780679408,31.128262183495956,13.961529273686754,0.17453292519943295,0.3490658503988659,0.5235987755982988,0.6373426831270692,-0.3438749840419697,0.05040728495687041,0.6877499680839397,6387221.191157672,2.9715546342273396e-05,-6.175448597104042e-05,-9.66844330690392e-12,4.652343398621491e-12,9084.191157671312,0.0,1.1491748015595613,0.04893276979182276,2.1387381573593656,0.20062469832057023,-0.33489331838957187,0.5334139107428275,0.17453292519789176,0.34906585039985416,0.5235987755959111,303.48687438782576,0.4623609849723038,30418.221421361028,229.1870195808582,0.1125479905670934,1.6898816325213852,1.1465110001507253,34.156838025964085,269.7165941569599,9.770434180787893,-1.7183359058610865e-05,8.607727421209669e-06,34.15683888174953,0.024062141390434433,-0.4483787648790119,-0.20110413079261438,0.0,0.0,0.0,0.00016812881285371072,-0.0031329459928238043,0.0014051699814041022,0.0,0.0,0.0,0.0,0.0,0.0,0.0,0.0,0.5,0.0,0.0,1.0,0.0,0.0,0.0
3.6,-0.5244194501432303,32.31980003650543,13.758686401029081,0.17453292519943295,0.3490658503988659,0.5235987755982988,0.6211226863548363,-0.34881334809311165,0.07650400983138737,0.6976266961862236,6387217.726949237,3.060018703910061e-05,-6.356399526541351e-05,-9.951750195898511e-12,4.7908476502986455e-12,9080.726949237287,0.0,1.168328800556994,0.014928827095073878,2.191717431448458,0.1823899966536796,-0.34503624811754285,0.5263215431442061,0.17453292519801605,0.34906585039988464,0.5235987755958517,303.5017385954289,0.46255392632301146,30433.90143049833,229.20947278097017,0.11575028698502511,1.6088934022298598,1.1680673945078164,35.13041334287497,285.4295254808846,9.770444779089388,-1.721136263377332e-05,8.504347674964663e-06,35.13041383696356,0.00777238225633698,-0.4790093888841929,-0.2039164833124629,0.0,0.0,0.0,5.430777671029174e-05,-0.003346970603825663,0.0014248206634783188,0.0,0.0,0.0,0.0,0.0,0.0,0.0,0.0,0.5,0.0,0.0,1.0,0.0,0.0,0.0
3.7,0.7235355919746079,33.45218853270084,13.561152168193214,0.17453292519943295,0.3490658503988659,0.5235987755982988,0.6042384088315228,-0.35337866056005834,0.10251891228859425,0.706757321120117,6387214.165081649,3.153314565433416e-05,-6.55005769406619e-05,-1.02549523551947e-11,4.936916915803787e-12,9077.165081649087,0.0,1.1856512406031163,-0.0200382794167177,2.2440388284914783,0.1641080886933015,-0.3541000319971059,0.5203126342601598,0.1745329251981841,0.3490658503999093,0.5235987755957916,303.5170218384249,0.462752306864078,30450.023473208086,229.23255895700527,0.11895144892873674,1.5174905563990204,1.1851513062124497,36.10378968096112,301.59575220339394,9.770455676184577,-1.705206075956293e-05,8.585567355427296e-06,36.10378904818292,-0.011027051549191083,-0.5097496255168708,-0.20664608252055064,0.0,0.0,0.0,-7.704904796957041e-05,-0.0035617611084624978,0.0014438931253584013,0.0,0.0,0.0,0.0,0.0,0.0,0.0,0.0,0.5,0.0,0.0,1.0,0.0,0.0,0.0
3.8000000000000003,2.070086025684899,34.51854752721977,13.374569008012363,0.17453292519943295,0.3490658503988659,0.5235987755982988,0.5867110628244452,-0.35756786038062766,0.12842465793681054,0.7151357207612556,6387210.506042315,3.233020409381642e-05,-6.706532985130513e-05,-1.049994043412353e-11,5.061709499710477e-12,9073.506042315004,0.0,1.201145167646938,-0.055857778406501836,2.2958176234984506,0.1457557995868435,-0.362117290684039,0.5154635586152442,0.17453292519828822,0.349065850399941,0.5235987755957012,303.53272202544474,0.46295609944898025,30466.585343339415,229.25627494983607,0.12215145163374531,1.417237872474419,1.197134751191954,37.0769627765437,318.2138706845758,9.770466870583709,-1.7385728771894076e-05,8.580130227050139e-06,37.07696461612389,-0.032410599100145175,-0.5404149184399942,-0.209388586355867,0.0,0.0,0.0,-0.00022646178750953513,-0.0037760279607479573,0.0014630557554251413,0.0,0.0,0.0,0.0,0.0,0.0,0.0,0.0,0.5,0.0,0.0,1.0,0.0,0.0,0.0
3.9000000000000004,3.5118369084526493,35.511982202813314,13.204659506675334,0.17453292519943295,0.3490658503988659,0.5235987755982988,0.5685591593109043,-0.3613764552953633,0.1541937512798227,0.7227529105907269,6387206.749851715,3.335987919710094e-05,-6.924719967301752e-05,-1.0841546607932358e-11,5.2229214590361305e-12,9069.74985171482,0.0,1.2148016494464204,-0.09242656133827157,2.347173285140449,0.12729168222697404,-0.3691118568504271,0.5118503862367001,0.17453292519848357,0.34906585039992793,0.5235987755956951,303.5488390686139,0.4631653029370835,30483.586948194905,229.28062062672325,0.12535026217056627,1.310859059574686,1.2034944265263905,38.04992655882178,335.28464746785096,9.770478362225658,-1.692387715479526e-05,8.540758113184664e-06,38.04992438157267,-0.056448695327776806,-0.5708138265268392,-0.2122495494039819,0.0,0.0,0.0,-0.0003944225901844629,-0.003988433508772959,0.0014830460926562705,0.0,0.0,0.0,0.0,0.0,0.0,0.0,0.0,0.5,0.0,0.0,1.0,0.0,0.0,0.0
4.0,5.0451085231674115,36.42546989078042,13.057325341576878,0.17453292519943295,0.3490658503988659,0.5235987755982988,0.54979926928927,-0.36479860716630386,0.1797979450433382,0.7295972143326082,6387202.8960642135,3.40855965169395e-05,-7.062618734510739e-05,-1.1057451672947361e-11,5.33654513145995e-12,9065.896064213477,0.0,1.2265977791971059,-0.129646327927638,2.3982318596504193,0.10865642250027828,-0.37509804885537623,0.5095535634731369,0.17453292519858546,0.34906585039995985,0.5235987755955744,303.565374880061,0.46337994214832334,30501.030304847693,229.3055988760418,0.12854784467847605,1.2020959885913092,1.2038960883236434,39.02267483122343,352.8110683525144,9.77049015247547,-1.748959099442023e-05,8.662689614524766e-06,39.02267749324045,-0.08320809306915501,-0.6007447960303327,-0.2153465288480019,0.0,0.0,0.0,-0.0005813978764624626,-0.004197569440963245,0.0015046855414861415,0.0,0.0,0.0,0.0,0.0,0.0,0.0,0.0,0.5,0.0,0.0,1.0,0.0,0.0,0.0
4.1000000000000005,6.664648891145701,37.253083274847,12.938264096633258,0.17453292519943295,0.3490658503988659,0.5235987755982988,0.5304541437250438,-0.3678324303413701,0.20521071695769683,0.7356648606827405,6387198.94516844,3.5158843005387716e-05,-7.289997418261956e-05,-1.1413449747187843e-11,5.5045792856784e-12,9061.945168440541,0.0,1.236521824082621,-0.16741414830943396,2.449129739426291,0.08977661020851274,-0.38009390034481816,0.5086413255837637,0.17453292519878097,0.34906585039991783,0.5235987755956059,303.5823273631768,0.4635999898681569,30518.913201619063,229.33120653074872,0.13174417198441704,1.0951480532708422,1.1983478252023159,39.99520252297317,370.791761922561,9.770502239839749,-1.6898959046921885e-05,8.530388144597131e-06,39.995199831917546,-0.11271115939784464,-0.6300050234993106,-0.21880477696411532,0.0,0.0,0.0,-0.0007875439312503701,-0.0044020187137176845,0.001528849274085056,0.0,0.0,0.0,0.0,0.0,0.0,0.0,0.0,0.5,0.0,0.0,1.0,0.0,0.0,0.0
4.2,8.36499244880606,37.98891715626694,12.853228789377889,0.17453292519943295,0.3490658503988659,0.5235987755982988,0.5105444727354972,-0.37047479868380023,0.2304051246321038,0.7409495973676008,6387194.897186774,3.588035454729043e-05,-7.427680934612109e-05,-1.1629018769857196e-11,5.617544966898357e-12,9057.89718677383,0.0,1.2445450908889626,-0.20563170011401685,2.500008708240619,0.07056351584239957,-0.38410557296192216,0.5091907232285874,0.17453292519890068,0.3490658503999361,0.5235987755954822,303.5996964219426,0.463825444850237,30537.235537220542,229.35744344580257,0.1349392139375236,0.9938528467556954,1.1871177765618612,40.96750438684773,389.2275673070456,9.770514624251682,-1.748643664800653e-05,8.727682477172038e-06,40.967506943072536,-0.14497374613951045,-0.6583862048451234,-0.2227594034290227,0.0,0.0,0.0,-0.0010129715156224942,-0.004600325848965186,0.0015564813389971615,0.0,0.0,0.0,0.0,0.0,0.0,0.0,0.0,0.5,0.0,0.0,1.0,0.0,0.0,0.0
4.3,10.140349712607017,38.62698977641598,12.808130299915634,0.17453292519943295,0.3490658503988659,0.5235987755982988,0.490088716845648,-0.37272091179896394,0.2553531067522804,0.7454418235979282,6387190.751675368,3.691202594201599e-05,-7.642639637838986e-05,-1.1965572871069273e-11,5.779070545774301e-12,9053.751675368287,0.0,1.2506198226736533,-0.24420203173897503,2.5510199266061697,0.050911693359212154,-0.38712648155211943,0.5112916623094345,0.1745329251990708,0.34906585039988486,0.5235987755955125,303.6174839608066,0.46405633181480394,30555.999320623203,229.38431249797648,0.13813293171680546,0.9011485669729012,1.1706818229260265,41.93957336394286,408.12152654800497,9.770527307070989,-1.7060325452789012e-05,8.566839366489868e-06,41.939571757331045,-0.18000446134089124,-0.6856710609088584,-0.22735794540805157,0.0,0.0,0.0,-0.001257740776373574,-0.004790972657345414,0.0015886126190543652,0.0,0.0,0.0,0.0,0.0,0.0,0.0,0.0,0.5,0.0,0.0,1.0,0.0,0.0,0.0
4.4,11.9835824341799,39.162716387696975,12.808399972450529,0.17453292519943295,0.3490658503988659,0.5235987755982988,0.4691114137486525,-0.37457034221166,0.280029270674668,0.7491406844233204,6387186.509124447,3.7723685024755214e-05,-7.803254630694127e-05,-1.221704520462685e-11,5.9061505364550214e-12,9049.50912444666,0.0,1.254705856098715,-0.2830242840891421,2.6023217758092114,0.030706041624618572,-0.3891504196725506,0.5150262532329686,0.1745329251992204,0.3490658503998681,0.5235987755954333,303.63568642220616,0.4642927499270635,30575.215766268928,229.41181055988102,0.14132530111676567,0.8186737019576336,1.1497031821773716,42.91140500125409,427.47244021900224,9.770540286799495,-1.7360474761159612e-05,8.741816894660321e-06,42.91140624422925,-0.21776399851098888,-0.711651859203106,-0.23274980345477353,0.0,0.0,0.0,-0.001521577068219063,-0.004972507654722667,0.0016262870170957408,0.0,0.0,0.0,0.0,0.0,0.0,0.0,0.0,0.5,0.0,0.0,1.0,0.0,0.0,0.0
4.5,13.887343275623595,39.59156508955144,12.859502511064996,0.17453292519943295,0.3490658503988659,0.5235987755982988,0.44763474522916247,-0.3760210814686858,0.30440741770820956,0.7520421629373719,6387182.169557906,3.864241645489793e-05,-7.989364787531533e-05,-1.2508434197492951e-11,6.0499944152325e-12,9045.169557905756,0.0,1.256741614650834,-0.32199807177756196,2.654081946620283,0.00981663150705342,-0.39015637191637503,0.5204921791738674,0.17453292519936084,0.34906585039982513,0.5235987755954233,303.6542937567705,0.4645355629588766,30594.976656185878,229.43993781851478,0.144516295610975,0.746988577964882,1.124860598739501,43.88299368009529,447.2820465471395,9.77055356336586,-1.733233779965815e-05,8.639984159231062e-06,43.882994102972035,-0.25820468310295164,-0.7361182995628421,-0.2390942388930074,0.0,0.0,0.0,-0.0018041472759621276,-0.00514346141589015,0.0016706173358794763,0.0,0.0,0.0,0.0,0.0,0.0,0.0,0.0,0.5,0.0,0.0,1.0,0.0,0.0,0.0
4.6000000000000005,15.843935169137094,39.90898596131836,12.967029976677596,0.17453292519943295,0.3490658503988659,0.5235987755982988,0.4256793422304158,-0.377069673341475,0.32846000445253465,0.7541393466829504,6387177.732534079,3.9600067979678805e-05,-8.18488397225208e-05,-1.2814554902938572e-11,6.1999320577454945e-12,9040.732534078881,0.0,1.2566413111097225,-0.36102014849391384,2.7064822066987273,-0.011903932116218542,-0.39010684498329,0.5278061694094044,0.17453292519952862,0.3490658503997622,0.5235987755954233,303.6733189718556,0.4647838290466241,30615.181332983728,229.46869675458973,0.1477058709617336,0.6858877088781798,1.096794306103397,44.85433226291962,467.5526141308735,9.770567138123283,-1.716885290707163e-05,8.700947228490462e-06,44.854331428398,-0.30126734754045553,-0.758850184014387,-0.24656191540927339,0.0,0.0,0.0,-0.002105037979441803,-0.005302295356924396,0.0017227960496141754,0.0,0.0,0.0,0.0,0.0,0.0,0.0,0.0,0.5,0.0,0.0,1.0,0.0,0.0,0.0
4.7,17.844624634015705,40.11206687679298,13.135830423845846,0.17453292519943295,0.3490658503988659,0.5235987755982988,0.4032709214904474,-0.3777169434241826,0.3521629653579181,0.7554338868483655,6387173.198544495,4.039011538134794e-05,-8.339936806178417e-05,-1.3057320581796854e-11,6.323629268758397e-12,9036.198544494808,0.0,1.2543246386324949,-0.3999829778326705,2.759709521370319,-0.034607165117049546,-0.3889618649001843,0.5370775285339753,0.174532925199659,0.34906585039972776,0.5235987755953598,303.69275995986834,0.4650375206876534,30635.827558409917,229.4980841822215,0.15089400348107812,0.6345720278267991,1.0661096455530363,45.82541657889471,488.28288116296045,9.770581009569694,-1.755994316354759e-05,8.741196039589266e-06,45.82541881314502,-0.34684464768862444,-0.7796493359134139,-0.2553184237695846,0.0,0.0,0.0,-0.0024234991356061985,-0.005447624762998685,0.0017839801866148819,0.0,0.0,0.0,0.0,0.0,0.0,0.0,0.0,0.5,0.0,0.0,1.0,0.0,0.0,0.0
4.800000000000001,19.880480483660993,40.19797665070384,13.370762667046519,0.17453292519943295,0.3490658503988659,0.5235987755982988,0.3804331959019782,-0.377962154061904,0.37549111222183007,0.7559243081238083,6387168.56761475,4.1476365517693675e-05,-8.564421012077752e-05,-1.3408791268642036e-11,6.493701407536639e-12,9031.567614750005,0.0,1.2496854722814927,-0.4387744515921712,2.8139653216296643,-0.05845832011224746,-0.38666277789917447,0.5484336443906559,0.1745329251998166,0.34906585039962806,0.523598775595437,303.7126166110554,0.4652966364497577,30656.91521590695,229.5280999355045,0.15408066028614026,0.5920696680371191,1.0333134948968064,46.796240504662784,509.47378946801945,9.770595177628666,-1.7005531114833158e-05,8.638871467070429e-06,46.79623776321123,-0.39481849005961805,-0.7983159389797629,-0.2655380654148398,0.0,0.0,0.0,-0.0027587055927119917,-0.005578053462698884,0.001855387639082523,0.0,0.0,0.0,0.0,0.0,0.0,0.0,0.0,0.5,0.0,0.0,1.0,0.0,0.0,0.0
4.9,21.94220923958262,40.163927290299725,13.676776172852483,0.17453292519943295,0.3490658503988659,0.5235987755982988,0.3571886596583398,-0.3778031860414662,0.39841771242459295,0.7556063720829327,6387163.839305334,4.21864641519603e-05,-8.701220874947005e-05,-1.3622980550264853e-11,6.604882106621979e-12,9026.839305333793,0.0,1.242588405393548,-0.47727415152543995,2.8694711143139218,-0.08363805516396339,-0.3831294591814291,0.5620214526188353,0.17453292519995636,0.34906585039958715,0.5235987755953408,303.7328908099649,0.4655612009250064,30678.44630685493,229.55874686316346,0.1572658038585322,0.5573898233133119,0.9988267388134503,47.76679744029556,531.128540967358,9.770609643646953,-1.7645173054544234e-05,8.831509197430403e-06,47.76680034386269,-0.445057109762185,-0.8146456678802145,-0.2774068113682836,0.0,0.0,0.0,-0.0031097366731527142,-0.005692153778614544,0.0019383178378057366,0.0,0.0,0.0,0.0,0.0,0.0,0.0,0.0,0.5,0.0,0.0,1.0,0.0,0.0,0.0
5.0,24.01986863416987,40.008933594489925,14.057837354276206,0.17453292519943295,0.3490658503988659,0.5235987755982988,0.33356393112288335,-0.37724205592171317,0.4209201807205433,0.7544841118434267,6387159.014109018,4.328089579319209e-05,-8.925725913741692e-05,-1.3974485204362236e-11,6.776235834938057e-12,9022.014109018259,0.0,1.2329038619978223,-0.5153558593514358,2.9264504491991428,-0.11031820050608054,-0.37827688060815157,0.5779712684512239,0.1745329252000886,0.3490658503994771,0.523598775595439,303.7535804436727,0.465831186541179,30700.418587339667,229.59002177125544,0.1604494085769132,0.5295155420080931,0.963014380422515,48.737082548067804,553.2459003182514,9.770624406118769,-1.707266399186835e-05,8.657214818796888e-06,48.73708012004188,-0.49738299216522847,-0.8284659394726158,-0.2910966423699099,0.0,0.0,0.0,-0.0034753520332820452,-0.0057887198247715994,0.002033972459608697,0.0,0.0,0.0,0.0,0.0,0.0,0.0,0.0,0.5,0.0,0.0,1.0,0.0,0.0,0.0
5.1000000000000005,26.10333950771505,39.73211662020906,14.517899485361704,0.17453292519943295,0.3490658503988659,0.5235987755982988,0.30958417570107694,-0.37627944066402585,0.44297470562697505,0.752558881328052,6387154.092053239,4.404804900777064e-05,-9.076263106099819e-05,-1.4210183401387343e-11,6.89634982543701e-12,9017.092053239234,0.0,1.2204734789242173,-0.5528829986481938,2.98514573460562,-0.13867409809845402,-0.3719966409700524,0.5964224880658523,0.17453292520023575,0.3490658503994064,0.523598775595376,303.77468539453855,0.4661065917631506,30722.831932427845,229.62192448195287,0.16363144373004737,0.5075680609381265,0.9261709475725582,49.70709033974928,575.8268785889101,9.770639464962187,-1.7551567563778292e-05,8.86826447832334e-06,49.70709227842042,-0.5516065164980778,-0.8396050028576346,-0.3067871051373609,0.0,0.0,0.0,-0.0038542267405202967,-0.005866551530305919,0.0021436060468864103,0.0,0.0,0.0,0.0,0.0,0.0,0.0,0.0,0.5,0.0,0.0,1.0,0.0,0.0,0.0
5.2,28.182136516827057,39.33270069198262,15.060967655469517,0.17453292519943295,0.3490658503988659,0.5235987755982988,0.2852732981158931,-0.3749143785140851,0.4645554589122774,0.7498287570281705,6387149.07270049,4.5027280578555135e-05,-9.273542139324673e-05,-1.4519063253460191e-11,7.049668023624208e-12,9012.072700489933,0.0,1.2051069955348037,-0.5897027917230833,3.045823660850306,-0.16887858948538964,-0.364153389145579,0.6175173505353394,0.17453292520034874,0.34906585039930865,0.5235987755954288,303.7962075385182,0.46638744107086577,30745.688334374518,229.654457830992,0.16681186963156322,0.4908024045676416,0.8885386415227944,50.67681358765234,598.8747359141171,9.77065482151797,-1.737439704611414e-05,8.73931541770882e-06,50.67681342682891,-0.6075217413336064,-0.8478896562889526,-0.3246682633323315,0.0,0.0,0.0,-0.004244921825363533,-0.005924438686885658,0.0022685466268202036,0.0,0.0,0.0,0.0,0.0,0.0,0.0,0.0,0.5,0.0,0.0,1.0,0.0,0.0,0.0
5.300000000000001,30.245578215050845,38.811791920616386,15.689860507490621,0.17453292519943295,0.3490658503988659,0.5235987755982988,0.2606588363214658,-0.3731502815191712,0.48564172671687683,0.7463005630383427,6387143.956544975,4.5967704953355804e-05,-9.462648376739378e-05,-1.48151481191124e-11,7.1969107428070615e-12,9006.95654497513,0.0,1.1866270060335156,-0.6256557060437113,3.1087437683396875,-0.20106097847728055,-0.3546073877257224,0.6413487135406261,0.1745329252004796,0.34906585039919746,0.5235987755954609,303.81814475654454,0.46667370681194087,30768.985542741546,229.68761861514386,0.1699906619066977,0.4785360401249789,0.8503271291404669,51.64624775155142,622.3882819196233,9.770670474276049,-1.7318654443432273e-05,8.821372441995358e-06,51.64624725427563,-0.664883525931516,-0.8531887983276951,-0.34490706244590424,0.0,0.0,0.0,-0.004645724421904285,-0.005961465252628937,0.0024099606935625104,0.0,0.0,0.0,0.0,0.0,0.0,0.0,0.0,0.5,0.0,0.0,1.0,0.0,0.0,0.0
5.4,32.2828282681259,38.17062253614812,16.407362886237138,0.17453292519943295,0.3490658503988659,0.5235987755982988,0.23576690702531322,-0.3709890255837299,0.506211144142147,0.7419780511674602,6387138.743615802,4.6780284863517556e-05,-9.622684916251617e-05,-1.506572082197192e-11,7.324137887293633e-12,9001.743615802377,0.0,1.1648312693384537,-0.6605639357320425,-3.109002911024151,-0.23531321192344085,-0.343193520605942,0.6679780754257539,0.17453292520059877,0.349065850399108,0.5235987755954419,303.84049692380904,0.4669653873577124,30792.72342498315,229.72140664574542,0.17316778984735282,0.4702163384118969,0.8117097875217539,52.61538731841741,646.3685819970415,9.770686423149492,-1.767327134860608e-05,8.85857094523601e-06,52.61538955034852,-0.723433753112188,-0.8553747673718727,-0.3676765868492234,0.0,0.0,0.0,-0.005054830994277548,-0.005976739220742125,0.0025690576353124867,0.0,0.0,0.0,0.0,0.0,0.0,0.0,0.0,0.5,0.0,0.0,1.0,0.0,0.0,0.0
5.5,34.282695958469326,37.41058655272039,17.21626841626258,0.17453292519943295,0.3490658503988659,0.5235987755982988,0.21062280749448248,-0.3684309780117966,0.526239148529111,0.7368619560235936,6387133.433477641,4.7886736608497284e-05,-9.84697160792469e-05,-1.5416887264131067e-11,7.497375326515674e-12,8996.433477640772,0.0,1.1394938042151512,-0.6942252791858656,-3.040751771879595,-0.2716649555543357,-0.3297197395627019,0.6974100942413928,0.17453292520068725,0.3490658503989742,0.5235987755955658,303.86325536420594,0.46726342890439365,30817.00201819832,229.75582510757377,0.17634321842445744,0.46539494403874043,0.7728346925721394,53.58422464518281,670.8202812775179,9.77070266947256,-1.7114479287094753e-05,8.745808221040837e-06,53.58422185787115,-0.7828975887038525,-0.8543236615210882,-0.3931595308635664,0.0,0.0,0.0,-0.005470321200387349,-0.005969394854502708,0.002747113987639145,0.0,0.0,0.0,0.0,0.0,0.0,0.0,0.0,0.5,0.0,0.0,1.0,0.0,0.0,0.0
5.6000000000000005,36.23428677441096,36.534942968645595,18.11803153055738,0.17453292519943295,0.3490658503988659,0.5235987755982988,0.1852546019833034,-0.3654808294986801,0.545707057014057,0.7309616589973605,6387128.026626043,4.8601171127428116e-05,-9.986083483255139e-05,-1.563470067008801e-11,7.609237035401869e-12,8991.026626043022,0.0,1.1104256206438563,-0.7264310213762694,-2.969426917396068,-0.31001873881055575,-0.3140022438739698,0.729517662290805,0.17453292520082203,0.3490658503988711,0.5235987755955102,303.8864230555596,0.46756735755553636,30841.771607412604,229.79087061290187,0.1795169225850382,0.46366727628404997,0.7338329166497206,54.55275571955679,695.7417193537727,9.77071921173114,-1.7769131944807743e-05,8.956912042871561e-06,54.552758719734854,-0.8429691855392981,-0.8499598392949914,-0.42150523349001595,0.0,0.0,0.0,-0.005890058001792116,-0.00593890362604247,0.0029451732232973573,0.0,0.0,0.0,0.0,0.0,0.0,0.0,0.0,0.5,0.0,0.0,1.0,0.0,0.0,0.0
5.7,38.12657539692863,35.547092186536936,19.11405457514321,0.17453292519943295,0.3490658503988659,0.5235987755982988,0.1596891463231155,-0.36214163338016336,0.5645941204372114,0.7242832667603271,6387122.523091811,4.97138764290769e-05,-0.00010209973447638633,-1.5985247520657076e-11,7.783454325377796e-12,8985.523091810755,0.0,1.077437466998233,-0.7569473737515576,-2.894773115552298,-0.3501379198722048,-0.2958451125071425,0.7640404510202307,0.17453292520087874,0.34906585039874055,0.523598775595648,303.9100050200618,0.46787672090784765,30866.98411411737,229.82654278454802,0.18268886666581885,0.4647122696941966,0.6948187088620992,55.520974385518414,721.133382886424,9.770736049833248,-1.719611327000159e-05,8.767488505867505e-06,55.520972021539535,-0.903329189749976,-0.8422137485083138,-0.4528674094760649,0.0,0.0,0.0,-0.006311809985005902,-0.005884779555075997,0.0031643093895880156,0.0,0.0,0.0,0.0,0.0,0.0,0.0,0.0,0.5,0.0,0.0,1.0,0.0,0.0,0.0
5.800000000000001,39.94821060962788,34.45064993114999,20.205703412054824,0.17453292519943295,0.3490658503988659,0.5235987755982988,0.13395293110166043,-0.3584151672921656,0.5828774034826709,0.7168303345843315,6387116.922441871,5.050873011357263e-05,-0.00010366909050644561,-1.6230968020878858e-11,7.907907547413513e-12,8979.922441870594,0.0,1.0403529115115637,-0.7855114435723477,-2.816552530285773,-0.39159369834846974,-0.2750486791945733,0.8005309621994935,0.17453292520099736,0.34906585039861215,0.5235987755956384,303.9340031133787,0.4681915433051451,30892.64152228601,229.8628444295572,0.18585901096297697,0.46827409338142795,0.655895630773547,56.48887346222659,746.9986848398971,9.770753185106381,-1.762654006938942e-05,8.973969798375945e-06,56.48887502530592,-0.9636396447723778,-0.8310225660017121,-0.4874068139148544,0.0,0.0,0.0,-0.0067332157543866155,-0.0058065836788763776,0.0034056457266472095,0.0,0.0,0.0,0.0,0.0,0.0,0.0,0.0,0.5,0.0,0.0,1.0,0.0,0.0,0.0
5.9,41.688641916419925,33.25098183168012,21.392913438175384,0.17453292519943295,0.3490658503988659,0.5235987755982988,0.10807417046041856,-0.35430720738010824,0.6005402442997981,0.7086144147602168,6387111.225173035,5.1464907735881525e-05,-0.00010556719059002957,-1.6528159111576416e-11,8.057618839420237e-12,8974.225173035016,0.0,0.999090207644278,-0.8118609985980849,-2.7346189269495356,-0.43369722847002984,-0.25146662046869844,0.8382780893806089,0.17453292520106084,0.34906585039849125,0.5235987755957088,303.9584152067301,0.4685117968207243,30918.74155594688,229.89977232774768,0.18902733217058043,0.4741185518397331,0.6171574821706103,57.456448566778654,773.3365166998981,9.77077061603266,-1.7567850572423424e-05,8.880903675863768e-06,57.45644908790551,-1.023547010007446,-0.8163804841128072,-0.5252431440951112,0.0,0.0,0.0,-0.007151805024341189,-0.005704275417706113,0.0036700185924170236,0.0,0.0,0.0,0.0,0.0,0.0,0.0,0.0,0.5,0.0,0.0,1.0,0.0,0.0,0.0
6.0,43.33721875122732,31.953604154235126,22.67555146551426,0.17453292519943295,0.3490658503988659,0.5235987755982988,0.0820803383658367,-0.3498221271826497,0.6175639159994629,0.6996442543652998,6387105.431317896,5.247731489869883e-05,-0.00010758945837501766,-1.6844791358457032e-11,8.216134125700634e-12,8968.43131789565,0.0,0.9536303180109158,-0.8357125488582255,-2.6488934484897717,-0.4754854849676587,-0.22499264397389251,0.876301825534862,0.17453292520111713,0.34906585039834975,0.5235987755958074,303.98324116046484,0.46883747962255223,30945.28406579287,229.93732626787087,0.1921937980688727,0.4820623939928016,0.5786913842268402,58.42369366791581,800.1480440567005,9.77078834251474,-1.7339667179760987e-05,8.896072870356875e-06,58.42369224376564,-1.0826849470310256,-0.79829041221522,-0.5664987035339994,0.0,0.0,0.0,-0.007565018087345821,-0.005577875100160448,0.0039582825552758475,0.0,0.0,0.0,0.0,0.0,0.0,0.0,0.0,0.5,0.0,0.0,1.0,0.0,0.0,0.0
6.1000000000000005,44.883002853895206,30.564296107758523,24.0534032525507,0.17453292519943295,0.3490658503988659,0.5235987755982988,0.05599873149412085,-0.34496293969389213,0.6339271478936636,0.6899258793877846,6387099.540445602,5.3249461131593364e-05,-0.00010910330340470166,-1.7081822933656072e-11,8.337033233446701e-12,8962.540445601879,0.0,0.9040461424059604,-0.8567610864060194,-2.5593921479982464,-0.5156838314794786,-0.19558704039242,0.9133154782269488,0.17453292520121116,0.34906585039821664,0.5235987755958056,304.0084828207246,0.4691686159295011,30972.2710256146,229.97550904256448,0.19535836875046012,0.49196253033669796,0.5405815918978305,59.39060154786596,827.4367506493896,9.770806365873472,-1.7846823618938856e-05,9.015137988418095e-06,59.39060435641031,-1.140667614548984,-0.7767651153830147,-0.6112999432242966,0.0,0.0,0.0,-0.007970158963949646,-0.005427471919329622,0.004271321163157131,0.0,0.0,0.0,0.0,0.0,0.0,0.0,0.0,0.5,0.0,0.0,1.0,0.0,0.0,0.0
6.2,46.31635396288905,29.090373613089433,25.52480063070157,0.17453292519943295,0.3490658503988659,0.5235987755982988,0.02985755120549333,-0.3397365641042964,0.6496155770030996,0.6794731282085932,6387093.553054262,5.4402477904352456e-05,-0.00011140113430187175,-1.74416005311203e-11,8.517563967902291e-12,8956.553054261642,0.0,0.8505908611372647,-0.8747307695793752,-2.466309366936019,-0.5527607516315085,-0.16335022787567202,0.9477723098239913,0.17453292520120425,0.34906585039808763,0.5235987755959717,304.0341380531785,0.4695051777420462,30999.700153505673,230.01431742325,0.19852102023100457,0.5036835238225998,0.502905414330819,60.3571675329492,855.2015522301938,9.770824684587097,-1.7191735273443715e-05,8.837022527075078e-06,60.35716438874443,-1.1971099418523077,-0.7518774717073039,-0.6597246660578758,0.0,0.0,0.0,-0.008364537058992377,-0.005253575094519722,0.004609678046307034,0.0,0.0,0.0,0.0,0.0,0.0,0.0,0.0,0.5,0.0,0.0,1.0,0.0,0.0,0.0
6.300000000000001,47.627564096628106,27.539306741000456,27.087993635250783,0.17453292519943295,0.3490658503988659,0.5235987755982988,0.0036845630919153313,-0.33414861275138585,0.6646126624108564,0.668297225502772,6387087.469178246,5.513042074036262e-05,-0.0001128310682351515,-1.76654960151451e-11,8.631543094783328e-12,8950.469178246334,0.0,0.7936601430790262,-0.8893497391030502,-2.3699850562186975,-0.5850025765888927,-0.12850734048609036,0.9779482029435388,0.1745329252013025,0.3490658503979311,0.523598775595962,304.06020671054927,0.4698471631281109,31027.571292005658,230.05375118714298,0.20168172190051575,0.5171216434014836,0.46573906381619307,61.32338605081033,883.4436780971935,9.770843298552942,-1.7844016845902637e-05,9.087976192034828e-06,61.32338875274021,-1.2516152195410952,-0.7237114915790357,-0.7118513353302587,0.0,0.0,0.0,-0.008745380454573149,-0.005056771629483585,0.004973901449393999,0.0,0.0,0.0,0.0,0.0,0.0,0.0,0.0,0.5,0.0,0.0,1.0,0.0,0.0,0.0
6.4,48.80668587651329,25.918868859618676,28.741108144723544,0.17453292519943295,0.3490658503988659,0.5235987755982988,-0.02249237631547215,-0.3282032691781748,0.6788989146718218,0.6564065383563499,6387081.288388967,5.6194464443083816e-05,-0.00011493355431933211,-1.7994691022861502e-11,8.798144552637535e-12,8944.288388966272,0.0,0.7338126093591393,-0.9003571676873484,-2.2709235834486257,-0.6106259011792264,-0.09143107124491506,1.0020543499141927,0.17453292520129263,0.3490658503978114,0.5235987755960917,304.08667378129456,0.4701960772137923,31056.044162366525,230.09381369379727,0.2048404429490811,0.5321986399670238,0.42916043819840255,62.28924922186412,912.1695378818772,9.77086220908509,-1.748051784152457e-05,8.922415621744525e-06,62.28924825939079,-1.3037720745806116,-0.6923671384841895,-0.7677621306018347,0.0,0.0,0.0,-0.00910981477393356,-0.004837759996645329,0.005364565583653216,0.0,0.0,0.0,0.0,0.0,0.0,0.0,0.0,0.5,0.0,0.0,1.0,0.0,0.0,0.0
6.5,49.84553514288145,24.238063281329133,30.48086571083425,0.17453292519943295,0.3490658503988659,0.5235987755982988,-0.04864532722949891,-0.321908622309269,0.6924625718480368,0.6438172446185383,6387075.01118583,5.711514380089125e-05,-0.00011675591099521918,-1.8280028150494504e-11,8.942300459160444e-12,8938.011185830148,0.0,0.6718029988423774,-0.9075737858674963,-2.169824479994625,-0.6280912856690941,-0.05267249852276696,1.0185425750666321,0.1745329252013224,0.34906585039765997,0.5235987755961679,304.11355230513374,0.4705505575515085,31084.97434086696,230.13450118222258,0.20799715114525089,0.5488355168166595,0.393241033984497,63.25475277756225,941.3756877955652,9.77088141465789,-1.7566091229307787e-05,9.035715598552468e-06,63.25475268656592,-1.353181015292579,-0.6579994757590873,-0.8274805576423669,0.0,0.0,0.0,-0.009455048658626999,-0.004597623666267635,0.0057818346903756555,0.0,0.0,0.0,0.0,0.0,0.0,0.0,0.0,0.5,0.0,0.0,1.0,0.0,0.0,0.0
6.6000000000000005,50.735889789518744,22.506047918999652,32.303895799577816,0.17453292519943295,0.3490658503988659,0.5235987755982988,-0.074746546447823,-0.3152713411016218,0.7052892286510666,0.6305426822032439,6387068.63760499,5.796320814996986e-05,-0.00011842023385924262,-1.8540623340419837e-11,9.075087718441176e-12,8931.637604990043,0.0,0.6085066831726201,-0.9108643003507289,-2.067509479084576,-0.6362381773386887,-0.012902055097901433,1.0262484900879763,0.17453292520135646,0.34906585039751836,0.5235987755962166,304.14084351123887,0.47091048044067874,31114.348701930743,230.1758133703159,0.21115181432527722,0.5669735682949331,0.35805464272922816,64.2198909178183,971.0631806942699,9.770900915163327,-1.7875851590964942e-05,9.0743162566298e-06,64.21989315633878,-1.3994356406570616,-0.6207788159199753,-0.8910304579568104,0.0,0.0,0.0,-0.009778242472732636,-0.004337552658835627,0.006225875356726595,0.0,0.0,0.0,0.0,0.0,0.0,0.0,0.0,0.5,0.0,0.0,1.0,0.0,0.0,0.0
6.7,51.46934949633173,20.73231253272525,34.20666422042597,0.17453292519943295,0.3490658503988659,0.5235987755982988,-0.10076782640525207,-0.30829686491061264,0.7173615562264773,0.6165937298212255,6387062.167220174,5.910780303260423e-05,-0.00012067872099869392,-1.8894245561721972e-11,9.254302132742992e-12,8925.167220174646,0.0,0.5448895275722238,-0.9101456061949752,-1.9648909248552986,-0.6344488849628871,0.02712193396336699,1.0245552903584647,0.1745329252012964,0.3490658503974075,0.5235987755963788,304.1685492248725,0.4712758699532973,31144.169210143824,230.2177530210767,0.2143043895683359,0.5865705800495946,0.32367958394291024,65.18465554908748,1001.235626439075,9.770920711908559,-1.7291605135601646e-05,8.93369320327982e-06,65.18465251589018,-1.442112950478689,-0.5808930762066236,-0.9584341466951299,0.0,0.0,0.0,-0.010076440597316536,-0.00405886000388914,0.006696843504808368,0.0,0.0,0.0,0.0,0.0,0.0,0.0,0.0,0.5,0.0,0.0,1.0,0.0,0.0,0.0
6.800000000000001,52.03968115667155,18.927189816772483,36.184355978278745,0.17453292519943295,0.3490658503988659,0.5235987755982988,-0.126681809903656,-0.300994290572477,0.72867039104861,0.6019885811449543,6387055.600532072,5.9830548434487475e-05,-0.00012209915821650676,-1.911665810661619e-11,9.367469485149258e-12,8918.600532071976,0.0,0.4819430674601012,-0.9054512073023337,-1.862906764209826,-0.6228975027242383,0.06661646464343571,1.0136347470085927,0.17453292520135233,0.3490658503972308,0.5235987755963936,304.19666730212515,0.47164669781497914,31174.43355795084,230.26031688915236,0.21745485603895434,0.6075780350195775,0.29018702548373987,66.1490427810908,1031.89202947979,9.77094080336409,-1.797698224829484e-05,9.179373314793793e-06,66.14904584027593,-1.4808290843296976,-0.5385849269981058,-1.0296559714906985,0.0,0.0,0.0,-0.01034696089378704,-0.0037632413062409953,0.0071944900217104,0.0,0.0,0.0,0.0,0.0,0.0,0.0,0.0,0.5,0.0,0.0,1.0,0.0,0.0,0.0
6.9,52.44064311534489,17.10116330880894,38.232056590540076,0.17453292519943295,0.3490658503988659,0.5235987755982988,-0.15246100017605196,-0.29337130929955946,0.7392036187751709,0.5867426185991192,6387048.9375786325,6.095420888848266e-05,-0.00012429998798864128,-1.9461254986996253e-11,9.543407211091569e-12,8911.937578632496,0.0,0.4206060108122809,-0.8968705965473984,-1.7624422512764975,-0.6023785340632347,0.10484928840720431,0.9942840077043839,0.17453292520127486,0.3490658503971391,0.5235987755965448,304.22519758049566,0.4720229618826213,31205.141570446875,230.30350472855605,0.2206031810188556,0.6299602979750455,0.25765256790946794,67.1130463323472,1063.0337051777933,9.770961189416523,-1.74598063846787e-05,8.983665647832595e-06,67.11304446564057,-1.5151925158580148,-0.4941120687818358,-1.1046570478632363,0.0,0.0,0.0,-0.010587067659626779,-0.0034524971902129293,0.007718543210853331,0.0,0.0,0.0,0.0,0.0,0.0,0.0,0.0,0.5,0.0,0.0,1.0,0.0,0.0,0.0
7.0,52.665885825607965,15.265063774844467,40.34465413490845,0.17453292519943295,0.3490658503988659,0.5235987755982988,-0.17807713754091847,-0.28543459319680203,0.7489463239345225,0.5708691863936043,6387042.177935931,6.182297366445961e-05,-0.00012601257664488147,-1.972941044439028e-11,9.679437202208642e-12,8905.177935931211,0.0,0.36172501478875596,-0.8845452563485113,-1.6642893499456788,-0.5741907567490369,0.14118087035060287,0.9678089653151678,0.17453292520126934,0.3490658503969807,0.5235987755966148,304.2541418752,0.4724046860957192,31236.295201404264,230.34731928707893,0.22374932249294952,0.6536919940672763,0.22615813436558155,68.07665840369778,1094.6643422318086,9.77098187136599,-1.773406923296269e-05,9.151490867035743e-06,68.07665906556669,-1.5447977136606716,-0.44775278087969345,-1.1833937585111076,0.0,0.0,0.0,-0.01079392733516832,-0.0031285720701141376,0.008268698306130732,0.0,0.0,0.0,0.0,0.0,0.0,0.0,0.0,0.5,0.0,0.0,1.0,0.0,0.0,0.0
7.1000000000000005,52.71154656016749,13.430114552690807,42.51594976202937,0.17453292519943295,0.3490658503988659,0.5235987755982988,-0.20350369630824441,-0.2771940805819497,0.7578918574721439,0.5543881611638998,6387035.322105936,6.272584258259898e-05,-0.00012777739200820664,-2.000574375564602e-11,9.820807216700572e-12,8898.322105935775,0.0,0.3059713450580165,-0.8687080514849971,-1.5690654016489904,-0.5400321866099543,0.17513441829700366,0.9359118704085885,0.17453292520124206,0.3490658503968515,0.5235987755966921,304.28349309787376,0.4727922785892316,31267.93869625897,230.39175748192554,0.22689326277886454,0.6787371580266714,0.19577675266293193,69.0398748557547,1126.7840040474396,9.771002847679156,-1.790810768180033e-05,9.14623223735589e-06,69.03987660224676,-1.5692995797129627,-0.39983152524425464,-1.2657649419710204,0.0,0.0,0.0,-0.010965128625412171,-0.0027937330510213296,0.008844248464520867,0.0,0.0,0.0,0.0,0.0,0.0,0.0,0.0,0.5,0.0,0.0,1.0,0.0,0.0,0.0
7.2,52.573783717919966,11.607679705376508,44.73964186868242,0.17453292519943295,0.3490658503988659,0.5235987755982988,-0.2287136892353384,-0.26865850728475626,0.7660307038048509,0.5373170145695129,6387028.370128397,6.386092394223055e-05,-0.00012999737144181553,-2.035334179033907e-11,9.998534567484121e-12,8891.370128396899,0.0,0.25385274500582006,-0.8496135039356184,-1.4772230191131512,-0.5016571987072554,0.20638498128223362,0.9003560234108003,0.17453292520113584,0.3490658503967708,0.5235987755968413,304.31324049272183,0.4731866726187711,31300.17166033973,230.4368194216221,0.23003497725845404,0.7050671799357707,0.1665870565415175,70.00268935618972,1159.3964293526658,9.771024118237234,-1.7392218376599544e-05,9.029176379016235e-06,70.00268645091867,-1.5883499463777087,-0.3506891863923436,-1.3516662248309477,0.0,0.0,0.0,-0.011098238787130567,-0.0024503619869932903,0.009444464400231051,0.0,0.0,0.0,0.0,0.0,0.0,0.0,0.0,0.5,0.0,0.0,1.0,0.0,0.0,0.0
7.300000000000001,52.2487225844533,9.809474792003765,47.009203566225715,0.17453292519943295,0.3490658503988659,0.5235987755982988,-0.25367908823664054,-0.2598356333474417,0.7733503549315239,0.5196712666948837,6387021.321581798,6.459052516278587e-05,-0.00013143215804127615,-2.0578005212627714e-11,1.0112777445772324e-11,8884.321581797363,0.0,0.20572543660095857,-0.827528205063888,-1.3890605634596007,-0.4607250590369531,0.23474494942677476,0.8628144628406749,0.1745329252011394,0.3490658503965882,0.5235987755968774,304.3434011049545,0.4735865451270239,31332.852368540225,230.4825073111529,0.23317441275925677,0.7326586364837692,0.13867495145707195,70.96509413483093,1192.5022677295046,9.771045684333142,-1.807999007337931e-05,9.271309503825858e-06,70.96509731236537,-1.6015828101816845,-0.3006879349382815,-1.440979336587139,0.0,0.0,0.0,-0.011190700453194159,-0.0021009894639179632,0.010068519724659022,0.0,0.0,0.0,0.0,0.0,0.0,0.0,0.0,0.5,0.0,0.0,1.0,0.0,0.0,0.0
7.4,51.7351931823295,8.047110721950547,49.317280076409524,0.17453292519943295,0.3490658503988659,0.5235987755982988,-0.27837442923457384,-0.2507361909084146,0.7798468110514031,0.5014723818168295,6387014.1769693745,6.574065272892362e-05,-0.0001336640679719081,-2.092747319365829e-11,1.0292861564026607e-11,8877.176969374841,0.0,0.16175049526174762,-0.8027573440980867,-1.304682959809251,-0.4186962296502692,0.2601851820496198,0.8247583811673638,0.17453292520101168,0.3490658503965393,0.5235987755970223,304.37397278122654,0.47399186756471295,31365.978487590288,230.52881788858767,0.2363115472078301,0.7614738919982688,0.11211467559626873,71.92708474650306,1226.1005634924068,9.771067544429737,-1.7515304521727636e-05,9.065619022881796e-06,71.9270826195953,-1.60871435861844,-0.25022390118209736,-1.5335330597445067,0.0,0.0,0.0,-0.011240530547408348,-0.0017483833533658202,0.010715218093983094,0.0,0.0,0.0,0.0,0.0,0.0,0.0,0.0,0.5,0.0,0.0,1.0,0.0,0.0,0.0
7.5,51.032073981176254,6.332324524971369,51.65641443992682,0.17453292519943295,0.3490658503988659,0.5235987755982988,-0.30277352784626504,-0.24136987681659744,0.7855132814794599,0.48273975363319516,6387006.936332684,6.66016126300916e-05,-0.0001353564626912516,-2.1192471534870618e-11,1.042767188042748e-11,8869.93633268401,0.0,0.12197714584774458,-0.7755901352716107,-1.2240806734275942,-0.3767270568440634,0.28276346517956563,0.7873595343193949,0.17453292520095745,0.34906585039639004,0.5235987755970962,304.404955343726,0.47440263757439133,31399.549824820926,230.5757508845737,0.23944634918800753,0.7914780344273086,0.086986339355444,72.88865523179365,1260.1927441822968,9.771089698402825,-1.784168902574379e-05,9.248595652877611e-06,72.88865608585638,-1.6094592334814233,-0.19971005254215868,-1.6291498013494423,0.0,0.0,0.0,-0.011245735193345957,-0.0013954291724930768,0.011383318617295978,0.0,0.0,0.0,0.0,0.0,0.0,0.0,0.0,0.5,0.0,0.0,1.0,0.0,0.0,0.0
7.6000000000000005,50.138287856712004,4.677197743113206,54.01890312493522,0.17453292519943295,0.3490658503988659,0.5235987755982988,-0.3268488166193193,-0.2317454184032885,0.7903396534258963,0.4634908368065773,6386999.599252683,6.752263175824764e-05,-0.00013714759280942224,-2.1472929610035002e-11,1.0571886018040832e-11,8862.59925268311,0.0,0.08637368843801109,-0.746296905726187,-1.1471589163516316,-0.33568457861251644,0.30259508302088656,0.7515058198893668,0.1745329252008816,0.3490658503962831,0.5235987755971778,304.43635058552553,0.47481887892880115,31433.568323126507,230.62330901529265,0.2425787753389499,0.8226367676095055,0.06337734689497515,73.84979741040607,1294.7826354709102,9.77111214753791,-1.799047425758242e-05,9.238492115315468e-06,73.84979912159824,-1.6035265283268803,-0.14958432097050037,-1.7276415531053622,0.0,0.0,0.0,-0.011204281747517527,-0.00104518687253232,0.012071507628818789,0.0,0.0,0.0,0.0,0.0,0.0,0.0,0.0,0.5,0.0,0.0,1.0,0.0,0.0,0.0
7.7,49.055562851134624,3.0931835910395264,56.396530510130134,0.17453292519943295,0.3490658503988659,0.5235987755982988,-0.3505761709902761,-0.2218743056920236,0.7943247823743234,0.44374861138404753,6386992.166233831,6.866812220168197e-05,-0.00013936841982195737,-2.1820665534512436e-11,1.0751245722423177e-11,8855.166233831085,0.0,0.054796209828839766,-0.7151532486234186,-1.0737134875583128,-0.2961534483523574,0.319864601382438,0.7177990764188037,0.17453292520073485,0.3490658503962485,0.5235987755973098,304.46815634805387,0.47524056300938106,31468.03164357442,230.67148901089826,0.24570880420687052,0.8548988383658572,0.04135960608463508,74.81050693577751,1329.8693055913643,9.771134890294181,-1.7475903825688494e-05,9.116079695559163e-06,74.81050401067654,-1.5907196700155195,-0.10030024712576265,-1.8287697861780308,0.0,0.0,0.0,-0.011114796699227904,-0.0007008254670505792,0.012778118461853801,0.0,0.0,0.0,0.0,0.0,0.0,0.0,0.0,0.5,0.0,0.0,1.0,0.0,0.0,0.0
7.800000000000001,47.78569909913771,1.5918454831107522,58.780981435511016,0.17453292519943295,0.3490658503988659,0.5235987755982988,-0.373930442712488,-0.21176704108616828,0.7974645248848246,0.4235340821723369,6386984.637319529,6.94034478243867e-05,-0.00014081551637374346,-2.204726085466842e-11,1.0866387155349998e-11,8847.637319529429,0.0,0.02707451904101583,-0.6824053420132935,-1.0035097551125944,-0.258491543095159,0.3347634672579052,0.6866194410677203,0.17453292520068353,0.34906585039607324,0.5235987755973578,304.5003655055674,0.4756683039480556,31503.00544862832,230.72029083065237,0.2488364104579615,0.8882118431942801,0.02101024494332311,75.77077793554268,1365.4559992958034,9.771157926541909,-1.817372039170095e-05,9.369484555321606e-06,75.77078118526457,-1.5708460808972766,-0.052328296659443024,-1.9322909585921337,0.0,0.0,0.0,-0.010975934455366229,-0.000365632229204107,0.01350144942150507,0.0,0.0,0.0,0.0,0.0,0.0,0.0,0.0,0.5,0.0,0.0,1.0,0.0,0.0,0.0
7.9,46.330619619253056,0.18507048669328488,61.16368177230606,0.17453292519943295,0.3490658503988659,0.5235987755982988,-0.39688478493962354,-0.20143327722170462,0.7997513393830328,0.4028665544434096,6386977.012093243,7.055925491146254e-05,-0.0001430387576342835,-2.2395376931452384e-11,1.1047363217354451e-11,8840.0120932435,0.0,0.0030287181651182885,-0.6482738430302627,-0.9362974048345775,-0.22288735979622934,0.3474781440800536,0.6581834969728264,0.17453292520052668,0.3490658503960723,0.5235987755974787,304.53297132247945,0.4761028821598473,31538.57250818639,230.76971746977156,0.25196155633205186,0.9225201077765107,0.002412661892549373,76.73060173690173,1401.5489560862538,9.77118125755908,-1.76254265025951e-05,9.162131915966636e-06,76.73059981384296,-1.5437132945588012,-0.0061645277284592985,-2.037949910663639,0.0,0.0,0.0,-0.01078635020006322,-4.3073254037218154e-05,0.014239717636744267,0.0,0.0,0.0,0.0,0.0,0.0,0.0,0.0,0.5,0.0,0.0,1.0,0.0,0.0,0.0
8.0,44.69502395764042,-1.1164070599705906,63.53590466327698,0.17453292519943295,0.3490658503988659,0.5235987755982988,-0.41941667427808044,-0.1908851454906743,0.801186965259429,0.3817702909813489,6386969.291060633,7.145345427796713e-05,-0.0001447880529182672,-2.266928903690066e-11,1.118738027807973e-11,8832.291060633026,0.0,-0.01756706629868064,-0.612973687875381,-0.8717841634006407,-0.1893761482847345,0.35820940504524584,0.6325501305761431,0.17453292520041788,0.3490658503959597,0.5235987755975549,304.56598681162416,0.4765429205822134,31574.58644618757,230.8197651245106,0.25508420962344613,0.9577500090379112,-0.014369900014061396,77.68997435577405,1438.1435120433957,9.771204881801285,-1.7883068116712288e-05,9.321630572619217e-06,77.6899747843105,-1.5092292362634283,0.03769987691844711,-2.1454413668128676,0.0,0.0,0.0,-0.01054540058176017,0.00026341942922624833,0.01499079006296943,0.0,0.0,0.0,0.0,0.0,0.0,0.0,0.0,0.5,0.0,0.0,1.0,0.0,0.0,0.0
8.1,42.88370432545816,-2.301759335465316,65.8888279266711,0.17453292519943295,0.3490658503988659,0.5235987755982988,-0.44150218979181927,-0.1801338236911185,0.8017698371740563,0.3602676473822372,6386961.474267013,7.235172005788779e-05,-0.0001465296916649897,-2.294200336973316e-11,1.1328034519918736e-11,8824.474267013371,0.0,-0.034919683342745464,-0.5766936064319801,-0.8096909915635547,-0.157908906977918,0.36713323713319745,0.6096994371770722,0.17453292520030897,0.3490658503958698,0.523598775597624,304.59941177923093,0.47698841663253305,31611.04705126318,230.87043350113578,0.2582043384763747,0.9938242180307009,-0.029270445583898692,78.64888961874918,1475.241184109567,9.771228799133048,-1.812717438909317e-05,9.352726582534387e-06,78.6488917879615,-1.467311936356453,0.07875716430455713,-2.254456913414231,0.0,0.0,0.0,-0.010252512855890752,0.0005502980106132094,0.01575251172918705,0.0,0.0,0.0,0.0,0.0,0.0,0.0,0.0,0.5,0.0,0.0,1.0,0.0,0.0,0.0
8.200000000000001,40.901651581302275,-3.3598701037686753,68.21336861109172,0.17453292519943295,0.3490658503988659,0.5235987755982988,-0.4631155121708155,-0.16918984343450022,0.8014951990398159,0.3383796868690007,6386953.561298354,7.353601415844806e-05,-0.00014880296584484615,-2.3297956439609465e-11,1.1513472496229503e-11,8816.561298353598,0.0,-0.049214042511325384,-0.5396025438765171,-0.7497531190628188,-0.1283836144595399,0.3744011269669054,0.5895644350596503,0.1745329252001339,0.3490658503959019,0.5235987755977325,304.633247995715,0.47743939390732865,31647.956254616613,230.92172528339142,0.26132189762559155,1.030659750045579,-0.04221762307199877,79.60733878561767,1512.8459245898482,9.77125301082486,-1.752460083892515e-05,9.187386863137208e-06,79.60733552282632,-1.4178850837268604,0.11647397588110366,-2.3646736326690005,0.0,0.0,0.0,-0.009907153815692763,0.0008138357669623907,0.016522626319748875,0.0,0.0,0.0,0.0,0.0,0.0,0.0,0.0,0.5,0.0,0.0,1.0,0.0,0.0,0.0
8.3,38.756470946304894,-4.2812740613525335,70.50067737184773,0.17453292519943295,0.3490658503988659,0.5235987755982988,-0.4842359046953787,-0.15806581800309627,0.8003675407015712,0.3161316360061928,6386945.55266154,7.427872841324291e-05,-0.0001502655516693751,-2.3526981784840378e-11,1.1629773231257177e-11,8808.552661540298,0.0,-0.060651102738820385,-0.5018624146089286,-0.6916951585877527,-0.1006417869796055,0.3801613325656418,0.5720161829800536,0.1745329252000288,0.34906585039574844,0.5235987755977819,304.66749329360624,0.4778958235180323,31685.3116919291,230.9736371856438,0.26443686810193945,1.0681576035601275,-0.05316508188590037,80.5653180822052,1550.9568660590423,9.771277515328617,-1.8229704837816975e-05,9.461109315841062e-06,80.56532109688402,-1.3609880364374003,0.15034455088406465,-2.47573963893377,0.0,0.0,0.0,-0.009509598466796792,0.0010504988084398305,0.01729867511269304,0.0,0.0,0.0,0.0,0.0,0.0,0.0,0.0,0.5,0.0,0.0,1.0,0.0,0.0,0.0
8.4,36.45587753329937,-5.056431345205264,72.74181630805317,0.17453292519943295,0.3490658503988659,0.5235987755982988,-0.5048409049189287,-0.14677352117137427,0.7983879472616773,0.2935470423427488,6386937.448403795,7.540496228781313e-05,-0.00015241694863830493,-2.3863854917883455e-11,1.1806121931984494e-11,8800.44840379525,0.0,-0.06940035248271283,-0.46361717537222286,-0.6352657816179212,-0.07451437384055384,0.38453434268173714,0.5569205887537013,0.1745329251998665,0.34906585039578236,0.5235987755978672,304.70214747098197,0.478357702773372,31723.113142939663,231.02616890180187,0.2675492170985176,1.1062146781839688,-0.06206457260288424,81.52282100409828,1589.575553339415,9.771302312503128,-1.7805159043149388e-05,9.27994976507307e-06,81.52281987886053,-1.2966693851901383,0.17984808396546276,-2.587294357230106,0.0,0.0,0.0,-0.00906018632582862,0.001256648124557538,0.01807813867127927,0.0,0.0,0.0,0.0,0.0,0.0,0.0,0.0,0.5,0.0,0.0,1.0,0.0,0.0,0.0
8.5,34.00785454898312,-5.67556095979457,74.92759499032258,0.17453292519943295,0.3490658503988659,0.5235987755982988,-0.5249060004625095,-0.13532426009557294,0.7955545206536553,0.27064852019114616,6386929.2481136145,7.637662318160585e-05,-0.00015430074750333637,-2.4158831501116062e-11,1.1958269807076276e-11,8792.248113614196,0.0,-0.07560241289975249,-0.42499881299170333,-0.5802331149730796,-0.049830619504779926,0.3876163599760837,0.5441475859399487,0.17453292519971186,0.3490658503957409,0.5235987755979356,304.7371895653277,0.4788270846437672,31761.57962154349,231.0793238886047,0.270658919817914,1.1447222159739114,-0.0688657060928059,82.47983890674384,1628.7129119618594,9.771327403611306,-1.786325648585793e-05,9.37168707793035e-06,82.47983834699258,-1.2249946591722458,0.20444038986425256,-2.6989730823093168,0.0,0.0,0.0,-0.008559375263277314,0.0014284813429319642,0.018858468699430794,0.0,0.0,0.0,0.0,0.0,0.0,0.0,0.0,0.5,0.0,0.0,1.0,0.0,0.0,0.0
8.6,31.42270632309245,-6.130980220695959,77.04945276084428,0.17453292519943295,0.3490658503988659,0.5235987755982988,-0.5444123828040767,-0.1237309862847181,0.7918743553735128,0.2474619725694364,6386920.952299157,7.722455317838146e-05,-0.0001559462340026078,-2.441649664579399e-11,1.209104571016819e-11,8783.952299156846,0.0,-0.07940446049634811,-0.3861333832122472,-0.5263659977899611,-0.0264061613714837,0.38949838401391734,0.5335461973803145,0.174532925199576,0.34906585039566007,0.5235987755979854,304.77263853150725,0.47930205305575885,31800.50689591534,231.13309811818158,0.2737659386858184,1.1835609701567766,-0.07354706456282803,83.4363678275837,1668.3619942155765,9.771352787101224,-1.8281061935946724e-05,9.481266162699356e-06,83.43637064738071,-1.1461370510928799,0.2236275965900561,-2.8103761569528363,0.0,0.0,0.0,-0.008008375424329582,0.0015625476438668638,0.019636872682025384,0.0,0.0,0.0,0.0,0.0,0.0,0.0,0.0,0.5,0.0,0.0,1.0,0.0,0.0,0.0
8.700000000000001,28.710859827207337,-6.414952970451102,79.09875017337288,0.17453292519943295,0.3490658503988659,0.5235987755982988,-0.5633393175384853,-0.11200598920912645,0.787351295956738,0.22401197841825307,6386912.561009527,7.845054516983584e-05,-0.00015827395194787934,-2.4780979923555155e-11,1.2283015372522307e-11,8775.561009527184,0.0,-0.08092345413538973,-0.3471369146229206,-0.4734546174232831,-0.00407006407652899,0.39024871774615294,0.5249834395446072,0.17453292519939953,0.3490658503957648,0.5235987755980595,304.80849547404296,0.47978248780155197,31839.88217792375,231.1874912265752,0.27687023953594614,1.2226096720572421,-0.07608678790003919,84.39240115448963,1708.524000075455,9.77137846282604,-1.7576320562540104e-05,9.259632154368092e-06,84.39239761195222,-1.0602875550614816,0.2369032081173857,-2.921104450876424,0.0,0.0,0.0,-0.007408521337461556,0.0016553080000537934,0.020410561785776153,0.0,0.0,0.0,0.0,0.0,0.0,0.0,0.0,0.5,0.0,0.0,1.0,0.0,0.0,0.0
8.8,25.88307125745271,-6.519558554318442,81.06661257736678,0.17453292519943295,0.3490658503988659,0.5235987755982988,-0.5816638090644468,-0.10016121649828309,0.7819862420610129,0.20032243299656632,6386904.073835831,7.922080326790387e-05,-0.00015978881464324073,-2.5018195483583538e-11,1.2403631298955482e-11,8767.073835831136,0.0,-0.08024967551014657,-0.3081199570781739,-0.421304796734993,0.0173356732611033,0.3899160039416302,0.5183439341666568,0.17453292519924707,0.34906585039565485,0.5235987755980999,304.84476214018616,0.48026841229196027,31879.70738626299,231.2425058642743,0.2799717777211878,1.2617438525803204,-0.0764625214050781,85.3479303472569,1749.2030339537318,9.771404432040837,-1.8238611038630844e-05,9.53887298689911e-06,85.34793271211623,-0.9676553015925176,0.24373897373755907,-3.0307435637424964,0.0,0.0,0.0,-0.006761274255209258,0.0017030713782177518,0.021176640481325452,0.0,0.0,0.0,0.0,0.0,0.0,0.0,0.0,0.5,0.0,0.0,1.0,0.0,0.0,0.0
8.9,22.952001045017536,-6.439349163785625,82.94518394673162,0.17453292519943295,0.3490658503988659,0.5235987755982988,-0.599369148323956,-0.08820984762871668,0.7757888435813892,0.17641969525743353,6386895.491287487,8.027776212997331e-05,-0.00016180185337959384,-2.5333411765515797e-11,1.2569136639492736e-11,8758.491287486628,0.0,-0.0774786766026598,-0.26918832641190876,-0.36972697682918143,0.03796686335035145,0.3885458187545423,0.5135039808253514,0.17453292519909092,0.3490658503956986,0.5235987755981475,304.88143635313565,0.48075979736077906,31919.980130540724,231.29813872918533,0.28307053364633905,1.3008369504395163,-0.07468281870035978,86.30295125278995,1790.3982473516764,9.771430693189906,-1.805687267501337e-05,9.42806718976878e-06,86.30295156305564,-0.868564173682199,0.24368290580575772,-3.1388826669164063,0.0,0.0,0.0,-0.0060688972373217276,0.0017026796161272561,0.02193223819578831,0.0,0.0,0.0,0.0,0.0,0.0,0.0,0.0,0.5,0.0,0.0,1.0,0.0,0.0,0.0
9.0,19.930440082297096,-6.168845198165628,84.72654117370007,0.17453292519943295,0.3490658503988659,0.5235987755982988,-0.6164365683776686,-0.07616457258699205,0.7687657135516525,0.15232914517398427,6386886.813415456,8.137122237751689e-05,-0.00016389209628899965,-2.566071719710915e-11,1.2740357666367155e-11,8749.813415455632,0.0,-0.07268067798231412,-0.23044399686713743,-0.3185470287329334,0.057961755616552424,0.3861663075889511,0.5103597419285335,0.1745329251989222,0.3490658503957603,0.5235987755981929,304.91851734936256,0.48125668909635366,31960.705421082228,231.3543895099683,0.2861664754250939,1.3397640010720513,-0.07075607859523303,87.25745740171243,1832.111459185463,9.771457246120825,-1.7784699178235996e-05,9.39330961102769e-06,87.25745528594481,-0.7633539384070338,0.23627236819651354,-3.245103400902693,0.0,0.0,0.0,-0.005333764329994325,0.0016509001476820535,0.022674431736079935,0.0,0.0,0.0,0.0,0.0,0.0,0.0,0.0,0.5,0.0,0.0,1.0,0.0,0.0,0.0
9.1,16.83155969656718,-5.702446693719747,86.40255147420537,0.17453292519943295,0.3490658503988659,0.5235987755982988,-0.632844749431946,-0.06403784659447419,0.760920442620894,0.1280756931889485,6386878.039813554,8.215457133276536e-05,-0.00016542132318962173,-2.5900185061780756e-11,1.2863024912185409e-11,8741.039813554225,0.0,-0.06590351992497806,-0.19198850462157946,-0.26760107779685544,0.07744372655208047,0.38279007219257283,0.5088239926466466,0.17453292519875682,0.34906585039568594,0.5235987755982207,304.9559822931467,0.48176131711407877,32002.12150567685,231.41126169497895,0.28925958080546077,1.3784005233746741,-0.06469056920883993,88.2114399749692,1874.3554235102404,9.771484092080556,-1.8413322069458598e-05,9.610075172972188e-06,88.21144328948508,-0.6523908687445393,0.22102742850191606,-3.3489869768740355,0.0,0.0,0.0,-0.004558434783457154,0.00154437955289002,0.023400294909255513,0.0,0.0,0.0,0.0,0.0,0.0,0.0,0.0,0.5,0.0,0.0,1.0,0.0,0.0,0.0
9.200000000000001,13.66990752033541,-5.037307923697938,87.96646445385555,0.17453292519943295,0.3490658503988659,0.5235987755982988,-0.6485792925862063,-0.051842973562542374,0.7522652397112908,0.10368594712508486,6386869.170992405,8.336878456283024e-05,-0.00016770727553165878,-2.625813540989623e-11,1.305315363970048e-11,8732.170992405465,0.0,-0.05720205928397408,-0.15391929770817306,-0.2167320605553404,0.09652756715329357,0.3784294624476317,0.5088022143390887,0.17453292519860691,0.34906585039583055,0.5235987755982533,304.99385384117267,0.48227142182205956,32043.987075949964,231.46875110957362,0.2923498069968939,1.416628970372061,-0.056524711297047794,89.1648946819696,1917.1209985399423,9.77151122950975,-1.7770148597643743e-05,9.379369607209755e-06,89.16489208739254,-0.5361384342713496,0.19756554341894025,-3.4501072100888006,0.0,0.0,0.0,-0.0037461469873634455,0.0013804448962730063,0.024106849845078777,0.0,0.0,0.0,0.0,0.0,0.0,0.0,0.0,0.5,0.0,0.0,1.0,0.0,0.0,0.0
9.3,10.460165588677075,-4.170572148957147,89.41147512632575,0.17453292519943295,0.3490658503988659,0.5235987755982988,-0.6636235680934607,-0.03959290699860972,0.7428093820906797,0.07918581399721952,6386860.207004876,8.42452898445658e-05,-0.0001694103521497537,-2.6524825447713823e-11,1.3190407667318073e-11,8723.207004875876,0.0,-0.04661099542497232,-0.11633456213051037,-0.16579310935873628,0.11531115639577982,0.37308335538358334,0.5102143407984574,0.17453292519842964,0.34906585039581245,0.5235987755982737,305.0321317676904,0.4827870001795917,32086.301882343345,231.5268574110613,0.2954371223128327,1.4543366347972362,-0.046295644206247925,90.11781522239524,1960.4098705737247,9.771538658250273,-1.8156324282259106e-05,9.579436365925176e-06,90.11781609419592,-0.4150825832006813,0.16549755798205193,-3.5480457501928075,0.0,0.0,0.0,-0.0029002963957948124,0.0011563770448448929,0.024791173414337588,0.0,0.0,0.0,0.0,0.0,0.0,0.0,0.0,0.5,0.0,0.0,1.0,0.0,0.0,0.0
9.4,7.217435172169694,-3.0993326456182073,90.73060278684707,0.17453292519943295,0.3490658503988659,0.5235987755982988,-0.6779581075091458,-0.02730049465197546,0.7325590968130963,0.054600989303950964,6386851.147447567,8.518994783719544e-05,-0.00017121638859470936,-2.6807637229696917e-11,1.3338333064845806e-11,8714.147447567744,0.0,-0.034147104805577144,-0.0793361498814804,-0.11464342819734025,0.13387738363942484,0.36673816256672837,0.5129907821696518,0.17453292519827213,0.34906585039584015,0.5235987755982878,305.0708177952846,0.48330807538875253,32129.06782910955,231.58558321434396,0.298521480145901,1.4914142336116631,-0.03403937663666183,91.07019246128675,2004.2262602336593,9.771566379540724,-1.8338526110698677e-05,9.598067761758719e-06,91.07019452079689,-0.28973816960587173,0.12442055956757966,-3.642370069819865,0.0,0.0,0.0,-0.002024480436043303,0.0008693607370708701,0.02545024342913002,0.0,0.0,0.0,0.0,0.0,0.0,0.0,0.0,0.5,0.0,0.0,1.0,0.0,0.0,0.0
9.5,3.95757417249315,-1.8236071534598035,91.9185693409044,0.17453292519943295,0.3490658503988659,0.5235987755982988,-0.6915710083199622,-0.014979042614108883,0.7215290935481796,0.029958085228217798,6386841.992832249,8.64047304393148e-05,-0.00017350168034464025,-2.7165488131613213e-11,1.3528553006592336e-11,8704.992832249342,0.0,-0.019837444046949686,-0.043021561283596445,-0.06315175045119167,0.15229603055067395,0.35938321713609367,0.5170509079770444,0.17453292519813787,0.3490658503960021,0.5235987755982977,305.1099097386077,0.48383461801435534,32172.28250042914,231.64492520204072,0.30160286158095023,1.5277664559048385,-0.01981887908521206,92.02202226107495,2048.5693421385477,9.771594391818304,-1.772858954692443e-05,9.416824014933193e-06,92.02201882709976,-0.16070686080911276,0.07405216672615415,-3.732689860669088,0.0,0.0,0.0,-0.0011229031234943978,0.0005174228959465262,0.02608133269779802,0.0,0.0,0.0,0.0,0.0,0.0,0.0,0.0,0.5,0.0,0.0,1.0,0.0,0.0,0.0
9.600000000000001,0.6965759611490941,-0.3434218468724747,92.97005456113965,0.17453292519943295,0.3490658503988659,0.5235987755982988,-0.7044478903856319,-0.002641631689748024,0.7097311537651276,0.0052832633794960586,6386832.7432137495,8.716719266079017e-05,-0.0001749975016555892,-2.7399731399186966e-11,1.3647952931507184e-11,8695.74321374949,0.0,-0.003693982850784016,-0.007492485138674277,-0.011193811692553303,0.1706194838013658,0.35099762930699163,0.5223204236530766,0.1745329251979452,0.3490658503959606,0.5235987755982993,305.1493949384931,0.48436774651776093,32216.065951301913,231.70488345222847,0.3046812475095609,1.5633039903617647,-0.003693776966024831,92.97329832664776,2093.445683558622,9.771622694918989,-1.8448034945328634e-05,9.709456093631714e-06,92.97330130025394,-0.02861090970831463,0.014105585034146663,-3.818618478073647,0.0,0.0,0.0,-0.0001999123106240212,9.855960980018702e-05,0.026681739627504305,0.0,0.0,0.0,0.0,0.0,0.0,0.0,0.0,0.5,0.0,0.0,1.0,0.0,0.0,0.0
9.700000000000001,-2.5491233727209766,1.3411726211196788,93.87960411654659,0.17453292519943295,0.3490658503988659,0.5235987755982988,-0.7165713483991898,0.009698608028627527,0.6971741323419343,-0.019397216057255053,6386823.398191473,8.829464386154411e-05,-0.0001771152259630144,-2.773134857902484e-11,1.382450059428469e-11,8686.398191473136,0.0,0.014284455100806155,0.027142364429563245,0.04135048116688309,0.18888279344410353,0.3415509738225033,0.5287268536607048,0.1745329251978224,0.34906585039609556,0.5235987755982946,305.18927267865774,0.48490770301743896,32260.44357284967,231.76546064631214,0.30775659267198224,1.5979416935885606,0.01427921865908285,93.92401107393077,2138.8608119818196,9.771651290072954,-1.810189772151936e-05,9.549631272494833e-06,93.92401059069088,0.10589516148654718,-0.055714851753959,-3.899750727412435,0.0,0.0,0.0,0.0007399186755158419,-0.00038929502290421407,0.02724863301176911,0.0,0.0,0.0,0.0,0.0,0.0,0.0,0.0,0.5,0.0,0.0,1.0,0.0,0.0,0.0
9.8,-5.763017386916618,3.227155445649291,94.64372578613711,0.17453292519943295,0.3490658503988659,0.5235987755982988,-0.7279321039933221,0.02202850330114535,0.6838750973910309,-0.0440570066022907,6386813.958278325,8.935465650362437e-05,-0.00017912997227395952,-2.804684361517831e-11,1.3990489952340508e-11,8676.958278325697,0.0,0.03408407842987355,0.060780088581169414,0.09458748122318827,0.20710275354386332,0.33101995789113386,0.5361806543543876,0.17453292519767938,0.34906585039620297,0.5235987755982828,305.2295553438605,0.4854531423229454,32305.271811960538,231.82665295104457,0.31082886473812393,1.6316119454815694,0.03402104271314905,94.8741565698048,2184.8083540931657,9.771680175713986,-1.7977781863187652e-05,9.565580544990123e-06,94.8741549904064,0.24209370590149895,-0.13556712406694796,-3.9757304465541115,0.0,0.0,0.0,0.0016915754384501823,-0.0009472448549582795,0.02777952424763088,0.0,0.0,0.0,0.0,0.0,0.0,0.0,0.0,0.5,0.0,0.0,1.0,0.0,0.0,0.0
9.9,-8.928465575569165,5.311479121396521,95.25889778846889,0.17453292519943295,0.3490658503988659,0.5235987755982988,-0.7385181169150385,0.03433497208607465,0.6698481727428888,-0.06866994417214933,6386804.423531176,9.017056257946627e-05,-0.00018071059054483658,-2.8294367348879018e-11,1.4118259555161425e-11,8667.423531175591,0.0,0.05570054508314218,0.09331111401488752,0.1486170632522489,0.22527541960247724,0.3193748344315529,0.5445889840890019,0.17453292519749938,0.3490658503962126,0.5235987755982655,305.2702426914284,0.48600406114841604,32350.550398577885,231.88845999778775,0.3138980318233118,1.6642517117106401,0.05545810892267679,95.8237283550641,2231.290065667148,9.77170935167192,-1.8558289010428553e-05,9.762864324525111e-06,95.82373171650829,0.3792447005296121,-0.2256099093079498,-4.046208372401756,0.0,0.0,0.0,0.0026498872334966995,-0.0015763986091054262,0.02827197293758276,0.0,0.0,0.0,0.0,0.0,0.0,0.0,0.0,0.5,0.0,0.0,1.0,0.0,0.0,0.0
10.0,-12.028378284864129,7.590996236145143,95.72151238761789,0.17453292519943295,0.3490658503988659,0.5235987755982988,-0.7483142619729685,0.04660472148099036,0.6551048190109874,-0.09320944296198076,6386794.793552235,9.141410401881749e-05,-0.0001830234253011879,-2.8656537625381542e-11,1.4312985930597884e-11,8657.79355223508,0.0,0.07913671048931059,0.12461649299911498,0.20353392089175132,0.24337416940854684,0.30658044754092967,0.5538504858380219,0.17453292519742317,0.3490658503964138,0.5235987755982408,305.3113364188294,0.48656048247807404,32396.281221715275,231.9508843651194,0.3169640454859667,1.6958004652569143,0.0785214807664706,96.7727167290624,2278.3102774724885,9.771738819168508,-1.7876009062926333e-05,9.519552570225185e-06,96.77271388372532,0.5165715243346307,-0.32600409676124487,-4.110826281908194,0.0,0.0,0.0,0.0036094275954566294,-0.002277880463112213,0.028723476078476317,0.0,0.0,0.0,0.0,0.0,0.0,0.0,0.0,0.5,0.0,0.0,1.0,0.0,0.0,0.0
10.100000000000001,-15.046319215087284,10.059675657108505,96.03010766339177,0.17453292519943295,0.3490658503988659,0.5235987755982988,-0.7573139509761624,0.05882484566874566,0.6396642596386706,-0.11764969133749137,6386785.068855548,9.229403577561723e-05,-0.00018472431693284047,-2.8922895471621023e-11,1.4450781541555e-11,8648.068855548589,0.0,0.1043741758854889,0.15458614561410808,0.25941292913092306,0.26134896861601437,0.29261488206339925,0.5638405899794126,0.17453292519725183,0.3490658503964649,0.5235987755982086,305.3528287075341,0.4871228870707971,32442.51667308673,232.01392291751353,0.3200268947282391,1.7262153870325028,0.10312470885555731,97.72111797590539,2325.8706334348076,9.771768576634104,-1.829908789237795e-05,9.730340678082424e-06,97.72111889943376,0.6532658601101873,-0.43676167716178615,-4.1693097327470765,0.0,0.0,0.0,0.0045645485892559234,-0.0030517741995481217,0.029132116066147514,0.0,0.0,0.0,0.0,0.0,0.0,0.0,0.0,0.5,0.0,0.0,1.0,0.0,0.0,0.0
10.200000000000001,-17.96572226341737,12.711442491919374,96.18320473581943,0.17453292519943295,0.3490658503988659,0.5235987755982988,-0.7655075896839324,0.07098237972094018,0.6235428302420516,-0.14196475944188042,6386775.249500045,9.325181734470775e-05,-0.00018654143134109414,-2.9207451969708275e-11,1.4600767007106987e-11,8638.249500044622,0.0,0.1313970354699505,0.18310212578504198,0.3163200489009106,0.2791240721234187,0.2774553152798538,0.5744218848192414,0.17453292519711974,0.3490658503965534,0.5235987755981724,305.3947019545656,0.487692846156229,32489.425617467194,232.07757587962777,0.32308656525095764,1.75545490071625,0.12918828901083435,98.66892530034053,2373.980707212255,9.77179862389234,-1.8488771200253495e-05,9.757817697853e-06,98.66892748725715,0.7884990853188937,-0.5578935614724133,-4.221392708027282,0.0,0.0,0.0,0.005509460400877017,-0.0038981560563173157,0.029496034167270098,0.0,0.0,0.0,0.0,0.0,0.0,0.0,0.0,0.5,0.0,0.0,1.0,0.0,0.0,0.0
10.3,-20.76958316333749,15.540048795544052,96.17929112584193,0.17453292519943295,0.3490658503988659,0.5235987755982988,-0.7728825101004496,0.08306399855250139,0.6067545129954464,-0.16612799710500287,6386765.335090764,9.449190864616254e-05,-0.00018884657746174436,-2.956842275600002e-11,1.4794955457679775e-11,8628.335090764178,0.0,0.1601888212401106,0.21003640376755553,0.3743119524455587,0.2965950743194235,0.26108003602399527,0.5854388589996196,0.17453292519707106,0.3490658503967577,0.5235987755981294,305.43698054492774,0.4882683225857969,32536.78865196713,232.1418450180716,0.32614298456235835,1.783476568851419,0.15663842800941122,99.61612884596306,2422.6352504206116,9.771828962156489,-1.7850609598468733e-05,9.559002566087807e-06,99.61612530438563,0.9213989107832994,-0.6894029259014268,-4.266772760852488,0.0,0.0,0.0,0.006438068105454738,-0.004817048226462478,0.02981311710203224,0.0,0.0,0.0,0.0,0.0,0.0,0.0,0.0,0.5,0.0,0.0,1.0,0.0,0.0,0.0
10.4,-23.44228037885139,18.53658286980303,96.01909690997536,0.17453292519943295,0.3490658503988659,0.5235987755982988,-0.7794348375630442,0.09505718935106876,0.5893204588609062,-0.19011437870213763,6386755.3261429425,9.527531459208289e-05,-0.0001903756558369251,-2.980788305287476e-11,1.4917639667295815e-11,8618.326142942844,0.0,0.19070445922149343,0.235275002560028,0.43341810758796157,0.3136332415209301,0.2434887569101251,0.5967111547221597,0.17453292519688474,0.3490658503967974,0.523598775598076,305.4796622814714,0.4888492864529345,32584.60331520733,232.20672699288326,0.32919613636363754,1.810253557863902,0.1853880525651085,100.56272497940924,2471.8334801896394,9.771859589853294,-1.8555846552933034e-05,9.854154485585315e-06,100.56272771321576,1.0510981142116234,-0.8311394275983727,-4.30525960687917,0.0,0.0,0.0,0.007344312181850398,-0.005807400223056545,0.030082035301287856,0.0,0.0,0.0,0.0,0.0,0.0,0.0,0.0,0.5,0.0,0.0,1.0,0.0,0.0,0.0
10.5,-25.96807022437187,21.69207392091287,95.70334796373554,0.17453292519943295,0.3490658503988659,0.5235987755982988,-0.7851575417017398,0.10694922326403847,0.5712590951736624,-0.21389844652807705,6386745.222717569,9.638790241763737e-05,-0.00019244931526588057,-3.013261192592134e-11,1.509186589669913e-11,8608.22271756921,0.0,0.22289324939190097,0.25869687019384074,0.49365429667244365,0.3300825375531745,0.22468797796463152,0.6080408211489388,0.17453292519682395,0.34906585039695576,0.5235987755980238,305.5227469041194,0.4894357342175929,32632.86931583359,232.27222140871046,0.3322459876258764,1.8357559492957805,0.21535749910938468,101.50870678732983,2521.5771983774252,9.7718905068002,-1.8302886083176872e-05,9.7247843484638e-06,101.50870687804164,1.1767071048430102,-0.982946259809545,-4.336664547390888,0.0,0.0,0.0,0.008221976814267666,-0.006868116394099128,0.030301470275104256,0.0,0.0,0.0,0.0,0.0,0.0,0.0,0.0,0.5,0.0,0.0,1.0,0.0,0.0,0.0
10.600000000000001,-28.33079859311332,24.997310147697785,95.23279099265133,0.17453292519943295,0.3490658503988659,0.5235987755982988,-0.7900405394458262,0.11872687684441367,0.5525867857569984,-0.23745375368882748,6386735.024422544,9.75114717220537e-05,-0.0001945553069005832,-3.046240468252043e-11,1.5267812326103985e-11,8598.024422544055,0.0,0.25669503570088825,0.2801725371146281,0.555020884902675,0.34575813956850515,0.20469406984979963,0.6192092152955053,0.1745329251967645,0.3490658503971218,0.5235987755979628,305.5662303425787,0.4900282125105714,32681.644878947915,232.33833100848767,0.3352924958737297,1.8599486464286725,0.2464729499346877,102.45406445176566,2571.8736104810437,9.771921714201884,-1.803901844728745e-05,9.681985686960097e-06,102.4540621871803,1.2972987590704073,-1.1446567191751549,-4.36080282183701,0.0,0.0,0.0,0.009064583934570658,-0.007998031937275867,0.030470131050598526,0.0,0.0,0.0,0.0,0.0,0.0,0.0,0.0,0.5,0.0,0.0,1.0,0.0,0.0,0.0
10.700000000000001,-30.516396659186,28.440764918330224,94.61041683340939,0.17453292519943295,0.3490658503988659,0.5235987755982988,-0.794082671535723,0.13037814600431652,0.5333263795270895,-0.2607562920086332,6386724.731774314,9.831730484676891e-05,-0.00019611502014352185,-3.070666552731413e-11,1.5394010072636225e-11,8587.731774314618,0.0,0.2920150396720444,0.2995942672998438,0.6174848113412413,0.36046210086936115,0.18355307237207077,0.6299836183576888,0.17453292519660335,0.3490658503971908,0.5235987755978897,305.61009196192794,0.4906283729536089,32731.108424056012,232.40505309021245,0.3383356651619235,1.8828088537995236,0.27865056138502026,103.3987941729182,2622.731059654484,9.771953210481437,-1.869157771494656e-05,9.925270359367744e-06,103.39879756655874,1.4119916198517488,-1.3159546614755298,-4.377606585091834,0.0,0.0,0.0,0.009865974559497693,-0.009194937865802019,0.030587543575180877,0.0,0.0,0.0,0.0,0.0,0.0,0.0,0.0,0.5,0.0,0.0,1.0,0.0,0.0,0.0
10.8,-32.51068411200168,32.010839404458174,93.83922437973092,0.17453292519943295,0.3490658503988659,0.5235987755982988,-0.7972795768228702,0.1418906605402799,0.5134982557423099,-0.28378132108056,6386714.344835916,9.954738645442964e-05,-0.0001983809268490682,-3.106149987895927e-11,1.5586635174144018e-11,8577.344835915603,0.0,0.32874576572705,0.31685049773364815,0.6809947874903399,0.3739790075565673,0.1613255658476416,0.640121431678292,0.17453292519661687,0.34906585039738863,0.5235987755978271,305.6543553942445,0.49123403142093386,32781.025100948296,232.472386407866,0.34137543603036297,1.9043058757604419,0.31181336247132374,104.34288884728973,2674.140141556717,9.771984995450142,-1.8098501726626637e-05,9.696378882928514e-06,104.34288676168563,1.5198724405190998,-1.4965047318323956,-4.386977846516306,0.0,0.0,0.0,0.010619767582910656,-0.010456490962727185,0.030653023161252325,0.0,0.0,0.0,0.0,0.0,0.0,0.0,0.0,0.5,0.0,0.0,1.0,0.0,0.0,0.0
10.9,-34.299113695546424,35.69563349789869,92.92228797853122,0.17453292519943295,0.3490658503988659,0.5235987755982988,-0.7996238380821662,0.15325142901619335,0.49312098004977895,-0.30650285803238686,6386703.863218193,0.00010051821773840645,-0.0002002269754816997,-3.1350596455509314e-11,1.5738668944016697e-11,8566.863218192942,0.0,0.36676329575958694,0.33182551737348526,0.7454793235809193,0.3860787862594744,0.13808980357632503,0.649371902534284,0.1745329251965257,0.34906585039751553,0.5235987755977444,305.6990222978895,0.49184521060397346,32831.396779788716,232.5403334841392,0.3444117596420802,1.9243987858820932,0.34588944032015484,105.2863386262411,2726.1053813134963,9.77201707030383,-1.830422317302312e-05,9.830682013915274e-06,105.28633837155988,1.6199954933426126,-1.685958167885897,-4.3888421205283,0.0,0.0,0.0,0.011319354944540845,-0.011780254329332376,0.03066604935752408,0.0,0.0,0.0,0.0,0.0,0.0,0.0,0.0,0.5,0.0,0.0,1.0,0.0,0.0,0.0
11.0,-35.86986710435504,39.481400042750394,91.86482913719232,0.17453292519943295,0.3490658503988659,0.5235987755982988,-0.8011170127817089,0.16444906549590102,0.4722188817899063,-0.32889813099180226,6386693.287438815,0.00010141875603830418,-0.00020193903642939142,-3.161871524889164e-11,1.587969728277267e-11,8556.287438815149,0.0,0.4059091170805681,0.3444348427969432,0.8108332149737846,0.39654744434374345,0.11395664196026152,0.6574991760721389,0.1745329251964243,0.34906585039762394,0.5235987755976578,305.74409046684366,0.4924618803176717,32882.220972809395,232.60889096324647,0.3474446198763051,1.9430549878388654,0.3807990775306483,106.22913973070136,2778.625984035904,9.772049433461895,-1.8704378308124586e-05,9.952509156659536e-06,106.22914269565429,1.711497897002552,-1.8838223217414782,-4.383238759584078,0.0,0.0,0.0,0.011958707454817525,-0.013162785699016187,0.03062689713045266,0.0,0.0,0.0,0.0,0.0,0.0,0.0,0.0,0.5,0.0,0.0,1.0,0.0,0.0,0.0
11.100000000000001,-37.21102748211925,43.354309063647754,90.67208864938708,0.17453292519943295,0.3490658503988659,0.5235987755982988,-0.8017574748401547,0.1754716813414762,0.4508141121572018,-0.3509433626829526,6386682.617562847,0.00010269986572457518,-0.00020428628512388238,-3.198629043536813e-11,1.6080314597465527e-11,8545.617562847212,0.0,0.44601017684856714,0.35459517270926677,0.8769332405196694,0.40517846532860863,0.08905409199302003,0.6642810998390564,0.17453292519649266,0.34906585039782567,0.5235987755975895,305.7895469121711,0.4930852025790019,32933.622946413474,232.67805886971917,0.3504739980123583,1.960228416719488,0.41646799795724926,107.17128505669619,2831.71049494716,9.772082084729515,-1.7977729179108357e-05,9.700501318654637e-06,107.17128151427285,1.7935017272010725,-2.0895963763598013,-4.370224597526834,0.0,0.0,0.0,0.012531690814736414,-0.0146005857251114,0.030535963593762525,0.0,0.0,0.0,0.0,0.0,0.0,0.0,0.0,0.5,0.0,0.0,1.0,0.0,0.0,0.0
11.200000000000001,-38.3103687256232,47.30017880462699,89.34943532784966,0.17453292519943295,0.3490658503988659,0.5235987755982988,-0.8015405198613548,0.18630664103380937,0.4289272377937355,-0.37261328206761896,6386671.853204145,0.0001035481551282842,-0.0002059229642562241,-3.224260914043463e-11,1.6213163524998557e-11,8534.853204145407,0.0,0.4868766592193172,0.36222474029776464,0.9436374593708095,0.41177935710079255,0.06352870364257177,0.6695151425304817,0.17453292519637717,0.34906585039793364,0.523598775597482,305.83538747971465,0.49371573180439765,32985.66185168334,232.7478399103646,0.35349985148413704,1.9758564017862372,0.4528253070590723,108.11276449827498,2885.3669423619667,9.772115025293473,-1.8554676503394284e-05,9.963528695940595e-06,108.11276606339179,1.8650924628232755,-2.3027544663793256,-4.349860005307894,0.0,0.0,0.0,0.013031915013247264,-0.016089980041420836,0.030393670575927415,0.0,0.0,0.0,0.0,0.0,0.0,0.0,0.0,0.5,0.0,0.0,1.0,0.0,0.0,0.0
11.3,-39.158947556783225,51.30355134299057,87.90418953359303,0.17453292519943295,0.3490658503988659,0.5235987755982988,-0.8004704188608677,0.1969432830923822,0.4065838526761027,-0.39388656618476464,6386660.994881591,0.00010456814904786401,-0.00020782749474302612,-3.2540868368661495e-11,1.6372898003341047e-11,8523.99488159114,0.0,0.5282948528271717,0.36728176387761885,1.0107805320782304,0.41621244209498726,0.03755090991481446,0.6730522938443461,0.17453292519635447,0.34906585039807125,0.5235987755973912,305.8816281970902,0.4943517650228087,33038.15501309167,232.81823008115796,0.35652214336644383,1.9898797421502532,0.489793518539091,109.05357415005747,2939.5850866009746,9.772148253569494,-1.8624714755333123e-05,9.952273970270656e-06,109.0535759184898,1.9254710977277532,-2.522634019169523,-4.322301687624757,0.0,0.0,0.0,0.01345379717425281,-0.017626339070385594,0.03020111301585284,0.0,0.0,0.0,0.0,0.0,0.0,0.0,0.0,0.5,0.0,0.0,1.0,0.0,0.0,0.0
11.4,-39.747736642217944,55.348877810997614,86.34370108500747,0.17453292519943295,0.3490658503988659,0.5235987755982988,-0.798548304932481,0.2073703191474132,0.3838076666376541,-0.4147406382948266,6386650.042662306,0.00010582138097409842,-0.00021012670071832274,-3.290092604333937e-11,1.656915288409732e-11,8513.042662305757,0.0,0.5700431490061337,0.36973003447578057,1.0781874758600334,0.41837557729102587,0.011301051119019245,0.674784536682183,0.17453292519644126,0.3490658503982504,0.5235987755973162,305.928268778458,0.4949932983025587,33091.10210614898,232.88922894697825,0.35954084057310604,2.002218301816529,0.5272982436639926,109.9937069116819,2994.366810512341,9.772181769356564,-1.8018628409777193e-05,9.759207130199954e-06,109.99370323754694,1.9738279325300034,-2.7485630701673336,-4.2877311614918385,0.0,0.0,0.0,0.013791679705019478,-0.019204967610426005,0.029959559222940368,0.0,0.0,0.0,0.0,0.0,0.0,0.0,0.0,0.5,0.0,0.0,1.0,0.0,0.0,0.0
11.5,-40.06746978068989,59.42021897216545,84.67549707942754,0.17453292519943295,0.3490658503988659,0.5235987755982988,-0.7957722064879376,0.21757558637681287,0.3606210337343113,-0.43515117275362597,6386638.996163246,0.00010661719297156496,-0.00021166957555292113,-3.314256147779735e-11,1.669378730240731e-11,8501.996163246222,0.0,0.6118916602372669,0.3695391969958652,1.1456747070305953,0.41820656518747734,-0.015031609773101633,0.6746490396799321,0.17453292519633332,0.34906585039836063,0.5235987755971866,305.97531085502635,0.4956403540806401,33144.50498262748,232.96083899094066,0.3625558935006664,2.0127660725843737,0.5652657455608526,110.93315267177228,3049.716746853101,9.772215573832142,-1.8746430643072173e-05,1.0066535436189149e-05,110.93315547128306,2.009322916544446,-2.979839958809039,-4.246344623911473,0.0,0.0,0.0,0.014039692939908956,-0.020820962965822247,0.029670380079712552,0.0,0.0,0.0,0.0,0.0,0.0,0.0,0.0,0.5,0.0,0.0,1.0,0.0,0.0,0.0
11.600000000000001,-40.11259934259931,63.50101247142492,82.90876602737997,0.17453292519943295,0.3490658503988659,0.5235987755982988,-0.7921490908345624,0.2275492514709254,0.3370505878927112,-0.45509850294185106,6386627.855904454,0.00010775046748744105,-0.00021375503424115886,-3.346915446929231e-11,1.687126131682364e-11,8490.855904454676,0.0,0.6536072010075816,0.36672317406214333,1.2130554241242266,0.41572046279370733,-0.04125442626564456,0.6726588879518368,0.1745329251963918,0.34906585039850807,0.5235987755971014,306.0227257442202,0.49629534213720344,33198.6243529197,233.03305777309228,0.36556731759558375,2.0214136736764363,0.6036157710861545,111.87190743204343,3105.6493423555976,9.772249665408442,-1.849634860207062e-05,9.941322637689138e-06,111.87190763854609,2.0312892156284015,-3.2156776282531174,-4.198470861716779,0.0,0.0,0.0,0.014193177525002583,-0.022468825753528314,0.0293358729103783,0.0,0.0,0.0,0.0,0.0,0.0,0.0,0.0,0.5,0.0,0.0,1.0,0.0,0.0,0.0
11.700000000000001,-39.877508957230006,67.57459898164693,81.05273481068475,0.17453292519943295,0.3490658503988659,0.5235987755982988,-0.7876828349555071,0.23728073725738902,0.31312136044072847,-0.4745614745147783,6386616.621955129,0.0001089162296888663,-0.00021590768930019742,-3.38062705310941e-11,1.705382303901684e-11,8479.621955129318,0.0,0.6949612367889081,0.3613023691303983,1.2801473226458924,0.4109756930606876,-0.06717945972845973,0.6688757346376942,0.17453292519646849,0.3490658503986591,0.5235987755970127,306.07053357013973,0.49695637588645725,33253.25681713687,233.10588412641548,0.368575055701197,2.028019141738314,0.6422675306725074,112.80996395910933,3162.155278007958,9.772284043878189,-1.8174041571228372e-05,9.867435717403339e-06,112.80996127590527,2.039029354231021,-3.4552456892868753,-4.144413977737306,0.0,0.0,0.0,0.01424726000641876,-0.02414275381527942,0.028958162565211245,0.0,0.0,0.0,0.0,0.0,0.0,0.0,0.0,0.5,0.0,0.0,1.0,0.0,0.0,0.0
11.8,-39.35642428512406,71.62390384735205,79.11685124072426,0.17453292519943295,0.3490658503988659,0.5235987755982988,-0.7823742030266849,0.24675846495125842,0.2888572731241677,-0.4935169299025171,6386605.293935415,0.00010972893640073602,-0.00021747217561981507,-3.4051294173273955e-11,1.7181105040535938e-11,8468.293935415024,0.0,0.7357298332339253,0.35330340055603027,1.3467739700315249,0.404071362851038,-0.09262488532327758,0.663407284700326,0.17453292519639962,0.34906585039877613,0.5235987755968711,306.1187417272916,0.49762294497329274,33308.34676046566,233.17932031010054,0.3715790506637856,2.032399524957455,0.6811364698290467,113.74731190652017,3219.23596388893,9.77231871040926,-1.8867077765586746e-05,1.0139655793513686e-05,113.74731527731115,2.0318268313203163,-3.6976859400368296,-4.08450983658395,0.0,0.0,0.0,0.014196933993996198,-0.02583675065808535,0.028539595822804072,0.0,0.0,0.0,0.0,0.0,0.0,0.0,0.0,0.5,0.0,0.0,1.0,0.0,0.0,0.0
11.9,-38.54758302171138,75.63193911785089,77.11184943111797,0.17453292519943295,0.3490658503988659,0.5235987755982988,-0.7762328132538082,0.2559735276606652,0.26428575793247727,-0.5119470553213308,6386593.872366498,0.00011095151871427455,-0.00021969827733783943,-3.439991359003424e-11,1.7372565241279458e-11,8456.872366498224,0.0,0.7757078805653684,0.3427947414065705,1.4127774137652989,0.3951707734384869,-0.11742786685598457,0.6564241080842724,0.17453292519652813,0.3490658503989136,0.5235987755967999,306.1673479976857,0.49829501872979354,33363.89164829442,233.2533629454507,0.374579286838519,2.0343574506928253,0.7201298883289415,114.6839473344237,3276.8905703150103,9.7723536634104,-1.8363683402355956e-05,9.933900958121933e-06,114.68394598633203,2.0091656763837125,-3.9420747482680416,-4.019200699076463,0.0,0.0,0.0,0.014038594259574232,-0.027544362608989317,0.028083262881381053,0.0,0.0,0.0,0.0,0.0,0.0,0.0,0.0,0.5,0.0,0.0,1.0,0.0,0.0,0.0
12.0,-37.44917007956127,79.58161600026455,75.04850971513079,0.17453292519943295,0.3490658503988659,0.5235987755982988,-0.7692652377358142,0.26491616092205467,0.23943291589170435,-0.5298323218441098,6386582.357319682,0.0001120120542284416,-0.0002216755498237349,-3.4709573512298306e-11,1.7538653376960564e-11,8445.357319681905,0.0,0.8147053967720186,0.3298479382944664,1.4780162728036932,0.3844601004249847,-0.14144235802672497,0.6481250835883264,0.17453292519658625,0.3490658503990426,0.5235987755966909,306.2163386674615,0.49897383586768274,33420.02539040735,233.32801204307103,0.3775757480978689,2.033643228917531,0.7591485237756483,115.61986315215717,3335.1293320108753,9.772388902667993,-1.8370125893341083e-05,9.990031403006583e-06,115.61986185600377,1.9705259187381645,-4.187479633071385,-3.9489535613781137,0.0,0.0,0.0,0.013768607624698764,-0.02925907416690951,0.02759242677182807,0.0,0.0,0.0,0.0,0.0,0.0,0.0,0.0,0.5,0.0,0.0,1.0,0.0,0.0,0.0
12.100000000000001,-36.05930098043865,83.45542016431627,72.93786929184029,0.17453292519943295,0.3490658503988659,0.5235987755982988,-0.7614749670437823,0.27357547759757556,0.21432401184863067,-0.5471509551951514,6386570.748418345,0.00011288033074205983,-0.0002233251494275907,-3.496792852314973e-11,1.7674638737218586e-11,8433.748418344805,0.0,0.8525459421524613,0.31453712230733466,1.5423656731180269,0.3721416529714494,-0.16453848350774614,0.6387311994371156,0.17453292519657337,0.3490658503991594,0.5235987755965492,306.2657086278238,0.499660040591099,33476.817010278915,233.40327028112978,0.38056839153632277,2.0299403425398994,0.7980816431201891,116.55504858966962,3393.9615890650375,9.772424429340186,-1.892328223362938e-05,1.0189019272151732e-05,116.55505195968674,1.9153678745092513,-4.432927215667025,-3.874254480879238,0.0,0.0,0.0,0.013383203169415067,-0.030974084066070984,0.02707048371107736,0.0,0.0,0.0,0.0,0.0,0.0,0.0,0.0,0.5,0.0,0.0,1.0,0.0,0.0,0.0
12.200000000000001,-34.3802356233994,87.23666140387428,70.79180447697765,0.17453292519943295,0.3490658503988659,0.5235987755982988,-0.752874188892392,0.28194358636592076,0.1889870161605499,-0.563887172731842,6386559.0461848015,0.00011416037016750535,-0.00022563962643855253,-3.533039071809408e-11,1.7875098209478286e-11,8422.046184801186,0.0,0.8890858498597705,0.2969704288721704,1.6057327627821287,0.35844485660323094,-0.18661788021641124,0.6284893147353587,0.17453292519675226,0.34906585039927196,0.5235987755964965,306.3154755083771,0.5003517622018675,33534.065218335745,233.4791335736388,0.3835571774275659,2.022899434569836,0.8368055307077015,117.48949966587813,3453.374399739729,9.7724602418323,-1.826265808328269e-05,9.940180332179697e-06,117.48949705217878,1.843369491438128,-4.677392601032372,-3.7956557727686047,0.0,0.0,0.0,0.012880130625840586,-0.032682231082513995,0.026521292877557886,0.0,0.0,0.0,0.0,0.0,0.0,0.0,0.0,0.5,0.0,0.0,1.0,0.0,0.0,0.0
12.3,-32.41419744070179,90.90854668887764,68.62224455076063,0.17453292519943295,0.3490658503988659,0.5235987755982988,-0.7434720954831575,0.2900116274638838,0.16344884055538927,-0.5800232549277681,6386547.250692511,0.0001151253938542294,-0.0002274578146051125,-3.561514628744798e-11,1.8026233790370224e-11,8410.250692510977,0.0,0.9241987875668445,0.2772534275332649,1.6680452145199114,0.3435916146686248,-0.2076010503249372,0.6176449547361117,0.174532925196798,0.3490658503993865,0.5235987755963646,306.36563899671347,0.5010489963577556,33591.76965520633,233.55560144437175,0.386542073389244,2.0120860030975756,0.8751789424052356,118.42320931301026,3513.3697180950835,9.772496339924228,-1.856547446266177e-05,1.0107918274826488e-05,118.42320937959437,1.7542117897654903,-4.919845530151216,-3.7137415063671786,0.0,0.0,0.0,0.01225716119449376,-0.03437631651257722,0.025948935324570963,0.0,0.0,0.0,0.0,0.0,0.0,0.0,0.0,0.5,0.0,0.0,1.0,0.0,0.0,0.0
12.4,-30.163433871447726,94.45386339528461,66.44140287063793,0.17453292519943295,0.3490658503988659,0.5235987755982988,-0.733274876535883,0.2977695087277376,0.13773585908040703,-0.5955390174554757,6386535.361568147,0.00011606543806026075,-0.00022921835720207697,-3.589087732783542e-11,1.8173458924820152e-11,8398.361568147006,0.0,0.9577724387820628,0.25548916293117646,1.7292496290569066,0.32779209831915684,-0.2274246042083377,0.6064390494292227,0.1745329251968453,0.3490658503994915,0.5235987755962346,306.4161959577316,0.501752205148168,33649.97974357254,233.63267648040824,0.38952303358400286,1.9969573608036362,0.9130346620431984,119.35616667234446,3573.9554462365645,9.77253272476419,-1.8930891513946335e-05,1.0222476895194177e-05,119.3561696307148,1.6475691795798326,-5.159220561202659,-3.629127860079952,0.0,0.0,0.0,0.011512019888937998,-0.03604889582064739,0.025357716460436514,0.0,0.0,0.0,0.0,0.0,0.0,0.0,0.0,0.5,0.0,0.0,1.0,0.0,0.0,0.0
12.5,-27.634295606304168,97.85695640376052,64.2618291907298,0.17453292519943295,0.3490658503988659,0.5235987755982988,-0.722297175526377,0.3052104327514401,0.111876310023496,-0.6104208655028808,6386523.379335116,0.00011737038611852837,-0.00023156869933231084,-3.625896056230903e-11,1.8377821414263403e-11,8386.379335115975,0.0,0.9897299683714644,0.2318050327104307,1.7893269807530192,0.3112498708870656,-0.24605651403946288,0.5951048774919426,0.17453292519705227,0.3490658503995718,0.5235987755962002,306.4671190723033,0.5024636955733475,33708.94581329387,233.7103561752378,0.39250007492956174,1.976913673380982,0.9501812520969452,120.28836768594533,3635.1477689140306,9.772569394754205,-1.8216039734397782e-05,9.965837585686662e-06,120.28836426141746,1.523369431086077,-5.39448763453417,-3.5425069963272584,0.0,0.0,0.0,0.01064420201969026,-0.03769277169607211,0.024752472614729047,0.0,0.0,0.0,0.0,0.0,0.0,0.0,0.0,0.5,0.0,0.0,1.0,0.0,0.0,0.0
12.600000000000001,-24.83311338138496,101.10206747167469,62.0961318455738,0.17453292519943295,0.3490658503988659,0.5235987755982988,-0.7105507064512944,0.3123265268257443,0.08589765279980507,-0.6246530536514892,6386511.304069074,0.00011826405043035614,-0.00023326716705358185,-3.652497520907213e-11,1.851778612761648e-11,8374.30406907387,0.0,1.0200063415129565,0.2063210001628191,1.8482752946227103,0.2941420177187638,-0.263477160138878,0.5838568033515898,0.17453292519709962,0.3490658503996754,0.5235987755960477,306.51843756649,0.5031807101855823,33768.369710116625,233.78863899436735,0.39547312748736513,1.951228576418694,0.9863889486904618,121.21980513696046,3696.9293506201066,9.772606349667534,-1.873938648344617e-05,1.0213629256128332e-05,121.219806347958,1.3815241021767444,-5.624544165965073,-3.454552857673968,0.0,0.0,0.0,0.009653089617373035,-0.0393002400793348,0.024137912809871986,0.0,0.0,0.0,0.0,0.0,0.0,0.0,0.0,0.5,0.0,0.0,1.0,0.0,0.0,0.0
12.700000000000001,-21.76633647711123,104.17304076818778,59.95722008518014,0.17453292519943295,0.3490658503988659,0.5235987755982988,-0.6980443084636752,0.31910859143432374,0.05982712559502685,-0.638217182868648,6386499.1354000475,0.00011927779096390134,-0.00023514102693676157,-3.681845436135661e-11,1.8676553216330737e-11,8362.135400047837,0.0,1.0485444901298453,0.17915061521028391,1.9061078680377497,0.27661960803462016,-0.2796761281148937,0.5728921848325044,0.17453292519720154,0.34906585039975746,0.5235987755959397,306.5701530126337,0.5039032709534108,33828.2532547236,233.86752733629632,0.3984421386626787,1.9190271095949583,1.021374764785673,122.15046790943718,3759.3050034530042,9.772643590642302,-1.8908017478243753e-05,1.024729091151737e-05,122.15047021596548,1.2219559339161283,-5.848274618961378,-3.3659921629352936,0.0,0.0,0.0,0.008538142852511798,-0.04086350640925693,0.023519114830493792,0.0,0.0,0.0,0.0,0.0,0.0,0.0,0.0,0.5,0.0,0.0,1.0,0.0,0.0,0.0
12.8,-18.444298186752924,107.0559756788978,57.85780173811974,0.17453292519943295,0.3490658503988659,0.5235987755982988,-0.6847949386998915,0.32555098964661316,0.03369295940666437,-0.6511019792932269,6386486.8738525435,0.00012057948011366803,-0.00023748219692702762,-3.718510687168902e-11,1.8880408353122105e-11,8349.873852543533,0.0,1.0753179586544641,0.15042342039486034,1.9628672380215753,0.25881096496062844,-0.29466693999827537,0.5623849702097967,0.17453292519741753,0.3490658503998045,0.5235987755959196,306.6222619957683,0.5046314578017285,33888.60589677863,233.94701784269313,0.40140709581627576,1.8793913547754642,1.0548103176083476,123.08035219608674,3822.2746914227373,9.772681116077191,-1.8227472556494224e-05,1.0012345213065524e-05,123.0803484535506,1.0448467479620174,-6.064626157345615,-3.277587351706697,0.0,0.0,0.0,0.007300632163135279,-0.04237521422932968,0.022901406052158332,0.0,0.0,0.0,0.0,0.0,0.0,0.0,0.0,0.5,0.0,0.0,1.0,0.0,0.0,0.0
12.9,-14.877328420043042,109.73686968152278,55.81064758521994,0.17453292519943295,0.3490658503988659,0.5235987755982988,-0.67081671350687,0.3316469085234802,0.00752289645990889,-0.663293817046961,6386474.519504433,0.00012143055113053844,-0.00023910750131853065,-3.7439670445453296e-11,1.9013706350770977e-11,8337.519504432566,0.0,1.100303345410929,0.12025911349475724,2.018606829517352,0.24081475122376897,-0.3084665654751282,0.5524891891848497,0.17453292519748048,0.3490658503998954,0.5235987755957541,306.6747318423509,0.5053682953179855,33949.75537135295,234.02711115391023,0.4043680087766145,1.8313065284057786,1.0862949733512337,124.00945065719365,3885.863708725071,9.772718925738774,-1.8884407069208464e-05,1.0305783497699395e-05,124.00945273524465,0.850388651547879,-6.27256359467297,-3.190138713216077,0.0,0.0,0.0,0.0059418998554239405,-0.04382813040659016,0.022290378316241775,0.0,0.0,0.0,0.0,0.0,0.0,0.0,0.0,0.5,0.0,0.0,1.0,0.0,0.0,0.0
13.0,-11.075967584218455,112.20136008528564,53.82883481034373,0.17453292519943295,0.3490658503988659,0.5235987755982988,-0.6561210462877786,0.33738813147401264,-0.018655216660247463,-0.6747762629480258,6386462.071989134,0.00012251170845028157,-0.00024108386303677045,-3.77492045403703e-11,1.9183032338292915e-11,8325.071989134265,0.0,1.1234770509343337,0.08876947812888282,2.0733902673292897,0.2227027689218697,-0.32109310257779017,0.5433438574640371,0.1745329251976252,0.34906585039994603,0.5235987755956752,306.7275965477728,0.5061107671725806,34011.374401705565,234.10780849790996,0.4073247816231042,1.7737169330643339,1.1153366133316556,124.93775178335784,3950.0542612370696,9.772757020754968,-1.8871646733013364e-05,1.0269519994684133e-05,124.93775334500323,0.6387726438231193,-6.470940227341266,-3.1044419292771726,0.0,0.0,0.0,0.004463280493069543,-0.04521424260696548,0.021691591270847858,0.0,0.0,0.0,0.0,0.0,0.0,0.0,0.0,0.5,0.0,0.0,1.0,0.0,0.0,0.0
13.100000000000001,-7.054245432688987,114.43796932086491,51.92468805443627,0.17453292519943295,0.3490658503988659,0.5235987755982988,-0.6407270409781379,0.3427702362851111,-0.044813431592085014,-0.6855404725702228,6386449.531832261,0.00012379115566588957,-0.0002433857442609987,-3.810971073397379e-11,1.9383407800673565e-11,8312.5318322607,0.0,1.1448387530298834,0.0560764216775497,2.1273029684311693,0.2045224307119385,-0.33258003319557705,0.5350635647532149,0.17453292519783786,0.34906585039996263,0.5235987755956649,306.7808547027683,0.5068587649301812,34073.45203635802,234.18910643800365,0.4102773996528045,1.7058142485886818,1.1413845740458681,125.86525183536266,4014.8448705483947,9.77279539952109,-1.8283698248448367e-05,1.0075023949932906e-05,125.86524816222001,0.4104553624256041,-6.65875330669345,-3.021315019527529,0.0,0.0,0.0,0.002867964729086419,-0.046526544349254934,0.021110760644611027,0.0,0.0,0.0,0.0,0.0,0.0,0.0,0.0,0.5,0.0,0.0,1.0,0.0,0.0,0.0
13.200000000000001,-2.826204969915895,116.43512118559954,50.110598319206986,0.17453292519943295,0.3490658503988659,0.5235987755982988,-0.6246510775362769,0.34778753294482306,-0.0709239883533698,-0.6955750658896467,6386436.899113948,0.00012462452659159058,-0.00024497798759284876,-3.835910249529544e-11,1.95139368884833e-11,8299.899113948457,0.0,1.164382963017495,0.022292098617044617,2.180436403000107,0.1862966365230617,-0.3429570195838136,0.5277513745533321,0.17453292519792524,0.3490658504000355,0.5235987755954961,306.8345056773994,0.5076123110769117,34135.990836112316,234.27100446494075,0.41322583080874925,1.6271359866398818,1.1638061245694717,126.79194352933526,4080.237742022043,9.772834061796877,-1.9000882097941485e-05,1.0385935478751662e-05,126.79194621103545,0.16590412737001842,-6.83498450435959,-2.9415966551021016,0.0,0.0,0.0,0.0011592178571995504,-0.04775792029251054,0.02055374646386921,0.0,0.0,0.0,0.0,0.0,0.0,0.0,0.0,0.5,0.0,0.0,1.0,0.0,0.0,0.0
13.3,1.5938145436353774,118.18093109043187,48.39925680913139,0.17453292519943295,0.3490658503988659,0.5235987755982988,-0.6079070413261057,0.35243286882101954,-0.09695869631593391,-0.7048657376420396,6386424.173471045,0.00012576286690579272,-0.00024703988374361773,-3.868203505451753e-11,1.9692219541550478e-11,8287.17347104506,0.0,1.1820966010134304,-0.012478565707723167,2.2328889792955184,0.16802612246252807,-0.35224864255144034,0.5215041728224039,0.1745329251980979,0.34906585040005017,0.5235987755954509,306.8885150637425,0.5083748120577747,34199.35973945229,234.35350620864517,0.4161700694352569,1.537868315196266,1.181901578978595,127.71781513335023,4146.26536019674,9.772873008699916,-1.8834732657069253e-05,1.0293335223584185e-05,127.71781596653503,-0.09439249781787078,-6.998626599402543,-2.8661804348576543,0.0,0.0,0.0,-0.0006595463945999432,-0.04890133270647812,0.02002679255008939,0.0,0.0,0.0,0.0,0.0,0.0,0.0,0.0,0.5,0.0,0.0,1.0,0.0,0.0,0.0
13.4,6.188543984871799,119.66693160912011,46.80206104274741,0.17453292519943295,0.3490658503988659,0.5235987755982988,-0.5905159949493073,0.3567030782034308,-0.12289016145755477,-0.7134061564068621,6386411.355430259,0.00012701081602673722,-0.00024928768465022996,-3.903407888912744e-11,1.9887666009472386e-11,8274.355430259058,0.0,1.197983161975753,-0.048124082049109944,2.28477431390492,0.1496918178383767,-0.36048812308673117,0.5163999055705188,0.17453292519830166,0.3490658504000398,0.5235987755954468,306.9429165994628,0.5091428493778741,34263.18874940816,234.4366069779931,0.41911005379090926,1.4393245783631674,1.1950283120746106,128.64286279995997,4212.899971005444,9.772912238622196,-1.836311431209954e-05,1.014734455040411e-05,128.6428594273776,-0.36970276866181595,-7.148738025459198,-2.795887359519474,0.0,0.0,0.0,-0.0025832151260049984,-0.04995020260750513,0.019535635461587576,0.0,0.0,0.0,0.0,0.0,0.0,0.0,0.0,0.5,0.0,0.0,1.0,0.0,0.0,0.0
13.5,10.940684556127152,120.8845617433507,45.330477069293124,0.17453292519943295,0.3490658503988659,0.5235987755982988,-0.572496424693462,0.36059364735523,-0.1486908700169984,-0.7211872947104605,6386398.445074029,0.00012784426204940055,-0.0002508756506751757,-3.92828059246259e-11,2.0018209503982587e-11,8261.445074029267,0.0,1.212034552570365,-0.08454082238790915,2.33621020838146,0.13125603778574899,-0.36770015128831074,0.5125154958116873,0.1745329251984152,0.3490658504000885,0.5235987755952842,306.9977099346786,0.5099164180976031,34327.47745546574,234.52030623852465,0.42204575132183053,1.333971637234227,1.2026282838972837,129.56707914346282,4280.143568488539,9.772951751316494,-1.9092775229268e-05,1.0456598960928432e-05,129.5670822113437,-0.6592769467752928,-7.284407513037465,-2.7315784825707445,0.0,0.0,0.0,-0.00460654970829875,-0.05089816270452596,0.019086291616336817,0.0,0.0,0.0,0.0,0.0,0.0,0.0,0.0,0.5,0.0,0.0,1.0,0.0,0.0,0.0
13.600000000000001,15.832565032001817,121.82501677880445,43.99625345818208,0.17453292519943295,0.3490658503988659,0.5235987755982988,-0.5538645589664131,0.3640985580006043,-0.17433255703479597,-0.7281971160012091,6386385.442042699,0.00012902808183602602,-0.0002530039829509246,-3.9616146763197927e-11,2.020361642911843e-11,8248.442042699395,0.0,1.2242291119346433,-0.12163016449614635,2.3873210412690073,0.11266304211748308,-0.37390016143666976,0.5099315654796451,0.17453292519860053,0.34906585040006644,0.5235987755952739,307.05289213291513,0.5106959621615408,34392.27352821824,234.60460648061868,0.4249771137170753,1.2253669459088037,1.2043132500111555,130.49045237596084,4348.004667616743,9.77299154788987,-1.880687065280997e-05,1.0321626810139159e-05,130.49045257474822,-0.9623342283165024,-7.404699921463976,-2.674153039944046,0.0,0.0,0.0,-0.006724094449867424,-0.051738678911953086,0.018685044223606263,0.0,0.0,0.0,0.0,0.0,0.0,0.0,0.0,0.5,0.0,0.0,1.0,0.0,0.0,0.0
13.700000000000001,20.844290430960374,122.48331713045182,42.80933777736275,0.17453292519943295,0.3490658503988659,0.5235987755982988,-0.5346432124348675,0.36721593019914806,-0.19978864796342913,-0.7344318603982966,6386372.346864058,0.00013024473963813975,-0.0002551980513509502,-3.9959782722912506e-11,2.0394166292555272e-11,8235.346864057705,0.0,1.2345566302947817,-0.1592887939527483,2.438241686850032,0.09384263342315863,-0.37910756112986693,0.5087161322170887,0.17453292519879354,0.3490658504000313,0.5235987755952758,307.10843236768704,0.5114841555308165,34457.868214700495,234.68950529901537,0.4279041677278348,1.117684135407767,1.2000273458120223,131.41297867610058,4416.505814660619,9.77303162673102,-1.8447775540645722e-05,1.0221770015306216e-05,131.41297567043947,-1.2778803586423426,-7.508914838881001,-2.6244505191943395,0.0,0.0,0.0,-0.008928902219526528,-0.05246685725911953,0.01833775901428541,0.0,0.0,0.0,0.0,0.0,0.0,0.0,0.0,0.5,0.0,0.0,1.0,0.0,0.0,0.0
13.8,25.95592009240739,122.8543961687049,41.77974687528924,0.17453292519943295,0.3490658503988659,0.5235987755982988,-0.5148528025230461,0.3699424696173189,-0.22503213671159208,-0.7398849392346383,6386359.159622871,0.0001310873116433994,-0.0002567964585590438,-4.0210149811588146e-11,2.0526141478572964e-11,8222.159622871317,0.0,1.242990289933963,-0.1974182113623616,2.489112337989249,0.07470920895989296,-0.3833300979561934,0.5089454352333788,0.1745329251989297,0.34906585040005106,0.5235987755951265,307.1643630648944,0.512277890106461,34523.92404905415,234.77500097840013,0.43082683509608266,1.0148938287049916,1.1899799419695798,132.33465039355252,4485.622951509134,9.773071987585698,-1.9166876324305804e-05,1.0521010306518974e-05,132.33465369551524,-1.6048902711289987,-7.5962564407130255,-2.583299264740682,0.0,0.0,0.0,-0.011213810594291286,-0.0530771371004057,0.018050223859102387,0.0,0.0,0.0,0.0,0.0,0.0,0.0,0.0,0.5,0.0,0.0,1.0,0.0,0.0,0.0
13.9,31.14707744828799,122.93301857782589,40.91775131398282,0.17453292519943295,0.3490658503988659,0.5235987755982988,-0.49451174656082947,0.37227335104226755,-0.2500349555237059,-0.7445467020845355,6386345.879963041,0.0001323061071875836,-0.0002589742845530941,-4.0551246272609204e-11,2.0717028121849547e-11,8208.879963040972,0.0,1.2494845519910505,-0.23592162240213646,2.5400822064475066,0.05516042411563966,-0.3865629982018812,0.510708035926241,0.17453292519911381,0.3490658503999946,0.5235987755951506,307.22068573485177,0.5130771873219409,34590.44281500587,234.86109582743998,0.4337450608063208,0.9201724360460976,1.1746040343759414,133.2554555424552,4555.36103326073,9.773112631550235,-1.879198706096948e-05,1.0355316301039844e-05,133.25545523103705,-1.9423018568859862,-7.665950075689983,-2.551578794969952,0.0,0.0,0.0,-0.013571398326651714,-0.053564105733912015,0.017828584195400843,0.0,0.0,0.0,0.0,0.0,0.0,0.0,0.0,0.5,0.0,0.0,1.0,0.0,0.0,0.0
14.0,36.39598986943789,122.71803646072152,40.23137030037513,0.17453292519943295,0.3490658503988659,0.5235987755982988,-0.4736443890165618,0.3742079972333476,-0.27477160545013374,-0.7484159944666956,6386332.508413449,0.00013349689596653855,-0.000261123205923386,-4.0887818728149704e-11,2.0903530438050808e-11,8195.50841344893,0.0,1.2540016904588045,-0.2746982340803439,2.5913079698721817,0.03508400745365498,-0.3888020870543282,0.5140844729271393,0.17453292519929506,0.34906585039993576,0.5235987755951602,307.27738529450943,0.5138832369497673,34657.554734890786,234.94778687478563,0.43665885104356705,0.8354232871317944,1.1545424116041973,134.17539054416915,4625.730075630243,9.773153557009996,-1.8528046404971594e-05,1.0293836818201877e-05,134.17538787216606,-2.2888761589738924,-7.717478482000934,-2.5300652055580217,0.0,0.0,0.0,-0.015993008483044822,-0.053924148908820295,0.017678262817541767,0.0,0.0,0.0,0.0,0.0,0.0,0.0,0.0,0.5,0.0,0.0,1.0,0.0,0.0,0.0
14.100000000000001,41.680823631224776,122.2082229253091,39.72869167237643,0.17453292519943295,0.3490658503988659,0.5235987755982988,-0.45227288549810724,0.3757443653384214,-0.29921584517873606,-0.7514887306768433,6386319.045061199,0.000134351948521794,-0.0002627375596780807,-4.1140688058994853e-11,2.103746267197437e-11,8182.0450611989945,0.0,1.2564828771242176,-0.313648138242689,2.6429552087856822,0.014352816382514772,-0.39002860940799144,0.5191704891689325,0.17453292519944746,0.3490658503999239,0.5235987755950292,307.33444856713123,0.5146972522503686,34725.39190648647,235.03507401206932,0.43956819078153747,0.7614235957828634,1.130471404278884,135.09444752149537,4696.743610539659,9.773194763703673,-1.9227814750166758e-05,1.0581216308480631e-05,135.09445095028192,-2.6433542606348133,-7.7503177387364035,-2.5195520926066974,0.0,0.0,0.0,-0.018469844665155364,-0.05415360584535578,0.01760480480018485,0.0,0.0,0.0,0.0,0.0,0.0,0.0,0.0,0.5,0.0,0.0,1.0,0.0,0.0,0.0
14.200000000000001,46.97926094313963,121.40226494934085,39.41801790062321,0.17453292519943295,0.3490658503988659,0.5235987755982988,-0.43041766566888645,0.3768788698925824,-0.32334007411627863,-0.7537577397851652,6386305.489553808,0.00013559599020313562,-0.0002649492755743607,-4.148709704150072e-11,2.123230566223797e-11,8168.489553807924,0.0,1.2568454511567355,-0.352668828699704,2.695203251119496,-0.0071776729696935914,-0.39020763784076956,0.5260805404994879,0.17453292519961866,0.3490658503998376,0.5235987755950847,307.39190243147516,0.5155168393947066,34793.69341593847,235.12295862005027,0.44247298829538634,0.698115318343378,1.103040512976013,136.01261418215236,4768.3851789148775,9.773236252716694,-1.8793222296883058e-05,1.0395297122064079e-05,136.0126135045783,-3.0044105347406247,-7.763874132813064,-2.520847126315665,0.0,0.0,0.0,-0.020992644350927556,-0.054248328106591935,0.017613853557590157,0.0,0.0,0.0,0.0,0.0,0.0,0.0,0.0,0.5,0.0,0.0,1.0,0.0,0.0,0.0
14.3,52.268506042515895,120.3030367930588,39.305027851304395,0.17453292519943295,0.3490658503988659,0.5235987755982988,-0.40810436780590664,0.3776122408261931,-0.3471201138464798,-0.7552244816523866,6386291.84242126,0.00013676941692086498,-0.00026706642410794163,-4.181870022803812e-11,2.1416092516072428e-11,8154.842421259421,0.0,1.2550123223959666,-0.3916535721795234,2.7482367342735223,-0.029656631779885857,-0.38930196033933456,0.5349218454051597,0.17453292519978622,0.34906585039975563,0.5235987755951057,307.44974464125056,0.5163419663391395,34862.45659284237,235.21143726267772,0.4453732321072592,0.6447790690053424,1.0728717581102374,136.9298870195693,4840.653767637109,9.773278022431075,-1.859802465986603e-05,1.0361003615363032e-05,136.92988459292962,-3.370595758965831,-7.75785914145256,-2.534623878672682,0.0,0.0,0.0,-0.02355128142460166,-0.054206299704366315,0.017710115522856708,0.0,0.0,0.0,0.0,0.0,0.0,0.0,0.0,0.5,0.0,0.0,1.0,0.0,0.0,0.0
14.4,57.52568764358904,118.91334383439683,39.39546713908391,0.17453292519943295,0.3490658503988659,0.5235987755982988,-0.38535667614999236,0.3779437072807756,-0.3705307384115591,-0.7558874145615516,6386278.103753023,0.00013763645714871296,-0.00026869613271419485,-4.207397929574822e-11,2.1551904710793628e-11,8141.10375302285,0.0,1.2508808844606438,-0.43049159805254333,2.802254357582422,-0.05324728414860258,-0.38725600231373986,0.5458198037472646,0.17453292519994731,0.34906585039971133,0.5235987755949958,307.50794943847353,0.5171750548700631,34931.945351500064,235.30051026607413,0.44826892604124097,0.6004738156024461,1.0404895669895569,137.84625824392876,4913.574411227749,9.773320072578343,-1.928014593843841e-05,1.0639070723073019e-05,137.8462617351411,-3.740452114721756,-7.732018279725414,-2.5615836056374386,0.0,0.0,0.0,-0.02613556970595818,-0.054025742482346616,0.017898490564624465,0.0,0.0,0.0,0.0,0.0,0.0,0.0,0.0,0.5,0.0,0.0,1.0,0.0,0.0,0.0
14.5,62.72741952290411,117.23599215504443,39.695247899588296,0.17453292519943295,0.3490658503988659,0.5235987755982988,-0.36219683602808794,0.37787095787646524,-0.3935450797248428,-0.7557419157529309,6386264.273200284,0.0001388973993270359,-0.0002709284701204751,-4.242362334815708e-11,2.174939736106455e-11,8127.273200283448,0.0,1.2443195727389,-0.4690639659465655,2.8574745595558193,-0.07812852201062374,-0.38399311270881975,0.5589196172628311,0.17453292520009642,0.34906585039960114,0.5235987755950788,307.5665296039966,0.5180150451263376,35002.0437145386,235.3901794881478,0.4511599971187154,0.5642102853090167,1.0063310830465353,138.76171515330844,4987.142602331273,9.773362404232875,-1.881095220449916e-05,1.044146946801068e-05,138.7617142580316,-4.112445350382031,-7.686038621509382,-2.6024381295112873,0.0,0.0,0.0,-0.028734788956080108,-0.053704469939481664,0.01818395238147441,0.0,0.0,0.0,0.0,0.0,0.0,0.0,0.0,0.5,0.0,0.0,1.0,0.0,0.0,0.0
14.600000000000001,67.85080996458555,115.2779027655818,40.20738314023157,0.17453292519943295,0.3490658503988659,0.5235987755982988,-0.33865153201994064,0.37739602179577325,-0.4161405115716061,-0.754792043591547,6386250.351294123,0.00014006333495148623,-0.00027302920513121685,-4.275266238121897e-11,2.1932014446402834e-11,8113.351294122636,0.0,1.235202497845926,-0.5072464603885337,2.9141180369215314,-0.10447206119535618,-0.37943187334428213,0.5743511674969123,0.17453292520024682,0.3490658503994972,0.5235987755951153,307.6254967026125,0.5188605836774132,35072.605090547,235.48044099242344,0.4540464142069097,0.5349545463847171,0.9707762423857575,139.676254242384,5061.344903657194,9.77340501577333,-1.8654963639619372e-05,1.0422207829208215e-05,139.67625194572057,-4.484963273927646,-7.6198928536632575,-2.657718541467793,0.0,0.0,0.0,-0.03133767434504851,-0.053242291231327,0.018570211853792457,0.0,0.0,0.0,0.0,0.0,0.0,0.0,0.0,0.5,0.0,0.0,1.0,0.0,0.0,0.0
14.700000000000001,72.87287843617798,113.045939408498,40.93494931840753,0.17453292519943295,0.3490658503988659,0.5235987755982988,-0.31474575235365143,0.37651940867813155,-0.43829306500261195,-0.7530388173562635,6386236.338126411,0.00014093971732051104,-0.00027467034313294396,-4.300973665711948e-11,2.2069292437407637e-11,8099.33812641073,0.0,1.2233750520204985,-0.544904609936282,2.9724242586016096,-0.13245430032466782,-0.3734678068099675,0.5922546746390611,0.17453292520040903,0.3490658503994213,0.5235987755950273,307.6848484609357,0.5197118460934234,35143.64877151991,235.57129425068837,0.4569281471541332,0.5118050442084566,0.9341316280425533,140.5898677146556,5136.185080455095,9.773447906923979,-1.9326822279452927e-05,1.06957079921699e-05,140.58987123090486,-4.856375863249738,-7.533578793139487,-2.7279764996159805,0.0,0.0,0.0,-0.03393283645919311,-0.05263919110432775,0.019061123568810318,0.0,0.0,0.0,0.0,0.0,0.0,0.0,0.0,0.5,0.0,0.0,1.0,0.0,0.0,0.0
14.8,77.77011760322455,110.54705511033221,41.881134169658935,0.17453292519943295,0.3490658503988659,0.5235987755982988,-0.29050334371090425,0.3752401030744961,-0.4599768624380882,-0.7504802061489927,6386222.233352062,0.00014221025074286173,-0.000276911773607885,-4.3360810741825475e-11,2.226829032096909e-11,8085.233352061982,0.0,1.2086507201214594,-0.5818885842109548,3.0326568040368067,-0.16225154747521545,-0.36596982145188456,0.6127754813842805,0.17453292520052957,0.3490658503992938,0.523598775595133,307.7445499547699,0.5205723514039133,35215.5580336731,235.6627428021953,0.45980519297575584,0.4939930151035618,0.8966490163747767,141.50254273020607,5211.703232873376,9.773491078747947,-1.884523625387639e-05,1.0493827588220483e-05,141.50254176426142,-5.225027023020201,-7.427146592070543,-2.8138037593590766,0.0,0.0,0.0,-0.036508703704075614,-0.051895519985254254,0.01966082228460418,0.0,0.0,0.0,0.0,0.0,0.0,0.0,0.0,0.5,0.0,0.0,1.0,0.0,0.0,0.0
14.9,82.52050180825385,107.7920700883195,43.04606239590039,0.17453292519943295,0.3490658503988659,0.5235987755982988,-0.2659517801299734,0.3735614131838057,-0.4811710462376382,-0.7471228263676117,6386208.037503249,0.00014337901215362995,-0.0002790119599029195,-4.3689769936157466e-11,2.2451353185391105e-11,8071.037503248702,0.0,1.1908549375538109,-0.6180417655507027,3.095073168469002,-0.19400025881016908,-0.35680216550577304,0.6360131615415016,0.17453292520065758,0.34906585039917026,0.523598775595189,307.8046369408814,0.5214384129933229,35287.93161360859,235.75478183658802,0.4626774843311595,0.4808118156201832,0.8585461247947823,142.41427563881174,5287.86261000219,9.773534529620559,-1.8697636645489024e-05,1.0476986489038605e-05,142.41427334615787,-5.58918887140537,-7.300839552918482,-2.915547036971384,0.0,0.0,0.0,-0.039053202893160714,-0.05101297789545733,0.02037173060332942,0.0,0.0,0.0,0.0,0.0,0.0,0.0,0.0,0.5,0.0,0.0,1.0,0.0,0.0,0.0
15.0,87.10190470501769,104.7917603697068,44.429917449286556,0.17453292519943295,0.3490658503988659,0.5235987755982988,-0.24111711604006603,0.37148512540811335,-0.5018531347761609,-0.7429702508162271,6386193.750674269,0.0001442611845147496,-0.00028065924642979855,-4.394781263881414e-11,2.2589540835574895e-11,8056.750674269162,0.0,1.1697875609012476,-0.6531898373992995,-3.123237063612255,-0.22780411935318207,-0.3458035721694379,0.6620405067779723,0.17453292520081393,0.34906585039906457,0.5235987755951228,307.8651090201322,0.5223100251086948,35360.76903057291,235.84741074248203,0.46554498822231133,0.4716879618633124,0.8200024699862075,143.32505855283804,5364.665177910268,9.773578259258745,-1.9369187622686468e-05,1.075157309315955e-05,143.32506206853512,-5.947136011542968,-7.154962384786553,-3.0335819055551805,0.0,0.0,0.0,-0.041554278203092994,-0.04999369392141201,0.021196472757750745,0.0,0.0,0.0,0.0,0.0,0.0,0.0,0.0,0.5,0.0,0.0,1.0,0.0,0.0,0.0
15.100000000000001,91.49168107766117,101.557078070506,46.03293361272258,0.17453292519943295,0.3490658503988659,0.5235987755982988,-0.2160245699089955,0.3690115295293835,-0.5219984891497718,-0.7380230590587674,6386179.372523838,0.0001455345117125646,-0.0002828991930075285,-4.429866067223219e-11,2.2788979642892186e-11,8042.372523837412,0.0,1.145223445808772,-0.6871347420660145,-3.0556095837510244,-0.26371105522720273,-0.33278537101158645,0.6908799710539849,0.17453292520090205,0.34906585039892635,0.5235987755952455,307.9259459674704,0.5231893027162434,35434.300742541,235.94063250958945,0.4684076803090647,0.46615533788451097,0.7811708050275527,144.23487861606722,5442.1377664720485,9.773622268714162,-1.8895885884144095e-05,1.0552357276575708e-05,144.23487772444847,-6.297106245331823,-6.989863966340303,-3.168312130140621,0.0,0.0,0.0,-0.043999616670119326,-0.04884010577449721,0.02213786996540197,0.0,0.0,0.0,0.0,0.0,0.0,0.0,0.0,0.5,0.0,0.0,1.0,0.0,0.0,0.0
15.200000000000001,95.66962794711344,98.10242429235704,47.85224062421299,0.17453292519943295,0.3490658503988659,0.5235987755982988,-0.1907021413444519,0.36614518037205884,-0.5415882193996661,-0.7322903607441181,6386164.903585207,0.00014671636107186655,-0.00028501438389534617,-4.4629975614265916e-11,2.2974095298017844e-11,8027.903585206407,0.0,1.1169717833575015,-0.719671478732387,-2.984966020383967,-0.3016497009706157,-0.31756545074184117,0.72243010820324,0.17453292520100114,0.34906585039878757,0.5235987755953241,307.98714775884883,0.5240759974809572,35508.50046141067,236.03444360048746,0.4712655463772653,0.46379344945357354,0.7421861179812951,145.143732026677,5520.277747299768,9.77366655635883,-1.872599909920798e-05,1.0525315381926245e-05,145.14372961217336,-6.637382634978278,-6.806151915415904,-3.319900146697984,0.0,0.0,0.0,-0.046377221576727856,-0.04755645904797941,0.023197057211170956,0.0,0.0,0.0,0.0,0.0,0.0,0.0,0.0,0.5,0.0,0.0,1.0,0.0,0.0,0.0
15.3,99.61543142213176,94.4421702625513,49.88502084904417,0.17453292519943295,0.3490658503988659,0.5235987755982988,-0.16517670227146336,0.3628891250624966,-0.5606015478535302,-0.7257782501249936,6386150.343955124,0.00014760087587015435,-0.0002866627839033402,-4.488819843940627e-11,2.3112652837850503e-11,8013.343955123797,0.0,1.0848386778001038,-0.750570809239067,-2.911046020538926,-0.34141957769822995,-0.2999476656036887,0.756466145221608,0.17453292520114552,0.34906585039865473,0.5235987755952788,308.0487331636658,0.5249682500572973,35583.16526485803,236.1288427002386,0.4741185242442437,0.46426824488244073,0.7031655416404852,146.05161076286606,5599.06803401441,9.773711121902268,-1.940682756185197e-05,1.0806398357487979e-05,146.05161424943353,-6.9661967894429235,-6.604425979776858,-3.4885044126074827,0.0,0.0,0.0,-0.04867473668739937,-0.04614694434475853,0.02437514168044036,0.0,0.0,0.0,0.0,0.0,0.0,0.0,0.0,0.5,0.0,0.0,1.0,0.0,0.0,0.0
15.4,103.30828636524295,90.59094475953253,52.128443954971814,0.17453292519943295,0.3490658503988659,0.5235987755982988,-0.1394746004798185,0.35924495540733037,-0.5790153103348424,-0.7184899108146612,6386135.693296185,0.00014887012649327725,-0.0002888907119030229,-4.5237170925511693e-11,2.33114568256668e-11,7998.693296185073,0.0,1.0486389835803906,-0.7795737375205899,-2.83360258413099,-0.3826385999035246,-0.27972907931491453,0.7925869693071548,0.17453292520119992,0.349065850398512,0.523598775595412,308.1106999044032,0.5258664410077262,35658.33624305018,236.2238321295568,0.4769665620371313,0.467313254126175,0.6642147878199234,146.95850182597238,5678.517584502092,9.773755966384417,-1.896288032465776e-05,1.0617197569710394e-05,146.95850115295616,-7.28174475266348,-6.385342955167673,-3.6743047329310783,0.0,0.0,0.0,-0.05087955726399896,-0.04461615087769888,0.02567337972072815,0.0,0.0,0.0,0.0,0.0,0.0,0.0,0.0,0.5,0.0,0.0,1.0,0.0,0.0,0.0
15.5,106.730722674479,86.56624929802352,54.57666190542184,0.17453292519943295,0.3490658503988659,0.5235987755982988,-0.11362409263031348,0.35521842858119496,-0.5968127645320765,-0.7104368571623904,6386120.952142714,0.00015007488152711046,-0.0002910355256796575,-4.5573130838132123e-11,2.3500162722227506e-11,7983.9521427135915,0.0,1.0082768488596066,-0.8064215436411882,-2.7524749247016356,-0.4246742476629303,-0.2567553513929935,0.830137188396435,0.17453292520126304,0.3490658503983646,0.5235987755955149,308.17301133700374,0.5267738777468333,35734.375961834936,236.31940965952396,0.47980970274251894,0.4726849333023828,0.6254294572413919,147.86440153098062,5758.661832530527,9.773801088174023,-1.874103469508744e-05,1.0567550072930013e-05,147.86439887880476,-7.582412206227102,-6.149866501158657,-3.8772614075689695,0.0,0.0,0.0,-0.052980403618908,-0.04297081200178006,0.027091493936496604,0.0,0.0,0.0,0.0,0.0,0.0,0.0,0.0,0.5,0.0,0.0,1.0,0.0,0.0,0.0
15.600000000000001,109.8651507699202,82.38557067028265,57.22387164135402,0.17453292519943295,0.3490658503988659,0.5235987755982988,-0.08765261091230477,0.35081382417082607,-0.6139750374293476,-0.7016276483416526,6386106.120593927,0.00015095934479427385,-0.0002926816973480267,-4.5831010606633394e-11,2.3638715352295803e-11,7969.120593926869,0.0,0.9637132909471713,-0.8308331446363416,-2.6675638612606885,-0.46662661302118913,-0.23090678111891877,0.8681994342352511,0.1745329252013899,0.34906585039820764,0.5235987755954893,308.2357048741393,0.5276868790457457,35810.88196939171,236.41557328751722,0.48264785432764873,0.4801924919202274,0.5868979349718313,148.7693015846737,5839.463500568344,9.773846486973124,-1.943789831503581e-05,1.0859322543410594e-05,148.76930499638496,-7.866459392468558,-5.898892794133993,-4.097288898180715,0.0,0.0,0.0,-0.054965119585883314,-0.04121718954836341,0.028628886647788697,0.0,0.0,0.0,0.0,0.0,0.0,0.0,0.0,0.5,0.0,0.0,1.0,0.0,0.0,0.0
15.700000000000001,112.6935365424132,78.06672627312335,60.06419322000531,0.17453292519943295,0.3490658503988659,0.5235987755982988,-0.06158737944903593,0.34603402043203113,-0.6304806614150266,-0.6920680408640627,6386091.198316367,0.00015221708268047812,-0.0002948864037686023,-4.617635336225125e-11,2.3835720154546025e-11,7954.198316367653,0.0,0.9149945960040939,-0.8525043416823294,-2.578858555089129,-0.5072856609479922,-0.20212368065363148,0.9055512376599832,0.17453292520141167,0.3490658503980653,0.5235987755956268,308.29878192534676,0.5286054654314437,35887.85598580271,236.51232517558034,0.48548095875741765,0.48968669359669703,0.5487053403160285,149.6731888059787,5920.927676544152,9.773892163809741,-1.904579966982569e-05,1.0688383997129836e-05,149.6731884944436,-8.132136659984676,-5.633402278988745,-4.334326082573552,0.0,0.0,0.0,-0.056821479868408284,-0.039362134156118264,0.03028513077699977,0.0,0.0,0.0,0.0,0.0,0.0,0.0,0.0,0.5,0.0,0.0,1.0,0.0,0.0,0.0
15.8,115.2019659491504,73.62969082647504,63.088944606036556,0.17453292519943295,0.3490658503988659,0.5235987755982988,-0.03545664133835397,0.3408859211301396,-0.6463152009219255,-0.6817718422602796,6386076.1858454365,0.00015345353341791418,-0.00029707360406430516,-4.651895709342279e-11,2.4029392848469868e-11,7939.185845436218,0.0,0.8623417512676183,-0.8711578086930263,-2.486520849711376,-0.5451718644279765,-0.17047998105337245,0.9406972296075855,0.1745329252014324,0.34906585039791826,0.5235987755957536,308.36220963078097,0.5295325916599256,35965.62245719078,236.60966295397137,0.4883090546579326,0.5010267128940787,0.5109297089935753,150.5760596521086,6003.086966200299,9.773938117049324,-1.8745226009938176e-05,1.0604673462921706e-05,150.5760566695047,-8.377963762420046,-5.354645052446165,-4.588092454174782,0.0,0.0,0.0,-0.05853914157727667,-0.03741438059534715,0.03205826634740538,0.0,0.0,0.0,0.0,0.0,0.0,0.0,0.0,0.5,0.0,0.0,1.0,0.0,0.0,0.0
15.9,117.37639909551993,69.09444045536051,66.28947973323852,0.17453292519943295,0.3490658503988659,0.5235987755982988,-0.009288125788152548,0.3353749980148379,-0.6614618702415235,-0.6707499960296762,6386061.08328284,0.00015433761296835212,-0.0002987174037258509,-4.67764714164449e-11,2.416788861797307e-11,7924.083282840438,0.0,0.8061139878247525,-0.8865168543577929,-2.3908540055938725,-0.5785994468407624,-0.13616907364810657,0.971940841265115,0.17453292520153643,0.3490658503977409,0.5235987755957469,308.42600602393395,0.5304664485493261,36043.983406975225,236.70758529846316,0.49113207919349605,0.5141044979730311,0.47364769632524406,151.47790561588042,6085.92377141913,9.773984346386367,-1.9459119210196718e-05,1.090883790055841e-05,151.4779088774001,-8.602362182386159,-5.063840824616096,-4.8582689360167155,0.0,0.0,0.0,-0.06010707517649279,-0.03538245131671087,0.03394606388030219,0.0,0.0,0.0,0.0,0.0,0.0,0.0,0.0,0.5,0.0,0.0,1.0,0.0,0.0,0.0
16.0,119.20241577034894,64.48134345598264,69.6570131696888,0.17453292519943295,0.3490658503988659,0.5235987755982988,0.016890327880795464,0.3295053880836203,-0.6759011040480362,-0.659010776167241,6386045.890299134,0.00015557559618205416,-0.00030088667602807027,-4.711627213546722e-11,2.4361803666746268e-11,7908.890299133956,0.0,0.7468316926385095,-0.898313316431659,-2.2923240533328295,-0.6057773145753973,-0.0995288628129027,0.9974850249007959,0.1745329252015286,0.3490658503976023,0.5235987755958822,308.49018437483033,0.531405896567824,36122.81351449832,236.8060939174429,0.4939499549937247,0.5288382860604516,0.4369373715512791,152.37871326789042,6169.43019856829,9.774030852836782,-1.914351170739792e-05,1.0765735424911327e-05,152.37871345393526,-8.803707786164546,-4.76226680609814,-5.144531042194726,0.0,0.0,0.0,-0.061513932396192746,-0.03327527054263797,0.03594625610325392,0.0,0.0,0.0,0.0,0.0,0.0,0.0,0.0,0.5,0.0,0.0,1.0,0.0,0.0,0.0
16.1,120.67035664204546,59.812096487735474,73.18029683111322,0.17453292519943295,0.3490658503988659,0.5235987755982988,0.04305076025131498,0.3232850749918621,-0.6896209102350394,-0.6465701499837246,6386030.607430798,0.00015685045001248904,-0.00030312559595140694,-4.746698138567789e-11,2.4561493620420566e-11,7893.6074307976905,0.0,0.6852159641522174,-0.9063562633325237,-2.1915966770812245,-0.6251063202873853,-0.0610784494473169,1.0157215026009971,0.17453292520150254,0.3490658503974664,0.52359877559603,308.5547243677775,0.532352674198802,36202.304289798194,236.9051859836931,0.49676270206064166,0.5451460475271336,0.40087041965788195,153.2784791923322,6253.625744774952,9.774077634762701,-1.8743057057217024e-05,1.0638587482958415e-05,153.27847583012866,-8.980718361103142,-4.451419847947838,-5.446343841465236,0.0,0.0,0.0,-0.06275075406322898,-0.03110329718395039,0.038055105304247244,0.0,0.0,0.0,0.0,0.0,0.0,0.0,0.0,0.5,0.0,0.0,1.0,0.0,0.0,0.0
16.2,121.77043269191631,55.10841449528518,76.84810833530658,0.17453292519943295,0.3490658503988659,0.5235987755982988,0.06916541173981644,0.3167206706073734,-0.7026067529545633,-0.6334413412147473,6386015.234782052,0.00015773710711143823,-0.0003047718975074414,-4.772489358426076e-11,2.4700396305399924e-11,7878.234782052226,0.0,0.6221162219159314,-0.9104964634043686,-2.089467585016895,-0.6353215948594046,-0.02146310711075644,1.025381063027596,0.1745329252015782,0.34906585039727356,0.5235987755960414,308.61961825666395,0.5333074921084366,36282.53383604343,237.00486108506328,0.49957029828687655,0.5629666946273875,0.3655206274429259,154.17719474966358,6338.521504094554,9.774124691851007,-1.946609272884814e-05,1.0952885858728223e-05,154.17719774508052,-9.13207359690322,-4.132810287804792,-5.763160773817299,0.0,0.0,0.0,-0.06380831480569793,-0.02887708438594945,0.04026879251786664,0.0,0.0,0.0,0.0,0.0,0.0,0.0,0.0,0.5,0.0,0.0,1.0,0.0,0.0,0.0
16.3,122.49255412464102,50.392452157475915,80.64902755686757,0.17453292519943295,0.3490658503988659,0.5235987755982988,0.09520609474243023,0.3098175311737355,-0.7148411570899015,-0.6196350623474715,6385999.772027525,0.0001589463180891019,-0.0003068925993288893,-4.8057095254318725e-11,2.4889809547123462e-11,7862.772027524808,0.0,0.5584836084735196,-0.9106347558988674,-1.986834407311582,-0.6356661080815018,0.01857311085786078,1.025707098737421,0.17453292520154517,0.34906585039713967,0.5235987755961693,308.6848925168644,0.5342679066212198,36363.23364256195,237.10512042556488,0.5023726440620845,0.5822561505166238,0.330966135552636,155.07484622225527,6424.093971448825,9.774172025105305,-1.9253951245209104e-05,1.0848826453487475e-05,155.0748470239243,-9.25635336165014,-3.8079803227402182,-6.094384216870466,0.0,0.0,0.0,-0.06467669177055713,-0.026607407904564888,0.042583141991849274,0.0,0.0,0.0,0.0,0.0,0.0,0.0,0.0,0.5,0.0,0.0,1.0,0.0,0.0,0.0
16.400000000000002,122.83185718915783,45.686781180094385,84.56962463974928,0.17453292519943295,0.3490658503988659,0.5235987755982988,0.12114540053695097,0.30258464327354195,-0.7263146870840349,-0.6051692865470844,6385984.21970478,0.00016026247921437217,-0.0003091865692777235,-4.841643177609441e-11,2.509597169547203e-11,7847.219704779485,0.0,0.4953117233310438,-0.9067875346838088,-1.884637086110859,-0.6261618292479696,0.05824535394258977,1.0167189141874489,0.17453292520147123,0.3490658503970264,0.523598775596332,308.75053704501494,0.5352346572970084,36444.48578731797,237.20596080291645,0.5051697438097345,0.6029643806498001,0.2972780424672881,155.97143028849436,6510.351177186643,9.774219632884401,-1.8742014245750224e-05,1.0672703496084058e-05,155.97142657338384,-9.35255039478597,-3.478632155266761,-6.439229772511033,0.0,0.0,0.0,-0.06534884695071103,-0.02430616149783942,0.04499267292041308,0.0,0.0,0.0,0.0,0.0,0.0,0.0,0.0,0.5,0.0,0.0,1.0,0.0,0.0,0.0
16.5,122.7833474106189,41.01400885685183,88.59648400544212,0.17453292519943295,0.3490658503988659,0.5235987755982988,0.14695580645849204,0.295029695481944,-0.7370151974223802,-0.5900593909638884,6385968.577920577,0.00016115945784404097,-0.0003108474200094171,-4.867662848892946e-11,2.5236494022417868e-11,7831.5779205765575,0.0,0.4335549153026409,-0.899028997863544,-1.7837766009042255,-0.6074687605585408,0.09680604211329466,0.9990785116602157,0.17453292520151245,0.34906585039682525,0.5235987755963616,308.8165229844403,0.5362105401733755,36526.597495919006,237.3073825519176,0.5079616099864048,0.6250546813015646,0.26453173191221646,156.86693820557988,6597.329734832841,9.774267514867482,-1.9453914799072436e-05,1.0989055397203629e-05,156.86694077258954,-9.419676001199553,-3.146507104500562,-6.796932904799981,0.0,0.0,0.0,-0.06581787206095693,-0.02198551224230401,0.047492043280264025,0.0,0.0,0.0,0.0,0.0,0.0,0.0,0.0,0.5,0.0,0.0,1.0,0.0,0.0,0.0
16.6,122.3418216949206,36.39721378625102,92.71594039092297,0.17453292519943295,0.3490658503988659,0.5235987755982988,0.17260904698896773,0.2871592124416873,-0.7469274718723423,-0.5743184248833749,6385952.846353683,0.00016233060557664056,-0.0003129062693845808,-4.8999151250184486e-11,2.5419950552025374e-11,7815.846353682689,0.0,0.3740865124490886,-0.8874861489564799,-1.6850716986039382,-0.5807845061901065,0.1335896639642767,0.9739903238135712,0.17453292520145902,0.34906585039669474,0.5235987755964776,308.88288767830505,0.5371920245456813,36609.18051968845,237.40938645429895,0.5107481239024817,0.6485009997133464,0.23280883295445923,157.76135598019113,6684.992047216893,9.774315672045644,-1.937264125354926e-05,1.0936277315446819e-05,157.7613574791588,-9.456595624140439,-2.8133693954273915,-7.166627074013127,0.0,0.0,0.0,-0.06607583964062236,-0.01965778726411304,0.050075198319551366,0.0,0.0,0.0,0.0,0.0,0.0,0.0,0.0,0.5,0.0,0.0,1.0,0.0,0.0,0.0
16.7,121.50756752473225,31.858933424233214,96.912869708651,0.17453292519943295,0.3490658503988659,0.5235987755982988,0.19807852546847288,0.2789830972500466,-0.7560447199685661,-0.5579661945000935,6385937.025542739,0.00016368459177447877,-0.0003152488652637319,-4.936610931485155e-11,2.563203976638543e-11,7800.0255427391585,0.0,0.3176136568262352,-0.8723814868362687,-1.5891757007316172,-0.5477583880443043,0.16808580750822275,0.9431073825957754,0.17453292520134087,0.3490658503966141,0.523598775596647,308.9496277126525,0.5381791900335514,36692.24448214042,237.5119690588586,0.5135292793708981,0.6732669757086458,0.2021822320071168,158.65468027609526,6773.338096560127,9.774364102774385,-1.8754702882262112e-05,1.0712937154266912e-05,158.65467635906936,-9.462649894334625,-2.4810716206036902,-7.547296979455887,0.0,0.0,0.0,-0.06611814249488324,-0.017335931137989185,0.05273504385252909,0.0,0.0,0.0,0.0,0.0,0.0,0.0,0.0,0.5,0.0,0.0,1.0,0.0,0.0,0.0
16.8,120.28074383745012,27.421758223884822,101.17214984561392,0.17453292519943295,0.3490658503988659,0.5235987755982988,0.2233372211831744,0.27051004089563363,-0.7643573029744417,-0.5410200817912676,6385921.115597084,0.00016460622552092615,-0.00031694604348399654,-4.963200104521837e-11,2.577642638254473e-11,7784.115597084165,0.0,0.2646816336878358,-0.8539624018257819,-1.496578956562369,-0.5101413807206864,0.1999354357366597,0.9081890620602808,0.1745329252013412,0.34906585039641524,0.5235987755966944,309.0167013850233,0.5391761199450192,36776.23859161335,237.61513115082417,0.5163051113044685,0.6993239650759184,0.1727303518904446,159.54690240353415,6862.421776389616,9.774412806725072,-1.941799735405425e-05,1.1014883853022184e-05,159.54690433452424,-9.437236971741454,-2.151513386800545,-7.937975128620013,0.0,0.0,0.0,-0.06594057540152257,-0.015033216939928856,0.05546481974242396,0.0,0.0,0.0,0.0,0.0,0.0,0.0,0.0,0.5,0.0,0.0,1.0,0.0,0.0,0.0
16.900000000000002,118.66140224677036,23.108764005136983,105.47836546249877,0.17453292519943295,0.3490658503988659,0.5235987755982988,0.24835706228545926,0.261747674743161,-0.7718524117717813,-0.5234953494863224,6385905.11619968,0.00016573072063383903,-0.0003189310742035732,-4.9942971029478203e-11,2.5952581133645664e-11,7768.116199679673,0.0,0.21568248175527951,-0.832490730020501,-1.4076159072169574,-0.4696233745313101,0.22891983881604602,0.870938679011225,0.17453292520127114,0.3490658503962851,0.5235987755967962,309.08415095071365,0.5401787759997315,36860.718256690045,237.7188733034147,0.5190754910471644,0.7266488474842085,0.1445388748496096,160.43800802870592,6952.197717452499,9.774461784876124,-1.9491597463172652e-05,1.102516996335605e-05,160.43801024642963,-9.379589665981225,-1.8266247937494944,-8.33754776442208,0.0,0.0,0.0,-0.06553777778993779,-0.012763130808646285,0.0582567438615689,0.0,0.0,0.0,0.0,0.0,0.0,0.0,0.0,0.5,0.0,0.0,1.0,0.0,0.0,0.0
17.0,116.65513186843867,18.94151905958626,109.81527141032194,0.17453292519943295,0.3490658503988659,0.5235987755982988,0.2731125174850692,0.2527067234036246,-0.7785259642923184,-0.5054134468072495,6385889.027890242,0.0001671117036506523,-0.0003213053799843956,-5.031490190254663e-11,2.6168901922499766e-11,7752.027890241705,0.0,0.17080919675656225,-0.8082711274283938,-1.3224236485871073,-0.4277221821314564,0.2549841075119887,0.8328841923238668,0.17453292520111782,0.34906585039624244,0.5235987755969614,309.1519753478987,0.5411870040260905,36945.667393123644,237.8231919730772,0.5218404089003832,0.7552045309994814,0.11768202662192082,161.32799382902058,7042.662890895297,9.774511035579733,-1.8800361637261173e-05,1.0766103798687253e-05,161.32798999943063,-9.289460495713623,-1.5083406175124587,-8.744802010698592,0.0,0.0,0.0,-0.06490802043980412,-0.010539191557664772,0.06110234150996949,0.0,0.0,0.0,0.0,0.0,0.0,0.0,0.0,0.5,0.0,0.0,1.0,0.0,0.0,0.0
17.1,114.26739860437519,14.941661713218945,114.16661131132184,0.17453292519943295,0.3490658503988659,0.5235987755982988,0.29757732769255985,0.24339679588744037,-0.7843709194674406,-0.4867935917748811,6385872.850780722,0.00016807842627769652,-0.0003230689597182165,-5.059119830090554e-11,2.632035278578208e-11,7735.850780721754,0.0,0.13013641065315762,-0.7815936515628527,-1.2410183629501448,-0.3856576678386352,0.2781671202479411,0.7952604601403089,0.17453292520107141,0.34906585039606153,0.523598775597026,309.22013439902753,0.542204755213777,37031.521278372195,237.92808787542856,0.5245998983965581,0.7849569537607983,0.09223992728278371,162.21685108789987,7133.871132287567,9.774560558499337,-1.9355317824931717e-05,1.1028367012499984e-05,162.21685214299004,-9.166664966947934,-1.1986376573493385,-9.158579691885846,0.0,0.0,0.0,-0.06405001424076621,-0.008375211628172495,0.06399352019579627,0.0,0.0,0.0,0.0,0.0,0.0,0.0,0.0,0.5,0.0,0.0,1.0,0.0,0.0,0.0
17.2,111.50366800219096,11.13131144716224,118.51580243804786,0.17453292519943295,0.3490658503988659,0.5235987755982988,0.32172388538802293,0.23382655818410772,-0.7893770017562384,-0.46765311636821577,6385856.584558334,0.0001691499190860183,-0.00032497178945418,-5.0889302815466096e-11,2.648821138612729e-11,7719.584558334513,0.0,0.09365165593974005,-0.7527310287737083,-1.1633249423913805,-0.3443589278078604,0.29857139590881915,0.75901691111687,0.17453292520098634,0.34906585039592825,0.5235987755971132,309.2886631875756,0.5432286831848816,37117.91090997828,238.03356181276482,0.5273538412631936,0.8158729793361298,0.06830002346495226,163.1045651961182,7225.7844297255415,9.774610354600496,-1.9600591253758144e-05,1.1111620499567219e-05,163.10456806717875,-9.01088480719682,-0.8995421072685847,-9.577566767584315,0.0,0.0,0.0,-0.06296153533524669,-0.006285348596077795,0.06692109835665919,0.0,0.0,0.0,0.0,0.0,0.0,0.0,0.0,0.5,0.0,0.0,1.0,0.0,0.0,0.0
17.3,108.37476383359193,7.530145583937736,122.84611543702972,0.17453292519943295,0.3490658503988659,0.5235987755982988,0.34552796757157,0.2240074537936528,-0.7935428751588756,-0.4480149075873059,6385840.229763868,0.00017053993380663682,-0.0003273507493595691,-5.1261969857291666e-11,2.670595061527941e-11,7703.229763867955,0.0,0.06122412817903773,-0.721962738481757,-1.0891526552889077,-0.3044666595132191,0.316374509920103,0.7248109538745258,0.17453292520081054,0.3490658503959226,0.5235987755972639,309.3575651259031,0.5442581866010596,37204.77094639751,238.1396100718902,0.5301022206110111,0.8479026669267908,0.04593456358615431,163.99113284301944,7318.393810544355,9.774660422232106,-1.8891316834412905e-05,1.0837586003731298e-05,163.99112949366332,-8.822322613930304,-0.6129905021080853,-10.000388322417438,0.0,0.0,0.0,-0.061643999327599654,-0.004283133563956325,0.06987546907992793,0.0,0.0,0.0,0.0,0.0,0.0,0.0,0.0,0.5,0.0,0.0,1.0,0.0,0.0,0.0
17.400000000000002,104.89139540387876,4.157927724112856,127.14079590025118,0.17453292519943295,0.3490658503988659,0.5235987755982988,0.36896432816341,0.21394991630618573,-0.7968641607757814,-0.42789983261237174,6385823.786511924,0.00017157583395629834,-0.0003292154667869984,-5.155411076051991e-11,2.686823809931918e-11,7686.786511924118,0.0,0.03269176457964774,-0.6895389289598394,-1.0182754635987283,-0.2663835184361327,0.3317650156540511,0.6930670460907784,0.17453292520071503,0.3490658503957794,0.523598775597342,309.42680272716956,0.5452969661966481,37292.50964594973,238.2462332559227,0.5328450664286388,0.8809951645471492,0.025221104450660774,164.87654525396,7411.751390558765,9.774710761049564,-1.9266522549798992e-05,1.1028932519252521e-05,164.87654519181427,-8.601249640252503,-0.34095622623301586,-10.425733405373434,0.0,0.0,0.0,-0.06009930153801455,-0.0023823551121857655,0.07284747238961607,0.0,0.0,0.0,0.0,0.0,0.0,0.0,0.0,0.5,0.0,0.0,1.0,0.0,0.0,0.0
17.5,101.06438017346439,1.0348799721054387,131.38274174915333,0.17453292519943295,0.3490658503988659,0.5235987755982988,0.3920060912983728,0.20366356416948622,-0.7993332196373453,-0.4073271283389727,6385807.25449403,0.00017259237383957874,-0.00033103442371212313,-5.1839087923440934e-11,2.7027495032337105e-11,7670.2544940297175,0.0,0.007879084088959125,-0.6556844572930045,-0.9504480843567468,-0.23033261653853557,0.3449292882090056,0.6640358039202576,0.17453292520061375,0.34906585039564086,0.5235987755974159,309.4964050015294,0.5463422646817766,37380.822465734425,238.3534323569506,0.5355822693503447,0.9150965959227166,0.006243565087435637,165.76078755717649,7505.825678194854,9.77476137200538,-1.9686607593882858e-05,1.1190292738660904e-05,165.76079090429772,-8.3478389459773,-0.08547463131893918,-10.852129984737875,0.0,0.0,0.0,-0.05832865118310217,-0.0005972348038181979,0.07582682279447761,0.0,0.0,0.0,0.0,0.0,0.0,0.0,0.0,0.5,0.0,0.0,1.0,0.0,0.0,0.0
17.6,96.90948918822309,-1.8220808197378464,135.55541490555973,0.17453292519943295,0.3490658503988659,0.5235987755982988,0.414630572722079,0.19316045057218062,-0.8009514738664402,-0.3863209011443615,6385790.634252036,0.00017396820835646466,-0.00033338408046502754,-5.220717364067736e-11,2.7243017869801418e-11,7653.63425203599,0.0,-0.013438787427783271,-0.6206183190188131,-0.8853797154298683,-0.19637414013218082,0.35607042980745873,0.6378006781095928,0.17453292520042873,0.3490658503956639,0.5235987755975439,309.566378712577,0.5473931414646039,37469.606572148165,238.4612035323736,0.5383138070760735,0.9501351134612552,-0.010933927716721942,166.64385648010148,7600.602817326516,9.77481225344518,-1.9034190271346118e-05,1.092984825608787e-05,166.64385404073093,-8.062769811446998,0.15160064097735398,-11.278090606213219,0.0,0.0,0.0,-0.05633679458180785,0.0010592754560704522,0.07880312704142832,0.0,0.0,0.0,0.0,0.0,0.0,0.0,0.0,0.5,0.0,0.0,1.0,0.0,0.0,0.0
17.7,92.4423913038772,-4.395936570059304,139.64223804318567,0.17453292519943295,0.3490658503988659,0.5235987755982988,0.43681377978845526,0.18245173241254398,-0.8017172446135431,-0.36490346482508823,6385773.925903241,0.00017509607567972832,-0.00033538161291736524,-5.2520120005646285e-11,2.7419711018811508e-11,7636.92590324115,0.0,-0.031469552758660486,-0.5845332248753576,-0.8227911057376249,-0.16447633538979373,0.36536771872745866,0.6143584902949194,0.17453292520028824,0.3490658503955799,0.5235987755976291,309.6366868274618,0.5484532693709607,37559.267702489335,238.56954735364502,0.5410397096503683,0.9860352900768671,-0.026243376805041786,167.52574313823195,7696.136118271815,9.774863405016173,-1.9157742613629125e-05,1.1018377676919044e-05,167.5257417687916,-7.746795354920371,0.3683853318929851,-11.70220529526981,0.0,0.0,0.0,-0.05412899397894724,0.002574009832246671,0.08176653324987375,0.0,0.0,0.0,0.0,0.0,0.0,0.0,0.0,0.5,0.0,0.0,1.0,0.0,0.0,0.0
17.8,87.67896941422207,-6.669251192979039,143.62627767674817,0.17453292519943295,0.3490658503988659,0.5235987755982988,0.4585298295463849,0.1715478887637111,-0.8016256070738069,-0.34309577752742243,6385757.129143539,0.00017606264958920222,-0.00033712537046136517,-5.279332797376169e-11,2.7571147170025344e-11,7620.129143539195,0.0,-0.046400188761476696,-0.547601433507927,-0.7624161631396243,-0.13454835773010124,0.3729764103838455,0.5936529482704493,0.17453292520016717,0.3490658503954381,0.5235987755976914,309.7073567615609,0.5495200352832845,37649.51682370801,238.67846483991883,0.5437598692293708,1.022716146240524,-0.03961227880331935,168.40643242818146,7792.394897193515,9.774914827657666,-1.9735550803072023e-05,1.1254957622478893e-05,168.40643594909716,-7.400598250205955,0.562927134671326,-12.12288898201557,0.0,0.0,0.0,-0.05171001940454941,0.003933327019392193,0.08470596609967009,0.0,0.0,0.0,0.0,0.0,0.0,0.0,0.0,0.5,0.0,0.0,1.0,0.0,0.0,0.0
17.900000000000002,82.63944021984311,-8.628647548170711,147.4918737142793,0.17453292519943295,0.3490658503988659,0.5235987755982988,0.4797577926251571,0.16046146780240944,-0.8006807282299758,-0.32092293560481905,6385740.244515835,0.00017739920516263107,-0.00033940967783811923,-5.3151187622953764e-11,2.778052322432546e-11,7603.2445158353075,0.0,-0.058434991254900676,-0.5099878625941179,-0.703976763036949,-0.10643788684197741,0.37904906216088036,0.5755609701740285,0.17453292519998292,0.3490658503954764,0.5235987755977923,309.7783963875539,0.5505923817117856,37740.23806038815,238.78795210048625,0.5464742618967201,1.060080415153683,-0.050992783859921224,169.2859211354007,7889.363198865259,9.774966519712025,-1.921983751884686e-05,1.1040193662381644e-05,169.28591996746087,-7.02534293067809,0.733543018633689,-12.538602406661724,0.0,0.0,0.0,-0.049088007075491255,0.005125467218351462,0.08761067035848943,0.0,0.0,0.0,0.0,0.0,0.0,0.0,0.0,0.5,0.0,0.0,1.0,0.0,0.0,0.0
18.0,77.34393407091953,-10.260634178235339,151.22331261558003,0.17453292519943295,0.3490658503988659,0.5235987755982988,0.5004751571767916,0.14920424196782645,-0.7988836411124443,-0.298408483935653,6385723.272140168,0.00017863264605123664,-0.0003415574828847728,-5.3487673726002253e-11,2.7973753079871267e-11,7586.272140167654,0.0,-0.06774702183099071,-0.47183932992825367,-0.6472187855407024,-0.07997918981155838,0.3837102397673509,0.5599513499449286,0.1745329251998104,0.3490658503954683,0.5235987755978753,309.84976691240445,0.5516741773055088,37831.85935806948,238.89800975566325,0.5491829214388093,1.0980266916033976,-0.06033503014140511,170.1642002000884,7987.098750853529,9.775018480818138,-1.9046541297029762e-05,1.1003943960474771e-05,170.16419749348574,-6.622269345979978,0.8785263382974243,-12.947899787634851,0.0,0.0,0.0,-0.04627162086163068,0.006138505626825953,0.09047054395205503,0.0,0.0,0.0,0.0,0.0,0.0,0.0,0.0,0.5,0.0,0.0,1.0,0.0,0.0,0.0
18.1,71.81289451524083,-11.551358631716901,154.8045295543483,0.17453292519943295,0.3490658503988659,0.5235987755982988,0.5206572849379429,0.13778744995881387,-0.7962321848555705,-0.27557489991762785,6385706.21171686,0.0001795654483737502,-0.0003432512111763426,-5.3753054058071013e-11,2.8119904429145908e-11,7569.211716859601,0.0,-0.07448055264807608,-0.43328980991142335,-0.5919075533393015,-0.05500252078085951,0.3870599640813612,0.5466947459062604,0.17453292519966515,0.34906585039533183,0.5235987755979273,309.9214985901915,0.552762505824922,37924.05778067463,239.00863868953388,0.5518857339909824,1.136447818042186,-0.06758685922313869,171.0412543503932,8085.565349364407,9.775070711901913,-1.973446911070671e-05,1.1299285714490752e-05,171.04125761730597,-6.192568932613684,0.9961006167620244,-13.34913361437055,0.0,0.0,0.0,-0.043269185658139454,0.006960029511156678,0.0932740752700383,0.0,0.0,0.0,0.0,0.0,0.0,0.0,0.0,0.5,0.0,0.0,1.0,0.0,0.0,0.0
18.2,66.07028344543872,-12.491637389366986,158.22141183810305,0.17453292519943295,0.3490658503988659,0.5235987755982988,0.5402852018653708,0.12622401589185478,-0.7927332336490801,-0.25244803178370967,6385689.063789853,0.00018083944492756945,-0.00034543739400732566,-5.409555500846648e-11,2.8319488018574726e-11,7552.063789853206,0.0,-0.07878671469218772,-0.39446731514431316,-0.5378086599352003,-0.031322708202333634,0.38919298044050943,0.5356392351107938,0.17453292519948574,0.3490658503953704,0.5235987755980008,309.9935981830636,0.5538564164315287,38016.72909324352,239.11983504431092,0.5545826778778028,1.1752256341712912,-0.07272485184570716,171.91708042844465,8184.7480303828415,9.775123211302514,-1.942654958024072e-05,1.1161335592646529e-05,171.91708072697787,-5.737877390112758,1.0848406133019335,-13.740781206003717,0.0,0.0,0.0,-0.040092130548418696,0.007580080321631446,0.09601062492161985,0.0,0.0,0.0,0.0,0.0,0.0,0.0,0.0,0.5,0.0,0.0,1.0,0.0,0.0,0.0
18.3,60.13999571320873,-13.072161993918085,161.459779593306,0.17453292519943295,0.3490658503988659,0.5235987755982988,0.5593380895546701,0.11452621469642657,-0.788390518947523,-0.22905242939285328,6385671.82848197,0.00018217421810888898,-0.00034772614239277636,-5.445412037020376e-11,2.8528590726560438e-11,7534.828481970355,0.0,-0.08078614060215336,-0.35548947015898497,-0.4847094500947122,-0.0087673046594966,0.3901809267015317,0.5266502296825806,0.1745329251993013,0.34906585039544324,0.5235987755980708,310.0660229462001,0.5549601984894289,38110.34840794098,239.23159956937394,0.5572737945121741,1.214239753175826,-0.07572508372914367,172.79166915652777,8284.712481973924,9.775175978650369,-1.8961486617286027e-05,1.0998823910313149e-05,172.7916653648677,-5.259903286689667,1.1433041692227444,-14.121431424786309,0.0,0.0,0.0,-0.03675239376941,0.007988581298027504,0.0986703328984778,0.0,0.0,0.0,0.0,0.0,0.0,0.0,0.0,0.5,0.0,0.0,1.0,0.0,0.0,0.0
18.400000000000002,54.04632790981446,-13.28333451267781,164.50511981696417,0.17453292519943295,0.3490658503988659,0.5235987755982988,0.5777927928502821,0.10270593543995402,-0.7832046637301898,-0.20541187087990817,6385654.505498036,0.00018310406771788337,-0.0003494161953531716,-5.4718932111967714e-11,2.867428351696593e-11,7517.505498036121,0.0,-0.08057251792840374,-0.3164678050831679,-0.4324132328546285,0.012823753158994793,0.3900754464736653,0.5196103923217208,0.17453292519913066,0.3490658503953293,0.5235987755981125,310.1388103607006,0.5560701830131891,38204.50901359927,239.34393285218533,0.5599589561087215,1.2533663375565067,-0.07656304600362522,173.66500512471714,8385.41001423047,9.775229014857757,-1.9674273898336484e-05,1.1317967588316448e-05,173.66500761543048,-4.7603265157062635,1.1699809434005657,-14.489428585251382,0.0,0.0,0.0,-0.033261713198971664,0.008174979270697824,0.10124163046998676,0.0,0.0,0.0,0.0,0.0,0.0,0.0,0.0,0.5,0.0,0.0,1.0,0.0,0.0,0.0
18.5,47.81611200232096,-13.120662985490238,167.34549088233,0.17453292519943295,0.3490658503988659,0.5235987755982988,0.5956324767857093,0.09077635579403574,-0.7771851883737805,-0.18155271158807157,6385637.095383002,0.00018429703189288288,-0.00035147896800231666,-5.504211447715586e-11,2.8861181608931258e-11,7500.095383002113,0.0,-0.07824476147797632,-0.27750920250020505,-0.3807277943068894,0.03360892894998974,0.3889249261984108,0.514393708828661,0.17453292519895366,0.34906585039535587,0.5235987755981606,310.2119627650594,0.5571858646922534,38299.15588446202,239.45683118959192,0.5626381492927283,1.2924788130479279,-0.07524509168911071,174.5370852464911,8486.83180227905,9.775282318260729,-1.962694188743321e-05,1.128313570101605e-05,174.53708699122006,-4.241217386014638,1.1637858644158343,-14.843343113391395,0.0,0.0,0.0,-0.02963455465558151,0.008131692546613828,0.10371452880859915,0.0,0.0,0.0,0.0,0.0,0.0,0.0,0.0,0.5,0.0,0.0,1.0,0.0,0.0,0.0
18.6,41.476135396277456,-12.579522948027469,169.96887119387313,0.17453292519943295,0.3490658503988659,0.5235987755982988,0.6128382130605687,0.0787501359635749,-0.7703384849877184,-0.15750027192714988,6385619.598262513,0.00018570142706722864,-0.00035385909060792285,-5.541499695725778e-11,2.908119160711622e-11,7482.598262513056,0.0,-0.07387608008299405,-0.23871623157040656,-0.3294767482299662,0.053729200222022516,0.38675998908931103,0.5108942126587174,0.17453292519877828,0.34906585039549665,0.5235987755982092,310.28543464198486,0.5583118371587369,38394.79851544767,239.57029541711415,0.5653114210640278,1.3314519292435267,-0.07177744597174741,175.40789999292997,8589.050147151258,9.775335888481127,-1.8949953279445708e-05,1.1026745625031253e-05,175.4078958553811,-3.704708124604126,1.1236210997947542,-15.181864270272614,0.0,0.0,0.0,-0.02588581659680552,0.007851050267744358,0.1060798694201762,0.0,0.0,0.0,0.0,0.0,0.0,0.0,0.0,0.5,0.0,0.0,1.0,0.0,0.0,0.0
18.7,35.05366168289009,-11.655083930024881,172.36293690706023,0.17453292519943295,0.3490658503988659,0.5235987755982988,0.6293885504454168,0.06663969914015012,-0.7626679487257167,-0.13327939828030033,6385602.013845982,0.00018667875408791203,-0.00035561999944420833,-5.569091194515717e-11,2.9234323357258247e-11,7465.01384598172,0.0,-0.06751698421475397,-0.20019072895838114,-0.27849433755466263,0.07331065693353721,0.3835954609798779,0.5090228543705279,0.17453292519858926,0.3490658503954309,0.5235987755982381,310.3592716943849,0.5594435692518628,38490.93406250784,239.68432578743764,0.5679786275875451,1.37016065441071,-0.06616622308665386,176.27743382711995,8692.001470936617,9.775389726417341,-1.955510562604942e-05,1.130913046291465e-05,176.27743500173767,-3.1529302197045634,1.0483280888991258,-15.503393199022575,0.0,0.0,0.0,-0.02203039231829345,0.007324957251638324,0.10832648065114281,0.0,0.0,0.0,0.0,0.0,0.0,0.0,0.0,0.5,0.0,0.0,1.0,0.0,0.0,0.0
18.8,28.57737523394249,-10.347862692342192,174.51846812704477,0.17453292519943295,0.3490658503988659,0.5235987755982988,0.6452689594879848,0.054458351742388736,-0.754185662972762,-0.10891670348477754,6385584.342679335,0.00018778198579586834,-0.0003575487065634855,-5.599310687788063e-11,2.940717336519845e-11,7447.342679334804,0.0,-0.059224822079661975,-0.162030460298733,-0.22762146946466097,0.09247112761445486,0.37944570883866235,0.5086834218395347,0.17453292519840774,0.3490658503954403,0.5235987755982636,310.43346564455646,0.5605816419074571,38587.627957038014,239.79891898047745,0.5706397754015595,1.4084862951333526,-0.05844783746288182,177.14568374480467,8795.693487804087,9.7754438304024,-1.978899380243129e-05,1.1392738257380106e-05,177.1456866491815,-2.588328148331547,0.9372349102203917,-15.806681203326216,0.0,0.0,0.0,-0.018085362054593487,0.0065487185975497105,0.11044563751623433,0.0,0.0,0.0,0.0,0.0,0.0,0.0,0.0,0.5,0.0,0.0,1.0,0.0,0.0,0.0
18.900000000000002,22.075940993906265,-8.658239507754269,176.4261536751722,0.17453292519943295,0.3490658503988659,0.5235987755982988,0.6604625814171691,0.042219018758479096,-0.744900618934127,-0.08443803751695825,6385566.584891073,0.00018920028901163075,-0.00035993850707972535,-5.6367512936342714e-11,2.9629365929610485e-11,7429.584891073406,0.0,-0.04903641563952566,-0.12433354165545285,-0.17670952042149649,0.11131153342518516,0.37431137654423613,0.5097946483513954,0.17453292519825436,0.3490658503956164,0.5235987755982868,310.50798145910545,0.5617295931209355,38685.27319466292,239.91407543082656,0.573294892825986,1.4463148054595392,-0.048657538767624124,178.01263995221112,8900.184100963024,9.775498200049467,-1.907263082046029e-05,1.1110215314857896e-05,178.01263661719995,-2.013386252351132,0.7896551453588238,-16.090548188311935,0.0,0.0,0.0,-0.014068084586949801,0.005517538110958895,0.11242909436737661,0.0,0.0,0.0,0.0,0.0,0.0,0.0,0.0,0.5,0.0,0.0,1.0,0.0,0.0,0.0
19.0,15.578557619976149,-6.586481060397715,178.07642268165293,0.17453292519943295,0.3490658503988659,0.5235987755982988,0.6749498690347082,0.029934536325996824,-0.7348189416867016,-0.05986907265199371,6385548.740195299,0.00019028472530207142,-0.00036185494065673354,-5.666779088310509e-11,2.9799275373241765e-11,7411.740195298878,0.0,-0.03697035391137089,-0.08720160929733467,-0.12561622826667235,0.12991779993091976,0.3681804474073471,0.5122862832759499,0.1745329251980666,0.34906585039562965,0.5235987755982986,310.5828619578165,0.5628831624656636,38783.39631301521,240.02979546266306,0.5759438400136825,1.483535428512504,-0.036829554554687345,178.87828679398558,9005.411773775495,9.775552836242726,-1.939112228595735e-05,1.1276916808948073e-05,178.87828622294288,-1.4306351342412038,0.6048612708675691,-16.353553341632157,0.0,0.0,0.0,-0.009996241932249739,0.004226332385054409,0.11426678385164318,0.0,0.0,0.0,0.0,0.0,0.0,0.0,0.0,0.5,0.0,0.0,1.0,0.0,0.0,0.0
19.1,9.114640423618587,-4.138231429898014,179.46322981827845,0.17453292519943295,0.3490658503988659,0.5235987755982988,0.6887187457379543,0.017618212741170213,-0.7239551712202945,-0.03523642548234046,6385530.809138868,0.00019130460293931593,-0.00036366101022203664,-5.695078782156968e-11,2.995907602157014e-11,7393.809138867693,0.0,-0.023055223300864125,-0.05073193598949646,-0.07420859204414548,0.14836311135450284,0.3610435734158995,0.516077394337969,0.1745329251978735,0.34906585039562676,0.5235987755983033,310.65808771894285,0.5640440844209368,38882.19105303844,240.14607616053914,0.5785866448836233,1.5200509865574914,-0.023025364010543743,179.74262131594026,9111.402976367322,9.775607737312322,-1.988139170746214e-05,1.147638334083231e-05,179.74262481714075,-0.8428041299431019,0.38265075280402144,-16.594700148243106,0.0,0.0,0.0,-0.005888904712856064,0.0026736862593656845,0.11595174304380719,0.0,0.0,0.0,0.0,0.0,0.0,0.0,0.0,0.5,0.0,0.0,1.0,0.0,0.0,0.0
19.200000000000003,2.7136125642779176,-1.3189982149521517,180.58042919732955,0.17453292519943295,0.3490658503988659,0.5235987755982988,0.7017545826670492,0.00528311492998084,-0.7123208125270105,-0.010566229859961696,6385512.791853175,0.00019268298271893805,-0.0003659840197601483,-5.7314742243893316e-11,3.0175021020201955e-11,7375.791853174566,0.0,-0.007304144571599627,-0.015025745027901752,-0.022360733420675225,0.16670339383432933,0.3528809461620832,0.5210940271368599,0.17453292519774133,0.3490658503958043,0.5235987755983019,310.73364260034276,0.565213961576173,38981.83579261161,240.26291724662778,0.581223301110493,1.5557702891165754,-0.007303260228925732,180.60563351825934,9218.186089123317,9.775662902862617,-1.930288524665265e-05,1.1237510932238266e-05,180.6056318512972,-0.25265142065771296,0.1228055829485468,-16.81297565477092,0.0,0.0,0.0,-0.0017653451009090693,0.0008580764503842148,0.11747689415949937,0.0,0.0,0.0,0.0,0.0,0.0,0.0,0.0,0.5,0.0,0.0,1.0,0.0,0.0,0.0
19.3,-3.594530882747472,1.865726502095076,181.42166799450024,0.17453292519943295,0.3490658503988659,0.5235987755982988,0.7140399172547779,-0.007057631865145872,-0.6999246535244857,0.014115263730291722,6385494.688057103,0.00019390923780499236,-0.00036810183312540625,-5.7646564774237864e-11,3.036714417492687e-11,7357.688057103504,0.0,0.01028325611801944,0.01980885386375903,0.03004894216517708,0.1849774723746171,0.34366300027736657,0.5272647259690659,0.17453292519758423,0.3490658503959104,0.5235987755982925,310.8095602601021,0.566389455921288,39081.958978507195,240.38031934766,0.5838536846344283,1.59060636462735,0.010281242467538743,181.46730761726718,9325.712324133789,9.775718333763304,-1.9216961862097038e-05,1.1235334090050241e-05,181.46730518437354,0.3369783582830815,-0.1749074932127567,-17.0071871436521,0.0,0.0,0.0,0.0023545606526129714,-0.0012221268554580761,0.1188339033524187,0.0,0.0,0.0,0.0,0.0,0.0,0.0,0.0,0.5,0.0,0.0,1.0,0.0,0.0,0.0
19.400000000000002,-9.7808246977072,5.405261187512261,181.9844091396335,0.17453292519943295,0.3490658503988659,0.5235987755982988,0.7255652479496948,-0.019390845978667887,-0.6867835559923586,0.0387816919573358,6385476.498298409,0.00019487368164726937,-0.0003698278110117865,-5.791702641636816e-11,3.051826777714733e-11,7339.498298409395,0.0,0.029692788522709714,0.053669474605716465,0.08312870726646099,0.20320633966090537,0.3333669398833582,0.5345014398055531,0.17453292519737934,0.3490658503959113,0.5235987755982762,310.88580940705316,0.5675735433579772,39182.89281093419,240.4982799815929,0.5864778464837552,1.62448962467632,0.029649926694589105,182.32764064423995,9434.029505991752,9.775774028341742,-1.987907879671031e-05,1.1521575009905876e-05,182.32764393766774,0.9231787380496208,-0.5101848673732138,-17.176655431753037,0.0,0.0,0.0,0.0064505042490429505,-0.0035648022632551583,0.12001802498284384,0.0,0.0,0.0,0.0,0.0,0.0,0.0,0.0,0.5,0.0,0.0,1.0,0.0,0.0,0.0
19.5,-15.816267183340607,9.28905647460083,182.2660083006206,0.17453292519943295,0.3490658503988659,0.5235987755982988,0.7363183175767346,-0.03170344254209104,-0.6729114324925521,0.06340688508418212,6385458.2227114,0.00019616755505987856,-0.00037202174981358795,-5.826077578746098e-11,3.0720983243169927e-11,7321.222711400129,0.0,0.0509201512740273,0.08644717533568154,0.13698041108802478,0.22139056438952362,0.32196319975553944,0.5427135359234794,0.17453292519725608,0.34906585039606636,0.5235987755982526,310.9623970092154,0.5687654329369737,39284.549471246544,240.6167979994847,0.5890957371464114,1.6573552345750815,0.050729915829373695,183.18662249095877,9543.127125482828,9.775829986193418,-1.9576334324256095e-05,1.1385883973424882e-05,183.18662287991933,1.5030058524579573,-0.8827308038804057,-17.320577226245508,0.0,0.0,0.0,0.010501916084093522,-0.006167883386505811,0.12102364622241539,0.0,0.0,0.0,0.0,0.0,0.0,0.0,0.0,0.5,0.0,0.0,1.0,0.0,0.0,0.0
19.6,-21.671267657258596,13.506478370375087,182.26367530081205,0.17453292519943295,0.3490658503988659,0.5235987755982988,0.7462839095684769,-0.043982132661875506,-0.6583196442447253,0.08796426532375108,6385439.861019835,0.00019752780779430323,-0.00037432467066340913,-5.862159519645858e-11,3.0934095709289095e-11,7302.861019835186,0.0,0.07396870577727221,0.11802376371588458,0.19170085862774378,0.2395084901498098,0.3094164510981885,0.551802620804897,0.17453292519715527,0.349065850396252,0.5235987755982217,311.0393454502087,0.5699629380468181,39386.685082060656,240.7358744093594,0.5917072526890005,1.689141068235306,0.07345287812310998,184.0442372183151,9652.973746217476,9.77588620817326,-1.909507944356884e-05,1.1213331720346291e-05,184.04423341919454,2.073410976216045,-1.2922417301751927,-17.438081322051435,0.0,0.0,0.0,0.01448749387399237,-0.009029249080081883,0.12184467972116929,0.0,0.0,0.0,0.0,0.0,0.0,0.0,0.0,0.5,0.0,0.0,1.0,0.0,0.0,0.0
19.700000000000003,-27.318503880714843,18.04210753200744,181.97857910479019,0.17453292519943295,0.3490658503988659,0.5235987755982988,0.7554551896270222,-0.05621398953035835,-0.6430272105663049,0.11242797906071682,6385421.413772358,0.0001984919539572648,-0.0003760520161937978,-5.889227849672372e-11,3.108517685994632e-11,7284.413772357317,0.0,0.09882107645898161,0.14828963413098556,0.24736757618307015,0.25751535102098116,0.29570408483248584,0.5616474594075439,0.17453292519695257,0.3490658503962808,0.5235987755981828,311.116609485705,0.5711705061845513,39489.796332149665,240.8555072415082,0.5943124714684591,1.7198027731841066,0.09773263547343103,184.90048174307384,9763.643647254052,9.775942692605852,-1.9776500007395695e-05,1.1522779760279404e-05,184.90048393754404,2.631433331424609,-1.737893906190272,-17.528865439462443,0.0,0.0,0.0,0.01838654984763669,-0.012143143645129797,0.12247901336748193,0.0,0.0,0.0,0.0,0.0,0.0,0.0,0.0,0.5,0.0,0.0,1.0,0.0,0.0,0.0
19.8,-32.73058815738774,22.880648050493946,181.4117777628814,0.17453292519943295,0.3490658503988659,0.5235987755982988,0.7638223956446435,-0.06838603482311603,-0.6270503259984108,0.1367720696462322,6385402.881106195,0.00019967550683706365,-0.00037808251736298125,-5.921044050042508e-11,3.1270619967909097e-11,7265.88110619504,0.0,0.1254629156476487,0.1771273412511089,0.3040494163067404,0.2753409953635566,0.28080211775181163,0.572114571915166,0.17453292519682242,0.34906585039640503,0.5235987755981382,311.1942233673513,0.5723844926463678,39593.477189164005,240.9756943179807,0.5969112922135317,1.7492975235164856,0.12348988174857388,185.7553459995921,9875.077359002828,9.775999439077806,-1.9822593735341343e-05,1.1528342472644226e-05,185.75534826899676,3.1740423675295486,-2.2188463574067465,-17.59237157057542,0.0,0.0,0.0,0.022177908713156703,-0.015503690960933271,0.12292274820636045,0.0,0.0,0.0,0.0,0.0,0.0,0.0,0.0,0.5,0.0,0.0,1.0,0.0,0.0,0.0
19.900000000000002,-37.8795489006397,28.00662094874584,180.56425062590543,0.17453292519943295,0.3490658503988659,0.5235987755982988,0.7713726995767168,-0.08048494233066408,-0.6104028149153882,0.1609698846613283,6385384.262750058,0.00020110816209743408,-0.0003804780990450228,-5.958577955578719e-11,3.149507591555459e-11,7247.262750058124,0.0,0.15387992484997534,0.20440934606337027,0.3618063286792021,0.2928869506709008,0.2646871232420176,0.5830529298644157,0.17453292519678115,0.34906585039663096,0.5235987755980891,311.2721885875391,0.5736048820244173,39697.72559094301,241.0964373855284,0.5995036499346251,1.7775819154937316,0.15065097676287945,186.6088138284876,9987.279503168438,9.776056448429028,-1.911846259616824e-05,1.1254103662613113e-05,186.60881000850566,3.6981180009806005,-2.7342435865415107,-17.628138455053865,0.0,0.0,0.0,0.025839769586965284,-0.01910491343222037,0.12317266128472126,0.0,0.0,0.0,0.0,0.0,0.0,0.0,0.0,0.5,0.0,0.0,1.0,0.0,0.0,0.0
20.0,-42.740862424684735,33.40037106461402,179.4409231687286,0.17453292519943295,0.3490658503988659,0.5235987755982988,0.7781019926006698,-0.09249816553128705,-0.5931056615380951,0.18499633106257427,6385365.559253506,0.00020215599234792197,-0.0003823277032638601,-5.987561710346631e-11,3.165926687971886e-11,7228.5592535066735,0.0,0.18402973094393615,0.23002168594746608,0.4206716072266414,0.3100301713661225,0.2473564654846973,0.5942864679815663,0.1745329251966152,0.34906585039671434,0.5235987755980281,311.3504664680842,0.5748354552649477,39802.96450152031,241.21773422826294,0.6020896111794355,1.8046283411451076,0.17912872692189968,187.46088194469124,10100.315014923359,9.776113718981257,-1.9586556897858545e-05,1.1481931012487706e-05,187.4608822224715,4.2007636981643275,-3.2827421572341646,-17.63621464557852,0.0,0.0,0.0,0.02935189359048898,-0.022937424098921595,0.12322909185352468,0.0,0.0,0.0,0.0,0.0,0.0,0.0,0.0,0.5,0.0,0.0,1.0,0.0,0.0,0.0
20.1,-47.28991133334636,39.04235365569106,178.04660959372674,0.17453292519943295,0.3490658503988659,0.5235987755982988,0.7840031127056256,-0.1044129572176334,-0.5751771982703582,0.20882591443526696,6385346.770756668,0.0002032264759683438,-0.0003841936886247495,-6.016802257071816e-11,3.1827006937050236e-11,7209.770756668411,0.0,0.21586490392788005,0.2538432280714083,0.48066520535660295,0.32662016621368894,0.2288137104238254,0.6056215489257687,0.1745329251964682,0.34906585039681437,0.5235987755979612,311.42910009186045,0.5760716209933906,39908.681682968425,241.33958231906996,0.6046690576821133,1.8304064431704523,0.20884335239903562,188.31154048733382,10214.105933329918,9.776171250312268,-1.9979371835177062e-05,1.1638623648835278e-05,188.31154393661708,4.678984929101991,-3.8629504518193727,-17.6163875016469,0.0,0.0,0.0,0.032693357117544494,-0.026991499344912236,0.12309055413498117,0.0,0.0,0.0,0.0,0.0,0.0,0.0,0.0,0.5,0.0,0.0,1.0,0.0,0.0,0.0
20.200000000000003,-51.50152174398167,44.912747963874146,176.38611612229178,0.17453292519943295,0.3490658503988659,0.5235987755982988,0.7890657423079188,-0.11621608046765942,-0.5566335813725993,0.23243216093531904,6385327.896993275,0.00020464361669619271,-0.000386556288052657,-6.053820481885993e-11,3.204903804518838e-11,7190.896993274489,0.0,0.24932920041728776,0.27574416734027046,0.5417921461607339,0.3424772530330337,0.20907163015889568,0.6168436090067833,0.1745329251964622,0.349065850397035,0.5235987755978976,311.50806559254323,0.5773160312788951,40015.17309106888,241.46198431242567,0.6072419731229117,1.8548810111160092,0.23972093795620814,189.16077304471045,10328.70413083555,9.776229043246753,-1.933129579138421e-05,1.1374241919289346e-05,189.16077079418574,5.129738484601338,-4.47347793281461,-17.5686642769083,0.0,0.0,0.0,0.03584289642686888,-0.03125742310160255,0.12275709881233722,0.0,0.0,0.0,0.0,0.0,0.0,0.0,0.0,0.5,0.0,0.0,1.0,0.0,0.0,0.0
20.3,-55.35503810345835,50.98835132063888,174.46802233249284,0.17453292519943295,0.3490658503988659,0.5235987755982988,0.7932885251445806,-0.12789548920648974,-0.5374975467316006,0.2557909784129797,6385308.938513841,0.0002058479610111091,-0.0003886281290297047,-6.08628545305848e-11,3.223774495652669e-11,7171.938513840239,0.0,0.2843320367923764,0.295615820850215,0.6040243161376907,0.3574072570962026,0.1881721792996374,0.6277226537313296,0.17453292519637773,0.34906585039718446,0.5235987755978209,311.58735860117855,0.5785688676762337,40122.45996847144,241.584936714782,0.6098083575050517,1.8780293941204325,0.27167734476245864,190.00857601970043,10444.112139165838,9.776287096103463,-1.9359743821686023e-05,1.1418315480682403e-05,190.00857400111954,5.550291240646478,-5.112461971471511,-17.493380292259292,0.0,0.0,0.0,0.03878141442777856,-0.03572218066863117,0.12223106886510374,0.0,0.0,0.0,0.0,0.0,0.0,0.0,0.0,0.5,0.0,0.0,1.0,0.0,0.0,0.0
20.400000000000002,-58.82968466402782,57.24605456078085,172.3007995301579,0.17453292519943295,0.3490658503988659,0.5235987755982988,0.7966669795088517,-0.13943879128411188,-0.5177893969406273,0.278877582568224,6385289.895461374,0.00020683580622490516,-0.00039037605985735676,-6.113677941777299e-11,3.239254749763559e-11,7152.8954613739625,0.0,0.3207704875451252,0.31334542829807,0.6673155793792136,0.37119734788994924,0.16617140351863766,0.6380177156843846,0.17453292519621988,0.3490658503972782,0.5235987755977293,311.6670053328106,0.5798272929275267,40230.22544841964,241.70843760297538,0.6123681256633228,1.899821411662145,0.30463538123860795,190.85493988675407,10560.280862893978,9.776345408451407,-2.000317323336276e-05,1.1695809664757917e-05,190.85494339805723,5.937837514417445,-5.777997489951524,-17.390780811712826,0.0,0.0,0.0,0.041489307041230425,-0.040372460742145566,0.12151417802052819,0.0,0.0,0.0,0.0,0.0,0.0,0.0,0.0,0.5,0.0,0.0,1.0,0.0,0.0,0.0
20.5,-61.904177982347406,63.66238850411012,169.89298243601112,0.17453292519943295,0.3490658503988659,0.5235987755982988,0.7991933992973821,-0.15083296506596766,-0.497527469165446,0.3016659301319356,6385270.767574706,0.00020816639606633237,-0.0003926069968065193,-6.148635055724343e-11,3.260102878160294e-11,7133.767574706115,0.0,0.35852557264060386,0.32881558777642905,0.731599851627272,0.3836183803894234,0.1431425977095266,0.6474781665072078,0.1745329251962161,0.349065850397468,0.5235987755976504,311.7469624239456,0.5810960366239574,40338.99840219762,241.8324903250122,0.6149212986364088,1.9202170325007757,0.3385229910544007,191.699847633496,10677.30151317026,9.776403981099804,-1.963771885489983e-05,1.1535926770870721e-05,191.69984773282476,6.289553394486135,-6.468197712600611,-17.26134877386217,0.0,0.0,0.0,0.043946842819872926,-0.04519507990070013,0.12060980070364823,0.0,0.0,0.0,0.0,0.0,0.0,0.0,0.0,0.5,0.0,0.0,1.0,0.0,0.0,0.0
20.6,-64.56266842255238,70.21145389259526,167.25655065371518,0.17453292519943295,0.3490658503988659,0.5235987755982988,0.8008691840267359,-0.16206657901600935,-0.47673602599471643,0.32413315803201903,6385251.55540533,0.0002095321381211975,-0.00039490135020962965,-6.184585631546982e-11,3.281501696806684e-11,7114.555405330223,0.0,0.39744336634921273,0.34193951941473216,0.7967769833244006,0.39445472624719763,0.1191917970750978,0.6558656776738875,0.17453292519623514,0.3490658503976628,0.5235987755975694,311.82726386317006,0.5823712150193896,40448.34512778355,241.95708995369577,0.6174678021466266,1.9391848658619126,0.3732601916386064,192.5432959218974,10795.102291852658,9.776462812364363,-1.9190034805660593e-05,1.1374429452833575e-05,192.54329212601664,6.602978209939162,-7.180701449467256,-17.10570710958147,0.0,0.0,0.0,0.04613682837793132,-0.05017353985941534,0.11952228950414655,0.0,0.0,0.0,0.0,0.0,0.0,0.0,0.0,0.5,0.0,0.0,1.0,0.0,0.0,0.0
20.700000000000003,-66.78916176572238,76.86742406505891,164.4033809552931,0.17453292519943295,0.3490658503988659,0.5235987755982988,0.8016925772044203,-0.17312771673560629,-0.45543714373320693,0.3462554334712129,6385232.259099144,0.00021050969640744468,-0.00039663702823938943,-6.211787013294152e-11,3.296821288019119e-11,7095.259099143556,0.0,0.4373552652671784,0.3526312878275801,0.8627285383539767,0.403496126266825,0.09444230336249318,0.6629535764299149,0.17453292519609626,0.34906585039777127,0.523598775597455,311.9079040126504,0.5836533583864136,40558.325432547914,242.08223573089435,0.6200076136461506,1.9566805011419894,0.4087725789423944,193.385275244256,10913.69465885972,9.776521901805285,-1.9879120728205577e-05,1.1688685105148953e-05,193.38527751594162,6.875655586824637,-7.9131691392028465,-16.924617630674565,0.0,0.0,0.0,0.048042100353685065,-0.0552914934584205,0.118256967411034,0.0,0.0,0.0,0.0,0.0,0.0,0.0,0.0,0.5,0.0,0.0,1.0,0.0,0.0,0.0
20.8,-68.56722499074273,83.60404084157432,161.3454835848284,0.17453292519943295,0.3490658503988659,0.5235987755982988,0.8016585668391533,-0.18400369696190852,-0.43365117291533534,0.36800739392381737,6385212.878400118,0.0002117123296930001,-0.0003986807199140649,-6.243812501185296e-11,3.315665957153908e-11,7075.87840011809,0.0,0.4780756667341792,0.3608059405688225,0.9293170278793146,0.41054398548751264,0.06903621732196617,0.6685325699438658,0.17453292519606958,0.34906585039792754,0.5235987755973557,311.98885688682805,0.5849453662126011,40669.26380814946,242.2079303258762,0.6225407191604716,1.9726434335230467,0.44498926904108876,194.2257679931397,11033.138161526314,9.776581250216193,-1.9916493457117226e-05,1.1692361267486488e-05,194.22577027454798,7.1050750979467265,-8.663231090676135,-16.71893195255897,0.0,0.0,0.0,0.049645117700502304,-0.06053238301275059,0.11681978489591785,0.0,0.0,0.0,0.0,0.0,0.0,0.0,0.0,0.5,0.0,0.0,1.0,0.0,0.0,0.0
20.900000000000002,-69.88657831200933,90.3936904872822,158.09783821931393,0.17453292519943295,0.3490658503988659,0.5235987755982988,0.8007712904197933,-0.19468381075246344,-0.41140366891486563,0.3893676215049272,6385193.413860727,0.00021315749108780256,-0.00040107579222447984,-6.28134131958848e-11,3.3383090735234995e-11,7056.4138607267905,0.0,0.5193938812855955,0.366418135270193,0.9963803737998049,0.4154520470287192,0.04314062151860672,0.6724443448488442,0.17453292519616656,0.34906585039812704,0.5235987755972773,312.07015996089143,0.586242963228769,40780.682100083395,242.33416867218568,0.6250670381377181,1.987017030139877,0.4818327411082546,195.0647712356967,11153.351385421594,9.776640855909738,-1.9220852635726277e-05,1.14175172343245e-05,195.06476751257105,7.289204721163988,-9.428118394682288,-16.48967016721349,0.0,0.0,0.0,0.05093168211970341,-0.06587686139074536,0.11521786962256726,0.0,0.0,0.0,0.0,0.0,0.0,0.0,0.0,0.5,0.0,0.0,1.0,0.0,0.0,0.0
21.0,-70.73677583258322,97.20880702685989,154.67533036574127,0.17453292519943295,0.3490658503988659,0.5235987755982988,0.7990317218569687,-0.20515673138252655,-0.38871825909191476,0.4103134627650534,6385173.865629817,0.00021423939163988135,-0.00040296255214399294,-6.310909626330836e-11,3.3552632418216744e-11,7036.865629817359,0.0,0.5610905907357094,0.36942786348100215,1.0637460133585102,0.4181079881704414,0.016933346682035832,0.6745700251228194,0.1745329251961014,0.3490658503982625,0.5235987755971544,312.1517767862631,0.5875499758621817,40893.00996273185,242.46095114303637,0.6275866094776154,1.9997243625726515,0.5192287789247675,195.90227523570425,11274.408778100973,9.776700718437134,-1.963738499455303e-05,1.1624709830515556e-05,195.90227516576033,7.426074177294127,-10.205155708202565,-16.23809486895471,0.0,0.0,0.0,0.05188802672767921,-0.07130623523347142,0.1134600436854135,0.0,0.0,0.0,0.0,0.0,0.0,0.0,0.0,0.5,0.0,0.0,1.0,0.0,0.0,0.0
21.1,-71.10701962586694,104.02133719290748,151.0930449285227,0.17453292519943295,0.3490658503988659,0.5235987755982988,0.7964376076877736,-0.2154102421181109,-0.3656171234515509,0.43082048423622227,6385154.2334565325,0.0002153121749720937,-0.0004048199680008814,-6.340018631024944e-11,3.372074770808933e-11,7017.233456532781,0.0,0.6029373819817249,0.36980065513955274,1.131231869304292,0.4184381396043994,-0.00939789137308842,0.6748346922099724,0.17453292519604732,0.34906585039839766,0.5235987755970277,312.23372651344465,0.5888644823956392,41006.031304697215,242.58827868901753,0.630099328286658,2.0106634300682478,0.5571040462605751,196.73826200401035,11396.279111964835,9.776760838576307,-2.007066220244269e-05,1.180247336988553e-05,196.73826547798757,7.513571520009108,-10.991499763443931,-15.965340626269148,0.0,0.0,0.0,0.05249939477343312,-0.07680063784532129,0.11155423462713215,0.0,0.0,0.0,0.0,0.0,0.0,0.0,0.0,0.5,0.0,0.0,1.0,0.0,0.0,0.0
21.200000000000003,-70.99315423407027,110.80302859431225,147.36842923045413,0.17453292519943295,0.3490658503988659,0.5235987755982988,0.792995783174374,-0.22543445815863772,-0.3421268668570977,0.4508689163172758,6385134.517894294,0.00021672361628429795,-0.0004071563384936909,-6.376628986661663e-11,3.3941902975236605e-11,6997.517894293802,0.0,0.6447008580442363,0.36754636327035206,1.1986509691044176,0.4164456885266891,-0.0356602864090536,0.6732388835371188,0.1745329251961653,0.34906585039857085,0.5235987755969466,312.31601757059946,0.5901852995842639,41119.6144262874,242.71614732013785,0.6326051730598841,2.0197294607835476,0.5953787390329599,197.5727290046029,11518.937997383378,9.776821214636943,-1.9488034515310014e-05,1.1560480008535989e-05,197.57272732419548,7.550253916841129,-11.784124133206177,-15.672899631755971,0.0,0.0,0.0,0.05275570478890199,-0.08233892274543511,0.10951086880862669,0.0,0.0,0.0,0.0,0.0,0.0,0.0,0.0,0.5,0.0,0.0,1.0,0.0,0.0,0.0
21.3,-70.39084040565622,117.52564796306591,143.51884856694107,0.17453292519943295,0.3490658503988659,0.5235987755982988,0.788709926783473,-0.23521874824486272,-0.3182724302937467,0.4704374964897259,6385114.719095016,0.00021799433573671043,-0.0004093077947363377,-6.410343631137614e-11,3.414102100386499e-11,6977.719095015898,0.0,0.6861513598445662,0.3626813492530042,1.265819823197841,0.41217760290064764,-0.06166466092084533,0.6698321492402796,0.1745329251962208,0.3490658503987227,0.5235987755968406,312.39860894013344,0.5915167634603832,41234.246825975635,242.8445575630103,0.6351041911162784,2.026786141401054,0.6339728362335505,198.405665836774,11642.471981038201,9.776881846160906,-1.9365929190939823e-05,1.1538869507887739e-05,198.405663083156,7.53471806918858,-12.580083121571215,-15.36242578344863,0.0,0.0,0.0,0.05264715154004038,-0.08790050754466891,0.10734150247123216,0.0,0.0,0.0,0.0,0.0,0.0,0.0,0.0,0.5,0.0,0.0,1.0,0.0,0.0,0.0
21.400000000000002,-69.29548855950561,124.16043775140561,139.56192711230523,0.17453292519943295,0.3490658503988659,0.5235987755982988,0.783580578140554,-0.24475148103282704,-0.2940776160748991,0.4895029620656545,6385094.836813019,0.00021898548458819205,-0.00041105075063755075,-6.437660851851662e-11,3.429635584129118e-11,6957.836813018967,0.0,0.7270629487900779,0.3552282888057614,1.3325598207283278,0.40572247855929966,-0.08722692870689855,0.6647110218516732,0.17453292519616254,0.3490658503988521,0.5235987755966872,312.48154856069004,0.5928538415266916,41349.362579441055,242.97350925468862,0.637596220124943,2.031657530956818,0.6728029438974239,199.23705488295573,11766.787751598868,9.776942733910406,-2.0044944960773127e-05,1.183857171582758e-05,199.23705802391075,7.4653862254949885,-13.376152231398883,-15.03537261038336,0.0,0.0,0.0,0.05216271084193208,-0.09346286179290898,0.10505629182288304,0.0,0.0,0.0,0.0,0.0,0.0,0.0,0.0,0.5,0.0,0.0,1.0,0.0,0.0,0.0
21.5,-67.70938476934795,130.67963382690473,135.51693371318325,0.17453292519943295,0.3490658503988659,0.5235987755982988,0.7776172093481242,-0.2540236905868929,-0.2695698281743376,0.5080473811737862,6385074.871602629,0.00022028154922795314,-0.00041321669316879124,-6.471602941085041e-11,3.449944654742443e-11,6937.871602629001,0.0,0.767227099984556,0.3452521683534906,1.3987094410304537,0.39723518932187635,-0.112180610150176,0.6580369490288134,0.17453292519625713,0.34906585039899424,0.5235987755965883,312.56480116942913,0.5942000607040923,41465.35951282975,243.10300003605715,0.6400813272894001,2.034154267563032,0.7117777256555857,200.06689345879178,11891.95353365297,9.7770038761923,-1.9832250037173535e-05,1.174037351721797e-05,200.06689448787068,7.341525146450444,-14.169222248789834,-14.693692969453691,0.0,0.0,0.0,0.05129725934945529,-0.09900426055581456,0.10266888201285572,0.0,0.0,0.0,0.0,0.0,0.0,0.0,0.0,0.5,0.0,0.0,1.0,0.0,0.0,0.0
21.6,-65.6346191338399,137.05546034640048,131.4030715397741,0.17453292519943295,0.3490658503988659,0.5235987755982988,0.7708261582353214,-0.2630255401338375,-0.24477507796764558,0.5260510802676754,6385054.823618914,0.00022171420632322795,-0.00041558632773050497,-6.508735464466372e-11,3.472393150064842e-11,6917.823618914001,0.0,0.8064499250164925,0.3328213197785387,1.4641231388873481,0.38689552688026085,-0.13637545846283047,0.6500017343392421,0.17453292519642277,0.3490658503991328,0.5235987755965169,312.648377553984,0.5955541737116243,41582.09756045626,243.2330284724261,0.6425594540712384,2.0340364551170405,0.7507998288018709,200.89517079734637,12017.94663307962,9.777065272538824,-1.922059513503882e-05,1.1503859642658654e-05,200.8951665438674,7.162315841970899,-14.95604770503692,-14.339236113396158,0.0,0.0,0.0,0.050045074553198426,-0.10450202684915413,0.10019219427963083,0.0,0.0,0.0,0.0,0.0,0.0,0.0,0.0,0.5,0.0,0.0,1.0,0.0,0.0,0.0
21.700000000000003,-63.07314346273213,143.25959956340358,127.23985221494233,0.17453292519943295,0.3490658503988659,0.5235987755982988,0.7632107485476293,-0.27174609605310024,-0.21971855644142801,0.5434921921062009,6385034.69262143,0.00022273331467694053,-0.0004173725681528958,-6.536731408287077e-11,3.488364988101119e-11,6897.692621430382,0.0,0.8445506890875766,0.3180070735834718,1.5286713479537548,0.37490162298309465,-0.15967699890555156,0.6408214063975308,0.17453292519640984,0.3490658503992605,0.5235987755963559,312.7322937516272,0.5969145739100008,41699.3956216908,243.3635955597325,0.6450305033647772,2.0309996976954725,0.7897611514523183,201.72186952065616,12144.739538038657,9.7771269236963,-1.9842558666975166e-05,1.179519194138833e-05,201.7218707420414,6.926901145713934,-15.733270901881234,-13.97390458906773,0.0,0.0,0.0,0.04840016719571216,-0.1099326995098903,0.09763952224239508,0.0,0.0,0.0,0.0,0.0,0.0,0.0,0.0,0.5,0.0,0.0,1.0,0.0,0.0,0.0
21.8,-60.03374732250562,149.26590872148304,123.04763104368529,0.17453292519943295,0.3490658503988659,0.5235987755982988,0.7547830125231839,-0.28017740012271264,-0.19442821227775783,0.5603548002454257,6385014.479165364,0.00022388178870753032,-0.00041932687948837707,-6.567359884199665e-11,3.506363054418646e-11,6877.479165363747,0.0,0.8813808251857642,0.300915424909362,1.5922559496952227,0.36148155183256514,-0.18198182844350613,0.6307406838627958,0.17453292519646735,0.3490658503993829,0.5235987755962247,312.8165051540278,0.5982858218015682,41817.76851023268,243.49469928695459,0.6474945615655205,2.0247083684200655,0.8285411206666178,202.54698651954865,12272.42358721821,9.777188827968883,-2.008618347322983e-05,1.1889980078431482e-05,202.5469895843188,6.635279341295319,-16.4977690119457,-13.599946330298122,0.0,0.0,0.0,0.04636252528414688,-0.11527445848256182,0.0950265728342942,0.0,0.0,0.0,0.0,0.0,0.0,0.0,0.0,0.5,0.0,0.0,1.0,0.0,0.0,0.0
21.900000000000002,-56.52501846723811,155.0482018797228,118.84671751774458,0.17453292519943295,0.3490658503988659,0.5235987755982988,0.7455518850355606,-0.28831050299116917,-0.16893087905322138,0.5766210059823388,6384994.183408958,0.00022533670725620496,-0.0004217146247696377,-6.604776960728313e-11,3.5291607287870284e-11,6857.183408957906,0.0,0.9168092599735788,0.2816501248052299,1.6547993901051505,0.3468577666841491,-0.20320561712536966,0.6200048176291143,0.17453292519667105,0.34906585039948906,0.5235987755961723,312.9010594283727,0.5996626528139157,41936.623361327016,243.62633681112789,0.6499514949350393,2.0147445231257732,0.8670026605170237,203.37051134222844,12400.893198664264,9.777250984879116,-1.9400613837206038e-05,1.1610148035856582e-05,203.37050846511954,6.287317969302429,-17.246121668256098,-13.219404838850567,0.0,0.0,0.0,0.0439312232880839,-0.12050340472054738,0.09236762456528884,0.0,0.0,0.0,0.0,0.0,0.0,0.0,0.0,0.5,0.0,0.0,1.0,0.0,0.0,0.0
22.0,-52.555524420855434,160.57975259791036,114.65776725811348,0.17453292519943295,0.3490658503988659,0.5235987755982988,0.7355234217886141,-0.2961352688999139,-0.1432528839887855,0.5922705377998282,6384973.805117144,0.0002265297376131002,-0.00042374689315250927,-6.636626963807232e-11,3.5478569614557556e-11,6836.80511714456,0.0,0.9507191389720197,0.2603128659198081,1.7162430732762897,0.33124270261714556,-0.2232804269849348,0.608856022636816,0.17453292519676325,0.34906585039959853,0.5235987755960491,312.98592184917294,0.6010489841703833,42056.40168491581,243.75851100176405,0.652401310444621,2.0005854538075383,0.9049841099122304,204.19242623062362,12530.233933711608,9.777313395156996,-1.9542271526044433e-05,1.1700323890787947e-05,204.1924245795127,5.882973729150295,-17.975058790714268,-12.83460180116843,0.0,0.0,0.0,0.041105958654403404,-0.12559668927304413,0.08967889969836082,0.0,0.0,0.0,0.0,0.0,0.0,0.0,0.0,0.5,0.0,0.0,1.0,0.0,0.0,0.0
22.1,-48.14035688863718,165.8371328393013,110.50142624958343,0.17453292519943295,0.3490658503988659,0.5235987755982988,0.7247121201401991,-0.30364483001962345,-0.1174224601009515,0.6072896600392473,6384953.344845885,0.00022755991587745052,-0.0004255350174722293,-6.664653514480511e-11,3.564002798467328e-11,6816.34484588541,0.0,0.9830292236542503,0.23703033039036064,1.7765629426920106,0.31484403131101385,-0.242170026043608,0.5975307025039055,0.1745329251968033,0.34906585039971144,0.5235987755958842,313.0711061452003,0.6024430250062232,42176.90243881774,243.89121764856176,0.6548439738763163,1.9816528407848815,0.942300699549886,205.0127279201557,12660.40741857172,9.777376057104233,-2.014193590582635e-05,1.1960569362183074e-05,205.01273138755622,5.422942625049021,-18.68136469363349,-12.447843008485634,0.0,0.0,0.0,0.037891594556323745,-0.1305318432579918,0.08697650943228322,0.0,0.0,0.0,0.0,0.0,0.0,0.0,0.0,0.5,0.0,0.0,1.0,0.0,0.0,0.0
22.200000000000003,-43.29440638109615,170.79683966216217,106.39831667884656,0.17453292519943295,0.3490658503988659,0.5235987755982988,0.7131294284196947,-0.31083120988634055,-0.09146700864701274,0.6216624197726816,6384932.802756602,0.00022891538467772018,-0.00042777406101995804,-6.699742569495372e-11,3.5852434434218214e-11,6795.802756601944,0.0,1.013670653245785,0.21192195485743204,1.8357524255327433,0.297843674235246,-0.25985121571033815,0.5862469891121018,0.1745329251969833,0.34906585039979077,0.5235987755958174,313.1566197474758,0.6038438851898964,42298.02567722716,244.02445540018073,0.6572794359299076,1.9572443006991769,0.9787312595519443,205.83140638533746,12791.396467731236,9.777438970233668,-1.977970316602302e-05,1.1802215844625181e-05,205.83140649773358,4.907924044465396,-19.36180643563784,-12.061485544395017,0.0,0.0,0.0,0.03429301780681007,-0.1352862772230744,0.08427692335967586,0.0,0.0,0.0,0.0,0.0,0.0,0.0,0.0,0.5,0.0,0.0,1.0,0.0,0.0,0.0
22.3,-38.03266346931632,175.4348504138052,102.36943176337132,0.17453292519943295,0.3490658503988659,0.5235987755982988,0.7007840609863848,-0.31768516252794854,-0.06541373593048683,0.6353703250558976,6384912.178619762,0.00023031208508670736,-0.00043008404726738636,-6.735943036627275e-11,3.6071300380942094e-11,6775.178619762261,0.0,1.0425830540597207,0.18510108483644647,1.8938205243524742,0.28039810929296466,-0.27631057402534215,0.5752063676416499,0.17453292519718172,0.3490658503998562,0.5235987755957652,313.2424305846782,0.6052552072471482,42420.18247337798,244.15822699189673,0.6597076962047308,1.9265100782830664,1.0140038873926622,206.6484429017041,12923.283173365846,9.777502135258477,-1.9314271824555356e-05,1.1629279936660924e-05,206.64843900511215,4.338662798029537,-20.013198694523773,-11.678050973564856,0.0,0.0,0.0,0.030315432602987254,-0.13983773444425618,0.08159776034775977,0.0,0.0,0.0,0.0,0.0,0.0,0.0,0.0,0.5,0.0,0.0,1.0,0.0,0.0,0.0
22.400000000000002,-32.376059836775994,179.73145978547421,98.43488305090872,0.17453292519943295,0.3490658503988659,0.5235987755982988,0.6876928449270833,-0.3242009792411161,-0.03929088644485025,0.6484019584822327,6384891.4729920495,0.00023132748549994068,-0.00043185491573393927,-6.763700175478615e-11,3.6230449099481634e-11,6754.472992049529,0.0,1.0697371576464005,0.15669754110714362,1.9508059970299372,0.26264161978875855,-0.2915592460512648,0.5645874452266082,0.17453292519724825,0.34906585039995425,0.523598775595593,313.3285804809208,0.6066721057737328,42542.821940102825,244.29252714700823,0.6621286638200565,1.888552058468384,1.0478030629768296,207.46383499816866,13055.962123805311,9.777565550478082,-1.997326962073957e-05,1.1933333553315592e-05,207.46383689374449,3.7166237168347624,-20.632434368167196,-11.299906678805392,0.0,0.0,0.0,0.025969074123377206,-0.14416450474275191,0.07895556195262499,0.0,0.0,0.0,0.0,0.0,0.0,0.0,0.0,0.5,0.0,0.0,1.0,0.0,0.0,0.0
22.5,-26.345333097707957,183.66685528400367,94.61478102580222,0.17453292519943295,0.3490658503988659,0.5235987755982988,0.6738696438296264,-0.3303717360761928,-0.013126171677240136,0.660743472152386,6384870.686038025,0.00023252411565651132,-0.0004338668760669014,-6.795233566995338e-11,3.6417983556813186e-11,6733.6860380247235,0.0,1.0951074026786494,0.1268313137706319,2.006758954956991,0.2446786305524875,-0.3056124455651663,0.5545485540653987,0.17453292519738742,0.3490658504000219,0.5235987755954852,313.4150247823307,0.6080994223541633,42666.49204600806,244.42735646099823,0.6645423982969786,1.842365640078214,1.0797436055483767,208.27757223115702,13189.538765076804,9.777629215395745,-2.0105969710471072e-05,1.1980612974582527e-05,208.2775749904079,3.0433403274382065,-21.216689325070462,-10.929638945905394,0.0,0.0,0.0,0.0212646575406384,-0.14824685513352354,0.07636839926579699,0.0,0.0,0.0,0.0,0.0,0.0,0.0,0.0,0.5,0.0,0.0,1.0,0.0,0.0,0.0
22.6,-19.96143935744803,187.22074640950584,90.92961899812211,0.17453292519943295,0.3490658503988659,0.5235987755982988,0.65932574320948,-0.3361891630667014,0.01305258292392351,0.6723783261334032,6384849.817533817,0.0002339970114005891,-0.00043626962977302326,-6.832887887023646e-11,3.664878863171929e-11,6712.817533816831,0.0,1.118668582818141,0.0956145950794592,2.061739984887866,0.226586538470575,-0.3184870318524707,0.545232567067694,0.17453292519762545,0.34906585040004134,0.5235987755954817,313.5017961142074,0.6095336742830324,42790.79842811916,244.56271518731492,0.6669487620563471,1.7868844539703899,1.1093512182945309,209.08963548926388,13323.94297613758,9.777693130707435,-1.939813026770785e-05,1.1693655660375657e-05,209.08963216635047,2.3203257352038364,-21.76276531324971,-10.569756406432592,0.0,0.0,0.0,0.016212755338925022,-0.152062438548597,0.07385380078735922,0.0,0.0,0.0,0.0,0.0,0.0,0.0,0.0,0.5,0.0,0.0,1.0,0.0,0.0,0.0
22.700000000000003,-13.250440488490748,190.37802844004239,87.39815195506182,0.17453292519943295,0.3490658503988659,0.5235987755982988,0.6440801209233453,-0.3416487601194399,0.03921739931553514,0.6832975202388802,6384828.868036846,0.0002351615746419099,-0.00043825198174850363,-6.863958155151583e-11,3.683130425612495e-11,6691.868036845388,0.0,1.140419302184599,0.06317000733051334,2.115832008322931,0.20841815376156703,-0.33021581871667527,0.5367576917850831,0.17453292519776484,0.34906585040009686,0.5235987755953644,313.58888234076505,0.610975919006134,42915.86207964074,244.69860008335726,0.6693477795323872,1.7212491611955636,1.1360920709648312,209.90002274938385,13459.19592058266,9.777757294710241,-1.9653290740014457e-05,1.1831488511878262e-05,209.900021646268,1.5498588795471295,-22.26810603364642,-10.222761500725266,0.0,0.0,0.0,0.01082929109595497,-0.15559339342199463,0.07142925175756878,0.0,0.0,0.0,0.0,0.0,0.0,0.0,0.0,0.5,0.0,0.0,1.0,0.0,0.0,0.0
22.8,-6.23821842254288,193.1234593948775,84.03915746757589,0.17453292519943295,0.3490658503988659,0.5235987755982988,0.6281489430261508,-0.3467447301606441,0.06534051729513818,0.6934894603212887,6384807.837714795,0.00023621585050062909,-0.00044006477576970915,-6.892373066739218e-11,3.6996548134982524e-11,6670.837714795023,0.0,1.1603535369568476,0.029610314531117433,2.169124277875547,0.1902012983619981,-0.34082823438185483,0.5292298728210164,0.17453292519788272,0.3490658504001588,0.5235987755952126,313.6762699439841,0.6124275671391871,43041.8430845079,244.8350105473193,0.6717394432921747,1.6448903402362156,1.1593474103168304,210.7087229461378,13595.330371626213,9.777821706897885,-2.0214534643514526e-05,1.2073566679760006e-05,210.70872659058762,0.7342222689936521,-22.73013462311733,-9.891192757403681,0.0,0.0,0.0,0.005130213327801905,-0.1588217145008118,0.0691124895754541,0.0,0.0,0.0,0.0,0.0,0.0,0.0,0.0,0.5,0.0,0.0,1.0,0.0,0.0,0.0
22.900000000000002,1.0490149336839807,195.4413806154469,80.87179343682841,0.17453292519943295,0.3490658503988659,0.5235987755982988,0.6115459601349797,-0.3514698583267069,0.09139375651843484,0.7029397166534143,6384786.726349484,0.00023760706720241456,-0.00044234314231540603,-6.92808015814292e-11,3.721456602898577e-11,6649.726349483864,0.0,1.1784581370119804,-0.0049590150919571335,2.2217130906981044,0.17194128830361552,-0.3503489849934706,0.5227481725748137,0.17453292519809707,0.3490658504001556,0.5235987755951992,313.7639925482949,0.6138850055129471,43168.331817406186,244.97194675470746,0.6741236147172674,1.557814919247927,1.1784236374073627,211.5157174939817,13732.270989632361,9.777886367949039,-1.977347927114202e-05,1.1883845071262546e-05,211.51571714695186,-0.12425160269776633,-23.146004145101802,-9.577588210814012,0.0,0.0,0.0,-0.0008681801888609552,-0.16172750945475073,0.06692124818641432,0.0,0.0,0.0,0.0,0.0,0.0,0.0,0.0,0.5,0.0,0.0,1.0,0.0,0.0,0.0
23.0,8.581000638793268,197.32199759893416,77.9126731587275,0.17453292519943295,0.3490658503988659,0.5235987755982988,0.5942921005257576,-0.35582088841553494,0.11734967630531294,0.7116417768310703,6384765.534499136,0.00023899303184872828,-0.00044462754887521965,-6.963882173902486e-11,3.7431763245572285e-11,6628.5344991358,0.0,1.1947369619863057,-0.04042577855609716,2.2737103790710917,0.15362322917304622,-0.35881182658498967,0.5173922458054533,0.1745329251983071,0.34906585040014376,0.5235987755951864,313.85199548769305,0.615354031277099,43295.98680495329,245.1094070723271,0.6765004082200783,1.4610940233478555,1.1926675611989226,212.32100373763166,13870.145496639621,9.77795127615825,-1.9374305774514762e-05,1.1737683955459495e-05,212.32099994799955,-1.0225706713105802,-23.51382743465364,-9.28443630576616,0.0,0.0,0.0,-0.007144983076810266,-0.16429759214227418,0.06487291504009292,0.0,0.0,0.0,0.0,0.0,0.0,0.0,0.0,0.5,0.0,0.0,1.0,0.0,0.0,0.0
23.1,16.327638975855645,198.75535349885283,75.17845693568994,0.17453292519943295,0.3490658503988659,0.5235987755982988,0.5764056855138224,-0.3597932108102231,0.14318073610662435,0.7195864216204466,6384744.2623345405,0.00024001141604508165,-0.0004463939029013786,-6.991570602675284e-11,3.75913906937477e-11,6607.262334540486,0.0,1.209182685940927,-0.07668581157982071,2.3252322935192153,0.1352132639235113,-0.3662422522645026,0.5132399966284934,0.17453292519843996,0.34906585040018473,0.5235987755950278,313.94033091791107,0.6168287391006316,43424.13859104352,245.24738838501335,0.6788696765667492,1.3569325724956767,1.2014909753481375,213.1245709115005,14008.82300766672,9.778016431009746,-2.0052274173565365e-05,1.2049765174992899e-05,213.12457308757428,-1.957722987776293,-23.83124253688469,-9.014076900290933,0.0,0.0,0.0,-0.013679150017882308,-0.16651545893367958,0.06298383936936083,0.0,0.0,0.0,0.0,0.0,0.0,0.0,0.0,0.5,0.0,0.0,1.0,0.0,0.0,0.0
23.200000000000003,24.258400246516093,199.73115106727775,72.68616742160359,0.17453292519943295,0.3490658503988659,0.5235987755982988,0.5579028091871379,-0.36338073860960945,0.16885866803208188,0.7267614772192195,6384722.909643212,0.00024123716011189618,-0.00044843664319281,-7.023588173775174e-11,3.7783497190940376e-11,6585.909643212333,0.0,1.2217747999350057,-0.11364014994110656,2.3764014742157893,0.11665927467498967,-0.37265674877009564,0.5103723537568947,0.17453292519861843,0.3490658504001788,0.5235987755949629,314.0289629954977,0.6183132591030106,43553.25584897966,245.38589346845177,0.6812314300527716,1.248679752680683,1.2044552904037182,213.92640020930793,14148.401479565355,9.77808183316489,-2.0128717906686702e-05,1.2073910572970216e-05,213.92640276384483,-2.9266289708825775,-24.096197890837068,-8.769082923791627,0.0,0.0,0.0,-0.020449163129486584,-0.16836677500719235,0.0612719989409976,0.0,0.0,0.0,0.0,0.0,0.0,0.0,0.0,0.5,0.0,0.0,1.0,0.0,0.0,0.0
23.3,32.33995174561801,200.24541708054412,70.44956140126288,0.17453292519943295,0.3490658503988659,0.5235987755982988,0.5388061443254524,-0.3665814872282637,0.19435683013107583,0.733162974456528,6384701.47698424,0.00024271567280420098,-0.0004508355584407114,-7.06118461578561e-11,3.8015195179937206e-11,6564.476984239805,0.0,1.2325045643359627,-0.15118505009831468,2.427351350770374,0.09789433048243551,-0.37807605788096504,0.5088572254241648,0.1745329251988413,0.34906585040011573,0.5235987755950179,314.1179074779039,0.6198055269117423,43683.10516594154,245.52491800826454,0.6835856309764413,1.1404474931129154,1.2014415169073231,214.72648865449696,14288.832252142047,9.778147480915493,-1.9434822490893553e-05,1.1791496888235992e-05,214.72648525848246,-3.925656746333959,-24.30711448521451,-8.551628917248884,0.0,0.0,0.0,-0.02742964550506171,-0.1698405073757472,0.05975258787208715,0.0,0.0,0.0,0.0,0.0,0.0,0.0,0.0,0.5,0.0,0.0,1.0,0.0,0.0,0.0
23.400000000000002,40.53909284075477,200.2939948356939,68.48246661335673,0.17453292519943295,0.3490658503988659,0.5235987755982988,0.5191359757810163,-0.3693920723459899,0.21964816891096434,0.7387841446919805,6384679.964531561,0.00024388661632204192,-0.0004528175967697985,-7.092252067218867e-11,3.8198722203288334e-11,6542.96453156136,0.0,1.2413469592848276,-0.18922182427549383,2.4782204903722547,0.07883597387974274,-0.38250946046556894,0.5087701493466408,0.17453292519901328,0.34906585040010085,0.5235987755949353,314.2071642884375,0.6213054686972579,43813.678796643326,245.66446085307808,0.6859322464847428,1.0363072742919557,1.192598066872729,215.5248260619686,14430.114832218062,9.778213373736158,-1.970048634802879e-05,1.1933988581347421e-05,215.52482498787222,-4.951151722243929,-24.46246050402244,-8.363953378240435,0.0,0.0,0.0,-0.0345950615039773,-0.17092595281885772,0.05844124716208223,0.0,0.0,0.0,0.0,0.0,0.0,0.0,0.0,0.5,0.0,0.0,1.0,0.0,0.0,0.0
23.5,48.82210828766299,199.8724762535386,66.79904044636196,0.17453292519943295,0.3490658503988659,0.5235987755982988,0.4989106064385529,-0.37180760346089414,0.244704600483236,0.7436152069217888,6384658.372078387,0.0002449560186895148,-0.00045464287917124975,-7.120864621109869e-11,3.836634701956499e-11,6521.372078387378,0.0,1.248258601475591,-0.22765377636962897,2.529156209689718,0.059384991918392874,-0.385953947122198,0.5101984322332691,0.1745329251991765,0.3490658504000921,0.5235987755948173,314.29671417380877,0.6228153634684195,43945.235520796974,245.8045241109757,0.6882712489647935,0.9396575565431294,1.1783108345337199,216.32139268033765,14572.306781990928,9.778279512270926,-2.024723673817638e-05,1.2170624463199905e-05,216.3213962240833,-5.999381840445927,-24.560742616906516,-8.208400882221055,0.0,0.0,0.0,-0.04191933420735637,-0.1716126770258114,0.05735435900579508,0.0,0.0,0.0,0.0,0.0,0.0,0.0,0.0,0.5,0.0,0.0,1.0,0.0,0.0,0.0
23.6,57.15386371175975,198.9829962885835,65.40956898354756,0.17453292519943295,0.3490658503988659,0.5235987755982988,0.47815423781765337,-0.373827386320417,0.2695005348231813,0.7476547726408346,6384636.700184623,0.0002463491183611434,-0.00045691267956155543,-7.156439763612803e-11,3.858467285388417e-11,6499.70018462309,0.0,1.2532041402317458,-0.266380167967539,2.5803134962346994,0.03943194747352621,-0.38840732668171546,0.5132211212455351,0.17453292519937194,0.349065850400015,0.5235987755948565,314.38659144300647,0.6243310484745924,44077.30303527715,245.94510275367324,0.6906025625846332,0.8526689203397686,1.1591976148853254,217.1161863632398,14715.308963056392,9.778345894809016,-1.983047140659745e-05,1.199077116590769e-05,217.11618613289883,-7.066163922639259,-24.60100197271975,-8.086824222210206,0.0,0.0,0.0,-0.049373234595626696,-0.17189398023940758,0.05650486937863875,0.0,0.0,0.0,0.0,0.0,0.0,0.0,0.0,0.5,0.0,0.0,1.0,0.0,0.0,0.0
23.700000000000003,65.49932265130522,197.62748807979668,64.32443132422847,0.17453292519943295,0.3490658503988659,0.5235987755982988,0.45688890652270514,-0.3754492846686473,0.29400966281459007,0.7508985693372952,6384614.949027474,0.00024775880290509787,-0.00045921866211579807,-7.192581945536869e-11,3.8805598283235125e-11,6477.949027474037,0.0,1.2561274373285976,-0.30530145649733303,2.6318559002784143,0.018852539759291968,-0.38985305352736793,0.5179320658021934,0.17453292519956143,0.3490658503999276,0.5235987755949061,314.47674275152684,0.6258584649756945,44210.55819061084,246.08619764140022,0.692926269423087,0.7763485155640709,1.1359288321598606,217.9091961751393,14859.262410306495,9.778412520815046,-1.9390483643633154e-05,1.1824946135163824e-05,217.90919214879892,-8.147384781353258,-24.582654042550196,-8.001241411765632,0.0,0.0,0.0,-0.05692802269443324,-0.17176577819505603,0.05590687869745812,0.0,0.0,0.0,0.0,0.0,0.0,0.0,0.0,0.5,0.0,0.0,1.0,0.0,0.0,0.0
23.8,73.82286899590422,195.807734825906,63.55429104345822,0.17453292519943295,0.3490658503988659,0.5235987755982988,0.435134955848567,-0.3766696572309027,0.31820435861323904,0.7533393144618059,6384593.118405879,0.00024878854280186075,-0.00046099294866516684,-7.220396666589972e-11,3.896701609764605e-11,6456.118405878854,0.0,1.256948894481823,-0.34431589927400963,2.683960302435125,-0.0024948959218176275,-0.39025870613086694,0.524443494150202,0.17453292519973115,0.3490658503998938,0.5235987755947855,314.5672221308318,0.6273916068355517,44344.31670433969,246.2278080462095,0.6952421818501155,0.7108012200196675,1.1091611558220007,218.70040252339214,15004.029738774965,9.778479390915631,-2.006425768996676e-05,1.2136714668523981e-05,218.7004044359321,-9.238679366278417,-24.504609344135783,-7.953583170136507,0.0,0.0,0.0,-0.06455319869435854,-0.17122045837995603,0.05557387742970789,0.0,0.0,0.0,0.0,0.0,0.0,0.0,0.0,0.5,0.0,0.0,1.0,0.0,0.0,0.0
23.900000000000002,82.08893785068442,193.53202353970659,63.10547643769896,0.17453292519943295,0.3490658503988659,0.5235987755982988,0.41291789343224894,-0.37748911122523515,0.34206032901822186,0.7549782224504709,6384571.208880454,0.000250006502105727,-0.0004630155217053923,-7.25210051817415e-11,3.915791584678079e-11,6434.208880454612,0.0,1.2555945895482474,-0.3833174972776717,2.7368090897617643,-0.024757121864353963,-0.38958977782674675,0.5328605299733277,0.17453292519990476,0.3490658503998192,0.5235987755947613,314.65798647918854,0.628935073207592,44479.10403857345,246.36993189246164,0.6975503947679896,0.6554004439150143,1.0795324400044646,219.48980335582567,15149.718386657532,9.77854650339772,-2.0192901505566882e-05,1.2184947420242542e-05,219.48980611767405,-10.335592660533825,-24.367032050504186,-7.945421044571353,0.0,0.0,0.0,-0.0722176341647581,-0.17025916791629422,0.05551684640909483,0.0,0.0,0.0,0.0,0.0,0.0,0.0,0.0,0.5,0.0,0.0,1.0,0.0,0.0,0.0
24.0,90.26202277438306,190.80842825993258,62.984428927402945,0.17453292519943295,0.3490658503988659,0.5235987755982988,0.3902612927823968,-0.37790677556787733,0.36555225835335836,0.7558135511357552,6384549.220631786,0.0002514955875888325,-0.00046541599595113266,-7.289723673006272e-11,3.9391283377708164e-11,6412.220631785691,0.0,1.251965385207927,-0.42219661211134796,2.790598302287163,-0.04809515277475648,-0.38779370809102687,0.5433064943358342,0.1745329252000715,0.349065850399693,0.523598775594878,314.7490605997827,0.6304859453605883,44614.58774494514,246.51256703070928,0.6998508171533899,0.6092448686999078,1.0475846023154638,220.27738725901975,15296.259662695755,9.778613857715595,-1.9493233079259653e-05,1.189696546077812e-05,220.2773840279852,-11.433524261125543,-24.16977513555488,-7.978261223046484,0.0,0.0,0.0,-0.07988918482215066,-0.16888087949218927,0.055746309786079334,0.0,0.0,0.0,0.0,0.0,0.0,0.0,0.0,0.5,0.0,0.0,1.0,0.0,0.0,0.0
24.1,98.30599391412298,187.6449808561857,63.197817979135294,0.17453292519943295,0.3490658503988659,0.5235987755982988,0.36718732614298666,-0.37792028421538854,0.388653242287791,0.7558405684307776,6384527.153464639,0.000252701276026586,-0.0004674371212341009,-7.321405485967272e-11,3.958026490818369e-11,6390.153464638317,0.0,1.2459335296116252,-0.4608359766409752,2.8455432649218233,-0.07268611004650069,-0.3847972551291241,0.5559247853135838,0.1745329252002384,0.3490658503996035,0.5235987755948559,314.8404354238866,0.6320453753035833,44750.899254980046,246.65571510748939,0.7021434019784586,0.5713518832013066,1.0137713595892293,221.06313507907836,15443.68567547121,9.778681454478141,-1.968805288754536e-05,1.2008018169732765e-05,221.06313354031101,-12.527805482417063,-23.912838209367486,-8.053718754214877,0.0,0.0,0.0,-0.08753522927341428,-0.16708559038316004,0.05627355235066908,0.0,0.0,0.0,0.0,0.0,0.0,0.0,0.0,0.5,0.0,0.0,1.0,0.0,0.0,0.0
24.200000000000003,106.18627216217986,184.05591649816049,63.7476771194401,0.17453292519943295,0.3490658503988659,0.5235987755982988,0.34372258061398464,-0.37753155227977103,0.411340523945558,0.7550631045595426,6384505.007940241,0.00025376681839645027,-0.0004692497662766659,-7.349822197934947e-11,3.97472972605004e-11,6368.007940240825,0.0,1.2373768022014124,-0.49911304392105876,2.9018619193478474,-0.09870117571774209,-0.3805225483493976,0.5708445468698804,0.1745329252004095,0.34906585039952165,0.5235987755947787,314.9321021081993,0.6336140685436895,44888.120176239725,246.7993727321965,0.7044281669967818,0.5406731579430957,0.9784881078226152,221.8470440867404,15592.011649797594,9.778749291970335,-2.0274026204229273e-05,1.2265980231518368e-05,221.84704754938437,-13.613731686368432,-23.5970552912375,-8.172833610071018,0.0,0.0,0.0,-0.09512289491607652,-0.16487912811186028,0.057105840673781307,0.0,0.0,0.0,0.0,0.0,0.0,0.0,0.0,0.5,0.0,0.0,1.0,0.0,0.0,0.0
24.3,113.86829448028,180.0552548791861,64.63617040276088,0.17453292519943295,0.3490658503988659,0.5235987755982988,0.319891942804978,-0.37674098248537663,0.4335900221657758,0.7534819649707538,6384482.784242534,0.00025514164562520213,-0.0004714827605516143,-7.384823116999787e-11,3.996277447171041e-11,6345.784242534079,0.0,1.2261443773216616,-0.5368954931380152,2.959790736122868,-0.12631748521408598,-0.37486898750890424,0.5882064751175323,0.17453292520055208,0.3490658503993929,0.5235987755948591,315.0240811907052,0.6351895839025663,45025.97234472307,246.9435378955624,0.7067050330737408,0.51628526563094,0.9420539988802007,222.62910371690214,15741.178649943871,9.778817369636194,-1.9943500937813496e-05,1.2120543090077263e-05,222.62910412063803,-14.68648448455686,-23.223134404670102,-8.336632405833734,0.0,0.0,0.0,-0.10261851434239311,-0.16226643983363512,0.05825034799886089,0.0,0.0,0.0,0.0,0.0,0.0,0.0,0.0,0.5,0.0,0.0,1.0,0.0,0.0,0.0
24.400000000000002,121.31685182264894,175.65708152707703,65.86562347071462,0.17453292519943295,0.3490658503988659,0.5235987755982988,0.2957191875307207,-0.37554749601038084,0.45537580449004145,0.7510949920207622,6384460.482182299,0.0002565864717214993,-0.0004738241436851476,-7.421522069569812e-11,4.018921762485309e-11,6323.482182298476,0.0,1.212053549914562,-0.5740363286426367,3.0195901339940456,-0.15571420282455828,-0.36770970915952556,0.608158427188041,0.17453292520067765,0.3490658503992518,0.523598775594977,315.11633665879384,0.636776161527407,45164.940126135974,247.08821323911778,0.7089740104386161,0.49739572053284187,0.904730841369083,223.4092936255408,15891.295847709634,9.778885688066294,-1.9417217441031195e-05,1.1915461181880952e-05,223.4092895366831,-15.741256907399702,-22.79204106698395,-8.546272930495153,0.0,0.0,0.0,-0.10998849993120265,-0.15925427188406394,0.05971516411665517,0.0,0.0,0.0,0.0,0.0,0.0,0.0,0.0,0.5,0.0,0.0,1.0,0.0,0.0,0.0
24.5,128.4997567885815,170.8811335219093,67.43360549293577,0.17453292519943295,0.3490658503988659,0.5235987755982988,0.27123172909542637,-0.3739543020113012,0.47667687492717636,0.747908604022603,6384438.102321304,0.00025765071158713313,-0.0004756398774515272,-7.449988078215926e-11,4.035605130452549e-11,6301.102321304071,0.0,1.1949327435042396,-0.6103817788530914,3.081515420824905,-0.18703411439274376,-0.358912969149627,0.6308058732675281,0.1745329252008418,0.3490658503991406,0.523598775594918,315.2089139601726,0.6383682739298336,45304.39269678937,247.2333932827497,0.7112349980584477,0.4832733569193204,0.8667448110811741,224.18761197825532,16042.223477526495,9.778954245543858,-2.0025190619795334e-05,1.2201514306771827e-05,224.18761324116315,-16.773179998508297,-22.30522062678824,-8.802159641018283,0.0,0.0,0.0,-0.11719883094244798,-0.1558527233121832,0.06150311507942351,0.0,0.0,0.0,0.0,0.0,0.0,0.0,0.0,0.5,0.0,0.0,1.0,0.0,0.0,0.0
24.6,135.38479191527875,165.74693479807573,69.33782863876728,0.17453292519943295,0.3490658503988659,0.5235987755982988,0.24645553811305476,-0.3719630796890779,0.4974706212651015,0.7439261593781563,6384415.6448467765,0.00025883405695623475,-0.0004776058370081439,-7.480807384363307e-11,4.054154230468287e-11,6278.6448467765,0.0,1.1745841453098576,-0.6457608814942921,-3.13734547585281,-0.2203914596000066,-0.34832143198067916,0.6562317391384375,0.1745329252009834,0.3490658503990111,0.5235987755949243,315.3017557807879,0.6399724348403574,45445.07602920981,247.37907898906408,0.7134880906139843,0.4733232660016542,0.8282818884312108,224.96404769927116,16194.12576217747,9.779023041502844,-2.0285325646796082e-05,1.230832992860087e-05,224.96405097191166,-17.77763547754536,-21.764546421171055,-9.104882645281805,0.0,0.0,0.0,-0.12421723817872338,-0.15207488364047475,0.06361832413353405,0.0,0.0,0.0,0.0,0.0,0.0,0.0,0.0,0.5,0.0,0.0,1.0,0.0,0.0,0.0
24.700000000000003,141.93909634982452,160.2741836842126,71.57609387981236,0.17453292519943295,0.3490658503988659,0.5235987755982988,0.2214157629177158,-0.369574045239215,0.5177323275607147,0.7391480904784306,6384393.109575655,0.0002603191931563465,-0.0004799876084928536,-7.518139943270762e-11,4.077430519950063e-11,6256.1095756556215,0.0,1.1507838242351087,-0.6799796440911443,-3.0703289212076363,-0.2558508808484614,-0.33574999411123807,0.6844747356041507,0.17453292520106506,0.34906585039885646,0.5235987755950833,315.3949162930005,0.6415824909267254,45586.285412948986,247.5252694887459,0.7157330951636645,0.46706100256009175,0.7894997650912698,225.73858030648046,16346.851852444212,9.779092076515079,-1.9627056137376093e-05,1.2033371291408922e-05,225.73857790295804,-18.749532380358207,-21.171484803597757,-9.454886198556244,0.0,0.0,0.0,-0.13100814967054436,-0.14793099868469362,0.06606389541298821,0.0,0.0,0.0,0.0,0.0,0.0,0.0,0.0,0.5,0.0,0.0,1.0,0.0,0.0,0.0
24.8,148.13421020819234,154.4874406373732,74.14151260122867,0.17453292519943295,0.3490658503988659,0.5235987755982988,0.19614036735806056,-0.366791659489578,0.5374429516210959,0.7335833189791565,6384370.49707027,0.00026160304736886546,-0.0004821062097767674,-7.551350756213789e-11,4.0975542931036637e-11,6233.497070269349,0.0,1.1233397054520404,-0.7128369230964974,-3.000354624526883,-0.293365426318708,-0.3210185817180412,0.7154573269649087,0.1745329252011742,0.34906585039870996,0.5235987755951447,315.4883524836112,0.6432031242219967,45728.55862590166,247.67196270399847,0.7179701114586795,0.46404956562312866,0.7505375460016873,226.51120826525613,16500.518183896475,9.77916134886197,-1.961594893629128e-05,1.2054133568047603e-05,226.51120577847058,-19.684449981833964,-20.528652588971536,-9.852111718949674,0.0,0.0,0.0,-0.13754067659329963,-0.14343935285170084,0.06883941958996334,0.0,0.0,0.0,0.0,0.0,0.0,0.0,0.0,0.5,0.0,0.0,1.0,0.0,0.0,0.0
24.900000000000002,153.94159711375005,148.41106296558925,77.02734705658098,0.17453292519943295,0.3490658503988659,0.5235987755982988,0.1706561695782668,-0.36361887483324273,0.5565815800882192,0.727237749666486,6384347.8075210955,0.00026265264456324245,-0.0004838906414385552,-7.579327693715351e-11,4.1140090183342444e-11,6210.807521095499,0.0,1.09205396367655,-0.7441076506970288,-2.927157776323746,-0.33276824819138673,-0.3039313442656652,0.7489878932383709,0.17453292520132072,0.34906585039856314,0.5235987755951095,315.58209082481176,0.6448311585569226,45871.53198762403,247.81915634738579,0.7201990434121505,0.46394143570604496,0.7115154286541427,227.28191993003583,16655.044511267213,9.779230857967521,-2.0274813024911964e-05,1.2350427724072688e-05,227.28192315370885,-20.577690045808332,-19.838412166259513,-10.296403977217503,0.0,0.0,0.0,-0.14378199107618625,-0.13861645280422832,0.07194381203494997,0.0,0.0,0.0,0.0,0.0,0.0,0.0,0.0,0.5,0.0,0.0,1.0,0.0,0.0,0.0
25.0,159.33210506098862,142.06968557253512,80.22687149728077,0.17453292519943295,0.3490658503988659,0.5235987755982988,0.14498945379380856,-0.3600572021349407,0.5751249504760733,0.7201144042698819,6384325.040751215,0.00026398905805852984,-0.0004860599036128931,-7.613332662827519e-11,4.1349564187584606e-11,6188.0407512153815,0.0,1.0567337650814908,-0.7735372552950752,-2.8504832805974294,-0.37372210304155,-0.2842828860771417,0.7847096758616153,0.17453292520139582,0.3490658503984078,0.5235987755952115,315.67611665247074,0.6464684108756054,46015.41396448283,247.96685216304644,0.7224198560534386,0.46645907589489966,0.6725413890413117,228.0506954194973,16810.48153788751,9.779300604384858,-2.00907908514125e-05,1.226585069484068e-05,228.05069681699948,-21.424564894591512,-19.103348381248473,-10.787694801244534,0.0,0.0,0.0,-0.14969933902337204,-0.13348035957211096,0.07537659641059254,0.0,0.0,0.0,0.0,0.0,0.0,0.0,0.0,0.5,0.0,0.0,1.0,0.0,0.0,0.0
25.1,164.2822128431358,135.4918059903638,83.72892548011987,0.17453292519943295,0.3490658503988659,0.5235987755982988,0.11916845758426699,-0.3561123017116789,0.5930561458390912,0.7122246034233584,6384302.197323646,0.00026547729314533024,-0.0004884457236942835,-7.650730003359694e-11,4.1582820636179064e-11,6165.1973236463955,0.0,1.0172702940215255,-0.8008703382503457,-2.770156885710801,-0.4156485171445244,-0.2619118742189049,0.8220208369089278,0.17453292520142233,0.3490658503982537,0.523598775595386,315.7704304757387,0.6481145102205341,46160.16307101464,248.11504638891589,0.7246325478341797,0.4713492242858742,0.6337129417834435,228.81753223401313,16966.81729586988,9.779370586393167,-1.9448617116779594e-05,1.2006163937409536e-05,228.81752817551785,-22.220895817814256,-18.32666372922224,-11.325220267723088,0.0,0.0,0.0,-0.1552635226339531,-0.128053449872429,0.0791324349742211,0.0,0.0,0.0,0.0,0.0,0.0,0.0,0.0,0.5,0.0,0.0,1.0,0.0,0.0,0.0
25.200000000000003,168.7682791290145,128.70573762182997,87.52250326584624,0.17453292519943295,0.3490658503988659,0.5235987755982988,0.09322058598146749,-0.35178837028823273,0.6103561545949983,0.703576740576466,6384279.277432076,0.000266599987868957,-0.0004903361267586533,-7.680367751015419e-11,4.175882292796416e-11,6142.277432075701,0.0,0.9736059731284402,-0.8258285230845303,-2.686060440600776,-0.4577096731144432,-0.23668649258973498,0.8600656097473288,0.17453292520153058,0.3490658503980867,0.5235987755953999,315.86503967048174,0.6497685011830209,46305.67038854535,248.26373745396322,0.7268370697585914,0.478413254071166,0.5951198260510504,229.58241987327418,17124.027512379755,9.779440803406622,-1.9921875058059797e-05,1.223690540541608e-05,229.5824199772684,-22.962429441944337,-17.511563394300097,-11.908217090298137,0.0,0.0,0.0,-0.1604448224149303,-0.12235811920989696,0.08320599443372932,0.0,0.0,0.0,0.0,0.0,0.0,0.0,0.0,0.5,0.0,0.0,1.0,0.0,0.0,0.0
25.3,172.7660960868195,121.74016242658622,91.59653169353884,0.17453292519943295,0.3490658503988659,0.5235987755982988,0.06717301607302367,-0.347088208897797,0.6270034017225705,0.6941764177955946,6384256.280905721,0.00026773888812617525,-0.0004922333156069209,-7.710112094080006e-11,4.1937365350066903e-11,6119.280905721088,0.0,0.925761900465929,-0.8481091704606601,-2.5981576524409893,-0.49876125502552776,-0.20852854436210339,0.8976867490081204,0.17453292520162347,0.34906585039791577,0.5235987755954299,315.9599250663557,0.6514327248941357,46452.20462371814,248.41292723603675,0.7290333939066402,0.4874955272669713,0.5568480751102448,230.3453371763301,17282.17766467135,9.779511255959658,-2.033952044596295e-05,1.2416351414875256e-05,230.34534071212806,-23.64489742932523,-16.661425017936327,-12.535975731215203,0.0,0.0,0.0,-0.1652134143148443,-0.11641796809615436,0.08759231705329479,0.0,0.0,0.0,0.0,0.0,0.0,0.0,0.0,0.5,0.0,0.0,1.0,0.0,0.0,0.0
25.400000000000002,176.25811947375126,114.6264547742447,95.93594124043861,0.17453292519943295,0.3490658503988659,0.5235987755982988,0.04105398925307762,-0.34201862180843273,0.6429832543637882,0.684037243616866,6384233.20830826,0.00026918925537829406,-0.0004945539382494259,-7.746489235690473e-11,4.2164696464245984e-11,6096.208308260267,0.0,0.8739279617636554,-0.8674335342958616,-2.5065789087526835,-0.5373785005452116,-0.17748677557841644,0.9334431972137744,0.17453292520161842,0.3490658503977664,0.5235987755955972,316.0551143770372,0.653103626593873,46599.35854170685,248.56261091540642,0.7312214596329777,0.4984496195566055,0.5189765229832689,231.10628272526068,17441.17109483644,9.779581942329331,-1.9817742335466972e-05,1.2193553421487519e-05,231.1062816748466,-24.264585153450845,-15.780034172204074,-13.207034374712833,0.0,0.0,0.0,-0.16954334321463355,-0.11025944736649054,0.0922811887233503,0.0,0.0,0.0,0.0,0.0,0.0,0.0,0.0,0.5,0.0,0.0,1.0,0.0,0.0,0.0
25.5,179.22663999887155,107.39582917613221,100.52581378468808,0.17453292519943295,0.3490658503988659,0.5235987755982988,0.014891224748645703,-0.33658499638075784,0.6582787680128703,0.6731699927615162,6384210.059836731,0.00027058145162748795,-0.0004968088559402737,-7.781837553649966e-11,4.2382918026103886e-11,6073.059836731292,0.0,0.818427664169975,-0.8835210966795809,-2.4115915116909674,-0.5719104080133433,-0.14372381404340911,0.9656726985356086,0.17453292520162025,0.3490658503976138,0.5235987755957368,316.1505659020207,0.6547860065831986,46747.68489032358,248.71278880079717,0.7334013284317389,0.5111629763918999,0.48158230308632155,231.86524501698796,17601.136277156707,9.779652861919548,-1.9506269142155475e-05,1.208105993555364e-05,231.86524129189348,-24.818031860248595,-14.871411471909793,-13.920100545887124,0.0,0.0,0.0,-0.1734104278718907,-0.1039106501645449,0.09726357856556665,0.0,0.0,0.0,0.0,0.0,0.0,0.0,0.0,0.5,0.0,0.0,1.0,0.0,0.0,0.0
25.6,181.65345611967106,100.0799478996369,105.35108768639786,0.17453292519943295,0.3490658503988659,0.5235987755982988,-0.011287463199218964,-0.33079140807358964,0.6728702793463985,0.6615828161471798,6384186.83532646,0.00027163321555201837,-0.0004985910194794051,-7.809781141641151e-11,4.2547817377483806e-11,6049.835326459879,0.0,0.7597430776709234,-0.8960970116332769,-2.313623054866869,-0.6005673340112121,-0.10754301188878783,0.9925791352649392,0.17453292520170782,0.34906585039742094,0.523598775595749,316.246329198478,0.6564741223933045,46896.522602806086,248.86346006352892,0.7355728156068646,0.5255501762063081,0.4447436922967573,232.62220345882182,17761.923038135905,9.779724015246137,-2.0184722817025603e-05,1.2394013746567597e-05,232.62220570147085,-25.301267494328712,-13.939429277703656,-14.673642077376515,0.0,0.0,0.0,-0.17678692841555382,-0.09739863374131146,0.10252878090435946,0.0,0.0,0.0,0.0,0.0,0.0,0.0,0.0,0.5,0.0,0.0,1.0,0.0,0.0,0.0
25.700000000000003,183.527815444665,92.71186389605471,110.39331006827682,0.17453292519943295,0.3490658503988659,0.5235987755982988,-0.0374540964055523,-0.3246457434903772,0.686745583386307,0.649291486980755,6384163.535341674,0.0002728942842439995,-0.0005006475884955947,-7.842023246142713e-11,4.274550342313721e-11,6026.535341674151,0.0,0.6985605090869342,-0.9049594461022596,-2.2133042178296174,-0.6217010984450558,-0.06943062085744749,1.0125047772435072,0.17453292520172206,0.34906585039725485,0.5235987755958461,316.34234573271624,0.6581745842300819,47046.63440567417,249.01462322906715,0.737736059589589,0.5415260240867492,0.4085325916727817,233.37715628662684,17923.707051889884,9.779795400584355,-2.0255699547296553e-05,1.2419538933272649e-05,233.37715889591516,-25.71172167440463,-12.988645411456632,-15.46579767826489,0.0,0.0,0.0,-0.17965488488323714,-0.0907552448542309,0.1080637903871699,0.0,0.0,0.0,0.0,0.0,0.0,0.0,0.0,0.5,0.0,0.0,1.0,0.0,0.0,0.0
25.8,184.83876124555476,85.32450310715642,115.63417120895033,0.17453292519943295,0.3490658503988659,0.5235987755982988,-0.06358090839369336,-0.3181545235108716,0.6998899554154367,0.6363090470217437,6384140.160082905,0.00027440616359012483,-0.000503049320998384,-7.879672256316055e-11,4.2982477938980804e-11,6003.160082904622,0.0,0.6357012577451839,-0.9099455503335476,-2.1114024869514934,-0.6339515857615755,-0.03000478196916989,1.0240847441718717,0.1745329252016452,0.34906585039713434,0.5235987755960403,316.43867111936777,0.659880698571293,47197.24947650971,249.1662748013875,0.7398908967132516,0.5590269353241566,0.3730228088797472,234.13009212925874,18086.30714610415,9.779867017327403,-1.9556876768689335e-05,1.2128750469742045e-05,234.1300887942474,-26.046264119358597,-12.023368522956252,-16.29440786248444,0.0,0.0,0.0,-0.18199242513813932,-0.08401058922673096,0.11385351808973879,0.0,0.0,0.0,0.0,0.0,0.0,0.0,0.0,0.5,0.0,0.0,1.0,0.0,0.0,0.0
25.900000000000002,185.57493645337615,77.9513008824872,121.0551457581619,0.17453292519943295,0.3490658503988659,0.5235987755982988,-0.08963972067714446,-0.31132305068665755,0.7122858220504599,0.6226461013733157,6384116.709391651,0.00027563616623961946,-0.0005050791388294586,-7.911496011988988e-11,4.3175301895222184e-11,5979.709391651054,0.0,0.5720988549395339,-0.910940644003124,-2.0087979011074544,-0.6364286647690258,0.01000753859868974,1.0264287930572453,0.17453292520164862,0.3490658503969635,0.5235987755961272,316.53525425742896,0.6615986323060553,47349.07898996462,249.31841782564794,0.7420373763556503,0.5780068759109996,0.3382923247969452,234.88099025634438,18249.895364740816,9.779938865972298,-1.9749445684169563e-05,1.2237475952285108e-05,234.8809886057582,-26.302168056090515,-11.048283667187894,-17.157572007081068,0.0,0.0,0.0,-0.1837804964651756,-0.07719740262908517,0.11988468383571896,0.0,0.0,0.0,0.0,0.0,0.0,0.0,0.0,0.5,0.0,0.0,1.0,0.0,0.0,0.0
26.0,185.73293847708894,70.62570178738514,126.63506958660768,0.17453292519943295,0.3490658503988659,0.5235987755982988,-0.11560308168020798,-0.30416023142976556,0.7239235445397392,0.6083204628595316,6384093.183832588,0.00027672386951305074,-0.0005069007520314937,-7.94005879085013e-11,4.334583809504208e-11,5956.183832587364,0.0,0.5087457333316991,-0.9079442557396061,-1.9064291664584008,-0.6290026594492238,0.04982283815446022,1.0194041537395346,0.17453292520168098,0.349065850396765,0.5235987755961733,316.6321374481183,0.6633230370985886,47501.507033433336,249.4710468993484,0.7441754016300693,0.598414202119871,0.30441216614349287,235.62984871702932,18414.321896086676,9.780010944792812,-2.03401073513021e-05,1.2501211737496003e-05,235.62985212439474,-26.47732158715155,-10.068089628982356,-18.052588276257566,0.0,0.0,0.0,-0.18500434245488184,-0.07034851676578062,0.1261384091538331,0.0,0.0,0.0,0.0,0.0,0.0,0.0,0.0,0.5,0.0,0.0,1.0,0.0,0.0,0.0
26.1,185.30912706147464,63.38106177051562,132.35290807967687,0.17453292519943295,0.3490658503988659,0.5235987755982988,-0.14144344209185944,-0.296673658212227,0.7347907585163136,0.5933473164244545,6384069.583609669,0.00027810407244054216,-0.0005091132511685501,-7.974744706349022e-11,4.3562193174482456e-11,5932.583609668538,0.0,0.4466088494570584,-0.9010142748249752,-1.805209898011777,-0.6121925047189637,0.08868113040198097,1.0035313671796358,0.17453292520161026,0.3490658503966358,0.5235987755963183,316.72928263706507,0.6650583501859305,47655.04674283106,249.6241621529458,0.7463050297992688,0.6202110574478878,0.27145752743115564,236.3766567167559,18579.70980391891,9.78008325317165,-2.006361795281464e-05,1.2378317080674606e-05,236.3766575433402,-26.5699584934556,-9.087691508875778,-18.976999837674235,0.0,0.0,0.0,-0.18565162204777508,-0.06349820492599334,0.13259752747947864,0.0,0.0,0.0,0.0,0.0,0.0,0.0,0.0,0.5,0.0,0.0,1.0,0.0,0.0,0.0
26.200000000000003,184.29956798031424,56.25128944470174,138.18734501076554,0.17453292519943295,0.3490658503988659,0.5235987755982988,-0.16713253130981023,-0.2888697981068198,0.7448721275234499,0.5777395962136401,6384045.908570848,0.0002795909648791607,-0.0005114810958519811,-8.011864312992636e-11,4.3795262267339396e-11,5908.908570848405,0.0,0.38658603694069527,-0.8902633789683445,-1.7059835024185472,-0.5870865286721223,0.12589294585852137,0.9799050654453261,0.174532925201496,0.3490658503965406,0.5235987755964939,316.8267195890418,0.6668011004854285,47809.29684168103,249.77776343516723,0.7484261176335435,0.6433706374338064,0.23950973477822637,237.12139236563985,18745.965856126226,9.78015579158615,-1.947367264184171e-05,1.2140271304398691e-05,237.1213881888374,-26.57792339921768,-8.112006011373694,-19.928077277449535,0.0,0.0,0.0,-0.18570727503927495,-0.0566808214790313,0.1392429676457032,0.0,0.0,0.0,0.0,0.0,0.0,0.0,0.0,0.5,0.0,0.0,1.0,0.0,0.0,0.0
26.3,182.70848223895987,49.26889512648574,144.11529913328224,0.17453292519943295,0.3490658503988659,0.5235987755982988,-0.19264369002262907,-0.28075849591754565,0.7541606818577204,0.5615169918350918,6384022.159281076,0.0002807052476983878,-0.0005133447549068867,-8.04108667129265e-11,4.396996763448682e-11,5885.159281075622,0.0,0.329419120697915,-0.875902826572414,-1.6094380599378457,-0.5552743878218832,0.16091516275617035,0.9501181484679595,0.17453292520148606,0.3490658503963478,0.5235987755965568,316.92442344683764,0.6685539619078107,47964.56803637221,249.93184796343186,0.7505387303033282,0.6678561159206597,0.20864152574370154,237.8640550359752,18913.162070324743,9.78022855830913,-2.0006433274488723e-05,1.239604014813268e-05,237.86405556551193,-26.50047473826627,-7.1460611824854245,-20.9028471138401,0.0,0.0,0.0,-0.18516611990218285,-0.04993149876797257,0.14605395311614447,0.0,0.0,0.0,0.0,0.0,0.0,0.0,0.0,0.5,0.0,0.0,1.0,0.0,0.0,0.0
26.400000000000002,180.53982433162176,42.466342449829874,150.11379772519388,0.17453292519943295,0.3490658503988659,0.5235987755982988,-0.21794984835842746,-0.27234835037632243,0.7626465491110724,0.5446967007526454,6383998.335947724,0.0002818724611264962,-0.0005152659941688459,-8.071211285683286e-11,4.415296594601186e-11,5861.335947724059,0.0,0.27569071997756406,-0.8581717746949209,-1.5161014160832902,-0.5184937565121018,0.19335453752802007,0.9159162898995302,0.17453292520144695,0.3490658503961735,0.5235987755966383,317.02240862571955,0.6703150854951354,48120.64687522894,250.08641379497334,0.752642797689143,0.6936387420217671,0.17893112187251442,238.60463255821227,19081.24642780387,9.7803015527128,-2.0382057229539896e-05,1.2558049675703842e-05,238.6046361453955,-26.336654689633317,-6.194873630643017,-21.898189330105794,0.0,0.0,0.0,-0.1840214640774421,-0.04328528921839083,0.15300868347403598,0.0,0.0,0.0,0.0,0.0,0.0,0.0,0.0,0.5,0.0,0.0,1.0,0.0,0.0,0.0
26.5,177.79737660155317,35.87667137364495,156.15953287154105,0.17453292519943295,0.3490658503988659,0.5235987755982988,-0.24302291277605728,-0.2636469295818062,0.7703167719396699,0.5272938591636128,6383974.438425226,0.00028335078245016085,-0.0005176071530274445,-8.10791393408425e-11,4.438469877822881e-11,5837.438425226448,0.0,0.2258293365603117,-0.8373271376728352,-1.4263447650795258,-0.4784591602020772,0.22296034193798892,0.8790269265113286,0.1745329252013032,0.3490658503961051,0.5235987755968037,317.12066626679314,0.6720856371344527,48277.66851546954,250.24146224675596,0.7547382721604091,0.7206956354130145,0.15046395611559846,239.34310438289003,19250.255317984393,9.78037477525475,-1.981478341643118e-05,1.2315711856558652e-05,239.34310303431795,-26.08557940455857,-5.263637626340965,-22.911002083164107,0.0,0.0,0.0,-0.182267131870197,-0.03677848662964957,0.1600854852869655,0.0,0.0,0.0,0.0,0.0,0.0,0.0,0.0,0.5,0.0,0.0,1.0,0.0,0.0,0.0
26.6,174.49295297909063,29.53014546082643,162.2283885919708,0.17453292519943295,0.3490658503988659,0.5235987755982988,-0.26783727221806203,-0.254664909656196,0.777167091530454,0.5093298193123924,6383950.467278968,0.00028473773493562204,-0.0005198381018119657,-8.142890589599536e-11,4.460212158857455e-11,5813.4672789673,0.0,0.18006103546842428,-0.8136721629346365,-1.340338487904716,-0.43674180619652464,0.2496505494864549,0.8410309312061925,0.17453292520118116,0.3490658503960118,0.5235987755969379,317.21919704141084,0.6738652133619848,48435.58736507744,250.39698953309247,0.7568251538475602,0.7489901856682633,0.12331423097012652,240.07946826190775,19420.17407774246,9.780448224206333,-1.9559029041715786e-05,1.2225915881458596e-05,240.07946473497094,-25.747527384926283,-4.357342661818165,-23.937839456403893,0.0,0.0,0.0,-0.17990506924986138,-0.03044595395900835,0.16726028098595758,0.0,0.0,0.0,0.0,0.0,0.0,0.0,0.0,0.5,0.0,0.0,1.0,0.0,0.0,0.0
26.700000000000003,170.63808499214466,23.45702719276161,168.29633564768702,0.17453292519943295,0.3490658503988659,0.5235987755982988,-0.2923665992086052,-0.24541182424860788,0.7831902477058211,0.49082364849721616,6383926.422719568,0.0002858060921960111,-0.0005216297597374766,-8.170986399233296e-11,4.476964069931386e-11,5789.422719568013,0.0,0.13848722223546528,-0.7874974280076548,-1.2581258490192555,-0.39462430392235454,0.2734436983825881,0.8032254608748464,0.17453292520113425,0.3490658503958141,0.5235987755969992,317.3180021108549,0.6756535702030864,48594.37609045398,250.55299421011244,0.7589034099062751,0.7784891215866646,0.09756205422751624,240.81371382657437,19590.99578365448,9.780521898929798,-2.0228961290058517e-05,1.2535928107126865e-05,240.81371619604985,-25.322757105719088,-3.4810318109928082,-24.975240606955587,0.0,0.0,0.0,-0.17693708225236854,-0.024322928553685844,0.17450888870815584,0.0,0.0,0.0,0.0,0.0,0.0,0.0,0.0,0.5,0.0,0.0,1.0,0.0,0.0,0.0
26.8,166.24425636265497,17.688155802068877,174.33896412637054,0.17453292519943295,0.3490658503988659,0.5235987755982988,-0.31658324566880547,-0.23589627313741252,0.7883757919436306,0.4717925462748255,6383902.304607992,0.00028708513406505075,-0.0005236950692972999,-8.203369104491278e-11,4.497016407491116e-11,5765.304607992371,0.0,0.10111599432502928,-0.7590777403923101,-1.179652738062064,-0.3530986420483355,0.29442824695282316,0.7666223208998645,0.17453292520102018,0.3490658503956995,0.5235987755971065,317.417074352334,0.6774516511355767,48754.14382440353,250.70947748210193,0.76097298276825,0.8091604111302302,0.07329488624267476,241.54581850717645,19762.75070546525,9.78059579986282,-2.0286670886567524e-05,1.2556479745740041e-05,241.5458211332337,-24.811555812750008,-2.639900891780542,-26.019701131877085,0.0,0.0,0.0,-0.1733651779433721,-0.01844571502530355,0.18180682222447303,0.0,0.0,0.0,0.0,0.0,0.0,0.0,0.0,0.5,0.0,0.0,1.0,0.0,0.0,0.0
26.900000000000002,161.3305432388562,12.250303378769297,180.3320669855164,0.17453292519943295,0.3490658503988659,0.5235987755982988,-0.3404628908052826,-0.22612965560675005,0.7927222020187829,0.45225931121350055,6383878.11351009,0.0002886040456125756,-0.000526088074951073,-8.24088533041908e-11,4.5208263768617004e-11,5741.1135100899255,0.0,0.06783088089761288,-0.7286963235588845,-1.1047431116512785,-0.31286357900299766,0.31277369804210625,0.7319365011480801,0.1745329252008355,0.34906585039569066,0.5235987755972598,317.5164233793476,0.6792579798688536,48914.720928462106,250.86643521061322,0.7630338575031539,0.8409553787623529,0.05058528732155208,242.27578200630944,19935.392764762946,9.780669925275193,-1.9607716401045193e-05,1.2271837775301735e-05,242.27577886243367,-24.215354853415313,-1.8387299188346822,-27.067473189837617,0.0,0.0,0.0,-0.16919935754157556,-0.01284771265350351,0.1891278943347144,0.0,0.0,0.0,0.0,0.0,0.0,0.0,0.0,0.5,0.0,0.0,1.0,0.0,0.0,0.0
27.0,155.91572742844588,7.170287170565669,186.2514932566882,0.17453292519943295,0.3490658503988659,0.5235987755982988,-0.36398020207098336,-0.216122342331661,0.7962248867343055,0.43224468466332244,6383853.849639805,0.0002898660081355075,-0.0005281458738790165,-8.273151082693035e-11,4.540611595484169e-11,5716.849639805034,0.0,0.03847893236568339,-0.696607272436372,-1.03318050201418,-0.2743688528825412,0.32866491349258065,0.6996390688952838,0.17453292520071031,0.3490658503955811,0.5235987755973559,317.6160314934147,0.6810745903398019,49076.34401565375,251.0238666694481,0.7650860413089253,0.873824684437243,0.02951120183870094,243.00359219154763,20108.981258625692,9.780744274518968,-1.9743636144653465e-05,1.2355301151956155e-05,243.00359025464024,-23.535694928085753,-1.0823647760015,-28.114920781173755,0.0,0.0,0.0,-0.16445038634504988,-0.007562780964130941,0.19644669930723577,0.0,0.0,0.0,0.0,0.0,0.0,0.0,0.0,0.5,0.0,0.0,1.0,0.0,0.0,0.0
27.1,150.01867491584198,2.4754799743624947,192.07268471632304,0.17453292519943295,0.3490658503988659,0.5235987755982988,-0.3871082478257452,-0.20588389337085555,0.7988760345674565,0.4117677867417115,6383829.512864545,0.0002909599871545056,-0.0005299628188621463,-8.301644300259362e-11,4.557765626224177e-11,5692.512864545298,0.0,0.01288983594879091,-0.6630394710430144,-0.9647253824011803,-0.23787421283118107,0.34228762890253056,0.6700167477590957,0.17453292520060995,0.3490658503954121,0.523598775597424,317.71591953361934,0.6828990306316494,49238.728458904574,251.1817719217281,0.7671294146725144,0.9077162117058439,0.010157036239540566,243.7292280364014,20283.446968801796,9.780818848012165,-2.0353504368131315e-05,1.2629911879002972e-05,243.72923135099157,-22.773975709604834,-0.3757846339409153,-29.158131636203944,0.0,0.0,0.0,-0.1591280442536696,-0.002625710794728717,0.20373590103564282,0.0,0.0,0.0,0.0,0.0,0.0,0.0,0.0,0.5,0.0,0.0,1.0,0.0,0.0,0.0
27.200000000000003,143.6650911119609,-1.8119654910417864,197.77230264422684,0.17453292519943295,0.3490658503988659,0.5235987755982988,-0.4098242291100167,-0.19542632249610054,0.8006768741022179,0.39085264499220146,6383805.103750562,0.00029233649518097736,-0.0005321536457163663,-8.335994553142748e-11,4.5793455539155756e-11,5668.103750561984,0.0,-0.009159707689146824,-0.6282162871658777,-0.8990890180742511,-0.20346694986638822,0.35384691598653734,0.643179633833768,0.17453292520044147,0.3490658503953744,0.5235987755975342,317.81606077454376,0.6847342467756748,49402.2179470467,251.3401482555936,0.7691640455935175,0.9425598760756175,-0.0074122493941093815,244.45268771150407,20458.873698371477,9.780893644023221,-2.0127204199601132e-05,1.2528632311159547e-05,244.45268888968562,-21.932972849092074,0.27663950161571677,-30.193419412046588,0.0,0.0,0.0,-0.1532517255067107,0.0019329564331120785,0.21096974202635274,0.0,0.0,0.0,0.0,0.0,0.0,0.0,0.0,0.5,0.0,0.0,1.0,0.0,0.0,0.0
27.3,136.88039047242864,-5.669803675179476,203.3270345943166,0.17453292519943295,0.3490658503988659,0.5235987755982988,-0.43210404350345016,-0.1847607286926839,0.801625500888818,0.3695214573853681,6383780.622515304,0.0002938535887908211,-0.0005345421761406492,-8.373442130128082e-11,4.6031279294656976e-11,5643.622515304014,0.0,-0.027877889261780576,-0.5923342394358964,-0.8359922692599925,-0.1711338852633626,0.3635251542934936,0.6191426748105898,0.17453292520024272,0.349065850395412,0.5235987755976573,317.9164814395843,0.6865769113999118,49566.42635904072,251.49899319222564,0.7711898405224706,0.9782821398926783,-0.02312769735528302,245.173960620858,20635.16209180187,9.780968661893423,-1.9476301844179034e-05,1.2260396218266578e-05,245.1739563113209,-21.01524716785055,0.8704849921587898,-31.21680083727079,0.0,0.0,0.0,-0.14683932326831978,0.006082318525349945,0.21812039006418216,0.0,0.0,0.0,0.0,0.0,0.0,0.0,0.0,0.5,0.0,0.0,1.0,0.0,0.0,0.0
27.400000000000002,129.69019638377108,-9.075276989771766,208.7131449587873,0.17453292519943295,0.3490658503988659,0.5235987755982988,-0.45392173927864193,-0.17389754246146735,0.8017168242015766,0.34779508492293504,6383756.069032586,0.00029500094225748695,-0.0005364381083680099,-8.403173658335695e-11,4.6211186500870244e-11,5619.06903258618,0.0,-0.04345349591554993,-0.5555690093024555,-0.7751679765148789,-0.14079655366505017,0.37148126899801287,0.5978614565135504,0.1745329252001041,0.3490658503952844,0.523598775597726,318.0171515916031,0.6884307821302181,49731.790894071186,251.65830875359077,0.7732067978221387,1.0148040287996323,-0.0369156939525321,245.8930240839029,20812.42736511585,9.781043902021242,-1.9958689307486542e-05,1.2494818373435605e-05,245.89302400511568,-20.023635565316496,1.4011958448814055,-32.22450310992981,0.0,0.0,0.0,-0.1399106597366404,0.009790541504718902,0.22516148354223395,0.0,0.0,0.0,0.0,0.0,0.0,0.0,0.0,0.5,0.0,0.0,1.0,0.0,0.0,0.0
27.5,122.12593855348032,-12.011813631717473,213.9091091402307,0.17453292519943295,0.3490658503988659,0.5235987755982988,-0.47525626318453273,-0.16284928379658364,0.8009548307777001,0.3256985675931676,6383731.443868963,0.00029615883160834,-0.0005383333680791705,-8.432894974323601e-11,4.639274603384525e-11,5594.443868962738,0.0,-0.056094007808838976,-0.5180888457481533,-0.7163354550996687,-0.11230983060323346,0.3778720964863669,0.5792197022142477,0.17453292519995334,0.34906585039517324,0.5235987755977943,318.11810132387893,0.6902918352815598,49897.84454933594,251.8180899839885,0.7752148533423615,1.0520300453694216,-0.04872694390980485,246.6098779112581,20990.544811999807,9.781119362674058,-2.039840595576455e-05,1.2688729152425061e-05,246.60988149156182,-18.961835106563587,1.8650191127697062,-33.21256443225717,0.0,0.0,0.0,-0.13249156732416628,0.013031402496209432,0.23206534028773562,0.0,0.0,0.0,0.0,0.0,0.0,0.0,0.0,0.5,0.0,0.0,1.0,0.0,0.0,0.0
27.6,114.2187658676024,-14.462703162253622,218.8933918311211,0.17453292519943295,0.3490658503988659,0.5235987755982988,-0.49608497135500984,-0.1516276730129752,0.7993403173809603,0.3032553460259507,6383706.74724536,0.0002976167802584773,-0.0005406283350329811,-8.468877980121317e-11,4.66213114170544e-11,5569.747245360166,0.0,-0.06597599879375497,-0.4800432052423674,-0.6592377963684366,-0.08551169167656594,0.3828263095989023,0.563089571174058,0.1745329251997579,0.34906585039521887,0.5235987755978883,318.21929473384074,0.6921643823650815,50065.09036961152,251.97833683531536,0.777214059902295,1.0898605056825041,-0.05851000552133027,247.32450999933334,21169.644569668024,9.781195043182473,-1.993203439099034e-05,1.2486305948300469e-05,247.32450948283068,-17.83378790985462,2.2581646618191487,-34.17738140604602,0.0,0.0,0.0,-0.12460959069755438,0.015778418789060236,0.23880678236440445,0.0,0.0,0.0,0.0,0.0,0.0,0.0,0.0,0.5,0.0,0.0,1.0,0.0,0.0,0.0
27.700000000000003,106.00015790192315,-16.410785822355205,223.64403858287457,0.17453292519943295,0.3490658503988659,0.5235987755982988,-0.5163831284488904,-0.14024390060906392,0.7968709296670184,0.28048780121812816,6383681.97904229,0.000299065498795447,-0.0005429237315917359,-8.504868090270177e-11,4.684843320758285e-11,5544.9790422894675,0.0,-0.07324735770973537,-0.44156825846556946,-0.6036375703112487,-0.06023390299438612,0.3864477887611642,0.5493428910817512,0.17453292519956515,0.34906585039526655,0.523598775597972,318.32076852746644,0.6940439612144698,50233.00819881453,252.13904865022974,0.7792042582114813,1.1281899013162389,-0.06621098989110007,248.0368989591603,21349.59315167314,9.781270943924524,-1.9521414264052805e-05,1.2325959067046215e-05,248.03689496482124,-16.643279711468335,2.5766960247130077,-35.1148243044654,0.0,0.0,0.0,-0.1162911818394439,0.018004085201331788,0.24535695423281717,0.0,0.0,0.0,0.0,0.0,0.0,0.0,0.0,0.5,0.0,0.0,1.0,0.0,0.0,0.0
27.8,97.50611556140812,-17.84582498231726,228.1422231764925,0.17453292519943295,0.3490658503988659,0.5235987755982988,-0.5361316422083285,-0.12871088026922847,0.7935534027467857,0.2574217605384573,6383657.139826335,0.0003001646962920146,-0.000544745726136104,-8.533442731022591e-11,4.702080480525207e-11,5520.139826335324,0.0,-0.07806318296632855,-0.4027941583051889,-0.5492971270991709,-0.036290815383931134,0.3888350891588774,0.5378270650937974,0.17453292519939756,0.34906585039515287,0.5235987755980235,318.4224823351808,0.6959352574103064,50402.14611051393,252.3002232614984,0.7811855522143855,1.1669012333682753,-0.0718045102840544,248.7470433448302,21530.530519193282,9.781347063167354,-2.0143061874478028e-05,1.261849594650737e-05,248.74704483669308,-15.395283047609423,2.817692852332172,-36.02154401760881,0.0,0.0,0.0,-0.10757108523061079,0.01968799644894951,0.2516924547391212,0.0,0.0,0.0,0.0,0.0,0.0,0.0,0.0,0.5,0.0,0.0,1.0,0.0,0.0,0.0
27.900000000000002,88.77238268643202,-18.757403283831096,232.36907537687176,0.17453292519943295,0.3490658503988659,0.5235987755982988,-0.5553095473348219,-0.1170408443802354,0.7893912360952928,0.23408168876047114,6383632.229821937,0.0003013969740460052,-0.0005467336502661079,-8.564616985796475e-11,4.721402536912943e-11,5495.229821937159,0.0,-0.08054781594407004,-0.363840039712111,-0.49600089927484453,-0.013508544717076049,0.3900632494760539,0.5284060006626857,0.1745329251992151,0.34906585039511556,0.5235987755980793,318.5244737718238,0.6978334723622504,50571.94471382424,252.4618576853595,0.7831578196904158,1.2058750629261055,-0.07526459459612275,249.45493239717857,21712.308069538874,9.781423400230778,-2.037830433465615e-05,1.271917410150536e-05,249.45493570281738,-14.094559216606099,2.978148421086894,-36.8936778972803,0.0,0.0,0.0,-0.09848256937457578,0.020809143725609713,0.25778629449591695,0.0,0.0,0.0,0.0,0.0,0.0,0.0,0.0,0.5,0.0,0.0,1.0,0.0,0.0,0.0
28.0,79.83514134103686,-19.13473403247538,236.305320477429,0.17453292519943295,0.3490658503988659,0.5235987755982988,-0.5738935551837693,-0.10524563371495974,0.7843848226136888,0.2104912674299198,6383607.24891634,0.00030291419475098476,-0.0005491039503904532,-8.601781547549564e-11,4.7451884639412536e-11,5470.2489163400605,0.0,-0.08079839064009826,-0.3248185397355337,-0.44354965628523657,0.00827489236590109,0.3901869743134624,0.5209604829838596,0.17453292519902153,0.3490658503952369,0.5235987755981439,318.6267036736619,0.6997435632636321,50742.983115774405,252.62395422820308,0.7851210826330928,1.2449882670757684,-0.07656459828172131,250.16054318572304,21895.0817691445,9.781499955472274,-1.9739078133795805e-05,1.244625425063834e-05,250.16054103902664,-12.746198855940253,3.054990987874916,-37.72776574785196,0.0,0.0,0.0,-0.08906120395828453,0.021346063915756972,0.26361429616280374,0.0,0.0,0.0,0.0,0.0,0.0,0.0,0.0,0.5,0.0,0.0,1.0,0.0,0.0,0.0
28.1,70.7336121510922,-18.974428859752507,239.93562603565996,0.17453292519943295,0.3490658503988659,0.5235987755982988,-0.5918667069800075,-0.09333842480170311,0.7785435565834138,0.18667684960340653,6383582.197676334,0.00030427073544567147,-0.0005512722576051171,-8.635782239032944e-11,4.766457547616696e-11,5445.197676333909,0.0,-0.07891724131251544,-0.28583767582593095,-0.39174848164314247,0.029220549142122736,0.38925752381963136,0.5153621934711059,0.17453292519883423,0.34906585039527843,0.5235987755981916,318.72920910593865,0.7016605757164884,50914.68371629877,252.78650764799863,0.7870752600325319,1.2841143454254995,-0.07570867493206981,250.86387577716303,22078.693342393533,9.781576727158216,-1.9629013699784516e-05,1.2419172804811741e-05,250.86387270721855,-11.355853504019862,3.046235569641246,-38.52031167452713,0.0,0.0,0.0,-0.0793464778380242,0.02128488739577151,0.26915203295945106,0.0,0.0,0.0,0.0,0.0,0.0,0.0,0.0,0.5,0.0,0.0,1.0,0.0,0.0,0.0
28.200000000000003,61.50678949495695,-18.272881807947787,243.2445780150459,0.17453292519943295,0.3490658503988659,0.5235987755982988,-0.6092099347346834,-0.08133185235902161,0.7718736394527268,0.16266370471804353,6383557.076329591,0.0003053582760564546,-0.0005530700927212888,-8.663979754674524e-11,4.7835128973583036e-11,5420.076329590752,0.0,-0.074980623973705,-0.24700068930958885,-0.34041869494786275,0.049472085556396025,0.3873080557544518,0.5115030100398358,0.1745329251986401,0.3490658503951993,0.5235987755982239,318.83194939274,0.7035894799372198,51087.628604194215,252.9495180499828,0.7890204188613062,1.3231278489477967,-0.0727008698100689,251.56491825622652,22263.297788013635,9.781653714598479,-2.0292047381076315e-05,1.2724921155893273e-05,251.56492099883238,-9.92938161003618,2.9498924927804566,-39.26831914843547,0.0,0.0,0.0,-0.0693793256127446,0.020611711767865117,0.27437856731286925,0.0,0.0,0.0,0.0,0.0,0.0,0.0,0.0,0.5,0.0,0.0,1.0,0.0,0.0,0.0
28.3,52.1941993326374,-17.02621268240006,246.21639230383974,0.17453292519943295,0.3490658503988659,0.5235987755982988,-0.6259016209076191,-0.06923829547784041,0.7643782118632999,0.1384765909556811,6383531.884770215,0.0003066794162739652,-0.0005551703033598237,-8.696914394743517e-11,4.804227844729668e-11,5394.884770214558,0.0,-0.06904177546282299,-0.20840970887435464,-0.2893925957609667,0.06915831048393331,0.3843556693557364,0.509291997663829,0.17453292519845212,0.349065850395248,0.5235987755982565,318.9349637555144,0.7055254243710863,51261.25007965891,253.11298457782345,0.7909563911347237,1.3619032744100494,-0.06754513090553428,252.26364857599654,22448.74415488368,9.781730918129595,-2.0273336401051757e-05,1.2713503203087846e-05,252.26365093208443,-8.472624269402196,2.7638498558092564,-39.96815785476537,0.0,0.0,0.0,-0.05920056062576443,0.019311780594383755,0.27926853321304057,0.0,0.0,0.0,0.0,0.0,0.0,0.0,0.0,0.5,0.0,0.0,1.0,0.0,0.0,0.0
28.400000000000002,42.83677789951508,-15.238128903163226,248.83989430648157,0.17453292519943295,0.3490658503988659,0.5235987755982988,-0.6419270886635522,-0.05707106278978717,0.7560692142431265,0.11414212557957464,6383506.623565178,0.0003082148985304002,-0.0005575614608921278,-8.734407180723442e-11,4.828300755629237e-11,5369.623565178675,0.0,-0.06116059926311831,-0.17016286449675155,-0.23850902584564995,0.08840007244633336,0.38041679948949836,0.5086311759419418,0.17453292519828342,0.34906585039541804,0.5235987755982855,319.03821145001723,0.7074732110827698,51436.11199452869,253.27690508550847,0.7928832854622927,1.4003208476117643,-0.060275838246335464,252.96006591850994,22635.18076301491,9.781808336017237,-1.9592355708179367e-05,1.2425897687980613e-05,252.96006253807676,-6.99208709090958,2.4872664989273354,-40.617369044932715,0.0,0.0,0.0,-0.048855639358503455,0.017379216459998872,0.2838047507060344,0.0,0.0,0.0,0.0,0.0,0.0,0.0,0.0,0.5,0.0,0.0,1.0,0.0,0.0,0.0
28.5,33.47527630527016,-12.912090447433336,251.10379601129011,0.17453292519943295,0.3490658503988659,0.5235987755982988,-0.6572693476996706,-0.04484306775250813,0.7469554832046867,0.08968613550501654,6383481.292945519,0.0003094787605960774,-0.0005596007060917979,-8.766387499407589e-11,4.8481188616952167e-11,5344.29294551909,0.0,-0.05137611126610732,-0.1323583205332749,-0.18761761597220752,0.10730127246343465,0.3754939077513147,0.509437990428101,0.17453292519809444,0.34906585039545224,0.5235987755983017,319.1417282944162,0.7094281952954564,51611.67088881906,253.441276608287,0.7948009830722236,1.4382652581189836,-0.05092632187835448,253.65415938777048,22822.45848300505,9.781885967560926,-1.9771593464668058e-05,1.2527458920885692e-05,253.6541575975742,-5.494198334100752,2.119223309140478,-41.212925179482575,0.0,0.0,0.0,-0.038389477831861286,0.014807597268934013,0.2879660655393608,0.0,0.0,0.0,0.0,0.0,0.0,0.0,0.0,0.5,0.0,0.0,1.0,0.0,0.0,0.0
28.6,24.151049355059655,-10.05138918404089,252.99648399733368,0.17453292519943295,0.3490658503988659,0.5235987755982988,-0.67190867730592,-0.03256711459126862,0.7370429064884573,0.06513422918253749,6383455.892811992,0.00031059421411158233,-0.0005614276410475758,-8.795042223318162e-11,4.8656122850627545e-11,5318.892811992206,0.0,-0.039708769853620374,-0.09509744454019693,-0.13657457821028057,0.1259508835782561,0.369576590831476,0.5116414227008459,0.17453292519788832,0.349065850395429,0.5235987755983097,319.2454790083332,0.7113949066780476,51788.45796939166,253.60610121666468,0.7967094978921831,1.475624316937818,-0.03952899179912235,254.34590591800136,23010.72433874812,9.78196381307689,-2.036690929566967e-05,1.2797134479214375e-05,254.3459092547125,-3.9856422730501175,1.6587806294147904,-41.752239922202236,0.0,0.0,0.0,-0.02784878091082412,0.011590357378546039,0.29173440626916836,0.0,0.0,0.0,0.0,0.0,0.0,0.0,0.0,0.5,0.0,0.0,1.0,0.0,0.0,0.0
28.700000000000003,14.905152458243224,-6.666796681295523,254.5114544423564,0.17453292519943295,0.3490658503988659,0.5235987755982988,-0.6858328215544603,-0.020256516932751642,0.7263458554199635,0.04051303386550351,6383430.423731793,0.0003119855631007555,-0.0005636156614499425,-8.82935387485198e-11,4.887427956443049e-11,5293.423731792717,0.0,-0.02618876369295512,-0.058477328952562524,-0.08524517653173434,0.14442544582525577,0.3626568703587806,0.5151601255228314,0.1745329251977225,0.3490658503955507,0.5235987755983121,319.34949459795916,0.713369089033278,51965.97542679809,253.77137389929499,0.7986087637760324,1.5122990045355218,-0.02614379183385556,255.03530572462466,23199.837039440183,9.782041870829968,-2.014498788049939e-05,1.2698125132123079e-05,255.03530697646758,-2.4732957924807737,1.1062604706520198,-42.23297792574571,0.0,0.0,0.0,-0.0172815992840595,0.0077297467677440715,0.2950934551799838,0.0,0.0,0.0,0.0,0.0,0.0,0.0,0.0,0.5,0.0,0.0,1.0,0.0,0.0,0.0
28.8,5.778505604369881,-2.7688150769203315,255.64205693268838,0.17453292519943295,0.3490658503988659,0.5235987755982988,-0.6990270095277784,-0.00792433861288334,0.714875686753545,0.01584867722576689,6383404.885939406,0.00031352039436670067,-0.0005660026253055171,-8.866782468275503e-11,4.911491593730574e-11,5267.885939406231,0.0,-0.010830450249266103,-0.02259879648581049,-0.03350196096734531,0.16278435090305424,0.3547160777461775,0.519920358234678,0.17453292519759078,0.3490658503957498,0.5235987755983067,319.4537425645474,0.7153547403761662,52144.69340618158,253.9370943978422,0.8004988293797528,1.548196282707821,-0.010827638695432342,255.7223469639011,23389.924880045302,9.782120140109074,-1.9484605209285633e-05,1.2421972405363135e-05,255.72234268642197,-0.9641295839263917,0.4619700508833221,-42.65325446741972,0.0,0.0,0.0,-0.0067366390942713884,0.0032279120535738393,0.29803004319496423,0.0,0.0,0.0,0.0,0.0,0.0,0.0,0.0,0.5,0.0,0.0,1.0,0.0,0.0,0.0
28.900000000000002,-3.1873183805916283,1.6321082483065674,256.3813764650472,0.17453292519943295,0.3490658503988659,0.5235987755982988,-0.7114736164303869,0.004416313273155528,0.7026409898840758,-0.00883262654631086,6383379.279342291,0.00031469902599679856,-0.0005679213951704173,-8.89687687910465e-11,4.929975366515408e-11,5242.279342290634,0.0,0.006365674147807081,0.012430672474220663,0.018778186799959913,0.18107015193115217,0.34572555932361726,0.5258515556122644,0.1745329251973951,0.34906585039578225,0.5235987755982932,319.55825177513566,0.7173482524229755,52324.18822386098,254.10326217331502,0.8023795515687299,1.5832273479442893,0.00636519457627228,256.4070073873968,23580.87191613572,9.782198621209961,-1.992424669901754e-05,1.2637846125522016e-05,256.4070069688859,0.5347320574257353,-0.2738169100507199,-43.01066575131164,0.0,0.0,0.0,0.0037363202447788443,-0.0019132342080077711,0.3005273743296386,0.0,0.0,0.0,0.0,0.0,0.0,0.0,0.0,0.5,0.0,0.0,1.0,0.0,0.0,0.0
29.0,-11.95277168888385,6.518452109310995,256.72791075319435,0.17453292519943295,0.3490658503988659,0.5235987755982988,-0.7231629390921211,0.016752244701189533,0.6896584496897419,-0.03350448940237887,6383353.604507631,0.0003158605848570973,-0.0005698026903026484,-8.926384556351407e-11,4.94819188225978e-11,5216.604507631002,0.0,0.025384927661864773,0.04650917621579473,0.07170541459272158,0.199307959655251,0.33566308612686185,0.5328670224308044,0.17453292519719849,0.349065850395821,0.5235987755982721,319.66299390311286,0.7193529092008507,52504.84736322809,254.2698745889438,0.8042510105126996,1.617320628131327,0.025357383207329002,257.0892864966431,23772.781400730804,9.78227731239735,-2.039904118097032e-05,1.2850465264631811e-05,257.0892900773923,2.016182411408783,-1.0995275945935647,-43.304079768448084,0.0,0.0,0.0,0.014087622120841107,-0.0076827023073017765,0.302577538925355,0.0,0.0,0.0,0.0,0.0,0.0,0.0,0.0,0.5,0.0,0.0,1.0,0.0,0.0,0.0
29.1,-20.478385339195494,11.872977364168907,256.67998547640497,0.17453292519943295,0.3490658503988659,0.5235987755982988,-0.7340825638827086,0.029070366540947974,0.6759418308008125,-0.05814073308189579,6383327.861673443,0.0003173116505918261,-0.0005720643363986053,-8.961851071967872e-11,4.970943956944743e-11,5190.861673442647,0.0,0.046222946731943604,0.07952839983970802,0.12538348229891944,0.2175027733960551,0.3244993556170372,0.5408781949561592,0.17453292519707816,0.3490658503959996,0.5235987755982435,319.7679902563835,0.7213658559194438,52686.336003733246,254.43692920793174,0.8061131237163678,1.6504094734077976,0.04607680368254955,257.76917349007834,23965.557960586073,9.78235621294929,-2.000325059725583e-05,1.2676951236301193e-05,257.7691735615027,3.473057722583248,-2.013612647758822,-43.53196753677285,0.0,0.0,0.0,0.02426721140049752,-0.014069666474052564,0.3041698535631351,0.0,0.0,0.0,0.0,0.0,0.0,0.0,0.0,0.5,0.0,0.0,1.0,0.0,0.0,0.0
29.200000000000003,-28.724011908601202,17.678383200934988,256.2357284107225,0.17453292519943295,0.3490658503988659,0.5235987755982988,-0.7442171036126485,0.04135739804879473,0.6615023075150588,-0.08271479609758932,6383302.050754067,0.00031880579798114364,-0.000574394756833725,-8.998395380521779e-11,4.994371180668319e-11,5165.050754066867,0.0,0.06888350480946513,0.11137090987216165,0.17991127293653084,0.23563781375013995,0.3121989492871498,0.5497895099633643,0.1745329251969799,0.3490658503961982,0.5235987755982079,319.8732220706293,0.7233895567023534,52868.944159219114,254.604427354662,0.807965863679562,1.6824301184522572,0.06845576706055423,258.4466447613489,24159.284368060395,9.782435323140504,-1.9494188740291442e-05,1.2469070527506194e-05,258.4466405577001,4.898014774855242,-3.014518718692862,-43.69306787077139,0.0,0.0,0.0,0.0342237790092829,-0.021063273017778963,0.3052955059922359,0.0,0.0,0.0,0.0,0.0,0.0,0.0,0.0,0.5,0.0,0.0,1.0,0.0,0.0,0.0
29.3,-36.653202817993716,23.91098773719334,255.39877887762094,0.17453292519943295,0.3490658503988659,0.5235987755982988,-0.7535595239486738,0.05360038993660117,0.6463587440754712,-0.1072007798732022,6383276.172316507,0.000319943186408213,-0.0005762505852790409,-9.027505151924633e-11,5.0122096835058104e-11,5139.172316507436,0.0,0.0933501299505996,0.1419275889821937,0.2353688756026893,0.25367351131038185,0.2987386691779596,0.5594829465366221,0.174532925196787,0.34906585039625226,0.5235987755981638,319.97870174194304,0.7254220931780699,53052.447659593105,254.77236476037768,0.8098092131094964,1.7133366357186695,0.09240840230152635,259.12170129068227,24353.892519891324,9.782514641236116,-2.005328707591997e-05,1.2736541347517052e-05,259.12170204073186,6.284023894784767,-4.099433481735677,-43.7867881901897,0.0,0.0,0.0,0.043908206681659734,-0.028643871444083868,0.3059503556911216,0.0,0.0,0.0,0.0,0.0,0.0,0.0,0.0,0.5,0.0,0.0,1.0,0.0,0.0,0.0
29.400000000000002,-44.22952685419382,30.547393500046592,254.17257938389565,0.17453292519943295,0.3490658503988659,0.5235987755982988,-0.7620998967199677,0.06578635199212376,0.63052719273572,-0.1315727039842474,6383250.226602199,0.0003211515309248465,-0.0005781872102486109,-9.057881012387943e-11,5.031159981578778e-11,5113.226602198556,0.0,0.11960991399455302,0.1710815198514732,0.29182795293127517,0.2715452511127924,0.2840934844167963,0.5698288595818531,0.17453292519662078,0.34906585039634536,0.5235987755981124,320.08441742255707,0.7274648498711132,53237.010291573446,254.94074029594594,0.811643169216518,1.7430849017550887,0.11785563261482469,259.79433097366706,24549.426894718927,9.782594166503648,-2.0403841382687915e-05,1.2891519769908655e-05,259.7943345853089,7.624014375686522,-5.265572203651671,-43.81270922287518,0.0,0.0,0.0,0.053271089441497825,-0.03679200405444336,0.30613147308972044,0.0,0.0,0.0,0.0,0.0,0.0,0.0,0.0,0.5,0.0,0.0,1.0,0.0,0.0,0.0
29.5,-51.41587448397323,37.56402649012712,252.56045391775208,0.17453292519943295,0.3490658503988659,0.5235987755982988,-0.7698252112589151,0.07790195695285758,0.6140212973531998,-0.15580391390571507,6383224.213532496,0.00032265535191204587,-0.0005805137720343729,-9.094365991702881e-11,5.054739440863237e-11,5087.213532496555,0.0,0.1476506046541934,0.19870568227474195,0.34935164366636134,0.2891604559433926,0.26823837736016753,0.5806806371596962,0.17453292519656327,0.3490658503965613,0.5235987755980573,320.1903752280122,0.7295171044641539,53422.54733865611,255.10955424078924,0.8134676465430665,1.7716304888548031,0.14472399613622797,260.4645116000673,24745.864486621755,9.78267389919638,-1.985497591287334e-05,1.2653479373625475e-05,260.46451047712844,8.910704056148695,-6.510095390711082,-43.77025461882249,0.0,0.0,0.0,0.06226154482022087,-0.045487830523670066,0.3058348310717166,0.0,0.0,0.0,0.0,0.0,0.0,0.0,0.0,0.5,0.0,0.0,1.0,0.0,0.0,0.0
29.6,-58.180387069462355,44.93188701104546,250.57111546677822,0.17453292519943295,0.3490658503988659,0.5235987755982988,-0.776731144241853,0.08993462609375671,0.5968618920543394,-0.17986925218751335,6383198.133674314,0.00032409650706569993,-0.0005827701105555323,-9.129751237319662e-11,5.077337414589831e-11,5061.1336743139345,0.0,0.17743240474438313,0.22468618468879245,0.40797697058415133,0.3064017979219974,0.25116849474619807,0.5918665002767424,0.17453292519649358,0.34906585039674953,0.5235987755979958,320.29657156731406,0.7315789786302284,53609.0744040018,255.27880296762095,0.8152826635522685,1.7989449564694135,0.17292619960604394,261.1322426100474,24943.204551884486,9.782753837579559,-1.952832316002664e-05,1.2526911896533944e-05,261.13223874169626,10.137454150146786,-7.829019325665808,-43.65986589777419,0.0,0.0,0.0,0.0708331857903828,-0.054703515521532985,0.3050635146572237,0.0,0.0,0.0,0.0,0.0,0.0,0.0,0.0,0.5,0.0,0.0,1.0,0.0,0.0,0.0
29.700000000000003,-64.49116106764583,52.62225266214862,248.213067480547,0.17453292519943295,0.3490658503988659,0.5235987755982988,-0.7828103773256295,0.10187159252029473,0.5790671922850396,-0.20374318504058944,6383171.987272313,0.00032520805038348683,-0.0005845841193223556,-9.1582072437964e-11,5.0947718631416084e-11,5034.987272312864,0.0,0.20891103905679195,0.2489018607377488,0.46772797260364973,0.32312440338429127,0.23288459871086253,0.6031971790337479,0.1745329251963139,0.349065850396829,0.5235987755979202,320.4030010025715,0.7336510533305474,53796.66135691052,255.44848507090757,0.8170882074088622,1.8249974431319687,0.20238236175391183,261.797513737611,25141.465276471547,9.782833980910766,-2.016730672949045e-05,1.2827734838793928e-05,261.7975155290061,11.297568633758187,-9.218371964027813,-43.48199224876344,0.0,0.0,0.0,0.07893922538757009,-0.0644113052785924,0.30382066245380246,0.0,0.0,0.0,0.0,0.0,0.0,0.0,0.0,0.5,0.0,0.0,1.0,0.0,0.0,0.0
29.8,-70.31563971245504,60.6061148813756,245.49477260742677,0.17453292519943295,0.3490658503988659,0.5235987755982988,-0.7880524074076163,0.11369960964635344,0.5606531881149089,-0.22739921929270687,6383145.774254861,0.0003264771411689893,-0.0005865945571829668,-9.189740888777096e-11,5.114674687522931e-11,5008.774254861288,0.0,0.24203405472451367,0.2712226720791411,0.5286142233470339,0.3391539009631274,0.21339599990367494,0.6144623233611762,0.17453292519620178,0.349065850396968,0.5235987755978418,320.50967344201655,0.7357320798369539,53985.16041575763,255.61860062660836,0.8188841771076019,1.849752561396539,0.23301848293819585,262.46030080374607,25340.604473039682,9.782914329421844,-2.034908384018764e-05,1.2906577225635377e-05,262.46030396466364,12.384132076271925,-10.674081053460494,-43.236966414395226,0.0,0.0,0.0,0.08653134359167551,-0.07458274584555576,0.3021085994257299,0.0,0.0,0.0,0.0,0.0,0.0,0.0,0.0,0.5,0.0,0.0,1.0,0.0,0.0,0.0
29.900000000000002,-75.62788569438511,68.85022435815398,242.4297527489621,0.17453292519943295,0.3490658503988659,0.5235987755982988,-0.7924556471047922,0.12540658914979694,0.5416424688051978,-0.2508131782995939,6383119.495188828,0.0003280133637303008,-0.0005889592858340671,-9.226825320989123e-11,5.13876270038629e-11,4982.4951888279365,0.0,0.2767149888821845,0.29153906001305524,0.5906125135143744,0.3543001305425436,0.19274066971436954,0.6254348940797287,0.17453292519621166,0.3490658503971947,0.5235987755977686,320.6165705922166,0.7378241261492519,54174.81817002277,255.78914660585642,0.8206706351566649,1.8731877356729962,0.2647501336400251,263.1206052398033,25540.688708497757,9.782994881378011,-1.971034011205579e-05,1.2631253646588923e-05,263.1206029671906,13.39121266093133,-12.19112299687215,-42.926281620794605,0.0,0.0,0.0,0.09356809316435141,-0.08518273596515843,0.29993775915543963,0.0,0.0,0.0,0.0,0.0,0.0,0.0,0.0,0.5,0.0,0.0,1.0,0.0,0.0,0.0
