t_s,u_b_mps,v_b_mps,w_b_mps,p_b_rps,q_b_rps,r_b_rps,q0,q1,q2,q3,x_e_m,y_e_m,z_e_m,lat_rad,long_rad,h_m,m_fuel_kg,phi_rad,theta_rad,psi_rad,phi_dot_rps,theta_dot_rps,psi_dot_rps,p_nb_rps,q_nb_rps,r_nb_rps,cs_mps,rho_kgpm3,p_kgpms2,T_K,mach,alpha_rad,beta_rad,true_airspeed_mps,qbar_kgpms2,g_mag_mps2,u_n_mps,v_n_mps,w_n_mps,Fx_b_kgmps2,Fy_b_kgmps2,Fz_b_kgmps2,l_b_kgm2ps2,m_b_kgm2ps2,n_b_kgm2ps2,n_x,n_y,n_z,dela_ach_rad,dele_ach_rad,delr_ach_rad,delt_ach_pct,dela_cmd_rad,dele_cmd_rad,delr_cmd_rad,delt_cmd_pct,dela_trim_rad,dele_trim_rad,delr_trim_rad,delt_trim_pct,W_N_mps,W_E_mps,W_D_mps
0.0,0.0,0.0,0.0,0.17453292519943295,0.3490658503988659,0.5235987755982988,0.7071067811865476,0.0,-0.7071067811865475,0.0,6387281.0,0.0,0.0,0.0,0.0,9144.0,0.0,0.0,2.220446049250313e-16,0.0,0.17446000404796605,0.3490658503988659,0.5235987755982988,0.17446000404796594,0.3490658503988659,0.5235987755982988,303.2301162993323,0.45904119204140337,30148.707841120464,228.7993742033871,0.0,0.0,0.0,0.0,0.0,9.752107781729656,0.0,0.0,0.0,0.0,0.0,0.0,-0.0,-0.0,-0.0,0.0,0.0,-0.0,0.0,0.0,0.0,0.0,0.0,0.0,0.0,0.0,0.5,0.0,0.0,1.0,0.0,0.0,0.0
0.1,-0.03407214084651295,0.01750183841859835,0.9744561055638983,0.16489546594778381,0.35642346191703445,0.5199427054538814,0.7192004492545764,-0.012449821586493843,-0.6942583634422275,0.02444051795748697,6387280.951059361,1.1459225005189159e-06,-1.5307608356596042e-06,-2.4127050880479077e-13,1.7940693534367304e-13,9143.951059360677,0.0,0.017883296039318337,0.03481788200809845,0.0524992827131065,0.18315272734913246,0.347072522285796,0.5265510029013921,0.16482268985999016,0.35642724235125056,0.5199401022995312,303.2303264388583,0.45904390525387084,30148.928027490823,228.79969140621347,0.003216073914127677,1.6056363702810326,0.01788913945976451,0.9752111472279654,0.21898234492484334,9.752107932198076,-1.6894443494966382e-05,1.5515194714889557e-05,0.975210850450702,0.0,0.0,0.0,-3.9319770135065055e-06,-3.400563543696509e-05,-1.2400249722247677e-05,0.0,0.0,0.0,0.0,0.0,0.0,0.0,0.0,0.0,0.0,0.0,0.5,0.0,0.0,1.0,0.0,0.0,0.0
0.2,-0.13531171347168977,0.07134695223556681,1.9444088663285777,0.15499489421072513,0.3628848023478123,0.516300441862837,0.7307701959543508,-0.02511888771535889,-0.6804407764745637,0.04838125806933746,6387280.8047777265,3.657994301955231e-06,-3.2302534621758082e-06,-5.091356508613922e-13,5.72699778526696e-13,9143.804777726842,0.0,0.036626714923689276,0.06936987922726967,0.10534425776337768,0.19169518815260006,0.34374293493465485,0.5305145031012726,0.15492255216906706,0.3628922805711039,0.5162951378505576,303.2309545375842,0.4590520149385456,30149.586155836725,228.80063951290646,0.006432131801115145,1.640219428956969,0.03655801494281302,1.950421474296165,0.8738485514331351,9.75210838194224,-1.688410373514489e-05,3.679436920795096e-05,1.950421107511761,0.0,0.0,0.0,-7.392557137129422e-06,-6.924294482200216e-05,-2.462747036258157e-05,0.0,0.0,0.0,0.0,0.0,0.0,0.0,0.0,0.0,0.0,0.0,0.5,0.0,0.0,1.0,0.0,0.0,0.0
0.30000000000000004,-0.3023319476809908,0.1635794500914448,2.9053681840891388,0.144876554284989,0.3684339942598166,0.5126956627648755,0.7417702641407908,-0.03801781972696897,-0.6657156282601547,0.07179130482410997,6387280.561130991,8.92354458704769e-06,-5.065960364811955e-06,-7.984701995233576e-13,1.397080416562695e-12,9143.561130991206,0.0,0.056217626282939345,0.1035219953149667,0.1586336568873271,0.2001364627615091,0.3390561098382916,0.5354464199750747,0.14480493420708856,0.3684450772675318,0.5126875864188186,303.2320006990209,0.4590655224319077,30150.682334618057,228.80221867971457,0.009648166312387327,1.674482917785511,0.05594167601455254,2.925632773982104,1.964645989885958,9.752109131036336,-1.6882270039098035e-05,7.238724029237645e-05,2.9256320958663853,0.0,0.0,0.0,-1.0366315076983583e-05,-0.00010545301741914244,-3.668478177889889e-05,0.0,0.0,0.0,0.0,0.0,0.0,0.0,0.0,0.0,0.0,0.0,0.5,0.0,0.0,1.0,0.0,0.0,0.0
0.4,-0.5333585844177748,0.29609362968130315,3.852838011409054,0.13458457287205322,0.3730548444783506,0.5091496602139142,0.7521533917369569,-0.05115514304586342,-0.6501444767066186,0.09464228536182277,6387280.219651177,1.8572382295314784e-05,-6.708797365688427e-06,-1.05740563961298e-12,2.9077137152300244e-12,9143.219651176905,0.0,0.07665183087974924,0.137134674138746,0.21246430563256768,0.2085123647960661,0.332985748316076,0.5412950018298072,0.13451396104041977,0.3730694297242774,0.5091387666821017,303.2334669325503,0.45908445367805356,30152.218669286,228.8044319397731,0.012864158425191686,1.7083280127652314,0.07596190061223697,3.9008433757635044,3.493546273193782,9.752110180919264,-1.6863376204730624e-05,0.00012211822521150198,3.9008430123994566,0.0,0.0,0.0,-1.2839598326598336e-05,-0.00014237458861974194,-4.857647385782403e-05,0.0,0.0,0.0,0.0,0.0,0.0,0.0,0.0,0.0,0.0,0.0,0.5,0.0,0.0,1.0,0.0,0.0,0.0
0.5,-0.8253538887790829,0.47006836397925733,4.782637589268069,0.12416439010740385,0.3767454078905651,0.5056806468971402,0.7618798122907688,-0.06453370469620165,-0.6337993518419346,0.11691643585757579,6387279.7808062,3.3792130565515774e-05,-8.596123615574723e-06,-1.354876250226118e-12,5.290535522116579e-12,9142.780806199336,0.0,0.09791997924891782,0.17007177442514188,0.2669216375736191,0.2168438254404718,0.32552272944436195,0.5479852133771206,0.12409506649072326,0.3767633855463737,0.5056669184296615,303.2353512290545,0.4591087827362945,30154.19305466591,228.8072762603451,0.016080099913677738,1.7416651471448312,0.09654011162661574,4.876054766581888,5.458563585316564,9.752111530152556,-1.687570381399735e-05,0.00018618637631526158,4.876053904875047,0.0,0.0,0.0,-1.4807768568756715e-05,-0.00017973778270875826,-6.031015547370773e-05,0.0,0.0,0.0,0.0,0.0,0.0,0.0,0.0,0.0,0.0,0.0,0.5,0.0,0.0,1.0,0.0,0.0,0.0
0.6000000000000001,-1.174979228272223,0.6865558926666944,5.690815024665348,0.11365982128595906,0.3795045091550971,0.5023043737946905,0.7709095018001734,-0.07815395692761136,-0.616750295108121,0.13859850978212493,6387279.244596256,5.622897905795778e-05,-1.0198029768119789e-05,-1.607360493764436e-12,8.803275526982546e-12,9142.244596255943,0.0,0.12001788477367414,0.20219390867932163,0.3220853094518383,0.22513301991080126,0.3166567400017157,0.5554302411591006,0.11359205902564798,0.3795257628077114,0.5022878190764855,303.23765358768566,0.4591385095956845,30156.605489869497,228.8107516401509,0.019295973558586695,1.7744046650237248,0.11760550831333175,5.851265745595854,7.859833932511279,9.75211317873579,-1.6863142173750845e-05,0.00026432894702704834,5.851265589685876,0.0,0.0,0.0,-1.6267930899826803e-05,-0.00021727777774381224,-7.189394414948159e-05,0.0,0.0,0.0,0.0,0.0,0.0,0.0,0.0,0.0,0.0,0.0,0.5,0.0,0.0,1.0,0.0,0.0,0.0
0.7000000000000001,-1.5785567940410565,0.9465289322503432,6.5736456167654005,0.10311385707277435,0.38133150489853584,0.4990343835742819,0.7792009699833428,-0.09201390115974825,-0.5990657057803451,0.1596752675920649,6387278.610552987,8.710099291757118e-05,-1.2132966716419307e-05,-1.9123353986169945e-12,1.3636635919720995e-11,9141.610552987084,0.0,0.14294454219494637,0.23335569019414928,0.37802958296340716,0.23336059581344568,0.3063775449257885,0.5635273558313086,0.10304792187447688,0.381355911985782,0.4990150372849663,303.2403760194693,0.45917366022154066,30159.458082070058,228.81486111480672,0.022511769124579514,1.8064539834138542,0.13909390904042065,6.82647736444963,10.699627911061947,9.752115128109173,-1.6875002527338978e-05,0.0003568517284767333,6.826476403264562,0.0,0.0,0.0,-1.721877091964388e-05,-0.00025473103218649637,-8.33363810555522e-05,0.0,0.0,0.0,0.0,0.0,0.0,0.0,0.0,0.0,0.0,0.0,0.5,0.0,0.0,1.0,0.0,0.0,0.0
0.8,-2.03135627921275,1.2502711685240062,7.428087810759438,0.0925688574116155,0.3822394736545225,0.4958803495651439,0.7867230750165675,-0.10610562277382878,-0.5808212579803169,0.18014405306163575,6387277.879144743,0.00012804400243199548,-1.3704215263707399e-05,-2.1599877089829588e-12,2.0046724891678955e-11,9140.879144743085,0.0,0.16668788503644394,0.263421102321603,0.4348094975067401,0.2414841858934045,0.29469718800369804,0.572146988959926,0.09250500323460821,0.3822669075447949,0.4958582709830816,303.2435165134199,0.4592142086490622,30162.748724136196,228.8196016487567,0.025727471071820544,1.8377271913037274,0.16094180673355174,7.801688833200335,13.976045879621811,9.75211737683302,-1.6884061035652802e-05,0.00046348519758521167,7.801688965017855,0.0,0.0,0.0,-1.766773551846096e-05,-0.00029183980987288887,-9.464802995192678e-05,0.0,0.0,0.0,0.0,0.0,0.0,0.0,0.0,0.0,0.0,0.0,0.5,0.0,0.0,1.0,0.0,0.0,0.0
0.9,-2.528450218218049,1.5980246559784559,8.251499524644288,0.08206558549746991,0.382241525140122,0.49284955587240903,0.7934440978957017,-0.12041879297701077,-0.562089086623514,0.20000379771626173,6387277.05037121,0.00018021181217963735,-1.5679611274063678e-05,-2.4713397596165846e-12,2.8214184347798716e-11,9140.05037121009,0.0,0.19123440879355,0.29225105848890687,0.4924700401892586,0.24943583152991383,0.28163149534607124,0.5811412761954496,0.08200405424491058,0.3822718553515639,0.49282482753022705,303.2470750708851,0.4592601548956491,30166.477417479957,228.82497324403505,0.028943068292829433,1.86813542383179,0.18309288971644883,8.776900803377401,17.689320564496384,9.752119924908607,-1.6879978915529392e-05,0.000584385370932361,8.776899753408197,0.0,0.0,0.0,-1.7623527376155015e-05,-0.00032835425659268774,-0.00010583909914967979,0.0,0.0,-0.0,0.0,0.0,0.0,0.0,0.0,0.0,0.0,0.0,0.5,0.0,0.0,1.0,0.0,0.0,0.0
1.0,-3.064658129439055,1.990015359223941,9.041626789588491,0.07164401782783937,0.38135088113072685,0.48994710167107003,0.7993320928820873,-0.13494053241150028,-0.5429397078066275,0.21925478290991707,6387276.123764575,0.0002453566354793953,-1.7220515586349217e-05,-2.714209575982976e-12,3.841334408603561e-11,9139.123764575459,0.0,0.21656609080055783,0.31970165728792344,0.5510446233054105,0.25711953203026,0.26720262195536393,0.5903397570963901,0.07158503888477208,0.38138397330808865,0.48991982829266206,303.25105370054166,0.4593115248962933,30170.646266813692,228.83097893271272,0.032158545551234194,1.8975843915778945,0.20549628842968823,9.752112867059523,21.841814537344383,9.752122773774584,-1.6925862490098826e-05,0.000719507141923259,9.752113347772179,0.0,0.0,0.0,-1.7096125092363473e-05,-0.0003640283180769335,-0.00011691931790162009,0.0,0.0,0.0,0.0,0.0,0.0,0.0,0.0,0.0,0.0,0.0,0.5,0.0,0.0,1.0,0.0,0.0,0.0
1.1,-3.63407657993497,2.425838073497114,9.797134591119756,0.06134183925583186,0.37959336638545055,0.4871741016415013,0.8043663145516813,-0.14965253215459204,-0.5234463239808667,0.2379069367751317,6387275.099792576,0.0003245638759922594,-1.923581951843024e-05,-3.0318519618013064e-12,5.081413763582904e-11,9138.099792576084,0.0,0.2426466477415857,0.34564551230533047,0.6105397859067332,0.26441519427277177,0.2514605658377313,0.5995473228843112,0.06128562597005545,0.37962908411324636,0.4871444072036247,303.25545039403806,0.4593682927202021,30175.253167765844,228.83761568320972,0.03537389109246434,1.9259886532352408,0.2281030256351593,10.727325322740002,26.431720943047115,9.752125921993272,-1.688906979898282e-05,0.0008688563962197018,10.727324166184564,0.0,0.0,0.0,-1.61034888526475e-05,-0.00039863479412970387,-0.0001278991856565884,0.0,0.0,0.0,0.0,0.0,0.0,0.0,0.0,0.0,0.0,0.0,0.5,0.0,0.0,1.0,0.0,0.0,0.0
1.2000000000000002,-4.230738214797288,2.9051091203811468,10.517157068849727,0.05119532492712423,0.37699422859633624,0.4845296467267642,0.8085264974025332,-0.1645343811524634,-0.5036788153291242,0.2559708410731398,6387273.978455538,0.00041953126677054544,-2.0744716969144224e-05,-3.26967727543132e-12,6.568236593351666e-11,9136.97845553793,0.0,0.2694303043991111,0.36995474500774844,0.6709458329840715,0.2711774354271727,0.2344653963366886,0.6085499063218579,0.05114207462741169,0.37703243316039337,0.4844976727565727,303.2602651499747,0.4594304583493045,30180.298118869887,228.84488349341333,0.038589091387275724,1.9532581852942412,0.250869229240005,11.70253808600184,31.459362267493535,9.752129369564104,-1.6988348456870028e-05,0.0010323878113935735,11.702538977523565,0.0,0.0,0.0,-1.4664320973615566e-05,-0.0004319558658952305,-0.00013878802939424866,0.0,0.0,0.0,0.0,0.0,0.0,0.0,0.0,0.0,0.0,0.0,0.5,0.0,0.0,1.0,0.0,0.0,0.0
1.3,-4.848544563700366,3.4274725169714557,11.201287573869822,0.04124008819361909,0.373578460189084,0.48201093925095123,0.8117914672450569,-0.17956318943218746,-0.48370407577274266,0.2734574033580588,6387272.759284947,0.0005314725763704649,-2.2808295620727976e-05,-3.5949287872381978e-12,8.3208060228079e-11,9135.759284946756,0.0,0.2968585104609689,0.39249897181020443,0.7322350222853236,0.2772350501127425,0.2162903148988957,0.6171127168027648,0.04118998204514862,0.3736190101966594,0.48197684336348035,303.2654999800409,0.45949804775748826,30185.783227994685,228.85278539994184,0.04180413238254434,1.9792964977213046,0.27375462358931174,12.677751164312484,36.92719991496753,9.752133117928016,-1.689585857918748e-05,0.0012101992077946562,12.677749806896875,0.0,0.0,0.0,-1.2798283659436006e-05,-0.0004637794146797749,-0.00014959396262508064,0.0,0.0,0.0,0.0,0.0,0.0,0.0,0.0,0.0,0.0,0.0,0.5,0.0,0.0,1.0,0.0,0.0,0.0
1.4000000000000001,-5.481062652207586,3.9919927803436805,11.85009545237106,0.03150806395472439,0.36938215010075753,0.4796116679287799,0.8141533004475361,-0.19471193442098464,-0.4635890780818246,0.2903859403537389,6387271.442749266,0.0006620261422844298,-2.4282120078694528e-05,-3.827226376462582e-12,1.0364772318098253e-10,9134.44274926527,0.0,0.3248488197231394,0.41317406680912316,0.7943470175181452,0.2824077025140107,0.19703968736414426,0.6249930593334084,0.031461264475162114,0.3694249030384666,0.4795756199175617,303.27115287276854,0.45957103497372265,30191.70638750323,228.861318366511,0.04501900209428813,2.0040188891644592,0.29672029188855176,13.65296472653705,42.83351478968262,9.752137165645216,-1.7072039252497007e-05,0.001402189038609188,13.652966051611548,0.0,0.0,0.0,-1.0531804680594294e-05,-0.0004939228718599841,-0.00016032479541878286,0.0,0.0,0.0,0.0,0.0,0.0,0.0,0.0,0.0,0.0,0.0,0.5,0.0,0.0,1.0,0.0,0.0,0.0
1.5,-6.12193005558975,4.597785667820631,12.464587748717898,0.022030021902256763,0.3644403172371191,0.477324063489578,0.8156033574512516,-0.20995181714969186,-0.44339634339458583,0.30677511343967423,6387270.028848035,0.0008123033887381519,-2.6398824067173736e-05,-4.160851604383398e-12,1.2717536366388028e-10,9133.028848035261,0.0,0.3533035240416583,0.43187823206494946,0.8572015031558671,0.2865033977616031,0.17683199397114094,0.6319423319322537,0.02198667339501087,0.36448512895491364,0.4772862435487457,303.2772238301252,0.4596494200234102,30198.067599457034,228.87048239609058,0.04823368662322777,2.027335528032268,0.31972993672756517,14.628178574184766,49.178720747383366,9.752141512717671,-1.6895623899948475e-05,0.001608413982036816,14.628176873312514,0.0,0.0,0.0,-7.891575321071156e-06,-0.0005222136424609719,-0.00017098661164752989,0.0,0.0,-0.0,0.0,0.0,0.0,0.0,0.0,0.0,0.0,0.0,0.5,0.0,0.0,1.0,0.0,0.0,0.0
1.6,-6.76477435822107,5.24400071990921,13.046203999231484,0.012836210659991017,0.35878747373346775,0.4751389434948908,0.8161333961470436,-0.22525207685876844,-0.4231859764111016,0.3226432999508586,6387268.517113549,0.0009841380279234904,-2.782811129633347e-05,-4.3861298077358794e-12,1.540780735035818e-10,9131.517113548703,0.0,0.3821067073178276,0.44851288190539584,0.9206958072230381,0.28932405468088757,0.155802423215189,0.6377096992595437,0.012796439403266255,0.3588341978244171,0.47509954067237065,303.2837148603383,0.4597332288357432,30204.86896809775,228.8802805200736,0.051448172725872036,2.04914970146347,0.342748240058029,15.603393016078439,55.96537987901487,9.752146160583967,-1.717739380424632e-05,0.0018288403933156931,15.60339484613093,0.0,0.0,0.0,-4.904923744825086e-06,-0.0005484860674526518,-0.00018158375898090539,0.0,0.0,0.0,0.0,0.0,0.0,0.0,0.0,0.0,0.0,0.0,0.5,0.0,0.0,1.0,0.0,0.0,0.0
1.7000000000000002,-7.403278456250144,5.929246469714641,13.597241946979361,0.003952055979423679,0.3524673891375022,0.4730445238372665,0.8157473885240933,-0.24057933039987564,-0.4030144056580817,0.338015189461,6387266.908013407,0.0011785414857210454,-2.9997211505265492e-05,-4.728013895668499e-12,1.8451420660271285e-10,9129.908013407452,0.0,0.4111204542377293,0.4630133300533682,0.9846974851738548,0.29069434746414435,0.1341126114113795,0.6420704555187268,0.003915968915918108,0.3525158784124155,0.47300373172467497,303.2906239556363,0.4598224354874153,30212.108389661393,228.89070970775518,0.05466244720969853,2.0693801569538626,0.36574024537842864,16.57860779430116,63.19185698952612,9.752151107807078,-1.6906296926263074e-05,0.002063557406437452,16.578605689509818,0.0,0.0,0.0,-1.6043973898242888e-06,-0.0005726120165537003,-0.0001921196122070295,0.0,0.0,0.0,0.0,0.0,0.0,0.0,0.0,0.0,0.0,0.0,0.5,0.0,0.0,1.0,0.0,0.0,0.0
1.8,-8.0312996973406,6.65217569753908,14.120321952615607,-0.004597943434516234,0.3455224098117826,0.47102820924736893,0.8144497322800767,-0.25589922985905733,-0.38293457753675164,0.3529142545599795,6387265.201548028,0.0013972291199923384,-3.1387068080977457e-05,-4.947077627955147e-12,2.1875232605868684e-10,9128.201548027806,0.0,0.4401920195365957,0.47532272536413533,1.0490558064394016,0.2904565460166366,0.11193559738472286,0.6448217048836854,-0.004630257941197119,0.3455725156522192,0.470986224434139,303.2979511142316,0.45991703995534733,30219.785862275,228.90176995643716,0.05787649774682535,2.0879404964827426,0.3886709138959014,17.55382318427957,70.85866141099534,9.752156354386402,-1.7304476699564475e-05,0.0023123444961941075,17.55382555969272,0.0,0.0,0.0,1.977637330460424e-06,-0.0005944731820090819,-0.00020259556986166566,0.0,0.0,-0.0,0.0,0.0,0.0,0.0,0.0,0.0,0.0,0.0,0.5,0.0,0.0,1.0,0.0,0.0,0.0
1.9000000000000001,-8.642776741181017,7.41145069970956,14.618388892521429,-0.012789701063913491,0.3379941772275928,0.46907655879047466,0.8122436257489035,-0.2711756441934703,-0.3629960456734969,0.3673623994494248,6387263.397248785,0.0016414661467853808,-3.359953029429628e-05,-5.295796710864958e-12,2.5699052081244284e-10,9126.397248785323,0.0,0.469153256163625,0.485390278120338,1.1136018804150438,0.28847652014945185,0.08945604900953512,0.6457880412857682,-0.01281817270216504,0.3380457489242962,0.46903357946580615,303.3056983482867,0.4600170682195369,30227.903494303264,228.91346430345212,0.06109030945795266,2.1047374734247253,0.4115036628096989,18.5290390543605,78.96845222809301,9.75216190176348,-1.6930072537372592e-05,0.0025755573415788824,18.529036533913654,0.0,0.0,0.0,5.808513467626396e-06,-0.0006139587691088198,-0.0002130110314528328,0.0,0.0,0.0,0.0,0.0,0.0,0.0,0.0,0.0,0.0,0.0,0.5,0.0,0.0,1.0,0.0,0.0,0.0
2.0,-9.232046971838251,8.205224029492545,15.0949915429906,-0.020604859774685368,0.3299315163816786,0.4671746890044599,0.8091456572020863,-0.2863722052672837,-0.343243500525911,0.38138654253402615,6387261.495584187,0.0019127979661328275,-3.497474936948817e-05,-5.5125537936966565e-12,2.9947074622405376e-10,9124.495584187409,0.0,0.49782647289393595,0.4932067676304836,1.178150360184875,0.2846805719609154,0.06686922470184907,0.6448583715113132,-0.020629436544339953,0.32998440265005935,0.4671309108258526,303.3138636461416,0.4601224943064747,30236.459177908037,228.925789712226,0.06430387042351414,2.1196974250822027,0.43420132528048644,19.50425547158751,87.51968186762538,9.752167748498614,-1.7439778262703005e-05,0.002852780731182077,19.504258214574662,0.0,0.0,0.0,9.85213092753402e-06,-0.0006310005411951535,-0.00022336426293878515,0.0,0.0,0.0,0.0,0.0,0.0,0.0,0.0,0.0,0.0,0.0,0.5,0.0,0.0,1.0,0.0,0.0,0.0
2.1,-9.793672267035404,9.031664813557828,15.553835934453494,-0.028025782237003395,0.3213815577520353,0.46530752965850836,0.8051707550040778,-0.3014517478160742,-0.32371755800022756,0.39501104510181917,6387259.496553742,0.0022124465868597946,-3.718256780052173e-05,-5.860541489369695e-12,3.4638432774706023e-10,9122.496553742327,0.0,0.5260286422113924,0.49877064735374577,1.2425086079163634,0.27903612149277957,0.04437010634393376,0.641967000230491,-0.02804642944218835,0.3214356061333094,0.46526314462129076,303.3224470099078,0.46023331824342234,30245.452915301685,228.938746185946,0.06751716796380594,2.1327416599091706,0.4567243936984922,20.479472601960573,96.51295141454334,9.752173894594115,-1.6968688370866403e-05,0.0031444223416139394,20.47946998668325,0.0,0.0,0.0,1.4072989854164313e-05,-0.0006455391752733568,-0.00023365157441723597,0.0,0.0,-0.0,0.0,0.0,0.0,0.0,0.0,0.0,0.0,0.0,0.5,0.0,0.0,1.0,0.0,0.0,0.0
2.2,-10.32234834153674,9.88891246715627,15.998794403534042,-0.035035175638369304,0.31239055000199173,0.4634597387590893,0.8003341372484986,-0.31637630082294976,-0.3044565776461206,0.4082586554963129,6387257.399689675,0.002542104076823882,-3.8596424288711635e-05,-6.08338891132884e-12,3.97996184922695e-10,9120.399689675309,0.0,0.553572066460004,0.5020902302826203,1.3064773001893604,0.2715565340084282,0.022152269809331864,0.6370967597857424,-0.03505187519168054,0.3124456062694298,0.46341493415677515,303.3314504480995,0.460349565963272,30254.886811026154,228.95233675643755,0.0707301864454189,2.1437854613935685,0.4790296679732737,21.454690139751243,105.95101941011035,9.75218034148905,-1.7564111393753024e-05,0.003450095018917132,21.454692869667834,0.0,0.0,0.0,1.84356486719924e-05,-0.0006575228422923823,-0.00024386729889741766,0.0,0.0,0.0,0.0,0.0,0.0,0.0,0.0,0.0,0.0,0.0,0.5,0.0,0.0,1.0,0.0,0.0,0.0
2.3000000000000003,-10.813427634167606,10.774640476015888,16.434015340110953,-0.041622118855267135,0.30300968847142434,0.46161572847642685,0.7946616651855763,-0.3311092909903549,-0.2854918115375183,0.42115481524820975,6387255.205459698,0.00290300178287031,-4.071739849573758e-05,-6.417689222331339e-12,4.544991064098149e-10,9118.205459697792,0.0,0.5802803767890327,0.5032129902600564,1.3698631789097344,0.2623261576008849,0.0003970224826828257,0.6303071322526524,-0.04163486862630467,0.30306559831161484,0.46157068336929125,303.34087195247423,0.4604712115366422,30264.75876082442,228.96655839228572,0.07394291596074591,2.152767544109038,0.5010731462305815,22.42990870116305,115.83242782961388,9.752187087746275,-1.701516033965807e-05,0.0037702362872090354,22.429906851388495,0.0,0.0,0.0,2.2903155289815255e-05,-0.0006669440941362815,-0.0002540049426277689,0.0,0.0,0.0,0.0,0.0,0.0,0.0,0.0,0.0,0.0,0.0,0.5,0.0,0.0,1.0,0.0,0.0,0.0
2.4000000000000004,-11.262490749215791,11.686510524822257,16.86362257050012,-0.04777622223144084,0.29328823771053264,0.459760265344709,0.788178692376752,-0.34561436472865686,-0.2668518355768231,0.4337225545920817,6387252.913863991,0.003296525118406965,-4.2266212386472455e-05,-6.661808555514821e-12,5.161100026666582e-10,9115.913863991387,0.0,0.6059848849141672,0.5021939827129989,1.4324796008211462,0.25147128887633824,-0.02072850492016821,0.6217024162676835,-0.047785035004729075,0.29334484624193247,0.45971514996766005,303.3507115222525,0.460598254953465,30275.068763879415,228.98141109231332,0.07715534063483939,2.1596226517883097,0.5228069652694214,23.40512747932029,126.15786026380148,9.752194133366162,-1.7621287280888964e-05,0.004104299897111476,23.40512938357195,0.0,0.0,0.0,2.7439545435617197e-05,-0.0006738027398237327,-0.0002640563046049173,0.0,0.0,0.0,0.0,0.0,0.0,0.0,0.0,0.0,0.0,0.0,0.5,0.0,0.0,1.0,0.0,0.0,0.0
2.5,-11.6652541750554,12.622118739429565,17.291744821661272,-0.05348739478873937,0.28327442182253665,0.4578783081420409,0.7809090678391675,-0.3598543477974215,-0.24856270331393104,0.4459822054912241,6387250.52443422,0.0037243509994180765,-4.421514057851949e-05,-6.968992396284482e-12,5.830914234091792e-10,9113.524434220046,0.0,0.6305255495551254,0.49909359703301265,1.4941475318302753,0.23915484347661636,-0.04107190480361663,0.6114265343202298,-0.053492297491915565,0.28333157315592794,0.4578332833115102,303.3609711683582,0.46073072217774935,30285.81892725831,228.9968978919838,0.08036744915754536,2.1642805044327296,0.5441779833664326,24.38034753443845,136.9301920677097,9.752201479789631,-1.7105005107135678e-05,0.004452919667485548,24.38034736656963,0.0,0.0,0.0,3.200929218808868e-05,-0.0006781054958321272,-0.00027401145901892265,0.0,0.0,0.0,0.0,0.0,0.0,0.0,0.0,0.0,0.0,0.0,0.5,0.0,0.0,1.0,0.0,0.0,0.0
2.6,-12.018266633676014,13.578672500310033,17.722439220015982,-0.058752245678694553,0.2730190648612788,0.4559556765556919,0.7728870052125701,-0.3737959320793209,-0.2306432815971633,0.45795597893195505,6387248.037638487,0.0041876313781278535,-4.5992949800095015e-05,-7.249205563223699e-12,6.556237293528147e-10,9111.037638487294,0.0,0.6537722229322473,0.49400645106885344,1.554714172408487,0.22558828404812856,-0.06051068528670526,0.5996775198149992,-0.058753278119062925,0.2730766039543685,0.4559108910319495,303.3716488808658,0.46086858725837676,30297.00714494006,229.01301575734075,0.08357922622328542,2.1666988013821267,0.565133330538545,25.355567783347276,148.14802992232447,9.752209125578453,-1.7520752264132966e-05,0.004815466586559403,25.35556762569473,0.0,0.0,0.0,3.657727710272693e-05,-0.0006799018496764391,-0.0002838603070748271,0.0,0.0,0.0,0.0,0.0,0.0,0.0,0.0,0.0,0.0,0.0,0.5,0.0,0.0,1.0,0.0,0.0,0.0
2.7,-12.318262644362854,14.553351694670784,18.159593184728312,-0.0635677237551643,0.2625709052133843,0.4539788882529566,0.7641448546129486,-0.3874060492431918,-0.21311014183852056,0.4696630297066593,6387245.453476727,0.004687846050770671,-4.769701609521285e-05,-7.517796026343464e-12,7.339386101435897e-10,9108.453476727009,0.0,0.6756114299088762,0.4870279910984172,1.6140432112853478,0.21099808083571736,-0.07894341879608446,0.5866712204908864,-0.06356493766037158,0.26262867753025704,0.4539344786822266,303.382744660059,0.46101185019901325,30308.63341722215,229.02976468881286,0.08679066214485043,2.1668326210536017,0.5856153736374904,26.330789292368607,159.8121700604683,9.752217070733876,-1.728311964299678e-05,0.005192469216217077,26.33079140949362,0.0,0.0,0.0,4.110971200497786e-05,-0.0006792464784726528,-0.0002935914682787879,0.0,0.0,-0.0,0.0,0.0,0.0,0.0,0.0,0.0,0.0,0.0,0.5,0.0,0.0,1.0,0.0,0.0,0.0
2.8000000000000003,-12.56208460380338,15.543255308645339,18.606949067966266,-0.06793100596896863,0.2519774268076456,0.4519350076495747,0.7547135384124719,-0.40065139811419237,-0.19597811033835322,0.48111977874554107,6387242.771480682,0.005226661735511955,-4.974764002740027e-05,-7.841009757930368e-12,8.182970216216683e-10,9105.771480681995,0.0,0.6959453925570087,0.47825424771485925,1.6720138533969402,0.19561964789184438,-0.09628793261014654,0.5726348876092712,-0.06792446429294384,0.25203527803687414,0.4518910984443886,303.3942605165236,0.4611605369592961,30320.699850817,229.0471477213524,0.09000173922983291,2.16463461807749,0.6055607182642235,27.306011239390134,171.9255708869795,9.752225316696721,-1.7281078492932995e-05,0.005583506637135176,27.306008123784867,0.0,0.0,0.0,4.5573597851774094e-05,-0.0006761993728857201,-0.00030319216719801653,0.0,0.0,0.0,0.0,0.0,0.0,0.0,0.0,0.0,0.0,0.0,0.5,0.0,0.0,1.0,0.0,0.0,0.0
2.9000000000000004,-12.747501247879448,16.54520989268421,19.06789111357976,-0.07184595605666973,0.2412864667173799,0.44981278541523173,0.7446326098514175,-0.4135042687308287,-0.179254825458174,0.4923436157478272,6387239.992118487,0.005805065120346729,-5.121240869517529e-05,-8.071883852263248e-12,9.088534528774328e-10,9102.992118486824,0.0,0.7147147929709811,0.4678055061322362,1.7285416883332365,0.1796973703461177,-0.11249674999587318,0.557810342367154,-0.07183573134840707,0.2413442447345597,0.4497694871107817,303.4061944402004,0.4613146215863862,30333.204339563887,229.0651618208018,0.093212448015218,2.160089793549741,0.6249083636670899,28.28123425142267,184.4869399958769,9.752233862028774,-1.7521717882829076e-05,0.005988955352245049,28.28123811316702,0.0,0.0,0.0,4.993812400246333e-05,-0.0006708589773910433,-0.0003126503832729864,0.0,0.0,0.0,0.0,0.0,0.0,0.0,0.0,0.0,0.0,0.0,0.5,0.0,0.0,1.0,0.0,0.0,0.0
3.0,-12.872402540979863,17.556021453553036,19.54552884722144,-0.07531654276671033,0.23054362465876224,0.4476018506692278,0.7339387515515564,-0.4259371700269309,-0.1629463024300058,0.5033485632268436,6387237.1153899385,0.006424960892820674,-5.3457387439964144e-05,-8.425731752936028e-12,1.0059061182087385e-09,9100.115389938466,0.0,0.7318770469805829,0.4557961123299728,1.7835598198448153,0.16346181252637337,-0.12754002842068926,0.5424280936936591,-0.0753027163971436,0.2306011792925351,0.44755926033823756,303.4185464319612,0.46147410409153905,30346.14688437625,229.08380698847697,0.0964227742118588,2.1531834139166817,0.6435928291757528,29.25645799429939,197.49714948011274,9.752242706731824,-1.7108334292359473e-05,0.00640840671278653,29.256452535856795,0.0,0.0,0.0,5.417404511876702e-05,-0.0006633260081399884,-0.00032195321190600483,0.0,0.0,-0.0,0.0,0.0,0.0,0.0,0.0,0.0,0.0,0.0,0.5,0.0,0.0,1.0,0.0,0.0,0.0
3.1,-12.934740641211716,18.572421258210728,20.04273414682927,-0.07834684297910668,0.2197930967676935,0.44529253238380895,0.7226679301015123,-0.43792306829696065,-0.1470578007815297,0.514146463107447,6387234.140826947,0.007087252082135282,-5.480326358642371e-05,-8.637867220780913e-12,1.1095964116724935e-09,9097.140826947056,0.0,0.7474039166158584,0.44233713205137215,1.8370159137476114,0.14712890653657176,-0.14140239312617048,0.526705636393983,-0.07832950463735006,0.2198502796288944,0.4452507339193587,303.4313100139803,0.46163974468643104,30359.607473489294,229.10308654935346,0.0996327063668996,2.1439020420249486,0.6615431671533657,30.23168274646729,210.95961210522245,9.752251852246319,-1.766989142086099e-05,0.006842319907079286,30.231686626902192,0.0,0.0,0.0,5.825329047188579e-05,-0.0006537055769722594,-0.00033108728961592123,0.0,0.0,0.0,0.0,0.0,0.0,0.0,0.0,0.0,0.0,0.0,0.5,0.0,0.0,1.0,0.0,0.0,0.0
3.2,-12.933426218214723,19.591021459104144,20.561816847673775,-0.08094724895444916,0.2090773313934221,0.44287737432214863,0.7108614191226958,-0.4494411970299913,-0.13158746493879253,0.5247487969603366,6387231.068897454,0.007794028859445439,-5.7004852332593764e-05,-8.984877023493109e-12,1.2202515889140982e-09,9094.068897454068,0.0,0.761303476528565,0.4275523400685067,1.888893836010394,0.1308932625078658,-0.15409730415828515,0.5108448705028626,-0.08092649482254505,0.2091339978295044,0.44283643776272225,303.44449103313536,0.46181083780537685,30373.511914701925,229.12299720107936,0.1028422301733871,2.132269115350623,0.6786944508344813,31.206908329105655,224.87284028943216,9.75226129713474,-1.7116916231074697e-05,0.007290298410540667,31.206903723879325,0.0,0.0,0.0,6.215128101966704e-05,-0.000642132145511062,-0.0003400399457567344,0.0,0.0,0.0,0.0,0.0,0.0,0.0,0.0,0.0,0.0,0.0,0.5,0.0,0.0,1.0,0.0,0.0,0.0
3.3000000000000003,-12.867421408644603,20.60843865248769,21.104775217871236,-0.08312797103967395,0.19843652084020907,0.44034977796019703,0.6985588537231646,-0.4604717794454849,-0.1165331286347727,0.5351648139409897,6387227.89960141,0.008545822974051542,-5.848598447075218e-05,-9.218331756516117e-12,1.337954916965596e-09,9090.899601410143,0.0,0.7735940283571071,0.411557636567294,1.9391887580729692,0.11492394046052057,-0.16564687005001436,0.4950233435630018,-0.0831039033023929,0.19849252974339884,0.44030976023742324,303.4580898321828,0.46198735381795314,30387.857065080145,229.14353893222622,0.10605133327326026,2.118312140191065,0.6949784759876731,32.18213501925977,239.23779836493853,9.75227104139853,-1.7602318241216608e-05,0.007752564564098563,32.182136657809934,0.0,0.0,0.0,6.584517070217678e-05,-0.0006287404065950757,-0.0003487984361439136,0.0,0.0,-0.0,0.0,0.0,0.0,0.0,0.0,0.0,0.0,0.0,0.5,0.0,0.0,1.0,0.0,0.0,0.0
3.4000000000000004,-12.73570247095005,21.621235915628123,21.673332394043154,-0.08489915780682737,0.18790935579816345,0.4377038480590062,0.6857973598195863,-0.4709947869570878,-0.10189210186821245,0.5454007703971385,6387224.632470588,0.009345029315235618,-6.044685465945401e-05,-9.527401340853588e-12,1.4630813623022895e-09,9087.6324705882,0.0,0.7843020807579943,0.39446050408317973,1.9879050338699753,0.0993656018978553,-0.17607940074455364,0.47939602214692245,-0.08487188433207854,0.18796456947935775,0.4376647935839973,303.47210842018893,0.46216931880237294,30402.64504395511,229.1647147775987,0.1092599991846103,2.1020647247287765,0.7103229613868278,33.157362464697755,254.05766624734767,9.75228108647871,-1.7225975601794136e-05,0.008229111928428052,33.157360797662825,0.0,0.0,0.0,6.931337680536585e-05,-0.0006136659553098319,-0.00035734936947175324,0.0,0.0,0.0,0.0,0.0,0.0,0.0,0.0,0.0,0.0,0.0,0.5,0.0,0.0,1.0,0.0,0.0,0.0
3.5,-12.538191816917806,22.62603527197989,22.268555140398337,-0.08627656192945046,0.17753101947994473,0.4349360992341799,0.6726187912505536,-0.48099801566076583,-0.08765579284930117,0.5554632960600897,6387221.267973012,0.010192388186699996,-6.22361511642271e-05,-9.80942859329281e-12,1.5957468452353268e-09,9084.26797301198,0.0,0.7934821823208329,0.37637566341928236,2.035076246683812,0.08433244701252321,-0.1854424393214815,0.46409157660227546,-0.08624619443950447,0.17758530548477383,0.43489804003380556,303.4865447889599,0.46235670669174833,30417.873732916025,229.18652170371007,0.11246821857962216,2.083600484083554,0.7246665183477194,34.13259120555896,269.33131521082373,9.752291430937602,-1.7362687448970366e-05,0.00871975302822392,34.13258895079821,0.0,0.0,0.0,7.253901128358518e-05,-0.0005970671477858589,-0.0003656818773517833,0.0,0.0,0.0,0.0,0.0,0.0,0.0,0.0,0.0,0.0,0.0,0.5,0.0,0.0,1.0,0.0,0.0,0.0
3.6,-12.274802162798066,23.61948942083913,22.89122158825305,-0.08727545044536755,0.16733453457374595,0.43204373685668485,0.6590622104044461,-0.4904695355697795,-0.07381579960509466,0.5653564658874224,6387217.806108559,0.011089380969598267,-6.388235310914652e-05,-1.0068902259894318e-11,1.7361833127081858e-09,9080.80610855855,0.0,0.8011913881555469,0.35740741298796447,2.0807400050225895,0.06991436485157236,-0.19378396056484498,0.44921529323610127,-0.08724210427125155,0.16738776546575226,0.4320066935067361,303.5013989390233,0.46254951749292617,30433.54313251934,229.208959711357,0.11567597653476418,2.063000783489757,0.7379464722257296,35.107820701938564,285.05980258175134,9.752302074777004,-1.7394444734364356e-05,0.009224796147217162,35.10782188776716,0.0,0.0,0.0,7.550679044507703e-05,-0.0005790985953208561,-0.0003737847898289162,0.0,0.0,-0.0,0.0,0.0,0.0,0.0,0.0,0.0,0.0,0.0,0.5,0.0,0.0,1.0,0.0,0.0,0.0
3.7,-11.945417544333106,24.598231436030254,23.54185229503284,-0.08791077577219325,0.15735140960827715,0.4290245293454859,0.6451645258176476,-0.49939739594046123,-0.06036398065276256,0.5750819958000419,6387214.246409049,0.012038043761477957,-6.598158168086277e-05,-1.0399780805472044e-11,1.8847095617638956e-09,9077.246409049258,0.0,0.8074880519277097,0.33765152700625495,2.1249365804343565,0.056180918928599395,-0.20115124673531343,0.4348531280602452,-0.08787456974467568,0.15740346283236872,0.42898851172593544,303.51667287923755,0.4627477772814223,30449.655361877005,229.23203183503057,0.11888325933503277,2.0403571414200665,0.7500986291353724,36.08305149338381,301.24643060256585,9.752313019437926,-1.7153141810055672e-05,0.00974381041885645,36.08304540931824,0.0,0.0,0.0,7.820269727841298e-05,-0.0005599131776464335,-0.0003816464896541963,0.0,0.0,0.0,0.0,0.0,0.0,0.0,0.0,0.0,0.0,0.0,0.5,0.0,0.0,1.0,0.0,0.0,0.0
3.8000000000000003,-11.550827676129627,25.559124496717736,24.22032068854044,-0.08820216534759658,0.1476083417339383,0.42587857941890617,0.6309656044801389,-0.5077778076341231,-0.04728726289624049,0.5846421420446423,6387210.589342429,0.013038772161864512,-6.738339295857824e-05,-1.0620735405155595e-11,2.0413875480364107e-09,9073.589342429614,0.0,0.8124495864070245,0.3172064931689001,2.167727501163915,0.043173774014399015,-0.20760279617375932,0.42106601350604195,-0.08816322003130576,0.147659101176419,0.4258435874457507,303.5323646017445,0.4629514599947059,30466.208302932326,229.25573504175077,0.12209005525621697,2.0158003603930434,0.7610749368547698,37.05828332935064,317.8901360454501,9.752324263483041,-1.747665543305743e-05,0.010277409480485389,37.05828574647509,0.0,0.0,0.0,8.061797435877243e-05,-0.0005396772075673138,-0.0003892584918495052,0.0,0.0,0.0,0.0,0.0,0.0,0.0,0.0,0.0,0.0,0.0,0.5,0.0,0.0,1.0,0.0,0.0,0.0
3.9000000000000004,-11.091761838407974,26.499088403225247,24.926281111247132,-0.08816842138882819,0.1381300905350768,0.42260641756336803,0.6165020190035484,-0.5156066479180325,-0.0345733574408132,0.5940366661478291,6387206.834908658,0.014094073717430202,-6.963564266629199e-05,-1.0975733644008655e-11,2.206609881552671e-09,9069.834908657707,0.0,0.8161498284211066,0.296160558296975,2.2091725644614386,0.03091855253093276,-0.21319260457967495,0.4078991929504669,-0.08812685905010077,0.13817944624039405,0.4225724421626524,303.54847410672403,0.46316056563511104,30483.201955874996,229.28006933178935,0.125296351244242,1.9894699696796914,0.7708286714810257,38.033516231329784,334.99207760453197,9.752335806914017,-1.709680837613803e-05,0.010824771863866546,38.033508323536076,0.0,0.0,0.0,8.274522211284084e-05,-0.0005185506436839216,-0.000396612090097189,0.0,0.0,0.0,0.0,0.0,0.0,0.0,0.0,0.0,0.0,0.0,0.5,0.0,0.0,1.0,0.0,0.0,0.0
4.0,-10.568890862532408,27.415048871018662,25.659187915747168,-0.08782778752799462,0.12894004051872746,0.41920892409289023,0.6018090208658533,-0.5228801490123753,-0.022210885858370503,0.6032639674131485,6387202.982639436,0.015204360434298216,-7.097463209103295e-05,-1.1186787405329246e-11,2.38044109101474e-09,9065.982639435679,0.0,0.818658997189691,0.2745952077182232,2.249329283345678,0.019428798398478785,-0.2179702644896984,0.3953859323602026,-0.08778373221228243,0.1289878885093374,0.4191759479876819,303.56500340354603,0.463375120284793,30500.638440356557,229.3050377404099,0.1285021326848872,1.9615163463220344,0.779314478944476,39.00875051762725,352.5556644391175,9.752347651172379,-1.7419504710384597e-05,0.011386887295502746,39.00875218047246,0.0,0.0,0.0,8.457817683463561e-05,-0.0004966894295321315,-0.0004036981898320421,0.0,0.0,0.0,0.0,0.0,0.0,0.0,0.0,0.0,0.0,0.0,0.5,0.0,0.0,1.0,0.0,0.0,0.0
4.1000000000000005,-9.983726557831131,28.30431359588954,26.417941320139818,-0.08720208335896831,0.12005592782293217,0.41568903681639296,0.5869221912014709,-0.529601835127949,-0.010184434934002676,0.612322500070185,6387199.033002818,0.016372057683282388,-7.313123811554038e-05,-1.1526711709442035e-11,2.563260922523535e-09,9062.033002818314,0.0,0.8200590028245871,0.2525909568962296,2.288269981658551,0.008696912473975986,-0.22199154667064536,0.3835400695133822,-0.08715565920703956,0.12010217131991176,0.4156570356308895,303.58195048388365,0.46359509787513487,30518.515637825694,229.33063723392425,0.13170738709621319,1.9321215515370687,0.7865077434670473,39.98398564367348,370.57990389360515,9.752359794820563,-1.719227999785744e-05,0.011962757474625128,39.983979385643984,0.0,0.0,0.0,8.611589160989671e-05,-0.00047425384017252286,-0.0004105112039415943,0.0,0.0,0.0,0.0,0.0,0.0,0.0,0.0,0.0,0.0,0.0,0.5,0.0,0.0,1.0,0.0,0.0,0.0
4.2,-9.337682590828091,29.16425847098741,27.2013163914657,-0.08631201530287819,0.11149393527174789,0.4120498302208289,0.5718751002213175,-0.5357753317049968,0.0015199837118793358,0.6212096086246965,6387194.9859986445,0.017597504198669244,-7.465605607557486e-05,-1.1767056141576051e-11,2.7551224343776406e-09,9057.985998644494,0.0,0.8204247422206444,0.2302209505350202,2.326061529864709,-0.0012917678676073185,-0.22530589617473504,0.3723677287969713,-0.08626334670587736,0.11153848434539633,0.41201877335890735,303.59931534842804,0.46382049841511014,30536.833549011684,229.35686781337674,0.1349121040644786,1.9014724943479853,0.7923873136352967,40.95922242619158,389.0660620817763,9.752372237860728,-1.728405188572424e-05,0.012553208459806342,40.95922150664048,0.0,0.0,0.0,8.735840698902806e-05,-0.0004513960075286838,-0.000417045258900249,0.0,0.0,-0.0,0.0,0.0,0.0,0.0,0.0,0.0,0.0,0.0,0.5,0.0,0.0,1.0,0.0,0.0,0.0
4.3,-8.632095677272007,29.992276899537934,28.007967645620692,-0.08517750057677433,0.10326910889333173,0.4082944993804807,0.5566990289723267,-0.5414035553362321,0.01291517662156086,0.6299206917219875,6387190.841158697,0.018883171101506148,-7.656146787160226e-05,-1.2067389126915486e-11,2.9564125409551503e-09,9053.84115869707,0.0,0.8198249164034396,0.20755204718766782,2.3627661408045,-0.010557402283056757,-0.22795725650658744,0.36186935863106656,-0.08512671236546293,0.10331188021500684,0.40826435075223694,303.61710000620303,0.4640513479823786,30555.59429320072,229.38373251350782,0.13811626487855685,1.869762269288839,0.7969355856056537,41.9344599906752,408.01763729959725,9.752384981734297,-1.7355373093626746e-05,0.013157645974869087,41.93445684503363,0.0,0.0,0.0,8.830663238604397e-05,-0.000428262249266898,-0.0004232940242370113,0.0,0.0,0.0,0.0,0.0,0.0,0.0,0.0,0.0,0.0,0.0,0.5,0.0,0.0,1.0,0.0,0.0,0.0
4.4,-7.869056829950941,30.786263372363944,28.836142101073186,-0.08382089374471208,0.09539052155329489,0.40442790139966506,0.5414252037790014,-0.5464968827261452,0.024016911625652393,0.6384525009522241,6387186.598950963,0.020229841417607475,-7.840582690104393e-05,-1.2358099732703172e-11,3.1672538616433775e-09,9049.598950962847,0.0,0.8183347441617322,0.18464955387701917,2.3984557420665165,-0.01913370654121486,-0.22999312466423427,0.35203183652913983,-0.08376810962768494,0.09543143926203569,0.40439862066714505,303.6353012611483,0.4642877238378154,30574.80672728283,229.4112283419039,0.14131986270238764,1.8372007188212678,0.8001580282208305,42.90969927433913,427.4338350015474,9.752398025004016,-1.7170816550541684e-05,0.013776405938061252,42.909694498401635,0.0,0.0,0.0,8.896644170495899e-05,-0.00040499543490301595,-0.0004292549302174987,0.0,0.0,0.0,0.0,0.0,0.0,0.0,0.0,0.0,0.0,0.0,0.5,0.0,0.0,1.0,0.0,0.0,0.0
4.5,-7.0505347832281196,31.544171557196304,29.684054967467127,-0.0822632325186921,0.0878661506376105,0.40045477736193286,0.5260825263182494,-0.5510649281277893,0.03483928175700415,0.6468005048406652,6387182.259375297,0.021638838988796413,-8.000846387322027e-05,-1.2610711363591192e-11,3.3878536904179112e-09,9045.259375297464,0.0,0.8160212390226071,0.1615727929953904,2.433195473433353,-0.027055707062082164,-0.2314548044410768,0.3428397079276849,-0.08220857534831941,0.0879051459280421,0.40042632065083833,303.6539086348369,0.4645305373801732,30594.567658749507,229.43935565967874,0.14452288708182562,1.8039943594175978,0.8020641086322166,43.88493954958753,447.3168750364594,9.752411367672117,-1.747296623655359e-05,0.01440942757821162,43.884939295926436,0.0,0.0,0.0,8.934440310047287e-05,-0.0003817299201927007,-0.00043492568863015416,0.0,0.0,-0.0,0.0,0.0,0.0,0.0,0.0,0.0,0.0,0.0,0.5,0.0,0.0,1.0,0.0,0.0,0.0
4.6000000000000005,-6.17840597613041,32.263971916538274,30.54988923758334,-0.0805245686249254,0.08070319623916594,0.3963797673168685,0.5106980556737492,-0.5551164650385464,0.04539489632466183,0.6549587895359561,6387177.821963476,0.0231124104553212,-8.216101809076492e-05,-1.2950000025365244e-11,3.618563801250809e-09,9040.821963476328,0.0,0.8129443612373025,0.1383766370274844,2.4670447788110397,-0.03435906460867155,-0.23237839667020302,0.3342761260313551,-0.08046816066941097,0.08074020706383943,0.39635208780041686,303.6729355135765,0.46477882517747676,30614.774102339463,229.46811711057052,0.1477253186620309,1.7703470457180552,0.8026672181237704,44.8601813649631,467.6695326410455,9.752425011180193,-1.7137899911645604e-05,0.015056432977400412,44.860172845176415,0.0,0.0,0.0,8.944722830948979e-05,-0.0003585917236492448,-0.00044030167595251253,0.0,0.0,0.0,0.0,0.0,0.0,0.0,0.0,0.0,0.0,0.0,0.5,0.0,0.0,1.0,0.0,0.0,0.0
4.7,-5.255200714904636,32.944211711137605,31.431579190733142,-0.0786263490247298,0.07390297661744442,0.3922087762624616,0.4952979481606985,-0.5586670812683018,0.05569852392595005,0.6629234235472536,6387173.287183455,0.024650791483885267,-8.354204407924166e-05,-1.316768306161185e-11,3.859421120913504e-09,9036.28718345488,0.0,0.8091674120380512,0.11511360280308161,2.5000693941781713,-0.041087384326945454,-0.23280245462540106,0.3263149974234116,-0.07856831052222439,0.07393794821110942,0.39218182538180113,303.69237989085224,0.46503256104607876,30635.423927144937,229.49750966148736,0.1509271465292461,1.736461400381854,0.8020028769628719,45.83542452086429,488.49097563151133,9.752438954091186,-1.7487804700640673e-05,0.015718150184085292,45.83542551576365,0.0,0.0,0.0,8.928608792149957e-05,-0.0003356979398175324,-0.00044538278412608245,0.0,0.0,0.0,0.0,0.0,0.0,0.0,0.0,0.0,0.0,0.0,0.5,0.0,0.0,1.0,0.0,0.0,0.0
4.800000000000001,-4.283307223449818,33.58347437766263,32.32711341335922,-0.07658857612362409,0.06746625287246413,0.38794739729410327,0.4799059800588925,-0.5617308109736489,0.06576309033939085,0.6706890596423313,6387168.655035116,0.026256504183902993,-8.581839735801254e-05,-1.3526485911442945e-11,4.110820553204672e-09,9031.655035115778,0.0,0.8047456436114319,0.0918316731368032,2.5323281816975203,-0.047282206549374955,-0.23276025094412495,0.31893098777778567,-0.07652902561501596,0.06749913730293715,0.3879211252592297,303.7122417671676,0.4652917449925452,30656.51713370029,229.52753331318985,0.15412835762959362,1.702527919347179,0.8001090364697205,46.810669015575606,509.78264704595347,9.752453196407364,-1.7191486383794086e-05,0.01639342300594749,46.81065923896882,0.0,0.0,0.0,8.887221376518276e-05,-0.0003131566314508512,-0.00045016823352762414,0.0,0.0,0.0,0.0,0.0,0.0,0.0,0.0,0.0,0.0,0.0,0.5,0.0,0.0,1.0,0.0,0.0,0.0
4.9,-3.265011649539533,34.1803453250779,33.23451852989804,-0.0744301798872082,0.06139340328346619,0.3836009704575919,0.4645450233197922,-0.5643211762010577,0.07559992789180314,0.6782499475784575,6387163.925050187,0.02793011447266378,-8.719893165999972e-05,-1.3744092599035812e-11,4.372850736962883e-09,9026.925050187236,0.0,0.799727548881463,0.06857621577123214,2.5638741376235754,-0.05298292377120503,-0.23228076298280023,0.31209966672960254,-0.0743692345401019,0.06142415914011381,0.3835753266523664,303.7325231503934,0.46555640321822384,30678.055854353774,229.55819110082027,0.15732893654158384,1.6687262736225201,0.7970260298301063,47.78591507026076,531.5483003833281,9.75246773957062,-1.743374658443505e-05,0.017083686287750293,47.785914876952376,0.0,0.0,0.0,8.821699009213302e-05,-0.0002910690093902116,-0.00045465649363603174,0.0,0.0,0.0,0.0,0.0,0.0,0.0,0.0,0.0,0.0,0.0,0.5,0.0,0.0,1.0,0.0,0.0,0.0
5.0,-2.2031390938821613,34.73402310675971,34.15172690878112,-0.07217054248996366,0.055679349730958054,0.379175715737306,0.44923559879658703,-0.5664568290749091,0.08522186513322212,0.6856019098247812,6387159.097696647,0.029673783234257334,-8.931073641862555e-05,-1.4076961059749096e-11,4.6458500226336485e-09,9022.097696647048,0.0,0.7941631521926544,0.045389142729389646,2.594764400493958,-0.05823308730035951,-0.23139499047494683,0.3057902613197582,-0.07210831676038772,0.05570794233277425,0.37915064979983704,303.75322203391914,0.46582650953821636,30700.03795809586,229.58947999114184,0.16052887235452207,1.6352200345193109,0.7928123444346272,48.761162421144576,553.787174320444,9.752482582143925,-1.7404248669213494e-05,0.017787445685411758,48.761155501410045,0.0,0.0,0.0,8.733516212455382e-05,-0.00026952211157169216,-0.00045884948897383836,0.0,0.0,0.0,0.0,0.0,0.0,0.0,0.0,0.0,0.0,0.0,0.5,0.0,0.0,1.0,0.0,0.0,0.0
5.1000000000000005,-1.100357113408665,35.243709574258965,35.0767839346998,-0.06982760312472691,0.05031898792588142,0.3746774228554406,0.433997039159007,-0.5681553130331735,0.09463991363662287,0.6927404881721437,6387154.172974347,0.03148816493202721,-9.098661886058448e-05,-1.4341121080546168e-11,4.929920913019689e-09,9017.172974347137,0.0,0.7880953853054616,0.02230964558159201,2.625049554937227,-0.06307244639825414,-0.23012976139269342,0.2999741905556576,-0.0697642091365967,0.05034538888726257,0.3746528849580956,303.77433841838,0.4661020639608085,30722.46344560084,229.6213999851144,0.16372815322362544,1.6021559971721486,0.7875260475692605,49.73641142596997,576.5008131692358,9.752497724129762,-1.7365101335542477e-05,0.018505958845103976,49.73640733319286,0.0,0.0,0.0,8.6241125375614e-05,-0.0002485948903616828,-0.00046274827079730686,0.0,0.0,-0.0,0.0,0.0,0.0,0.0,0.0,0.0,0.0,0.0,0.5,0.0,0.0,1.0,0.0,0.0,0.0
5.2,0.040774454473392445,35.70858473289344,36.007822577608685,-0.06741820642183925,0.04530722213487971,0.3701115447819799,0.4188474571260665,-0.5694327474993928,0.10386343509377648,0.6996602124386887,6387149.150415022,0.033375385127532346,-9.276309832492591e-05,-1.4621137643973475e-11,5.22539623648185e-09,9012.150415021926,0.0,0.781561221171073,-0.0006248597760111626,2.6547748893789684,-0.06753747899405449,-0.22850857959314105,0.29462474379694303,-0.06735375430508445,0.04533140905313741,0.3700874858634511,303.7958743116202,0.4663830926870004,30745.33444918871,229.65395411783993,0.16692676205999585,1.5696666220092041,0.7812249420383034,50.711661848650294,599.6930760237977,9.752513166970159,-1.761759381876023e-05,0.019238410762985346,50.71165921626495,0.0,0.0,0.0,8.494907646284085e-05,-0.00022835997040175328,-0.00046635297743194306,0.0,0.0,0.0,0.0,0.0,0.0,0.0,0.0,0.0,0.0,0.0,0.5,0.0,0.0,1.0,0.0,0.0,0.0
5.300000000000001,1.2172834356621463,36.128445208323726,36.9430089812357,-0.06495890754956521,0.04063418067761171,0.3654840933223911,0.4038026357129331,-0.5703098543282235,0.11290288547686822,0.7063581344664659,6387144.030486625,0.03533662623535153,-9.48506753366555e-05,-1.4950189502944673e-11,5.5324611550724685e-09,9007.030486624688,0.0,0.7745983715408146,-0.023380798794197504,2.6839881561182266,-0.07166620984036451,-0.22655678746512314,0.2897108006263773,-0.06489350422532598,0.040656137092955506,0.3654604659539914,303.8178277071344,0.46666956953326627,30768.648837961602,229.6871393562406,0.17012468969424827,1.5378605925728925,0.7739795878976017,51.68691388894457,623.3632833968259,9.752528909228255,-1.732712428115235e-05,0.019985039907844285,51.68690435524015,0.0,0.0,0.0,8.347560730046325e-05,-0.0002088735402063608,-0.0004696669965056447,0.0,0.0,0.0,0.0,0.0,0.0,0.0,0.0,0.0,0.0,0.0,0.5,0.0,0.0,1.0,0.0,0.0,0.0
5.4,2.4263624985326864,36.50305444975556,37.880650285765725,-0.062464910543851726,0.03629041617526762,0.3608006135561027,0.3888774207070325,-0.5708058413116937,0.12176698758384445,0.7128309236027921,6387138.813189023,0.03737274954007117,-9.629982161374444e-05,-1.5178613763045516e-11,5.851250557275958e-09,9001.813189023174,0.0,0.7672386656371868,-0.04592630877758415,2.7127313228507335,-0.0754924164206631,-0.22429655471159404,0.2852038565602005,-0.06239866012083402,0.03631013117451579,0.3607773720348224,303.84019860548995,0.46696149450700597,30792.406612521725,229.7209557011737,0.17332192295852383,1.5068308890127249,0.765857299816488,52.662167494403306,647.5130634795443,9.75254495090661,-1.7735402256136013e-05,0.020746268502467302,52.66216771150556,0.0,0.0,0.0,8.183662865918762e-05,-0.00019018513816369592,-0.0004726926777693765,0.0,0.0,-0.0,0.0,0.0,0.0,0.0,0.0,0.0,0.0,0.0,0.5,0.0,0.0,1.0,0.0,0.0,0.0
5.5,3.6653189704440403,36.832126539102326,38.81916933107962,-0.0599503766021401,0.03226687531225007,0.35606628167484006,0.3740857069705603,-0.5709381755245072,0.13046286109971086,0.7190742158569093,6387133.498053905,0.039486425889669045,-9.862050860458424e-05,-1.55444095148531e-11,6.182182650087105e-09,8996.498053904934,0.0,0.7595090229849315,-0.06823041266464536,2.7410416971445084,-0.07904624506650883,-0.22174754458653104,0.2810775179183204,-0.05988338071844301,0.03228434324294547,0.3560433820968471,303.86297866288913,0.46725979895885006,30816.706184753046,229.75540654461363,0.1765184515953442,1.4766576587602172,0.7569226266534733,53.63742272587101,672.147701635553,9.752561293447549,-1.7387440459870618e-05,0.02152110286688824,53.63741052337669,0.0,0.0,0.0,8.004771858642107e-05,-0.0001723395451213648,-0.00047543225539050174,0.0,0.0,0.0,0.0,0.0,0.0,0.0,0.0,0.0,0.0,0.0,0.5,0.0,0.0,1.0,0.0,0.0,0.0
5.6000000000000005,4.931173643599423,37.11597183578507,39.75710902018465,-0.057428640812853364,0.028550495088082987,0.35128658467783136,0.35943914722426235,-0.5707283915022245,0.13899853772784104,0.7250869269061346,6387128.085549263,0.04167767423124177,-0.00010002389005699453,-1.5765621742596183e-11,6.52526044242547e-09,8991.085549263595,0.0,0.7514369125521904,-0.09026650726930961,2.768957859952027,-0.08235785381491441,-0.21893112706535606,0.27730225770760863,-0.05736099754989581,0.028565715331834222,0.3512639855764353,303.8861705768364,0.46756404537752927,30841.501671398568,229.79048869118586,0.1797142634815969,1.4473965614698217,0.7472477718286952,54.61267956665857,697.2661127873703,9.752577935414182,-1.773730334756844e-05,0.02231093986796277,54.61267845286383,0.0,0.0,0.0,7.81256825995785e-05,-0.0001553638093406852,-0.0004778896556567338,0.0,0.0,0.0,0.0,0.0,0.0,0.0,0.0,0.0,0.0,0.0,0.5,0.0,0.0,1.0,0.0,0.0,0.0
5.7,6.221116237821972,37.354831776094336,40.69315820306789,-0.05491184021574415,0.025129038152417522,0.34646656832473455,0.3449483951496003,-0.5701957386755538,0.14738036649350222,0.7308668783440851,6387122.575674907,0.043948844606615876,-0.00010214473543533533,-1.6099920323363106e-11,6.88085191506943e-09,8985.575674907304,0.0,0.7430451449849617,-0.11200885155209635,2.7965134904025684,-0.08545329515753079,-0.21586625958623332,0.2738511174344279,-0.054843644496988975,0.025142014779185477,0.3464442306160094,303.9097797079871,0.46787376511937856,30866.743223151974,229.8262019575146,0.18290934307127207,1.4190922418256267,0.7368998000648266,55.58793815932294,722.8693812187917,9.75259487680937,-1.7666383842041e-05,0.023114217359562872,55.587930130074554,0.0,0.0,0.0,7.608640504634799e-05,-0.00013928038311058607,-0.0004800676056202484,0.0,0.0,-0.0,0.0,0.0,0.0,0.0,0.0,0.0,0.0,0.0,0.5,0.0,0.0,1.0,0.0,0.0,0.0
5.800000000000001,7.5324539286539975,37.54887329542245,41.626124590088864,-0.052411213416179894,0.02199095290908942,0.34161093797501474,0.33062403116952116,-0.5693583440479784,0.15561335942611357,0.7364117799387361,6387116.967962552,0.0463011617443551,-0.00010394625041552841,-1.638388725297026e-11,7.2491488700438034e-09,8979.967962552173,0.0,0.734352742957778,-0.13343198991485958,2.8237381228276957,-0.0883551631060743,-0.21257006765087344,0.27069909940241843,-0.05234255734703723,0.022001694449120757,0.34158882490849196,303.93380806287996,0.4681889845074602,30892.432985291227,229.86254937886827,0.1861036732403364,1.391780881680393,0.7259415340832133,56.56319835022372,748.9616121244172,9.752612119075517,-1.764617305492304e-05,0.023932247231863126,56.56319101699347,0.0,0.0,0.0,7.394520297823791e-05,-0.00012410824908001765,-0.0004819682015789254,0.0,0.0,0.0,0.0,0.0,0.0,0.0,0.0,0.0,0.0,0.0,0.5,0.0,0.0,1.0,0.0,0.0,0.0
5.9,8.86232835418911,37.698822050182585,42.554986694125915,-0.04993680581267867,0.019121500399413204,0.3367245397680983,0.31647383858780204,-0.5682369009008732,0.16370321455303077,0.7417219965873878,6387111.262880166,0.04873577312392371,-0.00010562569053712385,-1.6648613625586867e-11,7.630331009621312e-09,8974.262880166061,0.0,0.7253793691709151,-0.1545152639434797,2.8506618584200107,-0.09108522540178093,-0.20906116966648045,0.26781903251766653,-0.04986777772568513,0.0191300194680083,0.3367026173517606,303.95825363633037,0.4685096772364764,30918.568813986134,229.89952792202692,0.18929724547266252,1.3654773634106998,0.7144394815286244,57.53846040387892,775.5422743246272,9.752629660775892,-1.7948627662652445e-05,0.024764380902732107,57.53845847385878,0.0,0.0,0.0,7.171800144854275e-05,-0.00010985000848369191,-0.000483596375918919,0.0,0.0,0.0,0.0,0.0,0.0,0.0,0.0,0.0,0.0,0.0,0.5,0.0,0.0,1.0,0.0,0.0,0.0
6.0,10.208049126590616,37.805304092605866,43.47885265904805,-0.047497680215510825,0.01650704499720063,0.3318118265939637,0.30250527314816783,-0.5668501560062593,0.1716542194099336,0.7467972519941507,6387105.460427538,0.0512544869208403,-0.00010791765880729027,-1.7009886882771266e-11,8.024681483403822e-09,8968.46042753756,0.0,0.7161412220264535,-0.17523827148141025,2.877310580466164,-0.09366162713766496,-0.20535635415619713,0.2651860092817114,-0.04742836506663122,0.016513358023823803,0.33179006343791173,303.98311642924426,0.468835843318311,30945.150710205195,229.93713758836077,0.19249004625675742,1.340191029738809,0.7024543566575748,58.5137241427385,802.613187198177,9.752647501913545,-1.756564578769826e-05,0.025610348994479892,58.51370954307258,0.0,0.0,0.0,6.941970331131794e-05,-9.650564314546237e-05,-0.0004849558642196039,0.0,0.0,-0.0,0.0,0.0,0.0,0.0,0.0,0.0,0.0,0.0,0.5,0.0,0.0,1.0,0.0,0.0,0.0
6.1000000000000005,11.567039729793196,37.8688516385016,44.396936311763795,-0.045102163917566614,0.014134832014958324,0.32687696569989344,0.2887259837656855,-0.5652157201190136,0.17946949537250215,0.7516371558380673,6387099.560136418,0.05385832824966352,-0.00010930369753415224,-1.7228369116394588e-11,8.432360847121422e-09,8962.560136417858,0.0,0.7066516908389213,-0.1955804880513186,2.9037065687406125,-0.09609945267278025,-0.2014710753198354,0.2627767923134992,-0.04503264361596936,0.01413895907565935,0.3268553328875928,304.00839844801,0.4691675090740544,30972.18081906568,229.97538141291088,0.195682059058774,1.3159274753566477,0.6900422364432689,59.48898963988774,830.1785822138,9.752665643930925,-1.8065585473792112e-05,0.026471322050220184,59.48898908746509,0.0,0.0,0.0,6.706446656019333e-05,-8.407293884520994e-05,-0.0004860492789883242,0.0,0.0,0.0,0.0,0.0,0.0,0.0,0.0,0.0,0.0,0.0,0.5,0.0,0.0,1.0,0.0,0.0,0.0
6.2,12.936670704175013,37.89050622878106,45.30863978155318,-0.042757192046698575,0.011989725722873596,0.321924138295623,0.2751406397430388,-0.5633526500828359,0.18715276299268224,0.7562435625737169,6387093.5624747,0.056549242029184064,-0.00011156166832057652,-1.7584285449164447e-11,8.8536736599097e-09,8956.562474699691,0.0,0.6969250912755157,-0.21552641099947448,2.9298721824239333,-0.0984126214444303,-0.19742198742982908,0.26056673627542265,-0.04268754463700985,0.011991690060967822,0.32190260962625855,304.0340976877649,0.4695046482026317,30999.656997081554,230.01425636294422,0.1988732754283092,1.292675215594058,0.6772601998934188,60.464257113510456,858.2379949977221,9.752684085391632,-1.7813150035905778e-05,0.02734570067172489,60.46424535844351,0.0,0.0,0.0,6.466634983323072e-05,-7.253518514837708e-05,-0.0004868818912848671,0.0,0.0,0.0,0.0,0.0,0.0,0.0,0.0,0.0,0.0,0.0,0.5,0.0,0.0,1.0,0.0,0.0,0.0
6.300000000000001,14.314470567890513,37.87118776468817,46.213466122183256,-0.04046896519077998,0.010057832217332396,0.31695721214765105,0.2617542369832181,-0.5612786768067342,0.19470668684769912,0.7606183357424529,6387087.467442231,0.059327915882352804,-0.00011328342402260447,-1.7855684736871014e-11,9.288727637561415e-09,8950.467442231253,0.0,0.6869732992376886,-0.23506059158334813,2.9558261206176133,-0.10061211909607506,-0.19322437038689189,0.25853310317932804,-0.04039926523937432,0.010057660056233922,0.3169357639263336,304.0602141491595,0.46984726071257626,31027.57924494827,230.05376243944477,0.2020636813195092,1.2704217270348208,0.6641598454274948,61.439526213777484,886.7933333170074,9.752702826298647,-1.7944588396545676e-05,0.028234836122326364,61.43951850876953,0.0,0.0,0.0,6.223840636332959e-05,-6.187479472801049e-05,-0.0004874577760127147,0.0,0.0,0.0,0.0,0.0,0.0,0.0,0.0,0.0,0.0,0.0,0.5,0.0,0.0,1.0,0.0,0.0,0.0
6.4,15.698074887043225,37.81170841007437,47.111001013600806,-0.038243112187545614,0.008326282441007835,0.31197983033732535,0.24857187450378698,-0.5590098600723843,0.2021327723203457,0.7647624562375304,6387081.274570701,0.06219648719542443,-0.00011503200944333239,-1.8131313720844246e-11,9.737857486199886e-09,8944.274570701024,0.0,0.6768062019329254,-0.25416681014443626,2.9815839993193314,-0.10270626261762314,-0.188892500086211,0.2566545165551789,-0.038173431098847535,0.008324002869828803,0.31195844120204774,304.0867329500938,0.4701968575459285,31056.107847557454,230.09390326083775,0.20525327291769757,1.249154328099896,0.6507884843766089,62.41479746168461,915.8518554918661,9.752721868094776,-1.8193277144362696e-05,0.029138092179933277,62.414794578937475,0.0,0.0,0.0,5.9793095074502424e-05,-5.207374442100065e-05,-0.00048778143331785605,0.0,0.0,0.0,0.0,0.0,0.0,0.0,0.0,0.0,0.0,0.0,0.5,0.0,0.0,1.0,0.0,0.0,0.0
6.5,17.085162642846836,37.7133343930386,48.00101020190155,-0.03608382477010771,0.0067805161385389124,0.30699555791208955,0.23559600489038363,-0.5565634977584321,0.20943332158569172,0.7686796127581736,6387074.98432801,0.06515623144339514,-0.00011736305716379434,-1.8498751162594686e-11,1.020126295883571e-08,8937.98432801074,0.0,0.6664349716692066,-0.2728343932501091,3.0071611524547017,-0.10470236394632795,-0.18444154052283246,0.2549088557336156,-0.03601423010550846,0.006776160574365057,0.30697420893732835,304.11366730834834,0.47055207424113726,31085.098122349376,230.13467526886478,0.2084420300711334,1.228847061201057,0.6371927946229581,63.39007046297841,945.4107299591735,9.752741209343668,-1.7781529817166113e-05,0.030055182312370473,63.39005274844478,0.0,0.0,0.0,5.7341888679660505e-05,-4.310143115465523e-05,-0.0004878569285258014,0.0,0.0,0.0,0.0,0.0,0.0,0.0,0.0,0.0,0.0,0.0,0.5,0.0,0.0,1.0,0.0,0.0,0.0
6.6000000000000005,18.47355419835339,37.57719681080896,48.88332801183275,-0.03399479141587518,0.005407269051726464,0.30200774026058075,0.22282957790487254,-0.5539555786560486,0.2166097441486117,0.7723732973580971,6387068.596714029,0.06820780631274016,-0.00011876165192016021,-1.8719216348271428e-11,1.0679047090214625e-08,8931.59671403002,0.0,0.6558691296372512,-0.29105236269808415,3.0325697757497254,-0.10660543603702015,-0.17988560537335338,0.25327559766899493,-0.03392534726382922,0.005400871125951406,0.3019864147310709,304.14101860333324,0.4709127895966841,31114.537158914987,230.17607841677477,0.21162993945510958,1.2094758704092643,0.6234148038314591,64.36534535283877,975.4717523140041,9.752760850048379,-1.832914661115126e-05,0.030987205114858085,64.36534405004737,0.0,0.0,0.0,5.48955040974785e-05,-3.4928134954844664e-05,-0.00048768845027249644,0.0,0.0,-0.0,0.0,0.0,0.0,0.0,0.0,0.0,0.0,0.0,0.5,0.0,0.0,1.0,0.0,0.0,0.0
6.7,19.861166166013366,37.40431033746783,49.75784301436355,-0.031979314329261474,0.004194368474924282,0.29701957831859127,0.2102757743038749,-0.5512003106148395,0.2236623702594173,0.775845787383718,6387062.111260374,0.07135394850754201,-0.00012098005189068382,-1.9068900135044227e-11,1.1171638427033514e-08,8925.111260374697,0.0,0.6451169109349854,-0.30880846119168653,3.05781938568443,-0.10841828719816907,-0.17523805694220101,0.25173531647416947,-0.03191008160538595,0.004185963971418372,0.296998261542351,304.1687888406351,0.47127903006272076,31144.42711592865,230.21811574053368,0.21481698511293526,1.1910187430930457,0.6094929859865589,65.34062246958169,1006.039418041256,9.75278079165209,-1.810726035126701e-05,0.03193279891264093,65.34061066712539,0.0,0.0,0.0,5.24639523873003e-05,-2.752497304203422e-05,-0.0004872792493375533,0.0,0.0,0.0,0.0,0.0,0.0,0.0,0.0,0.0,0.0,0.0,0.5,0.0,0.0,1.0,0.0,0.0,0.0
6.800000000000001,21.24603565239074,37.19608670573913,50.6246011743087,-0.030039308246424933,0.0031285087962305805,0.2920341309482802,0.1979354161482452,-0.5483130575519511,0.2305925863633414,0.7791024671190422,6387055.528435002,0.07459508765172887,-0.00012289826896256766,-1.9371269994788293e-11,1.167910429626793e-08,8918.528435002392,0.0,0.6341881060901767,-0.32609659371722316,3.082919043004238,-0.11014318614782871,-0.1705128128106415,0.2502684841009324,-0.02997034414301683,0.0031181350847977736,0.292012810265091,304.19697601649386,0.4716507692131831,31174.76583668186,230.26078420694034,0.2180031565811617,1.173443342310357,0.5954642367365229,66.31590128343419,1037.1133799687404,9.75280103271837,-1.8079016045409926e-05,0.03289289201892132,66.31588802889686,0.0,0.0,0.0,5.005628441098982e-05,-2.08532413256786e-05,-0.00048663494381712103,0.0,0.0,0.0,0.0,0.0,0.0,0.0,0.0,0.0,0.0,0.0,0.5,0.0,0.0,1.0,0.0,0.0,0.0
6.9,22.626320838932457,36.953795718726745,51.48368489535149,-0.02817638239156701,0.0021976765959410517,0.2870543035334592,0.18580980944097528,-0.5453075923979811,0.2374008923988145,0.7821478593873153,6387048.848237734,0.07793261406511685,-0.00012448099700201673,-1.962076082454781e-11,1.2201662444873804e-08,8911.84823773522,0.0,0.6230914496250765,-0.34290969132198174,3.1078751435591254,-0.11178059449613983,-0.16572294827874912,0.24885688959675697,-0.02810774072749125,0.00218537257967778,0.28703296809751977,304.22558013167094,0.4720280070581161,31205.553321994426,230.30408381714773,0.22118844289435097,1.1567207808225157,0.5813618041112293,67.2911823579549,1068.6957700841065,9.752821573250536,-1.8511379343166823e-05,0.033867410070655524,67.2911814571696,0.0,0.0,0.0,4.7680737773457145e-05,-1.4876286626994447e-05,-0.0004857600519226929,0.0,0.0,-0.0,0.0,0.0,0.0,0.0,0.0,0.0,0.0,0.0,0.5,0.0,0.0,1.0,0.0,0.0,0.0
7.0,24.00025998949257,36.678587331846536,52.335203472167564,-0.026391939546767943,0.0013909183495471058,0.28208292764421145,0.173900802189663,-0.5421963461298175,0.24408693932455705,0.7849855970882449,6387042.070200178,0.08136899882075693,-0.00012691775577528723,-2.0004865409449304e-11,1.2739699838886319e-08,8905.070200178461,0.0,0.6118349595368328,-0.35923939873863503,3.132691692252731,-0.11332933843377965,-0.16088099806294753,0.2474832258042254,-0.02632367104660764,0.0013767244553270703,0.2820615682475346,304.2546031917984,0.4724107700482678,31236.791730589368,230.3480176071903,0.22437282604470604,1.1408253391863086,0.5672162226629694,68.26646545316207,1100.7911911710933,9.752842414691967,-1.803888877264607e-05,0.03485557650160468,68.26644494271964,0.0,0.0,0.0,4.5344952581324094e-05,-9.559219222973844e-06,-0.0004846580871829387,0.0,0.0,0.0,0.0,0.0,0.0,0.0,0.0,0.0,0.0,0.0,0.5,0.0,0.0,1.0,0.0,0.0,0.0
7.1000000000000005,25.36627078359034,36.371951898515825,53.17939400475782,-0.02468609614014616,0.0006966020481450794,0.2771226337729569,0.1622079674745439,-0.5389925378837241,0.2506515766634173,0.7876222559268066,6387035.194790319,0.08490436261848769,-0.0001284688274848999,-2.0249368360756605e-11,1.3293235443601374e-08,8898.194790319229,0.0,0.6004283218623829,-0.3750837802047591,-3.1258130304597813,-0.1147882497948349,-0.15599967975255066,0.24613069457216805,-0.024618248006101656,0.0006805596489759379,0.27710124279420634,304.28403787925356,0.4727995013569623,31268.528997316775,230.392582727491,0.22755630116202494,1.1257231092048023,0.5530559185610885,69.24175046415093,1133.4004987721905,9.752863555606227,-1.8409705836811934e-05,0.03585859666355044,69.24174333390577,0.0,0.0,0.0,4.3055425668291685e-05,-4.859767455027734e-06,-0.0004833352827738944,0.0,0.0,0.0,0.0,0.0,0.0,0.0,0.0,0.0,0.0,0.0,0.5,0.0,0.0,1.0,0.0,0.0,0.0
7.2,26.722868237078995,36.03523662578946,54.01650165552805,-0.023058844478754566,0.00010432330366043634,0.27217595904202246,0.15073141397705328,-0.5357076938616093,0.2570947694708515,0.790063070209345,6387028.222007919,0.08854069244935812,-0.0001303516669288434,-2.0546165732682054e-11,1.3862580432050006e-08,8891.222007920034,0.0,0.5888806060039743,-0.39043929188834,-3.1012670880587954,-0.11615479263532068,-0.15109102432045962,0.24478358727775087,-0.02299146071579741,8.647471882171694e-05,0.27215453025541525,304.3138742977486,0.47319507567119773,31300.85842349219,230.43777952196174,0.23073886492579382,1.1113842420921902,0.5389066433304218,70.21703793663322,1166.5281702311013,9.752884995996938,-1.8562307856129223e-05,0.03687556803810921,70.21703301585686,0.0,0.0,0.0,4.081803267237307e-05,-7.387013293959702e-07,-0.0004817972209773017,0.0,0.0,-0.0,0.0,0.0,0.0,0.0,0.0,0.0,0.0,0.0,0.5,0.0,0.0,1.0,0.0,0.0,0.0
7.300000000000001,28.068627611590014,35.66967022120561,54.84677647015427,-0.021510122362735935,-0.0003953589577189056,0.26724543047518545,0.13947204017559137,-0.5323525303075787,0.26341588394391446,0.7923128327229942,6387021.151384607,0.09227999691989508,-0.00013274643178365947,-2.0923654387424528e-11,1.444804937172031e-08,8884.151384607578,0.0,0.577200579438922,-0.4053013648215282,-3.0768566293623,-0.11742537706218445,-0.1461666931245121,0.24342699598334755,-0.02144324403250421,-0.00041497042602684853,0.26722395889854467,304.34412937586427,0.473596200617871,31333.64149075392,230.48361051027283,0.23392048714449407,1.0977824786313428,0.524792224212963,71.1923273133566,1200.175862752658,9.752906737307583,-1.8090087131383825e-05,0.03790645524454443,71.1923025452917,0.0,0.0,0.0,3.863800427875302e-05,2.8409337804296735e-06,-0.0004800463139071508,0.0,0.0,0.0,0.0,0.0,0.0,0.0,0.0,0.0,0.0,0.0,0.5,0.0,0.0,1.0,0.0,0.0,0.0
7.4,29.402345602274565,35.27676637317693,55.67056454934703,-0.02003872475142239,-0.0008122076740984492,0.26233333184306745,0.12842848366093973,-0.5289380677870448,0.26961552863201593,0.794378788629351,6387013.983388362,0.09612249650793983,-0.0001341598173513011,-2.1146457835184996e-11,1.5049676855571567e-08,8876.983388363384,0.0,0.5653986209384576,-0.41967171959077737,-3.0525826803206577,-0.11859696994720619,-0.14123814732847148,0.24204708287572524,-0.019972389656011422,-0.0008335383157314366,0.26231181365502304,304.3748011111155,0.4740028496478287,31366.876029297542,230.5300726590204,0.23710116033143494,1.0848848950240115,0.5107340873373163,72.16761883327032,1234.3433885840327,9.752928778101825,-1.8643681406397643e-05,0.03895224002310845,72.16761569380697,0.0,0.0,0.0,3.6519414121834596e-05,5.921130101128817e-06,-0.00047808845220731304,0.0,0.0,0.0,0.0,0.0,0.0,0.0,0.0,0.0,0.0,0.0,0.5,0.0,0.0,1.0,0.0,0.0,0.0
7.5,30.722890062891732,34.85789909053871,56.48819877394373,-0.018643478893851727,-0.0011548813776238488,0.25744192098786417,0.11760003130110777,-0.5254737862038062,0.27569347802616473,0.7962666960108716,6387006.718018916,0.10007039245341746,-0.00013626543451252375,-2.14783727493899e-11,1.5667807608703548e-08,8869.718018917367,0.0,0.5534847879179328,-0.4335500903383686,-3.028448201984199,-0.1196655966895793,-0.13631630034358846,0.24063094240778682,-0.01857772187148147,-0.0011778870285916974,0.2574203533723227,304.405889504658,0.474415022776393,31400.562040375302,230.57716596995513,0.24028087298843442,1.0726627022248003,0.49675182870058743,73.14291287300013,1269.0330739497429,9.752951118383505,-1.85889207493517e-05,0.04001175336950169,73.1429028325102,0.0,0.0,0.0,3.446588601625188e-05,8.540295358244033e-06,-0.0004759285514839609,0.0,0.0,-0.0,0.0,0.0,0.0,0.0,0.0,0.0,0.0,0.0,0.5,0.0,0.0,1.0,0.0,0.0,0.0
7.6000000000000005,32.029168165601114,34.41432882035754,57.30000114432619,-0.017323270215985936,-0.001431200507878294,0.2525734918384226,0.10698687948005205,-0.5219687435413252,0.28164908960516344,0.7979821525527944,6386999.3548079105,0.10412538288188573,-0.00013853987035445894,-2.1836898259574687e-11,1.630270759598122e-08,8862.35480791144,0.0,0.5414691049053582,-0.44693542924346774,-3.0044581114009463,-0.12062672553267581,-0.13141181648752207,0.2391664223231114,-0.017258123367058564,-0.001455836476980067,0.2525518728629375,304.4373965605881,0.4748327465740804,31434.70169553758,230.62489347892168,0.2434596057167118,1.061090708119558,0.482863792803641,74.11820885469984,1304.2497757962578,9.752973759596227,-1.8206255493424806e-05,0.04108539928074843,74.11818259585314,0.0,0.0,0.0,3.24807341176927e-05,1.0734312662876806e-05,-0.00047357066705329637,0.0,0.0,0.0,0.0,0.0,0.0,0.0,0.0,0.0,0.0,0.0,0.5,0.0,0.0,1.0,0.0,0.0,0.0
7.7,33.32033484153205,33.94754779712182,58.106360020898485,-0.016076000004488767,-0.0016490505452615948,0.247730037044075,0.09658699593625479,-0.5184318960643276,0.2874829692375303,0.799532683576342,6386991.894223305,0.10828787979563875,-0.00013994638488823647,-2.2058621496447293e-11,1.6954441402913584e-08,8854.89422330664,0.0,0.5293629820534553,-0.45983264437978905,-2.9806171165366853,-0.12147688236167523,-0.1265347777731962,0.23764289120005372,-0.016011492474669098,-0.001675272174293711,0.24770836556625142,304.4693202765085,0.47525599449289985,31469.29282507494,230.67325215264907,0.2466373516997536,1.0501381817935656,0.4690857627217529,75.09350715343551,1339.9933729716065,9.752996700303797,-1.8788300945260517e-05,0.04217385691635893,75.09350595099282,0.0,0.0,0.0,3.056598226979874e-05,1.2542122794308197e-05,-0.0004710208221578371,0.0,0.0,0.0,0.0,0.0,0.0,0.0,0.0,0.0,0.0,0.0,0.5,0.0,0.0,1.0,0.0,0.0,0.0
7.800000000000001,34.59558945046086,33.458915783343016,58.9076369886151,-0.014899718216451602,-0.0018153689453226608,0.24291357019871104,0.08639910544639792,-0.5148709203353433,0.29319495593050726,0.8009243601303188,6386984.336264818,0.11256008960197555,-0.00014215923645457084,-2.240744215912546e-11,1.7623354571713572e-08,8847.336264819838,0.0,0.5171776799768254,-0.4722444749761764,-2.9569315805634244,-0.1222120116575931,-0.1216948310358595,0.23605052080885558,-0.014835876459242428,-0.0018431315252785277,0.24289184574831735,304.50165282929703,0.4756854617099946,31504.409686402356,230.7222422642136,0.24981410541553045,1.039778329857131,0.45543238241784784,76.06880799910127,1376.268292821022,9.753019940510223,-1.865150072433152e-05,0.04327599974947561,76.06879438545472,0.0,0.0,0.0,2.8723433424580032e-05,1.3998974375420384e-05,-0.000468284813186983,0.0,0.0,0.0,0.0,0.0,0.0,0.0,0.0,0.0,0.0,0.0,0.5,0.0,0.0,1.0,0.0,0.0,0.0
7.9,35.854150197053244,32.94968670896267,59.704172769446885,-0.013792613196935817,-0.0019363876640737453,0.23812617366348274,0.07642287630690892,-0.5112933118099473,0.2987845755818571,0.8021632037608518,6386976.680464093,0.11694360514661382,-0.000144392014664256,-2.2759404889570842e-11,1.8309696592670894e-08,8839.680464093573,0.0,0.504924578247902,-0.48417300203281083,-2.933409622716031,-0.1228278760035583,-0.11690145471117877,0.23438020519550454,-0.013729461170585459,-0.001965646334045929,0.2381043963513573,304.53438938391656,0.47612178242556386,31540.11935719576,230.77186708654358,0.2529898534846837,1.0299877492715137,0.44191759090546295,77.04411088610762,1413.0814833156903,9.753043481659272,-1.8288977328732397e-05,0.04439235047222212,77.0440818813708,0.0,0.0,0.0,2.695469434760933e-05,1.5137551079522336e-05,-0.0004653675290457308,0.0,0.0,0.0,0.0,0.0,0.0,0.0,0.0,0.0,0.0,0.0,0.5,0.0,0.0,1.0,0.0,0.0,0.0
8.0,37.09549548620004,32.42129626828897,60.49634969622688,-0.012752056038380559,-0.0020182398620430756,0.2333695844584468,0.06665581758539146,-0.5077062292977705,0.30425261915950447,0.8032567806478652,6386968.927289073,0.1214389013442593,-0.00014579550949835553,-2.298065509093859e-11,1.9013541907676784e-08,8831.927289074287,0.0,0.4926160659042836,-0.49562592779205783,-2.910058643514522,-0.12332173985264192,-0.11216320679700204,0.23262470263476798,-0.01268961507433313,-0.0020489501443661804,0.23334775488600742,304.56754231547376,0.47656365271363743,31576.283220055007,230.82212308804918,0.256164577735298,1.0207383786465711,0.42855268144234515,78.01941620790615,1450.4292935096994,9.753067322314878,-1.8859154698939545e-05,0.045523472826045484,78.01941560523422,0.0,0.0,0.0,2.5260047944856766e-05,1.599196513251372e-05,-0.0004622738311906444,0.0,0.0,0.0,0.0,0.0,0.0,0.0,0.0,0.0,0.0,0.0,0.5,0.0,0.0,1.0,0.0,0.0,0.0
8.1,38.319122941763304,31.875057757587218,61.2845164148285,-0.01177564904166647,-0.002066274194690667,0.22864561037481054,0.0570962603419685,-0.5041157680300878,0.30959914036119196,0.8042112179326876,6386961.076739471,0.12604817500634571,-0.0001480034111856863,-2.3328698977351178e-11,1.9735234564900933e-08,8824.076739473268,0.0,0.48026445866477957,-0.5066086058781568,-2.886887452983863,-0.12369053518743126,-0.10748830933693332,0.23077745691375207,-0.011713938072326041,-0.0020983918818907187,0.22862372955081103,304.6011116252032,0.4770110725906696,31612.901276326756,230.87301027060172,0.25933826610332833,1.0120057710030623,0.4153483550345542,78.99472414202657,1488.3142438869206,9.753091462481185,-1.87742088328946e-05,0.046668322210408064,78.99471045805288,0.0,0.0,0.0,2.363976787803657e-05,1.659278654618129e-05,-0.0004590090224723262,0.0,0.0,-0.0,0.0,0.0,0.0,0.0,0.0,0.0,0.0,0.0,0.5,0.0,0.0,1.0,0.0,0.0,0.0
8.200000000000001,39.52453008701104,31.312188216632634,62.06899570819877,-0.010861188119904419,-0.002085266030527426,0.22395616726388506,0.047743471158083965,-0.5005279967733942,0.3148239307168577,0.8050326185895582,6386953.128346919,0.13077308037940413,-0.0001503247777503547,-2.369462875632354e-11,2.0475033677353332e-08,8816.128346920945,0.0,0.467882253541798,-0.5171257627072108,-2.8639064217376866,-0.12393127411122705,-0.10288487948188743,0.22883260578719827,-0.010800223846080679,-0.002118747064309083,0.22393423654095704,304.63509931587464,0.4774640687500598,31649.97571067122,230.92453167016808,0.26251089929131244,1.0037685709859188,0.4023150354953477,79.97003422430086,1526.741468369236,9.753115903602176,-1.8318063712996494e-05,0.047827301272846526,79.96999919020779,0.0,0.0,0.0,2.2094066117381063e-05,1.696814386361259e-05,-0.0004555776868304245,0.0,0.0,0.0,0.0,0.0,0.0,0.0,0.0,0.0,0.0,0.0,0.5,0.0,0.0,1.0,0.0,0.0,0.0
8.3,40.71147578940999,30.734039978493627,62.85013331602238,-0.010005805795497973,-0.0020798053009431464,0.2193027761829365,0.038594646220114534,-0.4969485900067066,0.31992809938746736,0.8057284489880833,6386945.082579354,0.1356139681994791,-0.00015170862753293777,-2.391278551072359e-11,2.1232994250918016e-08,8808.082579355376,0.0,0.4554824624159631,-0.5271875434235553,-2.841124617269741,-0.12404281805356815,-0.09835982715974147,0.22678635612512618,-0.009945602626375413,-0.002114606274768746,0.21928079717801136,304.6695033865635,0.4779226145230015,31687.504340440933,230.97668425357847,0.26568247085237007,0.9960014885710308,0.38946046003863516,80.94534680424941,1565.7109747360341,9.753140644241874,-1.883377659576506e-05,0.049001085168995935,80.94534459619373,0.0,0.0,0.0,2.0622051433853152e-05,1.714655413466411e-05,-0.0004519860591400141,0.0,0.0,0.0,0.0,0.0,0.0,0.0,0.0,0.0,0.0,0.0,0.5,0.0,0.0,1.0,0.0,0.0,0.0
8.4,41.879715841799964,30.141855177845606,63.628239385553066,-0.009206913087127115,-0.0020538503247470303,0.21468705348888673,0.029647834390074176,-0.4933822814982401,0.32491199020775957,0.806304664911509,6386936.939436484,0.14057304612260038,-0.00015378383531433162,-2.4239917324811375e-11,2.2009462040344342e-08,8799.93943648599,0.0,0.4430780401076838,-0.5368014593136059,-2.8185523054473918,-0.12402378611186607,-0.09391980276167437,0.22463543275393066,-0.009147483333051475,-0.0020899283495542835,0.21466502802902332,304.7043236609901,0.4783867257821614,31725.488863095095,231.02946802888357,0.26885296907362766,0.9886824798497431,0.37679219844098527,81.9206621058288,1605.2254336579094,9.753165684404564,-1.894887172682047e-05,0.050188722837127386,81.9206535982861,0.0,0.0,0.0,1.922287867069386e-05,1.7153241124335606e-05,-0.00044823961542069614,0.0,0.0,-0.0,0.0,0.0,0.0,0.0,0.0,0.0,0.0,0.0,0.5,0.0,0.0,1.0,0.0,0.0,0.0
8.5,43.02898912415793,29.536790702920552,64.40359702821095,-0.00846214514455442,-0.0020109083539958583,0.2101107421765906,0.020901991373381525,-0.48983385504485777,0.32977568508356386,0.8067671439353029,6386928.698449916,0.1456521922944466,-0.00015628924979851723,-2.4634861052900602e-11,2.2804731224125757e-08,8791.69844991838,0.0,0.4306821268851703,-0.5459743020357891,-2.7962011284172257,-0.12387299516241698,-0.08957139538047691,0.22237717056389492,-0.008403499155649013,-0.0020482209238780417,0.2100886722586068,304.7395383413115,0.47885855507913844,31764.15886311275,231.08288685905453,0.2720223957558058,0.9817922690246587,0.36431787321124487,82.8959796604017,1645.2974198700863,9.75319102553447,-1.834414191156005e-05,0.051390289030896,82.89593713672646,0.0,0.0,0.0,1.7895816130451774e-05,1.7011295761285123e-05,-0.00044434512008648775,0.0,0.0,0.0,0.0,0.0,0.0,0.0,0.0,0.0,0.0,0.0,0.5,0.0,0.0,1.0,0.0,0.0,0.0
8.6,44.159288263465214,28.920096383393435,65.17649950551845,-0.007768608905791096,-0.001954271336186933,0.20557514462876403,0.012354091940170774,-0.48630778695926224,0.33452067781639355,0.8071231404767708,6386920.360087591,0.15085151334994687,-0.00015773435067403802,-2.4862675610914382e-11,2.3618818596004466e-08,8783.360087593397,0.0,0.4183078149847673,-0.5547182638687822,-2.774080817315406,-0.1235913436219217,-0.0853197707979542,0.22001104092617327,-0.007710755070355149,-0.0019927767933709,0.20555303235377323,304.77516911940694,0.4793359595259796,31803.28578907105,231.13693688780867,0.27519072386267324,0.9753082611324012,0.3520424108560528,83.87129976855347,1685.9200756886232,9.753216666195689,-1.8669011147665053e-05,0.05260667129391548,83.87128946543427,0.0,0.0,0.0,1.6638989695283496e-05,1.674335672763728e-05,-0.0004403068343118781,0.0,0.0,0.0,0.0,0.0,0.0,0.0,0.0,0.0,0.0,0.0,0.5,0.0,0.0,1.0,0.0,0.0,0.0
8.700000000000001,45.27058378310328,28.292925327091954,65.94720615815794,-0.00712371606950543,-0.0018867403951575755,0.20108169762144754,0.0040019816937175295,-0.4828077120474046,0.3391476538635576,0.8073783408941372,6386911.924349218,0.1561731197270472,-0.0001595278014270758,-2.514539943000744e-11,2.4452054698242945e-08,8774.924349219538,0.0,0.4059681309974049,-0.5630426330941003,-2.752202136626487,-0.123179485849668,-0.08116992183329048,0.21753685572877504,-0.007066660972407454,-0.0019263977810598533,0.20105954516360605,304.81121599652204,0.47981893913937484,31842.869642337857,231.19161811703566,0.2783579416512434,0.9692107415067621,0.33997089450478796,84.84662267700442,1727.0961271414083,9.75324260639263,-1.9080898862711138e-05,0.05383716599784805,84.84662418948784,0.0,0.0,0.0,1.5450778078342156e-05,1.63692552685167e-05,-0.0004361303363654391,0.0,0.0,-0.0,0.0,0.0,0.0,0.0,0.0,0.0,0.0,0.0,0.5,0.0,0.0,1.0,0.0,0.0,0.0
8.8,46.36281566108584,27.6563575848547,66.71595062586019,-0.006525118567580562,-0.0018107689791491126,0.19663199435111037,-0.0041556235015255735,-0.47933726444705044,0.34365695425520826,0.8075381368567013,6386903.390766373,0.1616192589138186,-0.00016210623113259667,-2.5551856031734994e-11,2.5304791547524513e-08,8766.390766375078,0.0,0.3936762649667713,-0.5709556200241546,-2.730577065526887,-0.12263824118127087,-0.07712682337581239,0.21495490086424152,-0.006468867101647478,-0.0018515378924431206,0.19660980393499541,304.8476809742766,0.48030752073833305,31882.91262093497,231.2469335830879,0.2815240299487505,0.963482440279638,0.3281087127081813,85.82194803997353,1768.83099406465,9.753268847569768,-1.8550236069595855e-05,0.055081422517230784,85.82190773189512,0.0,0.0,0.0,1.4329679186771121e-05,1.5906875736610673e-05,-0.00043182061843258945,0.0,0.0,0.0,0.0,0.0,0.0,0.0,0.0,0.0,0.0,0.0,0.5,0.0,0.0,1.0,0.0,0.0,0.0
8.9,47.43616359689924,27.011528092357235,67.48296851098166,-0.005970055456702792,-0.0017286004388998976,0.19222715132290896,-0.01212191836492707,-0.4758998735458862,0.34805040991559344,0.8076093299040175,6386894.759806992,0.16718998035399585,-0.00016393131153994721,-2.5839567922456746e-11,2.617703698996465e-08,8757.759806994349,0.0,0.38144477235256113,-0.5784707876549237,-2.709215068479549,-0.12197057425436562,-0.07319388566385507,0.21226751742186276,-0.005914610868567974,-0.0017704414613370215,0.1922049251725183,304.88456205313355,0.4808016775317505,31923.41252912762,231.3028802527723,0.28468898189614933,0.958103299980839,0.3164585733750583,86.79727594224664,1811.124798905498,9.7532953882913,-1.8414348112116844e-05,0.05634023148778767,86.79724414038674,0.0,0.0,0.0,1.3273355633096863e-05,1.5373427296189202e-05,-0.00042738397528576457,0.0,0.0,0.0,0.0,0.0,0.0,0.0,0.0,0.0,0.0,0.0,0.5,0.0,0.0,1.0,0.0,0.0,0.0
9.0,48.490769487012,26.359488387301568,68.24846610352398,-0.005456064062774701,-0.0016421211427401399,0.18786842661943512,-0.019899215122779458,-0.47249844018246073,0.35232914942635624,0.8075974972021697,6386886.031470794,0.17288686965668268,-0.00016536950636080998,-2.606629832047535e-11,2.7069039404304143e-08,8749.031470797025,0.0,0.3692861364720183,-0.5855991504395905,-2.688126547892617,-0.12117924532309544,-0.06937443576626161,0.2094772356944016,-0.005401428077424147,-0.0016849956799224776,0.1878461669437032,304.92185640132845,0.4813016639182658,31964.396617297087,231.3594582265333,0.28785278854924273,0.9530558072150102,0.3050235739055999,87.77260665473416,1853.9813442018494,9.753322228561721,-1.8950113673810165e-05,0.05761355247868494,87.77261423236257,0.0,0.0,0.0,1.227969634023941e-05,1.4783810239601134e-05,-0.0004228262726138148,0.0,0.0,-0.0,0.0,0.0,0.0,0.0,0.0,0.0,0.0,0.0,0.5,0.0,0.0,1.0,0.0,0.0,0.0
9.1,49.52673484483334,25.701230400142933,69.01262622905293,-0.004980930508933816,-0.001552944348772668,0.18355724387352146,-0.02748897883662976,-0.46913558694769425,0.3564937159819384,0.8075073607471691,6386877.205289334,0.1787126268825343,-0.00016767299933599083,-2.642942219508039e-11,2.7981221677589418e-08,8740.205289336232,0.0,0.35721299173494986,-0.5923497064052978,-2.667322996304797,-0.12026692254742968,-0.06567181420825739,0.20658679774121524,-0.004927103416032803,-0.0015968144853368844,0.1835349528565375,304.9595458698014,0.48180931613507394,32006.06090548061,231.4166712424208,0.2910154509251589,0.9483245777319568,0.2938073157580423,88.74794013878035,1897.413390764117,9.753349369825763,-1.8962193960211003e-05,0.05890073227796932,88.74792232490242,0.0,0.0,0.0,1.1346822164102865e-05,1.4151199058885119e-05,-0.0004181541731602206,0.0,0.0,0.0,0.0,0.0,0.0,0.0,0.0,0.0,0.0,0.0,0.5,0.0,0.0,1.0,0.0,0.0,0.0
9.200000000000001,50.54438216011797,25.037768045424887,69.7756289042383,-0.00454212763539405,-0.0014624951547510178,0.17929451944525168,-0.03489452477533764,-0.465813711264041,0.36054611369026723,0.8073448837920351,6386868.281730519,0.1846677093029798,-0.00017015817640335707,-2.6821185446994777e-11,2.8913655516939787e-08,8731.281730521781,0.0,0.34523677474056247,-0.5987363787308213,-2.6468128264781114,-0.119238249243848,-0.062087728184454676,0.20360074292619496,-0.0044891083736010836,-0.001507324041684508,0.17927219920853574,304.99765115803933,0.4823225691691405,32048.18486675644,231.4745154771549,0.29417694001822725,0.9438919044415767,0.282810764600294,89.72327611787392,1941.4134352584497,9.753376810647772,-1.829717610727736e-05,0.060201880898998666,89.72321648534098,0.0,0.0,0.0,1.0472064837816494e-05,1.3487795041433655e-05,-0.0004133720919220244,0.0,0.0,0.0,0.0,0.0,0.0,0.0,0.0,0.0,0.0,0.0,0.5,0.0,0.0,1.0,0.0,0.0,0.0
9.3,51.54398401464339,24.37004420006379,70.53763111439122,-0.004137394638720597,-0.0013719662472019246,0.1750813399097278,-0.04211831216218134,-0.46253528531787436,0.36448798685666534,0.807115702327303,6386859.260794095,0.19075283819728847,-0.00017154522618976418,-2.7039857640433047e-11,2.986645398125958e-08,8722.260794097558,0.0,0.3333688650499441,-0.604771864100983,-2.6266053707447807,-0.11809788226965008,-0.05862391763832919,0.20052379694059191,-0.004085180887542342,-0.0014177179359169784,0.1750589925086565,305.03617226713584,0.4828414230351963,32090.768502333573,231.53299093239588,0.2973372444017764,0.9397423210584246,0.27203543200580044,90.69861490477574,1985.9844110872034,9.753404551032283,-1.8470795868807954e-05,0.06151779243034383,90.69860237631727,0.0,0.0,0.0,9.653036105864567e-06,1.280422893428194e-05,-0.000408485688020896,0.0,0.0,-0.0,0.0,0.0,0.0,0.0,0.0,0.0,0.0,0.0,0.5,0.0,0.0,1.0,0.0,0.0,0.0
9.4,52.52576548869341,23.698955376484996,71.29876941795293,-0.0037647232303167797,-0.0012823409877206252,0.17091898318250273,-0.04916195053019161,-0.45930221146567257,0.3683201272736321,0.80682402082204,6386850.142011594,0.19697081461226892,-0.00017322474159536686,-2.7304630909105026e-11,3.0840055780472276e-08,8713.142011596821,0.0,0.3216208022935399,-0.6104658086727304,-2.6067109749001114,-0.1168500791219499,-0.055282186156818076,0.19736062457757833,-0.0037133114730770974,-0.001328980285501614,0.1708966106055818,305.07511119753286,0.4833659046778697,32133.814023625117,231.5921006448357,0.3004963463002623,0.93586220413222,0.26148347936824495,91.67395665774764,2031.1320495438765,9.753432592424277,-1.9030534159488372e-05,0.06284799309545737,91.67396895191608,0.0,0.0,0.0,8.887616797103131e-06,1.2109584079538918e-05,-0.00040350016672638893,0.0,0.0,0.0,0.0,0.0,0.0,0.0,0.0,0.0,0.0,0.0,0.5,0.0,0.0,1.0,0.0,0.0,0.0
9.5,53.49015259255127,23.025392904105942,72.05917479286911,-0.0034218798368663857,-0.0011944328476767912,0.16680818163632005,-0.056028815934018664,-0.45611591501883675,0.37204456598482805,0.806474730076446,6386840.925850904,0.20332274878590254,-0.00017576195441566355,-2.7704600513448637e-11,3.183463486505977e-08,8703.92585090672,0.0,0.3100024471632895,-0.6158316549261147,-2.5871364340121645,-0.11550063079513938,-0.052062691403871826,0.1941172381499909,-0.0033712654753500406,-0.0012419256674922408,0.16678578577844785,305.11446595126347,0.48389598718586857,32177.319221953945,231.65184158153937,0.30365423823611376,0.9322359954900822,0.2511545072858732,92.6493011328854,2076.8565792232225,9.753460933388233,-1.8768989557808407e-05,0.06419192771032556,92.6492629888544,0.0,0.0,0.0,8.173144779523266e-06,1.1411942506338532e-05,-0.0003984216631759079,0.0,0.0,0.0,0.0,0.0,0.0,0.0,0.0,0.0,0.0,0.0,0.5,0.0,0.0,1.0,0.0,0.0,0.0
9.600000000000001,54.437512197380904,22.350189818193943,72.8189608013776,-0.0031068640049821427,-0.0011089146049256858,0.16274984671963996,-0.06272148037386875,-0.45297821287597945,0.3756631550767482,0.8060728680864842,6386831.612311763,0.20980944450786745,-0.00017803471196744828,-2.8062886701688205e-11,3.285031722198877e-08,8694.612311766483,0.0,0.2985236330581563,-0.6208823301676216,-2.567889449038509,-0.11405537534544972,-0.048965721673947464,0.1907997476019236,-0.003057041423780803,-0.001157227799800894,0.16272742938558724,305.1542208034399,0.48443309016897607,32221.43637618966,231.71221429285018,0.30681092355336703,0.9288501038640566,0.24104877985120332,93.62464831091148,2123.1672367941765,9.753489573928826,-1.818682329712828e-05,0.06555005693677887,93.62458044166361,0.0,0.0,0.0,7.507201120902089e-06,1.071832523271351e-05,-0.00039325694004020196,0.0,0.0,0.0,0.0,0.0,0.0,0.0,0.0,0.0,0.0,0.0,0.5,0.0,0.0,1.0,0.0,0.0,0.0
9.700000000000001,55.368158104205136,21.67414245093888,73.57822599586133,-0.0028178820223819447,-0.0010263319281926635,0.15874508616525462,-0.06924173234272366,-0.4498909202897938,0.3791772716544443,0.8056229685067394,6386822.200925712,0.2164325443737047,-0.0001793131562261683,-2.8264444595154238e-11,3.3887360192064324e-08,8685.200925715579,0.0,0.28719437821824095,-0.6256292120315262,-2.548978756065162,-0.11251997659738441,-0.04599170867512405,0.18741425014690027,-0.0027688446276544236,-0.0010754331459331364,0.1587226490733797,305.1943817357981,0.4849768811754485,32266.129145886283,231.77322167651846,0.3099663811225586,0.9256925477127126,0.23116727961284853,94.599998453201,2170.068681641677,9.753518515491194,-1.8345893072554045e-05,0.06692293682620233,94.59999652198363,0.0,0.0,0.0,6.8875574981855e-06,1.003468156789888e-05,-0.0003880108604335119,0.0,0.0,0.0,0.0,0.0,0.0,0.0,0.0,0.0,0.0,0.0,0.5,0.0,0.0,1.0,0.0,0.0,0.0
9.8,56.28258552264872,20.998020934792816,74.33706097912685,-0.002553013500886445,-0.0009470665734919963,0.154794446038109,-0.07559296284623937,-0.446854681101826,0.38258893488445483,0.8051289145966026,6386812.6921606185,0.22319365348901288,-0.0001810629904629115,-2.854030702759398e-11,3.4946015215955817e-08,8675.692160622217,0.0,0.27602267313240125,-0.6300849232196105,-2.5304091972910334,-0.11090084016911587,-0.043139484561362455,0.1839675281335686,-0.0025047538575363308,-0.000996924570468387,0.1547719908030911,305.2349582108954,0.4855262987545872,32311.284348968835,231.8348602998971,0.31312059337259174,0.9227497218187309,0.2215085373390145,95.57535164454944,2217.556782260677,9.753547756639945,-1.89575513225293e-05,0.068310018125518,95.57537082974254,0.0,0.0,0.0,6.311637254945058e-06,9.365753522557547e-06,-0.0003826885437434037,0.0,0.0,0.0,0.0,0.0,0.0,0.0,0.0,0.0,0.0,0.0,0.5,0.0,0.0,1.0,0.0,0.0,0.0
9.9,57.18122422663997,20.322551047759536,75.09554356328142,-0.0023105494818483167,-0.000871420335875053,0.1508986729929906,-0.08177778314010978,-0.4438704700982382,0.3858998983675533,0.8045945933884201,6386803.086016201,0.2300944114411855,-0.00018364859280534028,-2.8947910042617233e-11,3.6026539153050334e-08,8666.08601620514,0.0,0.2650165359869368,-0.6342612530578025,-2.5121865174238436,-0.10920424133931482,-0.04040809915279838,0.18046628518461963,-0.0022630593555815932,-0.0009220048170781827,0.15087620113363862,305.27595022993194,0.48608134292264354,32356.901986772955,231.89713016480917,0.31627354719506084,0.9200097399831295,0.21207184596916379,96.55070765256342,2265.634653969873,9.753577297379945,-1.8710957174761234e-05,0.0697108468036518,96.55066233737296,0.0,0.0,0.0,5.777121403302543e-06,8.715592797094864e-06,-0.0003772955136110722,0.0,0.0,-0.0,0.0,0.0,0.0,0.0,0.0,0.0,0.0,0.0,0.5,0.0,0.0,1.0,0.0,0.0,0.0
10.0,58.06444749179136,19.6484310473853,75.85374115408231,-0.002088944026137702,-0.0007996294309614079,0.14705872769866052,-0.08779810896864192,-0.440939722514687,0.3891117775228936,0.8040241770640136,6386793.382024012,0.2371362939452625,-0.00018598565541743406,-2.931633820593819e-11,3.712916322727314e-08,8656.38202401592,0.0,0.2541842109523544,-0.6381697806448917,-2.4943175248316054,-0.10743647711550784,-0.03779682181032251,0.17691728000624982,-0.0020422144020954013,-0.0008509109081208739,0.14703624064381954,305.3173597919038,0.4866420407466233,32402.984283865517,231.96003430787587,0.3194252241652312,0.9174621171753313,0.20285725820867836,97.52606651278369,2314.308321023159,9.75360713915647,-1.8019959810544606e-05,0.0711258912698156,97.52597936641448,0.0,0.0,0.0,5.281866133212141e-06,8.087654572802981e-06,-0.00037183696252258286,0.0,0.0,0.0,0.0,0.0,0.0,0.0,0.0,0.0,0.0,0.0,0.5,0.0,0.0,1.0,0.0,0.0,0.0
10.100000000000001,58.932788960688086,18.976310969099096,76.61171454701062,-0.0018865410558482232,-0.000731808544638337,0.14327497757636445,-0.09365745269222309,-0.4380631864904614,0.39222715069751707,0.8034219430224521,6386783.580651901,0.24431952101393145,-0.00018723794400771123,-2.9513778144016675e-11,3.825392201950553e-08,8646.580651905699,0.0,0.24353163628636187,-0.6418244268411409,-2.476804962408269,-0.10560454136715057,-0.03530343985260095,0.17332775388549904,-0.0018405622886573376,-0.0007837586120467671,0.1432524766524677,305.359174940619,0.4872092690321076,32449.626107293785,232.02357004456388,0.3225756293294021,0.9150950384106572,0.19386244095958707,98.50142845127269,2363.5825345737258,9.753637280534246,-1.7958273519506445e-05,0.07255557506104539,98.50142088583,0.0,0.0,0.0,4.823414396942828e-06,7.48443471472705e-06,-0.00036631933291041087,0.0,0.0,0.0,0.0,0.0,0.0,0.0,0.0,0.0,0.0,0.0,0.5,0.0,0.0,1.0,0.0,0.0,0.0
10.200000000000001,59.786715828950825,18.306812372304044,77.36951392122509,-0.001701915711419283,-0.0006680147596084315,0.13954799368903534,-0.09935842642629514,-0.4352411647057841,0.39524765576948084,0.8027907526665422,6386773.68189957,0.2516463411426084,-0.00018879107316023766,-2.9758639853415245e-11,3.940116773759909e-08,8636.681899575517,0.0,0.23306492392711028,-0.6452356797203893,-2.4596525353298597,-0.10371466570009318,-0.03292602017240783,0.1697044166198367,-0.0016566775471769206,-0.0007206059420711265,0.13952548013150992,305.4013867641403,0.4877838366626154,32496.914345539655,232.08773768843793,0.32572476043829696,0.9128981532688067,0.18508591897733068,99.47679354127327,2413.464782125445,9.753667721518319,-1.8626126344400973e-05,0.07399961169399916,99.47683269830878,0.0,0.0,0.0,4.39965921104483e-06,6.907804994492526e-06,-0.0003607485445356079,0.0,0.0,-0.0,0.0,0.0,0.0,0.0,0.0,0.0,0.0,0.0,0.5,0.0,0.0,1.0,0.0,0.0,0.0
10.3,60.62663654600466,17.640540653112755,78.1271823377,-0.0015337898206904037,-0.000608275626749104,0.13587857402857317,-0.10490295520723898,-0.43247430306162526,0.39817467557814046,0.8021335314504903,6386763.685298559,0.25911924927021623,-0.0001912305497424767,-3.014321562496509e-11,4.0571291200999856e-08,8626.685298565155,0.0,0.22279046515821202,-0.6484133773998337,-2.4428650120378737,-0.10177294835573475,-0.03066290531811077,0.1660539011033278,-0.0014892814011935188,-0.0006614812460824492,0.13585604898954837,305.444015849462,0.48836408386590613,32544.670025695992,232.15253962631735,0.32887257892091143,0.9108623300933312,0.1765270267241871,100.4521616398542,2463.953219130282,9.753698463554189,-1.8818278128662762e-05,0.07545757916697228,100.4521408181543,0.0,0.0,0.0,4.008658838061266e-06,6.359263574249425e-06,-0.0003551283974575767,0.0,0.0,0.0,0.0,0.0,0.0,0.0,0.0,0.0,0.0,0.0,0.5,0.0,0.0,1.0,0.0,0.0,0.0
10.4,61.45309850182759,16.97803547346993,78.88475791419572,-0.0013807902030269744,-0.0005525358206998976,0.1322669162659549,-0.1102945473411873,-0.4297629309172342,0.40101078942351365,0.8014538780470603,6386753.591316747,0.26673858393544847,-0.00019391016741447518,-3.056564600219024e-11,4.1764345556899596e-08,8616.591316752447,0.0,0.21271215854504608,-0.6513704755781746,-2.4264430019963594,-0.09978610682996593,-0.02851110840230997,0.16238313328089068,-0.0013370002249194228,-0.0006063302379028309,0.13224438080559645,305.4870602013856,0.4889499834842685,32592.89091262064,232.21797282523218,0.33201907841824346,0.9089773652906439,0.16818279863274022,101.42753263208937,2515.0482568955235,9.753729505206561,-1.788180135164907e-05,0.0769293674348622,101.42741987121957,0.0,0.0,0.0,3.6481965278442096e-06,5.839613627143583e-06,-0.0003494644000929547,0.0,0.0,0.0,0.0,0.0,0.0,0.0,0.0,0.0,0.0,0.0,0.5,0.0,0.0,1.0,0.0,0.0,0.0
10.5,62.26658390610654,16.31981549590609,79.64227192371268,-0.0012416954479370988,-0.0005007166385301413,0.12871344288845663,-0.11553601600269932,-0.4271077425898203,0.40375832712168214,0.8007554774861768,6386743.399953801,0.27450488246114846,-0.0001954447327298737,-3.080758574776376e-11,4.2980415099052504e-08,8606.399953806773,0.0,0.20283418340029966,-0.6541192742447443,-2.410388218455522,-0.09776058224138415,-0.02646799046910868,0.15869881813635914,-0.0011986121644613002,-0.0005550751067834711,0.1286908979836542,305.530519821321,0.489541535536893,32641.577007893044,232.2840372873256,0.33516424770088743,0.907234306360954,0.16005112075352373,102.40290682557412,2566.7532443178507,9.753760846480699,-1.7476769521351798e-05,0.07841574049049171,102.40284774177442,0.0,0.0,0.0,3.31626117723686e-06,5.349321262308188e-06,-0.00034376174475683963,0.0,0.0,-0.0,0.0,0.0,0.0,0.0,0.0,0.0,0.0,0.0,0.5,0.0,0.0,1.0,0.0,0.0,0.0
10.600000000000001,63.067517284347446,15.666395635905838,80.39975001974221,-0.0011154540684489094,-0.00045272394356856647,0.12521880056723408,-0.12062934563098476,-0.4245090340922783,0.4064187060718736,0.8000407131618349,6386733.110741208,0.2824207298517693,-0.00019660391218999832,-3.099035529007607e-11,4.421990476135756e-08,8596.110741214827,0.0,0.19316111984937331,-0.6566688845196527,-2.39470348023336,-0.09570213336789311,-0.024531226538331015,0.15500720325308687,-0.0010730652806183161,-0.0005076224840363051,0.12519624712154734,305.5743854023988,0.49013979854837036,32690.841488084916,232.35073644576656,0.33830808067874163,0.9056252382314947,0.15213073935960497,103.37828427325566,2619.080025593581,9.753792488822455,-1.7684807987213474e-05,0.07991665325288487,103.37833522811952,0.0,0.0,0.0,3.011141809802367e-06,4.888617830951633e-06,-0.0003380261047355851,0.0,0.0,0.0,0.0,0.0,0.0,0.0,0.0,0.0,0.0,0.0,0.5,0.0,0.0,1.0,0.0,0.0,0.0
10.700000000000001,63.85644200238239,15.018214742182087,81.15721372673534,-0.0010009783798988693,-0.0004084060148848294,0.12178301354168729,-0.12557789166310607,-0.4219663411810616,0.4089940485503073,0.7993117035338742,6386722.724146877,0.2904875745507941,-0.00019848575104988885,-3.1287037717035774e-11,4.54830414815215e-08,8585.724146883624,0.0,0.18369500108295073,-0.6590295139279988,-2.3793874373432784,-0.0936165543750879,-0.02269732326198452,0.15131431678015628,-0.0009592716010206481,-0.0004638216298408024,0.12176045238169672,305.61864736848713,0.49074543695323075,32740.756511484982,232.41806753300088,0.3414505803136723,0.9041413860903729,0.14441823328360984,104.35366494566092,2672.0331427781025,9.753824430796504,-1.85385574731356e-05,0.08143186115131111,104.35372185806504,0.0,0.0,0.0,2.730982348357584e-06,4.457172220505366e-06,-0.000332263093846423,0.0,0.0,0.0,0.0,0.0,0.0,0.0,0.0,0.0,0.0,0.0,0.5,0.0,0.0,1.0,0.0,0.0,0.0
10.8,64.63383623137435,14.375701504020277,81.91468070301694,-0.0008972958472221689,-0.0003676122789028058,0.11840634100805165,-0.1303843767651192,-0.41947968374164174,0.4114863263845292,0.7985708893515732,6386712.2401705105,0.29870690973037756,-0.0002011811290505952,-3.171195887260535e-11,4.677005922571557e-08,8575.240170517005,0.0,0.17443822408093962,-0.6612111450173137,-2.364439893420126,-0.09150943950523584,-0.0209631810966306,0.1476260185668323,-0.0008562582921612898,-0.0004235228155666987,0.11838377289121603,305.66332432337845,0.4913567536679116,32791.139525298604,232.48602989918115,0.3445917134688091,0.9027750602107103,0.13691105457376912,105.3290486731653,2725.607135160209,9.753856672408128,-1.8413282194984504e-05,0.08296080562427477,105.32898997468986,0.0,0.0,0.0,2.474073266062756e-06,4.054524490643183e-06,-0.00032647645002172607,0.0,0.0,-0.0,0.0,0.0,0.0,0.0,0.0,0.0,0.0,0.0,0.5,0.0,0.0,1.0,0.0,0.0,0.0
10.9,65.40012420867083,13.739284643902083,82.67216518346086,-0.0008035253713401706,-0.0003301897983148679,0.11508928370547922,-0.13505095757508412,-0.4170495696179383,0.41389741152553056,0.7978210988517548,6386701.658343591,0.3070803028574461,-0.00020377648227436253,-3.2121115110618565e-11,4.808120362116972e-08,8564.658343598558,0.0,0.1653936589454836,-0.6632237927263571,-2.349861864157147,-0.08938628075211928,-0.0193260441293567,0.14394810919597317,-0.0007631439342981842,-0.00038657383050980576,0.11506670932622083,305.7084182636328,0.49197377601142855,32841.99278108265,232.5546265814646,0.34773146146819606,0.9015194446508842,0.12960747330131173,106.30443552107174,2779.8085016161876,9.753889215103378,-1.7312644216597544e-05,0.08450372046117612,106.30427261541291,0.0,0.0,0.0,2.2388404833257723e-06,3.680105457358256e-06,-0.0003206709629162848,0.0,0.0,0.0,0.0,0.0,0.0,0.0,0.0,0.0,0.0,0.0,0.5,0.0,0.0,1.0,0.0,0.0,0.0
11.0,66.15583223828875,13.109304998889751,83.42967787255414,-0.0007187473735894225,-0.0002959377301311767,0.11183172537532211,-0.13958117414770252,-0.41467600029442003,0.4162300629964047,0.7970653219921373,6386690.979133915,0.31560759251682585,-0.0002050782863185463,-3.2326371800525776e-11,4.9416449550194974e-08,8553.979133922607,0.0,0.15656162188570819,-0.6650792220001125,-2.3356502945007325,-0.08725252500678285,-0.017782143047139633,0.14028604900223876,-0.0006790087933593154,-0.00035277474327901763,0.11180914536199603,305.7539271957673,0.49259647670687035,32893.31403075039,232.62385454737492,0.35086981974193443,0.9003670273141172,0.12250368690858564,107.27982577950746,2834.637783554891,9.753922057447337,-1.6674401602282767e-05,0.08606114280343984,107.27976791999514,0.0,0.0,0.0,2.023558844249375e-06,3.3328283544921565e-06,-0.0003148515195708381,0.0,0.0,0.0,0.0,0.0,0.0,0.0,0.0,0.0,0.0,0.0,0.5,0.0,0.0,1.0,0.0,0.0,0.0
11.100000000000001,66.90142337069099,12.486107014750283,84.18722714604,-0.0006422029110325181,-0.00026467673141316624,0.10863377809367508,-0.1439776569892747,-0.4123584930376451,0.4184859625330445,0.7963050212830277,6386680.202541155,0.3242908388415609,-0.00020609561436876032,-3.248678781815078e-11,5.077611976133244e-08,8543.20254116226,0.0,0.14794296867686693,-0.6667854186947211,-2.321803369857275,-0.08511281432015112,-0.016328141941696923,0.13664472017193532,-0.0006030937477455276,-0.00032194699774914387,0.10861119301913257,305.79983140451617,0.4932266640254764,32945.29805759932,232.69371449129642,0.35400679890522196,0.899311227156656,0.1155968123417007,108.25521942126933,2890.109118802289,9.753955199445498,-1.667747733691273e-05,0.08763304354929605,108.25532254541694,0.0,0.0,0.0,1.8268356090699147e-06,3.0117296288213744e-06,-0.0003090239093595077,0.0,0.0,0.0,0.0,0.0,0.0,0.0,0.0,0.0,0.0,0.0,0.5,0.0,0.0,1.0,0.0,0.0,0.0
11.200000000000001,67.63730857446475,11.87004477370424,84.94481965873508,-0.0005732304522755329,-0.0002362427576912118,0.10549579288607924,-0.14824237788757727,-0.4100967234696221,0.4206663648315044,0.7955414141108736,6386669.328096871,0.3331329689441542,-0.000207820545157832,-3.275874427867991e-11,5.2160672782518896e-08,8532.328096879957,0.0,0.13953912306945293,-0.6683491680046304,-2.308320525939326,-0.0829715157587875,-0.01496107339396343,0.13302882901098947,-0.0005347370567601,-0.0002939272281167777,0.10547320327444044,305.8461407770883,0.4938636415844628,32997.86915742473,232.76420917281726,0.35714237123657716,0.8983462141817372,0.10888479847117866,109.23061641739642,2946.2254095816825,9.753988642543868,-1.7770197106396317e-05,0.08921957430879247,109.23074886661995,0.0,0.0,0.0,1.6474448960696758e-06,2.7158961506269906e-06,-0.0003031921720120832,0.0,0.0,0.0,0.0,0.0,0.0,0.0,0.0,0.0,0.0,0.0,0.5,0.0,0.0,1.0,0.0,0.0,0.0
11.3,68.3639833821104,11.261377476296529,85.70245982970445,-0.0005111276887739142,-0.00021043985876239391,0.1024175041158265,-0.15237866419266702,-0.40789005716816285,0.42277351303331834,0.794776178093647,6386658.356268952,0.34213480517425704,-0.00021043657760578695,-3.317116673930498e-11,5.3570237538783366e-08,8521.356268961294,0.0,0.1313489718387834,-0.6697793747912678,-2.2951972309245052,-0.08083291532464357,-0.013677110667881002,0.12944266008712063,-0.0004732363685408547,-0.0002685203245594884,0.10239491044022486,305.89286486281554,0.4945063234525029,33050.91104589327,232.83533515357996,0.3602765177523182,0.8974656189552038,0.10236363991043407,110.20601662856022,3002.9811435690413,9.754022385307302,-1.8188862828338866e-05,0.09081994705409832,110.20600748032469,0.0,0.0,0.0,1.4840097591664e-06,2.4440402295051615e-06,-0.00029736013530817085,0.0,0.0,0.0,0.0,0.0,0.0,0.0,0.0,0.0,0.0,0.0,0.5,0.0,0.0,1.0,0.0,0.0,0.0
11.4,69.08188653188067,10.660370676187204,86.46015045428766,-0.0004552629607014077,-0.00018708158097148256,0.09939889034712826,-0.15638929506303628,-0.40573835056554086,0.4248095455326699,0.7940113946719558,6386647.287057046,0.35129734129991824,-0.00021333500906709377,-3.3628105838758035e-11,5.500496982381424e-08,8510.287057056092,0.0,0.12337200524931793,-0.6710849857782463,-2.282430291259503,-0.07870115371427287,-0.012472848983756562,0.12589040619630631,-0.0004179599463619067,-0.0002455405573744525,0.09937629303497383,305.9400036631892,0.49515470965010855,33104.42372469783,232.9070924358545,0.36340922640962753,0.8966638405213991,0.0960301905250249,111.1814200589982,3060.379977998662,9.754056427741492,-1.6972169355256028e-05,0.09243385293402184,111.1812110355659,0.0,0.0,0.0,1.3352643578566012e-06,2.194870946056939e-06,-0.00029153216261330374,0.0,0.0,-0.0,0.0,0.0,0.0,0.0,0.0,0.0,0.0,0.0,0.5,0.0,0.0,1.0,0.0,0.0,0.0
11.5,69.791410229402,10.06730290824561,87.21789280287396,-0.0004050610473342528,-0.00016598670553487303,0.09644017226101133,-0.16027656030706258,-0.4036419208213038,0.42677652154702744,0.793249548288816,6386636.119992546,0.36062182107699975,-0.00021520851148258729,-3.3923486691645764e-11,5.646506460592036e-08,8499.11999255574,0.0,0.11560835250150354,-0.6722751083308691,-2.2700178291213944,-0.07658028799404494,-0.011345240250661762,0.12237624206441962,-0.00036833245386649796,-0.0002248073316923676,0.09641757169805656,305.9875566265861,0.4958090624697957,33158.434791404616,232.97948414706715,0.36654048219375257,0.8959358953076015,0.08988209339643007,112.15682702942641,3118.430224218853,9.754090771293155,-1.610072548648608e-05,0.09406226751566747,112.15661885223568,0.0,0.0,0.0,1.200026526373099e-06,1.9670556426317053e-06,-0.00028571270482460507,0.0,0.0,0.0,0.0,0.0,0.0,0.0,0.0,0.0,0.0,0.0,0.5,0.0,0.0,1.0,0.0,0.0,0.0
11.600000000000001,70.4930151797117,9.48235637391293,87.97568690221736,-0.00035996535867159125,-0.0001469657705272773,0.09354094384587704,-0.1640437640999747,-0.40160006610444804,0.42867669745850007,0.7924921172655467,6386624.855543204,0.370108801892165,-0.00021613773806817101,-3.407002190345619e-11,5.795060933086598e-08,8487.855543214828,0.0,0.10805574197300112,-0.6733579170670975,-2.2579541785858153,-0.0744737187752313,-0.010290537163639604,0.11890347602808163,-0.0003237973474933218,-0.00020613195067009402,0.09351834037764156,306.03549425008543,0.49647189091644844,33213.21558199928,233.0525082229227,0.36967031362667285,0.8952763936970054,0.08391518903890198,113.13223762232718,3177.148824821636,9.75412541452761,-1.5031950077570851e-05,0.09570477585613683,113.13225445628775,0.0,0.0,0.0,1.0771394399499206e-06,1.7591398988801821e-06,-0.00027990727609375444,0.0,0.0,0.0,0.0,0.0,0.0,0.0,0.0,0.0,0.0,0.0,0.5,0.0,0.0,1.0,0.0,0.0,0.0
11.700000000000001,71.1871074064029,8.905730739748877,88.73353298718162,-0.00031953436028307796,-0.00012986904861649387,0.09070105822604485,-0.16769336213771976,-0.3996118084421022,0.4305114178935348,0.7917394516607587,6386613.493708799,0.37976060699840986,-0.00021723858046452334,-3.424361019188874e-11,5.946196796980068e-08,8476.493708809838,0.0,0.10071265390986775,-0.6743385933765008,-2.2462350908591,-0.07238435280379817,-0.00930544269037383,0.11547510419446794,-0.00028391309613872296,-0.00018936534638402914,0.09067845216541146,306.0838463109349,0.49714044974448046,33268.46997149263,233.12616361719353,0.3727986729086718,0.8946806147661707,0.07812619677584608,114.10765170349839,3236.522576949841,9.754160357450289,-1.5386912576076384e-05,0.09736215950836424,114.10784995282728,0.0,0.0,0.0,9.657022463721048e-07,1.570017000773878e-06,-0.00027411830014030964,0.0,0.0,-0.0,0.0,0.0,0.0,0.0,0.0,0.0,0.0,0.0,0.5,0.0,0.0,1.0,0.0,0.0,0.0
11.8,71.87404953047603,8.33764583564594,89.49143074673908,-0.0002833666772171191,-0.00011455604666300979,0.08792061240309752,-0.17122733734854328,-0.3976765977596096,0.4322819267698849,0.7909922657328479,6386602.034020877,0.3895799661257103,-0.0002190750303760052,-3.453315464923058e-11,6.099956817531259e-08,8465.03402088924,0.0,0.09357822367970356,-0.6752224256508673,-2.234857601466651,-0.07031508184016964,-0.008387005183782608,0.11209417199675645,-0.00024827828751387046,-0.00017436759598246244,0.08789800403366074,306.13261480270324,0.4978147665187542,33324.200238038226,233.2004533667115,0.3759255405719534,0.8941443620994782,0.07251261776388668,115.08306919641987,3296.558465701229,9.754195601507607,-1.6690610933049295e-05,0.09903424731219466,115.08325304784556,0.0,0.0,0.0,8.648846033766672e-07,1.398621976398212e-06,-0.00026834982147722476,0.0,0.0,0.0,0.0,0.0,0.0,0.0,0.0,0.0,0.0,0.0,0.5,0.0,0.0,1.0,0.0,0.0,0.0
11.9,72.55426150116202,7.778218343824813,90.24937852950674,-0.0002510365217013225,-0.00010086779176103386,0.08519909061216253,-0.17464887115146546,-0.3957935891334144,0.4339903258071857,0.7902516348896188,6386590.476947316,0.3995675362019989,-0.000221648664373567,-3.4938904428182514e-11,6.256351298909813e-08,8453.476947328387,0.0,0.08664928248552793,-0.6760163414315515,-2.2238151817005773,-0.06826848493949042,-0.0075316833278091634,0.10876308407672101,-0.00021646725292800165,-0.0001609804178626322,0.08517648018723423,306.18179773427374,0.49849481370831106,33380.404106284564,233.27537443837997,0.37905091166292365,0.8936631164828618,0.06707023397958224,116.05849005953553,3357.257176498912,9.754231145264578,-1.7081692700315895e-05,0.10072007780798724,116.05845805183134,0.0,0.0,0.0,7.737570805776078e-07,1.243635677057291e-06,-0.00026260555789854476,0.0,0.0,0.0,0.0,0.0,0.0,0.0,0.0,0.0,0.0,0.0,0.5,0.0,0.0,1.0,0.0,0.0,0.0
12.0,73.22811624661853,7.227583785455444,91.00737409663469,-0.00022215666661061815,-8.865313593895139e-05,0.08253621883403446,-0.1779606711779533,-0.3939624057784134,0.4356386432148733,0.789519066980377,6386578.8224877175,0.40972430230868706,-0.00022441225033525657,-3.53745987727138e-11,6.415395686748755e-08,8441.822487730533,0.0,0.07992340951604189,-0.6767274898393998,-2.213102720082437,-0.0662470937600393,-0.006736327509611904,0.10548426888472648,-0.00018809283805635782,-0.00014905325969058708,0.08251360657962578,306.231371486525,0.49918278056546933,33437.318054602074,233.35092766762236,0.38217480402901394,0.893232894944722,0.06179564163880305,117.03391438539886,3418.637577489697,9.754266988727286,-1.5719327922880666e-05,0.10241927587320987,117.03360767671131,0.0,0.0,0.0,6.914527120091533e-07,1.1037488313824922e-06,-0.0002568902982857701,0.0,0.0,-0.0,0.0,0.0,0.0,0.0,0.0,0.0,0.0,0.0,0.5,0.0,0.0,1.0,0.0,0.0,0.0
12.100000000000001,73.89594844951925,6.685899958240632,91.7654146060962,-0.00019637049981819843,-7.776584813296396e-05,0.07993195908028107,-0.18116502625596909,-0.39218310789446,0.43722885804959627,0.7887964934499764,6386567.070173407,0.4200516383416169,-0.00022631527002614287,-3.567464206063868e-11,6.577111518407858e-08,8430.070173420632,0.0,0.07339891628796966,-0.6773633262197243,-2.2027164486951993,-0.06425343243183335,-0.005998114336288871,0.10226022567840866,-0.00016279845615063674,-0.00013844040426738588,0.07990934519731713,306.2813513489424,0.49987746246139975,33494.81126154027,233.42711562394933,0.38529718321500456,0.8928501442598145,0.05668617212818424,118.00934244743351,3480.699002798569,9.754303133343022,-1.4747801039050039e-05,0.104132992663736,118.00898853338295,0.0,0.0,0.0,6.17143776579772e-07,9.776241772120974e-07,-0.00025120703364979615,0.0,0.0,0.0,0.0,0.0,0.0,0.0,0.0,0.0,0.0,0.0,0.5,0.0,0.0,1.0,0.0,0.0,0.0
12.200000000000001,74.55813648746756,6.153224476966284,92.52349734485031,-0.00017335449524582793,-6.807253847423389e-05,0.07738568926976898,-0.1842650154827383,-0.3904547302475865,0.438762937259054,0.788084654814286,6386555.220472136,0.43055011761333883,-0.00022751204511343404,-3.5863359699884515e-11,6.74150778961851e-08,8418.220472150793,0.0,0.06707199215218848,-0.6779296870151673,-2.1926492619751454,-0.06228928167079865,-0.005313774639259608,0.09909251082456172,-0.0001402607557210101,-0.00012900908100233927,0.07736307393649171,306.331745375475,0.5005779009220532,33552.78089282293,233.50393492090046,0.38841803256530316,0.8925110918924636,0.05173759359698292,118.98477435617716,3543.4359358051433,9.75433957767724,-1.4111862046917164e-05,0.10586099943222395,118.98459382889942,0.0,0.0,0.0,5.500831220633047e-07,8.640483791871904e-07,-0.00024555857716599875,0.0,0.0,0.0,0.0,0.0,0.0,0.0,0.0,0.0,0.0,0.0,0.5,0.0,0.0,1.0,0.0,0.0,0.0
12.3,75.21501408478088,5.629642677603756,93.28162055321664,-0.00015285898012966766,-5.9474232068984784e-05,0.07489703729689312,-0.18726297720702176,-0.3887761653398125,0.4402421069619796,0.7873834846263036,6386543.273383671,0.44122183775597,-0.00022874241430269042,-3.605737413885204e-11,6.908617367313389e-08,8406.273383686319,0.0,0.060939653616809177,-0.6784301526488454,-2.182895486817927,-0.06035616779303204,-0.004680434544110827,0.0959825772832948,-0.00012023018765020763,-0.00012066084903111329,0.07487442067372158,306.38255356712114,0.5012840959613023,33611.22694959817,233.5813855599971,0.39153733944476893,0.8922124338886518,0.04694649288740799,119.960209875965,3606.8523489887857,9.754376321735645,-1.4196122325671467e-05,0.10760362672507995,119.96018488512674,0.0,0.0,0.0,4.897155652165304e-07,7.621752003783068e-07,-0.0002399482511382586,0.0,0.0,-0.0,0.0,0.0,0.0,0.0,0.0,0.0,0.0,0.0,0.5,0.0,0.0,1.0,0.0,0.0,0.0
12.4,75.86688079319526,5.115267304871245,94.03978226811937,-0.00013465326099517834,-5.1876549357458696e-05,0.07246586797844394,-0.1901608511119539,-0.38714672683542667,0.4416675441225296,0.7866933334578657,6386531.228439542,0.45206939564630233,-0.00023028291247945398,-3.6300276554692246e-11,7.078480939692503e-08,8394.228439557986,0.0,0.054999646006792864,-0.6788686336335059,-2.173450748758483,-0.0584556897057161,-0.00409551973280497,0.09293202362054356,-0.00010247613452633456,-0.0001133017904115342,0.07244325020960164,306.4337612796656,0.5019976252972759,33670.31938710277,233.65947116606114,0.39465510564060385,0.8919512229365225,0.04231017271599756,120.93564894239984,3670.9668973317052,9.754413366965098,-1.4900313701105006e-05,0.10936092371126449,120.93564783940313,0.0,0.0,0.0,4.3551490644281635e-07,6.711662597179902e-07,-0.00023438018158898125,0.0,0.0,0.0,0.0,0.0,0.0,0.0,0.0,0.0,0.0,0.0,0.5,0.0,0.0,1.0,0.0,0.0,0.0
12.5,76.51407231935494,4.61010687071385,94.79797982762253,-0.00011849457681894388,-4.5175807366760294e-05,0.07009146387271516,-0.19296158973951766,-0.38556539802693374,0.4430410929236189,0.7860147144298314,6386519.086107617,0.4630934230131007,-0.0002321519464870609,-3.659496876895486e-11,7.251108418172682e-08,8382.086107633697,0.0,0.04924771307865031,-0.6792500571417909,-2.1643075759101715,-0.056589018866094146,-0.0035560772287174833,0.0899417254353526,-8.675605302705534e-05,-0.00010682877387861457,0.07006884508589568,306.485364796151,0.5027186222000326,33730.07332353289,233.73818876702546,0.3977713296990834,0.8917243373788728,0.03782445208019522,121.91109160471852,3735.7821135153945,9.75445071193074,-1.516459544840624e-05,0.1111322042000964,121.91097169194033,0.0,0.0,0.0,3.86898283301133e-07,5.900341244507062e-07,-0.00022885726702433538,0.0,0.0,0.0,0.0,0.0,0.0,0.0,0.0,0.0,0.0,0.0,0.5,0.0,0.0,1.0,0.0,0.0,0.0
12.600000000000001,77.15688722685587,4.11419765095553,95.55621043690006,-0.0001041619807049284,-3.92738369654301e-05,0.06777335260607818,-0.1956677101193887,-0.38403153982814564,0.44436448532643846,0.7853484572903707,6386506.846387478,0.47429510519766527,-0.00023411556599250492,-3.690457256561797e-11,7.426518386431372e-08,8369.846387495287,0.0,0.04368040309852964,-0.6795794586913211,-2.1554598967568097,-0.054757360393767524,-0.003059485972774757,0.0870126850221009,-7.284916210701315e-05,-0.00010114410568103266,0.06775073291409643,306.53738220136415,0.5034454018965051,33790.306519564205,233.81753772666335,0.40088597716422647,0.8915290224841265,0.03348590250275485,122.88653800115783,3801.2899868721447,9.754488356638966,-1.4432093458083254e-05,0.11291712253331102,122.88624914273775,0.0,0.0,0.0,3.4331890991208645e-07,5.178033410804464e-07,-0.00022338163483776098,0.0,0.0,0.0,0.0,0.0,0.0,0.0,0.0,0.0,0.0,0.0,0.5,0.0,0.0,1.0,0.0,0.0,0.0
12.700000000000001,77.79559398903446,3.627604693546315,96.31447113044747,-9.145186464714219e-05,-3.4076198125228e-05,0.06551129571630168,-0.1982813470205432,-0.38254486256829356,0.44563936726408776,0.7846957010811284,6386494.508810412,0.48567622859825127,-0.0002357073322597424,-3.715556130781806e-11,7.604738843812829e-08,8357.508810430145,0.0,0.03829501384350268,-0.6798620508659161,-2.146902926020164,-0.052961975171180634,-0.0026033977323803342,0.08414605361462471,-6.055196981561467e-05,-9.61537563814916e-05,0.0654886752183021,306.58981548727985,0.5041779922182783,33851.02128179019,233.89752108359477,0.40399902903676566,0.8913628171409816,0.029291766625636213,123.86198829375161,3867.498032129218,9.75452630253759,-1.3874676438282068e-05,0.11471639995690691,123.8616735350963,0.0,0.0,0.0,3.0425983563493953e-07,4.534987120110641e-07,-0.0002179563376835296,0.0,0.0,0.0,0.0,0.0,0.0,0.0,0.0,0.0,0.0,0.0,0.5,0.0,0.0,1.0,0.0,0.0,0.0
12.8,78.43048709169506,3.150292923658344,97.07275940794939,-8.018442799275937e-05,-2.950297389363072e-05,0.06330449079588207,-0.20080533200308967,-0.3811042941553633,0.4468674556986193,0.7840567403018456,6386482.073844196,0.49723732691545786,-0.000237017998575044,-3.736224051699338e-11,7.785778167682407e-08,8345.073844215522,0.0,0.033087025316045245,-0.6801019077573847,-2.138629024368551,-0.05120347970723012,-0.002185190510290848,0.08134210942688704,-4.9684924062584156e-05,-9.177829763741468e-05,0.06328186957904941,306.64264849577836,0.5049176925643856,33912.3590652449,233.97813630699926,0.4071105002483718,0.8912231557261951,0.025237940156675263,124.83744255428347,3934.4174368373265,9.754564548192075,-1.3583933470802851e-05,0.11652992895371503,124.83723729612164,0.0,0.0,0.0,2.6926853124503556e-07,3.9630925356975557e-07,-0.00021258437975850455,0.0,0.0,0.0,0.0,0.0,0.0,0.0,0.0,0.0,0.0,0.0,0.5,0.0,0.0,1.0,0.0,0.0,0.0
12.9,79.06182686606803,2.682261021406209,97.83107358071429,-7.022160554427009e-05,-2.5496289965574563e-05,0.0611523849844596,-0.2032418882702049,-0.37970876461524555,0.44804993678071126,0.783431418507473,6386469.54148857,0.5089801924897637,-0.00023834454416305704,-3.757142423989069e-11,7.969664447364271e-08,8332.54148859065,0.0,0.0280527518649448,-0.6803016815728843,-2.1306319351710794,-0.04948243926704848,-0.0018025588334629216,0.07860121097462268,-4.011015432907591e-05,-8.796027615575762e-05,0.06112976312668485,306.69587351880296,0.5056652249915612,33974.398081316176,234.05938367153354,0.4102203890953761,0.8911077880277555,0.021321058814057034,125.8129005688296,4002.05858752051,9.754603093608461,-1.3646438144832018e-05,0.11835793831280483,125.81278757948633,0.0,0.0,0.0,2.380075999663265e-07,3.4567667818050916e-07,-0.0002072685788021787,0.0,0.0,-0.0,0.0,0.0,0.0,0.0,0.0,0.0,0.0,0.0,0.5,0.0,0.0,1.0,0.0,0.0,0.0
13.0,79.68984780933143,2.2235396883397165,98.58941188354828,-6.143495011114519e-05,-2.2000038376003855e-05,0.05905465731912136,-0.20559288043913382,-0.3783575415277328,0.44918792014501346,0.7828198900624282,6386456.91127501,0.5209072980089484,-0.00023976559909912452,-3.7795507378477115e-11,8.156436429809867e-08,8319.911275031045,0.0,0.023189238862918966,-0.6804642477233352,-2.1229066346760903,-0.04779953050587134,-0.0014534380406459686,0.07592391760358858,-3.169935905433274e-05,-8.46439477912512e-05,0.05903203488980014,306.74951414532507,0.5064185944681836,34036.921524271536,234.14126544986314,0.41332864742287767,0.8910147012096078,0.017538402469335496,126.78836231483486,4070.4136549565724,9.75464194023417,-1.3960043788803962e-05,0.12020047371530987,126.7882619038011,0.0,0.0,0.0,2.101525477904414e-07,3.0103391701710806e-07,-0.00020201078914154863,0.0,0.0,0.0,0.0,0.0,0.0,0.0,0.0,0.0,0.0,0.0,0.5,0.0,0.0,1.0,0.0,0.0,0.0
13.100000000000001,80.31480508720333,1.7740587647899464,99.34777222066568,-5.369105120779021e-05,-1.8954126954430257e-05,0.05701044008562455,-0.20786101324622291,-0.37704955325342643,0.45028302275139703,0.7822223312711691,6386444.183671361,0.5330191940103378,-0.00024127340730933084,-3.803326739209811e-11,8.346102757012192e-08,8307.183671383187,0.0,0.018491840711343167,-0.680593044664946,-2.115445469129145,-0.046154973748832595,-0.001135535042539912,0.07331006478579431,-2.4319397769644143e-05,-8.176965114938916e-05,0.05698781714559939,306.8035683883965,0.5071777730880537,34099.92707812697,234.22377860893542,0.4164352716986555,0.8909418043495032,0.013885988331366688,127.76382789914271,4139.483538884084,9.75468108663452,-1.3991874529513854e-05,0.12205705549929273,127.76366336795729,0.0,0.0,0.0,1.8535322031071025e-07,2.6174286313803786e-07,-0.000196813051359362,0.0,0.0,0.0,0.0,0.0,0.0,0.0,0.0,0.0,0.0,0.0,0.5,0.0,0.0,1.0,0.0,0.0,0.0
13.200000000000001,80.93692585384235,1.3337810574824815,100.10615252173062,-4.686897190373752e-05,-1.6302066794387452e-05,0.055019102311537206,-0.21004859265861411,-0.3757840284043154,0.45133672324073554,0.7816391364010756,6386431.3586771805,0.5453171477536066,-0.00024277568949613,-3.8270157846170806e-11,8.538683297874772e-08,8294.358677203767,0.0,0.013956706472952298,-0.6806915280899641,-2.1082421038422585,-0.04454908118928331,-0.0008468183412745699,0.0707596810931449,-1.7849550667488918e-05,-7.92812683504517e-05,0.054996478913973364,306.858020056274,0.5079442855385797,34163.580122029,234.3069237262143,0.41954027285796963,0.8908872509490257,0.010360511090635164,128.7392974630655,4209.285204308749,9.754720532816217,-1.3605695016849495e-05,0.12392752938672658,128.73906074470847,0.0,0.0,0.0,1.632843072341092e-07,2.2718241364636792e-07,-0.00019167811113999557,0.0,0.0,-0.0,0.0,0.0,0.0,0.0,0.0,0.0,0.0,0.0,0.5,0.0,0.0,1.0,0.0,0.0,0.0
13.3,81.55641460587421,0.9027020445662081,100.86455079156524,-4.0859770643711324e-05,-1.3991530356715253e-05,0.05308023628473139,-0.21215755731722696,-0.37456043634518926,0.4523503473697172,0.7810708396407405,6386418.435823736,0.557803229435569,-0.00024414644360352006,-3.848631626912772e-11,8.734210498774329e-08,8281.435823760616,0.0,0.009580704483402069,-0.6807630761271,-2.1012913885723177,-0.04298225429694074,-0.0005854710425344001,0.06827298473340838,-1.2181044491022946e-05,-7.712679245990678e-05,0.05305761247589198,306.9128664313896,0.5087186030721419,34227.93105949692,234.39070400755568,0.4226436384353173,0.8908493903890031,0.0069592673183278934,129.71477109782097,4279.830816484719,9.754760280227543,-1.3429546453854376e-05,0.12581235048698383,129.71456291047195,0.0,0.0,0.0,1.4364584573758976e-07,1.967592618789738e-07,-0.00018660843501451665,0.0,0.0,0.0,0.0,0.0,0.0,0.0,0.0,0.0,0.0,0.0,0.5,0.0,0.0,1.0,0.0,0.0,0.0
13.4,82.1734892396074,0.480722157854144,101.62296557247163,-3.557303261434538e-05,-1.198340938449973e-05,0.05119291947655792,-0.21419042465168642,-0.3733776008054469,0.45332528151182644,0.7805172816156327,6386405.415578875,0.5704780548418972,-0.00024549043771740085,-3.86982578133638e-11,8.93269402430787e-08,8268.415578900836,0.0,0.005359183893350553,-0.6808100801359397,-2.094585780651656,-0.041454345407510244,-0.0003495208403387808,0.06584942195696117,-7.223747312371597e-06,-7.526749361177348e-05,0.05117029529704827,306.9681261491305,0.5094987561498312,34292.766969497345,234.47511568817131,0.4257453367338737,0.8908265392393947,0.0036784176187106394,130.690248784234,4351.105474805667,9.75480032743384,-1.3285766549131495e-05,0.12771133854200656,130.69011183097206,0.0,0.0,0.0,1.2619358589861577e-07,1.700472440253301e-07,-0.00018160490673122472,0.0,0.0,0.0,0.0,0.0,0.0,0.0,0.0,0.0,0.0,0.0,0.5,0.0,0.0,1.0,0.0,0.0,0.0
13.5,82.78834321400211,0.0677776033919304,102.38139568418745,-3.093394404390751e-05,-1.0245903892631419e-05,0.04935646699295329,-0.216149273232963,-0.37223452970988447,0.4542626555143469,0.7799782951729131,6386392.297942299,0.5833432095178032,-0.00024683806928262254,-3.8910774219918696e-11,9.134158728485176e-08,8255.297942326404,0.0,0.0012882792438764748,-0.6808345256718338,-2.0881190146155997,-0.03996530495401313,-0.00013722758400541073,0.0634886460224894,-2.9030752343928657e-06,-7.367189743494365e-05,0.04933384247866044,307.0237992107617,0.5102847447895045,34358.08785351429,234.56015876999336,0.4288453555939759,0.8908172151616142,0.0005147702914493341,131.66573034835255,4423.113608332919,9.754840674441507,-1.3386378977742197e-05,0.12962481645404722,131.66563422494494,0.0,0.0,0.0,1.1072672132404895e-07,1.4670348907051887e-07,-0.00017666934932420025,0.0,0.0,-0.0,0.0,0.0,0.0,0.0,0.0,0.0,0.0,0.0,0.5,0.0,0.0,1.0,0.0,0.0,0.0
13.600000000000001,83.40115138017985,-0.3361611697829244,103.13983996174592,-2.6873344684888418e-05,-8.748475828694883e-06,0.0475704125857087,-0.21803585181778898,-0.3711304804580408,0.45516348417924607,0.7794538983435624,6386379.082445421,0.5964011041258612,-0.00024819137889528606,-3.91241871830714e-11,9.33864239053223e-08,8242.082445448885,0.0,-0.002635190098951632,-0.6808384550358338,-2.0818859435635653,-0.03851521087497358,5.2966138238640615e-05,0.061190533426528,8.499491830969348e-07,-7.230974720953149e-05,0.047547787768267534,307.079864924506,0.5110787436814627,34424.129205732446,234.64583709738386,0.4319437073582478,0.8908200888183212,-0.0025342967180427473,132.64121586825843,4495.882148391549,9.754881322698584,-1.3533324169164493e-05,0.13155267946713897,132.6411056966683,0.0,0.0,0.0,9.705504439849012e-08,1.2638676314479125e-07,-0.00017180452398150078,0.0,0.0,0.0,0.0,0.0,0.0,0.0,0.0,0.0,0.0,0.0,0.5,0.0,0.0,1.0,0.0,0.0,0.0
13.700000000000001,84.01209848779894,-0.7312182769365161,103.89829707847667,-2.332017797733273e-05,-7.458922829795748e-06,0.045833788686536536,-0.21985260246594004,-0.3700643951853008,0.4560291759830571,0.7789440666329447,6386365.769556051,0.6096522091995807,-0.000249544598519588,-3.93375874523854e-11,9.546152401654511e-08,8228.769556080302,0.0,-0.0064158090332187695,-0.6808242172536086,-2.0758792231926457,-0.037103709415164964,0.0002227455937325876,0.05895428769112197,4.106092948882733e-06,-7.114917182506961e-05,0.04581116359333779,307.1363285300249,0.5118800409690624,34490.814420818024,234.73214738056245,0.4350403794970894,0.890833811617324,-0.005472466376887293,133.61670548238143,4569.406814873102,9.754922270770559,-1.345264577423677e-05,0.13349455387735296,133.61654639896148,0.0,0.0,0.0,8.497494240369175e-08,1.0871962123232459e-07,-0.00016701138436029343,0.0,0.0,0.0,0.0,0.0,0.0,0.0,0.0,0.0,0.0,0.0,0.5,0.0,0.0,1.0,0.0,0.0,0.0
13.8,84.62134906745186,-1.117482704675611,104.6567657557453,-2.0210099383198348e-05,-6.3469726253198766e-06,0.044145853294984716,-0.2216016133863244,-0.36903546438424806,0.4568610023352341,0.7784489412804567,6386352.35927371,0.6230978160558469,-0.00025088448117343464,-3.95488868120023e-11,9.756709010129013e-08,8215.359273741022,0.0,-0.010057423630055252,-0.6807941655796571,-2.070092704470536,-0.03573057773453306,0.0003736018783545393,0.05677934491862643,6.929461815204233e-06,-7.016018419531616e-05,0.04412322794958873,307.193205205774,0.5126872002991599,34557.987484260106,234.81908908301054,0.43813533954554634,0.8908571924855747,-0.008302825499174113,134.5921992689165,4643.679723996593,9.754963518664518,-1.32897724824943e-05,0.13545051846539735,134.59202056628698,0.0,0.0,0.0,7.429722977309053e-08,9.333484644237433e-08,-0.00016229086970811135,0.0,0.0,-0.0,0.0,0.0,0.0,0.0,0.0,0.0,0.0,0.0,0.5,0.0,0.0,1.0,0.0,0.0,0.0
13.9,85.22905142136538,-1.495008490652487,105.41524498621429,-1.7489997367770435e-05,-5.388455938452609e-06,0.04250607972293719,-0.22328460013364934,-0.3680430001471194,0.45765999135990665,0.7779685992876597,6386338.8511296855,0.6367402067357038,-0.00025223392827646273,-3.9761695403535095e-11,9.970347982967679e-08,8201.851129716882,0.0,-0.013563217335030377,-0.6807502304024617,-2.064521301772579,-0.03439569891668122,0.0005068643977180471,0.05466535168850918,9.372974532098329e-06,-6.93188613709733e-05,0.0424834541457588,307.2504969396985,0.5135002498834667,34625.65074388146,234.9066652435014,0.44122856784427333,0.8908891667260653,-0.011027925536205584,135.5676973031945,4718.70911524971,9.755005067829089,-1.3167577006830319e-05,0.1374207019883258,135.56755800004123,0.0,0.0,0.0,6.486593421988579e-08,7.993998315854029e-08,-0.00015764466946081165,0.0,0.0,0.0,0.0,0.0,0.0,0.0,0.0,0.0,0.0,0.0,0.5,0.0,0.0,1.0,0.0,0.0,0.0
14.0,85.83535899253306,-1.8639378616932072,106.17373404091838,-1.5116423073038515e-05,-4.5660299788592456e-06,0.040913471094028535,-0.22490379239401304,-0.36708584999094757,0.45842730108986235,0.7775026902728029,6386325.245591877,0.6505799714399525,-0.0002535827686011807,-3.997440986200404e-11,1.018707858614539e-07,8188.245591909935,0.0,-0.016937623231160624,-0.680693794281601,-2.059157957632817,-0.03309850694138297,0.0006239456554617387,0.05261128959472989,1.1479790447007115e-05,-6.860814972844295e-05,0.040890845302911455,307.30816814545096,0.514322358481205,34694.14957857186,234.99487402581406,0.4443201093313596,0.8909286760680153,-0.013651267471302596,136.54319944110134,4794.525813539694,9.755046916829532,-1.313577987360759e-05,0.13940521753611299,136.5430974547679,0.0,0.0,0.0,5.6556764385708224e-08,6.833560624762484e-08,-0.0001530746102240013,0.0,0.0,0.0,0.0,0.0,0.0,0.0,0.0,0.0,0.0,0.0,0.5,0.0,0.0,1.0,0.0,0.0,0.0
14.100000000000001,86.44040872750864,-2.224376770949018,106.9322322295966,-1.305024701441531e-05,-3.863390770151827e-06,0.039367251046976894,-0.22646108429424833,-0.3661630879873427,0.45916395263945387,0.777051007300156,6386311.542659929,0.6646185929839645,-0.00025490064525920557,-4.018224477164107e-11,1.0406924067897028e-07,8174.542659964412,0.0,-0.020184371750527553,-0.6806262366860989,-2.0539967433442192,-0.03183858401501243,0.0007260944757329637,0.05061638800911436,1.3288798558285772e-05,-6.801199406194997e-05,0.03934462505748001,307.3662468562214,0.5151508591443148,34763.193909322166,235.08371443344163,0.4474099126131884,0.8909747843736934,-0.01617579053787451,137.5187056461857,4871.110537058772,9.755089065672673,-1.3232751832958913e-05,0.14140414870468734,137.51860998824665,0.0,0.0,0.0,4.9254594021818255e-08,5.8327004083061114e-08,-0.00014858093995707565,0.0,0.0,0.0,0.0,0.0,0.0,0.0,0.0,0.0,0.0,0.0,0.5,0.0,0.0,1.0,0.0,0.0,0.0
14.200000000000001,87.04432475473384,-2.5763970669032763,107.69073889589609,-1.1255488132683955e-05,-3.265017676823017e-06,0.03786684825833881,-0.22795807896969875,-0.3652739872412452,0.4598708500169051,0.7766134723943325,6386297.741865188,0.6788584669486672,-0.00025618632792109906,-4.038500616953921e-11,1.0629921974949519e-07,8160.741865224205,0.0,-0.023306578120291924,-0.6805489513238817,-2.049032717546936,-0.030615653519235404,0.0008144282492737614,0.048680111378153305,1.4835782886519763e-05,-6.75150885923824e-05,0.03784422208397988,307.4247403501179,0.5159852767448079,34832.73133681929,235.1731893162754,0.45049795060379916,0.8910266502701117,-0.01860394145483066,138.49421607259555,4948.4671014434925,9.755131515807168,-1.3273272346718082e-05,0.14341731587302087,138.49409571797997,0.0,0.0,0.0,4.285123265733375e-08,4.9722996941631076e-08,-0.00014416487459158983,0.0,0.0,0.0,0.0,0.0,0.0,0.0,0.0,0.0,0.0,0.0,0.5,0.0,0.0,1.0,0.0,0.0,0.0
14.3,87.64723401640703,-2.920156849453461,108.44925329887616,-9.695600890045928e-06,-2.7547525762470852e-06,0.03641124236296851,-0.22939694529508878,-0.36441754104083557,0.4605492025093292,0.7761899344736698,6386283.843675433,0.6933000059721012,-0.00025746834272670754,-4.0587190872279397e-11,1.0856078793934275e-07,8146.84367547029,0.0,-0.026308507679384988,-0.6804634827456075,-2.044259128744116,-0.029429052921105335,0.0008901279207088935,0.04680132372730001,1.6157002185843277e-05,-6.710152745609479e-05,0.03638861601523455,307.4836376402832,0.5168264441515713,34902.853298918,235.26329596305072,0.4535842339651387,0.8910834463407667,-0.02093904608275664,139.4697308190614,5026.604971393293,9.755174265798692,-1.3184443166854482e-05,0.1454445173978319,139.46958463947087,0.0,0.0,0.0,3.7233120775426574e-08,4.231653235852962e-08,-0.0001398271602168665,0.0,0.0,0.0,0.0,0.0,0.0,0.0,0.0,0.0,0.0,0.0,0.5,0.0,0.0,1.0,0.0,0.0,0.0
14.4,88.24924960582895,-3.2557785781453874,109.20777478251576,-8.338556597291823e-06,-2.318221965691803e-06,0.03499962505849,-0.23077953006759908,-0.36359292920913144,0.4612000659608322,0.7757803276306853,6386269.8480901625,0.7079445430883192,-0.00025880103259261585,-4.079736549651604e-11,1.108541542916527e-07,8132.848090201616,0.0,-0.029193765652194333,-0.6803712888730802,-2.0396702781698903,-0.02827826441880808,0.0009542365518381866,0.04497913283595222,1.728424508379034e-05,-6.675715425607507e-05,0.03497699854708494,307.5429168113387,0.5176764575587037,34973.78810793003,235.35403515960738,0.45666878421079937,0.8911444421484926,-0.023183911585227972,140.44524991287707,5105.549953770866,9.755217315654644,-1.3100260431997413e-05,0.14748587596482565,140.44512012215313,0.0,0.0,0.0,3.229893171246385e-08,3.591908907142587e-08,-0.00013556908639238022,0.0,0.0,-0.0,0.0,0.0,0.0,0.0,0.0,0.0,0.0,0.0,0.5,0.0,0.0,1.0,0.0,0.0,0.0
14.5,88.85047366214194,-3.58334925402053,109.96630297954178,-7.161576102456415e-06,-1.946689090599655e-06,0.033631386983818345,-0.23210732513693932,-0.36279939459414373,0.46182422656787825,0.7753844368897209,6386255.754640726,0.7227945098753745,-0.0002601652622134098,-4.101251361818873e-11,1.131796999292031e-07,8118.754640767041,0.0,-0.03196536231766847,-0.680273289648282,-2.035261409820805,-0.027162888843171966,0.001007682098033654,0.04321286279219582,1.8240093137529876e-05,-6.647341941945057e-05,0.03360876031717711,307.60261049215,0.5185324146867667,35045.21892877608,235.44540885022877,0.4597515363954207,0.8912089843943951,-0.02534087562888608,141.42077336380882,5185.28257276087,9.755260666823865,-1.2992596711095908e-05,0.1495414733672007,141.4206746904205,0.0,0.0,0.0,2.7978713494398563e-08,3.0422050019944915e-08,-0.00013139088677590921,0.0,0.0,0.0,0.0,0.0,0.0,0.0,0.0,0.0,0.0,0.0,0.5,0.0,0.0,1.0,0.0,0.0,0.0
14.600000000000001,89.45100861677204,-3.903036269290571,110.72483751763625,-6.143405544300475e-06,-1.6321657836233653e-06,0.032305502716316284,-0.23338230259569004,-0.3620358883411387,0.46242269160382193,0.775001892915148,6386241.563795011,0.7378504052841349,-0.00026148983986502654,-4.1221412567462665e-11,1.155375032437386e-07,8104.56379505309,0.0,-0.034627332473238535,-0.6801703460715957,-2.0310261496020994,-0.026082166829463727,0.0010514327368257562,0.0415012797223876,1.904552175829372e-05,-6.62425541140152e-05,0.03228287590168242,307.66271670095443,0.5193942871189546,35117.14339003397,235.5374140014121,0.4628324873407596,0.891276444101584,-0.02741306345008206,142.39630102709546,5265.803946028182,9.755304317871753,-1.3028181577112719e-05,0.1516115181435159,142.39621628503727,0.0,0.0,0.0,2.42066705052885e-08,2.5725444631985502e-08,-0.0001272927663598268,0.0,0.0,0.0,0.0,0.0,0.0,0.0,0.0,0.0,0.0,0.0,0.5,0.0,0.0,1.0,0.0,0.0,0.0
14.700000000000001,90.0509462938597,-4.214971505326098,111.48337805095856,-5.264609804629507e-06,-1.367010234506439e-06,0.031021151309064167,-0.23460614796023496,-0.36130155088191723,0.46299634788966465,0.774632442803851,6386227.27555261,0.7531136696376615,-0.00026275182485645775,-4.142044591998306e-11,1.1792779009301543e-07,8090.275552654639,0.0,-0.037183098217728236,-0.6800633301776741,-2.026959098681031,-0.025035493647693544,0.0010863441491401372,0.03984339907003309,1.971973159476429e-05,-6.605710524234634e-05,0.03099852435264401,307.72320775530255,0.5202647363879438,35189.85177880639,235.6300516063488,0.4659116679423017,0.8913462629932052,-0.029403117866810182,143.37183298982845,5347.146340758513,9.755348268805525,-1.3115312469835771e-05,0.15369586790841083,143.37173554460645,0.0,0.0,0.0,2.092118228682057e-08,2.173025493971652e-08,-0.0001232758334175626,0.0,0.0,-0.0,0.0,0.0,0.0,0.0,0.0,0.0,0.0,0.0,0.5,0.0,0.0,1.0,0.0,0.0,0.0
14.8,90.6503701258831,-4.519254425301046,112.24192425492207,-4.507157218726651e-06,-1.1438010240451272e-06,0.029777696556634627,-0.23578029951471854,-0.3605956902187156,0.46354598132189934,0.7742759413644933,6386212.889444815,0.7685867187956531,-0.000263978911391726,-4.161397937600899e-11,1.2035093915812091e-07,8075.889444861251,0.0,-0.039635547623065814,-0.6799531428260656,-2.023055707995223,-0.024022405554484177,0.0011131822629345423,0.03823846320938806,2.0280558600203656e-05,-6.590981437449005e-05,0.029755069463694918,307.78410005350526,0.521142405313898,35263.19534114212,235.72332418817106,0.468989037423833,0.8914179383172792,-0.03131326365848387,144.34736942001825,5429.305257370723,9.755392521074432,-1.3112003770743286e-05,0.1557943595058191,144.34724473860575,0.0,0.0,0.0,1.8063337271777743e-08,1.83365874870935e-08,-0.00011934046559405304,0.0,0.0,0.0,0.0,0.0,0.0,0.0,0.0,0.0,0.0,0.0,0.5,0.0,0.0,1.0,0.0,0.0,0.0
14.9,91.24936210804262,-4.816061289717703,113.00047574775238,-3.852799963975212e-06,-9.547966302774317e-07,0.028574103789212567,-0.23690665333921354,-0.35991737649478267,0.4640726167107668,0.7739321649690809,6386198.405939382,0.7842699265500872,-0.0002652496435729108,-4.1814394722625066e-11,1.228070092428736e-07,8061.405939429688,0.0,-0.041988499428020985,-0.6798407546575301,-2.0193099567796535,-0.023042101497878734,0.0011327375378480174,0.03668518733066266,2.0745980807051155e-05,-6.579313115124619e-05,0.028551476564071077,307.84540460817874,0.5220260162835039,35337.03545819921,235.81722824928616,0.4720645738344841,0.8914909971345577,-0.0331464440071647,145.3229103383828,5512.26921092425,9.755437073244295,-1.306155203669353e-05,0.15790696869930798,145.32277751974752,0.0,0.0,0.0,1.557157953772452e-08,1.5436179375432006e-08,-0.00011548622638884488,0.0,0.0,0.0,0.0,0.0,0.0,0.0,0.0,0.0,0.0,0.0,0.5,0.0,0.0,1.0,0.0,0.0,0.0
15.0,91.84799549385417,-5.105532979774252,113.75903227573157,-3.287462773626535e-06,-7.945344106015353e-07,0.027409536729840214,-0.2379868020778156,-0.3592658007845554,0.4645770952744458,0.7736008778962462,6386183.825035828,0.8001646777127546,-0.0002666077277684194,-4.2028581976262784e-11,1.252962175275719e-07,8046.825035878457,0.0,-0.04424519465865707,-0.6797269059702715,-2.0157167385077868,-0.022093925273482307,0.0011457063598491694,0.03518252608551357,2.1129845725901512e-05,-6.570175729282205e-05,0.027386909376092682,307.90711240130537,0.5229164410214567,35411.46733712442,235.91176411623593,0.475138280023902,0.8915650215690532,-0.034905152191795706,146.2984557934825,5596.052564456901,9.755481925322698,-1.293531730794939e-05,0.16003366278078346,146.2983432928626,0.0,0.0,0.0,1.3398762519054886e-08,1.2953573004933053e-08,-0.00011171346983659028,0.0,0.0,-0.0,0.0,0.0,0.0,0.0,0.0,0.0,0.0,0.0,0.5,0.0,0.0,1.0,0.0,0.0,0.0
15.100000000000001,92.44633659878832,-5.387776986237192,114.51759372256164,-2.80147807229044e-06,-6.599433638714833e-07,0.026283346464015603,-0.23902205446119068,-0.3586402419717539,0.46506006862029,0.7732817902102403,6386169.14626551,0.8162734533755468,-0.00026795845957663055,-4.224161182144439e-11,1.27818952927767e-07,8032.146265561381,0.0,-0.0464083599481091,-0.6796120472696324,-2.012271760060776,-0.02117735756271144,0.0011527098890154303,0.03372966065009034,2.1441631036394468e-05,-6.563276330682501e-05,0.026260718984723444,307.96920175433587,0.5238159948259561,35486.74311640967,236.00693567592006,0.4782101724503704,0.8916396371482976,-0.036591483606789495,147.27400569259567,5680.689491574915,9.7555270787589,-1.2877933500021754e-05,0.162174763074925,147.27391134739185,0.0,0.0,0.0,1.1513889272074097e-08,1.0849612089559558e-08,-0.00010802315300378642,0.0,0.0,0.0,0.0,0.0,0.0,0.0,0.0,0.0,0.0,0.0,0.5,0.0,0.0,1.0,0.0,0.0,0.0
15.200000000000001,93.0444494234377,-5.662971869078648,115.27615991629989,-2.384832298943476e-06,-5.475787279312433e-07,0.025194515320057162,-0.24001412604068725,-0.3580397610341759,0.46552239600295564,0.772974531430749,6386154.37009628,0.8325966777957892,-0.0002692404116361553,-4.2443800673580605e-11,1.3037528215987317e-07,8017.370096334256,0.0,-0.04848155302902763,-0.679496665093596,-2.0089694118107397,-0.02029157079901504,0.001154381421521255,0.03232528789060978,2.1691093688626545e-05,-6.55828703171001e-05,0.02517188771776461,308.0317030925109,0.5247215174928462,35562.51837751098,236.10273873306485,0.48128019907596603,0.8917145003257732,-0.03820817441980805,148.24956000185617,5766.1481452506105,9.755572532118457,-1.2943774249170778e-05,0.16433027513558804,148.24946650445463,0.0,0.0,0.0,9.883484472544389e-09,9.07761024302902e-09,-0.00010441421481306128,0.0,0.0,0.0,0.0,0.0,0.0,0.0,0.0,0.0,0.0,0.0,0.5,0.0,0.0,1.0,0.0,0.0,0.0
15.3,93.64239150268756,-5.931262794727184,116.03473070548925,-2.0283068980465457e-06,-4.54096571091119e-07,0.02414221007429693,-0.2409644892216974,-0.3574635764082834,0.46596483204637706,0.7726788249376526,6386139.496527699,0.8491357747379271,-0.0002704528242136683,-4.2635028699734065e-11,1.329654285190009e-07,8002.496527754702,0.0,-0.05046780841579423,-0.6793812640346306,-2.005804913431349,-0.019435885244341373,0.0011512803807183544,0.03096833887634149,2.1887234232712757e-05,-6.554887716472802e-05,0.02411958235110422,308.0946164177017,0.5256330090492374,35638.793122696974,236.19917329053854,0.4843483491564947,0.8917893055889228,-0.039757553443232674,149.22511884591728,5852.43369065552,9.755618285408959,-1.3016155129719209e-05,0.16649999859676967,149.22500875817772,0.0,0.0,0.0,8.47598225542085e-09,7.590626353394224e-09,-0.00010088657904455217,0.0,0.0,-0.0,0.0,0.0,0.0,0.0,0.0,0.0,0.0,0.0,0.5,0.0,0.0,1.0,0.0,0.0,0.0
15.4,94.24021527083738,-6.192764980410126,116.79330595556465,-1.7232595922433748e-06,-3.761744511559537e-07,0.023125762181306138,-0.2418744081992013,-0.3569110454451605,0.4663880446486171,0.7723944814077016,6386124.52509101,0.8658932012549733,-0.0002716555871778272,-4.2824737087512557e-11,1.3558977717704852e-07,7987.525091069129,0.0,-0.052369708239923325,-0.6792663807250243,-2.0027742017937458,-0.01860975343494528,0.0011439077507811777,0.029657954265624904,2.2038510611504354e-05,-6.552758478421504e-05,0.023103134338899076,308.15790834448205,0.5265539339947368,35715.94551887719,236.296243658357,0.4874146587451848,0.8918637771205793,-0.04124159916724608,150.2006823582187,5939.594108759274,9.755664340080203,-1.300308428161164e-05,0.1686838512543242,150.20055325108538,0.0,0.0,0.0,7.2609830341858924e-09,6.340255209889337e-09,-9.74410938793497e-05,0.0,0.0,0.0,0.0,0.0,0.0,0.0,0.0,0.0,0.0,0.0,0.5,0.0,0.0,1.0,0.0,0.0,0.0
15.5,94.83796958110595,-6.447660241913178,117.55188549552541,-1.4611874648345163e-06,-3.10495467219821e-07,0.022144159040090865,-0.24274550807140569,-0.35638132251349364,0.46679287911861134,0.7721212235031498,6386109.456253967,0.8828693091358193,-0.0002729545972060583,-4.3029619789836825e-11,1.3824838351315916e-07,7972.456254028094,0.0,-0.054190577212212744,-0.6791525475715313,-1.9998720349632093,-0.01781234054838871,0.0011327667476882103,0.02839282359144785,2.2153181411905544e-05,-6.551582091708034e-05,0.022121531079741494,308.22160490835455,0.5274815422971065,35793.67553730691,236.3939457972464,0.4904790822252032,0.8919376735617502,-0.0426628668999237,151.17625052380114,6027.6010618067285,9.755710694698111,-1.2946666553640776e-05,0.1708818492528176,151.17612498474284,0.0,0.0,0.0,6.207642481605816e-09,5.276533792723334e-09,-9.407654391593669e-05,0.0,0.0,0.0,0.0,0.0,0.0,0.0,0.0,0.0,0.0,0.0,0.5,0.0,0.0,1.0,0.0,0.0,0.0
15.600000000000001,95.43569830125374,-6.696096459922316,118.31046925956383,-1.236641143560659e-06,-2.554462548284387e-07,0.02119657752306479,-0.24357914462287453,-0.35587365296988105,0.46718000613843,0.7718587360444367,6386094.2900161175,0.9000655074724048,-0.0002743189097868879,-4.324479869954516e-11,1.4094146854041003e-07,7957.290016180836,0.0,-0.05593324280899263,-0.67904005813917,-1.997093956243977,-0.017042958349245102,0.0011183005736558522,0.02717187342927121,2.2236488845770794e-05,-6.551209636355112e-05,0.02117394944578362,308.2857131892466,0.5284151464036824,35871.907981135635,236.49227945581254,0.4935415974837995,0.8920107809952069,-0.04402352675806613,152.15182336885323,6116.452178015868,9.755757349270409,-1.2815658699594222e-05,0.17309396832183668,152.15171321162532,0.0,0.0,0.0,5.296974932905e-09,4.376800849815716e-09,-9.079249901048145e-05,0.0,0.0,0.0,0.0,0.0,0.0,0.0,0.0,0.0,0.0,0.0,0.5,0.0,0.0,1.0,0.0,0.0,0.0
15.700000000000001,96.03344140401177,-6.9381915078019,119.06905722293438,-1.0453983014377295e-06,-2.0985537411229526e-07,0.020282354036564452,-0.2443764606767447,-0.35538738954031523,0.46754998322666247,0.7716067343301017,6386079.025908776,0.9174842991212252,-0.0002756440380168365,-4.345380210944674e-11,1.4366942462401356e-07,7942.0259088417515,0.0,-0.057600104645193315,-0.6789291346655337,-1.9944361861306952,-0.01630104646798986,0.0011009057824294412,0.02599423362099834,2.2292480377523254e-05,-6.551534665455649e-05,0.02025972584312162,308.3502126070673,0.529356978232683,35950.88654303752,236.59124848520744,0.49660222019272965,0.8920829064768719,-0.04532542000279017,153.1274008109668,6206.1827043448975,9.755804305246922,-1.2799951245294022e-05,0.17532055505935776,153.1272994863743,0.0,0.0,0.0,4.514537470251685e-09,3.6251356931194294e-09,-8.758933598550716e-05,0.0,0.0,0.0,0.0,0.0,0.0,0.0,0.0,0.0,0.0,0.0,0.5,0.0,0.0,1.0,0.0,0.0,0.0
15.8,96.63123519984222,-7.1741244849453345,119.82764931489068,-8.82985790238316e-07,-1.72353107361369e-07,0.01940050832059307,-0.24513892365988693,-0.35492170652899485,0.4679035303273276,0.7713648617052357,6386063.664399774,0.9351260519089306,-0.0002768871699894047,-4.36498808931103e-11,1.4643230966503e-07,7926.664399842732,0.0,-0.05919422462091889,-0.678820006909601,-1.9918938926565113,-0.015585783503233088,0.001080974939415982,0.02485862187595616,2.2325400440349324e-05,-6.552432753473888e-05,0.01937788001155213,308.41510284415847,0.5303068469002911,36030.5910585892,236.6908497923748,0.4996609466276083,0.8921538889390384,-0.046570900099630136,154.10298287824642,6296.792997410711,9.755851561193332,-1.2883718037907482e-05,0.1775614951089087,154.10287692014572,0.0,0.0,0.0,3.844340972007843e-09,3.0016497165746735e-09,-8.446615156498234e-05,0.0,0.0,0.0,0.0,0.0,0.0,0.0,0.0,0.0,0.0,0.0,0.5,0.0,0.0,1.0,0.0,0.0,0.0
15.9,97.22911246650531,-7.404043975853698,120.58624548211492,-7.452330861044326e-07,-1.4157017727083613e-07,0.01855022688117126,-0.2458677978047464,-0.3544759086969284,0.4682412790488729,0.7711328382054363,6386048.205488642,0.952992186120095,-0.00027806855161662783,-4.383622664073582e-11,1.492303464450857e-07,7911.205488712527,0.0,-0.06071822691586647,-0.678712928547833,-1.9894629368755907,-0.014896485227167754,0.0010588548149207625,0.023763971664370186,2.233922393677153e-05,-6.553777780457362e-05,0.01852759845692032,308.48040452828826,0.5312627383637442,36110.80095350694,236.791082637732,0.5027177331703258,0.8922235846990397,-0.047761981335833384,155.07856969192616,6388.265162590302,9.755899117117572,-1.2947310473521156e-05,0.17981659476525635,155.07844891133294,0.0,0.0,0.0,3.2710341522829954e-09,2.4856372380784617e-09,-8.142207692105357e-05,0.0,0.0,-0.0,0.0,0.0,0.0,0.0,0.0,0.0,0.0,0.0,0.5,0.0,0.0,1.0,0.0,0.0,0.0
16.0,97.82710322677244,-7.628071575578195,121.34484568745275,-6.281733361457956e-07,-1.1610525830131412e-07,0.017730843688685907,-0.24656417414559878,-0.3540494147661021,0.46856378765025414,0.7709104539141355,6386032.648706591,0.9710852081960988,-0.0002792719670008318,-4.4026047507727584e-11,1.5206392791230288e-07,7895.648706664021,0.0,-0.062174359881143546,-0.678608184631104,-1.9871397751216673,-0.014232588549525442,0.0010348563550786787,0.02270940720892526,2.2337750705204403e-05,-6.55543896426368e-05,0.01770821514943667,308.54610735379055,0.5322258875410211,36191.65091189119,236.89195050409097,0.5057725797946611,0.8922918633892739,-0.04890038821520438,156.05416134578005,6480.623530037082,9.755946974469978,-1.2934669491926343e-05,0.18208584837744488,156.0540291520328,0.0,0.0,0.0,2.7795900297971615e-09,2.0550662925069353e-09,-7.845706626600115e-05,0.0,0.0,0.0,0.0,0.0,0.0,0.0,0.0,0.0,0.0,0.0,0.5,0.0,0.0,1.0,0.0,0.0,0.0
16.1,98.42523316392072,-7.846385220361452,122.10344986604352,-5.28163775281742e-07,-9.471725780061945e-08,0.016941401457585867,-0.2472294223328004,-0.35364147321469674,0.4688717417916658,0.7706974080686608,6386016.99452138,0.989405445988196,-0.00028059547244133206,-4.4234801720794075e-11,1.549331057186393e-07,7879.99452145646,0.0,-0.06356545535686633,-0.6785060078712682,-1.984919934809383,-0.013593290072305567,0.0010092814342831822,0.021693673742429267,2.232440884501307e-05,-6.557303148892323e-05,0.016918772803387386,308.61218971684247,0.5331981920959747,36273.34979129947,236.9934510667635,0.5088255176309887,0.8923586274149058,-0.0499883001399793,157.029757827221,6573.893735270786,9.755995131816501,-1.2849369478355277e-05,0.18436923424867288,157.029631722041,0.0,0.0,0.0,2.355966479720839e-09,1.6900606173251871e-09,-7.557032234152336e-05,0.0,0.0,0.0,0.0,0.0,0.0,0.0,0.0,0.0,0.0,0.0,0.5,0.0,0.0,1.0,0.0,0.0,0.0
16.2,99.02352555328531,-8.059131540847314,122.86205801603094,-4.4322667179341256e-07,-7.701136600801818e-08,0.016181108150447147,-0.24786468891790658,-0.35325141609607497,0.4691656881626276,0.7704933828802553,6386001.242932563,1.0079543071846335,-0.0002819545129735985,-4.444915962986032e-11,1.5783810068940028e-07,7864.242932641879,0.0,-0.06489392625193235,-0.6784064711393002,-1.9827996056024726,-0.012977919064470975,0.0009823960153598973,0.020715727793962257,2.2300993504328732e-05,-6.559340245092635e-05,0.01615847938125079,308.67868325814715,0.5341765465327662,36355.55701818406,237.09558318711774,0.5118764841914982,0.8924237895396689,-0.05102757311601943,158.00535913104144,6668.043971586558,9.756043589165117,-1.2730401813598746e-05,0.18666680877245767,158.00524302076758,0.0,0.0,0.0,1.993032255362318e-09,1.3852121356064164e-09,-7.2760671962401e-05,0.0,0.0,-0.0,0.0,0.0,0.0,0.0,0.0,0.0,0.0,0.0,0.5,0.0,0.0,1.0,0.0,0.0,0.0
16.3,99.62200188804638,-8.26643072187115,123.6206701528594,-3.7158918544939737e-07,-6.256326512207477e-08,0.015449315185240689,-0.24847095536078295,-0.35287867571689563,0.46944609762252204,0.7702981132241125,6385985.393471406,1.026734321148385,-0.0002832569377880983,-4.46545940003613e-11,1.607793093840528e-07,7848.393471489039,0.0,-0.0661618364629345,-0.6783096547742509,-1.9807755300769143,-0.01238592309384031,0.0009544389863799886,0.019774712010041204,2.2269121818619458e-05,-6.56151592695247e-05,0.015426686300888386,308.7455854296499,0.5351614265953286,36438.32408678751,237.1983500680375,0.5149254663661399,0.8924872697682752,-0.05201979445015491,158.98096522007944,6763.089735127051,9.756092347966215,-1.2742429324437884e-05,0.18897885022384744,158.98085276539408,0.0,0.0,0.0,1.6843132549738384e-09,1.134362564778261e-09,-7.002779842928848e-05,0.0,0.0,0.0,0.0,0.0,0.0,0.0,0.0,0.0,0.0,0.0,0.5,0.0,0.0,1.0,0.0,0.0,0.0
16.400000000000002,100.22067954444353,-8.46845459172467,124.37928625145281,-3.1136402744377305e-07,-5.0870844360993513e-08,0.01474510715671155,-0.24904945696179226,-0.3525225401462627,0.46971356471375014,0.7701112697350769,6385969.446605729,1.0457458081098,-0.00028447395773420367,-4.484656623326671e-11,1.637567822719396e-07,7832.446605814931,0.0,-0.06737176961667998,-0.6782156261331517,-1.9788436229297461,-0.011816532135939351,0.0009256376277918858,0.018869424106813283,2.2230482735282868e-05,-6.563789490303732e-05,0.014722478156972614,308.812858376185,0.5361563433478674,36522.03732373954,237.30174997349408,0.5179725233056997,0.8925490174078237,-0.05296695466784959,159.95657614002738,6859.077898631272,9.756141406785597,-1.2837467380677483e-05,0.19130520397637937,159.95645785575127,0.0,0.0,0.0,1.4226296060232504e-09,9.297475615934711e-10,-6.737096771086866e-05,0.0,0.0,0.0,0.0,0.0,0.0,0.0,0.0,0.0,0.0,0.0,0.5,0.0,0.0,1.0,0.0,0.0,0.0
16.5,100.81957436178634,-8.66534775774684,125.13790630390938,-2.6075932030587194e-07,-4.1411673967607696e-08,0.014067714442427538,-0.24960126151609083,-0.3521824042559457,0.46996861059161577,0.7699325850725264,6385953.402335038,1.0649901904030756,-0.0002856386545340776,-4.503029149525514e-11,1.6677074248829464e-07,7816.402335126884,0.0,-0.06852594954656874,-0.6781244779401805,-1.9770003687953788,-0.011269097061224299,0.0008961926735464918,0.01799885165351968,2.2186697560005436e-05,-6.566116894070807e-05,0.014045085327011495,308.88054223245166,0.5371573371491587,36606.261889323716,237.4057814556779,0.5210175779673758,0.8926089866830099,-0.053870765664589766,160.9321919952017,6955.964708691912,9.7561907656315,-1.2897914942300304e-05,0.19364570189760855,160.93206199095377,0.0,0.0,0.0,1.200925555060015e-09,7.629077953326744e-10,-6.478877823189987e-05,0.0,0.0,-0.0,0.0,0.0,0.0,0.0,0.0,0.0,0.0,0.0,0.5,0.0,0.0,1.0,0.0,0.0,0.0
16.6,101.41870101831547,-8.85723103734942,125.89653031931543,-2.1803612306148388e-07,-3.363063552319101e-08,0.013416494941872395,-0.25012729464824723,-0.3518577553612825,0.4702116953880709,0.769761847574431,6385937.260190515,1.0844700262124876,-0.0002868467596796036,-4.52208616329262e-11,1.698215911283789e-07,7800.260190607359,0.0,-0.0696262930256337,-0.6780363314698526,-1.9752427389245852,-0.010743074243480194,0.0008662843808074335,0.01716214811806475,2.2139358486876614e-05,-6.56844973550852e-05,0.01339386571041625,308.9486380058524,0.5381645334823864,36691.01082722703,237.51044758957005,0.5240606116172005,0.8926671352704963,-0.054732702741037254,161.9078128563751,7053.76150679075,9.756240425954799,-1.2887822660919332e-05,0.1960003803863373,161.90767567059933,0.0,0.0,0.0,1.0121413644458092e-09,6.244827830598468e-10,-6.228066641558612e-05,0.0,0.0,0.0,0.0,0.0,0.0,0.0,0.0,0.0,0.0,0.0,0.5,0.0,0.0,1.0,0.0,0.0,0.0
16.7,102.01806988086696,-9.044271898117357,126.65515827706886,-1.8173112460689945e-07,-2.7107622994933025e-08,0.012790563845483096,-0.25062869538996396,-0.35154794408873075,0.47044337237400385,0.7695987654056882,6385921.020639933,1.104185612849209,-0.0002881786459457973,-4.543094735122545e-11,1.7290937508343954e-07,7784.0206400283305,0.0,-0.07067516845260481,-0.6779512449489138,-1.9735669842210435,-0.010237722046827309,0.0008360793667238106,0.01635815325254717,2.208974492803484e-05,-6.570754317125651e-05,0.012767934497567742,309.01710170086096,0.5391820707483254,36776.73998176391,237.61574686459932,0.5271016948788423,0.8927234491205407,-0.055554594080186724,162.8834387210145,7152.525038235547,9.756290386321458,-1.2781857246106181e-05,0.19836917825962053,162.88330613172832,0.0,0.0,0.0,8.502986581042521e-10,5.073483522351665e-10,-5.984575615563216e-05,0.0,0.0,0.0,0.0,0.0,0.0,0.0,0.0,0.0,0.0,0.0,0.5,0.0,0.0,1.0,0.0,0.0,0.0
16.8,102.61769059436025,-9.226609713542985,127.4137901940531,-1.511602544789677e-07,-2.1767867612140246e-08,0.012189184408571932,-0.25110642316371967,-0.35125239888708776,0.47066409031168416,0.7694430510695004,6385904.6836828245,1.124138349002774,-0.00028953164557879197,-4.564436334457122e-11,1.7603431380288924e-07,7767.683682923205,0.0,-0.0716745975465039,-0.6778691892391613,-1.9719699046619166,-0.00975241969010096,0.000805724940622886,0.01558589803754579,2.2038384139093423e-05,-6.573030286102866e-05,0.012166554943735086,309.0859743360975,0.5402058811171102,36863.00202212212,237.72167779774745,0.5301407478129501,0.8927779146496055,-0.05633800055397543,163.85906957303303,7252.208496823408,9.756340646739766,-1.266936988741918e-05,0.2007521992879191,163.85894302919124,0.0,0.0,0.0,7.128517401160829e-10,4.106298414337659e-10,-5.748257930761368e-05,0.0,0.0,-0.0,0.0,0.0,0.0,0.0,0.0,0.0,0.0,0.0,0.5,0.0,0.0,1.0,0.0,0.0,0.0
16.900000000000002,103.2175723571021,-9.40436088328897,128.1724261032394,-1.2563661716169778e-07,-1.747775152415808e-08,0.011611743770545246,-0.2515613057099511,-0.350970631694224,0.47087423992725924,0.7692944650667892,6385888.248850415,1.1443307954915398,-0.0002908225938976082,-4.584799879760348e-11,1.7919680881753442e-07,7751.248850518216,0.0,-0.07262632050437645,-0.6777901575326631,-1.9704487467014733,-0.009286648935087969,0.00077535395614491,0.0148445747107818,2.1985828243961022e-05,-6.57527044317094e-05,0.011589114188271282,309.1552595243169,0.5412358316965581,36949.78158008253,237.8282433693173,0.5331777469506761,0.8928305178484123,-0.05708426554170744,164.83470540628844,7352.820055092152,9.75639120866068,-1.2692784096657307e-05,0.20314967090354233,164.8345801753934,0.0,0.0,0.0,5.971469904287763e-10,3.32294561698778e-10,-5.5190449875015914e-05,0.0,0.0,0.0,0.0,0.0,0.0,0.0,0.0,0.0,0.0,0.0,0.5,0.0,0.0,1.0,0.0,0.0,0.0
17.0,103.81772038159744,-9.577684495219556,128.9310659982408,-1.0441599561831622e-07,-1.4070519710134383e-08,0.011057407916391614,-0.2519943666112451,-0.3507020406832141,0.47107430561358155,0.7691527141450618,6385871.716610517,1.164763228151245,-0.00029202824002519726,-4.603818813953054e-11,1.8239690366661496e-07,7734.7166106232135,0.0,-0.07353247955246746,-0.6777141231525046,-1.9690001153931642,-0.008839712685536691,0.0007450851315885608,0.0141330910542598,2.1932653512904344e-05,-6.577465333298705e-05,0.011034778216146061,309.2249126014282,0.5422761490789437,37037.54483655669,237.93544209591408,0.5362127656179813,0.8928812696487598,-0.05779504498168361,165.81034626212664,7454.4196805556385,9.756442070650081,-1.2795031298177642e-05,0.20556143990453768,165.81021589021066,0.0,0.0,0.0,5.001830523743222e-10,2.696154456759586e-10,-5.296838731430428e-05,0.0,0.0,0.0,0.0,0.0,0.0,0.0,0.0,0.0,0.0,0.0,0.5,0.0,0.0,1.0,0.0,0.0,0.0
17.1,104.41813962145778,-9.746715861937572,129.68970989060338,-8.67737970326692e-08,-1.1362955374240771e-08,0.010525468559357097,-0.2524064932635833,-0.3504461103652686,0.47126471173045015,0.7690175546563324,6385855.086962619,1.1854370720120335,-0.00029318399485119803,-4.62205138078894e-11,1.8563482194142047e-07,7718.086962728761,0.0,-0.07439492572873602,-0.6776410834987356,-1.967621077627925,-0.008411018012817859,0.0007150233210335258,0.013450518644987666,2.187943945074329e-05,-6.579602876603374e-05,0.010502838740593086,309.29497248362196,0.543322953999188,37125.864614876424,238.04327256805365,0.5392457267866566,0.8929301789331321,-0.05847176892075161,166.7859922283897,7556.961393067741,9.756493232716501,-1.28601046753829e-05,0.20798736139744278,166.78585287198973,0.0,0.0,0.0,4.1892669458600043e-10,2.1943896928820238e-10,-5.081487618756915e-05,0.0,0.0,-0.0,0.0,0.0,0.0,0.0,0.0,0.0,0.0,0.0,0.5,0.0,0.0,1.0,0.0,0.0,0.0
17.2,105.01883488893576,-9.911569731325311,130.44835781007987,-7.198786121741525e-08,-9.151033178522778e-09,0.010015326335526736,-0.25279845793143996,-0.3502023993587794,0.4714458326732994,0.7688887867760633,6385838.359437876,1.2063549351098763,-0.00029438477102590357,-4.6409938794598415e-11,1.8891097259045165e-07,7701.359437990313,0.0,-0.07521526288658345,-0.6775710606428292,-1.9663090924917301,-0.008000062022009152,0.0006852629395110551,0.01279607079524071,2.1826782615413468e-05,-6.581668093836279e-05,0.009992696397670081,309.3654447161075,0.5443759200818646,37214.704215456935,238.15173769622234,0.5422766037781347,0.8929772525464863,-0.05911567667795421,167.76164337228175,7660.450888365986,9.75654469631135,-1.2852364839943675e-05,0.21042747444602122,167.7614981840863,0.0,0.0,0.0,3.502520127209781e-10,1.7810009646228435e-10,-4.8729052688298156e-05,0.0,0.0,0.0,0.0,0.0,0.0,0.0,0.0,0.0,0.0,0.0,0.5,0.0,0.0,1.0,0.0,0.0,0.0
17.3,105.61980707456262,-10.072398905569571,131.2070097513716,-5.946815659701241e-08,-7.2873925929950446e-09,0.009526183522559774,-0.25317119671273974,-0.34997036171095985,0.47161811458468356,0.7687661497965862,6385821.534504065,1.2275170832603075,-0.00029571096061326696,-4.661913704788751e-11,1.9222539759491812e-07,7684.534504182948,0.0,-0.07599544037376806,-0.6775040284185606,-1.9650610674007147,-0.0076061814687974775,0.0006558840821374558,0.01216870579288555,2.177511888808238e-05,-6.583652575055053e-05,0.009503553465018395,309.4362840174551,0.5454393577846189,37304.53970513973,238.26083602292329,0.5453054722977696,0.8930225204837343,-0.059728278123038755,168.7372996904537,7764.951444397536,9.756596460000637,-1.2748347325934144e-05,0.21288171627912786,168.7371567505662,0.0,0.0,0.0,2.9158943782892997e-10,1.4293285952441852e-10,-4.670977693091499e-05,0.0,0.0,0.0,0.0,0.0,0.0,0.0,0.0,0.0,0.0,0.0,0.5,0.0,0.0,1.0,0.0,0.0,0.0
17.400000000000002,106.22105741171175,-10.229331449978188,131.9656657366806,-4.900253380239248e-08,-5.7732274006921594e-09,0.009057372035303995,-0.2535255015590509,-0.34974951929230064,0.47178192348809594,0.76864939564415,6385804.612160695,1.248924907503563,-0.00029706258443531715,-4.683234687210262e-11,1.9557831524083575e-07,7667.61216081772,0.0,-0.07673712492923579,-0.677439912366823,-1.963874358204287,-0.007228819207696405,0.0006269580731793033,0.011567549673170275,2.1724528689251724e-05,-6.585561860337152e-05,0.00903474185746574,309.50752962057754,0.5465093360533024,37394.937614789604,238.37056612408972,0.5483322534649724,0.8930660078670468,-0.0603108647316666,169.71296118122797,7870.414622747369,9.75664852379295,-1.2627314397661848e-05,0.21535016830048903,169.71282165610506,0.0,0.0,0.0,2.42137994328896e-10,1.141132536134282e-10,-4.475552034437989e-05,0.0,0.0,-0.0,0.0,0.0,0.0,0.0,0.0,0.0,0.0,0.0,0.5,0.0,0.0,1.0,0.0,0.0,0.0
17.5,106.82258744761394,-10.382475621091345,132.7243258060288,-4.0352593652884754e-08,-4.574784518217711e-09,0.008608329622814579,-0.25386205815651935,-0.3495394612577298,0.4719375784993046,0.7685383148229309,6385787.591938953,1.270581001428412,-0.0002983568200130543,-4.703651119925694e-11,1.9897013223845538e-07,7650.591939079264,0.0,-0.0774417568698874,-0.6773786589447645,-1.962746680324067,-0.0068675053567538126,0.0005985497523547429,0.010991866008383248,2.1675136676541163e-05,-6.587397271207263e-05,0.008585699324033318,309.5791865855358,0.5475855756460621,37485.86639969137,238.4809309274503,0.5513569211041689,0.8931077356562401,-0.06086455289861326,170.68862784894583,7976.8468682676275,9.756700889139847,-1.26413664176539e-05,0.21783305213167148,170.68848876190899,0.0,0.0,0.0,2.0093602057874473e-10,9.112333738117151e-11,-4.2865387367962783e-05,0.0,0.0,0.0,0.0,0.0,0.0,0.0,0.0,0.0,0.0,0.0,0.5,0.0,0.0,1.0,0.0,0.0,0.0
17.6,107.42439519571525,-10.531974267255395,133.48298995976532,-3.32494692402778e-08,-3.6438060620261403e-09,0.008178314215656741,-0.25418170120729505,-0.3493396888578226,0.4720854690558953,0.7684326546768899,6385770.474306646,1.2924855959241321,-0.00029956649944492343,-4.722734687509199e-11,2.0240088511072276e-07,7633.474306775877,0.0,-0.07811108309352502,-0.6773201942931183,-1.9616752595790186,-0.006521625440438998,0.0005707101223210154,0.010440687874995807,2.1627072579079944e-05,-6.589159472861675e-05,0.008155683795285716,309.6512089197621,0.5486724810235404,37577.81315728655,238.59192900446934,0.5543795537618406,0.8931477448913064,-0.06139069750394258,171.66429972103103,8084.315080567044,9.756753554607242,-1.2745686253386644e-05,0.22033024052055344,171.66415675220182,0.0,0.0,0.0,1.6684286504610706e-10,7.31393109528695e-11,-4.1038193148798505e-05,0.0,0.0,0.0,0.0,0.0,0.0,0.0,0.0,0.0,0.0,0.0,0.5,0.0,0.0,1.0,0.0,0.0,0.0
17.7,108.02647915972656,-10.677949883538298,134.2416582171286,-2.7422091530215975e-08,-2.9228605018091103e-09,0.007766690615416372,-0.2544851563143759,-0.34914977217630244,0.4722259362628001,0.7683322017269131,6385753.259263247,1.3146401161871129,-0.0003007188899194138,-4.74091525473606e-11,2.058707975100764e-07,7616.259263382293,0.0,-0.07874661837083356,-0.6772644658549509,-1.9606576904892596,-0.006190653086920918,0.0005434842579040436,0.009913187235912042,2.158048679703013e-05,-6.590847480310038e-05,0.007744060072814491,309.7236387219219,0.5497658122253504,37670.30972005107,238.7035588238985,0.5574000666660727,0.8931860711698817,-0.06189047277707784,172.63997687165786,8192.76451193838,9.756806520203977,-1.282612109321235e-05,0.2228416075793831,172.6398270577473,0.0,0.0,0.0,1.386600912839795e-10,5.911967178440734e-11,-3.9272351947385514e-05,0.0,0.0,-0.0,0.0,0.0,0.0,0.0,0.0,0.0,0.0,0.0,0.5,0.0,0.0,1.0,0.0,0.0,0.0
17.8,108.62883829812138,-10.820507518152002,135.0003306167028,-2.2590757747377647e-08,-2.3439799910839807e-09,0.0073729154234412455,-0.25477305719788296,-0.3489693399294806,0.47235928098564345,0.7682367766056241,6385735.94633989,1.3370472155362854,-0.00030189634067960157,-4.759491077728129e-11,2.0938028552507873e-07,7598.9463400309905,0.0,-0.07934968138793484,-0.677211441549116,-1.9596918791220916,-0.005874137457066556,0.0005169130211430991,0.009408655233000156,2.1535554018270614e-05,-6.592458642966958e-05,0.007350284757961333,309.79647740109584,0.5508656573219806,37763.36508837392,238.81582344684628,0.5604184402827675,0.8932227454036755,-0.06236490120982083,173.61565937512722,8302.207157515868,9.756859787381979,-1.2826139870488381e-05,0.2253671682107713,173.61550382786862,0.0,0.0,0.0,1.1510525156576058e-10,4.7773925232386717e-11,-3.7566878784335495e-05,0.0,0.0,0.0,0.0,0.0,0.0,0.0,0.0,0.0,0.0,0.0,0.5,0.0,0.0,1.0,0.0,0.0,0.0
17.900000000000002,109.23146817471228,-10.959782929974088,135.75900715802348,-1.8501697549168288e-08,-1.8472635941851552e-09,0.00699628505163032,-0.2550461632975305,-0.3487979433788685,0.47248586110083984,0.7681461579664904,6385718.536004348,1.3597071324412766,-0.0003031980514093787,-4.780026078357356e-11,2.1292938687701366e-07,7581.536004491771,0.0,-0.0799218526504712,-0.6771610610173975,-1.9587753132384602,-0.005571499033922739,0.0004910241246441893,0.008926177815291184,2.1492401315958726e-05,-6.593991792953904e-05,0.006973654262617438,309.86968030799403,0.5519763076474589,37857.454516564416,238.92872139927422,0.5634347521209682,0.8932578168677028,-0.06281521098641514,174.59134722236504,8412.710583825545,9.756913354707319,-1.2752400301963004e-05,0.22790688320258812,174.59119149510926,0.0,0.0,0.0,9.49914265771641e-11,3.793798619774889e-11,-3.592046209919449e-05,0.0,0.0,0.0,0.0,0.0,0.0,0.0,0.0,0.0,0.0,0.0,0.5,0.0,0.0,1.0,0.0,0.0,0.0
18.0,109.8343652909162,-11.095890633921416,136.51768786434297,-1.509440512968509e-08,-1.4418365057545613e-09,0.006636206663893818,-0.2553051199602838,-0.34863519021122846,0.4726059729913358,0.7680601391242428,6385701.028256102,1.3826212585024658,-0.00030455083400733065,-4.801366433787499e-11,2.1651831997528234e-07,7564.028256252408,0.0,-0.0804644869706382,-0.6771132371868417,-1.9579058393095516,-0.005282248714786588,0.00046584279730695153,0.008464984061170345,2.1450980603502058e-05,-6.595451979610054e-05,0.006613575750689507,309.94329279303054,0.5530931721809791,37952.07038522669,239.0422510278903,0.5664489102326675,0.8932913276060418,-0.06324245481844762,175.56704043653676,8524.212702302988,9.75696722218891,-1.2610570991000714e-05,0.23046076055175035,175.56688621927697,0.0,0.0,0.0,7.808886217861567e-11,2.9837479255359175e-11,-3.43315170828747e-05,0.0,0.0,-0.0,0.0,0.0,0.0,0.0,0.0,0.0,0.0,0.0,0.5,0.0,0.0,1.0,0.0,0.0,0.0
18.1,110.43752687415692,-11.228927881602253,137.27637277851952,-1.2301883800222721e-08,-1.1240860873707592e-09,0.006292179089184979,-0.2555504849119769,-0.3484807418744412,0.47271987315019515,0.7679785422924442,6385683.4226263035,1.4057922185941543,-0.00030586302303619136,-4.82206700608536e-11,2.201474964792703e-07,7546.422626458419,0.0,-0.08097875490287187,-0.677067896723729,-1.9570815968320094,-0.0050059724627294876,0.0004413927154499384,0.008024421739664953,2.1411265116123535e-05,-6.596842422522773e-05,0.006269548051099999,310.01730687027253,0.5542172940916157,38047.327413911866,239.15641573749613,0.5694609120113983,0.8933233139570653,-0.0636475434718381,176.54273902446215,8636.74052765157,9.757021391278876,-1.258760176388781e-05,0.23302904055986556,176.54258487749325,0.0,0.0,0.0,6.412556978111814e-11,2.343860547919327e-11,-3.279912593602985e-05,0.0,0.0,0.0,0.0,0.0,0.0,0.0,0.0,0.0,0.0,0.0,0.5,0.0,0.0,1.0,0.0,0.0,0.0
18.2,111.04094718987031,-11.359019410847944,138.03506190278551,-1.0038573556004207e-08,-8.829638773731776e-10,0.0059635573859798275,-0.2557829276613298,-0.34833419327586923,0.4728278703962963,0.7679011563003589,6385665.719582757,1.4292201958408273,-0.0003070946546527818,-4.841497740395227e-11,2.238169454544696e-07,7528.719582917169,0.0,-0.08146605729757377,-0.677024948750885,-1.9563003573198967,-0.004742141059700296,0.00041768535071599097,0.00760365473379328,2.1373227529284473e-05,-6.598166188500934e-05,0.005940926222325896,310.0916912126612,0.5553516312490501,38143.55386705456,239.27121356934146,0.5724708120462587,0.8933538277970734,-0.06403156677472568,177.51844299540133,8750.343253390678,9.757075860543189,-1.267898720177148e-05,0.23561164347686747,177.5182861832434,0.0,0.0,0.0,5.272459268436187e-11,1.855055186226289e-11,-3.132190676870589e-05,0.0,0.0,0.0,0.0,0.0,0.0,0.0,0.0,0.0,0.0,0.0,0.5,0.0,0.0,1.0,0.0,0.0,0.0
18.3,111.64462136982408,-11.486272882207968,138.7937552591535,-8.213641952337519e-09,-7.032645005570872e-10,0.005649785683061542,-0.25600303172222627,-0.3481951933588833,0.4729302352952236,0.7678278004826572,6385647.919124922,1.4529066112045004,-0.0003082555257372439,-4.8598130800623e-11,2.2752688992655567e-07,7510.919125086628,0.0,-0.0819276128696584,-0.6769843203025009,-1.955560181986541,-0.004490298267131146,0.00039473086596210794,0.0072019622932724525,2.1336860431208976e-05,-6.599425381806699e-05,0.005627154393160881,310.166484868727,0.556492210307644,38240.30982415074,239.38664309760523,0.5754785288465034,0.8933829143826169,-0.06439547218218046,178.49415240974628,8864.966109742887,9.757130629990979,-1.2782268733246838e-05,0.2382084683712975,178.49399052877942,0.0,0.0,0.0,4.346609820518238e-11,1.4886980018746554e-11,-2.9898325342547774e-05,0.0,0.0,-0.0,0.0,0.0,0.0,0.0,0.0,0.0,0.0,0.0,0.5,0.0,0.0,1.0,0.0,0.0,0.0
18.400000000000002,112.24854529660979,-11.610781433395813,139.55245288993797,-6.728828936657657e-09,-5.652648924888314e-10,0.005350383990446527,-0.25621130845866114,-0.3480634367733942,0.4730272065789365,0.7677583203927963,6385630.020783905,1.4768541571996685,-0.00030940542634216395,-4.877955642182924e-11,2.3127775217315176e-07,7493.020784076303,0.0,-0.08236448719838288,-0.6769459548527995,-1.9548593756734336,-0.004250049929395029,0.0003725387830027028,0.006818721874897384,2.1302176181006772e-05,-6.600621199149682e-05,0.005327752573626233,310.2416704221465,0.5576410442368674,38337.81767616626,239.50270807400025,0.5784840778457486,0.8934106133997834,-0.06474008813431988,179.46986734808564,8980.652502737374,9.757185701074711,-1.2809802351891145e-05,0.2408195021480803,179.46969994900772,0.0,0.0,0.0,3.587694838410484e-11,1.2055933045746798e-11,-2.8527418845452075e-05,0.0,0.0,0.0,0.0,0.0,0.0,0.0,0.0,0.0,0.0,0.0,0.5,0.0,0.0,1.0,0.0,0.0,0.0
18.5,112.85271205124882,-11.732662551424797,140.31115479637103,-5.4773870316961194e-09,-4.4543461940427754e-10,0.005064744717194826,-0.256408363984324,-0.34793856133815226,0.47311906702848855,0.7676925325632601,6385612.025027483,1.501063041492219,-0.0003106497726413491,-4.897587377002322e-11,2.3506956511436304e-07,7475.025027659101,0.0,-0.08277794139976734,-0.6769097794705934,-1.9541959307161103,-0.004020899757087744,0.0003511074009977772,0.006453147828986408,2.1269179417711888e-05,-6.601754957934819e-05,0.005042113172778529,310.3172346927714,0.558799250142712,38436.20205445067,239.6194058765601,0.5814874808904449,0.8934369786046377,-0.06506639720752352,180.44558780626113,9097.423775813118,9.757241072360483,-1.2783716179853856e-05,0.2434447048792331,180.4454177999952,0.0,0.0,0.0,2.94242318414734e-11,9.571681379456508e-12,-2.7207641188052223e-05,0.0,0.0,0.0,0.0,0.0,0.0,0.0,0.0,0.0,0.0,0.0,0.5,0.0,0.0,1.0,0.0,0.0,0.0
18.6,113.4571158043537,-11.852016633213188,141.06986100138096,-4.424242788952064e-09,-3.4272440073512563e-10,0.0047923505370298285,-0.2565947193166066,-0.34782025091346475,0.47320605634178664,0.7676302711559986,6385593.931855104,1.5255346787947677,-0.00031199257604094306,-4.918771540540116e-11,2.3890255081590347e-07,7456.931855286472,0.0,-0.0831690645855369,-0.6768757155773728,-1.9535681132037237,-0.003802424920874464,0.0003304358204067184,0.0061045709663024115,2.1237817009776293e-05,-6.60282972157189e-05,0.004769718864347522,310.39320801347736,0.5599637257341582,38535.11901430527,239.7367353962687,0.5844886715796619,0.8934620564731501,-0.0653752474249207,181.42131381914703,9215.237110175505,9.75729674385756,-1.26404630975685e-05,0.24608403300192094,181.42114363474374,0.0,0.0,0.0,2.3945227143412167e-11,7.419900052866241e-12,-2.5937528213096414e-05,0.0,0.0,-0.0,0.0,0.0,0.0,0.0,0.0,0.0,0.0,0.0,0.5,0.0,0.0,1.0,0.0,0.0,0.0
18.7,114.0617517328598,-11.968928479382896,141.8285715491739,-3.563200015899364e-09,-2.616777344443724e-10,0.004532765723281443,-0.25677082031151655,-0.3477082319779852,0.4732883775364039,0.7675713892066034,6385575.740797884,1.5502717243536912,-0.00031333074401859035,-4.93988282081207e-11,2.427771257454983e-07,7438.740798072269,0.0,-0.08353879202867341,-0.6768436863345791,-1.9529744341858832,-0.00359426891720116,0.0003105245837477875,0.0057724273114091,2.1208019461548717e-05,-6.603848670264851e-05,0.004510133921637388,310.4695611413321,0.5611377100330688,38634.927357590466,239.85470082098237,0.587487688014581,0.893485887075722,-0.06566736853917418,182.39704540815055,9334.157591791183,9.757352717018644,-1.255169893947065e-05,0.24873769922779343,182.39687484688736,0.0,0.0,0.0,1.9429295110265872e-11,5.707633697255763e-12,-2.471620405940646e-05,0.0,0.0,0.0,0.0,0.0,0.0,0.0,0.0,0.0,0.0,0.0,0.5,0.0,0.0,1.0,0.0,0.0,0.0
18.8,114.66661262150976,-12.083504128729512,142.58728644207676,-2.8723918300645308e-09,-2.0098081775999583e-10,0.004285442663550308,-0.25693719453531916,-0.34760218232138895,0.4733662718415862,0.7675157152685521,6385557.452323623,1.5752743096483957,-0.00031460398688387334,-4.95997070448127e-11,2.466933109036696e-07,7420.452323817338,0.0,-0.08388822727403938,-0.6768136017943698,-1.952413135762933,-0.0033959858022117985,0.000291364215998006,0.005456009972289106,2.117971896638418e-05,-6.604814828011765e-05,0.004262810732241537,310.5463038378833,0.5623199674124549,38735.490692851185,239.9732986861274,0.5904845092636088,0.8935085221741268,-0.0659436215715676,183.37278256290915,9454.168324799297,9.757408990409742,-1.2594222042139334e-05,0.25140569664743373,183.37261017495157,0.0,0.0,0.0,1.5779443034409903e-11,4.4164689062604315e-12,-2.354210595945841e-05,0.0,0.0,0.0,0.0,0.0,0.0,0.0,0.0,0.0,0.0,0.0,0.5,0.0,0.0,1.0,0.0,0.0,0.0
18.900000000000002,115.27169224779477,-12.195835591255655,143.34600570298872,-2.326318484731705e-09,-1.5770636229741405e-10,0.004049907009509134,-0.25709430299520536,-0.3475018214147299,0.4734399507793891,0.7674631012633601,6385539.066431769,1.6005438462761516,-0.0003157970146567845,-4.978794124810249e-11,2.5065132788710664e-07,7402.0664319703355,0.0,-0.08421833344467142,-0.6767853864650553,-1.95188268365301,-0.003207189299923177,0.00027294640435683104,0.005154706631099332,2.115286272125786e-05,-6.605730652079339e-05,0.00402727494783982,310.623455321335,0.5635085223465471,38836.589700898774,240.09252828896066,0.5934790891333027,0.8935300070167681,-0.06620475714349106,184.34852532754505,9575.243537533237,9.757465564040272,-1.2706246202753846e-05,0.2540879697106817,184.34834935858882,0.0,0.0,0.0,1.2874819088950376e-11,3.491356512661435e-12,-2.2413878588303297e-05,0.0,0.0,-0.0,0.0,0.0,0.0,0.0,0.0,0.0,0.0,0.0,0.5,0.0,0.0,1.0,0.0,0.0,0.0
19.0,115.87698523431405,-12.306003031278705,144.10472937592428,-1.8952423402299598e-09,-1.2724413872164572e-10,0.0038257464221101737,-0.25724255107754096,-0.3474069037543721,0.4735096011834304,0.7674134189671445,6385520.5826534005,1.6260830594448554,-0.0003169391742846368,-4.99681575215198e-11,2.5465160414653047e-07,7383.582653607242,0.0,-0.08452995615182425,-0.6767589776746601,-1.9513817307384111,-0.003027543583920886,0.000255264072344174,0.004867984970433783,2.112741169809117e-05,-6.606598094414736e-05,0.0038031142293934598,310.7009721408337,0.5647080985065394,38938.74870982885,240.21239434325832,0.5964714939901379,0.8935503814206096,-0.06645143399963468,185.32427378099644,9697.475788508613,9.757522439363274,-1.278450293777193e-05,0.2567844983077,185.32409310131223,0.0,0.0,0.0,1.0566978296076627e-11,2.8378984835368103e-12,-2.1330632804278867e-05,0.0,0.0,0.0,0.0,0.0,0.0,0.0,0.0,0.0,0.0,0.0,0.5,0.0,0.0,1.0,0.0,0.0,0.0
19.1,116.48248401485964,-12.41410540220627,144.86345746257686,-1.543650914655766e-09,-1.031290181394889e-10,0.0036124494982327205,-0.25738241358179753,-0.3473171420375357,0.47357544203954294,0.7673665186202587,6385502.001456299,1.651892110498251,-0.0003181052922344388,-5.015215285831978e-11,2.58694165370815e-07,7365.00145651307,0.0,-0.08482408437274405,-0.6767343001357439,-1.9509087007370458,-0.002856633672522787,0.00023830111080966752,0.00459518617088731,2.110332074760357e-05,-6.607419287358154e-05,0.0035898171737897607,310.7788917657222,0.5659145908921105,39041.51216582006,240.33289236312038,0.5994616498255703,0.8935696955087319,-0.06668442373646348,186.30002793602293,9820.798604485923,9.757579614944824,-1.2783702745859197e-05,0.25949517662449284,186.29984297924003,0.0,0.0,0.0,8.670468578795437e-12,2.3171129588547618e-12,-2.029069056726503e-05,0.0,0.0,0.0,0.0,0.0,0.0,0.0,0.0,0.0,0.0,0.0,0.5,0.0,0.0,1.0,0.0,0.0,0.0
19.200000000000003,117.08818196860219,-12.520228795866661,145.62218998567903,-1.2395080088568722e-09,-7.942114231239596e-11,0.003409571958961885,-0.2575143048986421,-0.347232285993865,0.4736376648100958,0.7673222703242056,6385483.322839888,1.6779724517040837,-0.0003193901872439959,-5.035487636844867e-11,2.627792395451409e-07,7346.322840108535,0.0,-0.0851015806507863,-0.6767112894903252,-1.9504622188209544,-0.0026940990757591387,0.00022204330646270642,0.004335737906639724,2.108055154958928e-05,-6.608196058477166e-05,0.0033869395021095985,310.8572097629308,0.5671284632558437,39144.931780355786,240.45402251644052,0.6024495554040677,0.8935879934050708,-0.06690439980237757,187.27578781582667,9945.227314858452,9.757637090794548,-1.2727600157802494e-05,0.2622200303584209,187.275600815721,0.0,0.0,0.0,7.013652130120596e-12,1.7976454245908307e-12,-1.92927770227371e-05,0.0,0.0,0.0,0.0,0.0,0.0,0.0,0.0,0.0,0.0,0.0,0.5,0.0,0.0,1.0,0.0,0.0,0.0
19.3,117.69407356615172,-12.62444624695607,146.38092699010656,-9.86289794672608e-10,-5.940286069041005e-11,0.0032167379362292533,-0.257638580108109,-0.34715211720192657,0.47369643075833884,0.767280556061673,6385464.546335237,1.704326793418654,-0.00032073921490727243,-5.0567713004502297e-11,2.66907251821922e-07,7327.546335464654,0.0,-0.08536318830719271,-0.676689877594489,-1.9500411001707343,-0.0025396346320467073,0.00020647918402984673,0.004089155806095861,2.105903999280501e-05,-6.608930824172351e-05,0.0031941053462849565,310.9358965633566,0.5683530214713296,39249.37475958642,240.57578900811052,0.6054352514611561,0.893605313037437,-0.06711194222132029,188.25155347765312,10070.832747205552,9.757694868365732,-1.2584071129140282e-05,0.2649591084936371,188.2513652734147,0.0,0.0,0.0,5.621998902860315e-12,1.3544591667147031e-12,-1.833595986691466e-05,0.0,0.0,0.0,0.0,0.0,0.0,0.0,0.0,0.0,0.0,0.0,0.5,0.0,0.0,1.0,0.0,0.0,0.0
19.400000000000002,118.30015151020167,-12.726845518921108,147.13966847773105,-7.825878262635146e-10,-4.404879114011998e-11,0.003033494253529114,-0.2577556469586145,-0.34707638480510383,0.47375192503543817,0.7672412402631223,6385445.672410147,1.7309552110410371,-0.0003220644028154342,-5.07767930939247e-11,2.710782144422267e-07,7308.672410381337,0.0,-0.08560976017987074,-0.6766699843119336,-1.949643984889217,-0.0023928734565984624,0.00019159006057348343,0.0038548568219879896,2.1038717780311737e-05,-6.609626048788518e-05,0.0030108615297914404,311.01499162414933,0.5695839332122307,39354.35963312197,240.69818727578743,0.6084186590276235,0.8936217004715665,-0.06730771827316473,189.22732489815937,10197.541988173945,9.75775294622443,-1.2529035304946015e-05,0.2677124776031785,189.22713509441647,0.0,0.0,0.0,4.493700599817453e-12,1.011759732003529e-12,-1.7418709637018058e-05,0.0,0.0,0.0,0.0,0.0,0.0,0.0,0.0,0.0,0.0,0.0,0.5,0.0,0.0,1.0,0.0,0.0,0.0
19.5,118.90640946353827,-12.827503073544975,147.89841447168948,-6.234712612780361e-10,-3.324309117645174e-11,0.0028594466249546504,-0.2578658625552503,-0.34700486974090045,0.4738043102457816,0.7672042052715096,6385426.701064048,1.7578591020132972,-0.00032331992360892374,-5.097489143292129e-11,2.752923468247358e-07,7289.701064290479,0.0,-0.08584204242371318,-0.6766515413625616,-1.9492696831350729,-0.002253496383827923,0.0001773594869091743,0.0036323337101005393,2.101952882459302e-05,-6.610283789012202e-05,0.002836813766718358,311.0944665707711,0.5708241609382534,39460.21661846384,240.82121837263526,0.6113998239836326,0.8936371960463216,-0.06749231098578704,190.2031021036515,10325.415640017683,9.75781132438035,-1.2592469708749832e-05,0.27048015917070245,190.2029097249448,0.0,0.0,0.0,3.606352627201144e-12,7.691767900059561e-13,-1.6539932934692158e-05,0.0,0.0,-0.0,0.0,0.0,0.0,0.0,0.0,0.0,0.0,0.0,0.5,0.0,0.0,1.0,0.0,0.0,0.0
19.6,119.51284190285413,-12.926485921593777,148.657165016966,-5.020627810294253e-10,-2.631360268567614e-11,0.0026942500330224255,-0.25796954201148725,-0.3469373792632611,0.47385373026652267,0.7671693482038656,6385407.63182799,1.7850412183083793,-0.0003244991303754227,-5.116095998050236e-11,2.795500806671608e-07,7270.631828239808,0.0,-0.0860606928031927,-0.6766344901928661,-1.9489171459764356,-0.0021212241435100486,0.0001637730008589706,0.0034211426194837,2.1001426189979617e-05,-6.610905799504263e-05,0.0026716170395875336,311.17432758035073,0.5720732955311928,39566.89931155452,240.94488518406038,0.614378717829018,0.8936518353354236,-0.06766623372476173,191.17888516310623,10454.459785677935,9.757870004287096,-1.2703774061151309e-05,0.27326216608312376,191.17868916223378,0.0,0.0,0.0,2.9253600811617064e-12,6.133024578236313e-13,-1.5698592447316087e-05,0.0,0.0,0.0,0.0,0.0,0.0,0.0,0.0,0.0,0.0,0.0,0.5,0.0,0.0,1.0,0.0,0.0,0.0
19.700000000000003,120.1194416435114,-13.02387530601704,149.41592011495464,-4.090182049802599e-10,-2.197621680463447e-11,0.0025374835137976716,-0.25806705060464835,-0.3468736901950445,0.47390035205240927,0.767136550238476,6385388.4651697595,1.8125016663111428,-0.00032563590105999095,-5.1340339885083335e-11,2.8385143307466135e-07,7251.465170017133,0.0,-0.08626647291989246,-0.6766187623985723,-1.9485851584984433,-0.0019957168289356036,0.000150809109486241,0.0032207427619652404,2.098435677972965e-05,-6.611494037813164e-05,0.002514850384478625,311.25459658912814,0.5733288117854032,39674.1270322304,241.06918379265565,0.6173552950926713,0.8936656612723222,-0.06783008117330809,192.15467409237846,10584.63153535574,9.757928984510764,-1.2771585995589401e-05,0.27605835922944294,192.1544738706261,0.0,0.0,0.0,2.400640543049799e-12,5.159538171835689e-13,-1.4893239152652576e-05,0.0,0.0,0.0,0.0,0.0,0.0,0.0,0.0,0.0,0.0,0.0,0.5,0.0,0.0,1.0,0.0,0.0,0.0
19.8,120.72620237334041,-13.11974233555033,150.17467978868282,-3.331216297105939e-10,-1.8399524096707384e-11,0.00238877890163731,-0.2581587084849946,-0.34681360759224694,0.4739443223985499,0.7671057083493816,6385369.2010887675,1.84024189376517,-0.0003268031685662972,-5.1524529861581837e-11,2.881966313633579e-07,7232.201089032926,0.0,-0.08646004950933996,-0.6766043000419968,-1.9482726570709552,-0.0018766772184716789,0.00013844876478235558,0.0030306612243629007,2.0968277142644974e-05,-6.612050145613196e-05,0.002366145635752046,311.33522465671996,0.5745958452362726,39782.47299597586,241.19411601602778,0.6203296435224533,0.8936787117051622,-0.0679843743065934,193.13046892728602,10716.033822414043,9.757988265061252,-1.2765781853829594e-05,0.27886871463982743,193.1302648294403,0.0,0.0,0.0,1.9694634076988425e-12,4.351356781452906e-13,-1.4122807456078255e-05,0.0,0.0,-0.0,0.0,0.0,0.0,0.0,0.0,0.0,0.0,0.0,0.5,0.0,0.0,1.0,0.0,0.0,0.0
19.900000000000002,121.33311853819339,-13.214149468059647,150.93344408341133,-2.6441991384572093e-10,-1.39644234697135e-11,0.0022478133777887274,-0.25824479766193714,-0.34675695991559363,0.47398577073916304,0.7670767320880423,6385349.839116035,1.868264713176291,-0.0003280891141056703,-5.172743286418011e-11,2.925861167395294e-07,7212.839116308527,0.0,-0.08664200963361125,-0.6765910525765815,-1.9479787051311763,-0.0017638447186402802,0.00012667515278602786,0.0028504833588778454,2.095314909888307e-05,-6.612575567431863e-05,0.0022251799746483988,311.41625839198264,0.5758697420957704,39891.416952553074,241.31968324107154,0.6233016540388399,0.8936910201729751,-0.06812957220981443,194.1062697226729,10848.59402849143,9.758047847392485,-1.2711561493479923e-05,0.2816933218722587,194.10606310519915,0.0,0.0,0.0,1.5746621620500052e-12,3.3265080624480267e-13,-1.3386137563161532e-05,0.0,0.0,0.0,0.0,0.0,0.0,0.0,0.0,0.0,0.0,0.0,0.5,0.0,0.0,1.0,0.0,0.0,0.0
20.0,121.94018341605587,-13.30716892294484,151.6922130003901,-2.0672761013669415e-10,-1.0060657335343945e-11,0.0021142127117016003,-0.2583256329514189,-0.34670355273942227,0.4740248394972221,0.7670495155443763,6385330.379719356,1.896570169614307,-0.0003294369444628904,-5.194009486186503e-11,2.9701989671765395e-07,7193.379719637645,0.0,-0.0868130113976692,-0.6765789531289019,-1.9477022525235252,-0.0016569177074411048,0.00011546654685746844,0.0026797289097009276,2.0938914783683142e-05,-6.6130722278083e-05,0.002091579170624555,311.49768169843213,0.5771519648534635,40001.123232277634,241.44588295937135,0.6262713566290525,0.8937026252982485,-0.06826618934781703,195.08207647910186,10982.3426074709,9.758107730070552,-1.2575289169092231e-05,0.284532093796173,195.0818677931762,0.0,0.0,0.0,1.2400389493381647e-12,2.4139889193534197e-13,-1.268199073480453e-05,0.0,0.0,0.0,0.0,0.0,0.0,0.0,0.0,0.0,0.0,0.0,0.5,0.0,0.0,1.0,0.0,0.0,0.0
20.1,122.54739125837085,-13.398862383776535,152.45098656281456,-1.6080214532834135e-10,-7.0972524259010465e-12,0.0019876578717029866,-0.25840148472673335,-0.34665321922354175,0.47406165108748793,0.7670239679924933,6385310.822898146,1.9251596420491592,-0.0003307654210651812,-5.214970757837028e-11,3.0149818786351815e-07,7173.822898435406,0.0,-0.08697361982902592,-0.67656794467322,-1.9474423975998527,-0.001555639049956556,0.00010480444531035406,0.002517988455538948,2.0925527059265586e-05,-6.613541701420411e-05,0.00196502419198836,311.57947724526633,0.5784443415708781,40111.79615232827,241.57271581838876,0.6292387770309734,0.8937135604953427,-0.0683946685845529,196.05788920976138,11117.323076544972,9.758167913105456,-1.2514654152084859e-05,0.2873851429041281,196.05767823231463,0.0,0.0,0.0,9.71559819504021e-13,1.71530352100253e-13,-1.2009345516655485e-05,0.0,0.0,-0.0,0.0,0.0,0.0,0.0,0.0,0.0,0.0,0.0,0.5,0.0,0.0,1.0,0.0,0.0,0.0
20.200000000000003,123.1547370291446,-13.489284151065783,153.20976481640972,-1.2597770717489487e-10,-5.147385315859539e-12,0.0018678684666185244,-0.25847259226898617,-0.3466058120351863,0.47409631407418573,0.767000009681051,6385291.16818342,1.9540359048648044,-0.0003320291662090993,-5.2349116565343975e-11,3.060214254422711e-07,7154.168183718187,0.0,-0.08712433459434189,-0.6765579777082021,-1.9471983429820598,-0.0014597827802137078,9.467248895514316e-05,0.0023649021848437994,2.0912945555895276e-05,-6.613985351205996e-05,0.001845234647557828,311.66168222743283,0.5797431874019712,40223.02305612937,241.70018355125686,0.632203823646921,0.8937238552941273,-0.06851540091997467,197.03370797007085,11253.47846115051,9.758228397951392,-1.256465612205678e-05,0.2902525621645443,197.03349414091565,0.0,0.0,0.0,7.666539175609615e-13,1.253039870278414e-13,-1.1367204519151526e-05,0.0,0.0,0.0,0.0,0.0,0.0,0.0,0.0,0.0,0.0,0.0,0.5,0.0,0.0,1.0,0.0,0.0,0.0
20.3,123.76221445250458,-13.578499141039604,153.96854776199632,-1.0066663145228915e-10,-4.098677778601179e-12,0.00175450698366619,-0.2585392307645294,-0.34656116192890013,0.474128953446405,0.7669775492300821,6385271.416042968,1.9831990041222578,-0.00033321804653261227,-5.253672405374942e-11,3.105896171351799e-07,7134.416043275657,0.0,-0.08726572983105203,-0.6765489952684539,-1.9469691722589653,-0.0013690773355644376,8.50490140794145e-05,0.0022200373869371457,2.0901124626619143e-05,-6.614404710373229e-05,0.0017318730245609397,311.7442520085621,0.5810529955131999,40335.30762093614,241.82828471234055,0.635166585131498,0.8937335443976597,-0.06862883519914745,198.0095327669336,11390.899272667964,9.758289183174453,-1.2669799017335965e-05,0.2931342435966636,198.00931546044274,0.0,0.0,0.0,6.170453418371865e-13,1.0049600155593581e-13,-1.0754448368868464e-05,0.0,0.0,0.0,0.0,0.0,0.0,0.0,0.0,0.0,0.0,0.0,0.5,0.0,0.0,1.0,0.0,0.0,0.0
20.400000000000002,124.36981801797121,-13.66656436914416,154.72733542272118,-8.253032849850335e-11,-3.669213100017112e-12,0.0016472772640161927,-0.2586016420948866,-0.3465191204329713,0.47415967927115826,0.7669565068093298,6385251.566476189,2.012650367543228,-0.0003343561005208682,-5.271631997472586e-11,3.152029871634137e-07,7114.56647650525,0.0,-0.08739830983489776,-0.6765409481402245,-1.9467540804660717,-0.001283284468441719,7.591483282119661e-05,0.002083014406591236,2.08900251103299e-05,-6.614801106542961e-05,0.0016246431641776771,311.8272175887868,0.5823704801870586,40448.28211580849,241.95701815210631,0.6381269896115329,0.8937426583723113,-0.06873536550204846,198.98536363887297,11529.530522175559,9.758350268784834,-1.2749107078491306e-05,0.29603012946431306,198.98514242290528,0.0,0.0,0.0,5.095254332431572e-13,9.061461482901801e-14,-1.0169954208223878e-05,0.0,0.0,-0.0,0.0,0.0,0.0,0.0,0.0,0.0,0.0,0.0,0.5,0.0,0.0,1.0,0.0,0.0,0.0
20.5,124.9775428497114,-13.753530302841776,155.48612784460622,-6.842379584311473e-11,-3.4008470823978958e-12,0.0015459174758743236,-0.25866004057584047,-0.3464795563266649,0.4741885893049253,0.7669368122441275,6385231.619014073,2.042392838385449,-0.00033550210886377124,-5.289717196879098e-11,3.198619816081786e-07,7094.619014399746,0.0,-0.08752252104188447,-0.676533793731173,-1.9465523549715757,-0.0012021935759919194,6.725285391080365e-05,0.0019534976204216856,2.0879613413959934e-05,-6.615175694085174e-05,0.0015232832346159105,311.9105776365306,0.583696029422032,40561.98938510361,242.08638703588707,0.6410850230728983,0.8937512243955954,-0.06883534088371687,199.9612006511707,11669.393344477325,9.758411656237037,-1.2757927303634157e-05,0.2989402552914603,199.96097554754965,0.0,0.0,0.0,4.254705620110288e-13,8.459082663264155e-14,-9.612801408667227e-06,0.0,0.0,0.0,0.0,0.0,0.0,0.0,0.0,0.0,0.0,0.0,0.5,0.0,0.0,1.0,0.0,0.0,0.0
20.6,125.58538299562976,-13.83945635291663,156.24492502810347,-5.462965942087726e-11,-2.7140001011407645e-12,0.0014501173551883862,-0.2587146693926012,-0.34644232072794184,0.47421579447999473,0.7669183859395481,6385211.574124403,2.072426488230478,-0.0003367449498649069,-5.309329315035453e-11,3.2456661215936093e-07,7074.574124739194,0.0,-0.08763886981110831,-0.6765274833068183,-1.9463631873665772,-0.0011255553960333189,5.9041473582356544e-05,0.0018310895978392915,2.0869851550098403e-05,-6.615529767250543e-05,0.0014274829718222022,311.99430482451606,0.5850323152950271,40676.72969943035,242.2163892759522,0.6440407401759568,0.8937592739847511,-0.06892915788803336,200.93704380332096,11810.545062922416,9.758473344097197,-1.2734328445655287e-05,0.30186457721541643,200.93681549126643,0.0,0.0,0.0,3.4213513248846266e-13,6.799099072294984e-14,-9.08184737319739e-06,0.0,0.0,0.0,0.0,0.0,0.0,0.0,0.0,0.0,0.0,0.0,0.5,0.0,0.0,1.0,0.0,0.0,0.0
20.700000000000003,126.19333337623327,-13.924393387509383,157.00372699640306,-4.19667378073712e-11,-1.885516450163172e-12,0.0013596118145298502,-0.25876573774426037,-0.3464072845477716,0.47424138951118594,0.7669011577120779,6385191.431806571,2.102752731254393,-0.0003380806792314134,-5.330406178900524e-11,3.2931710093762725e-07,7054.431806917301,0.0,-0.08774779279173195,-0.6765219715695445,-1.9461858805130554,-0.0010531569658863056,5.126220525652698e-05,0.0017154507788798954,2.08607027217835e-05,-6.615864519812556e-05,0.0013369772883750103,312.07843896839483,0.5863750961838508,40792.0277089126,242.34702339174402,0.646994049936942,0.893766834313295,-0.06901715794356687,201.91289312616053,11952.909322026724,9.758535332375638,-1.2617816587123793e-05,0.30480305946152,201.91266206344665,0.0,0.0,0.0,2.6471380319135314e-13,4.757455361172632e-14,-8.576030282365137e-06,0.0,0.0,0.0,0.0,0.0,0.0,0.0,0.0,0.0,0.0,0.0,0.5,0.0,0.0,1.0,0.0,0.0,0.0
20.8,126.80138974532966,-14.00838409352481,157.76253379592552,-3.1724906014908925e-11,-1.217278035142149e-12,0.0012741795581836552,-0.25881342300927723,-0.3463743379638941,0.47426545444722523,0.7668850674300393,6385171.191591557,2.1333743620930017,-0.0003394245189682429,-5.351611133593465e-11,3.3411388643977414e-07,7034.191591913812,0.0,-0.087849660604123,-0.6765172189074811,-1.9460198426854054,-0.0009848204826091158,4.389973083602274e-05,0.0016062976760894204,2.0852135128756054e-05,-6.616180973318425e-05,0.0012515448885422533,312.16293890639577,0.5877290207516076,40908.40425188895,242.478294036214,0.649945020959673,0.8937739285811681,-0.06909963182621866,202.88874866983844,12096.594717590155,9.758597622527152,-1.2522279561721916e-05,0.30775584829517777,202.88851482503438,0.0,0.0,0.0,2.0154149817686624e-13,3.093322442794618e-14,-8.094628308384717e-06,0.0,0.0,0.0,0.0,0.0,0.0,0.0,0.0,0.0,0.0,0.0,0.5,0.0,0.0,1.0,0.0,0.0,0.0
20.900000000000002,127.40954695856834,-14.091478720245158,158.52134542684266,-2.4019565682786226e-11,-7.739069381146776e-13,0.0011935581656640948,-0.2588579270360368,-0.34634335631977015,0.47428808060027416,0.7668700472058674,6385150.853947153,2.164291363491544,-0.0003407223335421997,-5.372090637784012e-11,3.389569664545855e-07,7013.853947520255,0.0,-0.08794489452449998,-0.6765131809631091,-1.945864401198938,-0.0009203353150824349,3.6934918694319074e-05,0.0015032943189424075,2.084411393113168e-05,-6.616480253648032e-05,0.001170923351832603,312.24783345094824,0.5890907633382759,41025.48695223267,242.6101970259713,0.6528935921618058,0.8937805835180376,-0.06917690978447018,203.8646104290738,12241.537392964437,9.758660213117844,-1.2522351428382688e-05,0.31072292546829305,203.86437354469692,0.0,0.0,0.0,1.5368035397546598e-13,1.9806761083045444e-14,-7.636578449631166e-06,0.0,0.0,0.0,0.0,0.0,0.0,0.0,0.0,0.0,0.0,0.0,0.5,0.0,0.0,1.0,0.0,0.0,0.0
21.0,128.01780049737428,-14.173721542414311,159.28016191233024,-1.8700715266673953e-11,-5.668384952224475e-13,0.001117516557082466,-0.25889942780320324,-0.34631422981329363,0.4743093485641077,0.7668560373708445,6385130.418872743,2.1955051396456167,-0.0003419495801104604,-5.391457722861807e-11,3.4384656156062254e-07,6993.418873120099,0.0,-0.08803386586336696,-0.676509818940089,-1.9457189631344454,-0.0008595160152490141,3.0350808459591542e-05,0.001406144886202457,2.083660865848785e-05,-6.616763348344446e-05,0.0010948815983593148,312.33311677786617,0.5904609576453224,41143.347210630476,242.74273258407564,0.6558397666822042,0.8937868226768158,-0.06924928242531742,204.8404784347214,12387.759177769754,9.75872310415819,-1.260123950430625e-05,0.3137042801659362,204.84023815586568,0.0,0.0,0.0,1.2050275971481676e-13,1.461070364780725e-14,-7.200998851387172e-06,0.0,0.0,-0.0,0.0,0.0,0.0,0.0,0.0,0.0,0.0,0.0,0.5,0.0,0.0,1.0,0.0,0.0,0.0
21.1,128.62614636173652,-14.255151910738103,160.03898329911823,-1.534939097419589e-11,-5.545926212382396e-13,0.0010458495103487589,-0.25893808364259374,-0.34628686089153315,0.47432933012635126,0.7668429850593487,6385109.885899285,2.227018549518325,-0.0003431107261961791,-5.409782818819757e-11,3.4878312035993105e-07,6972.885899673836,0.0,-0.08811690478418802,-0.676507098702028,-1.9455830012624118,-0.0008021979082482083,2.4132249981424706e-05,0.0013145866782549422,2.082959249466986e-05,-6.617031130500357e-05,0.0010232144060364264,312.4187707800977,0.5918417945349373,41262.23038055618,242.87590450375217,0.6587835661376039,0.8937926670123193,-0.06931700789228995,205.8163527513523,12535.320804201381,9.75878629710329,-1.2696806429346454e-05,0.3166999396159535,205.81610875010688,0.0,0.0,0.0,9.96108941550254e-14,1.4396783919906563e-14,-6.787125424371509e-06,0.0,0.0,0.0,0.0,0.0,0.0,0.0,0.0,0.0,0.0,0.0,0.5,0.0,0.0,1.0,0.0,0.0,0.0
21.200000000000003,129.2345797659708,-14.33581570777532,160.7978095870296,-1.3249861982885878e-11,-6.398744409779157e-13,0.0009783159437872463,-0.25897407324513316,-0.3462611395346143,0.4743481063576538,0.7668308307430555,6385089.255494567,2.2588315993904335,-0.00034424033939563963,-5.4276109400386386e-11,3.537666443390419e-07,6952.2554949655505,0.0,-0.08819438373310684,-0.6765049817589983,-1.9454559207805309,-0.0007481876901958466,1.8260772708266968e-05,0.0012283112289666574,2.0823035407139894e-05,-6.617284574361004e-05,0.0009556806931988523,312.5048312201769,0.5932291836504714,41381.67766445738,243.0097083391244,0.661724914026744,0.8937981404579387,-0.06938037748823649,206.79223338365463,12684.139834320235,9.758849790519278,-1.2747705059249863e-05,0.3197097941675983,206.79198548720365,0.0,0.0,0.0,8.659615088689744e-14,1.672852744971929e-14,-6.393917482762153e-06,0.0,0.0,0.0,0.0,0.0,0.0,0.0,0.0,0.0,0.0,0.0,0.5,0.0,0.0,1.0,0.0,0.0,0.0
21.3,129.84309648344393,-14.415753499266662,161.5566407992268,-1.1422664229673176e-11,-6.731131738350538e-13,0.0009147026902202873,-0.2590075541017988,-0.3462369689283942,0.4743657488180986,0.7668195222146812,6385068.527657956,2.290945737106323,-0.0003454018177857598,-5.445941678357402e-11,3.587973609339701e-07,6931.527658366598,0.0,-0.08826663078628004,-0.6765034346489538,-1.9453371977335883,-0.000697314463013738,1.2719943569737478e-05,0.0011470458105706505,2.0816911294708713e-05,-6.617524532013726e-05,0.0008920672926706702,312.5912479150374,0.5946285535424195,41502.29986942482,243.1441459769447,0.6646639077390787,0.893803264179675,-0.06943964805600261,207.76812036424388,12834.341347772486,9.758913584416788,-1.2740120268972532e-05,0.3227338327729683,207.76786867555109,0.0,0.0,0.0,7.518373357906235e-14,1.772219816813606e-14,-6.020553697702566e-06,0.0,0.0,-0.0,0.0,0.0,0.0,0.0,0.0,0.0,0.0,0.0,0.5,0.0,0.0,1.0,0.0,0.0,0.0
21.400000000000002,130.451692761609,-14.495001379169288,162.31547698276634,-8.930148818416942e-12,-5.077475502997465e-13,0.0008548201469056645,-0.259038665995793,-0.34621426319726495,0.4743823210591042,0.7668090132268371,6385047.701920393,2.3233638788359676,-0.00034667343361259514,-5.4660091611112825e-11,3.638757277377877e-07,6910.701920814812,0.0,-0.08833393705966466,-0.676502427815065,-1.9452263671836143,-0.0006494262378290652,7.4950713322688705e-06,0.0010705478596392847,2.0811197071695888e-05,-6.61775175876305e-05,0.0008321846017025358,312.6780666133669,0.5960351988445713,41623.56672482229,243.279218816617,0.6676004338804706,0.893808057039245,-0.06949504776759778,208.7440137534396,12985.839562669073,9.758977680251238,-1.2706596640062646e-05,0.3257721435108181,208.7437586773138,0.0,0.0,0.0,5.919345445309836e-14,1.3462776683774028e-14,-5.666199289720169e-06,0.0,0.0,0.0,0.0,0.0,0.0,0.0,0.0,0.0,0.0,0.0,0.5,0.0,0.0,1.0,0.0,0.0,0.0
21.5,131.0603644255069,-14.57359872411661,163.07431813715948,-6.578346930353016e-12,-3.0721591402425955e-13,0.0007984609964348889,-0.25906755877491183,-0.34619292952127184,0.4743978906702123,0.7667992529199529,6385026.778749666,2.3560859729869463,-0.0003480152953099931,-5.487184431863207e-11,3.690017371851543e-07,6889.778750101104,0.0,-0.08839661539278779,-0.6765019269542936,-1.9451229294664214,-0.00060435689721346,2.5697646671384486e-06,0.000998552215851507,2.080586608722201e-05,-6.617967094352276e-05,0.0007758253028948682,312.7652637791603,0.597451438033515,41745.74038360124,243.41492463599752,0.6705345414509356,0.8938125394221356,-0.0695468213832759,209.71991354989046,13138.688494205722,9.759042076588743,-1.2597897487864886e-05,0.32882463093497444,209.71965522197107,0.0,0.0,0.0,4.3912451416768204e-14,8.203229342166348e-15,-5.329999151576322e-06,0.0,0.0,0.0,0.0,0.0,0.0,0.0,0.0,0.0,0.0,0.0,0.5,0.0,0.0,1.0,0.0,0.0,0.0
21.6,131.66910798314595,-14.651578577525157,163.8331642855923,-4.691153195121514e-12,-1.4608568486910336e-13,0.00074545189252871,-0.25909435892282656,-0.34617288959587683,0.47441251473301665,0.7667901984363924,6385005.758145143,2.3891133987207835,-0.00034935568258469437,-5.5083366793047395e-11,3.7417560597701235e-07,6868.758145590313,0.0,-0.08845492979399157,-0.6765019032471452,-1.9450264629041178,-0.0005619675461645206,-2.069669992558676e-06,0.0009308371689234374,2.080089622986551e-05,-6.618171242201554e-05,0.0007228160499555809,312.8528378476089,0.5988774415590808,41868.84004882604,243.55126349812687,0.6734662252932765,0.8938167286421409,-0.06959517630055893,210.69581977751866,13292.901825485507,9.75910677344008,-1.2522392985658826e-05,0.3318913650105202,210.69555813906928,0.0,0.0,0.0,3.1535904843802154e-14,3.928315513218508e-15,-5.011241153425749e-06,0.0,0.0,-0.0,0.0,0.0,0.0,0.0,0.0,0.0,0.0,0.0,0.5,0.0,0.0,1.0,0.0,0.0,0.0
21.700000000000003,132.27792034667635,-14.72897034990769,164.59201547547585,-3.355231629420162e-12,-5.237495116932794e-14,0.0006956386784425973,-0.2591191791416462,-0.346154073734547,0.4744262441702406,0.7667818117332953,6384984.639637748,2.4224490301752004,-0.00035064945931983154,-5.528754235839975e-11,3.7939778515551364e-07,6847.639638207542,0.0,-0.08850911540231109,-0.6765023312741353,-1.9449365919212604,-0.0005221346779094056,-6.435458880616538e-06,0.000867205563170838,2.0796268001761803e-05,-6.618364825463048e-05,0.000673002686131165,312.940813402767,0.6003107845342561,41992.591780358845,243.6882375952331,0.6763954160130793,0.8938206401081311,-0.0696402969614863,211.6717324948303,13448.44090798316,9.759171772260963,-1.252765788232561e-05,0.3349724449336407,211.6714673886401,0.0,0.0,0.0,2.2713826509650524e-14,1.4182649065153507e-15,-4.709273116202469e-06,0.0,0.0,0.0,0.0,0.0,0.0,0.0,0.0,0.0,0.0,0.0,0.5,0.0,0.0,1.0,0.0,0.0,0.0
21.8,132.88679785527071,-14.805808173767435,165.350871705976,-2.564213353977722e-12,-3.360218132947569e-14,0.0006488409649967496,-0.2591421464691294,-0.34613640343679375,0.4744391364159592,0.7667740500168537,6384963.42369527,2.4560928048527466,-0.00035187634356345805,-5.548117303685248e-11,3.8466826545912544e-07,6826.423695742464,0.0,-0.08855943717608841,-0.6765031824461253,-1.9448528932941902,-0.00048471383603656464,-1.0542236667947159e-05,0.0008074267579116433,2.079195951067074e-05,-6.618548539962771e-05,0.0006262048222470694,313.0291438603916,0.6017563122984068,42117.543059322896,243.82584557449852,0.6793222134210093,0.8938242912662088,-0.0696823908204669,212.64765170129087,13605.418375003384,9.759237071617497,-1.259697452127284e-05,0.338067792294647,212.6473829293906,0.0,0.0,0.0,1.748095435328288e-14,9.163427270692253e-16,-4.423343328805484e-06,0.0,0.0,0.0,0.0,0.0,0.0,0.0,0.0,0.0,0.0,0.0,0.5,0.0,0.0,1.0,0.0,0.0,0.0
21.900000000000002,133.49573727764906,-14.882122322925168,166.10973300027112,-2.2271120435921357e-12,-7.782761967383697e-14,0.0006048987413574054,-0.2591633733423747,-0.346119809277201,0.47445124234047015,0.766766875501096,6384942.110317064,2.490046141048428,-0.0003530401980052558,-5.566486777326013e-11,3.899872697396548e-07,6805.110317549668,0.0,-0.08860612955497889,-0.6765044316116021,-1.9447749925408109,-0.0004495768961402857,-1.4403040648869393e-05,0.0007512961795720778,2.078795146714107e-05,-6.618722999941365e-05,0.0005822624474751739,313.1178799819378,0.603208478751829,42243.068185940196,243.9640855282153,0.6822464991181955,0.893827697555982,-0.06972164125885211,213.62357742898834,13763.719366660442,9.759302671520626,-1.2682133217367664e-05,0.34117737688204386,213.62330480720644,0.0,0.0,0.0,1.528940182947181e-14,2.1372493634626875e-15,-4.152705271099889e-06,0.0,0.0,-0.0,0.0,0.0,0.0,0.0,0.0,0.0,0.0,0.0,0.5,0.0,0.0,1.0,0.0,0.0,0.0
22.0,134.10473573541043,-14.957939930821674,166.86859940610213,-2.16616510807205e-12,-1.5336999363238438e-13,0.0005636685784835063,-0.25918296026559934,-0.34610422925817835,0.47446260745728575,0.7667602545113446,6384920.699034035,2.524311971501373,-0.00035416912162600017,-5.584305694833517e-11,3.9535525824988675e-07,6783.699034534085,0.0,-0.08864940202552786,-0.6765060564669433,-1.944702555032574,-0.00041660902196870075,-1.802960370579314e-05,0.0006986304642866419,2.0784226731734248e-05,-6.618888752818672e-05,0.0005410321327768781,313.2069796986331,0.6046721501525469,42369.71604278295,244.1029621604535,0.6851683481450598,0.8938308727906985,-0.06975821211329991,214.5995097421637,13923.469928019887,9.759368573426377,-1.2733948051864747e-05,0.3443012356901107,214.5992331543506,0.0,0.0,0.0,1.4975179918912233e-14,4.241297028239022e-15,-3.896759961768463e-06,0.0,0.0,0.0,0.0,0.0,0.0,0.0,0.0,0.0,0.0,0.0,0.5,0.0,0.0,1.0,0.0,0.0,0.0
22.1,134.71378987067416,-15.033291976909592,167.62747092229398,-2.1132097674262405e-12,-2.0839388974614254e-13,0.000524985444841825,-0.25920101882528185,-0.3460895945770172,0.47447328231932845,0.7667541497153184,6384899.19031397,2.5588902512769156,-0.0003553159558037465,-5.6024072213749974e-11,4.007722244908659e-07,6762.190314482276,0.0,-0.08868948711915849,-0.6765080322875915,-1.9446352093202814,-0.00038567812342511315,-2.1435641152153715e-05,0.000649218672100666,2.0780766343359702e-05,-6.61904640148291e-05,0.0005023488466244472,313.29647102082254,0.6061440047697042,42497.11222674245,244.24247130643468,0.6880876988544229,0.893833832415142,-0.06979228545408266,215.57544864142127,14084.598606533611,9.759434775900862,-1.2734481425506297e-05,0.34743928764537685,215.575168094798,0.0,0.0,0.0,1.47112252869432e-14,5.8031804090378e-15,-3.65471492618627e-06,0.0,0.0,0.0,0.0,0.0,0.0,0.0,0.0,0.0,0.0,0.0,0.5,0.0,0.0,1.0,0.0,0.0,0.0
22.200000000000003,135.32289670902296,-15.10820601763514,168.38634757202,-1.7407782929507161e-12,-1.7650657229761246e-13,0.0004887023979219052,-0.2592176476791259,-0.34607584445942857,0.4744833116620729,0.7667485282024761,6384877.584156211,2.5937824351034005,-0.00035655452262636273,-5.6219553466576034e-11,4.0623839704297747e-07,6740.584156738593,0.0,-0.08872659035824948,-0.6765103373849799,-1.944572627095922,-0.00035666659841195633,-2.4633410715016074e-05,0.0006028729932977273,2.0777553642152334e-05,-6.619196477440738e-05,0.00046606564650344577,313.38634237451254,0.6076253279977889,42625.40236501552,244.38261340927835,0.6910045680881458,0.8938365901324378,-0.06982402248034662,216.55139415722383,14247.144889390742,9.75950127895518,-1.2718538016542878e-05,0.35059155222671745,216.55110982313255,0.0,0.0,0.0,1.2203154852846628e-14,4.949514047268231e-15,-3.425887755464631e-06,0.0,0.0,0.0,0.0,0.0,0.0,0.0,0.0,0.0,0.0,0.0,0.5,0.0,0.0,1.0,0.0,0.0,0.0
22.3,135.93205373915524,-15.182705518266847,169.14522940336397,-1.2288828375331877e-12,-9.238022044263863e-14,0.0004546947256964555,-0.25923293153735144,-0.34606292646668424,0.47449273371617057,0.7667433612817345,6384855.880091648,2.6289914604285176,-0.0003578823557518507,-5.6429111993759876e-11,4.117542369298412e-07,6718.880092189026,0.0,-0.08876088847787827,-0.6765129522878669,-1.9445145260316292,-0.000329474639750906,-2.763331755690017e-05,0.0005594340331668146,2.077457383202518e-05,-6.619339447732389e-05,0.00043205782038844344,313.47658796994875,0.6091170063727412,42754.68588789696,244.52339180451253,0.6939189523427605,0.8938391577024846,-0.06985356141716992,217.5273463513016,14411.145788487687,9.75956808404567,-1.2640435592459197e-05,0.353758072388762,217.52705832587608,0.0,0.0,0.0,8.674671905652437e-15,2.608490923875901e-15,-3.209708767383651e-06,0.0,0.0,0.0,0.0,0.0,0.0,0.0,0.0,0.0,0.0,0.0,0.5,0.0,0.0,1.0,0.0,0.0,0.0
22.400000000000002,136.54125830381858,-15.25681478814667,169.90411641482936,-7.849870341783043e-13,-1.200647558300575e-14,0.00042283318511351995,-0.25924695721635,-0.34605078679451107,0.4745015876188709,0.7667386194453749,6384834.078588068,2.6645171969364747,-0.00035922930760840346,-5.6641687379992785e-11,4.1731972429208844e-07,6697.078588624174,0.0,-0.08879256266215026,-0.6765158568106435,-1.9444606166862104,-0.000303998832712638,-3.044622365423029e-05,0.0005187366229334373,2.077181172785528e-05,-6.61947579100032e-05,0.0004001961252238361,313.56723085914217,0.610616253198652,42884.6485515059,244.664802513166,0.6968308001265701,0.8938415472829802,-0.06988104454136146,218.50330521866746,14576.53985122464,9.759635189738425,-1.2559065631023712e-05,0.3569388176272858,218.5030134743458,0.0,0.0,0.0,5.579764414248838e-15,3.4134251488086734e-16,-3.0055679733073915e-06,0.0,0.0,0.0,0.0,0.0,0.0,0.0,0.0,0.0,0.0,0.0,0.5,0.0,0.0,1.0,0.0,0.0,0.0
22.5,137.15050808382966,-15.330555211643306,170.663008629602,-4.626250590720337e-13,4.0929556715869095e-14,0.00039300417352784874,-0.2592598010075614,-0.3460393782285153,0.4745099078099946,0.766734276876228,6384812.179644812,2.7003610356433985,-0.000360548465960878,-5.684988272704039e-11,4.2293507775407403e-07,6675.179645382799,0.0,-0.08882177205369864,-0.6765190334265891,-1.9444106448267604,-0.0002801482831290041,-3.3081699046213693e-05,0.00048063558702875534,2.0769254123023016e-05,-6.619605925817337e-05,0.00037036695835768586,313.6582278566351,0.612127859154854,43015.83298455786,244.8068471761379,0.6997401990279191,0.8938437695622589,-0.06990659684442099,219.47927078714625,14743.451554691974,9.759702596044688,-1.2531368511758956e-05,0.3601338234079776,219.47897524630602,0.0,0.0,0.0,3.3112854052510253e-15,-1.1718648360552024e-15,-2.8129669123757483e-06,0.0,0.0,-0.0,0.0,0.0,0.0,0.0,0.0,0.0,0.0,0.0,0.5,0.0,0.0,1.0,0.0,0.0,0.0
22.6,137.75980101571568,-15.403946017624266,171.4219060961021,-2.868781217912126e-13,5.3964176212037724e-14,0.00036510553493073367,-0.25927153142920095,-0.34602865838182206,0.4745177252322424,0.7667303104162179,6384790.182792747,2.7365259206165695,-0.0003618119624290693,-5.7049303816899744e-11,4.2860075940991896e-07,6653.1827933341265,0.0,-0.08884865955829663,-0.676522466441636,-1.944364382156383,-0.0002578412606850856,-3.554837301187984e-05,0.00044500038277445886,2.076688917722971e-05,-6.61973022790512e-05,0.0003424681637771246,313.74963169601966,0.6136462234068624,43147.60393501546,244.94952691192503,0.7026470153133529,0.8938458341211052,-0.06993033032745537,220.4552431186567,14911.762986038415,9.759770304421107,-1.2564064763391041e-05,0.36334316287016105,220.45494367508147,0.0,0.0,0.0,2.067590023320544e-15,-1.5557769109281035e-15,-2.631407019775096e-06,0.0,0.0,0.0,0.0,0.0,0.0,0.0,0.0,0.0,0.0,0.0,0.5,0.0,0.0,1.0,0.0,0.0,0.0
22.700000000000003,138.3691346831018,-15.47700919834853,172.18080881249307,-2.519948628436626e-13,2.654816224196196e-14,0.00033901937971982457,-0.25928222485184677,-0.3460185800293588,0.4745250743873709,0.766726694288098,6384768.088499664,2.7730117342246468,-0.0003630120067376691,-5.723872220762728e-11,4.34316751398687e-07,6631.088500266584,0.0,-0.08887338443233006,-0.6765261383985922,-1.9443215742568882,-0.00023698346425170597,-3.7856305623538275e-05,0.0004116803795399203,2.0764703715549713e-05,-6.619849111991052e-05,0.00031638185188606133,313.84138966581463,0.6151769733462052,43280.60050963201,245.09284061398438,0.7055513665457227,0.8938477516556645,-0.06995236963269451,221.43122221148457,15081.614905921011,9.759838313433779,-1.2631691158541496e-05,0.3665667525381812,221.43091875330416,0.0,0.0,0.0,1.8287880291918702e-15,-7.706588623504365e-16,-2.4603367929947072e-06,0.0,0.0,0.0,0.0,0.0,0.0,0.0,0.0,0.0,0.0,0.0,0.5,0.0,0.0,1.0,0.0,0.0,0.0
22.8,138.97850694596804,-15.549764400614773,172.93971680195781,-3.236818784779465e-13,-3.058633315698544e-14,0.0003146402789643907,-0.25929194920516246,-0.34600910118653033,0.4745319859784293,0.7667234055992245,6384745.896764892,2.809819898862389,-0.0003641600167919083,-5.741993815349764e-11,4.4008327728217413e-07,6608.896765510552,0.0,-0.08889608830503812,-0.6765300338310276,-1.9442819948686547,-0.00021749056468537542,-4.0014516807810035e-05,0.00038054087248746196,2.076268605037631e-05,-6.619962946476397e-05,0.00029200259375809713,313.93354373072776,0.616715431020122,43414.292143724226,245.23678669331744,0.7084531504779447,0.8938495316784398,-0.06997282553191521,222.4072080967397,15252.90397934221,9.759906623094086,-1.2696893897157224e-05,0.3698045697810244,222.40690052750602,0.0,0.0,0.0,2.3652871186946454e-15,8.940584572271814e-16,-2.2992161388721947e-06,0.0,0.0,-0.0,0.0,0.0,0.0,0.0,0.0,0.0,0.0,0.0,0.5,0.0,0.0,1.0,0.0,0.0,0.0
22.900000000000002,139.58791588987336,-15.622229391918053,173.69863011324907,-4.3829004617309193e-13,-9.517114506509216e-14,0.000291872762908698,-0.259300765589654,-0.34600018411305594,0.47453848763824646,0.766720423798385,6384723.607119278,2.8469534106996077,-0.0003652868895885035,-5.759782337363231e-11,4.459008073493902e-07,6586.607119913213,0.0,-0.08891689853983538,-0.6765341388986182,-1.9442454405213887,-0.00019928620262508643,-4.2031194512048244e-05,0.00035145988521301236,2.0760825706987286e-05,-6.62007206225454e-05,0.00026923491963775427,314.02606850143474,0.6182646966717511,43549.03020094773,245.38136923384823,0.7113524079224225,0.8938511827524317,-0.06999179765702981,223.3832008386596,15425.723031583846,9.759975234859011,-1.2728933777831722e-05,0.3730566639035592,223.3828890985881,0.0,0.0,0.0,3.2249331141727645e-15,2.801179090331531e-15,-2.147581379357747e-06,0.0,0.0,0.0,0.0,0.0,0.0,0.0,0.0,0.0,0.0,0.0,0.5,0.0,0.0,1.0,0.0,0.0,0.0
23.0,140.19735930939657,-15.694424134661135,174.45754874419185,-5.023299603272436e-13,-1.3333416579085812e-13,0.0002706086788090054,-0.25930874099263257,-0.3459917874452898,0.47454460967030837,0.7667177263775996,6384701.220030613,2.8844121630502344,-0.00036644326984986553,-5.7780363433886116e-11,4.5176932546567395e-07,6564.220031264549,0.0,-0.08893595475538157,-0.6765384384523502,-1.9442116881679543,-0.0001822838839869798,-4.3915679057325306e-05,0.0003242992473815409,2.0759111222769095e-05,-6.620176818794751e-05,0.000247970676785151,314.11897382013495,0.6198234174895667,43684.66191017804,245.52658475288936,0.7142491166468344,0.8938527143058568,-0.07000939538024449,224.35920043565292,15600.043471948366,9.760044147294634,-1.2723634095361073e-05,0.37632296283418515,224.35888452352074,0.0,0.0,0.0,3.721626977017035e-15,3.951473119572218e-15,-2.0048629100419103e-06,0.0,0.0,0.0,0.0,0.0,0.0,0.0,0.0,0.0,0.0,0.0,0.5,0.0,0.0,1.0,0.0,0.0,0.0
23.1,140.80683524825153,-15.766366497347542,175.2164727179668,-4.1011366633245556e-13,-1.0326966492167996e-13,0.00025075101505191367,-0.2593159349026876,-0.34598387446564716,0.4745503789967528,0.7667152933754975,6384678.735498213,2.922197606881288,-0.0003676936237188581,-5.797772337671131e-11,4.576890596912794e-07,6541.735498881899,0.0,-0.08895338092282813,-0.6765429190860812,-1.9441805397586958,-0.000166406027509481,-4.56763663735986e-05,0.00029893502498927623,2.0757532449255437e-05,-6.620277534935914e-05,0.0002281128535835918,314.2122614274553,0.6213914112254808,43821.16694594646,245.6724331904388,0.7171432645388922,0.8938541347347098,-0.07002571598395486,225.33520691823313,15775.871315051236,9.760113360412504,-1.2709894100737529e-05,0.37960348250298637,225.33488690136494,0.0,0.0,0.0,3.05935833174702e-15,3.0815689801656836e-15,-1.8705477775305843e-06,0.0,0.0,-0.0,0.0,0.0,0.0,0.0,0.0,0.0,0.0,0.0,0.5,0.0,0.0,1.0,0.0,0.0,0.0
23.200000000000003,141.41634212216556,-15.838071161816538,175.97540208366803,-2.50405657763794e-13,-1.9587735765739454e-14,0.00023222056414098807,-0.25932239690283426,-0.34597641444417815,0.4745558179680559,0.7667131079406154,6384656.153052911,2.960312733544367,-0.0003690215610613363,-5.818731898361098e-11,4.636604795957673e-07,6519.153053597236,0.0,-0.0889692805020909,-0.6765475692090492,-1.9441518300077085,-0.00015158929240284634,-4.7320107801093506e-05,0.0002752660301785288,2.0756080734468118e-05,-6.620374482622725e-05,0.00020958224253747647,314.30591708438095,0.6229705331427828,43958.75541267097,245.81891820686457,0.720034867877364,0.8938554510256189,-0.07004084034933843,226.31122034906633,15953.270843686274,9.760182875669914,-1.2650735188894183e-05,0.382898271384093,226.31089624005912,0.0,0.0,0.0,1.8808035556646424e-15,5.884608555768829e-16,-1.7442364445925764e-06,0.0,0.0,0.0,0.0,0.0,0.0,0.0,0.0,0.0,0.0,0.0,0.5,0.0,0.0,1.0,0.0,0.0,0.0
23.3,142.025878318114,-15.909552656081374,176.73433683879597,-1.0104023672379508e-13,6.865222393016148e-14,0.00021493911967982148,-0.25932817587015644,-0.34596937709437503,0.47456094862057174,0.766711153471615,6384633.473162498,2.9987573559786656,-0.00037036736713928786,-5.839973453027801e-11,4.696835564677943e-07,6496.473163202716,0.0,-0.0889837554710107,-0.6765523774084418,-1.9441253959952884,-0.0001377711438356227,-4.885368517098787e-05,0.00025319235856689846,2.075474756462111e-05,-6.62046793147866e-05,0.00019230063724867683,314.3999674615708,0.624557534180871,44097.05886342146,245.96603567771797,0.72292386569876,0.8938566701143384,-0.07005484860664979,227.28724072333594,16132.163866773262,9.760252691632921,-1.2589066213782493e-05,0.3862072879453914,227.28691248726062,0.0,0.0,0.0,7.641192065091022e-16,-2.0769110886637543e-15,-1.6255265100942125e-06,0.0,0.0,0.0,0.0,0.0,0.0,0.0,0.0,0.0,0.0,0.0,0.5,0.0,0.0,1.0,0.0,0.0,0.0
23.400000000000002,142.63544242594722,-15.98082386548134,177.4932770065413,6.584026936267406e-15,1.2838619721021484e-13,0.00019883731459376596,-0.2593333150388221,-0.34596273565182023,0.4745657904644605,0.7667094153269179,6384610.695826286,3.0375328684518204,-0.0003716910742459365,-5.860866790366489e-11,4.757585095105753e-07,6473.695827009156,0.0,-0.08899689600546992,-0.6765573336702375,-1.9441010936558702,-0.00012489611690021945,-5.028312259485215e-05,0.0002326253993342547,2.075352545095069e-05,-6.620558119693728e-05,0.00017619867063818157,314.49437060222476,0.6261571628227826,44236.61799702969,246.1137872103431,0.725810346407396,0.8938577981345271,-0.07006781160528328,228.2632680699767,16312.683834399171,9.760322808313225,-1.2562167448493256e-05,0.38953055498799927,228.2629356529082,0.0,0.0,0.0,-5.013520441329846e-17,-3.910592351285768e-15,-1.5140808973970021e-06,0.0,0.0,-0.0,0.0,0.0,0.0,0.0,0.0,0.0,0.0,0.0,0.5,0.0,0.0,1.0,0.0,0.0,0.0
23.5,143.2450331895118,-16.051896478713825,178.2522226363354,5.4577547003994886e-14,1.4018344005735463e-13,0.00018385216793513287,-0.25933785350754057,-0.34595646591767065,0.4745703611475141,0.7667078802748349,6384587.820575086,3.076642277510456,-0.00037296726432458455,-5.881011112505454e-11,4.818858107091708e-07,6450.8205758274225,0.0,-0.08900878364896773,-0.6765624289538389,-1.9440787927145793,-0.0001129138544540444,-5.1613898436049395e-05,0.00021348470098392588,2.075240763117214e-05,-6.620645262485045e-05,0.00016121336175404906,314.58917866242547,0.6277637702624688,44376.78873352134,246.26217393023873,0.7286941736228681,0.8938588406217368,-0.07007979327748728,229.23930245235823,16494.701643224264,9.76039322716844,-1.2577637581519714e-05,0.3928681459962888,229.23896578864034,0.0,0.0,0.0,-4.1844050438473317e-16,-4.2991816915951725e-15,-1.409565167714116e-06,0.0,0.0,0.0,0.0,0.0,0.0,0.0,0.0,0.0,0.0,0.0,0.5,0.0,0.0,1.0,0.0,0.0,0.0
23.6,143.85464913059192,-16.122783778559143,179.0111737253406,3.957394141580463e-14,9.910062610517806e-14,0.00016991137870111064,-0.2593418346605374,-0.34595054104788325,0.4745746802564848,0.7667065336466146,6384564.847876691,3.116085402758923,-0.00037418594992705333,-5.900248926782057e-11,4.880654324079822e-07,6427.847877452149,0.0,-0.08901950887667373,-0.6765676532440645,-1.9440583486302692,-0.00010176654961867813,-5.285233130623679e-05,0.00019567791008849288,2.0751386608822906e-05,-6.620729594732128e-05,0.00014727240959824537,314.6843334049155,0.6293837266028753,44518.29825890411,246.4111949578522,0.7315754823169162,0.8938598037171548,-0.07009086444805715,230.2153438669963,16678.389091404115,9.760463946764604,-1.2622670344815864e-05,0.3962199853684705,230.21500288745952,0.0,0.0,0.0,-3.054784339496509e-16,-3.060023850122738e-15,-1.3116057478362056e-06,0.0,0.0,0.0,0.0,0.0,0.0,0.0,0.0,0.0,0.0,0.0,0.5,0.0,0.0,1.0,0.0,0.0,0.0
23.700000000000003,144.4642889375688,-16.19349773607978,179.7701302967453,-2.8186234482142392e-14,1.3940024831025398e-14,0.00015694965543497304,-0.25934529736647394,-0.34594493699920986,0.4745787653441685,0.7667053623119678,6384541.777730403,3.1558636630568246,-0.00037535185641425104,-5.918654735093832e-11,4.942975976857691e-07,6404.777731182984,0.0,-0.08902915273918514,-0.67657299758854,-1.9440396319184514,-9.140200079837683e-05,-5.400413549028439e-05,0.00017912162800440794,2.075045568255103e-05,-6.620811326330673e-05,0.00013431052271661078,314.7798886860604,0.6310109070096974,44660.44823047058,246.56084823638486,0.7344541397142044,0.8938606929190774,-0.07010108850975943,231.1913923442535,16863.596083469216,9.760534967113575,-1.267486971556764e-05,0.3995860600342668,231.19104698339888,0.0,0.0,0.0,2.1906721865124047e-16,-4.333880192863759e-16,-1.219833905312659e-06,0.0,0.0,0.0,0.0,0.0,0.0,0.0,0.0,0.0,0.0,0.0,0.5,0.0,0.0,1.0,0.0,0.0,0.0
23.8,145.07395143430037,-16.264049294656004,180.52909240031408,-1.2461251179434827e-13,-9.25416483001635e-14,0.0001449071670653563,-0.2593482769006777,-0.34593963195872685,0.47458263234587755,0.7667043543675279,6384518.609667012,3.1959801101840912,-0.0003764845340741118,-5.936536805906411e-11,5.005827856486649e-07,6381.609667811232,0.0,-0.08903778878580762,-0.6765784538859628,-1.9440225250788532,-8.177237269880105e-05,-5.5074554674598835e-05,0.0001637394317050618,2.0749608788586692e-05,-6.620890647202384e-05,0.00012226787003702426,314.87580065220646,0.6326505809463544,44803.8394179956,246.71113856624925,0.7373302317418913,0.8938615132177616,-0.07011052297911423,232.1674479489235,17050.48062271114,9.760606289673301,-1.2711886247037304e-05,0.4029664251113919,232.16709815214242,0.0,0.0,0.0,9.751383158112989e-16,2.8967973307382623e-15,-1.1339298053514493e-06,0.0,0.0,0.0,0.0,0.0,0.0,0.0,0.0,0.0,0.0,0.0,0.5,0.0,0.0,1.0,0.0,0.0,0.0
23.900000000000002,145.6836352605339,-16.334450645366115,181.28806003287164,-2.113875298418626e-13,-1.8335495547017886e-13,0.00013371665168616614,-0.25935081169932106,-0.3459346021640064,0.47458629862799123,0.7667034968527933,6384495.344154312,3.236434567923413,-0.00037761882707389557,-5.954444569992651e-11,5.069209693074911e-07,6358.344155133081,0.0,-0.08904549715291885,-0.6765840133215034,-1.9440069000910385,-7.282388955517634e-05,-5.6069501926651204e-05,0.00014944540825679464,2.07488393272692e-05,-6.62096776094631e-05,0.00011107718965810094,314.97210328960443,0.6342986093159131,44948.00015340976,246.86206153510494,0.7402036794871425,0.8938622700630828,-0.07011923058460831,233.1435106776608,17238.936970880397,9.760677913009795,-1.2721848716997405e-05,0.40636100475644815,233.1431564091931,0.0,0.0,0.0,1.6654487334754996e-15,5.778539855863454e-15,-1.0534978277057784e-06,0.0,0.0,0.0,0.0,0.0,0.0,0.0,0.0,0.0,0.0,0.0,0.5,0.0,0.0,1.0,0.0,0.0,0.0
24.0,146.2933392031816,-16.40471284499578,182.04703321760405,-2.3663160808106985e-13,-2.078313407685195e-13,0.0001233168934585963,-0.2593529362655582,-0.3459298262929698,0.474589779785941,0.7667027781487643,6384471.981191598,3.2772284797263636,-0.0003788041538421953,-5.973157280847709e-11,5.133123756170692e-07,6334.9811924397945,0.0,-0.08905234976767949,-0.6765896680104915,-1.9439926420499474,-6.450760949037947e-05,-5.699436513582658e-05,0.00013616136779778595,2.074814139777904e-05,-6.621042849428571e-05,0.00010067726574008255,315.06876945863667,0.635958117274755,45093.28791504417,247.01361819161244,0.7430745388167451,0.8938629683571314,-0.07012726772266659,234.11958056103583,17429.061167152562,9.760749837135066,-1.2713206288594847e-05,0.4097698031620354,234.11922181099612,0.0,0.0,0.0,1.877028274541493e-15,6.594503743365043e-15,-9.781841810038535e-07,0.0,0.0,-0.0,0.0,0.0,0.0,0.0,0.0,0.0,0.0,0.0,0.5,0.0,0.0,1.0,0.0,0.0,0.0
24.1,146.9030621963599,-16.47484581809579,182.80601200460976,-1.5776774306292768e-13,-8.180529775726498e-14,0.00011365283331217182,-0.25935468137502354,-0.3459252853191553,0.4745930897246709,0.766702187878582,6384448.520309639,3.3183649318603368,-0.00038008538009362764,-5.993382415093322e-11,5.1975748912235e-07,6311.520310501257,0.0,-0.0890584107949314,-0.6765954108934963,-1.9439796484512342,-5.677951319023623e-05,-5.7853994520737264e-05,0.00012381698483581154,2.0747509736236307e-05,-6.621116071960533e-05,9.101303920757613e-05,315.1658185483687,0.6376271339462862,45239.476503835795,247.16581090917808,0.7459427480255834,0.8938636124788091,-0.07013468473391014,235.0956576639308,17620.817925357376,9.760822063507387,-1.2699727243159487e-05,0.41319289646565954,235.09529443888417,0.0,0.0,0.0,1.2599540280524753e-15,2.613189271849014e-15,-9.076589958223088e-07,0.0,0.0,0.0,0.0,0.0,0.0,0.0,0.0,0.0,0.0,0.0,0.5,0.0,0.0,1.0,0.0,0.0,0.0
24.200000000000003,147.51280325916773,-16.54485831804529,183.56499639038498,-3.3164229136185043e-14,2.0041770340513936e-13,0.00010467639046459314,-0.2593560747094745,-0.3459209620748868,0.4745962409134245,0.7667017166169108,6384424.961976232,3.3598436843254285,-0.00038141862101797686,-6.014427988402634e-11,5.262562728559289e-07,6287.961977116142,0.0,-0.08906373800448014,-0.676601235440884,-1.9439678270040566,-4.960116372995419e-05,-5.8652626292045426e-05,0.00011235084911845894,2.0746939496278853e-05,-6.621187577100843e-05,8.20364292838418e-05,315.26323888741945,0.639306762688895,45386.69349516257,247.31863702976182,0.7488083352809565,0.8938642063639923,-0.07014152678718556,236.07174198101714,17814.24276214423,9.760894590692757,-1.2661192196598373e-05,0.41663020620301466,236.071374252669,0.0,0.0,0.0,2.6663569149689184e-16,-6.446273636841125e-15,-8.41653019239029e-07,0.0,0.0,0.0,0.0,0.0,0.0,0.0,0.0,0.0,0.0,0.0,0.5,0.0,0.0,1.0,0.0,0.0,0.0
24.3,148.12256163676855,-16.61475727250191,184.32398639812988,8.744042549006192e-14,4.918442885523915e-13,9.634991774660573e-05,-0.25935713843405056,-0.3459168428325535,0.47459924334982223,0.7667013568481097,6384401.306190661,3.4016661294138473,-0.0003827608399105191,-6.035615380850532e-11,5.328089457840135e-07,6264.306191567332,0.0,-0.08906837763119664,-0.6766071364857598,-1.9439571038433725,-4.2942467162347614e-05,-5.93935763290163e-05,0.0001017148777603814,2.0746426804774168e-05,-6.621257499755167e-05,7.370978879632154e-05,315.3610315914299,0.6409968751040677,45534.92419011608,247.47209651517016,0.7516712903473072,0.8938647531809661,-0.07014783025048983,237.047833541588,18009.34416488779,9.760967418703332,-1.2625832432888728e-05,0.42008174956677635,237.04746127054182,0.0,0.0,0.0,-7.07841420181725e-16,-1.5926647309022378e-14,-7.799648987286908e-07,0.0,0.0,-0.0,0.0,0.0,0.0,0.0,0.0,0.0,0.0,0.0,0.5,0.0,0.0,1.0,0.0,0.0,0.0
24.400000000000002,148.7323366620594,-16.684549023448167,185.08298207829137,1.700291289537131e-13,6.807858848827762e-13,8.863889251481181e-05,-0.2593578927396795,-0.34591291509115146,0.4746021061437365,0.7667011017326528,6384377.55248368,3.443835332031678,-0.00038408136738537823,-6.056460980091755e-11,5.394159891432232e-07,6240.552484608255,0.0,-0.0890723717875651,-0.6766131093340044,-1.943947411690168,-3.6775827320222285e-05,-6.007988798830133e-05,9.186497879049329e-05,2.074596814685526e-05,-6.621325961523552e-05,6.599859509636677e-05,315.4592041373155,0.6426968798403716,45684.10043509988,247.6261921981945,0.7545315793258311,0.893865255811098,-0.0701536282010583,238.0239324103162,18206.12421055736,9.761040548997705,-1.260994194988522e-05,0.42354760501958333,238.0235555507028,0.0,0.0,0.0,-1.385750329502239e-15,-2.21944150046032e-14,-7.224073835879136e-07,0.0,0.0,0.0,0.0,0.0,0.0,0.0,0.0,0.0,0.0,0.0,0.5,0.0,0.0,1.0,0.0,0.0,0.0
24.5,149.34212751969673,-16.754240838085355,185.84198342703314,1.9465752505012908e-13,7.011224214697385e-13,8.150323202526208e-05,-0.25935836020493097,-0.3459091648740579,0.4746048394839494,0.7667009436273623,6384353.701323084,3.486351044875723,-0.0003853605651251512,-6.076655110295874e-11,5.46077364834015e-07,6216.701324036035,0.0,-0.08907576756576269,-0.6766191487434902,-1.9439386753128076,-3.106920220551859e-05,-6.0715102638188026e-05,8.27499586897613e-05,2.074555960152892e-05,-6.621393090370401e-05,5.886276544294635e-05,315.557741495225,0.6444082628229899,45834.39344365028,247.78092154943644,0.7573892389622543,0.8938657174718757,-0.0701589575512951,239.00003858214836,18404.63039491025,9.761113980141864,-1.2616793130841112e-05,0.4270277064876116,238.99965708445882,0.0,0.0,0.0,-1.5972091335774536e-15,-2.3012129936363815e-14,-6.687517550771429e-07,0.0,0.0,0.0,0.0,0.0,0.0,0.0,0.0,0.0,0.0,0.0,0.5,0.0,0.0,1.0,0.0,0.0,0.0
24.6,149.95193348838765,-16.82383933945811,186.60099046755073,1.5492525342533933e-13,5.308916639972774e-13,7.490629692969705e-05,-0.25935856126053974,-0.34590557953606016,0.4746074525912646,0.76670087561943,6384329.752708149,3.529214679274794,-0.00038658954564947136,-6.09605762006576e-11,5.527932948290128e-07,6192.752709124237,0.0,-0.08907860757641253,-0.6766252499767422,-1.9439308266395223,-2.5793302238970442e-05,-6.130245985792906e-05,7.432302186963212e-05,2.074519763410813e-05,-6.621458999149412e-05,5.2265660488399164e-05,315.65666235805196,0.6461288667855744,45985.55628680891,247.93628385395516,0.7602442169106562,0.8938661410710229,-0.0701638516594391,239.97615208702862,18604.813429162685,9.76118771214811,-1.2640915443284939e-05,0.43052205112343245,239.97576590028206,0.0,0.0,0.0,-1.2797974839815388e-15,-1.7542761666008443e-14,-6.187815622402643e-07,0.0,0.0,-0.0,0.0,0.0,0.0,0.0,0.0,0.0,0.0,0.0,0.5,0.0,0.0,1.0,0.0,0.0,0.0
24.700000000000003,150.5617539237759,-16.893350663598405,187.3600032506216,5.782408917411545e-14,1.917681200799769e-13,6.881402193916082e-05,-0.2593585146741628,-0.34590214746332515,0.47460995393728767,0.7667008913623987,6384305.70616961,3.5724293386760926,-0.0003877699614430777,-6.114694560291688e-11,5.595642664397699e-07,6168.706170609221,0.0,-0.08908093095963115,-0.6766314086887016,-1.9439238031432544,-2.092089519916397e-05,-6.18449738016425e-05,6.654066025543727e-05,2.0744879012917406e-05,-6.621523788290893e-05,4.617321494160241e-05,315.7559434741131,0.6478616624082031,46137.92899684639,248.09228312986554,0.7630965530904935,0.8938665292772182,-0.07016834114103969,240.9522729905724,18806.77779930759,9.761261746475371,-1.267195917857104e-05,0.4340307015578257,240.95188206444251,0.0,0.0,0.0,-4.808774719947063e-16,-6.379324990798786e-15,-5.722967478023772e-07,0.0,0.0,0.0,0.0,0.0,0.0,0.0,0.0,0.0,0.0,0.0,0.5,0.0,0.0,1.0,0.0,0.0,0.0
24.8,151.17158805413547,-16.962781680117956,188.119021772069,-7.53962613391952e-14,-2.4836971947535124e-13,6.318784183047172e-05,-0.25935824100993166,-0.345898855932292,0.47461235280572833,0.7667009839061825,6384281.562175264,3.615994773480484,-0.00038891475322007303,-6.132769983218115e-11,5.663902412190143e-07,6144.562176287485,0.0,-0.08908278060237675,-0.6766376201238833,-1.9439175363139078,-1.6421150201313935e-05,-6.234606140500292e-05,5.93536179520559e-05,2.074460020413402e-05,-6.621587561352917e-05,4.0546863583991794e-05,315.8556126441708,0.6496031577119048,46291.11196174312,248.24891519403607,0.7659461813979096,0.8938668850162645,-0.07017245954104788,241.9284012876944,19010.428040963718,9.761336081689604,-1.2698586689433947e-05,0.4375535828651493,241.9280055753641,0.0,0.0,0.0,6.31297531885912e-16,8.318704532782556e-15,-5.290534202700746e-07,0.0,0.0,0.0,0.0,0.0,0.0,0.0,0.0,0.0,0.0,0.0,0.5,0.0,0.0,1.0,0.0,0.0,0.0
24.900000000000002,151.78143519120275,-17.03213871168201,188.87804605508356,-2.1022410137736364e-13,-6.784193085600209e-13,5.799210014257114e-05,-0.2593577589876476,-0.34589569336293324,0.4746146576492767,0.7667011469283207,6384257.320724376,3.6599124130558587,-0.00039004733440990187,-6.150653089446456e-11,5.732714439900104e-07,6120.3207254251465,0.0,-0.0890841955431335,-0.6766438799614394,-1.943911963789923,-1.2265561102601467e-05,-6.280888367872526e-05,5.271635388433422e-05,2.074435800925297e-05,-6.621650408548262e-05,3.5350949955440935e-05,315.95563469211675,0.6513574747202575,46445.57887586814,248.40618141396553,0.768793179603643,0.8938672109524303,-0.07017623740413953,242.90453700863952,19215.896860833505,9.761410717803269,-1.2712578723039769e-05,0.44109069022799474,242.90413646890602,0.0,0.0,0.0,1.7720229405654257e-15,2.2874839489528393e-14,-4.888275471314196e-07,0.0,0.0,-0.0,0.0,0.0,0.0,0.0,0.0,0.0,0.0,0.0,0.5,0.0,0.0,1.0,0.0,0.0,0.0
25.0,152.39129471384607,-17.10142768402621,189.63707615077337,-2.9806688991460567e-13,-9.414179321114915e-13,5.319320316095591e-05,-0.25935708592694356,-0.34589264904399686,0.47461687629015886,0.7667013745839654,6384232.9813476605,3.7041853996515215,-0.0003912021466843224,-6.168886991227724e-11,5.80208368180957e-07,6095.98134873528,0.0,-0.08908521189817775,-0.6766501842127588,-1.9439070278786266,-8.427270061494559e-06,-6.323642033267232e-05,4.658596117464829e-05,2.0744149489766594e-05,-6.62171240889359e-05,3.0551880338255865e-05,316.05605023289894,0.6531201215128895,46600.812809544055,248.56408333666278,0.77163743305981,0.8938675095532715,-0.07017970301802362,243.8806802196734,19423.07181626216,9.761485656275628,-1.2712638304416638e-05,0.4446420911326451,243.8802748191907,0.0,0.0,0.0,2.5293991125046636e-15,3.1956474296823804e-14,-4.5139590894182346e-07,0.0,0.0,0.0,0.0,0.0,0.0,0.0,0.0,0.0,0.0,0.0,0.5,0.0,0.0,1.0,0.0,0.0,0.0
25.1,153.0011658935917,-17.170655072498743,190.3961120546211,-2.7683343516437396e-13,-8.318858869900039e-13,4.8754094989047546e-05,-0.2593562403998534,-0.34588971149102626,0.47461901711700843,0.7667016606083302,6384208.544512918,3.74881348105923,-0.00039242414837712373,-6.188180645364767e-11,5.872009749479091e-07,6071.544514018421,0.0,-0.08908586839607262,-0.6766565286046161,-1.9439026667167039,-4.876649985407869e-06,-6.363196072999044e-05,4.091511033465433e-05,2.074397149990926e-05,-6.621773641383083e-05,2.611259883806371e-05,316.1568142568464,0.6548961369046029,46757.39448539101,248.72261959936282,0.7744790526605236,0.8938677834707957,-0.07018288676708534,244.85683091540398,19632.107964326915,9.761560895672615,-1.2708552956060734e-05,0.44820772248534513,244.85642063134924,0.0,0.0,0.0,2.3650029747107774e-15,2.8428144968283366e-14,-4.1651127002161773e-07,0.0,0.0,0.0,0.0,0.0,0.0,0.0,0.0,0.0,0.0,0.0,0.5,0.0,0.0,1.0,0.0,0.0,0.0
25.200000000000003,153.61104816602034,-17.239826083650176,191.1551537897719,-4.8558434749237805e-14,1.0913718099647454e-12,4.46450567643209e-05,-0.259355237433106,-0.34588687140091245,0.4746210869095814,0.7667019999141788,6384184.0102194045,3.79379807957591,-0.00039372395046669993,-6.208701391306803e-11,5.942494880320785e-07,6047.010220531373,0.0,-0.08908619638320028,-0.676662909644132,-1.943898830232018,-1.5899404411313465e-06,-6.399814194969739e-05,3.566584335900618e-05,2.0743821542992673e-05,-6.621834043257175e-05,2.200338659196153e-05,316.2579723085753,0.6566801629362993,46914.70750981241,248.8817884398406,0.7773179197069645,0.893868034851353,-0.07018581322168146,245.83298912564453,19842.85803726242,9.761636436006834,-1.2703215610088137e-05,0.4517875863847537,245.83257393321665,0.0,0.0,0.0,4.1762890108849093e-16,-3.754668666071622e-14,-3.839717258557083e-07,0.0,0.0,0.0,0.0,0.0,0.0,0.0,0.0,0.0,0.0,0.0,0.5,0.0,0.0,1.0,0.0,0.0,0.0
25.3,154.22094124309535,-17.308943659893277,191.91420140768918,3.1454155329472326e-13,4.626109709386428e-12,4.085003762700881e-05,-0.25935408613504973,-0.3458841231242115,0.4746230897701841,0.7667023893993044,6384159.377997816,3.839142313844197,-0.00039505707297394295,-6.229747830236062e-11,6.013543972035432e-07,6022.377998969518,0.0,-0.08908621486750243,-0.6766693251784627,-1.9438954880577075,1.4456874884166387e-06,-6.433638790695279e-05,3.081766181972055e-05,2.0743697975655352e-05,-6.621893685069058e-05,1.8208192737196583e-05,316.3594774208578,0.6584780205291039,47073.421637084946,249.0415948046141,0.7801541335373318,0.8938682649960491,-0.07018849726018785,246.80915491626317,20055.517340358256,9.761712278737885,-1.2693058619580219e-05,0.4553817501923779,246.8087347787086,0.0,0.0,0.0,-2.7234762873089167e-15,-1.6022521567286006e-13,-3.5369262397770236e-07,0.0,0.0,0.0,0.0,0.0,0.0,0.0,0.0,0.0,0.0,0.0,0.5,0.0,0.0,1.0,0.0,0.0,0.0
25.400000000000002,154.83084475776445,-17.378011040387054,192.6732549035932,6.682254281272008e-13,8.131167782496247e-12,3.735120707574368e-05,-0.2593527963263879,-0.3458814605788776,0.4746250301281939,0.7667028257344016,6384134.648315951,3.8848458693751007,-0.0003963938321960711,-6.250851876906437e-11,6.085156538747698e-07,5997.648317133697,0.0,-0.08908594433511831,-0.676675772915323,-1.943892607466822,4.244485693775344e-06,-6.46482831482913e-05,2.6347794321913983e-05,2.0743598955337413e-05,-6.621952783148415e-05,1.4709186775070481e-05,316.46137799656765,0.6602837233174349,47232.84815753901,249.20203370180266,0.78298757631908,0.8938684753103396,-0.07019095495962224,247.78532828089087,20269.91011399719,9.761788422431666,-1.2683595189836675e-05,0.45899014914905467,247.7849031577516,0.0,0.0,0.0,-5.824589969076545e-15,-2.835094042986338e-13,-3.255680709114418e-07,0.0,0.0,0.0,0.0,0.0,0.0,0.0,0.0,0.0,0.0,0.0,0.5,0.0,0.0,1.0,0.0,0.0,0.0
25.5,155.4407583932078,-17.44703122098812,193.43231430072785,9.080191291374743e-13,1.0420593347018296e-11,3.413199612364899e-05,-0.2593513770057164,-0.34587887819260765,0.47462691204263,0.7667033058700494,6384109.821173062,3.93091015000928,-0.00039771205060451867,-6.271663807574469e-11,6.157334789216534e-07,5972.821174272336,0.0,-0.08908540355667957,-0.6766822507568239,-1.9438901584731776,6.8196981226303635e-06,-6.49353003438758e-05,2.223508034899521e-05,2.0743522823954548e-05,-6.622011504818674e-05,1.148979971832995e-05,316.56362138256316,0.6621035331684628,47393.70949141977,249.3631071881883,0.7858183709262366,0.8938686670808316,-0.07019320104065986,248.76150924935575,20486.240922908968,9.761864867100941,-1.2677846889630473e-05,0.4626127854205606,248.76107909727588,0.0,0.0,0.0,-7.967753568840935e-15,-3.6576855297840227e-13,-2.995039699044656e-07,0.0,0.0,-0.0,0.0,0.0,0.0,0.0,0.0,0.0,0.0,0.0,0.5,0.0,0.0,1.0,0.0,0.0,0.0
25.6,156.05068187533843,-17.516007025174016,194.1913796509125,9.66788495973082e-13,1.0736638782662863e-11,3.11767050966329e-05,-0.25934983656266164,-0.34587637077085,0.4746287392982886,0.7667038269644707,6384084.896099819,3.977338311216211,-0.0003989965133838803,-6.291943692192761e-11,6.230083679227589e-07,5947.89610105815,0.0,-0.08908461003192308,-0.6766887567497893,-1.9438881131210946,9.18387431830714e-06,-6.519883504140264e-05,1.8459469341238756e-05,2.0743468068741848e-05,-6.622069972252912e-05,8.534331889395347e-06,316.6662625719447,0.6639311778438682,47555.28119108554,249.524816241443,0.7886463651992919,0.8938688415059771,-0.07019524921879014,249.7376978883837,20704.336956865183,9.761941614205648,-1.2676899918536341e-05,0.46624972843571777,249.73726266184954,0.0,0.0,0.0,-8.540238611611154e-15,-3.7938453026943937e-13,-2.7540280775719553e-07,0.0,0.0,0.0,0.0,0.0,0.0,0.0,0.0,0.0,0.0,0.0,0.5,0.0,0.0,1.0,0.0,0.0,0.0
25.700000000000003,156.66061483292614,-17.584941727179707,194.95045094898336,8.178572205741458e-13,8.78398858599546e-12,2.8466791723951933e-05,-0.2593481844747528,-0.34587393244659775,0.47463051617149765,0.7667043858097483,6384059.873564029,4.024130030432574,-0.00040023956233088627,-6.311570758286475e-11,6.303402710375701e-07,5922.873565297573,0.0,-0.08908358353059781,-0.6766952886914298,-1.9438864398305362,1.1351837610598808e-05,-6.544053584593834e-05,1.4997279454377223e-05,2.0743433023213164e-05,-6.622128265308491e-05,5.824241020878273e-06,316.76924528017844,0.6657731191400261,47718.310643491925,249.68715994894256,0.7914717005977808,0.8938689999392985,-0.07019711497921731,250.7138941913498,20924.404978010487,9.762018662311652,-1.2680313339785698e-05,0.46990090980459825,250.71345384410637,0.0,0.0,0.0,-7.27295933752137e-15,-3.1246261451397745e-13,-2.5314780140129306e-07,0.0,0.0,0.0,0.0,0.0,0.0,0.0,0.0,0.0,0.0,0.0,0.5,0.0,0.0,1.0,0.0,0.0,0.0
25.8,157.27055694044728,-17.65383840076103,195.70952821813708,4.723212014450831e-13,4.700385141022712e-12,2.5984740844628507e-05,-0.25934642952821213,-0.3458715577815706,0.4746322466272142,0.7667049794334879,6384034.7535649305,4.071286723668992,-0.00040144060736104295,-6.330535693691326e-11,6.377294110742394e-07,5897.753566228785,0.0,-0.089082342379825,-0.6767018445428794,-1.9438851093263123,1.3337590864444379e-05,-6.566196002267519e-05,1.182614026843602e-05,2.0743416180993752e-05,-6.622186417764163e-05,3.3420119519326648e-06,316.87262325307745,0.6676229380111368,47882.05643424131,249.85013621769744,0.7942942359751262,0.8938691436348266,-0.07019881267222536,251.69009818823716,21146.257402061514,9.762096011431865,-1.2686688513952049e-05,0.4735663289713159,251.6896526740611,0.0,0.0,0.0,-4.228308124063072e-15,-1.6831997266214e-13,-2.3262028145012465e-07,0.0,0.0,-0.0,0.0,0.0,0.0,0.0,0.0,0.0,0.0,0.0,0.5,0.0,0.0,1.0,0.0,0.0,0.0
25.900000000000002,157.8805079103613,-17.72269999212525,196.4686115104809,-2.0688185605485994e-14,-9.401030876694825e-13,2.3713648827821082e-05,-0.25934458002642463,-0.34586924163718097,0.47463393441310014,0.7667056050282922,6384009.535633177,4.118811579107514,-0.0004026061125077861,-6.348940427866878e-11,6.451762887761728e-07,5872.535634504631,0.0,-0.08908090389894947,-0.6767084223808443,-1.9438840939434667,1.5154648762943684e-05,-6.586461035905735e-05,8.924461977542932e-06,2.0743416160149996e-05,-6.622244418122833e-05,1.0707410485707552e-06,316.9763444038736,0.6694871563271705,48047.27200016529,250.0137502061003,0.7971140858608969,0.8938692737770635,-0.0702003558560248,252.66630994634255,21370.12095848704,9.762173663026575,-1.2694132308865846e-05,0.4772460534914037,252.66585921982625,0.0,0.0,0.0,1.8654589904847464e-16,3.389456936654002e-14,-2.1370709866359815e-07,0.0,0.0,0.0,0.0,0.0,0.0,0.0,0.0,0.0,0.0,0.0,0.5,0.0,0.0,1.0,0.0,0.0,0.0
26.0,158.49046736740343,-17.791529809297348,197.22770082046796,-5.719027743542916e-13,-7.104961120028062e-12,2.163427625046289e-05,-0.25934264510644717,-0.345866978359744,0.4746355836536224,0.766706259506631,6383984.220236574,4.166704265924856,-0.0004037501154908908,-6.36700632402012e-11,6.526808530208394e-07,5847.220237934031,0.0,-0.08907928714704864,-0.6767150200914893,-1.9438833632397523,1.6818394716462068e-05,-6.60501973819068e-05,6.267670692703976e-06,2.0743431468825872e-05,-6.622302211598254e-05,-1.0088111087517852e-06,317.0804591956408,0.6713594523634618,48213.227182828974,250.17799683006643,0.7999311252507054,0.8938693916699113,-0.07020175945033158,253.64252945872758,21595.8008531009,9.762251615661595,-1.2700741535809357e-05,0.4809400139824712,253.64207347672678,0.0,0.0,0.0,5.188478029622907e-15,2.5784073657395213e-13,-1.9626846456021572e-07,0.0,0.0,0.0,0.0,0.0,0.0,0.0,0.0,0.0,0.0,0.0,0.5,0.0,0.0,1.0,0.0,0.0,0.0
26.1,159.10043497734642,-17.860331003932394,197.9867961712475,-1.0546567071818678e-12,-1.2332751505764938e-11,1.9728161777475254e-05,-0.2593406333421284,-0.34586476264500177,0.47463719821967587,0.7667069399731362,6383958.807374353,4.214966212301611,-0.0004048936136699359,-6.385064501702172e-11,6.602433285490708e-07,5821.807375743985,0.0,-0.08907751000778948,-0.6767216356951987,-1.943882888650922,1.8343590855274853e-05,-6.622036217863714e-05,3.832185818709762e-06,2.0743460752990138e-05,-6.622359698436257e-05,-2.9151058549838513e-06,317.1849159858906,0.6732460590754666,48380.64387283247,250.34287811908504,0.8027454772370248,0.8938694985366717,-0.07020303745605685,254.61875675547938,21823.510442100203,9.762329869350017,-1.270511831563681e-05,0.48464820975509326,254.6182954779061,0.0,0.0,0.0,9.631792974715791e-15,4.505355047224898e-13,-1.8017006739575553e-07,0.0,0.0,-0.0,0.0,0.0,0.0,0.0,0.0,0.0,0.0,0.0,0.5,0.0,0.0,1.0,0.0,0.0,0.0
26.200000000000003,159.71041043907005,-17.929106646094386,198.745897615214,-1.3018810530339988e-12,-1.4698439014481663e-11,1.797718413240571e-05,-0.2593385529475394,-0.34586258941227,0.47463878182042724,0.766707643655905,6383933.296577147,4.2636006393084624,-0.00040606506224554395,-6.403563695574078e-11,6.678642212974982e-07,5796.296578570579,0.0,-0.08907558961375507,-0.6767282672996272,-1.9438826428129887,1.9744728322843654e-05,-6.637671526657389e-05,1.594860534527531e-06,2.074350276438016e-05,-6.62241673154908e-05,-4.666264469895003e-06,317.2897657119619,0.6751411024351861,48548.84097992577,250.50839519809847,0.8055569973606398,0.8938695955492634,-0.07020420328970513,255.5949919044202,22053.081539358773,9.762408425552438,-1.2706833966073342e-05,0.48837070908562435,255.5945252951206,0.0,0.0,0.0,1.1968794741817768e-14,5.405339856135098e-13,-1.6527208884927234e-07,0.0,0.0,0.0,0.0,0.0,0.0,0.0,0.0,0.0,0.0,0.0,0.5,0.0,0.0,1.0,0.0,0.0,0.0
26.3,160.32039337419232,-17.99786006984845,199.5050051463954,-1.0832934641289471e-12,-1.0630820745390123e-11,1.6361460197444396e-05,-0.25933641270592517,-0.3458604532292383,0.47464033842247233,0.7667083675921991,6383907.688312764,4.312607207483193,-0.00040729952148608247,-6.423056806195793e-11,6.755434788022579e-07,5770.688314221179,0.0,-0.089073544285733,-0.6767349128831565,-1.9438825964655913,2.1037708247974945e-05,-6.652102244992042e-05,-4.697031686798897e-07,2.0743556213784426e-05,-6.622473000360793e-05,-6.282170068144309e-06,317.3949591945249,0.6770502789350298,48718.48006433968,250.6745468879934,0.808365812118127,0.8938696839616703,-0.07020527130484103,256.57123489825017,22284.70578469672,9.76248728283467,-1.2707151450778534e-05,0.4921074442968584,256.570762926366,0.0,0.0,0.0,1.0025362631955231e-14,3.935342518657239e-13,-1.514195292919902e-07,0.0,0.0,0.0,0.0,0.0,0.0,0.0,0.0,0.0,0.0,0.0,0.5,0.0,0.0,1.0,0.0,0.0,0.0
26.400000000000002,160.9303835586703,-18.066593471892197,200.26411878512312,1.4900178729962969e-12,8.255999224726549e-11,1.486796581388776e-05,-0.25933421848430954,-0.3458583504559502,0.47464187067738783,0.7667091098002417,6383881.982580426,4.361987332644173,-0.00040859597406338316,-6.443527803270517e-11,6.832813238944522e-07,5744.982581916265,0.0,-0.08907138627297474,-0.67674157110265,-1.943882730045075,2.2232953078128734e-05,-6.665436047519297e-05,-2.3781505341973895e-06,2.0743621977664716e-05,-6.62252026767415e-05,-7.775846810346114e-06,317.50054005392235,0.6789683065269649,48888.9488102552,250.84133148170247,0.8111718037489386,0.8938697646007399,-0.07020625115271627,257.5474857668023,22518.224045476436,9.76256644120993,-1.2719150525697387e-05,0.4958584230647034,257.5470084023349,0.0,0.0,0.0,-1.3881298780033629e-14,-3.076672628513282e-12,-1.38512885955439e-07,0.0,0.0,-0.0,0.0,0.0,0.0,0.0,0.0,0.0,0.0,0.0,0.5,0.0,0.0,1.0,0.0,0.0,0.0
26.5,161.54038096294954,-18.135307496515992,201.0232385844242,6.1042999058429366e-12,2.5866786078716076e-10,1.3493483201589851e-05,-0.2593319723969987,-0.34585627977877453,0.4746433795351345,0.7667098695546557,6383856.178910746,4.411744220898711,-0.0004099199358350674,-6.464432886377896e-11,6.910782602089214e-07,5719.178912270504,0.0,-0.08906911998894843,-0.6767482414471914,-1.9438830364993172,2.3333032259721314e-05,-6.677702214313338e-05,-4.134589126034999e-06,2.074369937943331e-05,-6.622559166541227e-05,-9.150512479621857e-06,317.60646935700737,0.6809002001579891,49060.82859283127,251.00875363274136,0.8139750558285824,0.8938698377698667,-0.070207146277908,258.52374457797595,22753.82384105686,9.762645902139177,-1.2739563475842411e-05,0.49962371262441246,258.523261784935,0.0,0.0,0.0,-5.724784513864505e-14,-9.703715514638915e-12,-1.265432249919222e-07,0.0,0.0,0.0,0.0,0.0,0.0,0.0,0.0,0.0,0.0,0.0,0.5,0.0,0.0,1.0,0.0,0.0,0.0
26.6,162.15038547673325,-18.20400305445441,201.7823645406213,1.0996238497996888e-11,4.459689807002191e-10,1.2233188019313595e-05,-0.25932967723484257,-0.34585423947351046,0.4746448662486261,0.7667106459016934,6383830.277771535,4.461877480727777,-0.00041125047112137937,-6.485441903710859e-11,6.98934227139145e-07,5693.277773094674,0.0,-0.08906675125064221,-0.6767549232390446,-1.9438835065348012,2.4341794160358107e-05,-6.688950857134617e-05,-5.745171330303443e-06,2.074378616983166e-05,-6.622596883458441e-05,-1.0410991412333495e-05,317.7127814069597,0.6828415204524813,49233.60518784696,251.17680888161632,0.8167754826264786,0.8938699038793553,-0.07020796119068974,259.50001132382266,22991.363978168374,9.762725664188173,-1.2757491208030084e-05,0.5034032389033314,259.4995230616029,0.0,0.0,0.0,-1.0380949989174558e-13,-1.6841097534047365e-11,-1.1548560856556467e-07,0.0,0.0,0.0,0.0,0.0,0.0,0.0,0.0,0.0,0.0,0.0,0.5,0.0,0.0,1.0,0.0,0.0,0.0
26.700000000000003,162.76039701642443,-18.272681039412603,202.54149667881887,1.4822010379115632e-11,5.900071442293888e-10,1.1082262545357269e-05,-0.2593273356646218,-0.34585222789186115,0.47464633201626294,0.7667114379317232,6383804.2791620055,4.512388519249031,-0.0004125711860331068,-6.506296323942203e-11,7.068494461801727e-07,5667.279163599945,0.0,-0.08906428561725316,-0.6767616158364245,-1.9438841312701098,2.5263083898579228e-05,-6.699230311594911e-05,-7.216043292260042e-06,2.0743880544119652e-05,-6.622638878473773e-05,-1.156210132929056e-05,317.8194437388613,0.6847962439176408,49407.740937370916,251.34549851370167,0.819573160691499,0.8938699633196494,-0.07020870022161768,260.4762860342726,23230.992027575823,9.762805727370292,-1.2767035819649664e-05,0.5071969990028579,260.4757922584704,0.0,0.0,0.0,-1.4085377170744764e-13,-2.242805737114501e-11,-1.0531489579613204e-07,0.0,0.0,0.0,0.0,0.0,0.0,0.0,0.0,0.0,0.0,0.0,0.5,0.0,0.0,1.0,0.0,0.0,0.0
26.8,163.37041552314267,-18.341342349271127,203.30063505349872,1.6625398449278443e-11,6.523016656608075e-10,1.0035781368185235e-05,-0.2593249502923215,-0.34585024342232545,0.4746477780103664,0.7667122447576482,6383778.18261275,4.563280575603309,-0.0004138698394962001,-6.526803103454795e-11,7.148244261840468e-07,5641.182614380494,0.0,-0.08906172852210394,-0.6767683186182761,-1.943884902025183,2.6100834611387577e-05,-6.708588282383305e-05,-8.553490767907586e-06,2.0743981099119973e-05,-6.62268901473539e-05,-1.2608767644988715e-05,317.9264851201092,0.686761132146066,49582.85877664824,251.51482451806132,0.8223680003280163,0.893870016470264,-0.07020936761966287,261.45256877784436,23472.621066809443,9.762886093146843,-1.2766195766289457e-05,0.5110050606015999,261.4520694410041,0.0,0.0,0.0,-1.5903869372639382e-13,-2.496043252942818e-11,-9.60020980843412e-08,0.0,0.0,0.0,0.0,0.0,0.0,0.0,0.0,0.0,0.0,0.0,0.5,0.0,0.0,1.0,0.0,0.0,0.0
26.900000000000002,163.98044086309824,-18.409988121377875,204.05977965888462,1.5873416403621775e-11,6.117882419716692e-10,9.087233948234848e-06,-0.2593225242796499,-0.34584828410858043,0.47464920565551966,0.766713065306694,6383751.988591582,4.6145532452869675,-0.00041513873983599174,-6.546840937990347e-11,7.228591045219076e-07,5614.988593249581,0.0,-0.08905908656003539,-0.6767750308410396,-1.9438858082660209,2.6860249247747408e-05,-6.717084848132481e-05,-9.7658265708741e-06,2.0744086753073183e-05,-6.622749414813795e-05,-1.3557500895715031e-05,318.0338815379427,0.6887388690578382,49759.272126015785,251.6847847322125,0.8251600657023275,0.8938700637879528,-0.07020996855612259,262.42885954619766,23716.3490015929,9.762966760083541,-1.275608703584415e-05,0.5148273561620728,262.4283545992766,0.0,0.0,0.0,-1.528506287869941e-13,-2.3565180135550952e-11,-8.750418130585156e-08,0.0,0.0,0.0,0.0,0.0,0.0,0.0,0.0,0.0,0.0,0.0,0.5,0.0,0.0,1.0,0.0,0.0,0.0
27.0,164.59047292810587,-18.478619487877204,204.8189305183532,1.2427546796204963e-11,4.6365249305210437e-10,8.230054756345209e-06,-0.2593200607009406,-0.34584634804754005,0.47465061633825945,0.7667138985376519,6383725.697097704,4.666207942756687,-0.00041637444004896147,-6.56635546235255e-11,7.309537038656439e-07,5588.697099409066,0.0,-0.08905636614461619,-0.6767817517881836,-1.9438868397484967,2.754657674280076e-05,-6.724778956441168e-05,-1.0861435896630351e-05,2.0744196836967305e-05,-6.622820576793565e-05,-1.44148666109921e-05,318.14164847820894,0.690727566770227,49936.76173912696,251.85537855189546,0.8279493100927474,0.8938701057140513,-0.07021050806847318,263.40515836930246,23962.125841926936,9.76304772819392,-1.2739818920692869e-05,0.518663887680006,263.40464776247654,0.0,0.0,0.0,-1.204615033975073e-13,-1.7977466632989533e-11,-7.977477657102027e-08,0.0,0.0,-0.0,0.0,0.0,0.0,0.0,0.0,0.0,0.0,0.0,0.5,0.0,0.0,1.0,0.0,0.0,0.0
27.1,165.2005116330177,-18.547237602572167,205.57808768498884,6.540454457091226e-12,2.1921573162153714e-10,7.457467494419126e-06,-0.25931756261609695,-0.3458444333442012,0.4746520114399746,0.7667147434161741,6383699.30766169,4.71824793499009,-0.00041757765601619544,-6.585357961904598e-11,7.391087374712402e-07,5562.307663433874,0.0,-0.08905357366033224,-0.6767884807532097,-1.9438879862752818,2.816523659384949e-05,-6.731729820722266e-05,-1.184897529994778e-05,2.0744311078529262e-05,-6.622901386090242e-05,-1.518764109281501e-05,318.2497781179635,0.6927284662521295,50115.47130434143,252.02660940884854,0.8307357381807233,0.8938701426846377,-0.0702109911755763,264.381465316149,24210.017203101288,9.763128998939631,-1.2721602885790162e-05,0.5225147262044487,264.3809489996191,0.0,0.0,0.0,-6.381518953295064e-14,-8.555761552955805e-12,-7.27639610679447e-08,0.0,0.0,0.0,0.0,0.0,0.0,0.0,0.0,0.0,0.0,0.0,0.5,0.0,0.0,1.0,0.0,0.0,0.0
27.200000000000003,165.81055682090704,-18.615843825974334,206.33725115094126,-1.107956960649152e-12,-9.264504192950562e-11,6.7613007111347304e-06,-0.25931503355178903,-0.345842537813805,0.47465339255419564,0.7667155987523638,6383672.820751355,4.77067280439274,-0.00041875375275784635,-6.60393303863596e-11,7.473241406708515e-07,5535.820753137891,0.0,-0.08905071646765672,-0.6767952169278645,-1.9438892360914808,2.8722766336103787e-05,-6.738007317360821e-05,-1.2738885834894088e-05,2.0744429545860578e-05,-6.622988973126259e-05,-1.5883995789831778e-05,318.3582706959518,0.6947412874692407,50295.36982507104,252.19847418510233,0.8335193517370763,0.893870175199334,-0.07021142366001805,265.35778037800014,24460.02032854498,9.763210570886356,-1.2705807935257477e-05,0.5263798059404413,265.3572583035373,0.0,0.0,0.0,1.08837194863279e-14,3.640111789107755e-12,-6.640734427875434e-08,0.0,0.0,0.0,0.0,0.0,0.0,0.0,0.0,0.0,0.0,0.0,0.5,0.0,0.0,1.0,0.0,0.0,0.0
27.3,166.42060835900008,-18.684439528667266,207.09642093785942,-9.450899078555033e-12,-4.271023800637161e-10,6.133241069871866e-06,-0.2593124769899035,-0.3458406592984763,0.4746547612555961,0.7667164633734347,6383646.236365893,4.823483972760341,-0.0004199122301560864,-6.622230506056985e-11,7.556001373135857e-07,5509.236367715523,0.0,-0.08904780183466975,-0.676801959520918,-1.9438905775901316,2.9225819035110613e-05,-6.743680990098129e-05,-1.354179195318521e-05,2.074455270447587e-05,-6.623078874013045e-05,-1.6512244039302794e-05,318.4671307772058,0.6967654635588083,50476.39113598732,252.37097270494996,0.8363001322456202,0.8938702037475985,-0.07021181122774116,266.33410358486043,24712.130087299913,9.763292444047773,-1.2695958758968118e-05,0.5302591290788286,266.33357570664305,0.0,0.0,0.0,9.343688023402617e-14,1.6890799842993215e-11,-6.063665546830135e-08,0.0,0.0,-0.0,0.0,0.0,0.0,0.0,0.0,0.0,0.0,0.0,0.5,0.0,0.0,1.0,0.0,0.0,0.0
27.400000000000002,167.03066613552596,-18.75302612382615,207.85559709740517,-1.700938726296232e-11,-7.223147738904295e-10,5.5646360994056625e-06,-0.2593098964501584,-0.3458387956160237,0.4746561191373536,0.7667173360958853,6383619.554035855,4.87668473501347,-0.0004210669483574047,-6.64046894526214e-11,7.639372450767826e-07,5482.5540377184125,0.0,-0.0890448371095238,-0.6768087077393963,-1.9438919990367929,2.9681321178228574e-05,-6.748821698304895e-05,-1.4268753612037411e-05,2.0744681428212993e-05,-6.62316492463589e-05,-1.7081038316312936e-05,318.57634715853374,0.6988026886306518,50658.73283556838,252.54410853858434,0.8390780935822856,0.8938702288200489,-0.07021215963939001,267.3104350061877,24966.429941808845,9.76337461988589,-1.269385384243075e-05,0.5341527653200444,267.30990128171527,0.0,0.0,0.0,1.6927564526728787e-13,2.8754443586416774e-11,-5.537811664420689e-08,0.0,0.0,0.0,0.0,0.0,0.0,0.0,0.0,0.0,0.0,0.0,0.5,0.0,0.0,1.0,0.0,0.0,0.0
27.5,167.64072997077653,-18.821605191676596,208.61477961967924,-2.1908065776483646e-11,-9.001821173437311e-10,5.045678723221167e-06,-0.259307295818289,-0.34583694435693896,0.4746574679592248,0.7667182156145995,6383592.774229064,4.930274660360728,-0.0004222361417665068,-6.658935923432962e-11,7.723353972369638e-07,5455.774230967276,0.0,-0.0890418304061007,-0.676815460711479,-1.9438934874752651,3.0097124887590798e-05,-6.753508946790305e-05,-1.4932307916016906e-05,2.0744816917413222e-05,-6.623239335047152e-05,-1.7600185694320998e-05,318.68593874258465,0.7008503271767118,50842.087891831055,252.71787782310864,0.8418531884933087,0.8938702509558185,-0.0702124752422174,268.2867746328423,25222.832830114072,9.763457096966334,-1.2698477921920434e-05,0.5380606458874837,268.2862350244684,0.0,0.0,0.0,2.1946315981315345e-13,3.607121017244394e-11,-5.054463443656344e-08,0.0,0.0,0.0,0.0,0.0,0.0,0.0,0.0,0.0,0.0,0.0,0.5,0.0,0.0,1.0,0.0,0.0,0.0
27.6,168.25079970738977,-18.890178341241374,209.37396852460287,-2.187484041625677e-11,-8.662351352391675e-10,4.566307797238968e-06,-0.2593046789837354,-0.3458351031085575,0.47465880948401934,0.7667191006252136,6383565.896944699,4.984255177936841,-0.00042344225715125743,-6.67798544578759e-11,7.807948188208399e-07,5428.8969466444105,0.0,-0.08903878984713098,-0.676822217571283,-1.9438950299356248,3.0481287672011424e-05,-6.757822859721276e-05,-1.5545318778130836e-05,2.074496077091583e-05,-6.623292679375296e-05,-1.807974731734974e-05,318.79587518321915,0.7029122023358948,51026.90412779132,252.89228177414276,0.8446254906532512,0.8938702706898987,-0.07021276437465773,269.2631224948591,25481.491360452244,9.763539875302948,-1.2705179102567854e-05,0.5419827684664824,269.2625769707062,0.0,0.0,0.0,2.2057417369971335e-13,3.4939652627833675e-11,-4.60442019264293e-08,0.0,0.0,-0.0,0.0,0.0,0.0,0.0,0.0,0.0,0.0,0.0,0.5,0.0,0.0,1.0,0.0,0.0,0.0
27.700000000000003,168.86087542825575,-18.958747069144856,210.13316370043395,1.8599235808668324e-11,4.378594962555656e-09,4.117096401386551e-06,-0.25930204928578676,-0.34583326931543984,0.47466014544032953,0.7667199900990472,6383538.921713294,5.038629607011753,-0.00042470656497622,-6.697952973673067e-11,7.893160313649472e-07,5401.921715283455,0.0,-0.08903572292839505,-0.6768289784466095,-1.94389661446127,3.084174373067654e-05,-6.761349392079225e-05,-1.6120399609622893e-05,2.0745147865241134e-05,-6.622825070746406e-05,-1.8529150128494138e-05,318.90619720892977,0.7049834800822032,51212.61488746298,253.06732189273194,0.8473948767642044,0.8938702875483764,-0.07021303284758543,270.2394786621343,25742.254587614516,9.763622956358086,-1.2718009870127389e-05,0.5459191894548734,270.23892719769066,0.0,0.0,0.0,-1.8880953120738446e-13,-1.7779048084108563e-10,-4.178781198602997e-08,0.0,0.0,0.0,0.0,0.0,0.0,0.0,0.0,0.0,0.0,0.0,0.5,0.0,0.0,1.0,0.0,0.0,0.0
27.8,169.47095804075613,-19.027311358386452,210.89236440704096,2.483983807897375e-10,3.6937568828291825e-08,3.6982497165576886e-06,-0.25929940577052757,-0.3458314413869771,0.4746614763589977,0.7667208847549807,6383511.849002672,5.093397471625117,-0.0004260065137754553,-6.718482862751058e-11,7.978989610816235e-07,5374.849004704816,0.0,-0.0890326300102212,-0.6768357474435748,-1.9438982405299976,3.118005572326401e-05,-6.76188517261851e-05,-1.6659808712918383e-05,2.074552698997744e-05,-6.619626181372214e-05,-1.8948189034031506e-05,319.016854013463,0.7070702991212356,51399.94070498493,253.2429970950232,0.8501614843605823,0.8938702972349423,-0.07021328083343345,271.21584312494144,26005.353247004354,9.763706338697332,-1.2786857032172822e-05,0.5498698098541628,271.2152856991059,0.0,0.0,0.0,-2.5378694893628653e-12,-1.5095982114134332e-09,-3.778371969303822e-08,0.0,0.0,0.0,0.0,0.0,0.0,0.0,0.0,0.0,0.0,0.0,0.5,0.0,0.0,1.0,0.0,0.0,0.0
27.900000000000002,170.08104712466957,-19.095870952833007,211.65157104374399,5.896715054127614e-10,8.547543809935906e-08,3.3117759307573757e-06,-0.25929674853662205,-0.3458296203751537,0.47466280178513365,0.7667217843418801,6383484.678812007,5.148560178367333,-0.0004273233859893859,-6.739279928151644e-11,8.065438294941415e-07,5347.678814084269,0.0,-0.08902951009664677,-0.6768425225153386,-1.943899909702297,3.1493727909919696e-05,-6.760541400874803e-05,-1.7159686454609982e-05,2.074602040777959e-05,-6.61482953460006e-05,-1.9334855799345044e-05,319.1278981985825,0.7091660302859674,51588.10495684445,253.41930528834556,0.8529251671499353,0.893870301954186,-0.07021350760087966,272.1922159132335,26270.560028053624,9.763790022334682,-1.2878458093723566e-05,0.5538346570630779,272.19165249458257,0.0,0.0,0.0,-6.064089112711421e-12,-3.5161693859503184e-09,-3.405778332698609e-08,0.0,0.0,-0.0,0.0,0.0,0.0,0.0,0.0,0.0,0.0,0.0,0.5,0.0,0.0,1.0,0.0,0.0,0.0
28.0,170.69114215133044,-19.16442574685316,212.41078413530036,9.454126176595645e-10,1.358145273036931e-07,2.958725668982264e-06,-0.25929407814543187,-0.34582780732640395,0.47466412134964175,0.7667226884024921,6383457.410671811,5.204121049152083,-0.00042864455648345746,-6.76014506487436e-11,8.152511585985907e-07,5320.410673932172,0.0,-0.08902636285435067,-0.6768493010115333,-1.9439016224735586,3.178080856890925e-05,-6.758720913639679e-05,-1.7617072534110307e-05,2.074653118297121e-05,-6.609852899268165e-05,-1.968809974478636e-05,319.23927907006384,0.7112773798803489,51777.893521736485,253.59625162278118,0.8556860449870862,0.8938703044778523,-0.07021371296425023,273.16859709729727,26538.146891351633,9.763874008732847,-1.295950964201135e-05,0.5578138245705304,273.16802764416735,0.0,0.0,0.0,-9.78647304171774e-12,-5.62372391333739e-09,-3.062705644365726e-08,0.0,0.0,0.0,0.0,0.0,0.0,0.0,0.0,0.0,0.0,0.0,0.5,0.0,0.0,1.0,0.0,0.0,0.0
28.1,171.30124264787952,-19.232975762200542,213.1700040468094,1.2383744406948142e-09,1.7671035501189006e-07,2.6392629668445698e-06,-0.25929139531759743,-0.34582600289991317,0.47466543488409996,0.7667235964808835,6383430.045049906,5.260079596844371,-0.0004299596628988818,-6.780914848138318e-11,8.24020872868197e-07,5293.045052072965,0.0,-0.08902318859444794,-0.6768560807656461,-1.9439033783179107,3.204028466171793e-05,-6.757542278053542e-05,-1.8030474053155263e-05,2.07469820715005e-05,-6.605820724164722e-05,-2.000775678574531e-05,319.3510404085827,0.7133985326861465,51968.62549432639,253.77383123746256,0.8584440035931022,0.8938703070136472,-0.07021389724171546,274.1449866670807,26807.905249425025,9.76395829645736,-1.3010354455407954e-05,0.56180725837901,274.1444111297815,0.0,0.0,0.0,-1.2903220233913796e-11,-7.365141391790014e-09,-2.7499573605815968e-08,0.0,0.0,0.0,0.0,0.0,0.0,0.0,0.0,0.0,0.0,0.0,0.5,0.0,0.0,1.0,0.0,0.0,0.0
28.200000000000003,171.91134828399126,-19.301521078663367,213.9292310750822,1.4115217246368158e-09,1.9991295235309183e-07,2.3531466750298863e-06,-0.25928870074096205,-0.3458242074804268,0.47466674233672773,0.7667245081884142,6383402.58194546,5.316437233993222,-0.00043126070226894866,-6.801463061945752e-11,8.328531947881172e-07,5265.581947674043,0.0,-0.08901998787727537,-0.6768628601512341,-1.9439051763188318,3.227170162207722e-05,-6.757829400568687e-05,-1.839925751474339e-05,2.074731601568656e-05,-6.603558008122294e-05,-2.0294068038333372e-05,319.46314770221477,0.7155338836712399,52160.81714705398,253.9520455201917,0.8611991293249868,0.8938703111771478,-0.07021406094013423,275.12138465256703,27080.01532650463,9.764042885522366,-1.3022600086287639e-05,0.5658149643295333,275.12080297505713,0.0,0.0,0.0,-1.4803824465607456e-11,-8.386877762407551e-09,-2.4679443263923867e-08,0.0,0.0,0.0,0.0,0.0,0.0,0.0,0.0,0.0,0.0,0.0,0.5,0.0,0.0,1.0,0.0,0.0,0.0
28.3,172.52145886403642,-19.370061835957536,214.6884654556841,1.4266779796332953e-09,1.9997111722581323e-07,2.099724737583079e-06,-0.2592859950868925,-0.34582242118737927,0.47466804377115757,0.7667254231945173,6383375.020888964,5.3731973063470235,-0.00043254184113382073,-6.821697705142498e-11,8.417486501343515e-07,5238.020891224654,0.0,-0.08901676152570073,-0.6768696380433489,-1.943907015147396,3.247515258363761e-05,-6.760131074431291e-05,-1.872363376622007e-05,2.0747494790238034e-05,-6.603609874683413e-05,-2.0547685540200617e-05,319.5756243982684,0.7176807465911303,52354.15251047921,254.13089665775652,0.8639513437635035,0.893870318040351,-0.0702142047618575,276.0977911244867,27354.40111729083,9.76412777739094,-1.2996646148621949e-05,0.56983701004197,276.09720324593263,0.0,0.0,0.0,-1.5060921118230656e-11,-8.444340792620525e-09,-2.216600304582854e-08,0.0,0.0,0.0,0.0,0.0,0.0,0.0,0.0,0.0,0.0,0.0,0.5,0.0,0.0,1.0,0.0,0.0,0.0
28.400000000000002,173.13157425775012,-19.438598298875274,215.44770725593418,1.267075756532184e-09,1.746055559482727e-07,1.8774654868646802e-06,-0.2592832791661312,-0.3458206437418232,0.4746693394531939,0.7667263411811907,6383347.362348243,5.430359309733119,-0.0004337997403767504,-6.841566111163366e-11,8.507071607225012e-07,5210.362350552342,0.0,-0.08901351099085233,-0.676876413847989,-1.943908892479903,3.2651682555047255e-05,-6.764687979710653e-05,-1.9005299310082e-05,2.074750151192163e-05,-6.606204255967152e-05,-2.077014094697084e-05,319.68845918163385,0.7198402884834122,52548.76985544954,254.31038199175268,0.8667006803679217,0.8938703280948581,-0.0702143298828809,277.07420607236355,27631.114076307796,9.764212970628567,-1.294002087585492e-05,0.5738733208377815,277.07361192963526,0.0,0.0,0.0,-1.3463714690177742e-11,-7.4215256305096465e-09,-1.9949638346782105e-08,0.0,0.0,0.0,0.0,0.0,0.0,0.0,0.0,0.0,0.0,0.0,0.5,0.0,0.0,1.0,0.0,0.0,0.0
28.5,173.74169447106533,-19.5071307902724,216.2069564805098,9.350595640864205e-10,1.2437136601259218e-07,1.6844364118369037e-06,-0.25928055376611403,-0.34581887460023547,0.47467062976253577,0.7667272618914935,6383319.606322456,5.4879246600833955,-0.00043503327265780083,-6.861050496502599e-11,8.597289495964521e-07,5182.606324815191,0.0,-0.08901023797593424,-0.6768831874805893,-1.9439108055970615,3.280287902137342e-05,-6.771462042571213e-05,-1.924678614624894e-05,2.0747338383490302e-05,-6.611285646414184e-05,-2.096336677248762e-05,319.80164753533006,0.7220131151370387,52744.74128421958,254.49050171248223,0.8694471453449062,0.8938703413010435,-0.07021443765603953,278.05062952619056,27910.19406108575,9.764298465249531,-1.2864515355204276e-05,0.5779238874102219,278.05002905551805,0.0,0.0,0.0,-1.0000922298247314e-11,-5.32101154149747e-09,-1.801587654747783e-08,0.0,0.0,-0.0,0.0,0.0,0.0,0.0,0.0,0.0,0.0,0.0,0.5,0.0,0.0,1.0,0.0,0.0,0.0
28.6,174.35181964625409,-19.5756596987287,216.96621307155795,4.521414967657566e-10,5.267120680074892e-08,1.5182583056604904e-06,-0.25927781966965363,-0.3458171129416207,0.4746719152017864,0.7667281851234504,6383291.752342073,5.545896727029895,-0.00043624349566561847,-6.880167539561416e-11,8.688145463205437e-07,5154.752344482578,0.0,-0.08900694447665006,-0.6768899593640261,-1.9439127513194574,3.293090961874098e-05,-6.780135530529496e-05,-1.9451521816631694e-05,2.074702674576567e-05,-6.618513785855165e-05,-2.1129742241174743e-05,319.91520896418484,0.7241970017698857,52941.80377151133,254.67125815966062,0.8721906703414889,0.8938703570966992,-0.07021452963820675,279.02706155714185,28191.58049861424,9.764384262717273,-1.2784189858431697e-05,0.5819887674053064,279.0264546957903,0.0,0.0,0.0,-4.8674136865336336e-12,-2.2681264450525424e-09,-1.6344800357548685e-08,0.0,0.0,0.0,0.0,0.0,0.0,0.0,0.0,0.0,0.0,0.0,0.5,0.0,0.0,1.0,0.0,0.0,0.0
28.700000000000003,174.96194999078088,-19.644185528558367,217.72547680284373,-1.388251490547517e-10,-3.393641573430178e-08,1.3757282673766406e-06,-0.2592750777761538,-0.3458153575623288,0.4746731964647341,0.7667291106950852,6383263.800874922,5.604274989313355,-0.00043743399405172926,-6.89897377026063e-11,8.779638700450147e-07,5126.800877382668,0.0,-0.08900363306771783,-0.676896730454605,-1.9439147255515585,3.303884794991663e-05,-6.790083695529714e-05,-1.962434616004526e-05,2.074660921734893e-05,-6.627232828881508e-05,-2.1272470277458654e-05,320.0291091075557,0.726396120710087,53140.4508395815,254.85264960679137,0.8749313521359536,0.8938703743688792,-0.07021460780618269,280.00350215431695,28475.443279257182,9.76447036159723,-1.2713131430549158e-05,0.5860678817978691,280.00288884319855,0.0,0.0,0.0,1.5044500173011466e-12,1.4710658618057712e-09,-1.4907354908719342e-08,0.0,0.0,0.0,0.0,0.0,0.0,0.0,0.0,0.0,0.0,0.0,0.5,0.0,0.0,1.0,0.0,0.0,0.0
28.8,175.57208584683735,-19.71270884568484,218.48474738691098,-7.761161059875436e-10,-1.260913377374596e-07,1.253222424224178e-06,-0.25927232897264285,-0.3458136069905679,0.4746744743625578,0.7667300384811563,6383235.751920153,5.663060866248521,-0.0004386105161029697,-6.917559844656965e-11,8.871771443728236e-07,5098.751922666095,0.0,-0.08900030659531609,-0.6769035022097382,-1.943916723771219,3.3130323629189856e-05,-6.800406471288933e-05,-1.9770956391600317e-05,2.0746147259806336e-05,-6.636506765903031e-05,-2.139517479194161e-05,320.14339127630274,0.7286048790815589,53340.023038022744,255.034674314978,0.8776690664378455,0.8938703915081305,-0.0702146743151396,280.9799513477185,28761.580354620448,9.764556761903842,-1.2663073988505857e-05,0.5901612221749701,280.97933153311084,0.0,0.0,0.0,8.464979513203447e-12,5.501200678009061e-09,-1.3668705061913883e-08,0.0,0.0,-0.0,0.0,0.0,0.0,0.0,0.0,0.0,0.0,0.0,0.5,0.0,0.0,1.0,0.0,0.0,0.0
28.900000000000002,176.18222769946158,-19.781230291068386,219.2440244682617,-1.3776716130846642e-09,-2.1140965023039372e-07,1.1466099485474019e-06,-0.25926957415482016,-0.34581185945148313,0.47467574984307354,0.766730968410185,6383207.605008214,5.72225775140003,-0.00043978111013023694,-6.936052696745407e-11,8.96454902665084e-07,5070.605010778953,0.0,-0.08899696824462665,-0.6769102766225391,-1.943918740922372,3.3209608407616456e-05,-6.809907116109342e-05,-1.989804224444926e-05,2.0745722635776524e-05,-6.645097214627636e-05,-2.150198666528242e-05,320.25800459145717,0.7308301745593367,53541.33398212716,255.2173374632124,0.8804039373328724,0.8938704063793046,-0.07021473154515731,281.9564092089643,29050.289369054386,9.76464346510091,-1.264140287560167e-05,0.5942688523382269,281.9557828443886,0.0,0.0,0.0,1.512444963081918e-11,9.2839196476452e-09,-1.2587665077180802e-08,0.0,0.0,0.0,0.0,0.0,0.0,0.0,0.0,0.0,0.0,0.0,0.5,0.0,0.0,1.0,0.0,0.0,0.0
29.0,176.79237608898262,-19.84975060502857,220.00330753133366,-1.8418767106000878e-09,-2.746224357383001e-07,1.0510411760005009e-06,-0.25926681430931,-0.3458101128301515,0.4746770240218112,0.7667319004343159,6383179.360606938,5.781865106373073,-0.00044095618507956365,-6.954616491327825e-11,9.057970613989302e-07,5042.360609556238,0.0,-0.08899362169752514,-0.6769170561774119,-1.9439207711636561,3.3281774997479e-05,-6.817107912012348e-05,-2.0013540794551697e-05,2.074543660673458e-05,-6.651477291255432e-05,-2.159775561929301e-05,320.37299561032484,0.7330656911046043,53743.63933708751,255.40063406081907,0.8831358404029568,0.8938704163698517,-0.07021478222020056,282.932875726729,29341.3283827969,9.764730469753806,-1.2648430275892982e-05,0.5983907050201651,282.93224277550485,0.0,0.0,0.0,2.0352626607211884e-11,1.2138603304680049e-08,-1.1613872898867207e-08,0.0,0.0,0.0,0.0,0.0,0.0,0.0,0.0,0.0,0.0,0.0,0.5,0.0,0.0,1.0,0.0,0.0,0.0
29.1,177.40253169385082,-19.91827059655645,220.76259599653713,-2.047627372511701e-09,-2.975644640431095e-07,9.612008720989085e-07,-0.2592640504227332,-0.3458083647265124,0.47467829814142953,0.7667328345600065,6383151.0187154645,5.841884353865263,-0.0004421483648645597,-6.973450331319898e-11,9.1520384473674e-07,5014.018718137406,0.0,-0.08899027094326756,-0.6769238438738502,-1.943922808169991,3.335249519819668e-05,-6.820246787456844e-05,-2.012631416240968e-05,2.074540989143908e-05,-6.65383048252648e-05,-2.168779696036079e-05,320.48833138583103,0.7353157268890479,53947.447230179794,255.58456544594983,0.8858648603628267,0.8938704183806432,-0.07021482925680975,283.90935093102456,29634.885440282542,9.764817775877132,-1.2675591591460034e-05,0.6025267887451378,283.9087113681349,0.0,0.0,0.0,2.2773841058003698e-11,1.3238520257613281e-08,-1.0690536852485838e-08,0.0,0.0,-0.0,0.0,0.0,0.0,0.0,0.0,0.0,0.0,0.0,0.5,0.0,0.0,1.0,0.0,0.0,0.0
29.200000000000003,178.01269534673497,-19.98679116250937,221.52188920650255,-1.8514570892370824e-09,-2.587431884572362e-07,8.711821184381471e-07,-0.2592612835051168,-0.3458066123984217,0.4746795736012001,0.7667337708481803,6383122.5788642205,5.902318911422764,-0.00044337278789213997,-6.992792982681401e-11,9.24675789844841e-07,4985.578866949615,0.0,-0.08898692037315503,-0.6769306432976155,-1.9439248449824942,3.3428174478316925e-05,-6.81723550753184e-05,-2.0246359750552426e-05,2.074578553002604e-05,-6.650007545620367e-05,-2.1778017694826663e-05,320.60402949642815,0.7375782983200192,54152.5228452695,255.769134035226,0.8885909335923089,0.8938704087608931,-0.07021487582898017,284.8858348939119,29930.907968642117,9.764905384935046,-1.2702968817279725e-05,0.6066771898334054,284.88518870817677,0.0,0.0,0.0,2.0726320819911024e-11,1.1586439341984597e-08,-9.752563837468054e-09,0.0,0.0,0.0,0.0,0.0,0.0,0.0,0.0,0.0,0.0,0.0,0.5,0.0,0.0,1.0,0.0,0.0,0.0
29.3,178.6228709331534,-20.05531276513436,222.28118398202676,-1.0434744130722273e-09,-6.009699397034701e-08,7.779776273162031e-07,-0.25925851045353204,-0.34580484857092214,0.47468085308917346,0.7667347119754617,6383094.041521043,5.963168213628654,-0.00044463877498412876,-7.01279145873927e-11,9.342128089783173e-07,4957.041523827551,0.0,-0.08898357336806308,-0.676937471506874,-1.9439268762761903,3.351843244922502e-05,-6.798333438951975e-05,-2.038869954966862e-05,2.0746772843455252e-05,-6.630202322151385e-05,-2.187142546804091e-05,320.72008880596667,0.7398532676374868,54358.8509078611,255.95433676141826,0.8913140665912781,0.8938703700250566,-0.07021492356696862,285.8623276036228,30229.39790693992,9.764993295492877,-1.2751898490629778e-05,0.6108417619518983,285.8616747890469,0.0,0.0,0.0,1.1757253243411829e-11,2.708327520379787e-09,-8.76597858577612e-09,0.0,0.0,0.0,0.0,0.0,0.0,0.0,0.0,0.0,0.0,0.0,0.5,0.0,0.0,1.0,0.0,0.0,0.0
29.400000000000002,179.2330634120331,-20.123833764650122,223.04047652463643,2.629361910728457e-10,4.1900541316351444e-07,6.926855870036289e-07,-0.25925572286753035,-0.345803067570121,0.4746821376440654,0.7667356626075175,6383065.406685061,6.024433649620718,-0.00044591725886285356,-7.03298732142962e-11,9.438151210716826e-07,4928.406687904149,0.0,-0.08898022399535836,-0.6769443495679018,-1.9439289114718517,3.362288750767389e-05,-6.751426509417055e-05,-2.0552904021718655e-05,2.074825859585514e-05,-6.58235166111246e-05,-2.1956922513409742e-05,320.83649035144225,0.742143155065446,54566.73080739325,256.14017440290763,0.8940343063094531,0.8938702806435576,-0.0702149667206132,286.83882909011123,30530.475797038758,9.765081507565364,-1.2901305026957743e-05,0.615020356370124,286.8381696014648,0.0,0.0,0.0,-2.9820011172925018e-12,-1.9008598093722627e-08,-7.855857293547574e-09,0.0,0.0,-0.0,0.0,0.0,0.0,0.0,0.0,0.0,0.0,0.0,0.5,0.0,0.0,1.0,0.0,0.0,0.0
29.5,179.84325726737006,-20.192353991154906,223.799779411418,1.2642577555227374e-09,7.915086997151128e-07,6.162844293402817e-07,-0.25925293672353644,-0.3458012958678224,0.4746834183191665,0.7667366109292619,6383036.673886682,6.086118666278248,-0.0004471942784273595,-7.053160380896347e-11,9.534832679355674e-07,4899.673889582977,0.0,-0.08897686662863126,-0.6769512092269335,-1.943930959273381,3.3712310505337715e-05,-6.715058412850226e-05,-2.0693593818909616e-05,2.07494408694497e-05,-6.545161102665486e-05,-2.2033528972027975e-05,320.9532701649052,0.744443505528288,54775.63353016539,256.32664862218905,0.8967515372621169,0.8938702107013032,-0.07021500472571268,287.8153394258911,30833.98579147015,9.765170022617047,-1.2969386257092689e-05,0.6192134434641379,287.8146732111402,0.0,0.0,0.0,-1.443170623170941e-11,-3.61417038913449e-08,-7.034895373028688e-09,0.0,0.0,0.0,0.0,0.0,0.0,0.0,0.0,0.0,0.0,0.0,0.5,0.0,0.0,1.0,0.0,0.0,0.0
29.6,180.45344224954886,-20.26087355108712,224.55910085360344,1.4679380721373953e-09,8.029221875689375e-07,5.479470390592806e-07,-0.2592501629831779,-0.34579955051747213,0.4746846894690559,0.7667375490390725,6383007.843593744,6.148222692707471,-0.000448463379593999,-7.073208841919512e-11,9.632171609782044e-07,4870.8435967052355,0.0,-0.08897349860258431,-0.6769580056406632,-1.9439330237669952,3.376869751165136e-05,-6.71458491052352e-05,-2.0782814712794565e-05,2.0749828072523834e-05,-6.544079717367726e-05,-2.2102071017158276e-05,321.0703775062737,0.7467607557354325,54986.324314480444,256.51375837093434,0.8994659047138777,0.893870205587006,-0.0702150380082421,288.79185859878953,31140.202150873658,9.765258839213182,-1.2908482721248522e-05,0.6234210590070575,288.79118560594225,0.0,0.0,0.0,-1.6865704159976033e-11,-3.6901372683647214e-08,-6.295580387229584e-09,0.0,0.0,0.0,0.0,0.0,0.0,0.0,0.0,0.0,0.0,0.0,0.5,0.0,0.0,1.0,0.0,0.0,0.0
29.700000000000003,181.06361594739224,-20.329392561177798,225.3184428168651,7.623551860706471e-10,3.928567570322728e-07,4.869129183207403e-07,-0.259247404434013,-0.34579783539971826,0.47468594986057183,0.7667384750091062,6382978.9158053715,6.210747150160424,-0.000449722326887559,-7.093097445431498e-11,9.73017024195328e-07,4841.915808392688,0.0,-0.08897011972921143,-0.6769647282167531,-1.9439351052153153,3.3788234749371515e-05,-6.7560278236169e-05,-2.0814658067334072e-05,2.0749308774828698e-05,-6.58514641655735e-05,-2.2163308924643642e-05,321.18785924806417,0.7490887162997732,55198.06906691627,256.7015017499939,0.902177271946721,0.8938702754096519,-0.0702150670123548,289.768386638826,31448.885915677645,9.765347957368672,-1.277781657904597e-05,0.6276430742192646,289.76770681639476,0.0,0.0,0.0,-8.81603740661652e-12,-1.817286133149964e-08,-5.63076447843914e-09,0.0,0.0,0.0,0.0,0.0,0.0,0.0,0.0,0.0,0.0,0.0,0.5,0.0,0.0,1.0,0.0,0.0,0.0
29.8,181.6737837309517,-20.397911151220278,226.077801067955,-5.858310418156112e-10,-3.0640799686111464e-07,4.3247014249217976e-07,-0.25924465575567096,-0.3457961413144864,0.4746872026435526,0.766739392839557,6382949.890051944,6.273695485756788,-0.0004509730504004721,-7.112856633446213e-11,9.828833994848937e-07,4812.89005502779,0.0,-0.0889667322929966,-0.6769714003630082,-1.9439372000640076,3.378120647280117e-05,-6.826217885622897e-05,-2.080511707040902e-05,2.0748149062418847e-05,-6.65513323934954e-05,-2.2217955113245777e-05,321.30568649180657,0.7514315220699588,55411.3580655382,256.8898830627837,0.9048857048596146,0.893870395835445,-0.07021509221016188,290.7449236189267,31760.237406651762,9.765437378548418,-1.2674535345998567e-05,0.631879346115241,290.7442369162479,0.0,0.0,0.0,6.8191235157008026e-12,1.4266864171229165e-08,-5.033712797343967e-09,0.0,0.0,0.0,0.0,0.0,0.0,0.0,0.0,0.0,0.0,0.0,0.5,0.0,0.0,1.0,0.0,0.0,0.0
29.900000000000002,182.2839588548091,-20.466429469572635,226.83716492598506,-1.921584445120943e-09,-9.6531297823268e-07,3.8386428740809643e-07,-0.25924190335769354,-0.3457944456488845,0.4746884554698581,0.7667403125899541,6382920.76680131,6.337067081520578,-0.0004522217780917681,-7.132584633043184e-11,9.928161908900467e-07,4783.766804455468,0.0,-0.0889633411766763,-0.6769780802925376,-1.9439393007450327,3.377240543308344e-05,-6.892336267386859e-05,-2.079272498334225e-05,2.0747002597854386e-05,-6.721084273905385e-05,-2.2266765225825614e-05,321.42386895650884,0.7537876162902011,55626.008198708136,257.0788988026108,0.9075911799876819,0.8938705078638386,-0.07021511415361573,291.72146952645306,32074.199978130815,9.765527101317613,-1.2663166837493616e-05,0.6361296658103821,291.720775894572,0.0,0.0,0.0,2.2511972864343914e-11,4.523712270341334e-08,-4.497030594181176e-09,0.0,0.0,0.0,0.0,0.0,0.0,0.0,0.0,0.0,0.0,0.0,0.5,0.0,0.0,1.0,0.0,0.0,0.0
