t_s,u_b_mps,v_b_mps,w_b_mps,p_b_rps,q_b_rps,r_b_rps,q0,q1,q2,q3,x_e_m,y_e_m,z_e_m,lat_rad,long_rad,h_m,m_fuel_kg,phi_rad,theta_rad,psi_rad,phi_dot_rps,theta_dot_rps,psi_dot_rps,p_nb_rps,q_nb_rps,r_nb_rps,cs_mps,rho_kgpm3,p_kgpms2,T_K,mach,alpha_rad,beta_rad,true_airspeed_mps,qbar_kgpms2,g_mag_mps2,u_n_mps,v_n_mps,w_n_mps,Fx_b_kgmps2,Fy_b_kgmps2,Fz_b_kgmps2,l_b_kgm2ps2,m_b_kgm2ps2,n_b_kgm2ps2,n_x,n_y,n_z,dela_ach_rad,dele_ach_rad,delr_ach_rad,delt_ach_pct,dela_cmd_rad,dele_cmd_rad,delr_cmd_rad,delt_cmd_pct,dela_trim_rad,dele_trim_rad,delr_trim_rad,delt_trim_pct,W_N_mps,W_E_mps,W_D_mps
0.0,708.1364376029022,-6.531468985305661,0.48529728322521765,0.0,0.03141786483708758,0.01369894550808937,0.6028303497551949,-0.545663008599974,-0.58149616172494,0.0266395262498512,-2216637.2105906312,-4585334.303916773,3853929.2706336444,0.6510078109945634,-2.0210912738094335,16500.00000329502,0.0,1.1950225035388482,-0.18286253740217093,0.0,-0.0063929014271563445,-0.00110357691681566,0.034888332446756196,-4.862823650502813e-05,0.03150785778585036,0.013616854201897071,295.0694685924128,0.1539113129736602,9571.743596878325,216.64999999999998,2.399999999999839,0.0006853159666425372,-0.009223197534730145,708.1667246217434,38593.270182608234,9.74863823604087,697.4022638539313,-2.8484350590481498,122.97186121472697,-50675.096034869974,5130.439311073171,-883.7137063441025,1.971296859954472,0.1868017997026966,-0.49742895804637155,-0.774981229512297,0.07846051564456417,0.013514755536095331,0.007544045678039804,-0.0017210517733928514,-0.013368199990012973,2.7878164498332986e-10,0.18868290016851028,-0.21412574492253555,0.16436582890715115,2.7878164498332986e-10,0.005631312052700228,-0.008301193997637612,-0.01528093361535255,2.7878164498332986e-10,0.0,0.0,0.0
0.1,707.5395933775118,-6.529346555408712,2.8945322428205444,0.00018635792153113935,0.027428298569410495,0.013649860875820487,0.6036877496870864,-0.546099727072825,-0.5802138336934995,0.026231500328546438,-2216614.8068418405,-4585287.314460075,3853977.23801318,0.6510187440679219,-2.0210913289359835,16487.658655237406,0.0,1.194414190829667,-0.18301944827781902,0.00336036931030042,-0.005521799480421875,-0.002503414791675894,0.03109837787097739,0.00013808719109641745,0.027518327458067808,0.013567738522001327,295.0694685924128,0.15421164347543243,9590.421148916215,216.64999999999998,2.397996796382303,0.004090959887347456,-0.009227902785849406,707.5756403948344,38604.05414880069,9.748676577741278,696.6474159278798,-2.750859039472036,123.84705478832993,-50688.77785953673,5155.435621257221,-7961.206513700171,11.900073276831975,-9149.372140705884,-53.85967155751862,-0.7751904675430432,0.0788427876620928,0.12175182871174398,0.007511739779416774,-0.0018412063095227323,-0.013356834614790317,2.7878164498332986e-10,0.008013258931482435,-0.002800047074507782,-0.013038684428250062,2.7878164498332986e-10,0.005631312052700228,-0.008301193997637612,-0.01528093361535255,2.7878164498332986e-10,0.0,0.0,0.0
0.2,706.9396903061406,-6.519065038635666,4.677165891269072,0.0008414925709968572,0.0169525328937735,0.013493259993131647,0.604337081003732,-0.5465096506830802,-0.5791596331011967,0.02603854097943162,-2216592.380186864,-4585240.310326039,3854025.0929964627,0.6510296653623524,-2.02109138126863,16475.23151470907,0.0,1.1939780525786479,-0.18344264380963546,0.006005058728090947,-0.0030620930598125535,-0.006199156663757942,0.021136349137820247,0.0007935052540280585,0.017042605079717187,0.013411143573788056,295.0694685924128,0.15451406176463284,9609.228540441285,216.65,2.3959958389693714,0.006615978298476732,-0.009221066082686859,706.9852189543248,38615.23494363513,9.74871518180682,695.8980950554652,-2.568959061626929,124.68894724980402,-50678.8429498003,5190.3989856721555,-12951.43976802888,19.69923395022923,-14392.90130091864,-189.52482582914263,-0.77503853159886,0.07937748721398959,0.19806815380231046,0.0076016453511311335,-0.002774416198947327,-0.013241037334099709,2.7878164498332986e-10,0.00764942211653759,-0.0038473927499274533,-0.013111217798749748,2.7878164498332986e-10,0.005631312052700228,-0.008301193997637612,-0.01528093361535255,2.7878164498332986e-10,0.0,0.0,0.0
0.30000000000000004,706.3436688424689,-6.497653061231689,5.565681829774242,0.0008565103858153734,0.0043230338845804996,0.01338520704882601,0.6046523720082453,-0.5468869065531085,-0.5784677449803184,0.026177890096205803,-2216569.9254857954,-4585193.296117957,3854072.8377503892,0.6510405749672882,-2.0210914295052587,16462.721409647726,0.0,1.1937873628027087,-0.18428916613312135,0.007519438844094827,-0.0008690586682285345,-0.010744208217514808,0.00915568891253784,0.0008087010244353032,0.004413151656313473,0.013303152429275223,295.0694685924128,0.15481849902127628,9628.16149153908,216.64999999999998,2.3939971961049453,0.007879403317423267,-0.009198451676421074,706.3954804664126,38626.795546957335,9.748754039586107,695.1518143480735,-2.339820769678084,125.51114902998778,-50686.07867032556,5163.694944020848,-14981.70528879263,-13.5778452089139,-14426.616342723575,-107.05977697350194,-0.7751491884703381,0.0789690986237117,0.2291172842950328,0.007419388649076766,-0.004713794085356442,-0.013310565596623174,2.7878164498332986e-10,0.007645166082776987,-0.006782676414836634,-0.0132205077411043,2.7878164498332986e-10,0.005631312052700228,-0.008301193997637612,-0.01528093361535255,2.7878164498332986e-10,0.0,0.0,0.0
0.4,705.7546767033617,-6.470184009773857,5.5893826926855255,0.0008321052743150005,-0.006663149482139063,0.01331301387319012,0.6046145625263706,-0.5472489086244036,-0.5781436162779678,0.026642350157501687,-2216547.440545645,-4585146.273787413,3854120.472775174,0.651051472869211,-2.021091473091279,16450.129279169254,0.0,1.1937950989415713,-0.18557321001325056,0.007886909494378095,0.0010172692736522416,-0.014721636931369892,-0.001262244037536164,0.0007843727118933423,-0.006572984561620446,0.013231080344914761,295.0694685924128,0.15512493239168879,9647.218580939765,216.65,2.3920010087044914,0.007919559051358873,-0.009167207925819845,705.8064665109497,38638.73286611091,9.74879314820691,694.4058182035242,-2.1021564731402815,126.32854725600558,-50725.43995853258,5154.693112935247,-14381.399110073795,15.400601610090632,-10738.853374960032,-143.28280986873494,-0.7757511460770662,0.07883143237996583,0.21993671914825488,0.00753087959382214,-0.0068684492050635915,-0.01322771542764171,2.7878164498332986e-10,0.007506311761604547,-0.009168205617351556,-0.01322077240998331,2.7878164498332986e-10,0.005631312052700228,-0.008301193997637612,-0.01528093361535255,2.7878164498332986e-10,0.0,0.0,0.0
0.5,705.1711162898584,-6.4355592803702955,5.002871058264547,0.0008536353865056454,-0.013363444239635914,0.013220416668948853,0.6043197432644244,-0.5475923945622925,-0.5780934256008708,0.02735319558136504,-2216524.926060859,-4585099.24291484,3854167.9979126086,0.6510623590559148,-2.021091512185172,16437.454964889213,0.0,1.193972003826404,-0.18717927897709447,0.007400057516578505,0.0022277707692709065,-0.017100955772671084,-0.0076407994514208905,0.0008059082495671737,-0.01327323671850724,0.013138645234011731,295.0694685924128,0.15543336573020444,9666.400048344349,216.65,2.390007447600078,0.007094430003374856,-0.00912575477383114,705.2182274952639,38651.051485176686,9.7488325081581,693.6578588900142,-1.886938678676918,127.15325960203782,-50786.98873887308,5097.007270891944,-12010.142219266072,-22.354656526765954,-4972.969160390961,3.2819357214341145,-0.7766924200596639,0.07794923484527524,0.18367276062584476,0.007418157305055072,-0.009070434720664598,-0.013302975361280852,2.7878164498332986e-10,0.0073640183370866225,-0.010600488218111806,-0.013437141995581213,2.7878164498332986e-10,0.005631312052700228,-0.008301193997637612,-0.01528093361535255,2.7878164498332986e-10,0.0,0.0,0.0
0.6000000000000001,704.5894645117506,-6.401107656438325,4.157203875202313,0.0003757083827400611,-0.015350240674510598,0.013294898143773694,0.6038931755498167,-0.5479386978784223,-0.5781717593791202,0.02817121725071403,-2216502.3846395393,-4585052.201544482,3854215.4125538273,0.6510732335112663,-2.0210915474150197,16424.69759768434,0.0,1.1941942274254524,-0.18894086402481344,0.006510256409042585,0.002112286096375635,-0.017899374799636998,-0.009500272419350054,0.0003279571552413363,-0.015259993243919263,0.013213310360583845,295.0694685924128,0.15574382018720545,9685.70720909497,216.64999999999998,2.3880166505097464,0.005900110412158019,-0.009084467589360653,704.6308040557444,38663.759237990875,9.748872122105036,692.9070306284649,-1.7090204406681135,127.99016062818322,-50849.968983388615,5039.18678944338,-9195.204820908784,-16.348249144940105,16.46805423444641,140.15355102320018,-0.7776555856212259,0.07706497825159919,0.14062353493759047,0.007386775520904043,-0.010337415109284352,-0.013361134712066652,2.7878164498332986e-10,0.007297259839560302,-0.011261142961517546,-0.013202317270463382,2.7878164498332986e-10,0.005631312052700228,-0.008301193997637612,-0.01528093361535255,2.7878164498332986e-10,0.0,0.0,0.0
0.7000000000000001,704.0074184472548,-6.37366701728083,3.345187330765981,0.0002895690998300484,-0.013751594867862442,0.01338862219041333,0.6034544087209909,-0.5482967439987033,-0.5782501838260964,0.028985648766150594,-2216479.819380239,-4585005.147322824,3854262.7159584984,0.6510840962164849,-2.0210915795296285,16411.856113690883,0.0,1.1943874273618502,-0.19071495895963517,0.00561435447245317,0.001750260877499933,-0.017397257513649764,-0.007957661063421592,0.00024179917109916525,-0.013661309587537602,0.013307219928682132,295.0694685924128,0.15605632165214345,9705.141673256467,216.64999999999998,2.386028687101907,0.004751600718285488,-0.00905305935127816,704.0442167494122,38676.862922030006,9.748911993309441,692.1532538434183,-1.567896939452142,128.8396676794748,-50904.548122069515,5034.102400313705,-6726.4472270768565,14.692102766255108,3504.41861425394,63.71986791657784,-0.7784902719131185,0.07698722198772703,0.10286848472280312,0.007519581235202151,-0.010709287916850533,-0.013245500447743584,2.7878164498332986e-10,0.0076712508053743715,-0.011592785451322682,-0.013045899325097393,2.7878164498332986e-10,0.005631312052700228,-0.008301193997637612,-0.01528093361535255,2.7878164498332986e-10,0.0,0.0,0.0
0.8,703.4243502224986,-6.351052282910031,2.767513578678601,0.0003412610423113516,-0.009817625949065378,0.013466345547809754,0.6031003573621924,-0.548658091302857,-0.5782392410802956,0.02972585167336463,-2216457.2329153433,-4584958.078117785,3854309.9070512475,0.6510949471113296,-2.021091609176497,16398.929243184626,0.0,1.194538139067901,-0.19239009022643558,0.004992872378921128,0.0010977453687596507,-0.01602300245099076,-0.004206181403974404,0.0002935006361924924,-0.009727307169741862,0.013385113192768396,295.0694685924129,0.15637131385827818,9724.7310365975,216.64999999999998,2.384043554224686,0.00393432399436882,-0.009028448565221106,703.4584646462453,38690.47033464391,9.748952125661527,691.3970457596141,-1.4555399302304495,129.6989071106863,-50951.09878098722,4990.543663458085,-5074.274614006251,-16.890492620823462,5381.377014958821,184.32186094043524,-0.7792021775572208,0.0763210722201737,0.07760158118969593,0.0074510591770839026,-0.010577178412922945,-0.013323370822061998,2.7878164498332986e-10,0.007630584106640897,-0.010055365282598629,-0.013214603502382755,2.7878164498332986e-10,0.005631312052700228,-0.008301193997637612,-0.01528093361535255,2.7878164498332986e-10,0.0,0.0,0.0
0.9,702.8404123160402,-6.338559489987456,2.521506839218653,1.9039117097997997e-05,-0.005109524285746811,0.013657399784684637,0.602869629904922,-0.5490357896767403,-0.5780893325079435,0.030341781881924764,-2216434.6270304606,-4584910.992521514,3854356.984987331,0.6511057861373915,-2.021091636791551,16385.916081694886,0.0,1.1945875984566128,-0.1939139000821652,0.00480049421071748,-9.146405008342064e-05,-0.01447087544262555,0.0003258531665753953,-2.8671849956641253e-05,-0.005019171912778098,0.013576317129904307,295.0694685924128,0.15669301041900183,9744.737343708737,216.64999999999998,2.3820611467565955,0.0035875797366629178,-0.009018187848456871,702.8735167281021,38705.616458088196,9.748992521933095,690.6394325424209,-1.3585487175582576,130.56223920293814,-50992.841675997726,4963.035066587997,-4548.997899673538,-21.091610248743592,5222.215603373094,271.43354276890176,-0.7798405574051126,0.07590037945602246,0.06956845198501459,0.00738899988635522,-0.009865825407900807,-0.013400064239156127,2.7878164498332986e-10,0.007516469221859879,-0.009079143535725916,-0.013260391009596107,2.7878164498332986e-10,0.005631312052700228,-0.008301193997637612,-0.01528093361535255,2.7878164498332986e-10,0.0,0.0,0.0
1.0,702.2559642063699,-6.338743370635664,2.5861702675190075,5.0860052971513e-05,-0.0011363837484526917,0.013812899157663126,0.602759954571103,-0.5494317971825753,-0.5778012344130024,0.03083605021173982,-2216412.0024377876,-4584863.890196519,3854403.9499067767,0.6511166133119312,-2.021091662529484,16372.816716493107,0.0,1.1945336521551073,-0.19529313753556915,0.0050334464885863715,-0.0008024505526178791,-0.013155668478289174,0.004151866517097425,3.2362030900665e-06,-0.001045995299835542,0.013731947107779176,295.0694685924128,0.15701683800973742,9764.876179563162,216.64999999999998,2.3800813290616643,0.003682643805429843,-0.009025951471975487,702.289332972949,38721.16145577346,9.749033181862567,689.8813477693826,-1.261956209133761,131.42462427924258,-51030.51483187658,5002.2583608024715,-4933.491099310739,18.656142631247018,3947.493079769505,110.39125042344479,-0.7804166981714273,0.07650022670159926,0.07544855949164694,0.007551201497091873,-0.009190151025835307,-0.013279447637380303,2.7878164498332986e-10,0.007960522996508016,-0.008523633062638682,-0.012989571196602488,2.7878164498332986e-10,0.005631312052700228,-0.008301193997637612,-0.01528093361535255,2.7878164498332986e-10,0.0,0.0,0.0
1.1,701.6713279402669,-6.344017533765975,2.8726086879849833,0.00042563821168622383,0.0013998991484548762,0.013852042771881302,0.6027536216279629,-0.5498263458145934,-0.5774101282634049,0.03125053943272676,-2216389.3587117083,-4584816.771530663,3854450.8016360393,0.6511274285980808,-2.021091686281843,16359.63117035292,0.0,1.1944470690593971,-0.19655899752038689,0.005583927910740999,-0.000905727337144834,-0.01225965741259653,0.0065739021665981445,0.0003781278152965671,0.0014903230025717826,0.013771203392071149,295.0694685924128,0.1573427960675011,9785.147509148821,216.65,2.378104009421473,0.004093929059133629,-0.009040972983275712,701.7058863174803,38737.100220168315,9.749074105383208,689.1234724178913,-1.1551864950988846,132.28245425678602,-51065.48202994089,5028.1543671277905,-5971.238085942365,2.5918624545269924,1896.9485297393094,36.85530286634289,-0.7809514563518526,0.07689625789624453,0.09131896721754565,0.007566339179306451,-0.008551719228695562,-0.013258214647077278,2.7878164498332986e-10,0.007769126496428004,-0.00806187443523761,-0.01320018620333961,2.7878164498332986e-10,0.005631312052700228,-0.008301193997637612,-0.01528093361535255,2.7878164498332986e-10,0.0,0.0,0.0
1.2000000000000002,701.0868298165301,-6.3509080873913355,3.2549809321670664,0.0002547118491873036,0.002077631672224832,0.013894894674437434,0.602796554896649,-0.5502211424801862,-0.5769687205698305,0.03162427195234628,-2216366.6948425085,-4584769.637553879,3854497.540725825,0.6511382320185422,-2.0210917077820265,16346.360162585042,0.0,1.1943393131162128,-0.1977682863851615,0.006289924766435562,-0.0012143717877842696,-0.012049744248638942,0.00723578146609559,0.00020732620388301835,0.002168092434607451,0.013814160122793816,295.0694685924128,0.1576708668103125,9805.550226604459,216.64999999999998,2.3761290981323038,0.004642730980983438,-0.009058315842950497,701.123150292868,38753.42347295548,9.749115290298036,688.366344349593,-1.0320917047989575,133.1329189056591,-51098.51058620992,5035.5346647906845,-7281.666579181494,-3.728087530861789,-392.18967511339366,54.994239205709576,-0.7814565666160498,0.0770091258058193,0.1113595308146939,0.007498881501497562,-0.007988716880592217,-0.013323895019666574,2.7878164498332986e-10,0.007347063993151769,-0.0076169797840738036,-0.01326080336421165,2.7878164498332986e-10,0.005631312052700228,-0.008301193997637612,-0.01528093361535255,2.7878164498332986e-10,0.0,0.0,0.0
1.3,700.5030043648944,-6.356916753006657,3.6019356515802152,0.0005711662603749155,0.0010355429439189753,0.01383447415934269,0.6028337458693921,-0.5506138521537073,-0.576534003700958,0.03200614859100844,-2216344.009506121,-4584722.489509783,3854544.167621797,0.6511490235776234,-2.0210917266895834,16333.004393043928,0.0,1.1942402511679147,-0.19898664294908683,0.00697381326518116,-0.0007071461297117618,-0.012376135627820752,0.0062275993536185055,0.0005239012458981697,0.001126042465320434,0.013753845917149966,295.0694685924128,0.1580010329371666,9826.083255980686,216.65,2.374156536610085,0.0051418821693539245,-0.009074419656814126,700.541107612741,38770.12309397575,9.749156734468746,687.6099360043589,-0.8919344043649748,133.97617067593157,-51131.54135284364,5084.692376754413,-8382.477690288406,7.007232696626801,-1958.0025291654613,-115.43011495216915,-0.7819617106836588,0.07776090147155158,0.12819438688994242,0.007588864381940669,-0.00781039971652205,-0.013216422982125034,2.7878164498332986e-10,0.007393472939656964,-0.0077938269226437915,-0.013132051418463058,2.7878164498332986e-10,0.005631312052700228,-0.008301193997637612,-0.01528093361535255,2.7878164498332986e-10,0.0,0.0,0.0
1.4000000000000001,699.9204484419447,-6.353045833219505,3.828086958829116,0.0007968363865588386,-0.0008389627897934991,0.013664440514307768,0.6028351399005364,-0.550990700932077,-0.5761483705537515,0.032435917824554794,-2216321.301670491,-4584675.32851507,3854590.6832083147,0.65115980333314,-2.021091742726523,16319.564837686718,0.0,1.1942020227392587,-0.20025023034762374,0.007507031675829241,-0.0001230123165547088,-0.012907233921256263,0.004387256609638837,0.0007496769321515017,-0.0007484261350712999,0.013583923580923989,295.0694685924128,0.15833327032156227,9846.745096850545,216.65,2.3721862918848022,0.005469262682110234,-0.009076426289016585,699.9597485486549,38787.190156298246,9.749198434914069,686.853849071087,-0.7400278136065612,134.8142581192925,-51168.1366943917,5090.146282270571,-8986.719081968948,-21.17775347218546,-2338.905071666727,-121.90079574021695,-0.7825213682868298,0.07784430880046217,0.13743513379103525,0.007516324630828877,-0.0081082515474883,-0.013234888968863016,2.7878164498332986e-10,0.007731384878507018,-0.008518079555018269,-0.013044374838885067,2.7878164498332986e-10,0.005631312052700228,-0.008301193997637612,-0.01528093361535255,2.7878164498332986e-10,0.0,0.0,0.0
1.5,699.3394217897498,-6.339668583514977,3.908622101248164,0.0005760047319237928,-0.0028476117788620225,0.01357398330544909,0.6027768463019642,-0.5513626305356044,-0.5758263267966116,0.03291430235414641,-2216298.5704789422,-4584628.155100314,3854637.0865399875,0.6511705711575329,-2.0210917556959465,16306.041004437022,0.0,1.1941938817400521,-0.20157479692589664,0.007846272483493281,3.8774472478445465e-05,-0.013561887342779792,0.002448191364488352,0.0005289329606842155,-0.0027570373528362432,0.013493588067927359,295.0694685924128,0.1586675911280517,9867.536505727463,216.64999999999998,2.3702183826190626,0.005588961929161307,-0.009064834224124978,699.379078607375,38804.62634183865,9.749240393139532,686.0977640689188,-0.582963448204258,135.64881457661022,-51208.62681513299,5082.807817888413,-9163.58285707605,-4.234974827284689,-2188.5222392398564,-110.15314799404997,-0.7831405892851205,0.07773208065301666,0.14013993588542836,0.007537407429811689,-0.008385202167163482,-0.013232537331449221,2.7878164498332986e-10,0.00734004536617485,-0.008680867811447203,-0.013412569212585492,2.7878164498332986e-10,0.005631312052700228,-0.008301193997637612,-0.01528093361535255,2.7878164498332986e-10,0.0,0.0,0.0
1.6,698.7598457979635,-6.318875926174002,3.8614500663947875,0.0005682600941997541,-0.004459342317178257,0.013478010314097814,0.6026644891696641,-0.5517296349057651,-0.5755621103645641,0.033439044557183675,-2216275.816187848,-4584580.969728828,3854683.3794855187,0.65118132723403,-2.0210917656034875,16292.434444023296,0.0,1.1942169077788527,-0.2029575387342168,0.00800773030822628,0.00034339425003245536,-0.01406550297443804,0.0008824175075815488,0.0005212605373320146,-0.00436873045517345,0.013397745794554172,295.0694685924128,0.15900692025615326,9888.639382094296,216.65,2.3682527652098053,0.005526091378822761,-0.009042602054952265,698.7990849229694,38823.14245688954,9.749282604409782,685.3411856300772,-0.4266296639406497,136.48233489002988,-51253.99527302006,5055.760405212116,-8938.628889598802,-17.008227866325882,-1457.3203044069949,-38.22140370267024,-0.7838344153658882,0.07731844084231794,0.13669968384961131,0.007496941282672157,-0.008731279466405457,-0.013268667861244804,2.7878164498332986e-10,0.0075328349970019545,-0.008436835195420378,-0.013108402173593936,2.7878164498332986e-10,0.005631312052700228,-0.008301193997637612,-0.01528093361535255,2.7878164498332986e-10,0.0,0.0,0.0
1.7000000000000002,698.1813993023661,-6.296140164700489,3.7309780050084647,0.00015349795599497068,-0.005351504702476541,0.013515170130570082,0.602508368235321,-0.5521010191922757,-0.5753370945822345,0.03399041837626498,-2216253.038907792,-4584533.772220112,3854729.561018142,0.651192071445756,-2.0210917724840316,16278.744440691546,0.0,1.1942387516447497,-0.20438393063329938,0.008047678643230152,9.659175120621007e-05,-0.014428260226559998,4.911812895087248e-05,0.0001065609607646312,-0.005260854324457809,0.013435044404378394,295.0694685924128,0.1593507109545172,9910.019723488009,216.65,2.3662894012834,0.005343801044359285,-0.009017541310442054,698.2197561725516,38842.59851271459,9.749325070915953,684.5838742925191,-0.27555365876995597,137.31591828869287,-51302.547877511446,5008.735774670542,-8496.335787740305,-14.57943554987938,-591.2604613543731,110.84255091493158,-0.7845769370396284,0.0765992866848321,0.12993563447026246,0.007442048725074597,-0.008964645737221999,-0.013364023550671148,2.7878164498332986e-10,0.007516223373391808,-0.009138501984430215,-0.01318055136325685,2.7878164498332986e-10,0.005631312052700228,-0.008301193997637612,-0.01528093361535255,2.7878164498332986e-10,0.0,0.0,0.0
1.8,697.6036719838305,-6.278010613883022,3.576454988880809,9.227306728821453e-05,-0.005367282908634921,0.013589524260105925,0.6023317076025857,-0.5524809188786876,-0.5751240758811246,0.03454906008707278,-2216230.2392774033,-4584486.562320975,3854775.6312844744,0.6512028038065992,-2.0210917764720406,16264.971120637842,0.0,1.1942434414590886,-0.20583331575786043,0.008046886351198103,3.2705123314577854e-05,-0.014503325408068517,6.209699540525091e-05,4.5396690798978286e-05,-0.005276592786398428,0.013509541495543327,295.0694685924128,0.15969659394704147,9931.530184642543,216.65,2.3643282759482127,0.005126727107010189,-0.008999033253559751,697.6410879620547,38862.41267764267,9.74936779227715,683.825588034808,-0.1318088136909581,138.1507420268159,-51351.64321172788,5003.099980354784,-7962.022881898239,-0.8305466630501214,436.9319215664276,87.05675567067746,-0.7853277587538722,0.07651309770543482,0.12176431354313803,0.007489827287637405,-0.009262154767043661,-0.013322782214431849,2.7878164498332986e-10,0.0074432055291197554,-0.009388349587207202,-0.01330447847224877,2.7878164498332986e-10,0.005631312052700228,-0.008301193997637612,-0.01528093361535255,2.7878164498332986e-10,0.0,0.0,0.0
1.9000000000000001,697.0263885312625,-6.2636103285269344,3.4521556147265335,0.00017032861716168566,-0.004767834515578345,0.013623617516680042,0.6021639657658536,-0.5528631396897971,-0.5748990217726099,0.03510003692849981,-2216207.4178260076,-4584439.3396315975,3854821.5896688807,0.6512135242524242,-2.021091777695189,16251.114005194046,0.0,1.1942402270100512,-0.20727612503994344,0.00808011585143702,-9.160441093508263e-06,-0.014314717566925947,0.0006447067554041994,0.0001235170474548785,-0.004677105271918728,0.01354377601633845,295.0694685924128,0.1600445812542968,9953.171513117119,216.65,2.3623693857917565,0.0049526494919111255,-0.00898583615782426,697.0630792845583,38882.58586757774,9.749410769961136,683.0663224503465,0.005654465024010236,138.98678565805812,-51399.69901201834,5020.666344747822,-7606.971115497069,11.924914220164125,880.750239044946,-26.414401227489893,-0.7860626827324803,0.07678174253772109,0.11633445793365381,0.007542035667739023,-0.009247920334478675,-0.013220258254799304,2.7878164498332986e-10,0.007497608292520199,-0.008703981290890069,-0.013294743440462782,2.7878164498332986e-10,0.005631312052700228,-0.008301193997637612,-0.01528093361535255,2.7878164498332986e-10,0.0,0.0,0.0
2.0,696.4494725225417,-6.248602835194742,3.383485231936467,0.00026679398036463824,-0.00393535106358391,0.013607648034525572,0.6020210226670305,-0.5532421478387268,-0.5746511751240271,0.03563467122848581,-2216184.5750384964,-4584392.1039538635,3854867.4362591007,0.6512242327914203,-2.021091776256059,16237.173171076924,0.0,1.1942365691117982,-0.20869188483439982,0.008183543013448894,-7.628924357805508e-05,-0.013993854111254731,0.0014303623772921581,0.00022005372691589293,-0.003844584439687518,0.013527942960679766,295.0694685924128,0.16039467094973067,9974.943589099445,216.64999999999998,2.3604127028299704,0.0048581537451948525,-0.008971736916940108,696.4857218828203,38903.11479430004,9.749454003738323,682.3062557952576,0.13944521652505681,139.82311583996733,-51447.19430366293,5000.67064605815,-7448.296902574182,-9.601667787005809,954.5974789518186,31.725575574513986,-0.7867890347750979,0.0764759455611388,0.1139078313212788,0.0074930631081921144,-0.009130437976442897,-0.013261436294375924,2.7878164498332986e-10,0.007353911201705045,-0.008751759276913644,-0.013215563089059025,2.7878164498332986e-10,0.005631312052700228,-0.008301193997637612,-0.01528093361535255,2.7878164498332986e-10,0.0,0.0,0.0
2.1,695.8729184549379,-6.234686487188395,3.3690058603872344,2.5209268480968305e-05,-0.003271022093621764,0.013670371539208985,0.6018974408003145,-0.5536253200716487,-0.5743796030258769,0.03614606680042802,-2216161.7112602917,-4584344.85533142,3854913.1716004293,0.6512349294739344,-2.021091772211914,16223.149097211659,0.0,1.194208835994756,-0.21008096296993312,0.00836069633568599,-0.0004565734516318091,-0.013807947287360024,0.002086516696602524,-2.1453172118512703e-05,-0.0031802175392148775,0.01359080008540117,295.0694685924128,0.16074685100631725,9996.845664628863,216.65,2.358458183095656,0.004841371821046076,-0.008959174072214724,695.9090027834627,38923.993202927646,9.749497492149423,681.545712929033,0.2724159591316737,140.6580897281462,-51493.91252082539,4988.313148242258,-7462.834460708102,2.4504740809928807,773.7406093797279,57.30371607611933,-0.7875035029105361,0.0762869606434888,0.11413015620190613,0.0074937670041699276,-0.00897946224611641,-0.013274263246801584,2.7878164498332986e-10,0.007398531784002089,-0.008860804213939547,-0.01322800020378212,2.7878164498332986e-10,0.005631312052700228,-0.008301193997637612,-0.01528093361535255,2.7878164498332986e-10,0.0,0.0,0.0
2.2,695.2967496088212,-6.226173617264747,3.3958621165158194,-5.523357963656244e-05,-0.0027583592113599713,0.01375296962176363,0.6017852931944841,-0.5540177232259232,-0.5740875519449257,0.03663730630770971,-2216138.826341177,-4584297.593767089,3854958.794577133,0.6512456141670929,-2.0210917655358713,16209.041054857895,0.0,1.1941479786103395,-0.21145530828520073,0.008598839085192978,-0.0006489223452959663,-0.01369617956081624,0.002606736570582267,-0.00010181261432676592,-0.002667514758717518,0.013673530855811697,295.0694685924128,0.1611011397245749,10018.878877814494,216.65,2.3565058137599233,0.00488400832777582,-0.008954353602372348,695.3329182010718,38945.223219147105,9.749541237424783,680.7847479747635,0.4060574257698528,141.49139866124153,-51540.00270890203,4994.529836867778,-7611.108958503445,20.418885117235067,393.8353394023389,18.86064475859523,-0.7882083665105875,0.07638203331964487,0.11639773853717557,0.007552077792517682,-0.008801043724788805,-0.013242222867381056,2.7878164498332986e-10,0.007725093684597813,-0.00905102667373816,-0.013055303426404059,2.7878164498332986e-10,0.005631312052700228,-0.008301193997637612,-0.01528093361535255,2.7878164498332986e-10,0.0,0.0,0.0
2.3000000000000003,694.7210752295816,-6.218982924890077,3.444723037606989,0.00031237337260834426,-0.002580825844455909,0.013742391698705694,0.6016886161415199,-0.554405223464331,-0.5737833466108495,0.03712566960265396,-2216115.9204352503,-4584250.319622018,3855004.306488564,0.6512562869960494,-2.021091756224226,16194.850141149014,0.0,1.1941000925808096,-0.21281971459929103,0.008871851325662707,-0.0003198604835393902,-0.013621021596201677,0.0027731742689467583,0.0002658806099223246,-0.0024899427530387644,0.013663082277003271,295.0694685924128,0.16145955864369374,10041.168948166001,216.64999999999998,2.354555533124059,0.00495838535810208,-0.00895142035347522,694.7574499302414,38967.2887973988,9.749585236215415,680.0233878567793,0.5421572709191951,142.32287066545246,-51586.587274809106,5014.666625063143,-7825.846742431387,29.862427800520127,-58.26757355676786,-72.6053273443247,-0.7889207906989525,0.0766899879974877,0.11968175306961393,0.007683657927044577,-0.00862779050609628,-0.013159321951287049,2.7878164498332986e-10,0.007745531413815698,-0.008843497289347874,-0.013099547122741412,2.7878164498332986e-10,0.005631312052700228,-0.008301193997637612,-0.01528093361535255,2.7878164498332986e-10,0.0,0.0,0.0
2.4000000000000004,694.1460175753975,-6.209466335824394,3.491604779376149,0.0005107381889035372,-0.0026202179680881598,0.013708787811180656,0.6016004593291271,-0.5547824630398772,-0.5734787493632504,0.03762205805009656,-2216092.9933369,-4584203.033152672,3855049.70717636,0.6512669479279427,-2.0210917442186194,16180.576370123774,0.0,1.1940829159499629,-0.21418175467054862,0.009144679897529488,-0.00011468706539750047,-0.013604322960685186,0.00272417770395969,0.00046433132264303285,-0.002529298594800083,0.013629605045856263,295.0694685924128,0.16182368865773783,10063.8141914754,216.65,2.352607251275803,0.005030030056580788,-0.008945123949698265,694.1825714406083,38990.563554629654,9.749629488481725,679.2616508552823,0.680549849823034,143.15229162561639,-51635.65680060061,5009.960549813597,-7908.859408684613,4.409124625127558,140.0942097147904,-59.69813912085872,-0.789671217721396,0.07661801733993709,0.12095127721839405,0.007629635876599728,-0.008883864923317126,-0.013178983570266482,2.7878164498332986e-10,0.00736827773284167,-0.009068320575604288,-0.013541460182426591,2.7878164498332986e-10,0.005631312052700228,-0.008301193997637612,-0.01528093361535255,2.7878164498332986e-10,0.0,0.0,0.0
2.5,693.5715837044512,-6.198299802315072,3.531998632944068,6.985609539161605e-05,-0.002763745718271489,0.013723678981747046,0.601506923626917,-0.5551623438646067,-0.5731765369883347,0.0381161335273674,-2216070.0448843935,-4584155.734548076,3855094.996272295,0.651277596907687,-2.021091729474212,16166.21959550213,0.0,1.194054807497333,-0.21554425305067187,0.009410900297336686,-0.0005313638958207256,-0.01367100320169928,0.002594447794050879,2.3534312816858248e-05,-0.002672789074592447,0.013644624378769739,295.0694685924128,0.16218993612908666,10086.591119441418,216.64999999999998,2.3506609334809427,0.005092434846277094,-0.008936430760912642,693.6082724831668,39014.17570570451,9.749673994674083,678.499546387178,0.8206321989619516,143.97957347584202,-51684.99773382908,4981.822930522808,-8076.0270382421,-16.444303744601818,-154.0635870664517,50.536439740625035,-0.790425795415188,0.07618770484919173,0.12350779482222793,0.007439500584243783,-0.008789871353337255,-0.013290897859876827,2.7878164498332986e-10,0.007888988536206338,-0.00842241131910475,-0.013062326814279261,2.7878164498332986e-10,0.005631312052700228,-0.008301193997637612,-0.01528093361535255,2.7878164498332986e-10,0.0,0.0,0.0
2.6,692.997780416703,-6.1892110394399875,3.5565557135248547,0.000238877682240254,-0.003026741491304897,0.013746751675650256,0.6014008183286932,-0.5555495367924768,-0.5728795794298475,0.038610188828460096,-2216047.0750987045,-4584108.424103718,3855140.1743099606,0.6512882339760235,-2.0210917119693694,16151.78035714943,0.0,1.19400697322219,-0.21691740511940383,0.009659382426332071,-0.0003140459791665308,-0.013789209608576495,0.0023542649198659373,0.0001926396102488878,-0.002935745490621593,0.013667828396272154,295.0694685924128,0.16255828728554397,10109.498875571253,216.65,2.348716548814568,0.0051320864069359364,-0.008930714013050402,693.0345439329204,39038.1190262688,9.749718753146087,677.7370260758685,0.9621588579662337,144.80493254078792,-51734.8846714577,4989.676152523811,-8175.023358498277,7.718817277288861,-280.8584727315853,7.477332177139518,-0.7911887232295415,0.07630780525586452,0.12502175919511305,0.0076012172880157445,-0.008764989589590398,-0.013235980088721367,2.7878164498332986e-10,0.00772419060554019,-0.008658020307604835,-0.01305687410812124,2.7878164498332986e-10,0.005631312052700228,-0.008301193997637612,-0.01528093361535255,2.7878164498332986e-10,0.0,0.0,0.0
2.7,692.4246448131311,-6.179535211802156,3.5625426210731317,0.0002465787285686122,-0.003301883954090774,0.013734395773406509,0.601291244197895,-0.5559314036379874,-0.5725897800155502,0.039115826624189304,-2216024.08384395,-4584061.101946815,3855185.240771061,0.6512988590633632,-2.0210916916691044,16137.258382494561,0.0,1.193979353019417,-0.21830020968367725,0.009883417887031488,-0.00025193831459432623,-0.013879007210925432,0.002088745658649321,0.00020042235113337236,-0.0032108498189049903,0.013655603716276579,295.0694685924128,0.16292874908051566,10132.537892297169,216.64999999999998,2.3467740882222596,0.005144980342952745,-0.008924132646813694,692.4613831181863,39062.39301293512,9.74976376473424,676.9739737059703,1.1043270142030779,145.6289012469593,-51785.62516216699,4989.663196774675,-8232.460398628364,-5.967297132547883,-409.87754256565654,-2.991051076944038,-0.7919647045488246,0.07630760712180697,0.12590015176784605,0.007539870194650399,-0.00869015245817759,-0.0132389701369642,2.7878164498332986e-10,0.007969451783023065,-0.008954504746611662,-0.013054929412451878,2.7878164498332986e-10,0.005631312052700228,-0.008301193997637612,-0.01528093361535255,2.7878164498332986e-10,0.0,0.0,0.0
2.8000000000000003,691.8521666038213,-6.170504820408962,3.548232337846585,-9.009701094442634e-05,-0.0035445314602718914,0.013782858539459633,0.6011683151487144,-0.55631777823541,-0.5723085042650727,0.03962517061886266,-2216001.0712910625,-4584013.768303027,3855230.196414658,0.6513094722383417,-2.0210916685842646,16122.65435000509,0.0,1.193940680364283,-0.21969490951371262,0.010080096207550378,-0.0005452600073709635,-0.014013394477104394,0.001877129007214561,-0.0001361737615192427,-0.0034534579673393176,0.013704200618494382,295.0694685924128,0.16330130420600333,10155.707093234863,216.64999999999998,2.3448335216662937,0.00512855404731199,-0.00891846607198549,691.8887811757492,39086.99065073561,9.749809027369029,676.2104031640483,1.246236855402532,146.45140878822562,-51837.55707044853,4985.2759533793105,-8176.996400293746,3.236801413386376,-204.2931561236587,6.313530466111063,-0.792758906381284,0.07624051240375512,0.1250519331952862,0.007495158308251285,-0.00878510489292976,-0.013256925846114272,2.7878164498332986e-10,0.00757083552158356,-0.00848641363935214,-0.013256366564151228,2.7878164498332986e-10,0.005631312052700228,-0.008301193997637612,-0.01528093361535255,2.7878164498332986e-10,0.0,0.0,0.0
2.9000000000000004,691.2803137254135,-6.161829590223629,3.519884515124051,0.00016395324191448724,-0.0037437060273194196,0.013751249785184843,0.601037490888116,-0.5567054847590218,-0.5720330025643687,0.04013941571708783,-2215978.037434082,-4583966.423196037,3855275.0406498616,0.651320073425797,-2.0210916427116863,16107.96791393403,0.0,1.1939007885494115,-0.22109896690435357,0.010257182898048486,-0.00024973624188862173,-0.014057346074100387,0.0016766425656488803,0.0001179547758828944,-0.0036525928978543933,0.013672727503244005,295.0694685924128,0.16367596148216088,10179.007026909645,216.64999999999998,2.3428948429948537,0.005091789865793053,-0.008913296694813711,691.316736290396,39111.91199512671,9.749854542110855,675.4461555785759,1.3875234616735226,147.27317100974057,-51889.829406137425,5002.698985097462,-8120.393123460131,19.49942127329162,-156.48187048605035,-77.35476999580962,-0.793558314417014,0.07650696522968511,0.12418629147958518,0.007630561649833649,-0.008738935184024039,-0.01317517145460803,2.7878164498332986e-10,0.007325545229718292,-0.009200360579411239,-0.013323378074911555,2.7878164498332986e-10,0.005631312052700228,-0.008301193997637612,-0.01528093361535255,2.7878164498332986e-10,0.0,0.0,0.0
3.0,690.7090817770264,-6.148022732012951,3.48612552396103,0.00033109076107728667,-0.003732765390248792,0.013675063775468406,0.6009115281397233,-0.5570821864918779,-0.5717615648220143,0.0406629448693645,-2215954.982427889,-4583919.0666769985,3855319.773572032,0.6513306626271684,-2.021091614074297,16093.199219891801,0.0,1.1938923080446362,-0.22250101255245638,0.01042191841104368,-8.093512343360586e-05,-0.01398257776474527,0.001659061727899426,0.0002851694802187356,-0.003641615524709268,0.013596674981535392,295.0694685924128,0.1640554661362847,10202.608418990008,216.64999999999998,2.3409580243176915,0.00504712622814891,-0.00890068226497574,690.7452402325658,39137.80917682999,9.749900308518981,674.6811791964604,1.5272583889552305,148.094397485089,-51944.239558418536,4987.303334835036,-7969.877363354069,-13.013885887697674,295.498327541646,-30.564367082007163,-0.7943904163765988,0.07627151742784363,0.12188443321082712,0.007544447046435714,-0.008949804913189564,-0.013213871902307436,2.7878164498332986e-10,0.007557581050976874,-0.009142591663756843,-0.013178445427278685,2.7878164498332986e-10,0.005631312052700228,-0.008301193997637612,-0.01528093361535255,2.7878164498332986e-10,0.0,0.0,0.0
3.1,690.1383435892776,-6.130465183209163,3.463993275419051,0.0003436787468691155,-0.0034862910489492594,0.013629854539676902,0.6007889668208511,-0.5574580232973466,-0.5714869503454897,0.04118039461534892,-2215931.9065472577,-4583871.698799057,3855364.395540042,0.651341239871633,-2.0210915827160556,16078.348616175354,0.0,1.1938791023658044,-0.22389308567535407,0.010598563846561755,-0.00011909459915895973,-0.013849914645173994,0.0018778339678425528,0.000297835641526271,-0.00339510488158277,0.013551598728815851,295.0694685924128,0.16444031415877788,10226.542115116044,216.65,2.3390229684672006,0.005019231605443898,-0.008882605621650885,690.1742643310648,39164.79197849291,9.749946325533262,673.915519387741,1.665309259409823,148.9147568693737,-51999.56530795923,4982.366443352709,-7895.000637352859,-0.13807128660014933,494.1230109162519,-44.73765476253678,-0.7952365206912948,0.07619601686582576,0.12073933311790686,0.007604733183124458,-0.009027258625538371,-0.013175379533801681,2.7878164498332986e-10,0.007752942928735651,-0.00863934866851329,-0.013023284343436674,2.7878164498332986e-10,0.005631312052700228,-0.008301193997637612,-0.01528093361535255,2.7878164498332986e-10,0.0,0.0,0.0
3.2,689.568037001082,-6.110294421159481,3.462345682496422,0.00020681800571260628,-0.003213677375506758,0.013628556784553861,0.60067418558243,-0.5578335259750702,-0.5712043002156488,0.04168830647776715,-2215908.809842388,-4583824.3195664175,3855408.905992124,0.6513518050870022,-2.021091548645396,16063.415780171752,0.0,1.1938585798875017,-0.22527115987852656,0.010801766297963694,-0.000316590934376946,-0.013748437426340885,0.0021383564684256963,0.00016105520187213097,-0.0031224551581522817,0.013550432760835476,295.0694685924128,0.1648272932012418,10250.608339360806,216.65,2.3370896468728914,0.005020993435002156,-0.008860702878680191,689.6038001556138,39192.08994531879,9.74999259414348,673.149283083815,1.8028432803663503,149.73370246297935,-52054.76793341621,4946.089638695698,-7961.294838911324,-13.151623368459566,218.27061283367354,71.47077117313816,-0.7960807420524051,0.07564123069124165,0.12175317948137428,0.007539121566486232,-0.008845443272860272,-0.013249547057509997,2.7878164498332986e-10,0.007028034106423384,-0.008831453592980794,-0.013918676124129411,2.7878164498332986e-10,0.005631312052700228,-0.008301193997637612,-0.01528093361535255,2.7878164498332986e-10,0.0,0.0,0.0
3.3000000000000003,688.9981655952504,-6.093712769915391,3.4674120945219493,-6.696452142296624e-05,-0.0032157157443006663,0.013726859484918596,0.6005560783230661,-0.5582171775842238,-0.5709169269560016,0.04218802476867838,-2215885.6924738213,-4583776.929220845,3855453.30560446,0.6513623583306116,-2.0210915118699546,16048.401348059066,0.0,1.1938123683203785,-0.22664959589215236,0.011018133012867297,-0.0006013908390018989,-0.01384060126351535,0.002174964683962024,-0.00011264566362233035,-0.003124455475803268,0.013648868848566567,295.0694685924128,0.16521638677735184,10274.806066439873,216.65,2.3351580231148996,0.005032499352921413,-0.008843966553090587,689.0338369598227,39219.69606779338,9.750039112409137,672.3826357821085,1.9412372291195825,150.5504542795587,-52110.24566012552,4915.479943556843,-8032.2522543007135,-13.002453216270874,5.393242006306523,171.41225892184494,-0.7969291705748917,0.07517311240376207,0.12283834101680866,0.0074943688893525625,-0.008718953142201199,-0.013318592626231926,2.7878164498332986e-10,0.00727066335266865,-0.008410522177453673,-0.013610873395800492,2.7878164498332986e-10,0.005631312052700228,-0.008301193997637612,-0.01528093361535255,2.7878164498332986e-10,0.0,0.0,0.0
3.4000000000000004,688.4286858502306,-6.0871751124818285,3.4753342653760293,-0.0003940304114883799,-0.0031225034330939665,0.013902367032475153,0.6004290493099714,-0.5586151062738465,-0.5706246009510523,0.042681049457825825,-2215862.5544494614,-4583729.527914404,3855497.5941988747,0.6513728995672124,-2.0210914723780453,16033.305321008898,0.0,1.1937293009569516,-0.2280399188405942,0.011244395020031562,-0.0009668746471173343,-0.013969394334801277,0.0023322412013116666,-0.0004396280933453935,-0.003031201921964961,0.01382451276110971,295.0694685924128,0.16560759485674634,10299.135294465059,216.65,2.3332280771566802,0.005048169570692821,-0.008841785721695514,688.4643688315189,39247.60781327145,9.750085880330152,671.6154511831684,2.0794266397561882,151.36557378994337,-52165.96955145698,4908.1467684240215,-8078.946275138002,-1.5886700663203124,-54.028408805261535,200.13512157649808,-0.79778136372688,0.07506096514553581,0.12355243911451042,0.007473197539901471,-0.008702934927108875,-0.013355548493743851,2.7878164498332986e-10,0.007718058774006914,-0.009119523837435856,-0.013105702390870833,2.7878164498332986e-10,0.005631312052700228,-0.008301193997637612,-0.01528093361535255,2.7878164498332986e-10,0.0,0.0,0.0
3.5,687.8596294542483,-6.087507522874207,3.4838899625241506,9.647138801350306e-06,-0.0031623734841406716,0.013930604321330304,0.6003037085890779,-0.559014367403583,-0.5703279709178756,0.04317857996834729,-2215839.3958519734,-4583682.115827305,3855541.772105705,0.6513834288194847,-2.0210914301687963,16018.128054511733,0.0,1.1936502140600553,-0.2294402167119661,0.011477308858494737,-0.0005605162028231728,-0.014010261363593908,0.002306840265377067,-3.5865879502133424e-05,-0.0030710306465815103,0.013852885919265106,295.0694685924128,0.16600090822701807,10323.595450516808,216.65,2.3312997832502744,0.005064783603621688,-0.008849582488217862,687.8953881732657,39275.820287356,9.750132896824052,670.8475938480649,2.2186237998164353,152.17962691581184,-52221.40719774129,4970.507904017921,-8131.516993802294,24.337669933571554,-130.9623415499715,-54.74271722919553,-0.7986291792939016,0.07601466258901154,0.12435641036221684,0.007645746939574593,-0.008674905847615528,-0.013162428126653492,2.7878164498332986e-10,0.007763702894825456,-0.008644531130665802,-0.013034908289703266,2.7878164498332986e-10,0.005631312052700228,-0.008301193997637612,-0.01528093361535255,2.7878164498332986e-10,0.0,0.0,0.0
3.6,687.2910954660862,-6.087349445363774,3.4859321122555533,9.289484210328648e-05,-0.003286865720213227,0.013946014322602856,0.6001835789133722,-0.5594046325064012,-0.5700329602715838,0.04368684829596024,-2215816.216524119,-4583634.693045273,3855585.838607497,0.6513939459974195,-2.021091385206988,16002.869118114002,0.0,1.1936013869236428,-0.23084408959768585,0.011702147031935868,-0.00045482312925032494,-0.014070440555610677,0.0021953257099935368,4.746586502492013e-05,-0.0031954838168539524,0.01386842966396653,295.0694685924128,0.16639633804321557,10348.187228327519,216.65,2.3293731337114294,0.0050719443970302786,-0.008856672266414513,687.3268927176748,39304.33403246263,9.750180163210144,670.0791317147464,2.358414667775387,152.99229073640933,-52278.1131634213,4961.16151288091,-8149.7629377106405,1.1992640609194978,-107.96912915234614,14.486707321200582,-0.7994963914442869,0.07587172694089991,0.12463544809771464,0.007604771924730391,-0.008693324795837584,-0.013243744601365686,2.7878164498332986e-10,0.007643960291416948,-0.00890303546262475,-0.013141785067623202,2.7878164498332986e-10,0.005631312052700228,-0.008301193997637612,-0.01528093361535255,2.7878164498332986e-10,0.0,0.0,0.0
3.7,686.723068344421,-6.087144493018485,3.480118646455305,0.00010590757402055261,-0.003381791601192203,0.01393869179639034,0.6000612224126263,-0.5597931528549431,-0.5697407350094832,0.044199989047608426,-2215793.016647538,-4583587.259784571,3855629.7944943407,0.6514044511738614,-2.0210913375061677,15987.529206125997,0.0,1.1935595705738187,-0.2322530677899634,0.011916510601143869,-0.00042355362269704813,-0.014098620014317472,0.0021032894333806933,6.056193522080856e-05,-0.0032903710997413587,0.013861241030342588,295.0694685924128,0.16679898716245029,10373.227974549229,216.64999999999998,2.327448065636028,0.005067674315126664,-0.008863699502040669,686.758863903662,39334.348432125706,9.75022767737069,669.3099955971585,2.498193123148758,153.80382114462444,-52336.926622849955,4971.821353566197,-8125.27269312052,-13.493239343173226,38.98629434032557,-6.303785171016556,-0.8003958337871001,0.07603474935401985,0.124260915411078,0.0075484108109871275,-0.00877192430730335,-0.013259812265486446,2.7878164498332986e-10,0.0074215313774846385,-0.008671031888337458,-0.01318212552399465,2.7878164498332986e-10,0.005631312052700228,-0.008301193997637612,-0.01528093361535255,2.7878164498332986e-10,0.0,0.0,0.0
3.8000000000000003,686.155507806518,-6.08550742696858,3.4723084353231446,3.916308013722413e-06,-0.0033809743484035978,0.013917307528249425,0.5999346262111124,-0.5601841515872389,-0.5694498266303575,0.04471067687895592,-2215769.7962346077,-4583539.8161133295,3855673.6394015145,0.6514149442972856,-2.021091287062614,15972.108148057014,0.0,1.1935076621267229,-0.23366218399846925,0.012127261174034797,-0.0005270088356976737,-0.014078443572989468,0.002097516566779456,-4.134621632398199e-05,-0.003289514669354665,0.013839991844145222,295.0694685924128,0.16720495061238977,10398.47483897686,216.64999999999998,2.3255245016021644,0.0050604837468608485,-0.008868645505595399,686.1912788863863,39364.93371286052,9.750275439830668,668.5401374749995,2.6375577133341874,154.61432282473635,-52396.28190756949,4990.633379641084,-8137.228654278005,10.067233329216238,-23.513890833175928,-67.35018190439848,-0.8013035623387806,0.07632244426212818,0.12444375957325687,0.007624914946564768,-0.008711372160964976,-0.013220900264363934,2.7878164498332986e-10,0.007470912779859376,-0.008794350028927764,-0.01346535351634606,2.7878164498332986e-10,0.005631312052700228,-0.008301193997637612,-0.01528093361535255,2.7878164498332986e-10,0.0,0.0,0.0
3.9000000000000004,685.5884409446086,-6.077150922893317,3.4654200362766487,0.00045820482597558256,-0.0033517424326776975,0.013771369109802952,0.5998150227813861,-0.5605651851837772,-0.5691601176314556,0.04522564863272225,-2215746.5553190093,-4583492.36211508,3855717.3731322926,0.6514254253349228,-2.021091233875056,15956.60589366965,0.0,1.1934805329546156,-0.2350633933278961,0.012335841258277466,-6.940281257316792e-05,-0.013932055734444266,0.002071352731204049,0.0004130248412430913,-0.003260245984725584,0.01369418631400354,295.0694685924128,0.1676130515769787,10423.854635427251,216.65,2.3236024245718228,0.005054622155739104,-0.008863793165091642,685.6241326384497,39395.809460869656,9.750323450747715,667.7694861604314,2.776866214784929,155.42407014562616,-52456.144039120496,5020.045558461954,-8117.413389959801,1.236858644677938,84.10719226698095,-197.12682905121403,-0.8022190421689264,0.07677224876747236,0.12414072200439137,0.007680967215282954,-0.008763572599711177,-0.013115861503485282,2.7878164498332986e-10,0.007630988613303792,-0.008741897825648963,-0.01314826852317044,2.7878164498332986e-10,0.005631312052700228,-0.008301193997637612,-0.01528093361535255,2.7878164498332986e-10,0.0,0.0,0.0
4.0,685.0218549970779,-6.0597534466535405,3.464783225466773,0.0001304495436764467,-0.0032384803221925484,0.01369485716807116,0.5996992424669314,-0.5609410020997698,-0.568871025614734,0.04573567965466159,-2215723.2940169233,-4583444.897907625,3855760.9958691634,0.6514358942949567,-2.0210911779538834,15941.022675736807,0.0,1.1934571642830385,-0.23644941676925693,0.012547938174013245,-0.00041870572805912374,-0.013819257922629958,0.0021517715219279286,8.535174098439646e-05,-0.0031469482443661394,0.013617806469102621,295.0694685924128,0.16802328392840857,10449.36698281203,216.64999999999998,2.321681813251852,0.005057873197309595,-0.008845729287174506,685.0574188768934,39426.97165778879,9.750371709414623,666.9982075150043,2.9157275569477172,156.23233719980726,-52516.81441839237,4971.323061137209,-8156.163026634657,-19.3183462303164,-31.766011132090327,-9.434510146780347,-0.803146882642889,0.07602712889921089,0.12473332553991838,0.007548285525516946,-0.008689899377761805,-0.013256931355056309,2.7878164498332986e-10,0.00729740237307211,-0.00879159441012541,-0.013491919377392886,2.7878164498332986e-10,0.005631312052700228,-0.008301193997637612,-0.01528093361535255,2.7878164498332986e-10,0.0,0.0,0.0
4.1000000000000005,684.4556756787881,-6.0425321349572005,3.4672343997671735,-0.00033261399464773185,-0.0032079342485533016,0.013769157583673388,0.5995740249950203,-0.5613280516460663,-0.5685809436588958,0.0462331499262568,-2215700.0124919023,-4583397.423693504,3855804.5080938083,0.6514463512136737,-2.0210911193106185,15925.358985509723,0.0,1.1933939950790338,-0.2378331020769065,0.012765378036453622,-0.0008985040342281537,-0.013877052538327373,0.0022108697638328462,-0.000377629131934144,-0.0031163637025105177,0.013692242288024398,295.0694685924128,0.1684356347343601,10475.011076870334,216.64999999999998,2.319762638981406,0.005065638091275604,-0.00882788740775873,684.4911291447767,39458.414452215045,9.750420214333806,666.2264506780342,3.05470807043822,157.0384620113986,-52577.843894408245,4926.018598774887,-8189.992122897066,-27.957178399986788,-83.43495628655683,156.79654758815389,-0.8040802148328611,0.07533428151082536,0.12525067857259328,0.0074247605079482675,-0.008664320214996954,-0.013384335153807818,2.7878164498332986e-10,0.007377503500188483,-0.008609407257462846,-0.01346525766117072,2.7878164498332986e-10,0.005631312052700228,-0.008301193997637612,-0.01528093361535255,2.7878164498332986e-10,0.0,0.0,0.0
4.2,683.8898637432711,-6.031112721306602,3.4698124062289604,-0.00047560716358735814,-0.003214384916305231,0.0138511297660498,0.5994400629479887,-0.5617264456324714,-0.5682885138545273,0.04672432531142042,-2215676.710722019,-4583349.939600064,3855847.909375296,0.651456796027633,-2.021091057930411,15909.614642865956,0.0,1.193299115074154,-0.2392245956703947,0.012987286979683836,-0.0010508297063866242,-0.01395554016237204,0.002237992918005483,-0.0005205386823786501,-0.003122773266882312,0.013774352691800927,295.0694685924128,0.1688501087366044,10500.787212492889,216.64999999999998,2.3178448860900374,0.005073598568303832,-0.00881849414587699,683.9252588182289,39490.13658939367,9.750468966059277,665.4540784236415,3.193928089066514,157.84300810526244,-52638.85086869736,4935.497069618473,-8201.68623728657,-2.8059087357508767,-20.443069130522336,96.72253913580552,-0.8050132029008239,0.07547923707209758,0.12542951827605234,0.007484737167901496,-0.008711704695425518,-0.01332839471105764,2.7878164498332986e-10,0.007571853520092719,-0.008476832643125144,-0.013528867398783832,2.7878164498332986e-10,0.005631312052700228,-0.008301193997637612,-0.01528093361535255,2.7878164498332986e-10,0.0,0.0,0.0
4.3,683.3243995762059,-6.025990963124196,3.473905275541446,-0.0006845093944637991,-0.0031697533540570497,0.013968707406100499,0.5993010769526568,-0.5621328626050813,-0.567992815534413,0.047212395411880825,-2215653.3887725994,-4583302.445776697,3855891.1997721023,0.6514672287289425,-2.021090993811956,15893.789810408838,0.0,1.193183977040653,-0.24062404205936352,0.013215385738747774,-0.001284106164361462,-0.014048242233120964,0.0023278628048184944,-0.0007293561221039211,-0.0030780989006477617,0.013892070206666364,295.0694685924128,0.16926929221745965,10526.85623056098,216.65,2.3159285262889346,0.005083786485721188,-0.008818296111359739,683.3597995500858,39522.73914442411,9.750517964098014,664.6810699764891,3.333096370714689,158.64604363943306,-52701.129056895494,4918.251257727034,-8233.864344354333,-8.754208955595296,-42.91576580447942,180.6153144828433,-0.8059656318183415,0.07521549449340827,0.12592162250337524,0.007436899008467566,-0.008709457019627144,-0.013411765757767537,2.7878164498332986e-10,0.00732807342272691,-0.009119770126701477,-0.013602626084387674,2.7878164498332986e-10,0.005631312052700228,-0.008301193997637612,-0.01528093361535255,2.7878164498332986e-10,0.0,0.0,0.0
4.4,682.7592460073784,-6.029177806928994,3.477321505175191,-0.0006931046820151241,-0.003222091321401223,0.014084402187256708,0.5991578156217225,-0.5625465518671828,-0.5676935172565589,0.047700583976922596,-2215630.0467842002,-4583254.94242671,3855934.3798210165,0.6514776493616413,-2.0210909269626436,15877.885005400516,0.0,1.1930542484627742,-0.24203541808504278,0.013448635255481782,-0.001294996871344162,-0.014174905408760463,0.0023244880782614303,-0.0007378654014877624,-0.003130392555433158,0.014007906165714791,295.0694685924128,0.16969462507816815,10553.307678523905,216.65,2.3140134560909895,0.005092997948849228,-0.008830261829272608,682.7947208044609,39556.54940237995,9.750567206873152,663.9073982090173,3.472826382028979,159.447558936155,-52764.47206387414,4956.959437842808,-8270.584702702705,21.957176944923088,-91.83695213074823,43.451145213956764,-0.8069343451562607,0.07580746402806221,0.12648319200570773,0.007554134208783752,-0.008686943503329657,-0.01332491874029576,2.7878164498332986e-10,0.007775577443959594,-0.008967394226069354,-0.013180831798205637,2.7878164498332986e-10,0.005631312052700228,-0.008301193997637612,-0.01528093361535255,2.7878164498332986e-10,0.0,0.0,0.0
4.5,682.1944878395427,-6.032304917834703,3.476194875684704,-0.00017883517970060581,-0.0032903060323354757,0.014015329360063628,0.59902178649299,-0.5629502797164171,-0.5673945302370824,0.04820077502822473,-2215606.684663583,-4583207.429650077,3855977.448984221,0.6514880578542471,-2.021090857357351,15861.89993862342,0.0,1.1929591494342329,-0.2434511098935502,0.013676569673603629,-0.0007623125066689327,-0.014135768490895638,0.0022351991112275747,-0.00022351016496054713,-0.0031985655262958476,0.013938971859702989,295.0694685924128,0.17012210433222763,10579.89261067598,216.65,2.3120996460899543,0.005095562704491584,-0.008842154992105538,682.2300139044686,39590.62829451279,9.750616695272557,663.1328459212555,3.6130533559212936,160.24841073480266,-52828.39526888594,4996.580608408144,-8272.681829914209,7.193959334307795,-19.53918339279496,-90.41850766064017,-0.8079119315426846,0.07641339605152225,0.1265152636612542,0.007614909398417533,-0.008729106248583536,-0.013245335692279633,2.7878164498332986e-10,0.007444073278565018,-0.008978258378116203,-0.013433802395279585,2.7878164498332986e-10,0.005631312052700228,-0.008301193997637612,-0.01528093361535255,2.7878164498332986e-10,0.0,0.0,0.0
4.6000000000000005,681.630165249695,-6.029594895090147,3.471425520999912,-8.437774793613925e-05,-0.0033312734336397084,0.013925889231432655,0.5988903464101285,-0.5633447502157395,-0.5670984891007478,0.04870664636664372,-2215583.302546182,-4583159.90761562,3856020.4078043276,0.651498454254686,-2.0210907850055104,15845.835104417056,0.0,1.1928880929120942,-0.24486193293133487,0.013896498480069358,-0.0006535328598162643,-0.014067713807699105,0.002163846667140504,-0.00012896800414430418,-0.0032394933796515237,0.013849668535008733,295.0694685924128,0.1705517167598069,10606.610204875995,216.64999999999998,2.3101870745741815,0.0050927844537526435,-0.008845499734480672,681.6656724436644,39624.97015020731,9.750666427789804,662.3575313279382,3.753257672341668,161.04810436684033,-52892.91069909481,5016.202990748659,-8279.13734231248,8.044339059020597,-13.278662050002058,-154.76806046337015,-0.808898574910689,0.07671348384971308,0.12661398870229018,0.007638648027142416,-0.008720378736343461,-0.01320870287088521,2.7878164498332986e-10,0.007372363381057363,-0.008684992398107175,-0.01356753778004418,2.7878164498332986e-10,0.005631312052700228,-0.008301193997637612,-0.01528093361535255,2.7878164498332986e-10,0.0,0.0,0.0
4.7,681.0663118053552,-6.017283622941657,3.462453655042938,0.00017688899789559528,-0.0034360983872389877,0.013765797358604975,0.5987625829518453,-0.5637293973973819,-0.5668071354798639,0.049215796254891885,-2215559.900362321,-4583112.376392287,3856063.2555976147,0.6515088384749551,-2.021090709888817,15829.690111025237,0.0,1.192838475108146,-0.2462630566569931,0.014105864198556882,-0.00035616618079795266,-0.013957611911135417,0.002004041103240463,0.00013238190407353562,-0.0033442809271193633,0.013689712080778784,295.0694685924128,0.17098347283741172,10633.461112657767,216.65,2.3082757328227412,0.005083827764764154,-0.00883474810826681,681.1016938487685,39659.57526321901,9.750716405626104,661.5814402351326,3.8936642163093067,161.8466658127564,-52957.9334888713,5010.751424763896,-8321.653590911263,-13.332769419653518,-237.07711462271584,-138.8654100976231,-0.8098929773985032,0.07663011229957863,0.12726419555321872,0.007626168232488719,-0.008555010297699629,-0.01321255785838108,2.7878164498332986e-10,0.00757720964198588,-0.008557146741690431,-0.013217871485009431,2.7878164498332986e-10,0.005631312052700228,-0.008301193997637612,-0.01528093361535255,2.7878164498332986e-10,0.0,0.0,0.0
4.800000000000001,680.5029263831443,-5.9985101514793575,3.4427290465143874,-0.00022457787627583927,-0.0035996019407730914,0.013739709393849183,0.5986262932470869,-0.5641148177962709,-0.5665233419275885,0.04972246323689975,-2215536.478237112,-4583064.836157814,3856105.992717439,0.6515192105390335,-2.0210906320141158,15813.465340838768,0.0,1.1927790600886707,-0.24766093768102096,0.01429647612129414,-0.0007198149043212043,-0.013993709719696946,0.0018390176068434905,-0.0002690037592779736,-0.0035077466154943286,0.013663761578365382,295.0694685924128,0.1714173623389893,10660.44469806314,216.64999999999998,2.3063655998013615,0.00505905197746192,-0.008814477948380917,680.5380719132091,39694.438697585785,9.750766627616812,660.8047511765812,4.033682666826506,162.643368870027,-53024.10654140914,4978.387448261158,-8281.441699831888,-2.203912842752859,-171.80878656376177,-31.3574511113566,-0.8109049710132972,0.0761351655453635,0.1266492295595033,0.007590597148437598,-0.008542319003126278,-0.013275003335772554,2.7878164498332986e-10,0.007299839878669729,-0.008597043466166998,-0.013126567197969192,2.7878164498332986e-10,0.005631312052700228,-0.008301193997637612,-0.01528093361535255,2.7878164498332986e-10,0.0,0.0,0.0
4.9,679.9399173234335,-5.97784695894837,3.42095494996293,-0.00019048632757462248,-0.003489700834582298,0.013698188931419058,0.5984833087700412,-0.5645044398477262,-0.5662419253741366,0.050224871908145854,-2215513.0363982115,-4583017.287041085,3856148.6195714935,0.6515295704776124,-2.0210905514105644,15797.161209723912,0.0,1.1927031488253168,-0.24905855443131186,0.014481364511067978,-0.0007106665457512716,-0.013914531760211695,0.0019304312762686616,-0.00023483131385622268,-0.0033978067703197413,0.013622380445501913,295.0694685924128,0.1718545771391533,10687.635083766927,216.65,2.304456653320589,0.005031218196932088,-0.00879139044864411,679.9748000895562,39729.8333995709,9.75081709249505,660.0272290623875,4.172148453542781,163.4391903122263,-53091.1556423298,4991.002876928381,-8139.247366333679,22.77021128409337,373.9732364150468,-134.5423737299181,-0.8119303621567777,0.07632809503508013,0.12447463201501525,0.007675399317821651,-0.008829641071499625,-0.013158657039434531,2.7878164498332986e-10,0.007888739165429214,-0.008706831622356274,-0.012997165643836218,2.7878164498332986e-10,0.005631312052700228,-0.008301193997637612,-0.01528093361535255,2.7878164498332986e-10,0.0,0.0,0.0
5.0,679.3771602407046,-5.953489821854516,3.4202477866468577,-0.0003884871683079392,-0.003105782494811024,0.013671167480428887,0.5983488120564731,-0.5648926148378577,-0.5659529245548532,0.050717938421792584,-2215489.574941395,-4582969.729027378,3856191.1355392626,0.6515399182108853,-2.021090468096275,15780.77736159414,0.0,1.1926220255678697,-0.250440678311609,0.014692389512554619,-0.0010003682527223946,-0.013747629929380405,0.0022903478243023693,-0.0004327492582578799,-0.003013850359173891,0.013595496920712866,295.0694685924128,0.17229966376203634,10715.315018076668,216.65,2.302548812351942,0.005034344826100966,-0.008762823279016582,679.4118544687788,39766.80271377085,9.750867801353241,659.2489032085145,4.309310690612758,164.23389282850067,-53159.9618204494,4958.407219391787,-8123.125704843918,-0.3826030275411175,531.6976821125484,-47.8613526694954,-0.812982624524085,0.0758296051508757,0.12422808122338937,0.007522727270331167,-0.008933672350749535,-0.013211254004063555,2.7878164498332986e-10,0.0074617095911121345,-0.008485505486101963,-0.013186899305675008,2.7878164498332986e-10,0.005631312052700228,-0.008301193997637612,-0.01528093361535255,2.7878164498332986e-10,0.0,0.0,0.0
5.1000000000000005,678.814571937947,-5.929543516161681,3.4461739962716247,-0.0003203192872909547,-0.0027377536580595664,0.01370114868521678,0.5982215962521793,-0.5652857126620459,-0.565651790422745,0.05119595267764764,-2215466.094012143,-4582922.162267529,3856233.5408248026,0.6515502537456618,-2.021090382083997,15764.314076104201,0.0,1.1925174475488334,-0.251808417276604,0.01494245740514059,-0.001026578435774484,-0.013639451736725339,0.002657306108381524,-0.0003644953348147341,-0.002645782488466199,0.013625615597955595,295.0694685924128,0.17274690839481352,10743.12915900831,216.64999999999998,2.300642013861543,0.0050767095059925035,-0.008734809990351875,678.8492164515039,39804.01948132668,9.750918753340631,658.4699638110751,4.446846166346258,165.02660578787504,-53228.258356969294,4915.287665719745,-8255.486333252866,2.028831294914712,265.00100943038814,88.84361707221913,-0.8140270928721507,0.07517017187229273,0.12625229056031498,0.007596785489374569,-0.008841867375094273,-0.01326573659510474,2.7878164498332986e-10,0.007632927694722456,-0.008479113460439948,-0.013494152728138347,2.7878164498332986e-10,0.005631312052700228,-0.008301193997637612,-0.01528093361535255,2.7878164498332986e-10,0.0,0.0,0.0
5.2,678.252173710806,-5.909018936817375,3.4873048924918355,-0.00029746566786730254,-0.0025838583257088866,0.013774618959464843,0.598103446505122,-0.5656782402719683,-0.5653410791275031,0.05167057300302378,-2215442.5936111114,-4582874.587016292,3856275.83560963,0.6515605770830332,-2.0210902933519783,15747.771643516608,0.0,1.1924139464087218,-0.25317155296461885,0.015219210431149589,-0.001051787424701862,-0.013650718702808817,0.002835541019074879,-0.0003415533969824901,-0.0024918483795839455,0.01369922162946147,295.0694685924128,0.17319630315216009,10771.077016173555,216.64999999999998,2.298736230800761,0.005141559876835298,-0.008711791239243528,678.2868780565066,39841.479092416885,9.75096994757369,657.6905117704082,4.586153647751308,165.8168746468437,-53296.30563086498,4893.9825160348555,-8436.873986918663,-0.7246961483460246,-55.62041989815544,136.56650114107757,-0.8150677492125423,0.07484434928112531,0.1290262769531487,0.007601604130336126,-0.008753496444925934,-0.013275417935287052,2.7878164498332986e-10,0.007644578964226981,-0.008659088006790057,-0.013163218101027933,2.7878164498332986e-10,0.005631312052700228,-0.008301193997637612,-0.01528093361535255,2.7878164498332986e-10,0.0,0.0,0.0
5.300000000000001,677.690004098875,-5.89610179720702,3.5273113444799455,-0.00032359627132564055,-0.002670019537248513,0.01389106201926393,0.5979826747994824,-0.566076550385598,-0.5650264718276106,0.05214532147305986,-2215419.073683548,-4582827.003581844,3856318.0201315437,0.6515708882288265,-2.021090201864099,15731.1504072994,0.0,1.192299071954871,-0.25454444376448315,0.015502620315565763,-0.00107264614877097,-0.01379055545854779,0.002799995002436145,-0.00036759464638483016,-0.002577969436474304,0.013815801382204982,295.0694685924128,0.17364783870336045,10799.15800929525,216.65,2.2968314377040846,0.0052048568974568075,-0.008699955940877064,677.7248317696918,39879.176671528076,9.751021383006128,656.9105639795328,4.727589466493886,166.6046158518394,-53364.557540379086,4912.168034800592,-8566.322514695787,19.79287827808568,-118.19798574654547,32.070397353022436,-0.8161115350736565,0.07512246292658721,0.13100595113366215,0.00765405257839028,-0.008818452718398918,-0.013185520610175272,2.7878164498332986e-10,0.007688684025168784,-0.008509183423540605,-0.01319403421976552,2.7878164498332986e-10,0.005631312052700228,-0.008301193997637612,-0.01528093361535255,2.7878164498332986e-10,0.0,0.0,0.0
5.4,677.1281478849259,-5.886891783863638,3.555592132141008,-0.00021901131895685558,-0.0028749341055840124,0.013929738871272159,0.5978609891524584,-0.5664721479847337,-0.5647137612040827,0.05262984691776345,-2215395.5341326287,-4582779.412228745,3856360.094416169,0.6515811871678787,-2.021090107580526,15714.450536467135,0.0,1.1921997342475397,-0.25592884292447987,0.01577472639947667,-0.0009262789522217509,-0.013902076033643036,0.002620475750898445,-0.0002629209586117425,-0.0027828444391122136,0.013854614545567655,295.0694685924128,0.17410151045693398,10827.371852829254,216.65,2.294927616393658,0.0052509402606909245,-0.00869357202039393,677.1630722273293,39917.10869698874,9.751073059125027,656.1299361548968,4.870752582861338,167.39055997214155,-53433.52263735513,4908.410998172101,-8671.832577333671,2.856101242089907,-196.9663417324155,44.611093334333304,-0.8171662278089431,0.07506500604749877,0.13261953106674726,0.007617701960852816,-0.008840781818134105,-0.013202189094368884,2.7878164498332986e-10,0.00777015031865577,-0.008762787968815848,-0.013158924845228884,2.7878164498332986e-10,0.005631312052700228,-0.008301193997637612,-0.01528093361535255,2.7878164498332986e-10,0.0,0.0,0.0
5.5,676.5666314432809,-5.880297993221426,3.5682878429055997,-0.0002586991365775309,-0.0030899535364560977,0.013991702107985105,0.5977335404999448,-0.566867336847553,-0.5644059054449743,0.05312252272154366,-2215371.974937121,-4582731.813186426,3856402.0585831143,0.6515914738966262,-2.021090010477797,15697.672258045524,0.0,1.19210746302266,-0.2573252898404029,0.016028008209497888,-0.0009234767977483085,-0.01403902124394832,0.0024399535228365066,-0.00030252125954513916,-0.002997824340074898,0.01391671491866036,295.0694685924128,0.17455831433707705,10855.780483295142,216.65,2.29302474937508,0.0052740625862396275,-0.008691040740892797,676.6015942673555,39955.50069205176,9.751124975240359,655.3486370049579,5.014691393714736,168.17469033596174,-53503.462080714235,4899.817715781621,-8742.491254932096,0.1441669118721648,-288.21796267748334,88.83891336904358,-0.8182358213577852,0.07493358779526817,0.1337001239639617,0.007619969374292921,-0.008814848711537152,-0.013242257903430784,2.7878164498332986e-10,0.007359823085203005,-0.009559115228025186,-0.013465358733842683,2.7878164498332986e-10,0.005631312052700228,-0.008301193997637612,-0.01528093361535255,2.7878164498332986e-10,0.0,0.0,0.0
5.6000000000000005,676.0054375819366,-5.877889068241678,3.561589297138861,-0.00024236822776896953,-0.0034380464809903076,0.01404092528775809,0.5975964819400853,-0.5672649201733007,-0.5641041155022722,0.05362364277432959,-2215348.396093059,-4582684.206642052,3856443.9125520564,0.6516017483894704,-2.021089910539118,15680.815653527156,0.0,1.1920159656975278,-0.25873831395796154,0.01625782585031098,-0.0008302076258645382,-0.01421337400436956,0.0021265579641742568,-0.0002861042364282171,-0.0033458771266783667,0.013966077012456137,295.0694685924128,0.17502350070559214,10884.710420660773,216.65,2.2911227528289664,0.005268532093906157,-0.008694692449461354,676.040373157229,39995.546557750204,9.751177131106843,654.5665918342729,5.159341697883711,168.9572071815053,-53575.74075712335,4918.16552401586,-8777.025961207542,-0.30289718414521904,-428.5400679197079,27.488933201362542,-0.8193411891201375,0.0752141833559444,0.13422826798783835,0.007616378483279667,-0.008706208949372112,-0.01321633084222822,2.7878164498332986e-10,0.007581577363591455,-0.008993583174904386,-0.013288139069531302,2.7878164498332986e-10,0.005631312052700228,-0.008301193997637612,-0.01528093361535255,2.7878164498332986e-10,0.0,0.0,0.0
5.7,675.4446042203311,-5.874783480687924,3.5333904104256915,-0.00011522700327936009,-0.003700350869986302,0.0140042239476883,0.5974529017822378,-0.5676581298101744,-0.5638115161598555,0.05413727796033229,-2215324.797616987,-4582636.592726429,3856485.656151886,0.6516120106134656,-2.0210898077561414,15663.880716099404,0.0,1.1919431739083766,-0.2601638144384646,0.0164562338689354,-0.0006379316057726963,-0.01427625521745786,0.0018622864746386174,-0.00015887916149293627,-0.0036081424061747604,0.013929515105702986,295.0694685924128,0.17549084880256277,10913.774795905607,216.65,2.289221575216682,0.005231159088177208,-0.008697315715172144,675.4793936894724,40035.81637203531,9.751229526749382,653.783580196557,5.303393247804723,169.73894373602468,-53648.96236958439,4953.782923154678,-8702.41220002439,14.32016684118331,-285.8227463541516,-110.8762176571744,-0.8204609773335212,0.07575888515103597,0.13308718945213183,0.007689399426320606,-0.00871639791301744,-0.013118466848091124,2.7878164498332986e-10,0.007177770483570442,-0.010057830387721862,-0.013621843122594644,2.7878164498332986e-10,0.005631312052700228,-0.008301193997637612,-0.01528093361535255,2.7878164498332986e-10,0.0,0.0,0.0
5.800000000000001,674.8841152938129,-5.865001524557516,3.495847477680123,0.0001543496235431063,-0.0037307060138000235,0.013887813319496798,0.5973110231837852,-0.5680413135127776,-0.5635254495170898,0.05465955508822791,-2215301.179670549,-4582588.9714920195,3856527.2893911325,0.6516222605587733,-2.0210897021528824,15646.867542013526,0.0,1.1918980260505605,-0.26158755204275513,0.01663538184369855,-0.0003521345500314079,-0.014179363041918214,0.0017899780134331808,0.00011077957871256278,-0.0036384609191977405,0.013813242566898271,295.0694685924128,0.17596035597177356,10942.973443839634,216.65,2.287321207085449,0.005179876267009272,-0.008690047780285638,674.9186530748597,40076.307339127045,9.751282161878303,652.9995193436298,5.445805113763636,170.52023768228565,-53723.367661895754,4951.266551046463,-8549.432806722112,-0.5336917597272148,128.2744756061148,-98.2045561537864,-0.8215988677260327,0.07572040192548879,0.13074765450127815,0.007716199207447397,-0.008871462821901356,-0.013119535924711694,2.7878164498332986e-10,0.0077546739587172,-0.008625993926251291,-0.013045102161590967,2.7878164498332986e-10,0.005631312052700228,-0.008301193997637612,-0.01528093361535255,2.7878164498332986e-10,0.0,0.0,0.0
5.9,674.3238877454698,-5.848555031627382,3.464005542895214,-1.927291157127647e-06,-0.0036430536534739545,0.013831212414745402,0.5971732611748232,-0.5684191140054659,-0.5632397444224123,0.055179606920531,-2215277.5425125454,-4582541.342982628,3856568.812487419,0.6516324982383521,-2.021089593771284,15629.776381765492,0.0,1.1918605775916238,-0.2630001148629193,0.01681690268725207,-0.0005274010567171976,-0.014094401603088114,0.001853943248961848,-4.5415353761056295e-05,-0.003550773344832424,0.013756778712884693,295.0694685924128,0.1764320153003666,10972.305934552263,216.65,2.285421634041315,0.005136960347960889,-0.008672881580809484,674.3581470661745,40117.0155289383,9.751335035732565,652.2145853707617,5.586669957023634,171.30039916962912,-53797.90058171921,4907.771266236586,-8500.441120767018,-37.54440075729916,83.39088655211364,70.64153000195061,-0.822738709943681,0.07505522253881823,0.12999841789418357,0.007553005504678169,-0.00876330549189024,-0.013249550878843977,2.7878164498332986e-10,0.007766802179476522,-0.009103813495748462,-0.012831889277292383,2.7878164498332986e-10,0.005631312052700228,-0.008301193997637612,-0.01528093361535255,2.7878164498332986e-10,0.0,0.0,0.0
6.0,673.7638225804959,-5.834023161708391,3.441852052500297,-0.00043205077043829813,-0.0034243750174512153,0.013905409337057674,0.5970266623942044,-0.5688103168271541,-0.5629504329640409,0.05568472882190884,-2215253.8863028097,-4582493.707276268,3856610.2252545226,0.651642723615955,-2.02108948263286,15612.607231159694,0.0,1.1917769211137788,-0.26441011661349595,0.01701180270292809,-0.0010229302525733024,-0.014082385947969211,0.002094876413246594,-0.000475455396156434,-0.00333205658294561,0.013831116057064151,295.0694685924128,0.17690582690412682,11001.772275244155,216.64999999999998,2.283522839842099,0.005108351025145059,-0.008658525517433754,673.7978708708456,40157.93855402311,9.751388148328928,651.4288746098669,5.726052085042913,172.0790411247281,-53872.53515795114,4907.1403963183175,-8402.555350130537,1.3812477933359883,399.3781940553591,47.768014684147644,-0.823880106806798,0.07504557455818915,0.12850143730972804,0.007593416804151361,-0.008901894976631339,-0.013215568276821207,2.7878164498332986e-10,0.007343812206719742,-0.008904033924064697,-0.01372078914482923,2.7878164498332986e-10,0.005631312052700228,-0.008301193997637612,-0.01528093361535255,2.7878164498332986e-10,0.0,0.0,0.0
6.1000000000000005,673.2038545545421,-5.821910645783227,3.4401423621450693,-0.00023305796184405642,-0.003112187935210037,0.01392610694411611,0.5968868073629587,-0.5692044559117854,-0.5626509042626275,0.056181654348962815,-2215230.2112523923,-4582446.06446732,3856651.5279072816,0.6516529367018341,-2.0210893687667832,15595.360358685255,0.0,1.19168115334475,-0.2658132977746114,0.017236938534353114,-0.0009083337085607505,-0.01398599561873022,0.002405677750660412,-0.00027637638336116323,-0.0030198311300931218,0.013851953247539154,295.0694685924128,0.1773838124527603,11031.498193541767,216.64999999999998,2.28162480104887,0.0051100604891018715,-0.008647736443365243,673.2378175727597,40199.53190811234,9.751441498851102,650.642263016204,5.864849191398934,172.8565899406774,-53947.39152686779,4905.917871744318,-8408.430201118545,8.03838764156324,443.02209574826793,40.734004017344795,-0.8250248955760177,0.075026878321347,0.12859128221576938,0.007690022324425281,-0.008929888862836724,-0.013188491992464422,2.7878164498332986e-10,0.007561710585698784,-0.008437747524695427,-0.013254476647789575,2.7878164498332986e-10,0.005631312052700228,-0.008301193997637612,-0.01528093361535255,2.7878164498332986e-10,0.0,0.0,0.0
6.2,672.6439702486873,-5.810215782395834,3.4590744325238805,-0.0001824690129089858,-0.0028173261247938226,0.013937562413231873,0.5967601449324268,-0.569594613942525,-0.5623408907755431,0.05667469475129765,-2215206.5174300983,-4582398.414700614,3856692.7204395467,0.651663137480245,-2.021089252172754,15578.035885688849,0.0,1.1915935186772475,-0.26720611312224973,0.017492985742626647,-0.0009376345980634295,-0.013887395224621516,0.0026963413651198125,-0.000225698738495889,-0.002724932206662618,0.013863545530745418,295.0694685924128,0.1778694870435718,11061.702293324619,216.64999999999998,2.279727417124991,0.005142458854696872,-0.008637547827365418,672.6779575066249,40242.58320034461,9.751495086932291,649.854853144481,6.00407282141633,173.63251246175395,-54023.60243619081,4898.193762272907,-8515.719358809914,-6.396817813239482,234.72052071747882,64.87607759475037,-0.8261903995184032,0.07490875245038815,0.13023207009476584,0.00765026513001413,-0.00885930537279675,-0.013206800935882338,2.7878164498332986e-10,0.0075524282796978984,-0.008489798893523753,-0.013127635382554223,2.7878164498332986e-10,0.005631312052700228,-0.008301193997637612,-0.01528093361535255,2.7878164498332986e-10,0.0,0.0,0.0
6.300000000000001,672.0841846963738,-5.800560241513462,3.48981390896906,-0.0002977267748888933,-0.002730944758162238,0.014006815326623632,0.5966381477624164,-0.5699866815055369,-0.562023644549178,0.057162214517326386,-2215182.8047677567,-4582350.758178881,3856733.8025273536,0.6516733258965134,-2.021089132821292,15560.633734809235,0.0,1.1914975960333645,-0.26859440745773805,0.017770157366312104,-0.0010862186980136186,-0.013919604804576758,0.002808660888012555,-0.000340866089335978,-0.0026385133259392234,0.013932934752485795,295.0694685924128,0.17835733925757274,11092.041819480088,216.65,2.2778306375534694,0.005192478300266947,-0.008630374234445962,672.1182757664191,40285.83766905036,9.751548912812561,649.0668075991849,6.14484037216097,174.4061060742435,-54099.993097412495,4873.866793647914,-8651.579013232675,-23.58643670790891,37.84618568128293,170.07695527612415,-0.8273586524313548,0.07453671676559476,0.1323097905188814,0.0075780527075034855,-0.00882334985496059,-0.013294815150825624,2.7878164498332986e-10,0.007985399905766367,-0.00848356255577641,-0.012913351673968343,2.7878164498332986e-10,0.005631312052700228,-0.008301193997637612,-0.01528093361535255,2.7878164498332986e-10,0.0,0.0,0.0
6.4,671.5245371289928,-5.797108493615714,3.5164314860819363,-0.0004214278951514163,-0.0028535307423296127,0.014105097544647805,0.5965094701548784,-0.5703866006644002,-0.5617047756219473,0.05764820039985806,-2215159.0732773347,-4582303.095210534,3856774.77466168,0.651683501985237,-2.0210890106880526,15543.154426332563,0.0,1.1913824774727209,-0.26999269556854927,0.01804846106487987,-0.0011929326824696293,-0.014056102351537349,0.0027311203824055617,-0.00046447624565690326,-0.002761059903932412,0.014031355290443177,295.0694685924128,0.17884735450905173,11122.515864922863,216.65,2.2759344396261785,0.005236442082208222,-0.008632424725336391,671.5587656516674,40329.28934254557,9.751602974905419,648.2781044280539,6.287351184228804,175.17744487613075,-54176.40479475261,4879.287417875274,-8787.967244494803,-13.89968697370128,-204.43241497082434,163.70337188035865,-0.8285272270525655,0.07461961511916773,0.1343955945414687,0.007596333607652239,-0.00874635582604369,-0.01330362122865282,2.7878164498332986e-10,0.007737849143325207,-0.008524163224479969,-0.01340203111335744,2.7878164498332986e-10,0.005631312052700228,-0.008301193997637612,-0.01528093361535255,2.7878164498332986e-10,0.0,0.0,0.0
6.5,670.9650636522898,-5.800818667289377,3.5296919266899147,-0.0006212411334595846,-0.003048311535043653,0.014220494546061585,0.5963700391045526,-0.5707941791050906,-0.5613882726817755,0.058137615724961296,-2215135.322924928,-4582255.4260485545,3856815.636946581,0.6516936657393982,-2.021088885745316,15525.598190326244,0.0,1.1912525473659037,-0.271408043581081,0.018314087421748997,-0.0013587532656474208,-0.014235226113981363,0.0025907683563742233,-0.0006641988319355208,-0.002955799497854877,0.014146893180471071,295.0694685924128,0.17933952634829484,11153.124028545282,216.64999999999998,2.2740388072111113,0.005260571016391155,-0.008645150400706368,670.9994224023069,40372.93433505033,9.751657272511439,647.4886433232656,6.430897714332094,175.94692194199573,-54253.4924139385,4905.039565130123,-8830.137474273035,-7.242566091487468,-135.0708069234902,91.40682787139264,-0.8297061386397433,0.07501344625721652,0.13504050967887393,0.007560394293115741,-0.008819952053863999,-0.013291979554238545,2.7878164498332986e-10,0.007881285212542142,-0.008943104103480577,-0.013197372603342188,2.7878164498332986e-10,0.005631312052700228,-0.008301193997637612,-0.01528093361535255,2.7878164498332986e-10,0.0,0.0,0.0
6.6000000000000005,670.4057847886385,-5.807577242143047,3.532003610310758,-0.0004083604921281691,-0.0032127685885088644,0.014208834310905978,0.5962253912582159,-0.5712030451253047,-0.5610744381231533,0.05863303319921284,-2215111.553681463,-4582207.750855593,3856856.3891306994,0.6517038171151871,-2.021088757973942,15507.96497829631,0.0,1.1911245545332816,-0.27283493016110977,0.01856720285006894,-0.0011062072290628994,-0.014285143380642065,0.0024306867777330334,-0.0004512280881291855,-0.0031202151060820745,0.014135374760991196,295.0694685924128,0.1798338561347828,11183.86639489344,216.65,2.272143729692568,0.005268407600520244,-0.00866244223226319,670.4402428859689,40416.77072239259,9.7517118057828,646.6981934130579,6.574964367351017,176.7153927711063,-54330.541962899355,4963.918446373861,-8894.957504722623,15.16084673245377,-317.2047784716284,-112.29513791972474,-0.8308844680137215,0.07591388910486663,0.1360318113403504,0.0076848930291339036,-0.008715874439535351,-0.013164758711270055,2.7878164498332986e-10,0.008218646765811442,-0.00908947052444638,-0.01285663730669219,2.7878164498332986e-10,0.005631312052700228,-0.008301193997637612,-0.01528093361535255,2.7878164498332986e-10,0.0,0.0,0.0
6.7,669.8467707789486,-5.809477539707738,3.5215711727391596,-0.00041431997403762005,-0.003363338625298355,0.0141416204976395,0.5960801941620437,-0.571604195606143,-0.5607671960811395,0.059137012944512124,-2215087.765486791,-4582160.069761365,3856897.0307582184,0.6517139560473998,-2.021088627352108,15490.254583401605,0.0,1.1910191566170787,-0.2742634092240046,0.018799831895647247,-0.0010697787729544174,-0.014278406645936534,0.0022621624680105685,-0.0004570993279338016,-0.0032707453859533477,0.01406830209713718,295.0694685924128,0.1803346793608229,11215.012588206971,216.65,2.2702491802348663,0.005257230284130342,-0.008672508197116612,669.8812191842628,40461.768453482546,9.75176657535583,645.9067773457243,6.719109468136137,177.48274935202474,-54410.45104006399,4967.05730572854,-8840.113501612124,-2.982452028250338,-55.665650832012645,-79.70086529003162,-0.8321065285467223,0.0759618921136874,0.1351930744402229,0.007630564206986638,-0.008842470095322786,-0.013222470490375723,2.7878164498332986e-10,0.007386757062058896,-0.008425848090441442,-0.013492221302533554,2.7878164498332986e-10,0.005631312052700228,-0.008301193997637612,-0.01528093361535255,2.7878164498332986e-10,0.0,0.0,0.0
6.800000000000001,669.2879761996328,-5.805774715563583,3.5022857927672826,-0.0005803933499545992,-0.00352616880870092,0.01407420702916636,0.5959301018023702,-0.5720035428320502,-0.5604659903759347,0.05964162994931441,-2215063.9586235355,-4582112.382948744,3856937.5629242253,0.6517240826455168,-2.02108849391408,15472.467896156944,0.0,1.190914289314595,-0.2756898875466031,0.019016640298616508,-0.0011897165612764933,-0.014276067340460196,0.002081586996162017,-0.0006230860218446275,-0.003433536088753364,0.014001030779587498,295.0694685924128,0.1808412139437374,11246.513970769012,216.65,2.2683550529253527,0.005232805534277494,-0.008674217710547199,669.3223200455983,40507.74184338156,9.751821578513464,645.1144205685393,6.8629636051320775,178.24882308677977,-54491.68888520761,4950.786942105393,-8844.215196781572,-29.69139464571096,-202.03505306826602,18.799873236195534,-0.833348910111604,0.07571306719983618,0.13525580222989134,0.007502127544353814,-0.008703853250508773,-0.013325463480273051,2.7878164498332986e-10,0.007765955521409397,-0.008794818772308447,-0.012980207243379572,2.7878164498332986e-10,0.005631312052700228,-0.008301193997637612,-0.01528093361535255,2.7878164498332986e-10,0.0,0.0,0.0
6.9,668.7293630277408,-5.7990430568914455,3.475838574888525,-0.0004670402474860317,-0.003590877270381309,0.013990931529308115,0.5957697608949849,-0.5724080945205271,-0.560169883386446,0.06014196905028563,-2215040.133103985,-4582064.6905055195,3856977.984962919,0.6517341968187321,-2.021088357654435,15454.604577409104,0.0,1.190789304641044,-0.2771172240521047,0.019220583277996646,-0.00105402195091259,-0.014222603666651056,0.001989789987987266,-0.0005096472536292638,-0.003498203836406893,0.013917900177930442,295.0694685924128,0.1813499308614491,11278.151072718525,216.65,2.266461326429621,0.005197629215447967,-0.008671399369977302,668.7635391748433,40553.89511189288,9.751876816296118,644.3210529018124,7.005857157507954,179.01385580113327,-54573.03424950162,5007.247821308476,-8777.133701685545,20.599278834511576,-84.29706347170104,-222.47743809038144,-0.8345929359816748,0.07657653120894317,0.13422991567782108,0.007693666888743427,-0.008704545002600306,-0.013126515091681116,2.7878164498332986e-10,0.00784469232889468,-0.008674572407075426,-0.013091976177670063,2.7878164498332986e-10,0.005631312052700228,-0.008301193997637612,-0.01528093361535255,2.7878164498332986e-10,0.0,0.0,0.0
7.0,668.1709588995438,-5.780529540099899,3.4508707027289787,-0.0002608433122275872,-0.003474503769006674,0.013826711465916915,0.5956208345798449,-0.5727959805232233,-0.5598770630363255,0.06064856551741025,-2215016.289074892,-4582016.992501951,3857018.2968668714,0.6517442985542863,-2.0210882185930372,15436.664721319452,0.0,1.1907053245239017,-0.27852947779216736,0.019418173056757873,-0.000864510407307091,-0.014026885503853734,0.002040955108202192,-0.0003033659301631379,-0.0033817935601455833,0.01375382142839754,295.0694685924128,0.18186082743240245,11309.92372728958,216.64999999999998,2.264567991295037,0.00516460641522499,-0.008650942052126418,668.2048737828144,40600.225435206805,9.751932288420544,643.52658436143,7.147482518532982,179.7781728591885,-54655.92064825787,4962.544318872026,-8647.545184668126,-26.089402044105952,360.28330657731937,-48.46557342933968,-0.8358605291042168,0.07589287438354976,0.13224810062255746,0.007600780291210987,-0.008904251392921284,-0.01323852403806923,2.7878164498332986e-10,0.007464706451794489,-0.009012065884457264,-0.013097082310578751,2.7878164498332986e-10,0.005631312052700228,-0.008301193997637612,-0.01528093361535255,2.7878164498332986e-10,0.0,0.0,0.0
7.1000000000000005,667.6126208961527,-5.756907592188629,3.4429830418170253,-0.0004604641629185286,-0.003164546505184915,0.013792529967069592,0.5954741030875829,-0.5731866673665624,-0.5595796131906554,0.061141487284070095,-2214992.4267786075,-4581969.289021177,3857058.4987937855,0.651754387854951,-2.021088076765559,15418.648564509116,0.0,1.1905999234683948,-0.2799252922895414,0.019636014243720853,-0.0011465549804220887,-0.013880029741988115,0.002329683217461712,-0.0005029011328894074,-0.0030717990814755607,0.013719781691404557,295.0694685924128,0.1823738969180305,11341.831515410748,216.64999999999998,2.262675032091835,0.005157111191492044,-0.008622797380067361,667.6463193166585,40646.72887659696,9.751987994167795,642.7312810692254,7.287744017902783,180.5408158156011,-54738.047090058586,4954.209010680892,-8633.68201518973,4.963280632751036,431.74573914273674,-65.09154088755744,-0.8371165001002737,0.07576540136631296,0.13203608926060736,0.007662615692861332,-0.008931897341747257,-0.01318019955122131,2.7878164498332986e-10,0.007610069011871027,-0.008655718528844326,-0.013231209203349187,2.7878164498332986e-10,0.005631312052700228,-0.008301193997637612,-0.01528093361535255,2.7878164498332986e-10,0.0,0.0,0.0
7.2,667.054299970459,-5.731935486333797,3.454307936918536,-0.0004710087217427881,-0.002942842750584237,0.013806410667466198,0.5953339360240948,-0.5735789581171461,-0.5592737981297534,0.0616237971388374,-2214968.5463801883,-4581921.5802244665,3857098.5909973597,0.6517644647319761,-2.0210879321873216,15400.556431012228,0.0,1.190481202792701,-0.28130817451223306,0.01988198637492953,-0.0012218440208465469,-0.013810470511736438,0.0025520668162592633,-0.0005133580146094434,-0.0028500579215038997,0.013733803486770606,295.0694685924128,0.1828891300903926,11373.87386319645,216.64999999999998,2.2607824295883536,0.005178404607022045,-0.008592580194659067,667.0878701016994,40693.400818919305,9.75204393255152,641.9352255949568,7.428315542589237,181.30141754957222,-54819.98673888132,4904.479858754929,-8745.14614621019,-6.555352524121208,119.51618011745877,98.87019307092945,-0.8383696144455678,0.07500488659046198,0.13374072558226952,0.0076530622925263065,-0.008783333994113778,-0.013259201636464548,2.7878164498332986e-10,0.007149204114969337,-0.008827220013100873,-0.013649804371062597,2.7878164498332986e-10,0.005631312052700228,-0.008301193997637612,-0.01528093361535255,2.7878164498332986e-10,0.0,0.0,0.0
7.300000000000001,666.4959632965777,-5.711974769249391,3.476072127502018,-0.0007502073978472617,-0.0027897101717960573,0.013931829441812904,0.5951943912872873,-0.5739773324726504,-0.5589609002927537,0.062099582808196094,-2214944.6477957163,-4581873.866311871,3857138.5728031113,0.651774529087834,-2.0210877848262827,15382.388023449108,0.0,1.1903436891066592,-0.28269116961293345,0.020147768112187665,-0.0015600338545614617,-0.013869836985967818,0.0027517172132291772,-0.000792467081657152,-0.002696886746353851,0.013859363937979865,295.0694685924128,0.1834144843227216,11406.545639638565,216.64999999999998,2.2588901065246074,0.0052153963445609065,-0.008569830229094919,666.5295033408747,40742.00419218574,9.752100104483924,641.1385004203487,7.569561806796547,182.05958652048525,-54904.46533416183,4871.418298307023,-8823.76108938793,-16.40372056993984,111.72711979503563,201.45185094978302,-0.8396615572490488,0.07449927158880745,0.134942994745805,0.007547913378916813,-0.008839283206092988,-0.013325161958904035,2.7878164498332986e-10,0.007906014381666202,-0.008684704420283492,-0.013148985383878018,2.7878164498332986e-10,0.005631312052700228,-0.008301193997637612,-0.01528093361535255,2.7878164498332986e-10,0.0,0.0,0.0
7.4,665.9376141887236,-5.69989644164746,3.4979840297307523,-0.0007678386673072866,-0.0029520963525052043,0.014040785891764445,0.5950513536580195,-0.5743829248227273,-0.5586435340903224,0.0625742170197332,-2214920.731152076,-4581826.147577334,3857178.4450780544,0.6517845810004772,-2.0210876346796622,15364.144119636156,0.0,1.1901900898281754,-0.28408417635355887,0.02042212591620141,-0.0015500131867982568,-0.014031031978921787,0.0026402518846690847,-0.0008100074738881437,-0.0028592327196761834,0.013968463344535003,295.0694685924128,0.18394227377076042,11439.368862130535,216.65,2.256997976698432,0.005252671999137958,-0.008558877752425307,665.9711935985573,40790.82072447313,9.752156507591614,640.3410456648909,7.71274108505817,182.8154246321228,-54988.33685233037,4875.10425139886,-9009.460447953867,-8.706167411686339,-421.8927049883823,170.14576093803745,-0.8409442159385675,0.07455564137757056,0.13778292063606964,0.0075697516358938476,-0.008584877342225584,-0.013294601845147004,2.7878164498332986e-10,0.007874999831214945,-0.008431267474602206,-0.013079904842894736,2.7878164498332986e-10,0.005631312052700228,-0.008301193997637612,-0.01528093361535255,2.7878164498332986e-10,0.0,0.0,0.0
7.5,665.3793700401326,-5.694070203367423,3.4997078836023725,-0.0005071524636923817,-0.003235731789497853,0.0141046858280223,0.5949010754816891,-0.5747887330275755,-0.5583313204216276,0.06306146502527457,-2214896.796331934,-4581778.42429323,3857218.2076028655,0.6517946204243288,-2.0210874817033204,15345.824738495052,0.0,1.1900475852867674,-0.28549732127963084,0.020673029091942557,-0.001223419596968597,-0.0141955165083897,0.0023938389524576,-0.0005492315375988597,-0.003142827889533632,0.014032507159721696,295.0694685924128,0.18447224675022827,11472.3278784285,216.65,2.2551060263129936,0.005259669549439773,-0.008557302364746002,665.4129368037227,40839.79201503462,9.75221314182027,639.5427103837887,7.8569343220018935,183.56948784306928,-55073.26086188644,4924.889360466626,-8994.979948917471,21.993676502241286,-200.52757979131485,-42.98465774274547,-0.8422429705239676,0.07531701191370518,0.13756146836808666,0.007729750609635802,-0.00871383765365213,-0.013127679064138685,2.7878164498332986e-10,0.007956957627404537,-0.007893472698204914,-0.01311048042550188,2.7878164498332986e-10,0.005631312052700228,-0.008301193997637612,-0.01528093361535255,2.7878164498332986e-10,0.0,0.0,0.0
7.6000000000000005,664.8212450332497,-5.68865182470069,3.4877204597374947,-0.0004959798310877295,-0.0034394539044385352,0.01412495832795232,0.5947517270091126,-0.5751865694197558,-0.5580238503452203,0.06356229107354558,-2214872.843381864,-4581730.696607515,3857257.860290075,0.6518046473341266,-2.021087325892752,15327.42994657997,0.0,1.1899353875282292,-0.2869198971724787,0.02090434377650357,-0.0011626252830701086,-0.014289924230271377,0.0022072658135416853,-0.0005379704182129506,-0.0033465116865421547,0.014052922212485696,295.0694685924128,0.1850044013357374,11505.422568792605,216.65,2.253214247382346,0.005246054470202298,-0.008556337159625874,664.8547305999622,40888.91544931359,9.752270006970646,638.7433542683827,8.000893836258186,184.32231550931513,-55158.94925747206,4896.716056941631,-9033.876353722271,-16.50132699214118,-427.08277623968013,100.25311400486414,-0.8435534149702925,0.07488615369904683,0.13815631644885773,0.007620459940807431,-0.008550106247505322,-0.013255784041216606,2.7878164498332986e-10,0.007928662639176725,-0.008632903627189834,-0.013171115254633643,2.7878164498332986e-10,0.005631312052700228,-0.008301193997637612,-0.01528093361535255,2.7878164498332986e-10,0.0,0.0,0.0
7.7,664.2631785890362,-5.688274224039839,3.465350156179232,-0.0009944509151160327,-0.0034478015476336224,0.014252320790561723,0.594588505833417,-0.5755944730088197,-0.5577199688715064,0.06406195721861842,-2214848.8724047644,-4581682.96465873,3857297.4030338977,0.651814661700796,-2.021087167254223,15308.959812077694,0.0,1.1897969898406946,-0.2883557826191694,0.02112225891859549,-0.001676677268861181,-0.014411085477922319,0.002251678570978255,-0.0010363532974797453,-0.003354818916890137,0.014180430751057481,295.0694685924128,0.18553873555466907,11538.652810545711,216.64999999999998,2.251322629715202,0.0052167858034068695,-0.00856295814145315,664.296571980138,40938.18832696979,9.75232710283832,637.9430479009394,8.143575619615273,185.0736977239031,-55245.861315491995,4879.218550530698,-8881.081481442172,-18.90135791276376,171.5994890912484,210.04576944491868,-0.8448825730549143,0.07461856192137338,0.13581960340343352,0.007507755780052644,-0.008837603922112375,-0.013375701051672793,2.7878164498332986e-10,0.007673708919587501,-0.00900554531110685,-0.013164773038700167,2.7878164498332986e-10,0.005631312052700228,-0.008301193997637612,-0.01528093361535255,2.7878164498332986e-10,0.0,0.0,0.0
7.800000000000001,663.7050310666657,-5.696190900843146,3.4523237572779863,-0.0010744304828767465,-0.003278183226760438,0.014365312574062252,0.5944189703690984,-0.5760155308645535,-0.557409260747051,0.06455308828007986,-2214824.883725991,-4581635.228542424,3857336.836523261,0.6518246635888454,-2.021087005837033,15290.414931479841,0.0,1.1896217062332162,-0.28979921268765035,0.02135781236327605,-0.0018202228030144566,-0.014452611095384633,0.0024635391923403444,-0.0011162422963831454,-0.0031851577038595094,0.014293571095931885,295.0694685924128,0.1860796269294961,11572.290841783173,216.64999999999998,2.2494311448627644,0.005201546560851945,-0.008582086516761445,663.7384525498786,40988.57197704435,9.752384427604797,637.1416543835121,8.285216491165171,185.8240872627111,-55333.116039736604,4913.801886332983,-8845.378435033575,6.857358132101976,295.4558360418926,119.55405342969523,-0.8462169715813486,0.07514744964330781,0.13527359179283827,0.0075984113800438725,-0.00887888378111546,-0.013341977586431993,2.7878164498332986e-10,0.0075948157075698,-0.008787728368758338,-0.013366496075335027,2.7878164498332986e-10,0.005631312052700228,-0.008301193997637612,-0.01528093361535255,2.7878164498332986e-10,0.0,0.0,0.0
7.9,663.1467886712257,-5.707341824106187,3.4535678724632257,-0.000698363386592066,-0.0030631201489448767,0.014366221644724009,0.5942595263368731,-0.5764338592695329,-0.5570895753920515,0.06504470439054576,-2214800.8772931816,-4581587.488335756,3857376.159761965,0.6518346528698356,-2.021086841625231,15271.794735165313,0.0,1.189456002149038,-0.29124089839508494,0.02161663577180475,-0.0015084552862220967,-0.014373144784054626,0.002675941951375619,-0.0007400824030714346,-0.002970052846885278,0.014294626455758684,295.0694685924128,0.18662683978990002,11606.322006169363,216.64999999999998,2.2475396854851826,0.005207801213513042,-0.00860612404759939,663.1803406364714,41040.00389984751,9.752441983015013,636.3390930958088,8.426849469495927,186.57357763552923,-55421.1616038394,4968.213116955706,-8876.235114702113,6.478347578497133,268.39847580016516,-42.08783955734652,-0.8475634645307558,0.07597956809411961,0.1357454872487785,0.007693427523653751,-0.008871411453595553,-0.01326344785467883,2.7878164498332986e-10,0.00788538178620294,-0.008933910980013492,-0.012896329396413069,2.7878164498332986e-10,0.005631312052700228,-0.008301193997637612,-0.01528093361535255,2.7878164498332986e-10,0.0,0.0,0.0
8.0,662.5884955045727,-5.714744914598087,3.470543007134669,-0.000518655013375824,-0.0027573293318216533,0.014276506716381704,0.5941132883807454,-0.576844566162619,-0.5567629009438676,0.06553477026863865,-2214776.853245593,-4581539.744212077,3857415.3733364176,0.6518446295965269,-2.021086674628538,15253.099748727866,0.0,1.1893071104417856,-0.29266998521077353,0.021897339426566555,-0.0014087720226278145,-0.014175768854165237,0.002940948555382337,-0.0005602798378154064,-0.002664222240972607,0.014205054800145821,295.0694685924128,0.1871762505926028,11640.48986057345,216.65,2.2456482244589058,0.005237807919897418,-0.008624545809257103,662.6222282365846,41091.57133927652,9.752499767467134,635.5354105177809,8.568809984755301,187.32197773812163,-55509.28976038746,5014.728821002625,-8924.282291360701,5.111977868301342,357.32261278334056,-178.94843325553887,-0.8489112205778143,0.07669093916856427,0.13648027934499565,0.00772177267857481,-0.008972920179932412,-0.013202013715141047,2.7878164498332986e-10,0.007818902620461466,-0.008839876653912967,-0.013032553196954184,2.7878164498332986e-10,0.005631312052700228,-0.008301193997637612,-0.01528093361535255,2.7878164498332986e-10,0.0,0.0,0.0
8.1,662.0301893836458,-5.712644355873688,3.5045060101430145,-0.000662806483468767,-0.002563193343285673,0.014146921763422131,0.5939780878664349,-0.5772489921889904,-0.5564310627240292,0.0660158451251591,-2214752.8115721643,-4581491.996354832,3857454.4771476155,0.6518545937415557,-2.0210865048292197,15234.330037173815,0.0,1.189162239333385,-0.294076408256506,0.02220038634485083,-0.0015977481263917167,-0.013982911772832273,0.0030822601669128827,-0.0007043364257841172,-0.0024700477410435047,0.01407561114387338,295.0694685924128,0.18772785742718998,11674.794286186774,216.65,2.243756748190189,0.005293524876284599,-0.00862864358053321,662.0641113391193,41143.27145159247,9.752557780766603,634.7308011439637,8.712273220871964,188.06855849512817,-55597.301288025345,5011.270446220628,-9099.35322574595,-19.28764432763503,33.23548418711789,-125.93251297875727,-0.8502571930028716,0.07663804976626651,0.13915766327907614,0.007594063169336404,-0.008881321849605972,-0.013274255820764613,2.7878164498332986e-10,0.007603055704814935,-0.007947533952927119,-0.013136912344124544,2.7878164498332986e-10,0.005631312052700228,-0.008301193997637612,-0.01528093361535255,2.7878164498332986e-10,0.0,0.0,0.0
8.200000000000001,661.4719708444715,-5.70078240001809,3.5356829727145143,-0.0006342048815859468,-0.0027380154966872945,0.013972468413151733,0.5938389122498069,-0.5776535750831618,-0.5561033522093066,0.06648864537288142,-2214728.752114397,-4581444.245056668,3857493.4708812893,0.6518645452474598,-2.021086332174114,15215.485562066548,0.0,1.1890038333771025,-0.2954698115145398,0.022498616993459824,-0.0015050788194036998,-0.013885805918031832,0.0028484469996321034,-0.0006756414326975073,-0.0026448307012289676,0.013901300676063794,295.0694685924128,0.18828166142324196,11709.235353257936,216.65,2.2418652399134236,0.005345123386322209,-0.008617991516174369,661.505984997056,41195.10194435508,9.75261602303437,633.9254061556084,8.858352847227485,188.81277474926134,-55685.51368091602,5030.615188298753,-9255.984080688402,-4.4153554420672085,-219.59194438243597,-212.69818152393748,-0.8516062372879302,0.0769338915736503,0.1415530405361678,0.007638846110777647,-0.008817286221720419,-0.013195148117405795,2.7878164498332986e-10,0.008122695680401845,-0.008784374470844424,-0.013050992995572516,2.7878164498332986e-10,0.005631312052700228,-0.008301193997637612,-0.01528093361535255,2.7878164498332986e-10,0.0,0.0,0.0
8.3,660.9139289321015,-5.677430312503388,3.5495213839966895,-0.0007249652357413165,-0.0030573901836045605,0.013826172849484437,0.5936929325781954,-0.5780528143248822,-0.5557873950760509,0.06696271123626277,-2214704.6749386787,-4581396.490639216,3857532.355515855,0.6518744842061935,-2.021086156647367,15196.567167745903,0.0,1.1888519152542611,-0.2968561349568579,0.022767541553684417,-0.0014932161020645579,-0.013868796511758352,0.0024850131078779244,-0.0007663117419089353,-0.002964166747954666,0.013755149303893153,295.0694685924128,0.18883923672575992,11743.91095785477,216.64999999999998,2.239973685265436,0.005370574143150086,-0.008589936674119692,660.9478449722608,41247.40419833189,9.75267449169383,633.1192333015439,9.005785589847019,189.5546759049906,-55775.16780354831,5003.180977328004,-9392.032839672758,-2.692565019246507,-588.8069768904392,-135.0037639702131,-0.852977330144678,0.07651433640331216,0.14363365296241298,0.007630430129283915,-0.008641003155894946,-0.013211057420655217,2.7878164498332986e-10,0.0073565068798653165,-0.008633305830094007,-0.013375579819360618,2.7878164498332986e-10,0.005631312052700228,-0.008301193997637612,-0.01528093361535255,2.7878164498332986e-10,0.0,0.0,0.0
8.4,660.3560670469913,-5.647027514979106,3.5329824883843117,-0.0006488575698273981,-0.0035651748214308894,0.01373987841245067,0.5935331936085896,-0.5784487354182051,-0.5554876832583311,0.06744501746388507,-2214680.579925687,-4581348.733347467,3857571.130372401,0.6518844105172739,-2.0210859782068216,15177.57457399927,0.0,1.1887084775575372,-0.2982489812233312,0.022989326448295145,-0.0012665459092412975,-0.013977837490563519,0.0019616597997280704,-0.0006901181751731507,-0.003471912911135629,0.013669001495623556,295.0694685924128,0.18940624010011414,11779.172894180476,216.64999999999998,2.2380819863354726,0.0053500663599344,-0.008551157987350944,660.3896623742596,41301.40443346355,9.752733187604614,632.3122591930065,9.15381610969644,190.2942728420411,-55868.552302398166,4976.06541094612,-9336.959095027332,4.502210162492399,-385.508685408526,-89.59111120401735,-0.8544054721591746,0.07609965430859854,0.14279140259332065,0.007682729848987981,-0.00870520620375404,-0.01317806351641174,2.7878164498332986e-10,0.008003740651311132,-0.008724920825987905,-0.01303911103725797,2.7878164498332986e-10,0.005631312052700228,-0.008301193997637612,-0.01528093361535255,2.7878164498332986e-10,0.0,0.0,0.0
8.5,659.7982776153036,-5.612095499298569,3.4990336676118834,-0.0006684890125219807,-0.0036302148346022437,0.013729116772483996,0.5933699311547276,-0.5788363411000522,-0.5551981203691406,0.06793859272634827,-2214656.4673116384,-4581300.973322764,3857609.7958668824,0.6518943242109158,-2.021085796882089,15158.508213671856,0.0,1.1885910367664023,-0.2996464323352716,0.02317937342789753,-0.001269613306113187,-0.013992012013989736,0.001896953058668874,-0.0007096661266046248,-0.003536916485248341,0.01365838614328081,295.0694685924128,0.18997544569606986,11814.57178665389,216.65,2.2361900929817393,0.005303137314603625,-0.008505449990638219,659.8314224077401,41355.51787387575,9.752792109447935,631.5042090872463,9.29937105892656,191.03259691319286,-55963.18503970275,4911.167122563235,-9184.704331990106,-17.624668764342648,62.290124548850976,104.1310277188891,-0.8558527036564363,0.07510715583775986,0.14046294951300484,0.007619269386091989,-0.008868847528419115,-0.0132570438888304,2.7878164498332986e-10,0.0074815461592053455,-0.009083695055611228,-0.013458665990428359,2.7878164498332986e-10,0.005631312052700228,-0.008301193997637612,-0.01528093361535255,2.7878164498332986e-10,0.0,0.0,0.0
8.6,659.2403631608219,-5.581383240258982,3.4700420609208695,-0.0007750975788099094,-0.0035182381954100192,0.01381310418375913,0.5932020291724919,-0.5792311359793365,-0.5549057370652715,0.06842702251279054,-2214632.3373392345,-4581253.210616576,3857648.3516557403,0.651904225230043,-2.0210856127116177,15139.367996732704,0.0,1.1884518873849808,-0.3010473143955032,0.02337692921943172,-0.0014215378564496396,-0.0140280276429793,0.0020415037379154003,-0.000816189979799565,-0.0034249022498841395,0.01374252144226407,295.0694685924128,0.19054685620140405,11850.10780242784,216.65,2.234297994943847,0.005263649205618543,-0.008466066229279453,659.2731220451744,41409.74277450176,9.752851257502861,630.6951774340806,9.443079552198032,191.7692958003736,-56056.98331123309,4892.568533802665,-9137.279336976933,3.7812641000514313,39.432749688862316,100.22567242461294,-0.8572871735535764,0.07482272505592291,0.1397376725264623,0.007659718716580361,-0.008784071136132972,-0.013194605471992514,2.7878164498332986e-10,0.008023151981872135,-0.008859067658910948,-0.012979056951450314,2.7878164498332986e-10,0.005631312052700228,-0.008301193997637612,-0.01528093361535255,2.7878164498332986e-10,0.0,0.0,0.0
8.700000000000001,658.6822914860229,-5.558205632016369,3.446360787164359,-0.0008579109709367196,-0.0034505376652083815,0.013961470109549458,0.5930336510258316,-0.5796307697590016,-0.5546079459614455,0.06891499715661904,-2214608.1902246773,-4581205.445359506,3857686.7979297037,0.6519141135785271,-2.0210854257223994,15120.15420477651,0.0,1.1883029863103827,-0.3024558950221788,0.02358602373525722,-0.0015448339572775162,-0.0141402367946794,0.0021684854529746677,-0.000898916911888528,-0.0033571635319313417,0.013891035597093333,295.0694685924128,0.19112046320941117,11885.780418689368,216.64999999999998,2.2324056804733474,0.0052321572677324,-0.008438055356546159,658.7147578199543,41464.07492461658,9.752910630912776,629.8852103513644,9.585944514883726,192.50417101311103,-56151.03041809777,4855.0437268714,-9090.410733489456,-3.801465781039562,84.12054150134314,209.56545133532452,-0.8587254489237881,0.07424885301051441,0.13902090451222401,0.007628197234717262,-0.008750052694239185,-0.013242638878388715,2.7878164498332986e-10,0.007699356827584734,-0.008951713143834588,-0.013394682103924213,2.7878164498332986e-10,0.005631312052700228,-0.008301193997637612,-0.01528093361535255,2.7878164498332986e-10,0.0,0.0,0.0
8.8,658.1239904167487,-5.547079300772068,3.4340755760630883,-0.0009444402756572139,-0.00321067861883999,0.014157755729152245,0.5928647172101722,-0.5800397545425797,-0.5543004027969777,0.06940003443288399,-2214584.026154556,-4581157.677676969,3857725.134698962,0.6519239892393927,-2.0210852359366314,15100.866995898075,0.0,1.1881333820515165,-0.30387556550552075,0.02381780200947216,-0.001728041108281884,-0.014232536396931872,0.0024820643611695053,-0.00098535670020049,-0.0031172649540365934,0.014087470136944611,295.0694685924129,0.19169626200034176,11921.589341917273,216.65,2.2305131376226024,0.005217929234812201,-0.008428309133444625,658.1563262066968,41518.510917038904,9.75297022919844,629.0742136984666,9.727570524710588,193.23754819346433,-56244.5828296119,4866.167860649472,-9059.345817664414,20.673286572657478,193.92748000096037,145.398741012789,-0.8601561588498072,0.07441897592190774,0.1385458244720358,0.007694116087403202,-0.008784894835613207,-0.013186327244399358,2.7878164498332986e-10,0.007696999747116127,-0.009545422409818908,-0.013044882596073058,2.7878164498332986e-10,0.005631312052700228,-0.008301193997637612,-0.01528093361535255,2.7878164498332986e-10,0.0,0.0,0.0
8.9,657.5654495759063,-5.546624542755041,3.4333772219336907,-0.0009080023963715483,-0.00311408083741112,0.014307925288938672,0.5927009795331729,-0.5804527441625923,-0.5539820648162121,0.06988579349214318,-2214559.845254286,-4581109.907718351,3857763.36201824,0.6519338522016968,-2.0210850433636387,15081.506551209837,0.0,1.1879595945344315,-0.30530424431399206,0.024074410352313075,-0.0017419562489836274,-0.014335461149072802,0.0026386353164627443,-0.0009488263696715896,-0.0030206273131806343,0.014237787690483018,295.0694685924128,0.1922829979235817,11958.078445335494,216.64999999999998,2.228620292317263,0.005221299300148001,-0.00843477619253748,657.5978053483225,41574.93695115371,9.753030051810406,628.2621775094635,9.869649773793759,193.969308582216,-56340.19401889684,4888.730866022675,-9107.415232963198,21.238253300820375,65.95565225484356,75.81236306702714,-0.8616183539480896,0.07476403507351913,0.13928095666684318,0.007703035551806501,-0.008715194081156428,-0.013161698846033519,2.7878164498332986e-10,0.007517494462159153,-0.00847600302884987,-0.013438678819361002,2.7878164498332986e-10,0.005631312052700228,-0.008301193997637612,-0.01528093361535255,2.7878164498332986e-10,0.0,0.0,0.0
9.0,657.0067151061049,-5.55179385765432,3.43881857237207,-0.0007941806525240535,-0.002997828740930243,0.014372024144705344,0.5925433869933069,-0.5808642612587746,-0.5536572089279885,0.07037565388924134,-2214535.647575498,-4581062.13567476,3857801.4799864693,0.6519437024594879,-2.0210848479961205,15062.07308297325,0.0,1.1877957027660602,-0.30673853820179703,0.024344592097412094,-0.0016745236763108682,-0.01435118040761674,0.002780627022471642,-0.0008349105108601531,-0.002904336106528133,0.014302032975866784,295.0694685924128,0.19287235868572594,11994.730787468856,216.65,2.226727060725687,0.005234021344268924,-0.008449815738816969,657.0391705086738,41631.5440999503,9.753090098104003,627.4489783833415,10.012044813733588,194.69977950740954,-56436.2593611001,4900.7945868326615,-9124.195985102835,-7.213741086823847,177.77012639126676,80.97303509281213,-0.8630874944695595,0.07494852721891898,0.13953758702263705,0.007639640987680087,-0.008794617579318775,-0.013212616468652443,2.7878164498332986e-10,0.00740512305800058,-0.009105635031071889,-0.013357155982877556,2.7878164498332986e-10,0.005631312052700228,-0.008301193997637612,-0.01528093361535255,2.7878164498332986e-10,0.0,0.0,0.0
9.1,656.4477758020674,-5.561273387699561,3.4539114806243183,-0.000930819609636553,-0.002798162320067464,0.014443393142498276,0.5923865481765727,-0.5812809877437382,-0.553325741998285,0.0708604725580342,-2214511.433121605,-4581014.361718449,3857839.4882431794,0.6519535399531342,-2.021084649819857,15042.566494543105,0.0,1.1876160071079314,-0.3081739296412129,0.024632897746769626,-0.0018835467644327873,-0.014342368778635026,0.0030070418659192415,-0.0009714535299178427,-0.002704629732775095,0.014373548862612072,295.0694685924128,0.19346393697139597,12031.521037376497,216.65,2.224833431393386,0.005261468979367534,-0.008471448273292423,656.4804183078808,41688.24172907564,9.753150368378542,626.6347052769996,10.154708900211435,195.42866009996638,-56532.22528434553,4931.262985996087,-9140.00401250003,10.779624179731528,422.159466038263,21.3574743187242,-0.8645551145632017,0.07541448464756785,0.1397793413648491,0.007686086642481256,-0.008973466597896414,-0.013212045681456916,2.7878164498332986e-10,0.007616212007622624,-0.008199560711869978,-0.013085317839678545,2.7878164498332986e-10,0.005631312052700228,-0.008301193997637612,-0.01528093361535255,2.7878164498332986e-10,0.0,0.0,0.0
9.200000000000001,655.8886758048749,-5.569729145383319,3.478167208829471,-0.0006430754944603051,-0.0027475065881188256,0.014369120704052758,0.5922374994734559,-0.5816943674152748,-0.5529886261518951,0.07134408911619054,-2214487.2019479163,-4580966.586059339,3857877.38709571,0.6519633647009067,-2.0210844488265907,15022.987139360048,0.0,1.1874434439215078,-0.30960352470006436,0.02493754201354584,-0.001607181248439144,-0.01425416591952305,0.0030312646209216866,-0.0006836124041374742,-0.002653934858957228,0.01429942172318835,295.0694685924128,0.19405772206176156,12068.448528454439,216.65,2.222939395200088,0.005302934375546463,-0.008491558350412763,655.9215460548295,41745.025204210266,9.753210861557932,625.8192978537993,10.29901529061914,196.15607281923934,-56627.36751105889,4973.917188626745,-9307.457771364712,4.517885254628089,31.966709863007793,-90.67050747022391,-0.8660101377522277,0.07606680124852364,0.14234023478362245,0.007741028444623248,-0.008824079212892206,-0.013168303577003286,2.7878164498332986e-10,0.007413635587401525,-0.008546585116236086,-0.01337865590118052,2.7878164498332986e-10,0.005631312052700228,-0.008301193997637612,-0.01528093361535255,2.7878164498332986e-10,0.0,0.0,0.0
9.3,655.3295166817541,-5.571661898232649,3.500613468508941,-0.0005708930205432761,-0.002809395484035714,0.014285301273508782,0.5920942541294258,-0.582098914565861,-0.5526532124532397,0.07183083300640129,-2214462.9540001573,-4580918.808956084,3857915.176641438,0.651973176695253,-2.021084244984502,15003.335240447894,0.0,1.1872919918532527,-0.3110250431691766,0.02523860237235756,-0.001511619856914028,-0.014199274094365352,0.0029417779077965515,-0.0006113338579639814,-0.002715786364454443,0.014215745904047832,295.0694685924129,0.19465370719315683,12105.512840070332,216.65,2.221044942548535,0.0053417099092788545,-0.008501750688580152,655.3625509176624,41801.89073873287,9.753271576964483,625.0029168810224,10.444763292091649,196.8815093656369,-56723.00745050578,4999.59436314289,-9449.291994743513,8.654701944121287,-247.50623551414236,-151.90458464349385,-0.8674727725307002,0.076459485818144,0.14450932511441114,0.007780922802784231,-0.008730071726681205,-0.013145158938322743,2.7878164498332986e-10,0.0077955074057626025,-0.009039596729161685,-0.01306376956273036,2.7878164498332986e-10,0.005631312052700228,-0.008301193997637612,-0.01528093361535255,2.7878164498332986e-10,0.0,0.0,0.0
9.4,654.7703287626277,-5.56629517681435,3.513604379392083,-0.0005901835840485748,-0.0029198178329528568,0.014159178744370107,0.5919467092074933,-0.5825007721904085,-0.5523242979157095,0.07231739821014359,-2214438.68917966,-4580871.030661687,3857952.8564693956,0.6519829758675463,-2.0210840382543998,14983.610692983493,0.0,1.187142065225404,-0.3124418591739794,0.025523741714604663,-0.0014875870646207869,-0.014123352777701721,0.002788235952428989,-0.0006305302055600947,-0.0028261715523260076,0.01408976796498057,295.0694685924128,0.1952597738268082,12143.204120248854,216.64999999999998,2.2191500132789725,0.0053661115967811295,-0.00850081427333434,654.8034151450723,41860.52375611559,9.753332514922128,624.1854909633335,10.591564809560431,197.60515556260313,-56821.971732369944,5009.497713908771,-9481.644453385597,3.797033636213054,-97.4493355803635,-169.4657119394074,-0.8689862469360397,0.07661093912664002,0.14500409572439552,0.007754924744957541,-0.008845559505951695,-0.013143181428763032,2.7878164498332986e-10,0.007504452650431131,-0.00876605769402968,-0.013405574515360135,2.7878164498332986e-10,0.005631312052700228,-0.008301193997637612,-0.01528093361535255,2.7878164498332986e-10,0.0,0.0,0.0
9.5,654.2110674572901,-5.552246859779049,3.522422314167765,-0.0005098232098801928,-0.002968953437384782,0.014025900577427496,0.5917977791020915,-0.5828986138482176,-0.5520004315141199,0.07280184224345616,-2214414.4075582577,-4580823.251382273,3857990.42676983,0.6519927622210894,-2.0210838286312702,14963.81378236413,0.0,1.186994931687978,-0.31384904021140597,0.02579879194953547,-0.0013809758739036764,-0.01401789981423393,0.0026914146202200056,-0.0005500771367599931,-0.0028752706387816834,0.013956634762800332,295.0694685924128,0.19586967304826708,12181.133749039293,216.65,2.217254510565373,0.005384177143622386,-0.008486608319220774,654.244110166655,41919.57258582995,9.75339367456258,623.3670035003505,10.738718802671663,198.32701781242253,-56921.70517112598,5005.309829445972,-9528.882439822019,2.622203598710131,-79.42184294275465,-157.97674659016602,-0.870511484163759,0.07654689323222667,0.14572651276299356,0.007778016541480029,-0.008879168266088365,-0.013130491534747043,2.7878164498332986e-10,0.007486127195856413,-0.008698943729538838,-0.013320547807921298,2.7878164498332986e-10,0.005631312052700228,-0.008301193997637612,-0.01528093361535255,2.7878164498332986e-10,0.0,0.0,0.0
9.600000000000001,653.6517336027766,-5.53335409196125,3.520307296507778,-0.0010927429885090895,-0.0032308623257193427,0.01405109581324481,0.5916401323157865,-0.5832981066308838,-0.5516835592162378,0.07328378363329051,-2214390.109225106,-4580775.471358135,3858027.8879107153,0.6520025357776998,-2.021083616110243,14943.944932278246,0.0,1.1868368492077543,-0.31525427666321576,0.026056660883740156,-0.0018924155471653431,-0.014139087858841715,0.0024495707569656177,-0.0011329059824768711,-0.003137142282378885,0.013981977181167319,295.0694685924128,0.19648178856627171,12219.201209298135,216.64999999999998,2.215358424280911,0.005385548727224472,-0.008464969032382723,653.6846329942935,41978.68773672458,9.753455054594653,622.5477429080344,10.88662184056507,199.04617548969455,-57022.104389650434,4942.620882493038,-9600.745547799803,-18.408308249892745,-326.1789432344599,89.41202812442367,-0.8720469032532585,0.07558818252444655,0.14682552518003714,0.007570597218945436,-0.00873707639029868,-0.013307611279959566,2.7878164498332986e-10,0.007813407838857134,-0.00889328710871663,-0.012974816758211865,2.7878164498332986e-10,0.005631312052700228,-0.008301193997637612,-0.01528093361535255,2.7878164498332986e-10,0.0,0.0,0.0
9.700000000000001,653.0922935069723,-5.516664976558258,3.50185380918125,-0.0008122497509243381,-0.0033836416544092574,0.014036467110377801,0.5914675597777791,-0.5837049097955019,-0.5513738114243272,0.07376729222233457,-2214365.7942410437,-4580727.690816242,3858065.239782382,0.6520122965019417,-2.021083400682575,14924.004257263616,0.0,1.1866602398902173,-0.31667261745856673,0.026291370322825837,-0.00156812360742115,-0.014182494220443992,0.002298606090103095,-0.0008523230616429097,-0.003289882739909009,0.01396749918226948,295.0694685924128,0.19709611685216558,12257.406281578245,216.64999999999998,2.2134617444931663,0.0053619071675519965,-0.008446669074086055,653.1249806972336,42037.86607094478,9.753516654671705,621.7273335241231,11.033930122455356,199.76387668988556,-57123.01105920907,4965.672654916297,-9501.249929378833,9.074618342396397,64.31227169386968,-39.2048943493533,-0.8735900828613786,0.07594071645793375,0.14530392497148675,0.007737837992417074,-0.0088992580122853,-0.013171825281439944,2.7878164498332986e-10,0.007775548283527493,-0.008345605497440439,-0.013074659968271361,2.7878164498332986e-10,0.005631312052700228,-0.008301193997637612,-0.01528093361535255,2.7878164498332986e-10,0.0,0.0,0.0
9.8,652.5326972225029,-5.496199906482118,3.4854545560942607,-0.0003974536857303559,-0.0032730949347406814,0.013950083137555747,0.5913054203749027,-0.5840995855304403,-0.5510636681943516,0.07425897211220284,-2214341.462756737,-4580679.909846831,3858102.4821476787,0.6520220443504768,-2.021083182367117,14903.991727720015,0.0,1.1865191939136959,-0.3180862574729175,0.026525170164615003,-0.0011804284517826238,-0.014060782517119567,0.002375675225523754,-0.00043743746584372947,-0.003179300193205076,0.01388126263879487,295.0694685924128,0.19771265881786632,12295.74902259179,216.64999999999998,2.211564466740759,0.0053413743462493715,-0.008422553477426872,652.5651519590585,42097.1056095371,9.753578474888448,620.9056457252399,11.179904954808885,200.4805616203538,-57223.85675839383,4976.905229907401,-9459.229994153126,8.145092771943013,183.13206028226978,-127.34835000621482,-0.875132330041166,0.07611249777574723,0.14466130830939225,0.007830777669868843,-0.0089242323082696,-0.013064495981115557,2.7878164498332986e-10,0.007477796975419525,-0.00839811549654882,-0.013546465974065298,2.7878164498332986e-10,0.005631312052700228,-0.008301193997637612,-0.01528093361535255,2.7878164498332986e-10,0.0,0.0,0.0
9.9,651.9729210083101,-5.472475014548372,3.4716944430970753,-0.0006557270355039764,-0.003369358456026333,0.013975337844652639,0.5911473178318978,-0.5844897550684505,-0.5507530626923723,0.07475040781881653,-2214317.114924533,-4580632.12859929,3858139.615084422,0.6520317793141047,-2.0210829611779557,14883.90754808113,0.0,1.1863868274373728,-0.3194932235770421,0.02676168891584943,-0.0014163883603564695,-0.014120117986899225,0.0022948116126137426,-0.0006956213761876166,-0.0032755289292928477,0.013906663779973962,295.0694685924128,0.19833926661068904,12334.717757331458,216.64999999999998,2.2096665363055203,0.005324855556001021,-0.008393399090210857,652.0051306341073,42158.07127849203,9.75364051462409,620.0830702422594,11.325972103547882,201.19489485197045,-57327.15655222358,4926.630292007745,-9505.389588900342,-5.9029736357847815,-98.26218292862053,44.336617976692565,-0.8767121080286702,0.07534363621976085,0.14536723335522486,0.007729667149575993,-0.008737182070272185,-0.013159211192979367,2.7878164498332986e-10,0.007808603942297253,-0.009249636903898776,-0.013044604936999781,2.7878164498332986e-10,0.005631312052700228,-0.008301193997637612,-0.01528093361535255,2.7878164498332986e-10,0.0,0.0,0.0
10.0,651.4129254491721,-5.452756707916958,3.45090645525832,-0.0008744233154547805,-0.003427140038346142,0.014065951553795268,0.5909791692580829,-0.5848872411276318,-0.5504446626963195,0.07524091756960705,-2214292.750932733,-4580584.34728731,3858176.63915887,0.6520415014375321,-2.0210827371300417,14863.752277623862,0.0,1.18623510053229,-0.3209099423762478,0.02698963024569841,-0.0016326589110455649,-0.014225584277662594,0.002277621772338441,-0.0009142282658825313,-0.003333274294731289,0.013997426508572408,295.0694685924128,0.1989700485559049,12373.9460825825,216.64999999999998,2.207767852339988,0.005297521800079591,-0.008370347960419551,651.4448869653728,42219.498451432926,9.75370277217303,619.2594440642271,11.471254176150541,201.90735469422583,-57431.55073821775,4893.578724717382,-9458.310260991813,-6.965861324513046,-7.931157650956159,151.63442430775962,-0.8783086227064131,0.07483817404484226,0.14464724270336585,0.007683259399962537,-0.00873228744384764,-0.01321286652556141,2.7878164498332986e-10,0.007671101497059921,-0.008567191068566184,-0.013165256552762846,2.7878164498332986e-10,0.005631312052700228,-0.008301193997637612,-0.01528093361535255,2.7878164498332986e-10,0.0,0.0,0.0
