t_s,u_b_mps,v_b_mps,w_b_mps,p_b_rps,q_b_rps,r_b_rps,q0,q1,q2,q3,x_e_m,y_e_m,z_e_m,lat_rad,long_rad,h_m,m_fuel_kg,phi_rad,theta_rad,psi_rad,phi_dot_rps,theta_dot_rps,psi_dot_rps,p_nb_rps,q_nb_rps,r_nb_rps,cs_mps,rho_kgpm3,p_kgpms2,T_K,mach,alpha_rad,beta_rad,true_airspeed_mps,qbar_kgpms2,g_mag_mps2,u_n_mps,v_n_mps,w_n_mps,Fx_b_kgmps2,Fy_b_kgmps2,Fz_b_kgmps2,l_b_kgm2ps2,m_b_kgm2ps2,n_b_kgm2ps2,n_x,n_y,n_z,dela_ach_rad,dele_ach_rad,delr_ach_rad,delt_ach_pct,dela_cmd_rad,dele_cmd_rad,delr_cmd_rad,delt_cmd_pct,dela_trim_rad,dele_trim_rad,delr_trim_rad,delt_trim_pct,W_N_mps,W_E_mps,W_D_mps
0.0,708.1364376029022,-6.531468985305661,0.48529728322521765,0.0,0.03141786483708758,0.01369894550808937,0.6028303497551949,-0.545663008599974,-0.58149616172494,0.0266395262498512,-2216637.2105906312,-4585334.303916773,3853929.2706336444,0.6510078109945634,-2.0210912738094335,16500.00000329502,0.0,1.1950225035388482,-0.18286253740217093,0.0,-0.0063929014271563445,-0.00110357691681566,0.034888332446756196,-4.862823650502813e-05,0.03150785778585036,0.013616854201897071,295.0694685924128,0.1539113129736602,9571.743596878325,216.64999999999998,2.399999999999839,0.0006853159666425372,-0.009223197534730145,708.1667246217434,38593.270182608234,9.74863823604087,697.4022638539313,-2.8484350590481498,122.97186121472697,-50675.096034869974,5130.439311073171,-883.7137063441025,1.971296859954472,0.1868017997026966,-0.49742895804637155,-0.774981229512297,0.07846051564456417,0.013514755536095331,0.007544045678039804,-0.0017210517733928514,-0.013368199990012973,2.7878164498332986e-10,0.02725586656920311,-0.013583094501675351,0.00616061523051932,2.7878164498332986e-10,0.005631312052700228,-0.008301193997637612,-0.01528093361535255,2.7878164498332986e-10,0.0,0.0,0.0
0.1,707.5395880652388,-6.530596051754879,2.892161525366855,0.00020627712250289324,0.027365466035951427,0.013682546643415564,0.6036868161175832,-0.5461001861354611,-0.5802143140842885,0.026232765922335886,-2216614.8068293897,-4585287.314463017,3853977.2379746847,0.6510187440633823,-2.0210913289335313,16487.658629705198,0.0,1.1944144726319612,-0.18302203261993355,0.003358104034641935,-0.005493369937171935,-0.0025569159022201717,0.031051183343029445,0.0001580062643594492,0.02745549503661436,0.013600424451342122,295.0694685924128,0.15421164409676658,9590.421187556982,216.64999999999998,2.3979967846056507,0.004087609324187293,-0.009229668790160734,707.575636919904,38604.05392516839,9.748676577819245,696.6474475011719,-2.7506900736709623,123.84685331428437,-50688.899519672974,5152.123741332627,-7940.313550879296,16.547705145524645,-9068.501342641839,-35.12391829610197,-0.7751923281082783,0.07879213862584443,0.12143230975111023,0.007550069985265967,-0.0018842178255900717,-0.013368747782301675,2.7878164498332986e-10,0.007577364120427405,-0.0024132343116055653,-0.013317898784344442,2.7878164498332986e-10,0.005631312052700228,-0.008301193997637612,-0.01528093361535255,2.7878164498332986e-10,0.0,0.0,0.0
0.2,706.9396254262738,-6.5265319606611,4.676816373298143,0.0004969753488139675,0.016997347612264166,0.01363828707398347,0.6043326719492064,-0.5465169427321366,-0.5791574073969207,0.02603737859216076,-2216592.3802364813,-4585240.31035158,3854025.0931301136,0.6510296653747897,-2.0210913812752187,16475.23163117282,0.0,1.1939626589531738,-0.18345194948451093,0.006007965367718715,-0.003424460522095719,-0.006317197741747946,0.021233143744729163,0.00044898890451793315,0.017087421425124025,0.013556171995528653,295.0694685924128,0.15451405893045161,9609.228364183573,216.64999999999998,2.3959958447427563,0.006615484517353617,-0.009231628148091095,706.9852206578744,38615.23442142774,9.74871518145078,695.8981663754262,-2.5694255042229805,124.6885601152091,-50679.054841143094,5167.065722248493,-12945.000383198972,12.59480805031606,-14365.554575688868,-62.28397030757464,-0.7750417720823758,0.07902064839982807,0.19796967540240076,0.007523197274084329,-0.002791132299811482,-0.013371132480383286,2.7878164498332986e-10,0.007488322668161277,-0.004408174766430506,-0.013375606212358325,2.7878164498332986e-10,0.005631312052700228,-0.008301193997637612,-0.01528093361535255,2.7878164498332986e-10,0.0,0.0,0.0
0.30000000000000004,706.3434714045036,-6.517851803895776,5.5672462842108335,0.0006688447253318336,0.004327866332060201,0.013580386463549966,0.6046401101112079,-0.5469088006444761,-0.578460124702869,0.02617213814579222,-2216569.9255898544,-4585193.296153679,3854072.837919875,0.6510405749810728,-2.0210914295206015,16462.721573966555,0.0,1.193738914096565,-0.18431368833198944,0.007532014844817842,-0.0010712830907602276,-0.010923463227943369,0.00923393746041462,0.0006210380764431917,0.004417989156582971,0.013498335852779406,295.0694685924128,0.154818495022527,9628.161242856888,216.64999999999998,2.393997199453022,0.007881620245836227,-0.009227046976531962,706.3954814543276,38626.79465732168,9.748754039083577,695.1519106843889,-2.3401631787830435,125.51062345476761,-50685.784770474995,5170.294687623913,-14990.960339277413,4.208154446175965,-14456.134111765457,-70.12169099124684,-0.7751446938194076,0.07907002941244566,0.2292588230579581,0.007490988569163989,-0.004699538085411147,-0.013376636959474605,2.7878164498332986e-10,0.007460245453822643,-0.007038936131721716,-0.01338364253085743,2.7878164498332986e-10,0.005631312052700228,-0.008301193997637612,-0.01528093361535255,2.7878164498332986e-10,0.0,0.0,0.0
0.4,705.7543169901678,-6.5044945927086335,5.594820823252164,0.0006873913106236251,-0.006575397075472496,0.013526268011976395,0.6046005612018315,-0.5472800119154053,-0.578129015220521,0.026638096089306354,-2216547.4407549812,-4585146.27384942,3854120.4731933107,0.6510514729074143,-2.0210914731229863,16450.12964944821,0.0,1.1937333778678028,-0.1856145537890441,0.007912080211371578,0.0008423771547136905,-0.014887678716218085,-0.0010984166907422608,0.0006396637327870678,-0.006485225268278303,0.01344433922779731,295.0694685924128,0.15512492338083647,9647.218020554916,216.64999999999998,2.392001004506741,0.007927268019883632,-0.009215821880748326,705.8064652723217,38638.73048606024,9.748793147074855,694.405869549596,-2.102611626628486,126.32826383464558,-50725.27455372051,5161.724930905849,-14354.743977897031,-3.410857926414508,-10547.37045004987,-58.301891422345285,-0.7757486165184733,0.07893897094156646,0.21952907853731363,0.007466811289194543,-0.00700078147507976,-0.013383686050324887,2.7878164498332986e-10,0.007448473197562321,-0.00940450224960025,-0.013391373319472388,2.7878164498332986e-10,0.005631312052700228,-0.008301193997637612,-0.01528093361535255,2.7878164498332986e-10,0.0,0.0,0.0
0.5,705.1705243323236,-6.487542351170544,5.018754172314799,0.0005861085847283469,-0.01323252776872443,0.013489730798019416,0.6043024739807321,-0.5476391178107536,-0.5780676326825032,0.02734457393266393,-2216524.926421309,-4585099.243010143,3854167.998764217,0.6510623591390998,-2.021091512240749,16437.455674030818,0.0,1.1938789001550083,-0.1872384248393157,0.007449283955821661,0.001918566904787609,-0.017303881513541015,-0.007414474398129088,0.0005383899308108615,-0.013142309927406854,0.013407965816173078,295.0694685924128,0.15543334847302528,9666.398975120483,216.65,2.3900074382164744,0.007116958613153664,-0.009199469939454114,705.2182247264491,38651.04689039446,9.748832505990528,693.6578963059566,-1.8870803562485894,127.15307081008292,-50785.70534573919,5144.469874756663,-12054.404271466008,-8.107183078676638,-5024.36370915228,-32.310760538217004,-0.7766727929515442,0.07867508698916904,0.18434966629191474,0.007455816312312968,-0.009078501526915143,-0.013390496318839764,2.7878164498332986e-10,0.007452147412672289,-0.010929642162239156,-0.013396872100285553,2.7878164498332986e-10,0.005631312052700228,-0.008301193997637612,-0.01528093361535255,2.7878164498332986e-10,0.0,0.0,0.0
0.6000000000000001,704.5887208724591,-6.46870777330684,4.177958448433806,0.00042391068416073517,-0.015267897892653443,0.013478048296225082,0.6038752528945769,-0.547995293194592,-0.5781371707206517,0.02816464148681713,-2216502.3850441556,-4585052.201703814,3854215.4138010554,0.6510732336365037,-2.0210915474729334,16424.698607736267,0.0,1.1940882008062517,-0.18901895761638968,0.006576133844480132,0.0021333524827441795,-0.018040383070118612,-0.009351914612804787,0.0003761705917565511,-0.015177638084607242,0.013396467527541691,295.0694685924128,0.15574379560728094,9685.705680469619,216.64999999999998,2.3880166386623505,0.005929571903619549,-0.009180408566777687,704.6308005599396,38663.75275233228,9.748872119018014,692.9069692828053,-1.7080114168694973,127.99053617970327,-50848.43192466564,5123.190823915016,-9221.863305659177,-9.450342915672827,109.14157688483972,-0.6684373918505719,-0.7776320791702831,0.07834966353120922,0.1410312268199024,0.0074576205246157995,-0.0104624124685722,-0.013395282313251078,2.7878164498332986e-10,0.0074664459153064985,-0.011483007593555396,-0.013398992569511835,2.7878164498332986e-10,0.005631312052700228,-0.008301193997637612,-0.01528093361535255,2.7878164498332986e-10,0.0,0.0,0.0
0.7000000000000001,704.0065618626762,-6.449835760602013,3.3785730309434894,0.00025791135695148025,-0.013450192388049054,0.013491820525929428,0.6034428075899532,-0.5483560773183119,-0.5782063240138058,0.028979818997373893,-2216479.8196012224,-4585005.147452734,3854262.7169065177,0.651084096314505,-2.021091579557593,16411.856857773848,0.0,1.1942821996754143,-0.19079944143330466,0.005702415341485438,0.0016574788067185563,-0.01738322982016126,-0.007631796550313164,0.00021015522568837045,-0.013359894454067075,0.01341042401245752,295.0694685924129,0.1560563035446555,9705.140547151903,216.64999999999998,2.3860286754154783,0.004799027845753413,-0.00916125132555395,704.0442133011039,38676.85805541847,9.748911991035575,692.153001790244,-1.566495739308067,128.84104607310894,-50903.219062623575,5102.3457908370365,-6738.603883164272,-8.034609319566979,3804.323471006147,29.004762890243466,-0.7784699464237933,0.07803087756674097,0.10305439814021233,0.007468746216617316,-0.011030744327271682,-0.01339753636897268,2.7878164498332986e-10,0.007485473579135031,-0.011199091759611606,-0.013397536840582617,2.7878164498332986e-10,0.005631312052700228,-0.008301193997637612,-0.01528093361535255,2.7878164498332986e-10,0.0,0.0,0.0
0.8,703.4233619836514,-6.4325003822468485,2.8287902215655194,0.00013422606511563704,-0.009327627879184975,0.013526063438346845,0.6030955153735214,-0.5487260351968597,-0.5781808243818483,0.02970632680419745,-2216457.232919525,-4584958.078221784,3854309.9078667206,0.6510949472039993,-2.021091609168348,16398.929813331924,0.0,1.1944068464615267,-0.19246795350940074,0.005123168551413098,0.00079756477360862,-0.015898975393216976,-0.003717453012619809,8.648345371540747e-05,-0.009237294434892847,0.013444836567796263,295.0694685924129,0.1563712997637459,9724.730160058623,216.64999999999998,2.384043539331371,0.004021440181521095,-0.009144235787951071,703.4584602516827,38690.46636387239,9.748952123920061,691.3966686694823,-1.4530241610861867,129.70094270110386,-50949.16218263833,5085.70969528139,-5176.268384773727,-4.8280214215802015,5533.458283495799,49.4862257711177,-0.7791725608917001,0.07777645946402781,0.07916138598646599,0.0074859352140338314,-0.010871153700696284,-0.013396098844310141,2.7878164498332986e-10,0.007503622132912458,-0.01038436980654349,-0.013393084807002683,2.7878164498332986e-10,0.005631312052700228,-0.008301193997637612,-0.01528093361535255,2.7878164498332986e-10,0.0,0.0,0.0
0.9,702.8393357324364,-6.417722536176574,2.6173790922130764,6.933134183542438e-05,-0.004537050927595597,0.013571674100338226,0.6028778594774964,-0.5491064744519649,-0.5780155245702336,0.03030535645545817,-2216434.6266555223,-4584910.992666245,3854356.9857761767,0.651105786238938,-2.0210916367128955,16385.916533634998,0.0,1.1944391459170898,-0.19397150020614876,0.00498015754742711,-0.00013999167641723284,-0.014180695908112023,0.000838534029876835,2.1641984233553408e-05,-0.004446683012372636,0.013490595261322897,295.0694685924128,0.156692999246653,9744.73664890043,216.64999999999998,2.3820611206494706,0.003723990476588154,-0.009130820312483337,702.8735090246867,38705.61284992543,9.748992520554088,690.6389498255714,-1.3534660854433054,130.5648263085937,-50990.5193742556,5075.279447402116,-4724.76546018299,-1.4207329525217989,5385.828222742442,57.96097867547534,-0.7798050421244278,0.0776169482453409,0.0722564895184464,0.007501643048812425,-0.010261791020093414,-0.013392287154451482,2.7878164498332986e-10,0.007517496239449778,-0.009384549711778212,-0.01338686735725905,2.7878164498332986e-10,0.005631312052700228,-0.008301193997637612,-0.01528093361535255,2.7878164498332986e-10,0.0,0.0,0.0
1.0,702.2548338238626,-6.405830078471926,2.7209545766825642,6.411539587306787e-05,-0.0005519060977748611,0.01361865748013933,0.6027887471577195,-0.5494958297108956,-0.5777132156454532,0.03078141991717583,-2216412.0013694125,-4584863.890476739,3854403.950495985,0.6511166134056647,-2.0210916623166533,16372.816904412583,0.0,1.1943854868214827,-0.19531426891810408,0.00526486044554343,-0.000883058335084303,-0.012759571727930333,0.0046351938852274835,1.6516168116699783e-05,-0.00046150318890665057,0.013537705623689304,295.0694685924128,0.1570168333642061,9764.875890657599,216.65,2.380081287257157,0.003874577759581069,-0.009121481304236559,702.2893206377152,38721.15894993989,9.749033181291743,689.8808890116152,-1.2530547187273244,131.42706981768202,-51027.89989304144,5071.158763525824,-5266.243247891655,1.4889886948982567,3754.9255095304497,54.35729512328231,-0.7803767075513374,0.07755393005876099,0.08053738397167655,0.00751444819109745,-0.00942898739550857,-0.013386748064122385,2.7878164498332986e-10,0.007525442697363521,-0.008515355527870628,-0.013380270809035468,2.7878164498332986e-10,0.005631312052700228,-0.008301193997637612,-0.01528093361535255,2.7878164498332986e-10,0.0,0.0,0.0
1.1,701.6701528233674,-6.396490732864897,3.033504863858649,0.00010324156043323577,0.0016935393182990136,0.013658225228582633,0.6027911846813484,-0.5498904871465895,-0.5773140533676867,0.031172427792138635,-2216389.356578775,-4584816.772230029,3854450.802270934,0.6511274287056867,-2.0210916858449783,16359.631317590363,0.0,1.1942746324232414,-0.19654480919359263,0.005851325219689523,-0.0012686095930914854,-0.011970331124062221,0.006781821443938607,5.5756940500603605e-05,0.0017839788234041722,0.013577385689428765,295.0694685924128,0.15734279242766472,9785.147282787417,216.65,2.3781039362901315,0.004323236427424393,-0.009115755822147778,701.7058647386542,38737.09694157386,9.749074104937662,689.1232860276399,-1.1406766688985734,132.28345635371394,-51062.27872399246,5072.086808660019,-6412.998342632182,3.106813790474189,1457.1898317591786,41.49100902775258,-0.7809024677523893,0.07756812278093456,0.09807486772227414,0.007522330791760536,-0.008677966688665936,-0.013380802486385466,2.7878164498332986e-10,0.007527572919664169,-0.007990916183410534,-0.01337456016614656,2.7878164498332986e-10,0.005631312052700228,-0.008301193997637612,-0.01528093361535255,2.7878164498332986e-10,0.0,0.0,0.0
1.2000000000000002,701.0856872930648,-6.388886886196079,3.4154415307187813,0.00016180107015445122,0.001982885243585546,0.013684697680382548,0.6028309865434955,-0.550286259779171,-0.576875728312141,0.031531338455677946,-2216366.6911565373,-4584769.63904793,3854497.5415800656,0.6511382321497553,-2.021091707002666,16346.360474225134,0.0,1.194144563078127,-0.19773215601532926,0.006558558233707012,-0.0012743242100493846,-0.011887743643738968,0.007069434887007064,0.0001144392945433528,0.0020733633343463175,0.013603964825483358,295.0694685924128,0.15767085910630102,9805.549747492034,216.65,2.376128982526868,0.004871607812738395,-0.009112487035512939,701.1231161812335,38753.4178084827,9.749115289350172,688.3665053329237,-1.0112761486258142,133.13208856389627,-51095.012938025866,5075.8909678976,-7698.72171308803,3.290881197765995,-698.37161188011,23.850908076620208,-0.7814030766002003,0.07762630031257993,0.11773761247095557,0.007525397615705518,-0.008197682373691582,-0.013375620221962035,2.7878164498332986e-10,0.007525557369171076,-0.007876636090989814,-0.013370594707083166,2.7878164498332986e-10,0.005631312052700228,-0.008301193997637612,-0.01528093361535255,2.7878164498332986e-10,0.0,0.0,0.0
1.3,700.5020048321348,-6.3819798204025,3.7405314728195065,0.00021487657271414146,0.0007041963443092967,0.013696315032791806,0.6028560359623484,-0.5506796843313256,-0.5764532684321171,0.03190778630097703,-2216344.0036818534,-4584722.492105353,3854544.1682863543,0.6511490236793654,-2.021091725438022,16333.00463829469,0.0,1.1940296825105337,-0.1989416518671255,0.007214092822911747,-0.0009912949705662495,-0.012368286675181738,0.0058640623748956126,0.00016763121759347588,0.0007947147609919789,0.01361569173252698,295.0694685924128,0.15800102687435652,9826.082878934567,216.65,2.374156383158765,0.005339736211977182,-0.009110198450740176,700.5410623339416,38770.116594551204,9.749156733722728,687.6104739256202,-0.865778362441505,133.97335211629232,-51128.65059428476,5079.998238641701,-8722.441350124633,2.0740740236425235,-2110.6387563975136,7.059669697119693,-0.7819175019145103,0.07768911337028017,0.13339349800574743,0.007523961264619872,-0.008061000410527552,-0.013372817910263528,2.7878164498332986e-10,0.007521688780512446,-0.008106417739179422,-0.013368713162512025,2.7878164498332986e-10,0.005631312052700228,-0.008301193997637612,-0.01528093361535255,2.7878164498332986e-10,0.0,0.0,0.0
1.4000000000000001,699.919610034666,-6.374830094841085,3.932946028888749,0.0002425546126647397,-0.0013447528892413497,0.013695687182981328,0.6028321558042998,-0.5510690286199351,-0.5760823580404009,0.03233307521817254,-2216321.293404019,-4584675.332571391,3854590.6841136664,0.651159803440945,-2.0210917409183162,16319.565429499373,0.0,1.1939504279356359,-0.2002151079465387,0.007706355483241041,-0.0005846795790869156,-0.013121333479782948,0.003922412828152752,0.00019541045804906312,-0.001254193098907557,0.013615181742699729,295.0694685924128,0.1583332556914437,9846.744187003562,216.64999999999998,2.3721860920317104,0.005619080504937841,-0.00910755050605978,699.9596895781093,38787.18003680857,9.749198433106947,686.8547778480265,-0.7097680058130655,134.809387353008,-51165.685401118004,5083.103368890614,-9263.148603122921,0.661877436821932,-2541.827402363492,-7.884423659639309,-0.7824838803208705,0.0777366005552367,0.14166260856542917,0.007521227877420701,-0.008233942290216406,-0.013370446643911474,2.7878164498332986e-10,0.0075185729786802265,-0.008521860008431493,-0.013368564669214947,2.7878164498332986e-10,0.005631312052700228,-0.008301193997637612,-0.01528093361535255,2.7878164498332986e-10,0.0,0.0,0.0
1.5,699.3387379524628,-6.366667781715316,3.9726631828656176,0.00024555840187082947,-0.0034239937426523096,0.013684911490800143,0.6027473870734147,-0.5514540198448978,-0.575775206458696,0.032817031787403764,-2216298.5596987912,-4584628.160972313,3854637.088738511,0.6511705713752717,-2.021091753288111,16306.042810096405,0.0,1.1939122943168947,-0.2015659805355416,0.007997459900204052,-0.00019125520776307572,-0.01387648367848835,0.0019467812433323322,0.00019849789567519027,-0.0033333923166465234,0.013604533974761001,295.0694685924128,0.1586675464905965,9867.5337297244,216.64999999999998,2.3702181192964575,0.005680538252117792,-0.009103441354960025,699.3790009089139,38804.60680295336,9.749240387620276,686.0989126328955,-0.5499657156807984,135.64277063953213,-51207.060217355196,5083.644089080069,-9312.700214584574,-0.9157660584468997,-2204.3986354476,-17.118888045259457,-0.7831166310893403,0.0777448698636354,0.14242040819048452,0.007519109212931551,-0.008530560605208352,-0.013369425019974976,2.7878164498332986e-10,0.007516524147854892,-0.008962844269576236,-0.013369913821307778,2.7878164498332986e-10,0.005631312052700228,-0.008301193997637612,-0.01528093361535255,2.7878164498332986e-10,0.0,0.0,0.0
1.6,698.7592720514598,-6.3570486675374065,3.8864179627483395,0.00022138905101200542,-0.004941469068832748,0.013669829922313264,0.602609133788916,-0.5518356622382474,-0.5755235399283288,0.03335092657713372,-2216275.802567085,-4584580.977453676,3854683.3821636257,0.6511813274705426,-2.021091762535031,16292.436883849092,0.0,1.1939078004732864,-0.2029832462142327,0.008113742207918268,7.334171154412157e-05,-0.014421039082403263,0.00050128924912578,0.0001743977252967304,-0.0048508264264625475,0.013589589022112054,295.0694685924128,0.1590068589859407,9888.635571700157,216.64999999999998,2.36825246331258,0.005561826574715866,-0.00909723166561535,698.7989958423155,38823.117599055935,9.74928259694917,685.3424084879452,-0.3926083771161011,136.47586321220592,-51253.1475721856,5081.066957507448,-8964.678462834581,-2.2429376078302825,-1294.198732421766,-19.0691364645723,-0.7838214513601662,0.07770545743522303,0.13709806356418833,0.007517565906718665,-0.008899111952755728,-0.013370143941263773,2.7878164498332986e-10,0.007516628937831178,-0.009300930883416571,-0.013371976301454789,2.7878164498332986e-10,0.005631312052700228,-0.008301193997637612,-0.01528093361535255,2.7878164498332986e-10,0.0,0.0,0.0
1.7000000000000002,698.1808521749513,-6.345929183455258,3.7305422812595954,0.00017806870356329674,-0.005596839915245752,0.013655904025842555,0.6024380591270178,-0.5522158022636838,-0.575305097143911,0.03391362866558921,-2216253.0224355133,-4584533.781818739,3854729.56429068,0.651192071714028,-2.0210917687512233,16278.747595515102,0.0,1.19392085164647,-0.20443951722172196,0.008125326557826107,0.00015676579668969713,-0.014649401584765746,-0.00012623090674356594,0.00013113860235298448,-0.005506156853968696,0.013575804984602514,295.0694685924128,0.1593506317288978,9910.01479644723,216.64999999999998,2.366289066847949,0.005343181165395169,-0.009088854039258966,698.2196574908608,38842.56822154319,9.749325061267056,684.5849433430324,-0.24173222353428125,137.31017250926348,-51301.9460005029,5075.765834384551,-8427.987937311977,-2.8919188607559176,-245.1403710173017,-14.95571652945312,-0.7845677324515645,0.07762438662851451,0.128890381371521,0.0075176799615744114,-0.009196648391233613,-0.013371638303635336,2.7878164498332986e-10,0.007518954380215682,-0.00946348718060241,-0.013373972845489437,2.7878164498332986e-10,0.005631312052700228,-0.008301193997637612,-0.01528093361535255,2.7878164498332986e-10,0.0,0.0,0.0
1.8,697.6031105474648,-6.333590261100622,3.5674970373359804,0.00012777758427723606,-0.005413440682825956,0.013647264267147598,0.6022589701824609,-0.5525963757095561,-0.575093431753959,0.03448072159263286,-2216230.2199372663,-4584486.573700218,3854775.6349468133,0.6512028040897501,-2.02109177207994,16264.97479405906,0.0,1.1939334912853883,-0.20590290111200174,0.008115372962774972,7.17907649590368e-05,-0.014573993136686166,4.4593581590127415e-05,8.090797052209969e-05,-0.005322718042655539,0.013567308283172694,295.0694685924128,0.1596965016981197,9931.524447682672,216.65,2.3643279204348606,0.005113890526618099,-0.00907870584039841,697.6409830609189,38862.37854160224,9.749367781040606,683.8264271116356,-0.09849557340841919,138.14610464455495,-51350.9883545084,5068.520547532751,-7906.21461061548,-2.8387542962014027,618.0994989574081,-6.672329991882884,-0.7853177439321388,0.07751358345788581,0.12091082995692229,0.00751964243919634,-0.009362589786158873,-0.01337328531084312,2.7878164498332986e-10,0.007522854747657868,-0.009447043707543259,-0.013375298915109177,2.7878164498332986e-10,0.005631312052700228,-0.008301193997637612,-0.01528093361535255,2.7878164498332986e-10,0.0,0.0,0.0
1.9000000000000001,697.0257979139485,-6.320606039644847,3.4473936557811196,6.818424254127902e-05,-0.004656834478808358,0.01364986609578319,0.602092911192738,-0.5529790766767108,-0.5748660874448742,0.03503183011207352,-2216207.395306851,-4584439.352504267,3854821.5919290916,0.6512135243643558,-2.0210917726133135,16251.116797671653,0.0,1.1939306344934089,-0.2073469226763903,0.008154371682805672,-0.00013602914583050609,-0.01429809182819914,0.0007646263550105898,2.1380182835066628e-05,-0.004566072826683926,0.013570051018145051,295.0694685924128,0.16004451112810297,9953.167151969561,216.65,2.362369047987876,0.004945822029794355,-0.00906760628567033,697.0629796089468,38882.55771060433,9.749410761414055,683.0669589975236,0.03842366215794746,138.9831166182358,-51399.202347519065,5058.0382608790005,-7562.341776279244,-3.6522806443710354,1048.4985141100144,14.409815444450103,-0.7860550871738249,0.077353276403047,0.11565193529658664,0.007516534026716544,-0.009353144860095822,-0.013384254496130522,2.7878164498332986e-10,0.007528879295430354,-0.009300899060214153,-0.013375232794867395,2.7878164498332986e-10,0.005631312052700228,-0.008301193997637612,-0.01528093361535255,2.7878164498332986e-10,0.0,0.0,0.0
2.0,696.448795477288,-6.3078696081843235,3.3909667377373363,3.382967663318316e-05,-0.003709781488670619,0.013662235746580126,0.6019498808039833,-0.5533648172641472,-0.5746123410098717,0.035557863574977394,-2216184.5497662486,-4584392.118507637,3854867.4392135176,0.6512242329599757,-2.0210917705436624,16237.176635132171,0.0,1.1939055516427104,-0.20876005458254002,0.008275668693428799,-0.0003590222311141359,-0.013961142722203928,0.0016700886702690633,-1.2901306086996722e-05,-0.0036189809407936807,0.013582557915640898,295.0694685924128,0.16039458395851935,9974.938179116554,216.65,2.3604123422896963,0.004868900576867251,-0.009056835782128235,696.4856154983931,38903.0818104406,9.74945399313714,682.3067682701026,0.1720267456914235,139.82003268046316,-51446.33267291217,5052.457517020192,-7432.6053580099215,-0.7955977159717855,1112.0702128686362,15.051587197394502,-0.7867758577372458,0.07726792931787688,0.11366785836708863,0.007528315959829201,-0.009262908060320093,-0.01337818746843823,2.7878164498332986e-10,0.007534875833627958,-0.009105268391486508,-0.013373560051192161,2.7878164498332986e-10,0.005631312052700228,-0.008301193997637612,-0.01528093361535255,2.7878164498332986e-10,0.0,0.0,0.0
2.1,695.8721117091579,-6.295583911479932,3.3993863471828405,3.117411640996379e-05,-0.0028536057577211835,0.01367551000757851,0.6018326500915014,-0.5537527687552098,-0.5743301527703047,0.03605821642225622,-2216161.68313491,-4584344.871472344,3854913.1747515392,0.6512349296492264,-2.0210917658593246,16223.15282936953,0.0,1.193860310594768,-0.21014033815359895,0.008485430473567642,-0.0005349420826002982,-0.013658385148138845,0.002490283007036146,-1.5476137552787925e-05,-0.0027627662999933165,0.013595965277007363,295.0694685924128,0.16074675728236923,9996.839835937119,216.64999999999998,2.358457807876328,0.004885034547944402,-0.009046686798362234,695.908892067695,38923.95812294201,9.749497480727362,681.5460566397211,0.30517842581212484,140.6557961341414,-51492.51177033578,5047.098709528811,-7515.080875676467,0.49427803113844165,843.9138439718257,17.62882591722185,-0.7874820810401971,0.077185976336169,0.11492916782848366,0.007539930149890373,-0.009116008892210007,-0.013374707155697768,2.7878164498332986e-10,0.007537324378787158,-0.008920720903636338,-0.013371736996803097,2.7878164498332986e-10,0.005631312052700228,-0.008301193997637612,-0.01528093361535255,2.7878164498332986e-10,0.0,0.0,0.0
2.2,695.2958189359142,-6.283898119417315,3.454987192454854,8.725526521331747e-05,-0.0023159069987783993,0.013693051466948021,0.6017360364789023,-0.5541415989820964,-0.5740258355470234,0.03653984317763384,-2216138.7954047895,-4584297.6115808925,3854958.7986108153,0.6512456144256057,-2.0210917585431964,16209.04554685112,0.0,1.1938023545475371,-0.21149582935160763,0.008763513444183482,-0.0005911418227107336,-0.013476718329878953,0.003009838308352357,4.069136119069402e-05,-0.002225028533563204,0.013613636488384406,295.0694685924128,0.16110102691923434,10018.871862451066,216.64999999999998,2.3565054068023725,0.004969048658292365,-0.009037375593242023,695.3327981203237,38945.18249783454,9.749541223679572,680.7850142367892,0.4403731502848358,141.4894352622762,-51538.15669557002,5040.26949514537,-7742.356003312286,7.66201487749009,393.2498772502547,30.51222341456689,-0.7881801351742176,0.07708153621915687,0.11840491768659091,0.007600766104107819,-0.008965359550229039,-0.013372643749850897,2.7878164498332986e-10,0.007535200247882984,-0.008797589696758121,-0.013369417650851312,2.7878164498332986e-10,0.005631312052700228,-0.008301193997637612,-0.01528093361535255,2.7878164498332986e-10,0.0,0.0,0.0
2.3000000000000003,694.7200387005103,-6.273240256525102,3.5301101990137105,0.00012875638793516213,-0.002183319378190484,0.013714047597466833,0.601651564282349,-0.5545283069240501,-0.5737103492612893,0.03701576263331374,-2216115.886103678,-4584250.338971847,3855004.3093169066,0.6512562871131954,-2.0210917484998583,16194.853827117942,0.0,1.1937473798902114,-0.212840995417277,0.009074490531250838,-0.0005821839884653584,-0.01344736617278747,0.0031455820841874375,8.228133543711548e-05,-0.002092402247437486,0.013634760074956929,295.0694685924128,0.16145946461304725,10041.16310040068,216.65,2.3545551262001037,0.005081298394042603,-0.009029520428127451,694.7573298594061,38967.25263470579,9.749585224931755,680.0237390832235,0.5789988867168736,142.3204365594024,-51584.42473829975,5042.06517233502,-8017.915833859443,-11.52694119291395,-63.07382749319603,6.773868888698004,-0.7888877187299969,0.07710899775796254,0.12261909216264298,0.00751343111601435,-0.008856949865610964,-0.01336893969793836,2.7878164498332986e-10,0.007530218745355928,-0.008758642989715303,-0.013366330799574024,2.7878164498332986e-10,0.005631312052700228,-0.008301193997637612,-0.01528093361535255,2.7878164498332986e-10,0.0,0.0,0.0
2.4000000000000004,694.1448657213298,-6.262766677011734,3.597943713512815,-6.340468923582392e-05,-0.0023959890684010377,0.0137154426193354,0.601561671107378,-0.5549189793122116,-0.5733960286622952,0.037489462480512464,-2216092.9556299886,-4584203.054355347,3855049.710210737,0.6512669480518545,-2.0210917357389713,16180.580339344218,0.0,1.193679446525843,-0.2141888670160927,0.009381385563490802,-0.0007359144440185614,-0.013526873326244141,0.0029456996584902146,-0.00010979154642536129,-0.0023050317978546724,0.013636284207593831,295.0694685924128,0.1618235874012238,10063.807894333422,216.65,2.35260681081938,0.005183228560080114,-0.009021910182594378,694.1824414753655,38990.52455774811,9.749629476330766,679.2621868524345,0.7210314878779525,143.1488998050016,-51632.48888142014,5041.031570361314,-8256.892679316406,-4.6207003792334636,-403.88806462589025,-1.255809233769221,-0.7896227702966533,0.07709319074049073,0.12627379800453753,0.007489507682097861,-0.008802395368105256,-0.013366762785481965,2.7878164498332986e-10,0.007551281503257221,-0.008794317372882767,-0.013365895385557798,2.7878164498332986e-10,0.005631312052700228,-0.008301193997637612,-0.01528093361535255,2.7878164498332986e-10,0.0,0.0,0.0
2.5,693.5704004057123,-6.25193236258347,3.6400496125891495,-7.207609297689199e-05,-0.0028139943679258306,0.01371765274566819,0.6014593909268265,-0.555311660658621,-0.57309149222154,0.03796957215747582,-2216070.003499091,-4584155.757878475,3855094.999813995,0.6512775970649599,-2.021091720162186,16166.224122538231,0.0,1.1936081971959884,-0.2155489401228493,0.009657155652123262,-0.0006639212295622875,-0.01368278481979266,0.0025506555684067446,-0.00011837758510593332,-0.002722995968682441,0.013638626006307426,295.0694685924128,0.16218982064245624,10086.583937328589,216.65,2.350660448002181,0.00524822886040626,-0.009013759728647501,693.6081292332066,39014.13181075765,9.74967398081619,678.5002922435436,0.8655180791505273,143.97509515794601,-51681.677920658265,5036.432301443669,-8399.561390606821,1.4364836547452282,-544.8036633906859,5.930133350783722,-0.7903750250547116,0.07702285348689772,0.12845565027399747,0.007524175613426888,-0.00881138596038089,-0.013365822825144652,2.7878164498332986e-10,0.0075544983329167694,-0.00887767944811158,-0.013365660727204133,2.7878164498332986e-10,0.005631312052700228,-0.008301193997637612,-0.01528093361535255,2.7878164498332986e-10,0.0,0.0,0.0
2.6,692.9966747422553,-6.240969490123738,3.649889086123781,-3.4451914492459554e-05,-0.003264919980142214,0.013724394452813395,0.6013446498287073,-0.5557025986831793,-0.572799985133607,0.03846296559885817,-2216047.029636067,-4584108.44978453,3855140.1782167666,0.6512882341463601,-2.0210917017353704,16151.785377153195,0.0,1.193548156820278,-0.216925948621461,0.00989059153732441,-0.0005381664817629718,-0.013855116528401285,0.0021256228294003238,-8.067157572556267e-05,-0.0031738806069459436,0.013645501336786735,295.0694685924128,0.16255815922309724,10109.490911368486,216.65,2.348716019481925,0.005266771791462811,-0.00900540284230668,693.0343877430188,39038.07067616654,9.749718737778844,677.7379389987473,1.010988169336534,144.79957090677158,-51732.1180696836,5032.079579851509,-8430.258606868185,1.3941889799297893,-488.6128937919271,10.681894135970555,-0.7911464132072183,0.07695628671554133,0.12892510703406884,0.00754356170783062,-0.008867034068957759,-0.013365166451721939,2.7878164498332986e-10,0.007551549984173131,-0.008972769891757326,-0.01336479797779211,2.7878164498332986e-10,0.005631312052700228,-0.008301193997637612,-0.01528093361535255,2.7878164498332986e-10,0.0,0.0,0.0
2.7,692.4236594303732,-6.230126510128781,3.632106181288107,-1.8681892554098877e-05,-0.003603217743827684,0.013733772325271232,0.601218820774626,-0.556091841138809,-0.5725200676720897,0.038968662664484344,-2216024.034083048,-4584061.130218099,3855185.2454649955,0.651298859288001,-2.0210916804535275,16137.264246721752,0.0,1.1934989352199044,-0.2183186251974263,0.010085980339003717,-0.00045651310019088675,-0.013988475442377746,0.0018084546586811042,-6.482267983121733e-05,-0.003512137767165452,0.01365501447723726,295.0694685924128,0.16292859948156768,10132.528588739524,216.64999999999998,2.3467735099760887,0.0052454488225757495,-0.008997197897647899,692.4612124953959,39062.337896418656,9.749763746783822,676.9750091542894,1.1560259115775962,145.62287788879803,-51783.67220165102,5028.405979788049,-8369.507119915002,-0.03554552641316605,-291.68209716731275,12.154961944982444,-0.7919348376544272,0.07690010584334411,0.12799602616915484,0.007549662856967427,-0.008945921117108653,-0.013364356245844911,2.7878164498332986e-10,0.007550764013816487,-0.009047910588537938,-0.013363523444017086,2.7878164498332986e-10,0.005631312052700228,-0.008301193997637612,-0.01528093361535255,2.7878164498332986e-10,0.0,0.0,0.0
2.8000000000000003,691.8512845995626,-6.219511169176747,3.5987796654959068,-2.717276114255581e-05,-0.0037493104884581056,0.013743703785977857,0.6010857241064229,-0.5564805227372615,-0.5722469580044053,0.039481534997560554,-2216001.0169772976,-4584013.79924297,3855230.2015678887,0.6513094724802241,-2.0210916563353867,16122.660827578977,0.0,1.1934546916752233,-0.21972125442410353,0.01025850462376893,-0.0004381696799588977,-0.01405156993417175,0.0016743323922181737,-7.32362310616123e-05,-0.003658190197066451,0.013665082313492054,295.0694685924128,0.16330113896031836,10155.696816606744,216.64999999999998,2.344832904536532,0.005201619608628109,-0.008989301084211488,691.8885990795984,39086.93052399349,9.749809007540712,676.2114210948608,1.299687030320006,146.44538611151012,-51836.00203842453,5025.281993637656,-8263.45711967141,-0.8907586003143494,-51.52659118161632,11.755777239648495,-0.7927351250621709,0.07685233029248685,0.12637418889583216,0.007551386366273184,-0.009015859496671304,-0.013363254473228114,2.7878164498332986e-10,0.007552757192847441,-0.009084263494454637,-0.013362137396315981,2.7878164498332986e-10,0.005631312052700228,-0.008301193997637612,-0.01528093361535255,2.7878164498332986e-10,0.0,0.0,0.0
2.9000000000000004,691.2794710315973,-6.209117660589295,3.5639372946644157,-4.5630891992262376e-05,-0.00370333107343456,0.013753028640215242,0.6009505532145044,-0.5568695396670703,-0.571974733619829,0.03999557864263252,-2215977.9785044147,-4583966.456882006,3855275.046515659,0.651320073712503,-2.0210916294117247,16107.97519197315,0.0,1.193409646318058,-0.22112652761239712,0.010427023534255751,-0.0004695054526960746,-0.014043334232106625,0.0017229308089762453,-9.161700285218721e-05,-0.0036121706614401965,0.01367454388121529,295.0694685924128,0.16367577581626486,10178.995480348725,216.64999999999998,2.3428941860533303,0.005155520839529907,-0.00898170485265884,691.3165424470097,39111.845694787226,9.749854519832844,675.4471466575305,1.4416961145239304,147.2672045848317,-51888.74522945815,5022.534060613697,-8161.072568178129,-1.0817942996482874,146.05438806556205,10.603427729833495,-0.7935417339535978,0.07681030577393319,0.124808407835551,0.007553263918963934,-0.009056480416734857,-0.013361975210485022,2.7878164498332986e-10,0.007555922553270497,-0.009079686184934934,-0.013360819801098638,2.7878164498332986e-10,0.005631312052700228,-0.008301193997637612,-0.01528093361535255,2.7878164498332986e-10,0.0,0.0,0.0
3.0,690.7081622372236,-6.1989370718299845,3.5390059820749205,-7.052864822031376e-05,-0.0035248759625857847,0.0137632700269376,0.6008179798730934,-0.5572594266686698,-0.5716982919171604,0.04050585820681381,-2215954.918419752,-4583919.1029308485,3855319.778038673,0.6513306627296562,-2.0210915996566627,16093.205730522983,0.0,1.1933595623322861,-0.22252816002374723,0.010607752736214329,-0.0005353712265132194,-0.013987114896037602,0.0018982441081674785,-0.00011643606396392138,-0.0034336755282800228,0.013684921611219416,295.0694685924128,0.16405529741563313,10202.597926253737,216.64999999999998,2.340957361621259,0.005123690737419802,-0.008974397037590726,690.7450446910817,39137.746767234064,9.74990028858216,674.6821990440965,1.582364008397949,148.08821493389556,-51942.526197132385,5019.132307772819,-8099.2045073142845,-0.5336829875651901,249.90968125303598,13.925783825067866,-0.7943642137062531,0.07675828229878662,0.12386225105189515,0.0075582222962577725,-0.009062912069843094,-0.013364012982600452,2.7878164498332986e-10,0.007559573097470712,-0.009045245422479573,-0.013359512284803633,2.7878164498332986e-10,0.005631312052700228,-0.008301193997637612,-0.01528093361535255,2.7878164498332986e-10,0.0,0.0,0.0
3.1,690.1372812885206,-6.189397937348156,3.5283585276179035,-9.941793499020688e-05,-0.0033128226590413206,0.013782772021627381,0.6006899016978389,-0.5576507808983625,-0.5714152575624959,0.041010182431365956,-2215931.8378099254,-4583871.737959621,3855364.401135884,0.6513412400618473,-2.021091567213524,16078.356255696155,0.0,1.193301865211622,-0.22392389544743516,0.010808079037638769,-0.0006136313761461652,-0.013927087075168956,0.00210930556247843,-0.00014524477767056273,-0.0032215821065443985,0.013704559353748006,295.0694685924128,0.16444011618336024,10226.529803026053,216.65,2.339022256066378,0.005112501356183836,-0.00896799997753381,690.1740541233327,39164.72096967372,9.749946302142895,673.916630478838,1.7224068213004204,148.9080835321479,-51997.3523779993,5016.218253403251,-8092.334012456785,-0.38607238783281017,241.41443578421504,17.821673487126386,-0.7952026780483525,0.07671371726359379,0.12375717962690251,0.007560347220797483,-0.009032899527922316,-0.013368591148920896,2.7878164498332986e-10,0.00756564198679192,-0.00900095687951089,-0.01335681746645525,2.7878164498332986e-10,0.005631312052700228,-0.008301193997637612,-0.01528093361535255,2.7878164498332986e-10,0.0,0.0,0.0
3.2,689.5668354557755,-6.18038787124034,3.531651657402491,-0.00010027219712190856,-0.0031282382320388514,0.013791455048212095,0.6005669506004641,-0.5580430745153011,-0.5711254342238463,0.041508907012355774,-2215908.7361544115,-4583824.361755575,3855408.9126308034,0.6513518053528964,-2.0210915320083656,16063.42450685054,0.0,1.1932381638230074,-0.22531352499004334,0.011028517082429952,-0.0006576953004071594,-0.013867090813266394,0.002290292016750551,-0.00014601664111315744,-0.0030369575120518504,0.013713377379952155,295.0694685924128,0.1648270670525182,10250.594275173093,216.65,2.337088882990974,0.005121506136257947,-0.00896235291829164,689.6035747573824,39192.01055245186,9.749992567426746,673.1504568926651,1.8624946245271414,149.72665307564895,-52052.2476131251,5017.712990418536,-8128.460640360578,-0.09119505754153272,179.02298100275328,4.43254064528728,-0.7960421984467527,0.07673657648282657,0.12430966912769692,0.007564910535436758,-0.009003596757306397,-0.013360770272760983,2.7878164498332986e-10,0.007567378676958737,-0.008961021320888227,-0.013355380180195716,2.7878164498332986e-10,0.005631312052700228,-0.008301193997637612,-0.01528093361535255,2.7878164498332986e-10,0.0,0.0,0.0
3.3000000000000003,688.9968433214153,-6.171154755173551,3.544715838337634,-0.00010183696089188923,-0.0030155637494954125,0.013791595930351121,0.6004480108546824,-0.5584355228659852,-0.5708306646152792,0.042003500524445486,-2215885.613578578,-4583776.9745157305,3855453.3130332925,0.6513623586446782,-2.021091494046428,16048.410975117236,0.0,1.193170839321778,-0.22669794192874465,0.011263720007562894,-0.0006868364147678565,-0.013825636879595204,0.002399607652204348,-0.00014749775888860185,-0.0029242428859202526,0.013713652663289961,295.0694685924128,0.16521613729562235,10274.790551172668,216.65,2.335157211047748,0.005144703635182766,-0.008956366256265346,689.0335973435997,39219.60956708042,9.750039082936723,672.3837192048253,2.003150948555619,150.54371137485023,-52107.34934646682,5017.8503853037855,-8195.403276585988,-0.48283812728632736,77.856009667203,-2.9629067304557917,-0.7968848768508359,0.07673867768174736,0.12533343209191636,0.007567333576730873,-0.008973413078621616,-0.0133570246104486,2.7878164498332986e-10,0.007567612632264975,-0.008935094807055725,-0.013355232125235993,2.7878164498332986e-10,0.005631312052700228,-0.008301193997637612,-0.01528093361535255,2.7878164498332986e-10,0.0,0.0,0.0
3.4000000000000004,688.4273325784573,-6.161297377275874,3.5614298654995946,-0.0001106325204374586,-0.0029939099247439926,0.013787725596836043,0.600330557483798,-0.5588279239270645,-0.5705336584763182,0.042495981613229206,-2215862.4700875073,-4583729.576417983,3855497.6023960365,0.6513728999286489,-2.021091453313317,16033.315819143318,0.0,1.1931012214418448,-0.22807966802043217,0.011505443877582212,-0.0007035358431994527,-0.013814001016846255,0.0024206496931881843,-0.00015620917609092473,-0.002902548892670362,0.013709916574351987,295.0694685924128,0.16560732280139098,10299.118375344202,216.64999999999998,2.333227216830766,0.005173237502521448,-0.008949456463913649,688.4641149756085,39247.51439512871,9.750085848191732,671.6164412356969,2.144649668374558,151.35912641449934,-52162.8061850746,5016.481704799012,-8271.904216025532,-0.8630358676968255,-25.144111175950048,-5.5109273420616365,-0.7977329859287061,0.07671774626210744,0.12650337150485616,0.007568437177016303,-0.008950302062098346,-0.013355519876742196,2.7878164498332986e-10,0.007567939015983563,-0.008928009412445075,-0.013355722159601638,2.7878164498332986e-10,0.005631312052700228,-0.008301193997637612,-0.01528093361535255,2.7878164498332986e-10,0.0,0.0,0.0
3.5,687.8583285323969,-6.150697742852664,3.575813464417479,-0.0001254800649702987,-0.0030507544221175685,0.013783456609221948,0.6002119199008836,-0.5592202433133507,-0.5702371003516169,0.042988515438044134,-2215839.3056773944,-4583682.167650335,3855541.7807772015,0.6513834291964483,-2.021091409792201,16018.139205057174,0.0,1.1930304947464025,-0.2294617109143629,0.011745318460749037,-0.0007092743707319935,-0.013830943240735919,0.0023666458723325284,-0.0001709727759997959,-0.002959353155470359,0.013705782134114186,295.0694685924128,0.1660006192646672,10323.577479950001,216.65,2.331298878186615,0.005198426922426229,-0.0089414498116998,687.8951211166126,39275.72142337789,9.750132862687781,670.8486229211959,2.2869682644644107,152.1728798566155,-52218.760070482465,5013.700982979364,-8337.910779932803,-1.0637665795433922,-98.97263870416914,-4.35177916605402,-0.7985886964118108,0.07667522029998121,0.12751281898607136,0.007569141611563942,-0.00893902676838374,-0.013355043669148182,2.7878164498332986e-10,0.00756881633158872,-0.00893795774697438,-0.013356328960660958,2.7878164498332986e-10,0.005631312052700228,-0.008301193997637612,-0.01528093361535255,2.7878164498332986e-10,0.0,0.0,0.0
3.6,687.289845334288,-6.139451285933993,3.5838633835690006,-0.00014353362938185116,-0.0031508640855886253,0.013781507640363972,0.6000901880043052,-0.559612521074757,-0.5699428376831596,0.043482733035348796,-2215816.1203569807,-4583634.74839266,3855585.848232222,0.6513939464395505,-2.0210913634691607,16002.881295855157,0.0,1.1929595242328175,-0.23084645898311587,0.011977448631041025,-0.0007088236165604506,-0.013866010438930019,0.002272189355478197,-0.00018894303282227944,-0.0030594225131429834,0.013703968331267795,295.0694685924128,0.16639602246145935,10348.16760230006,216.65,2.32937217464602,0.005214438894514663,-0.008932482525055938,687.3266097267542,39304.22712394153,9.750180125930479,670.0802444175092,2.4298497589746355,152.98504644013607,-52275.30058814775,5009.799298954789,-8380.891788089446,-1.127354715635291,-128.60315932275802,-0.6452068748103316,-0.799453378342899,0.07661555130832398,0.12817013346898803,0.0075699993027300875,-0.008939354912563802,-0.01335490760816843,2.7878164498332986e-10,0.007570395733084152,-0.00895807042501036,-0.013356655073433437,2.7878164498332986e-10,0.005631312052700228,-0.008301193997637612,-0.01528093361535255,2.7878164498332986e-10,0.0,0.0,0.0
3.7,686.7218750685427,-6.128306553730038,3.584052032394026,-0.00020878492673405955,-0.0032593811070030865,0.013800666272817104,0.5999639075466963,-0.5600056575864689,-0.5696514711743644,0.04397903902675621,-2215792.91383793,-4583587.318647622,3855629.8030912206,0.6514044514616752,-2.021091314292892,15987.540978773497,0.0,1.1928865444972037,-0.2322358242238093,0.012199570472918787,-0.0007553146367311502,-0.013923807727368629,0.0021776859053798557,-0.0002541117352156703,-0.003167898987232852,0.013723263066392844,295.0694685924128,0.1667986772443777,10373.208700746221,216.65,2.3274470740268396,0.005219026248280493,-0.008923642375602189,686.7585713100657,39334.241830869614,9.750227641323885,669.311277005865,2.5729316244508045,153.79568327011975,-52334.12580592958,4998.855836872968,-8396.60490963834,-2.1486186996760908,-110.78516023231374,35.29790031491328,-0.8003530005078282,0.07644819143408803,0.1284104364029787,0.007564692858328189,-0.008949816837334604,-0.013380371221851914,2.7878164498332986e-10,0.007578569261119651,-0.00898095587314272,-0.013354559125533082,2.7878164498332986e-10,0.005631312052700228,-0.008301193997637612,-0.01528093361535255,2.7878164498332986e-10,0.0,0.0,0.0
3.8000000000000003,686.1543614630644,-6.118367006212241,3.5781410218676934,-0.00021107971186557425,-0.0033278118366630418,0.01382061583178784,0.599833599153159,-0.5604001858624251,-0.5693619498426241,0.044477408124107685,-2215769.6868342906,-4583539.878873258,3855673.648831104,0.6514149446280901,-2.0210912623504225,15972.120934517123,0.0,1.1928110060777504,-0.23363069004648246,0.012414175906566351,-0.0007475376638057285,-0.013967555416310668,0.002121770376179094,-0.00025632428265195094,-0.0032362889072472213,0.013743349568425623,295.0694685924128,0.16720461400543093,10398.453905392184,216.65,2.3255234497218047,0.005214728330589422,-0.008916538341174873,686.1909685086075,39364.8188547575,9.750275400680293,668.5416590631708,2.7158540287189443,154.6049971226418,-52393.754619297026,5001.283276846383,-8389.106950454816,0.7946971843077161,-48.245874651043835,15.059197002117992,-0.8012649121708286,0.0764853146082379,0.12829576907954865,0.007578242300917823,-0.008973951867921168,-0.013363778720606677,2.7878164498332986e-10,0.007583056031604912,-0.008996741793741232,-0.013351484013322519,2.7878164498332986e-10,0.005631312052700228,-0.008301193997637612,-0.01528093361535255,2.7878164498332986e-10,0.0,0.0,0.0
3.9000000000000004,685.5872937551705,-6.108815422112616,3.569663172403949,-0.00018814377561311254,-0.0033439371541382464,0.013827982239616935,0.599702157983935,-0.5607942855076241,-0.5690730038557035,0.044977715000516935,-2215746.4391071647,-4583492.429027811,3855717.3837538273,0.6514254257407529,-2.021091207602988,15956.620018562302,0.0,1.1927373502313166,-0.23502829995985278,0.01262544877689614,-0.0007248987771011072,-0.013980314097009708,0.0021110127370986514,-0.00023330616959800786,-0.003252373641543989,0.013750853043767114,295.0694685924128,0.16761267973542765,10423.831510603504,216.65,2.3236013030650637,0.005206676009939008,-0.008909982756044018,685.6238017160463,39395.68403378643,9.750323407500947,667.7713513999867,2.8584642449213167,155.4131177572276,-52453.84320979349,5001.868688974287,-8376.375963285653,1.0967266789641086,8.99824428484233,5.326343716386284,-0.8021838552688461,0.07649426739661234,0.12810107233773144,0.007591244435839904,-0.008988737229383922,-0.01335562771371001,2.7878164498332986e-10,0.007582041277765249,-0.009001549401575227,-0.013350276183906678,2.7878164498332986e-10,0.005631312052700228,-0.008301193997637612,-0.01528093361535255,2.7878164498332986e-10,0.0,0.0,0.0
4.0,685.0206538748863,-6.0991151106769825,3.561938780489499,-0.00014446523943217852,-0.003317479299838296,0.01383158449924479,0.5995714357485707,-0.5611873381944796,-0.5687833779970717,0.045478825597703304,-2215723.170747392,-4583444.969223326,3855761.0078779254,0.651435894788936,-2.0210911500569857,15941.038351391442,0.0,1.192666219941826,-0.23642610843389048,0.01283768720704062,-0.0006906784499098276,-0.013973860336492717,0.0021394951995697474,-0.0001895452185181529,-0.0032258755950265363,0.013754592125635475,295.0694685924128,0.1680228712626364,10449.341319130224,216.65,2.3216806152916765,0.005199706985416981,-0.008903193610859235,685.057065395421,39426.834137423146,9.750371661421656,667.0003573872295,3.0007512369803724,156.22001149638737,-52514.32212294891,4999.7742699165865,-8368.328284238285,4.330685070209636,50.31996532942778,7.834631417929366,-0.803108767625095,0.07646223715723531,0.12797799807264157,0.00762940970964567,-0.008995882106750579,-0.013351998892117344,2.7878164498332986e-10,0.007578487557379374,-0.008997080517809716,-0.013349763296200629,2.7878164498332986e-10,0.005631312052700228,-0.008301193997637612,-0.01528093361535255,2.7878164498332986e-10,0.0,0.0,0.0
4.1000000000000005,684.454437262101,-6.089572172885966,3.55664584000365,-0.00011723812290548264,-0.0032966344893257697,0.013853266092520468,0.5994425745157779,-0.5615791083306844,-0.5684921024255983,0.045980429682512945,-2215699.881211478,-4583397.499279229,3855804.51782751,0.651446351389801,-2.021091089631649,15925.373566271737,0.0,1.1925982568895923,-0.23782340162315524,0.013053683517191047,-0.000673332546613938,-0.013986283482415571,0.00216945531754676,-0.00016223522754120546,-0.0032049910377909448,0.013776410054997598,295.0694685924128,0.16843525089192699,10474.987205711808,216.64999999999998,2.3197614096766084,0.005196275507897713,-0.008896617461960039,684.4907664144633,39458.282711680964,9.75042016967848,666.2287024142147,3.1429035088478408,157.02552405761176,-52575.15150434711,4988.648385735264,-8384.178405040158,2.3262072719278555,0.28962302300910125,51.3963857656839,-0.8040390397404948,0.07629208747668376,0.12822039615509417,0.007653191709490968,-0.00895051165634476,-0.013381799459176112,2.7878164498332986e-10,0.007577320554558271,-0.008991623824867264,-0.01334738996815012,2.7878164498332986e-10,0.005631312052700228,-0.008301193997637612,-0.01528093361535255,2.7878164498332986e-10,0.0,0.0,0.0
4.2,683.8886072990166,-6.081702793570211,3.5521820664484336,-0.00011134899592450043,-0.003272057623326757,0.013878273172514768,0.5993142353077076,-0.5619709023661887,-0.5681992939689481,0.046483183309477975,-2215676.571833247,-4583350.019933023,3855847.920439251,0.6514567962781113,-2.0210910264997253,15909.630795730278,0.0,1.1925314309475799,-0.23922313928587804,0.013272114916618347,-0.0006785577580505496,-0.014000417286156717,0.002204260450658295,-0.00015626273994006013,-0.0031803745866540774,0.013801553308358954,295.0694685924128,0.16884968350816046,10500.760767538603,216.65,2.3178435795098484,0.005194047809443257,-0.008892472235931332,683.9248732863069,39489.992616860945,9.750468916591608,665.4563889013223,3.284951783264234,157.82968488279275,-52636.2476353751,4997.439647826885,-8381.607397225696,-2.0943311404351865,52.945057461944124,9.75710551407552,-0.804973391294756,0.07642653345977654,0.12818107737815954,0.007627717217011736,-0.00897335857961669,-0.013360479063394005,2.7878164498332986e-10,0.0075801213261536375,-0.00898760172726864,-0.013343416191824834,2.7878164498332986e-10,0.005631312052700228,-0.008301193997637612,-0.01528093361535255,2.7878164498332986e-10,0.0,0.0,0.0
4.3,683.3231727351465,-6.073919272632699,3.550632790272819,-0.00016739732044472364,-0.0032182483383829223,0.013874518853617946,0.5991858946195094,-0.5623637062968957,-0.5679047390377318,0.0469841439168259,-2215653.2420566487,-4583302.531008401,3855891.212331786,0.6514672290704927,-2.0210909605778626,15893.807668456808,0.0,1.1924601372110644,-0.24062221613019064,0.013495107246296031,-0.0007498934466580558,-0.013977011996702288,0.0022561920105441204,-0.00021222718174009823,-0.0031265255808044885,0.013797935335569127,295.0694685924128,0.16926881465016944,10526.826530654167,216.64999999999998,2.315927143230593,0.005196078483944245,-0.008888440441512714,683.3593914517958,39522.58043176193,9.750517909411093,664.683366774735,3.426926520638607,158.63263974489593,-52698.46019222617,5003.442360608908,-8393.42043950548,-3.478627684490564,67.81176642244748,-17.014977122706174,-0.8059248165030353,0.0765183337738602,0.1283617358622395,0.007602788596443712,-0.008980115270545534,-0.01334954062881567,2.7878164498332986e-10,0.007585400594424174,-0.008976837411213837,-0.013343482819898356,2.7878164498332986e-10,0.005631312052700228,-0.008301193997637612,-0.01528093361535255,2.7878164498332986e-10,0.0,0.0,0.0
4.4,682.7581133193567,-6.0648003433940945,3.552683591915742,-0.0002232120031357212,-0.0031650891092552553,0.013856013291211899,0.5990572216261836,-0.5627577506808585,-0.56760871018215,0.047481495964755066,-2215629.8919440224,-4583255.032638572,3855934.3935267334,0.6514776497559627,-2.0210908918656103,15877.904312084429,0.0,1.1923815151220807,-0.24201809344063432,0.013723144633242465,-0.000819667242798919,-0.01394011606234986,0.002302028525329706,-0.0002679575803194776,-0.0030733263591910098,0.013779566491782125,295.0694685924128,0.16969410877085755,10553.27556937547,216.65,2.3140120015671073,0.0052033823683088135,-0.00888244112236097,682.7942916188719,39556.37932081225,9.750567147750871,663.9096408195583,3.5690141304571408,159.4342434340383,-52762.25392358194,5004.797922018996,-8420.137165803684,-2.8016076760837803,51.92637813122073,-26.162711804163436,-0.8069004228309888,0.07653906456137656,0.12877031844057105,0.007592622820219968,-0.008976688973960234,-0.013345707560313088,2.7878164498332986e-10,0.007589047297599162,-0.008965438349896158,-0.013345880291458782,2.7878164498332986e-10,0.005631312052700228,-0.008301193997637612,-0.01528093361535255,2.7878164498332986e-10,0.0,0.0,0.0
4.5,682.1934273872278,-6.05385272618211,3.5573343622772886,-0.00026280461892726605,-0.003133257424850727,0.013835024325057989,0.5989282079908974,-0.5631524429674717,-0.5673117747085632,0.04797564405398748,-2215606.5215468737,-4583207.524973977,3855977.464055338,0.6514880583237099,-2.021090820359128,15861.920868673362,0.0,1.192297009242961,-0.2434104456582535,0.013954780408552605,-0.0008682116532902255,-0.013908773634398585,0.002326612195482833,-0.00030746569746890575,-0.003041454512452187,0.013758714574509672,295.0694685924128,0.17012154461219262,10579.857801690483,216.65,2.312098116717586,0.005214506585407433,-0.008873746475714398,682.2295626333765,39590.445661665326,9.750616631180712,663.135232130931,3.711362085937582,160.23436396039065,-52826.40428196188,5002.080650530818,-8456.067500643538,-1.9989551188131613,21.896615378479368,-23.425532790394946,-0.8078814831051859,0.07649750895391648,0.12931980600447854,0.007590262704951035,-0.008970777058396155,-0.013344962314801687,2.7878164498332986e-10,0.007590455563191477,-0.008958070942816372,-0.01334882379693871,2.7878164498332986e-10,0.005631312052700228,-0.008301193997637612,-0.01528093361535255,2.7878164498332986e-10,0.0,0.0,0.0
4.6000000000000005,681.6291169276677,-6.041276649029752,3.5627280336137996,-0.000291826137389524,-0.0031303361363401293,0.013820404638842716,0.5987984728176233,-0.5635473975628933,-0.5670146246445708,0.048467746005240876,-2215583.1309103733,-4583160.008176368,3856020.4239571346,0.6514984547632492,-2.0210907460524856,15845.85749121476,0.0,1.1922084736250427,-0.24480042495539264,0.014187614284997747,-0.000900139841457756,-0.013894022274282464,0.002326006186975812,-0.00033640269069515897,-0.0030384929720170626,0.013744232267535352,295.0694685924128,0.17055111808282192,10606.572973158021,216.65,2.3101854689905097,0.005226736214695968,-0.00886264363828071,681.6651986849437,39624.77597854063,9.750666359236929,662.3601573606244,3.8540324108952033,161.03291490383958,-52890.94569179049,4996.102595808058,-8494.826079119151,-1.568603120997032,-11.920989174932364,-12.256157699299886,-0.8088685237830964,0.07640608573893237,0.1299125462881972,0.007590650588878063,-0.008963999847758024,-0.013346217349401845,2.7878164498332986e-10,0.007591420989305838,-0.00895661296255927,-0.013351026351882893,2.7878164498332986e-10,0.005631312052700228,-0.008301193997637612,-0.01528093361535255,2.7878164498332986e-10,0.0,0.0,0.0
4.7,681.0651802070139,-6.027710499414264,3.567010419058583,-0.00031785817707380534,-0.003151745463722021,0.01381646263244867,0.598667485280244,-0.5639425095046096,-0.5667178155759125,0.04895911771062853,-2215559.720080066,-4583112.482411744,3856063.273275977,0.6515088390642525,-2.0210906689394594,15829.714338489808,0.0,1.192117431222862,-0.2461898709207739,0.014419346141354357,-0.0009243949015776873,-0.013898182003338097,0.0023061977981205318,-0.00036235030384631,-0.0030598619972367425,0.013740428003158937,295.0694685924128,0.17098282493655353,10633.420819707424,216.65,2.3082740390165446,0.0052373515905273895,-0.008850064040531158,681.1011940582741,39659.36677884516,9.750716331438126,661.5844198333043,3.9969942049122262,161.82986875688167,-52955.91057097508,4988.290518039222,-8528.966322421278,-1.1786810341492309,-34.350850819451495,3.0264824425201313,-0.8098620406362455,0.07628661455667408,0.1304346577354439,0.0075922654029732745,-0.008961181469577329,-0.013348114904144245,2.7878164498332986e-10,0.007593344804951623,-0.008960511420069804,-0.013351801221843096,2.7878164498332986e-10,0.005631312052700228,-0.008301193997637612,-0.01528093361535255,2.7878164498332986e-10,0.0,0.0,0.0
4.800000000000001,680.5016106246721,-6.013991134896233,3.568968290550868,-0.00033510185208427296,-0.003186467598450095,0.013824708448247246,0.5985345991444714,-0.5643381455942622,-0.5664215934516361,0.0494505914737933,-2215536.2891076314,-4583064.947843745,3856106.012055924,0.6515192112163638,-2.021090589015109,15813.491569836624,0.0,1.1920239743787098,-0.24758061039286672,0.014648588811034044,-0.0009378294061964559,-0.013918587283096057,0.0022783068277193335,-0.0003795096747457452,-0.003094543722124688,0.01374881202823456,295.0694685924129,0.17141666091230182,10660.401076341806,216.64999999999998,2.3063638079306017,0.005244565938885,-0.008837233852314559,680.5375431868564,39694.214592142984,9.750766547301206,660.8080125201778,4.14015126291615,162.62524257798324,-53021.30015309391,4980.638646993562,-8554.974626165826,-1.1609514151236995,-42.71301697294954,16.43403649452991,-0.8108620525299156,0.07616959343791874,0.13083240631000229,0.007594148893018684,-0.008960976969856295,-0.013348415091421574,2.7878164498332986e-10,0.007596258845803472,-0.008967528969077078,-0.013350867013753268,2.7878164498332986e-10,0.005631312052700228,-0.008301193997637612,-0.01528093361535255,2.7878164498332986e-10,0.0,0.0,0.0
4.9,679.9383975647369,-6.001390202822602,3.568186278438351,-0.000357989508536381,-0.003222040571637557,0.013855875041871347,0.5983996591549887,-0.5647346628195037,-0.5661256756615604,0.0499430675290463,-2215512.837792998,-4583017.404517482,3856148.638897648,0.6515295710497558,-2.021090506240104,15797.188297340646,0.0,1.1919285739518732,-0.24897463143416054,0.014875255230632118,-0.0009587978739346849,-0.013960604046009465,0.002258366488780079,-0.00040231302629605036,-0.003130076151162851,0.013780117286488197,295.0694685924129,0.17185384127198958,10687.589320192588,216.65,2.304454770253163,0.005247759997692585,-0.008826022704840819,679.9742444538516,39729.59835019649,9.750817009543264,660.0309268474311,4.283368860902483,163.41904701675966,-53087.507814377306,4971.686320094957,-8570.7212123454,-0.10423884233058622,-31.545625883003233,39.33906975009487,-0.8118745754210264,0.07603268426852905,0.13107322102320323,0.0076046785635035885,-0.008965886463274047,-0.013357360895976791,2.7878164498332986e-10,0.0076027034400977045,-0.008975150384457209,-0.013346912152924474,2.7878164498332986e-10,0.005631312052700228,-0.008301193997637612,-0.01528093361535255,2.7878164498332986e-10,0.0,0.0,0.0
5.0,679.37549671945,-5.990490684081725,3.565547564186184,-0.00035997835460227593,-0.0032404966395219222,0.013885460343391215,0.5982633873920856,-0.565131913132233,-0.5658294221981471,0.050436994361980785,-2215489.366731625,-4582969.852805972,3856191.1567205726,0.6515399188722867,-2.021090420687778,15780.806762044318,0.0,1.1918324498642132,-0.25037249499465386,0.015100756201198795,-0.0009627407840296501,-0.013994821801833467,0.0022542478853373343,-0.00040421737882951665,-0.00314849163264016,0.013809841521127596,295.0694685924128,0.17229886506401512,10715.265347051694,216.64999999999998,2.3025468087419743,0.005248224060234481,-0.008817293192113433,679.4112632646503,39766.54916663727,9.75086771132008,659.253112412707,4.426550177608086,164.21142031736397,-53155.80225434438,4970.79478320534,-8580.147152684518,0.2473564512604952,-9.667049968923331,32.78322024845376,-0.8129190117062209,0.07601904987197268,0.13121737322822902,0.007609208493435014,-0.008972944486692459,-0.013349620399168151,2.7878164498332986e-10,0.007607278585385293,-0.008979538689046402,-0.013342683556180944,2.7878164498332986e-10,0.005631312052700228,-0.008301193997637612,-0.01528093361535255,2.7878164498332986e-10,0.0,0.0,0.0
5.1000000000000005,678.812895799413,-5.981063230896346,3.5623485126500154,-0.0003496540664021886,-0.003238489907629293,0.013912254916478859,0.5981266324940516,-0.5655294973159204,-0.5655323271384609,0.050932113373558616,-2215465.8754532887,-4582922.29262159,3856233.562534951,0.651550254338297,-2.0210903322823675,15764.344923065975,0.0,1.1917363909990621,-0.2517732672252591,0.015326731731594238,-0.0009589909653442601,-0.014018876016650372,0.00226870100685141,-0.00039380829099841844,-0.0031464443814650917,0.013836775105770478,295.0694685924128,0.172746070400593,10743.077044152946,216.65,2.300639897793555,0.005247861129656764,-0.008810713736738312,678.8485920644472,39803.753171344535,9.750918658872012,658.474533820778,4.569660188629291,165.0024046510967,-53224.46382741596,4969.966497506397,-8587.846610581197,0.9633645478673079,13.80794846901314,31.94758029195146,-0.813969062608594,0.07600638278459484,0.1313351220992571,0.007623385387909694,-0.008979866309533627,-0.01334786337451034,2.7878164498332986e-10,0.007609911426148754,-0.008979805090174637,-0.013338990273901846,2.7878164498332986e-10,0.005631312052700228,-0.008301193997637612,-0.01528093361535255,2.7878164498332986e-10,0.0,0.0,0.0
5.2,678.2505750698441,-5.97303550216459,3.559747238895829,-0.00022617711442848916,-0.0032261510291494806,0.013941110478637357,0.59799119535207,-0.5659260586114077,-0.5652337951012354,0.05142921005580679,-2215442.3646374196,-4582874.7243547365,3856275.859723249,0.6515605778084271,-2.0210902411105733,15747.805343791842,0.0,1.191644602267757,-0.25317622221780267,0.01555479226597746,-0.0008448013127955818,-0.014041027375879759,0.0022938149431193447,-0.00027024611623781476,-0.0031340654000384335,0.013865769259506408,295.0694685924128,0.17319538764430292,10771.020080745604,216.64999999999998,2.298733988869738,0.0052483767573842785,-0.008806183227137849,678.286216531111,39841.19077872847,9.750969844369916,657.6952077286511,4.712724790035084,165.79197016192114,-53293.42049056304,4969.273822348687,-8600.864792253353,7.29166317702053,17.69019351518222,36.68903569020469,-0.8150236263641717,0.07599578960791877,0.1315342109462,0.0077043744881867575,-0.008976306938981238,-0.01334267217812466,2.7878164498332986e-10,0.0076033447490667355,-0.008977266699757054,-0.01333495524602375,2.7878164498332986e-10,0.005631312052700228,-0.008301193997637612,-0.01528093361535255,2.7878164498332986e-10,0.0,0.0,0.0
5.300000000000001,677.6885343879457,-5.966233937717836,3.558131628028753,-0.00021017660680801886,-0.00320920339086319,0.013959377206696922,0.5978587220417059,-0.5663200172766308,-0.5649335287628157,0.051929552927278896,-2215418.8339963746,-4582827.148001699,3856318.046316381,0.6515708890495825,-2.02109014712175,15731.186725524254,0.0,1.1915621592612158,-0.254581034344301,0.01578548118562157,-0.0008382255029083605,-0.014051652263381044,0.002319193292630311,-0.00025415993640370756,-0.003117078460720248,0.013884173657200509,295.0694685924128,0.17364685207580371,10799.096650933632,216.65,2.296829083148491,0.005250345479941269,-0.008803450662553928,677.724137012224,39878.868324768715,9.751021271786223,656.9151085975412,4.855820276666118,166.58016743880242,-53362.62420209922,4976.705069293666,-8616.216696143965,-3.8386978970336103,21.972699298456497,8.17480678208803,-0.8160819682648208,0.0761094366918881,0.13176898972874665,0.007656043914551046,-0.008975674527533242,-0.013336874590226259,2.7878164498332986e-10,0.0076014864433684185,-0.008973837429020108,-0.01333204267550878,2.7878164498332986e-10,0.005631312052700228,-0.008301193997637612,-0.01528093361535255,2.7878164498332986e-10,0.0,0.0,0.0
5.4,677.1267785190465,-5.959443802018778,3.557565089715729,-0.0003001143940369617,-0.0031913308561770646,0.013957705427851115,0.5977249175452906,-0.5667155496188526,-0.5646323501396634,0.052428091133895266,-2215395.2836306547,-4582779.563722282,3856360.1225445876,0.651581188072925,-2.0210900503199203,15714.489354661666,0.0,1.1914735045722498,-0.2559859105386761,0.01601840665839712,-0.0009359775156883583,-0.014043395930266255,0.002337943772076993,-0.00034401175332496737,-0.0030991663200224096,0.013882640058455764,295.0694685924128,0.17410045591474255,10827.306270856927,216.64999999999998,2.294925161659723,0.005253864518798503,-0.00880072666527154,677.1623479102916,39916.78152404273,9.751072940249758,656.1342281455715,4.999007650939156,167.36701556352227,-53432.15372186363,4982.627681441444,-8635.462826400624,-4.702652573940605,19.760550486080046,-12.172128785786745,-0.8171452927956189,0.07620001201592994,0.13206332345195057,0.007625965505346131,-0.008973799535657774,-0.013333563859657942,2.7878164498332986e-10,0.007610452172259705,-0.008970063760209894,-0.013331937025757202,2.7878164498332986e-10,0.005631312052700228,-0.008301193997637612,-0.01528093361535255,2.7878164498332986e-10,0.0,0.0,0.0
5.5,676.5653127640828,-5.951601893612341,3.557859298001216,-0.0003723332676098945,-0.003177638721761923,0.013943724592813766,0.5975888987003664,-0.5671131083471949,-0.5643308619927179,0.052923509793918314,-2215371.7135997373,-4582731.971664667,3856402.088430001,0.6515914748663504,-2.0210899507028453,15697.71336887125,0.0,1.1913757435494632,-0.25738938178432047,0.016252780793765072,-0.0010138727926624375,-0.014025231173877058,0.002348113492694173,-0.00041614452786216627,-0.003085434112385127,0.013868798207301681,295.0694685924128,0.17455717981465851,10855.709927352993,216.65,2.2930222073506763,0.005258659341629029,-0.008796439878227764,676.6008441935655,39955.152417787576,9.751124849343794,655.3525772876555,5.142321745945697,168.15245594568168,-53502.33443665207,4985.33395009498,-8657.915173269452,-3.0365726048715453,12.705460161409217,-20.914032473116098,-0.8182185761416902,0.07624139935552303,0.1324066902877996,0.007616464448920287,-0.008971145101002592,-0.013332516784209861,2.7878164498332986e-10,0.007616684867077237,-0.008967040415866587,-0.013333717327917036,2.7878164498332986e-10,0.005631312052700228,-0.008301193997637612,-0.01528093361535255,2.7878164498332986e-10,0.0,0.0,0.0
5.6000000000000005,676.0041195494107,-5.942307354013622,3.5585677003871625,-0.0004144805283364093,-0.0031719652599887824,0.013929629359465226,0.5974512422597236,-0.567511705897697,-0.5640293728334611,0.05341652093477,-2215348.1237643715,-4582684.371906884,3856443.942879084,0.6516017492928309,-2.021089848239133,15680.858110231347,0.0,1.1912716948069764,-0.25879105018068665,0.016487758744396726,-0.0010597611465294095,-0.014009915409948741,0.00235063366925412,-0.00045820567173587715,-0.0030797203353633627,0.01385484255080676,295.0694685924128,0.17502232904139248,10884.637554871479,216.64999999999998,2.291120140846558,0.005264072699508732,-0.00878999374342861,676.0396024409678,39995.18762180095,9.751177001082764,654.5701464684411,5.285781259147463,168.93641075140096,-53574.825371644394,4981.790780353263,-8682.488124701464,-0.333216307468395,2.317753681258738,-5.6427486887217215,-0.8193271900038168,0.07618721317221679,0.1327824878215709,0.007628786500987102,-0.008967424906165896,-0.013341820150630459,2.7878164498332986e-10,0.007619463344835726,-0.008965586741018616,-0.013335846416336186,2.7878164498332986e-10,0.005631312052700228,-0.008301193997637612,-0.01528093361535255,2.7878164498332986e-10,0.0,0.0,0.0
5.7,675.4431737796779,-5.932159094926318,3.559149443016961,-0.0004270852661847073,-0.0031737477448319567,0.013926751521726755,0.5973127783308404,-0.567910414524929,-0.5637278111107973,0.05390867315647985,-2215324.514570986,-4582636.764755637,3856485.688090204,0.6516120115821046,-2.021089742981433,15663.92528359592,0.0,1.191165287577484,-0.2601919691025921,0.016722854610595157,-0.0010753834441363898,-0.01400777610696347,0.0023503262479065232,-0.00047072426081994686,-0.003081462517701781,0.013852104567842576,295.0694685924128,0.17548961888749684,10913.698307495304,216.65,2.289218885387072,0.0052693056063053325,-0.008782269862843847,675.4786000028789,40035.44170062589,9.751229390260917,653.786946381087,5.429364144414368,169.7188125685008,-53647.62674820921,4981.1455316122465,-8705.917452896512,-2.3400237064066802,-3.1588297479407994,-7.667427488470673,-0.8204405514917075,0.07617734529426921,0.1331407957675243,0.007620461441732369,-0.008966303373084636,-0.013340130076426746,2.7878164498332986e-10,0.007620234122402435,-0.008965816491560297,-0.013336298650368023,2.7878164498332986e-10,0.005631312052700228,-0.008301193997637612,-0.01528093361535255,2.7878164498332986e-10,0.0,0.0,0.0
5.800000000000001,674.8824774085984,-5.921352730194732,3.558961970699501,-0.0005640834060386138,-0.0031834715543620014,0.013919488079556818,0.5971720404599379,-0.5683105529494733,-0.5634264618788855,0.05439915936700415,-2215300.8856749134,-4582589.150217944,3856527.3217923273,0.6516222614648574,-2.021089634868092,15646.913394996896,0.0,1.191052534348465,-0.2615928109270738,0.016957314871484372,-0.0012130120220060555,-0.014004493877660638,0.0023407970400384937,-0.0006076362580576514,-0.003091145709560568,0.013844981687917701,295.0694685924128,0.17595909058153458,10942.89474922854,216.65,2.2873184419860393,0.005273405518162414,-0.00877355489953439,674.9178371784462,40075.92224266379,9.75128202144737,653.0029502590132,5.573085123391397,170.49971744984708,-53720.767975271185,4982.719648183067,-8726.561156042537,-11.581871434531953,-3.3559222308872516,-23.11889062417505,-0.8215591103601017,0.07620141847598771,0.13345650276558868,0.00753169627556313,-0.008966290183530488,-0.013340074530710604,2.7878164498332986e-10,0.0076311360270353125,-0.008967790616935053,-0.013337134050306943,2.7878164498332986e-10,0.005631312052700228,-0.008301193997637612,-0.01528093361535255,2.7878164498332986e-10,0.0,0.0,0.0
5.9,674.3220242531634,-5.909264820510173,3.5582811106487555,-0.0006757448987873661,-0.0031849538428819477,0.013904546582636072,0.5970262774916922,-0.5687148839197853,-0.5631257883525026,0.054884719587409495,-2215277.2375979275,-4582541.528619454,3856568.8465955537,0.6516324992174322,-2.0210895239634654,15629.824438667856,0.0,1.1909232927777207,-0.26299251224981546,0.017191113007783223,-0.0013266301639616807,-0.013990991434058775,0.0023364826194850283,-0.0007192116690822085,-0.003092586369260129,0.013830182379846132,295.0694685924128,0.17643068908927417,10972.223457492673,216.64999999999998,2.285418776133786,0.005276778685182021,-0.008762921993402702,674.3573037849187,40116.61364437278,9.75133488855213,652.2181608335585,5.716860803205453,171.27914120990067,-53794.31020961509,4977.069663439486,-8745.046815053685,0.6669522053879989,1.3943190227368063,-8.839025764343102,-0.8226838018881395,0.07611501248042152,0.1337392064971997,0.0075629406457655805,-0.00896817977419282,-0.013338586134610414,2.7878164498332986e-10,0.007643411582425005,-0.008968238768104597,-0.013339294951872966,2.7878164498332986e-10,0.005631312052700228,-0.008301193997637612,-0.01528093361535255,2.7878164498332986e-10,0.0,0.0,0.0
6.0,673.7618059467376,-5.896390760524971,3.5574798727756254,-0.0006126372132507205,-0.003183748300184879,0.01390589805746815,0.5968800798843412,-0.5691188774291298,-0.5628250477811032,0.05536988129807547,-2215253.5701771397,-4582493.900030106,3856610.2612026907,0.6516427246790638,-2.0210894102326726,15612.657619184814,0.0,1.1907932016992857,-0.26439151410440986,0.017424915543743598,-0.0012677790580888965,-0.01399162250313104,0.002341024676927214,-0.0006560178671038867,-0.003091339341089844,0.013831676186621051,295.0694685924128,0.17690443636177908,11001.685797424196,216.64999999999998,2.2835198809650206,0.0052799769631568004,-0.008751101652025835,673.7969977965583,40157.51882993221,9.75138799400972,651.432597967834,5.860662614739386,172.0569765254829,-53868.196939186244,4968.929302920607,-8763.774320885712,3.7048936603201574,3.7486410931018317,13.136768654113455,-0.8238137618291782,0.07599052082481117,0.13402560882558237,0.007608545310362129,-0.008968358495968871,-0.013338761115710666,2.7878164498332986e-10,0.007637995810677081,-0.008968049804730796,-0.01333944215377689,2.7878164498332986e-10,0.005631312052700228,-0.008301193997637612,-0.01528093361535255,2.7878164498332986e-10,0.0,0.0,0.0
6.1000000000000005,673.2018056496207,-5.883822855353856,3.556738372819287,-0.0005530313818564356,-0.003180793753898864,0.01392224414933385,0.5967355622186035,-0.5695208055722126,-0.5625234982306709,0.055857158129798155,-2215229.8834870043,-4582446.264609686,3856651.5656491774,0.6516529378376815,-2.021089293675131,15595.41309578158,0.0,1.1906694215182607,-0.265791285743326,0.017659565175142375,-0.001214377189733169,-0.014005542210678897,0.0023529324547864475,-0.0005963257159492938,-0.0030883439270606573,0.013848164063002606,295.0694685924128,0.17738233402004358,11031.406249820307,216.65,2.2816217350785934,0.005283267587711378,-0.00873971353456595,673.2369128985395,40199.08882234858,9.751441337337438,650.6462574475618,6.004495669175817,172.8332234934912,-53942.986257481934,4962.68726298814,-8782.995406674056,1.9271441707724344,5.190704455678613,26.908222101046896,-0.8249575251840083,0.07589506044762315,0.13431955954027983,0.007627597159846216,-0.008968190137863121,-0.013338356083884185,2.7878164498332986e-10,0.007633367433036433,-0.008967472469460329,-0.01333740305335183,2.7878164498332986e-10,0.005631312052700228,-0.008301193997637612,-0.01528093361535255,2.7878164498332986e-10,0.0,0.0,0.0
6.2,672.6419881463868,-5.872320733853977,3.556111288006051,-0.0005326594930258834,-0.0031769399747460843,0.013946781901005241,0.5965918958021725,-0.5699218743485909,-0.5622208470167456,0.05634603661274146,-2215206.177600642,-4582398.622518653,3856692.759968205,0.65166313868093,-2.0210891742899633,15578.091026349925,0.0,1.1905488714496073,-0.26719286536552805,0.017895632923736988,-0.001201297218025749,-0.014026739541949591,0.002368829223300338,-0.0005758671897530689,-0.003084449627108889,0.013872843322275955,295.0694685924128,0.17786794122927715,11061.606159143248,216.65,2.279724242554176,0.00528673234804584,-0.008729888404441784,672.6770207877016,40242.121386913546,9.75149491805671,649.8591069176152,6.148382188092494,173.60790157988865,-54019.73788507145,4959.228215891061,-8803.014171414718,0.375071746343981,5.785768919009088,32.36272445325581,-0.8261312984053845,0.07584216076351814,0.13462570926915968,0.007633389895876938,-0.008967845698500943,-0.013336807425766933,2.7878164498332986e-10,0.007634061111812222,-0.008966683713519136,-0.013334087600339762,2.7878164498332986e-10,0.005631312052700228,-0.008301193997637612,-0.01528093361535255,2.7878164498332986e-10,0.0,0.0,0.0
6.300000000000001,672.0823365466248,-5.862179953451917,3.555599155272094,-0.0005339009250651634,-0.0031730407269218597,0.013972981346491721,0.5964481801581539,-0.5703231621807451,-0.561917028620369,0.0568357593906983,-2215182.4525890755,-4582350.973918534,3856733.844189187,0.6516733271959758,-2.0210890520758316,15560.691566525958,0.0,1.1904283290151236,-0.2685966860190248,0.018133351055411133,-0.0012100647650559364,-0.014049459704368406,0.0023854331201233424,-0.0005770216215431665,-0.0030805099485375852,0.013899184292276486,295.0694685924128,0.17835571800217515,11091.94099361699,216.65,2.277827354796706,0.0052903726083026485,-0.008722070119368904,672.1173071251254,40285.35535678739,9.751548735695835,649.071126530961,6.292344711479667,174.38103678178274,-54096.75898274544,4958.39769502825,-8823.534441646227,-0.2993501383346679,5.6856792967295275,31.094239135060032,-0.8273091926699104,0.07582945949347114,0.13493952859064645,0.007635558961738882,-0.008967406417225628,-0.013334283271042505,2.7878164498332986e-10,0.0076377075769279,-0.008965862588436525,-0.01333042146710095,2.7878164498332986e-10,0.005631312052700228,-0.008301193997637612,-0.01528093361535255,2.7878164498332986e-10,0.0,0.0,0.0
6.4,671.5228473532526,-5.853299710854004,3.555176298669928,-0.0005437883728570686,-0.0031695770211765204,0.013996135072541657,0.5963041040325538,-0.570724960536786,-0.56161210645438,0.05732599693586373,-2215158.708520927,-4582303.318970505,3856774.8183389227,0.651683503369787,-2.0210889270310015,15543.214869277552,0.0,1.1903067237626845,-0.2700026590830602,0.018372666973885718,-0.0012271124267310223,-0.014069507929858217,0.0024004840365361075,-0.0005868217190864676,-0.0030770058254969506,0.013922479662673952,295.0694685924128,0.1788456600504335,11122.410486551933,216.65,2.275931056413343,0.005294150597789544,-0.00871611365258379,671.5577673688538,40328.787350565064,9.751602789791292,648.2823069156709,6.436400933825329,175.15265335942533,-54174.04928286255,4959.8485233207875,-8844.572253411541,-0.1427561338950167,4.511953221359415,24.578191461874106,-0.82849120388451,0.07585164721055386,0.13526126274615574,0.0076384157554193685,-0.008966572871304902,-0.013330814085337121,2.7878164498332986e-10,0.007641959180545263,-0.00896511611477436,-0.01332710626227712,2.7878164498332986e-10,0.005631312052700228,-0.008301193997637612,-0.01528093361535255,2.7878164498332986e-10,0.0,0.0,0.0
6.5,670.9635193057213,-5.845345377121399,3.5547841865426038,-0.000546551186113371,-0.003166851988452193,0.01401259881467714,0.5961594339752173,-0.5711273713298705,-0.5613062549573894,0.05781641171467331,-2215134.9454629477,-4582255.657835445,3856815.682442342,0.6516936671891991,-2.0210887991534343,15525.661085578613,0.0,1.1901833296038542,-0.27141038435938575,0.01861333735074057,-0.0012362094545550024,-0.014083612243294174,0.0024122923917862973,-0.0005894968815727383,-0.0030742403503590176,0.013939085246855575,295.0694685924128,0.17933776314164696,11153.014374734812,216.64999999999998,2.274035332129183,0.005297979435459186,-0.008711525002646575,670.9983970117289,40372.414010941524,9.751657079885675,647.4926399690942,6.580564079216488,175.92277009457956,-54251.61804957304,4962.6433343940935,-8865.6658562838,-0.4257536874637754,3.873442159500086,15.952319961786774,-0.8296774737271104,0.07589438864157858,0.13558385012275467,0.007641765256218141,-0.008966154027460567,-0.013327806914269791,2.7878164498332986e-10,0.0076446751900401694,-0.008964528772588978,-0.013324675007354247,2.7878164498332986e-10,0.005631312052700228,-0.008301193997637612,-0.01528093361535255,2.7878164498332986e-10,0.0,0.0,0.0
6.6000000000000005,670.4043528069277,-5.837792502383098,3.5543768344822366,-0.000552394563777743,-0.0031650350017750385,0.014021666053460008,0.5960144003290954,-0.5715299385184085,-0.5609996883243817,0.05830702384615946,-2215111.163480672,-4582207.9906739555,3856856.4365229052,0.6517038186409372,-2.021088668440899,15508.030364893377,0.0,1.1900590440292758,-0.2728191839840195,0.018855004338180617,-0.001247423638176261,-0.014091182836338319,0.002420402661846164,-0.0005952523841238193,-0.0030723829883293136,0.013948294454914549,295.0694685924128,0.1798320230857324,11183.75239758439,216.64999999999998,2.2721401669645527,0.005301790652508071,-0.00870752537604378,670.4391916337066,40416.23200783626,9.75171160552622,646.7021212730033,6.7248398320175875,176.6913930290986,-54329.471182613735,4966.058021943905,-8886.861638798968,-0.5541064994015082,2.9644646500500924,6.477842294832751,-0.8308680924232004,0.075946609929012,0.13590800014671864,0.00764491575075235,-0.008965543446968632,-0.013324994316444645,2.7878164498332986e-10,0.007646852826514295,-0.008964121027354107,-0.013323257950003919,2.7878164498332986e-10,0.005631312052700228,-0.008301193997637612,-0.01528093361535255,2.7878164498332986e-10,0.0,0.0,0.0
6.7,669.8453423943592,-5.830149230633679,3.5539015450766462,-0.0005608366391959058,-0.0031637493060658827,0.014023680981708786,0.595868947726156,-0.571932510116295,-0.5606926443223761,0.05879758341644904,-2215087.3626395655,-4582160.31764694,3856897.0806037546,0.6517139577116607,-2.0210885348911263,15490.322856683284,0.0,1.1899337702159238,-0.2742284059202973,0.019097313155374177,-0.0012603894133238014,-0.014092400312076153,0.002425305247180212,-0.0006036064336560144,-0.0030710570029696075,0.013950451501651619,295.0694685924128,0.1803327350539498,11214.891671774625,216.64999999999998,2.2702455269353354,0.005305505576519944,-0.008703382108483813,669.8801412071117,40461.2019873598,9.75176636626016,645.9107431860701,6.86922716601668,177.45851834363887,-54408.91555384384,4969.121457104632,-8908.14047050032,-0.577351087118076,2.272414946275302,-0.8345853146953609,-0.8320830461442821,0.07599345946523701,0.13623342025333576,0.007648299378162699,-0.008964901626395993,-0.013323268237333683,2.7878164498332986e-10,0.007647960260080097,-0.008963837895608402,-0.013322861450488277,2.7878164498332986e-10,0.005631312052700228,-0.008301193997637612,-0.01528093361535255,2.7878164498332986e-10,0.0,0.0,0.0
6.800000000000001,669.286461462659,-5.822023116086148,3.553325539371431,-0.0005693644137792438,-0.003162656098087683,0.014020482778007007,0.5957229146020977,-0.5723350893024766,-0.5603853255789246,0.0592877586403354,-2215063.5430061803,-4582112.638917055,3856937.614707369,0.65172408438775,-2.021088398501889,15472.538711639121,0.0,1.1898069958770756,-0.2756375050914054,0.019339992416427268,-0.0012728621304508212,-0.01408884600703326,0.0024280386149021513,-0.0006120460904114222,-0.003069923576478395,0.013947395625032,295.0694685924128,0.1808391972393205,11246.388551933866,216.65,2.268351309722123,0.0053090752000786315,-0.008698508879148019,669.3212155406104,40507.156420433515,9.751821361630972,645.1184813195442,7.013722711538851,178.22412723565927,-54489.73647552087,4971.365769519783,-8929.239909782218,-0.9053522226670467,2.5111510183187407,-5.61433825730332,-0.8333190516411139,0.07602778204439317,0.13655609688695186,0.007650453799981196,-0.008964571068471122,-0.013322213944519984,2.7878164498332986e-10,0.007648440517438527,-0.008963611205189544,-0.013323224883931834,2.7878164498332986e-10,0.005631312052700228,-0.008301193997637612,-0.01528093361535255,2.7878164498332986e-10,0.0,0.0,0.0
6.9,668.7277035915428,-5.813176456791268,3.5526579767450515,-0.0005838587760882444,-0.003161309391276944,0.01401507930722824,0.595576300622423,-0.5727375824115675,-0.560077842435664,0.05977741783132618,-2215039.704648747,-4582064.954648803,3856978.038856302,0.6517341986553643,-2.0210882592711,15454.678082395345,0.0,1.1896787086214675,-0.2770461185494662,0.01958290346450166,-0.0012911476417010789,-0.014083146859787187,0.002430191758187989,-0.000626452277063204,-0.003068536737383322,0.013942134693778295,295.0694685924128,0.18134783756453346,11278.020890596357,216.65,2.266457486750305,0.0053125129041682205,-0.008692548521231871,668.762406202708,40553.289598538206,9.751876591176165,644.3253346081688,7.158315656030761,178.9881989376079,-54570.85582352753,4972.295475407782,-8950.087609810971,-1.140395718611871,3.2467722778144026,-7.15023754064766,-0.8345596210129445,0.07604200016470361,0.13687492363746595,0.0076513355012895,-0.00896432273002487,-0.013321822754084932,2.7878164498332986e-10,0.007649266472000392,-0.008963340934759484,-0.013323950465816893,2.7878164498332986e-10,0.005631312052700228,-0.008301193997637612,-0.01528093361535255,2.7878164498332986e-10,0.0,0.0,0.0
7.0,668.1690647968812,-5.803567477101996,3.5519342128645155,-0.0006037033000703599,-0.0031593194842280065,0.014010095346521746,0.5954290252287873,-0.5731400649244455,-0.5597702191520113,0.06026642162903289,-2215015.847637173,-4582017.265007521,3857018.353074587,0.6517443005007052,-2.021088117196896,15436.741123666056,0.0,1.1895485632450187,-0.2784541356365877,0.01982605952539801,-0.0013150104471550757,-0.014077593624186872,0.002433160069867544,-0.0006462085718658972,-0.0030665067655207567,0.013937293513518677,295.0694685924128,0.18185865162359455,11309.788413753344,216.64999999999998,2.264564043966276,0.005315871300404343,-0.008685435842781903,668.2037090466144,40599.5981510691,9.751932054426902,643.5313065287817,7.302995009637355,179.7507127055622,-54652.27056733129,4971.644353872386,-8970.897872304244,-1.1536700593784828,3.8249263876512227,-4.518570741677273,-0.8358047079134222,0.07603204247330199,0.13719317785058896,0.007652066266501645,-0.008963868188845972,-0.013322511141273013,2.7878164498332986e-10,0.007650502933278434,-0.008962940858300815,-0.013324677229053738,2.7878164498332986e-10,0.005631312052700228,-0.008301193997637612,-0.01528093361535255,2.7878164498332986e-10,0.0,0.0,0.0
7.1000000000000005,667.6105391811706,-5.793342292211387,3.5511935602010194,-0.0006213497423603555,-0.0031565603507362396,0.014007668284978467,0.5952809141837627,-0.5735427832505688,-0.5594624051694159,0.06075462515387928,-2214991.97204291,-4581969.57015949,3857058.557387893,0.6517543899100308,-2.021087972277607,15418.727992363274,0.0,1.189415873058497,-0.27986170290845036,0.020069594939802305,-0.0013371712884999944,-0.014074121334483807,0.0024379042516108037,-0.0006637667090618931,-0.0030637075813533575,0.013935009530177726,295.0694685924128,0.1823716349479163,11341.69084350341,216.64999999999998,2.2626709664433453,0.005319209118568082,-0.008677386871819273,667.6451196679191,40646.07866938912,9.751987750907611,642.7364001255334,7.447752638816233,180.51164843988113,-54733.96907553435,4970.11450670524,-8991.663101907852,-1.1688850897450362,4.772628456421802,-0.4501955286982199,-0.837054134461977,0.07600864630967667,0.1375107433695223,0.0076532287688024165,-0.008963622412700765,-0.013322641704844191,2.7878164498332986e-10,0.007651921190449957,-0.008962386218274077,-0.013325074514018724,2.7878164498332986e-10,0.005631312052700228,-0.008301193997637612,-0.01528093361535255,2.7878164498332986e-10,0.0,0.0,0.0
7.2,667.0521216790904,-5.782740880232016,3.5504828016525765,-0.000640630154457579,-0.0031534072478402175,0.014009634713444331,0.5951320591326624,-0.5739457473653885,-0.559154275841591,0.06124218877272104,-2214968.0779384645,-4581921.870271812,3857098.6518231803,0.6517644668696442,-2.0210878245116786,15400.638847135007,0.0,1.189280869446661,-0.2812691048239296,0.020313710879300523,-0.0013615669287867283,-0.014074574079483437,0.002444773364293743,-0.0006829587035930365,-0.0030605144498791897,0.013937119304232396,295.0694685924128,0.18288678301947361,11373.727898870588,216.64999999999998,2.260778244960073,0.005322596477498903,-0.008668759049832137,667.0866353456564,40692.72794631556,9.752043680137422,641.9406196285657,7.5925847159117295,181.27098869503712,-54815.94207840962,4967.909391084768,-9012.652228979376,-1.1312803100887536,5.339727090094117,4.9823358915440465,-0.8383077588953946,0.07597492317250501,0.13783173298329798,0.0076541381716619785,-0.008963259411285698,-0.01332289936731778,2.7878164498332986e-10,0.007654263239477325,-0.008961735390800295,-0.01332488375558454,2.7878164498332986e-10,0.005631312052700228,-0.008301193997637612,-0.01528093361535255,2.7878164498332986e-10,0.0,0.0,0.0
7.300000000000001,666.4937866738837,-5.772064427642865,3.5498213242583927,-0.0006601742068484078,-0.0031499415645182163,0.014016003914470915,0.5949825028490838,-0.5743490339464813,-0.5588456882763517,0.06172928057938775,-2214944.165397017,-4581874.165512825,3857138.6364081064,0.6517745313658,-2.02108767389757,15382.473848172463,0.0,1.1891436556672534,-0.28267674113273067,0.020558618638902945,-0.001386816454959345,-0.014078990166263225,0.002453695408755811,-0.0007024141825256364,-0.0030570087545119247,0.013943632104477332,295.0694685924128,0.18341200144494324,11406.391229484965,216.64999999999998,2.258885801928621,0.005326062792045056,-0.008660003113907893,666.5282331860245,40741.29739292442,9.752099841630736,641.1439471025697,7.737494809524825,182.02871999972496,-54900.54326826539,4965.744684706701,-9034.408940479001,-0.7787143920017491,5.00086635614097,10.709928071251534,-0.8396015765546154,0.07594181801944812,0.13816446137154853,0.007656456067053499,-0.008962523668216546,-0.013322990111647922,2.7878164498332986e-10,0.007656971270043219,-0.008961009402825208,-0.013324084016499194,2.7878164498332986e-10,0.005631312052700228,-0.008301193997637612,-0.01528093361535255,2.7878164498332986e-10,0.0,0.0,0.0
7.4,665.9355077285813,-5.761615243934183,3.549195262757211,-0.0006710064368245706,-0.00314673491999295,0.014026268322116326,0.5948320944485945,-0.574752908132614,-0.5585365288344056,0.06221590633406923,-2214920.234492318,-4581826.45605353,3857178.511169199,0.6517845833843577,-2.0210875204336136,15364.233157077804,0.0,1.1890037126835753,-0.2840850341678199,0.02080449289901399,-0.001403747015894186,-0.01408710950246803,0.0024639330566798953,-0.0007131576423895057,-0.0030537620626276013,0.013954040412166788,295.0694685924128,0.1839396979502198,11439.208671867127,216.65,2.256993556379922,0.005329587650944854,-0.008651573011080731,665.9698892975235,40790.08973874534,9.75215623489762,640.3463624719551,7.882490089056741,182.78483256305404,-54985.48121313305,4964.191146539512,-9056.248974667467,-0.9857825021733919,5.161481225299589,14.39836666157907,-0.8409005442546567,0.07591805954609321,0.13849846402516602,0.007658545599023773,-0.008962190511915902,-0.013322272967731906,2.7878164498332986e-10,0.007659656466327646,-0.008960334985055074,-0.013322710398134211,2.7878164498332986e-10,0.005631312052700228,-0.008301193997637612,-0.01528093361535255,2.7878164498332986e-10,0.0,0.0,0.0
7.5,665.3772799069543,-5.751576680932775,3.5485948138502312,-0.000687148930620628,-0.003143962509164331,0.014039268413735184,0.5946811938886809,-0.5751570609556715,-0.5582266792398882,0.06270252536671303,-2214896.285297828,-4581778.742065709,3857218.276132339,0.6517946229110392,-2.0210873641180243,15345.916935526766,0.0,1.1888623200822015,-0.2854942640159084,0.021051430659049047,-0.001426207783299026,-0.014097923789534665,0.0024748511341449405,-0.0007292111443396965,-0.003050949651879288,0.013967184584542549,295.0694685924128,0.18446957952390555,11472.162003640075,216.64999999999998,2.2551014967618586,0.005333156507203957,-0.00864374516476316,665.4116002714763,40839.03746820893,9.752212859447926,639.5478636984503,8.02757548736919,183.53932866986332,-55070.66235137436,4963.2685548369445,-9078.450365526307,-0.6368254448710862,4.229404326595527,16.733322969301245,-0.8422032311444868,0.0759039502240013,0.13883799295615862,0.007661516909556897,-0.008961305519541163,-0.013321476277402551,2.7878164498332986e-10,0.0076631387688134555,-0.008959734702073393,-0.013320936277989385,2.7878164498332986e-10,0.005631312052700228,-0.008301193997637612,-0.01528093361535255,2.7878164498332986e-10,0.0,0.0,0.0
7.6000000000000005,664.8190984895152,-5.7420698218607695,3.547978054276287,-0.0006978337620446328,-0.0031416279708309197,0.01405290283983873,0.594529600857053,-0.5755617284325777,-0.5579161182984166,0.063189040043033,-2214872.317886554,-4581731.023721295,3857257.9313230664,0.6518046499315276,-2.021087204948922,15327.52534493152,0.0,1.1887188501872428,-0.28690463443407954,0.021299458777610632,-0.0014432051960107009,-0.014109482795067966,0.0024856408706070555,-0.0007398067484504099,-0.0030485751086933182,0.013980963332781345,295.0694685924128,0.1850016414964056,11505.25093440172,216.65,2.25320960983528,0.005336706450852095,-0.008636703271676057,664.8533622014139,40888.137169146044,9.752269714792297,638.7484466895132,8.17275600400505,184.29221520412565,-55156.08089321392,4963.352167535027,-9100.61456583937,-0.4633687667019779,3.6730916015170396,16.592417677570513,-0.8435095486802724,0.07590522892451956,0.13917695312700773,0.0076651986053880555,-0.008960613696743796,-0.013320099126411114,2.7878164498332986e-10,0.007666056039824084,-0.008959234811116313,-0.013319038266256161,2.7878164498332986e-10,0.005631312052700228,-0.008301193997637612,-0.01528093361535255,2.7878164498332986e-10,0.0,0.0,0.0
7.7,664.2609600394877,-5.733066813354945,3.5473189399967433,-0.0007049594939320987,-0.0031396962354337497,0.014065447277716208,0.5943773828905046,-0.5759668197874408,-0.5576048557144222,0.06367553343032568,-2214848.3323309245,-4581683.301192069,3857297.4767660755,0.6518146644314358,-2.021087042924339,15309.058545890264,0.0,1.1885735900941128,-0.28831614084783946,0.021548532576476216,-0.001456455088375038,-0.014120174234401756,0.0024956614475694448,-0.0007468430229898869,-0.003046603385160136,0.013993652310992232,295.0694685924128,0.18553587922167294,11538.47517521444,216.65,2.251317882629163,0.005340198254677013,-0.008630407433680624,664.2951712599831,40937.385451702256,9.752326800443909,637.9481073654415,8.31803532187923,185.0434994306184,-55241.73420461932,4964.378543194475,-9122.628460384125,-0.6950780007627142,3.7209025010871306,14.22268293591183,-0.8448194565793927,0.07592092542897125,0.13951361465102158,0.007667944811047911,-0.008960177284414087,-0.013318487436426033,2.7878164498332986e-10,0.007668710887421342,-0.008958825114987202,-0.013317250929273054,2.7878164498332986e-10,0.005631312052700228,-0.008301193997637612,-0.01528093361535255,2.7878164498332986e-10,0.0,0.0,0.0
7.800000000000001,663.7028577186726,-5.7244256113241905,3.546609253489971,-0.0007160371285551717,-0.003137849039323475,0.014075691073255854,0.5942246939959281,-0.5763721201576356,-0.5572929359041624,0.06416210183359194,-2214824.3287029956,-4581635.574649657,3857336.912485274,0.6518246663963045,-2.021086878042253,15290.51669827383,0.0,1.1884270974082158,-0.2897286087727567,0.021798562054690024,-0.001473415556749486,-0.014128757737597048,0.0025047399893295837,-0.0007578309899903997,-0.003044716265278119,0.014004040817336342,295.0694685924128,0.18607663619312081,11572.10484790659,216.64999999999998,2.249426287635732,0.005343619445412111,-0.008624645625183797,663.7370193304794,40987.73618316606,9.752384115918131,637.1468379777501,8.46341543785422,185.7931858407987,-55328.91376225628,4966.125007622797,-9144.816467480563,-0.6484882604876475,3.691361282908144,10.671417157308516,-0.846152705572534,0.07594763435023366,0.13985293890229075,0.007670658636682219,-0.008959586169702298,-0.013316853271548787,2.7878164498332986e-10,0.007671377638666825,-0.00895843563689221,-0.013315768674364199,2.7878164498332986e-10,0.005631312052700228,-0.008301193997637612,-0.01528093361535255,2.7878164498332986e-10,0.0,0.0,0.0
7.9,663.1447597180289,-5.71595788499303,3.545847526457132,-0.0007273859906277651,-0.0031357506624567367,0.014082775907866888,0.5940714348121587,-0.5767776650252928,-0.5569804477349096,0.06464855736414869,-2214800.3070751405,-4581587.844267109,3857376.2385029937,0.6518346558113414,-2.0210867103005783,15271.89996213466,0.0,1.1882790201776094,-0.29114178288731296,0.022049449640929898,-0.0014903996943151708,-0.014134311275823144,0.002512870168113527,-0.000769089999841904,-0.003042578015282411,0.014011270572979281,295.0694685924128,0.18662374736542098,11606.129688310239,216.65,2.2475347115081035,0.0053469678866134365,-0.008619135637773718,663.178872967698,41039.14221696218,9.7524416607298,636.3446071759332,8.608900735618594,186.54126888684746,-55417.56360481941,4968.198898288346,-9167.099437548404,-0.5924908745621287,3.9040197817248266,6.987615846323936,-0.8475084398357383,0.07597935064607955,0.14019371543537276,0.007673432360394508,-0.008959026121266275,-0.013315435528635509,2.7878164498332986e-10,0.007673497229859447,-0.008958003870897919,-0.013314724258390864,2.7878164498332986e-10,0.005631312052700228,-0.008301193997637612,-0.01528093361535255,2.7878164498332986e-10,0.0,0.0,0.0
8.0,662.5866603086638,-5.707463130520915,3.5450523534818745,-0.000736739818848939,-0.003133257036345882,0.014086752919439447,0.5939175427746043,-0.5771834521473209,-0.5566674791788591,0.06513472407204424,-2214776.267520271,-4581540.110218984,3857415.454840387,0.6518446326614528,-2.021086539697193,15253.208498067223,0.0,1.1881291043122928,-0.292555369724054,0.022301108910104513,-0.001505183000703255,-0.014136828289312276,0.0025202125300366803,-0.0007783538174099104,-0.0030400445608464604,0.014015392740998545,295.0694685924128,0.1871730546522351,11640.291105061853,216.65,2.245643129304692,0.005350271503472831,-0.0086135756001845,662.6207248121385,41090.68325931121,9.752499434392066,635.5414105362204,8.754489993557353,187.287744096356,-55506.445839564105,4970.219566098421,-9189.267583928522,-0.8018127301341448,4.616728914563705,3.5762604645979965,-0.8488677281046121,0.07601025299745962,0.14053273595396934,0.0076756263826417625,-0.008958694050032296,-0.013314128008007105,2.7878164498332986e-10,0.00767508702018161,-0.00895749719536747,-0.013314112628589144,2.7878164498332986e-10,0.005631312052700228,-0.008301193997637612,-0.01528093361535255,2.7878164498332986e-10,0.0,0.0,0.0
8.1,662.0285572341309,-5.698762893465492,3.5442541179744,-0.0007495185976679276,-0.0031304359750174778,0.014088675730114719,0.5937631044619512,-0.5775893372983498,-0.5563540903184617,0.06562056966482172,-2214752.2101116884,-4581492.372680178,3857454.5615189252,0.6518545969315379,-2.021086366230017,15234.442467240617,0.0,1.18797759340972,-0.29396909376116825,0.02255347788873986,-0.0015232799098429514,-0.014137312367118581,0.002527106345997171,-0.0007910424497641038,-0.0030371837449315628,0.014017460920260984,295.0694685924128,0.18772455331710375,11674.588803601058,216.65,2.243751528724748,0.005353576093995146,-0.008607695879832334,662.0625712342253,41142.35589536716,9.75255743641633,634.7372490868657,8.900180825739668,188.03260201427386,-55595.559167425934,4971.810523399958,-9211.535300086673,-0.9383199839030802,5.142278030913586,1.3752622123664187,-0.8502305505123835,0.07603458372679456,0.14087327920690762,0.007677144137826868,-0.008958274177169604,-0.013313178744939345,2.7878164498332986e-10,0.00767681156233767,-0.008956914480982965,-0.013313807219371861,2.7878164498332986e-10,0.005631312052700228,-0.008301193997637612,-0.01528093361535255,2.7878164498332986e-10,0.0,0.0,0.0
8.200000000000001,661.4704477312539,-5.68975921534712,3.5434737301266255,-0.0007655415009138249,-0.0031272955821983342,0.0140895734360158,0.593608097203144,-0.5779953142066356,-0.556040322536357,0.06610599993652928,-2214728.1349232574,-4581444.631826177,3857493.558560869,0.6518645486065187,-2.021086189897018,15215.60203191638,0.0,1.1878243646612365,-0.29538279070989165,0.02280652980352654,-0.001544622155986912,-0.014136720979206638,0.0025339459178382604,-0.0008069750833217412,-0.0030340036698047333,0.014018504217150637,295.0694685924128,0.18827823859146292,11709.02248737088,216.64999999999998,2.241859897940795,0.005356913293849519,-0.00860134762291802,661.5044087440311,41194.1567279502,9.752615666310655,633.9321245998544,9.045970734217551,188.77583120587792,-55684.90158709523,4972.666801178414,-9234.048672560097,-0.8438006218498626,5.015845832241349,1.3337897956388436,-0.8515968764527482,0.07604767890090326,0.1412175793157405,0.007679007117104396,-0.00895755817752422,-0.01331285396530405,2.7878164498332986e-10,0.007678498340971336,-0.008956259879522178,-0.013313677127520988,2.7878164498332986e-10,0.005631312052700228,-0.008301193997637612,-0.01528093361535255,2.7878164498332986e-10,0.0,0.0,0.0
8.3,660.9123276151441,-5.6804525429655355,3.5427132322642727,-0.0007783318066767745,-0.003124076042329343,0.014090581140759843,0.5934523656448845,-0.578401540593358,-0.5557261966629296,0.0665908531770812,-2214704.042029453,-4581396.887833207,3857532.4459895017,0.6518744876713533,-2.0210860106962087,15196.687355715781,0.0,1.1876688650547982,-0.2967964380469016,0.023060271831459665,-0.0015627966073316609,-0.014136195421535137,0.002540949681033816,-0.0008196749970905794,-0.003030744482609721,0.014019657785798492,295.0694685924128,0.18883564864372193,11743.687815055133,216.64999999999998,2.23996822284143,0.0053602863097543555,-0.008594530372407705,660.9462331777121,41246.41929916574,9.752674123578933,633.1260387819859,9.191857884821788,189.51741812332781,-55774.92301620523,4973.1074851181675,-9256.6961000776,-0.9583999190421798,5.215376544707096,2.1141577940798384,-0.852973586578095,0.07605441834114471,0.14156392954684272,0.007680837596472424,-0.008957103015432103,-0.013312308483783791,2.7878164498332986e-10,0.0076799508555447865,-0.008955590165042814,-0.013313544874567918,2.7878164498332986e-10,0.005631312052700228,-0.008301193997637612,-0.01528093361535255,2.7878164498332986e-10,0.0,0.0,0.0
8.4,660.3541681096086,-5.670892439499032,3.541968688470313,-0.0007936234408183154,-0.0031210822026507775,0.014093071672154569,0.5932960094675598,-0.5788079290002869,-0.5554116831178446,0.06707524578493569,-2214679.93150548,-4581349.140879002,3857571.2238283874,0.6518844141108738,-2.0210858286256026,15177.69860376697,0.0,1.1875114368729363,-0.29821009326136844,0.023314733423429553,-0.0015836074708407161,-0.014137123637944863,0.00254835418474886,-0.0008348761114790028,-0.0030277110547512654,0.014022294424448224,295.0694685924128,0.18940253732535128,11778.942618640996,216.65,2.238076407301063,0.005363689506269982,-0.008587318361965244,660.3880161715412,41300.39111065043,9.752732807720463,632.3189702457921,9.337844688988195,190.25734232555496,-55867.311985448105,4973.247072051527,-9279.87128862455,-1.0236092689234753,5.135352766728751,4.004555011475949,-0.8543865038210726,0.07605655306335943,0.14191835090012317,0.007682122381051931,-0.00895654977933737,-0.01331197895341505,2.7878164498332986e-10,0.00768198988700544,-0.00895495519108535,-0.013313225359306092,2.7878164498332986e-10,0.005631312052700228,-0.008301193997637612,-0.01528093361535255,2.7878164498332986e-10,0.0,0.0,0.0
8.5,659.7959515139256,-5.661193400233329,3.541225673687544,-0.0008111138406922077,-0.003118216416784149,0.014097435238493713,0.5931390278287191,-0.5792145140298381,-0.5550967385908068,0.06755924157178618,-2214655.803427552,-4581301.391143913,3857609.8921005125,0.6518943279095721,-2.021085643683166,15158.635943062603,0.0,1.1873520980655725,-0.29962391583751496,0.023569965870455345,-0.0016068275776420608,-0.01413983081341247,0.0025564081512744253,-0.0008522758498912861,-0.0030248057369054375,0.014026804340688702,295.0694685924128,0.1899716324730565,11814.3346423384,216.65,2.236184394420716,0.005367101242304757,-0.008579884335570463,659.8297409363671,41354.477007201975,9.752791718228805,631.5109073719291,9.48393158375721,190.99559120515755,-55959.91124968759,4973.011236379547,-9303.227272290342,-0.7825930920372439,4.533037710537473,6.928262961713046,-0.8558026371344237,0.07605294639591655,0.1422755371780797,0.007684270537809598,-0.008955728018507882,-0.013311870227639393,2.7878164498332986e-10,0.007684266135722916,-0.008954346700726045,-0.013312660125793577,2.7878164498332986e-10,0.005631312052700228,-0.008301193997637612,-0.01528093361535255,2.7878164498332986e-10,0.0,0.0,0.0
8.6,659.237673400728,-5.651507211247227,3.540463293867373,-0.0008229407325556135,-0.0031155583910282892,0.014103705637330434,0.5929812594499173,-0.5796215049692701,-0.5547813242047644,0.06804277428279232,-2214631.6578723607,-4581253.638809086,3857648.450829285,0.6519042290519022,-2.0210854558668845,15139.499541586265,0.0,1.1871903242392032,-0.3010381206660753,0.023826034117383904,-0.0016245816632600605,-0.014144376547713607,0.0025650572385038485,-0.0008640119197629946,-0.0030221081917319384,0.014033221380105683,295.0694685924128,0.1905429290718691,11849.863574266481,216.65,2.2342921732369265,0.0053704898831608726,-0.008572458010873885,659.2714042372071,41408.67353818389,9.752850854594476,630.7018509134548,9.630117580412318,191.7321580951535,-56052.71250832885,4972.9468580404355,-9326.463572218097,-0.8729026446587319,4.646623573439074,8.995377000412761,-0.8572218595760074,0.0760519618491016,0.14263089311613134,0.007686464829447126,-0.00895527778360939,-0.013311192352380723,2.7878164498332986e-10,0.007686369134166352,-0.008953790204848995,-0.013311817123938943,2.7878164498332986e-10,0.005631312052700228,-0.008301193997637612,-0.01528093361535255,2.7878164498332986e-10,0.0,0.0,0.0
8.700000000000001,658.6793296634551,-5.641940824594603,3.539678309707287,-0.0008369480345946546,-0.00311310672498173,0.01411179002894113,0.5928228879074641,-0.5800287491291344,-0.5544653730717302,0.0685260807490884,-2214607.494916774,-4581205.884055889,3857686.900038322,0.6519141175223158,-2.021085265174752,15120.28956766706,0.0,1.1870267618326122,-0.30245286432171464,0.024082996566072996,-0.001644703676584921,-0.014150675471049735,0.0025742586842290092,-0.0008779282246491315,-0.003019617060088286,0.014041452641270047,295.0694685924128,0.19111642209650545,11885.529101902885,216.65,2.232399732877369,0.005373850486836083,-0.008565201818226415,658.7130028659697,41462.97726181957,9.752910216306944,629.8918009126653,9.776402251309346,192.46703920083792,-56145.70968297056,4973.069240135458,-9349.741470695542,-0.8739240215691276,4.6154785476839395,10.575733334047719,-0.858644078187994,0.07605383345535184,0.142986885226538,0.0076883139527854335,-0.008954706553389574,-0.013310532990740634,2.7878164498332986e-10,0.007689072044927426,-0.00895327024625392,-0.013310714393051069,2.7878164498332986e-10,0.005631312052700228,-0.008301193997637612,-0.01528093361535255,2.7878164498332986e-10,0.0,0.0,0.0
8.8,658.120916461994,-5.632580540062738,3.5388663509949345,-0.0008516839539302269,-0.0031105907584764126,0.014120778983818357,0.5926639050280568,-0.5804362838993534,-0.5541488480438862,0.06900920355285545,-2214583.3146377783,-4581158.127065865,3857725.239751379,0.6519239933052602,-2.0210850716047726,15101.006189889275,0.0,1.1868613923798639,-0.30386827652480247,0.02434090282586763,-0.001665716868192585,-0.014157782652761774,0.002583920608390071,-0.0008925729595325733,-0.003017061677067047,0.014050588695374313,295.0694685924129,0.1916921065140637,11921.330912251475,216.65,2.2305070627425327,0.005377176374106744,-0.008558247357862403,658.1545336950628,41517.384752558195,9.752969802854926,629.0807561443238,9.922785515649714,193.20023488458116,-56238.896724770755,4973.513139189596,-9373.056910350062,-0.5985063642906179,4.387910626162604,11.471700942976533,-0.8600692004646097,0.07606062206478079,0.14334345145934088,0.007691188381129192,-0.008953979968703417,-0.013309727005686736,2.7878164498332986e-10,0.007691737017298267,-0.008952742746315022,-0.013309476874999527,2.7878164498332986e-10,0.005631312052700228,-0.008301193997637612,-0.01528093361535255,2.7878164498332986e-10,0.0,0.0,0.0
8.9,657.5624114752653,-5.623464463106819,3.5380234619737516,-0.0008612197145423312,-0.0031079866414258014,0.014129742105564063,0.5925042080948438,-0.5808442286565259,-0.5538317416358601,0.06949206662485548,-2214559.1171124973,-4581110.368021173,3857763.4699917156,0.65193385638506,-2.021084875154918,15081.64957701508,0.0,1.1866938602893888,-0.3052844175279292,0.02459978383757058,-0.0016815935193954857,-0.014164825453469788,0.0025937071621699418,-0.0009020173427458082,-0.0030144181672683715,0.014059699181276957,295.0694685924128,0.1922786603654805,11957.808692624152,216.65,2.228614088206459,0.005380461624608408,-0.008551653631407414,657.5959747046445,41573.76762548746,9.753029613726557,628.2686970479797,10.069271255719027,193.93174052394613,-56334.80971317896,4974.701774328441,-9396.660540127341,-0.7066638448335166,4.7802084964845495,10.965357943223072,-0.8615360110184889,0.0760788000258193,0.14370442502341982,0.007693821352511131,-0.008953541733962102,-0.013308571217088538,2.7878164498332986e-10,0.007694000506850318,-0.008952205036095298,-0.013308219172355518,2.7878164498332986e-10,0.005631312052700228,-0.008301193997637612,-0.01528093361535255,2.7878164498332986e-10,0.0,0.0,0.0
9.0,657.0037915697413,-5.614553633213044,3.5371605147173666,-0.0008721856736034274,-0.003105293040498131,0.014138133337362581,0.5923439535855082,-0.5812524159519683,-0.5535140446412233,0.06997479498681028,-2214534.9024184644,-4581062.607105957,3857801.590780902,0.65194370674564,-2.021084675823065,15062.219898350537,0.0,1.1865246825367355,-0.30670123650328207,0.02485964166382613,-0.0016988976521767356,-0.014171298304665514,0.002603397385233766,-0.0009128917353270512,-0.0030116852373049115,0.014068237996115028,295.0694685924128,0.19286790620088898,11994.45388746453,216.64999999999998,2.2267207299257925,0.005383722873131385,-0.008545362561166435,657.0373024829132,41630.34631085577,9.753089648408311,627.4556030524415,10.215863595409783,194.66155023036262,-56431.04058865097,4976.273246096032,-9420.309448779008,-0.8205589574873362,5.140149060585919,9.601149005840648,-0.8630076830630573,0.0761028327601974,0.1440660910435667,0.0076958745019617926,-0.008953056489797018,-0.01330738963070767,2.7878164498332986e-10,0.007696475067285663,-0.00895164348960726,-0.013307026993825518,2.7878164498332986e-10,0.005631312052700228,-0.008301193997637612,-0.01528093361535255,2.7878164498332986e-10,0.0,0.0,0.0
9.1,656.4450534813118,-5.605779551216016,3.536289413722417,-0.0008858660494468947,-0.0031023767952152712,0.01414535080936873,0.5921831692201964,-0.5816607978903764,-0.553195777994178,0.07045737346181374,-2214510.6706333747,-4581014.844505158,3857839.6021399857,0.6519535443707825,-2.0210844736070506,15042.71732350532,0.0,1.1863539313625906,-0.3081186351962345,0.025120458591865465,-0.001718879843423519,-0.014176593530615757,0.002612882441103636,-0.0009264803637771676,-0.003008729736388734,0.014075603263141178,295.0694685924128,0.19345936276616185,12031.23656758143,216.65,2.2248269750603544,0.005386978221170393,-0.00853927061866088,656.4785132411241,41687.01411689795,9.753149906385723,626.6414725721725,10.362563114278192,195.38966314715086,-56527.44676465521,4977.985548558061,-9444.098822845339,-0.6326089427665916,5.021086854010888,8.189338721265681,-0.8644820360028315,0.07612901923779987,0.144429905220664,0.007698517729643387,-0.00895231175224051,-0.013306358703062997,2.7878164498332986e-10,0.00769883851632116,-0.008951034995954784,-0.013305999334280543,2.7878164498332986e-10,0.005631312052700228,-0.008301193997637612,-0.01528093361535255,2.7878164498332986e-10,0.0,0.0,0.0
9.200000000000001,655.8861950143414,-5.597065595647584,3.5354146018859227,-0.0008963916946522901,-0.0030993090794858317,0.014151049017615831,0.5920217318612697,-0.5820694738485804,-0.5528769881577581,0.07093964022313047,-2214486.4218349745,-4580967.080403929,3857877.504090168,0.6519633692442666,-2.021084268504701,15023.142022353597,0.0,1.186181167306136,-0.30953649969958597,0.025382203827030683,-0.0017356089990452329,-0.01418041658652769,0.002621962635096209,-0.00093691409104033,-0.0030056228128327754,0.014081449519783696,295.0694685924128,0.19405302490950802,12068.156412584996,216.64999999999998,2.2229328140262496,0.005390234447137559,-0.00853326152672255,655.9196041513624,41743.767597061546,9.753210387143518,625.8263056596561,10.509370326551334,196.11607625461934,-56624.025282235496,4979.813462632001,-9467.881913407431,-0.704004527569588,5.221552025536278,6.5338377522254385,-0.8659590245860863,0.07615697377972101,0.14479362330326478,0.007700975974774145,-0.008951758745576266,-0.013305273618322951,2.7878164498332986e-10,0.0077007013546782944,-0.008950398394372944,-0.013305177895220364,2.7878164498332986e-10,0.005631312052700228,-0.008301193997637612,-0.01528093361535255,2.7878164498332986e-10,0.0,0.0,0.0
9.3,655.3272141423279,-5.588321047901487,3.5345425951020113,-0.000906878674109316,-0.003096264019482658,0.014155566027357801,0.5918596946889592,-0.5824783577566314,-0.5525577077858683,0.07142159390685013,-2214462.1561011095,-4580919.314987679,3857915.2966529205,0.651973181349877,-2.0210840605138394,15003.494165149517,0.0,1.1860065584540478,-0.31095469442361917,0.025644836145316322,-0.001752186922328694,-0.014183146768339799,0.002630597829794795,-0.0009473089946212565,-0.0030025386103910805,0.014086114815980627,295.0694685924128,0.1946488874676126,12105.213101368705,216.64999999999998,2.2210382374498097,0.0053935015144253515,-0.00852719709948246,655.3605724477445,41800.60331819177,9.753271090165264,625.0101035160228,10.656285126490856,196.84078331619716,-56720.77327307164,4981.60458032761,-9491.712386829564,-0.9247798130079184,5.561853905154245,4.928447696613106,-0.8674386049472058,0.07618436558955576,0.14515806601847614,0.007702698304059042,-0.008951311079777195,-0.013304204971657903,2.7878164498332986e-10,0.007702587390485461,-0.008949761788131196,-0.013304520310132559,2.7878164498332986e-10,0.005631312052700228,-0.008301193997637612,-0.01528093361535255,2.7878164498332986e-10,0.0,0.0,0.0
9.4,654.7680945523513,-5.5794718020221525,3.5336744230955897,-0.0009222222696850244,-0.0030932189830870514,0.014159375065615829,0.5916971422794314,-0.5828873360761954,-0.5522379599066639,0.07190327452811457,-2214437.8735099435,-4580871.54844251,3857952.9798499793,0.6519829806713567,-2.021083849632286,14983.773922910914,0.0,1.1858303882043317,-0.31237310966275966,0.02590831775000392,-0.0017735692906020236,-0.014185215071712411,0.0026389913292088796,-0.000962560367312096,-0.0029994545219835904,0.014090072354791969,295.0694685924128,0.19525474507219256,12142.891382030575,216.64999999999998,2.219143187929864,0.005396781159694173,-0.00852096423494299,654.8014011929379,41859.188182431186,9.753332014932191,624.192854125522,10.803308680028525,197.56377293252444,-56819.9565063063,4983.227906968048,-9516.140933262142,-0.7854765494405055,5.192885480901156,4.55687021324888,-0.8689554278060379,0.0762091913476528,0.14553165514668404,0.007704694207220801,-0.008950507701909846,-0.01330361236785341,2.7878164498332986e-10,0.007704671197175352,-0.008949119174306859,-0.013303981289889698,2.7878164498332986e-10,0.005631312052700228,-0.008301193997637612,-0.01528093361535255,2.7878164498332986e-10,0.0,0.0,0.0
9.5,654.2088075178513,-5.570499711823656,3.5327965358741964,-0.0009352799603052337,-0.003090177162611792,0.014162798065622326,0.591533914904305,-0.5832965589240916,-0.5519177769320659,0.0723845243342474,-2214413.574140565,-4580823.7809570525,3857990.553702271,0.6519927671920905,-2.0210836358578073,14963.98146829661,0.0,1.1856521174501065,-0.31379171581084947,0.026172630502205977,-0.001792653100219756,-0.014186919834432207,0.0026472746168105165,-0.0009755256924384439,-0.0029963737054450983,0.014093644124291808,295.0694685924128,0.19586450701394809,12180.812473397114,216.64999999999998,2.2172475673515213,0.005400052942967108,-0.008514535136842466,654.2420614362335,41918.204432700026,9.753393160920483,623.3745340975039,10.950443590593567,198.28502961364464,-56919.78949919396,4984.66182770398,-9540.636520960761,-0.7686308259804058,5.107272338056649,4.703616799389265,-0.8704821875288163,0.07623112049514157,0.1459062695462155,0.007706887311374302,-0.0089498570161457,-0.013302982013416216,2.7878164498332986e-10,0.007706415921735062,-0.008948482518491422,-0.013303504328661994,2.7878164498332986e-10,0.005631312052700228,-0.008301193997637612,-0.01528093361535255,2.7878164498332986e-10,0.0,0.0,0.0
9.600000000000001,653.6493495815687,-5.561412163429355,3.5319051123822955,-0.0009464399830046316,-0.00308724821780352,0.014166534831500788,0.5913700069504328,-0.583706029660135,-0.5515971607642015,0.07286534172563845,-2214389.2580726924,-4580776.012721222,3858028.018230708,0.6520025408953231,-2.021083419188172,14944.116975091398,0.0,1.185471731718113,-0.3152105154161189,0.026437774425595147,-0.0018098787402169247,-0.014188950766334536,0.0026556173945355525,-0.000986593207150914,-0.0029934058207319943,0.014097529929710282,295.0694685924128,0.19647648830605355,12218.87158614812,216.65,2.2153513641495497,0.005403311029600866,-0.008507920640580662,653.6825497650844,41977.28777026207,9.75345452760287,622.5551450758384,11.0976878836299,199.00454393065584,-57019.77762253531,4985.952277315901,-9565.073635932016,-0.9858699483178119,5.472694100774267,4.944809318101094,-0.8720113196830087,0.07625085551895251,0.14627998971426656,0.007708509282228176,-0.008949436428718734,-0.013302187861924155,2.7878164498332986e-10,0.007708234721164446,-0.008947870496880582,-0.013302984600820418,2.7878164498332986e-10,0.005631312052700228,-0.008301193997637612,-0.01528093361535255,2.7878164498332986e-10,0.0,0.0,0.0
9.700000000000001,653.0897180171672,-5.552234222473616,3.5310038419330314,-0.0009627275031473594,-0.003084342150281786,0.014171105168102419,0.5912055595646019,-0.5841156125624092,-0.5512760839528476,0.07334587076522212,-2214364.9253864456,-4580728.243925278,3858065.373456843,0.6520123017643306,-2.0210831996211907,14924.180617854,0.0,1.1852897116148724,-0.3166295381319104,0.026703767915828132,-0.0018323608996622612,-0.01419175681683729,0.0026643062388462327,-0.0010027880735118796,-0.0029904609029140403,0.01410224952966221,295.0694685924128,0.19709068357073903,12257.068385840112,216.65,2.2134545698820793,0.005406561058374401,-0.008501158676428871,653.1228636885528,42036.43471624842,9.753516114449722,621.7346892356081,11.245039297318975,199.72230812200905,-57119.91653631168,4986.9073380258915,-9589.680330897621,-0.8205856477233752,5.182467357021362,6.242410471113775,-0.8735427578961111,0.07626546139405097,0.14665630329254883,0.0077103735623516734,-0.00894865684641762,-0.013301819163332361,2.7878164498332986e-10,0.007710536738295279,-0.008947256996679654,-0.013302365680284539,2.7878164498332986e-10,0.005631312052700228,-0.008301193997637612,-0.01528093361535255,2.7878164498332986e-10,0.0,0.0,0.0
9.8,652.5299102825672,-5.543036321571092,3.530086805246429,-0.0009765153945715885,-0.0030813652481627065,0.014176429457113173,0.5910404205787692,-0.5845254829097929,-0.550954537270356,0.07382600445034793,-2214340.5761623513,-4580680.474759834,3858102.619402924,0.6520220497824264,-2.021082977154714,14904.172571953386,0.0,1.1851055414564242,-0.31804887873402193,0.026970649672892418,-0.001852495556203467,-0.014195227487453005,0.0026734098731035503,-0.001016483156228436,-0.0029874452024932284,0.014107723352807038,295.0694685924128,0.19770708740527276,12295.402536477235,216.64999999999998,2.2115571778595275,0.005409793961213628,-0.008494356821423098,652.563001232747,42095.641861535296,9.753577920928915,620.9131685308571,11.392496120303882,200.43831658554996,-57220.19975190756,4987.838577015941,-9614.264351999647,-0.7123151496416807,5.117743284679823,7.473017678639957,-0.8750764029368323,0.0762797029603024,0.14703227011630965,0.007712748650753334,-0.008947982571090389,-0.013301248034788285,2.7878164498332986e-10,0.007712593098938774,-0.008946635322220899,-0.013301642065929736,2.7878164498332986e-10,0.005631312052700228,-0.008301193997637612,-0.01528093361535255,2.7878164498332986e-10,0.0,0.0,0.0
9.9,651.9699081133954,-5.533877293308328,3.529152279987997,-0.0009868425058907552,-0.003078413117771552,0.01418256654574511,0.5908745769461585,-0.5849356741962489,-0.550632495826244,0.07430575944093681,-2214316.210481281,-4580632.705416088,3858139.756091375,0.6520317849328799,-2.021082751786605,14884.093013408594,0.0,1.1849191734128341,-0.319468618043427,0.027238460979454284,-0.001869302022670388,-0.014199452921587398,0.002682860176218381,-0.0010267172958190018,-0.0029844543215241234,0.014114010251460361,295.0694685924128,0.19833346226386692,12334.356785038679,216.65,2.209659127848271,0.005413007206602209,-0.00848760543552823,652.0029446245637,42156.55485143458,9.753639946506343,620.0905697552718,11.540059925443593,201.15255925553853,-57322.86408510401,4989.125490835519,-9639.138490879153,-0.9255507313596508,5.5797835593574785,8.026100362092695,-0.8766464627372695,0.07629938391075361,0.14741267375123585,0.0077146327316037315,-0.008947567789671746,-0.01330038324006398,2.7878164498332986e-10,0.007714649197252638,-0.008946021796590422,-0.013300793149331608,2.7878164498332986e-10,0.005631312052700228,-0.008301193997637612,-0.01528093361535255,2.7878164498332986e-10,0.0,0.0,0.0
10.0,651.4096833913494,-5.524789132250315,3.5282047380370223,-0.001001383337478619,-0.0030754529498730468,0.01418944560732772,0.5907081911451976,-0.5853460366950415,-0.550309920606637,0.07478530270058244,-2214291.8284248076,-4580584.936087488,3858176.783543446,0.6520415071985894,-2.0210825235146572,14863.942119378597,0.0,1.1847311511340886,-0.32088880309811163,0.027507236293001065,-0.0018904552921131385,-0.014204356299355476,0.0026926539502367835,-0.0010411649875299279,-0.002981455488520468,0.01412103934996562,295.0694685924128,0.19896410724385014,12373.576592422758,216.65,2.207760325557959,0.005416207845234584,-0.008480954120249067,651.4426660417994,42217.94990048743,9.7537021906444,619.2668696427781,11.687734196387934,201.86502459262044,-57426.24823322386,4990.438297769279,-9664.281270522124,-0.8365640695943147,5.333649985807875,8.8920402360358,-0.8782275307665608,0.07631946084816954,0.1477971857463914,0.007716644809330788,-0.008946761361566788,-0.013299870358359354,2.7878164498332986e-10,0.007717070313095033,-0.008945396689543644,-0.013299847703047115,2.7878164498332986e-10,0.005631312052700228,-0.008301193997637612,-0.01528093361535255,2.7878164498332986e-10,0.0,0.0,0.0
