t_s,u_b_mps,v_b_mps,w_b_mps,p_b_rps,q_b_rps,r_b_rps,q0,q1,q2,q3,x_e_m,y_e_m,z_e_m,lat_rad,long_rad,h_m,m_fuel_kg,phi_rad,theta_rad,psi_rad,phi_dot_rps,theta_dot_rps,psi_dot_rps,p_nb_rps,q_nb_rps,r_nb_rps,cs_mps,rho_kgpm3,p_kgpms2,T_K,mach,alpha_rad,beta_rad,true_airspeed_mps,qbar_kgpms2,g_mag_mps2,u_n_mps,v_n_mps,w_n_mps,Fx_b_kgmps2,Fy_b_kgmps2,Fz_b_kgmps2,l_b_kgm2ps2,m_b_kgm2ps2,n_b_kgm2ps2,n_x,n_y,n_z,dela_ach_rad,dele_ach_rad,delr_ach_rad,delt_ach_pct,dela_cmd_rad,dele_cmd_rad,delr_cmd_rad,delt_cmd_pct,dela_trim_rad,dele_trim_rad,delr_trim_rad,delt_trim_pct,W_N_mps,W_E_mps,W_D_mps
0.0,0.0,0.0,0.0,0.17453292519943295,0.3490658503988659,0.5235987755982988,0.7071067811865476,0.0,-0.7071067811865475,0.0,6387281.0,0.0,0.0,0.0,0.0,9144.0,0.0,0.0,2.220446049250313e-16,0.0,0.17446000404796605,0.3490658503988659,0.5235987755982988,0.17446000404796594,0.3490658503988659,0.5235987755982988,303.2301162993323,0.45904119204140337,30148.707841120464,228.7993742033871,0.0,0.0,0.0,0.0,0.0,9.752107781729656,0.0,0.0,0.0,0.0,0.0,0.0,0.0,0.0,0.0,0.0,0.0,-0.0,0.0,0.0,0.0,0.0,0.0,0.0,0.0,0.0,0.5,0.0,0.0,1.0,0.0,0.0,0.0
0.1,-0.0340786003621761,0.017504475492181183,0.9744557579513033,0.16497101052075835,0.3566246766779263,0.5200049533318754,0.7192027367323406,-0.012449682648812185,-0.6942559498255931,0.024442126237726906,6387280.951059362,1.143994792931454e-06,-1.5157073122664374e-06,-2.3889785125810414e-13,1.791051312423039e-13,9143.951059361609,0.0,0.01788598229637754,0.034824444747424466,0.05250147163322019,0.18323407250921706,0.3472711700986388,0.5266179583858331,0.16489823445822346,0.3566284572558212,0.5200023496872154,303.23032643885426,0.45904390525381916,30148.92802748663,228.79969140620742,0.003216073678365277,1.60564293742972,0.017891818388761672,0.9752110757376427,0.21898231281165811,9.752107932198074,-1.689659285838511e-05,1.5513616498129733e-05,0.9752107948061843,0.0,0.0,0.0,0.0,0.0,0.0,0.0,0.0,0.0,0.0,0.0,0.0,0.0,0.0,0.0,0.0,0.0,0.5,0.0,0.0,1.0,0.0,0.0,0.0
0.2,-0.1354154804556865,0.07138924014715288,1.9444001370303985,0.15527698372997392,0.3637073905915095,0.5165444278974978,0.7307883852352088,-0.02511825041902952,-0.6804204165777389,0.0483935557996837,6387280.80477774,3.663834833097442e-06,-3.1799661915275727e-06,-5.012096343525457e-13,5.736141787733304e-13,9143.804777739258,0.0,0.036648548722852656,0.06942307394387755,0.10536263676611664,0.19202517573545008,0.34454445980767523,0.5307986648702737,0.1552046420973337,0.36371486988957935,0.5165391198371838,303.23095453753086,0.45905201493785713,30149.58615578086,228.80063951282602,0.006432132021822536,1.6402727239467088,0.03657965875200574,1.9504215412211339,0.8738486113397943,9.752108381942204,-1.6907590012095925e-05,3.67895131128948e-05,1.9504212584965521,0.0,0.0,0.0,0.0,0.0,0.0,0.0,0.0,0.0,0.0,0.0,0.0,0.0,0.0,0.0,0.0,0.0,0.5,0.0,0.0,1.0,0.0,0.0,0.0
0.30000000000000004,-0.3028562484780439,0.16379262110234324,2.9053014641141854,0.14546346168247248,0.3703159403402117,0.5132326861721386,0.7418306825505376,-0.03801738256299885,-0.6656440815040128,0.07183051217485494,6387280.561130983,8.905150412541082e-06,-5.086752158796606e-06,-8.017472934395859e-13,1.3942006034199106e-12,9143.561130982824,0.0,0.05629205913363734,0.10370218868767284,0.1586985875145249,0.2008898245103395,0.340865222510362,0.5361273342454944,0.14539184369063254,0.37032702669295803,0.5132245959303854,303.23200069905687,0.45906552243237236,30150.682334655765,228.80221867976888,0.009648165973747005,1.674663808772603,0.05601465550773094,2.9256326712958685,1.9646458519744678,9.752109131036361,-1.6838684455955377e-05,7.238358937020076e-05,2.925631935055534,0.0,0.0,0.0,0.0,0.0,0.0,0.0,0.0,0.0,0.0,0.0,0.0,0.0,0.0,0.0,0.0,0.0,0.5,0.0,0.0,1.0,0.0,0.0,0.0
0.4,-0.5350153263936271,0.2967653848967308,3.8525565157236494,0.1355418830113118,0.3764506141326483,0.5100850673550259,0.7522942525416055,-0.05115833903497158,-0.6499685038755401,0.09472972704969179,6387280.219651193,1.857885366336161e-05,-6.635602566456013e-06,-1.0458690572296195e-12,2.9087268801186644e-12,9143.219651193669,0.0,0.07683064726529647,0.13756316954673747,0.21262621352435293,0.20987737201303092,0.3362037807544437,0.5425919476367914,0.13547127783244994,0.37646520663808153,0.5100741405035297,303.23346693247834,0.4590844536771242,30152.21866921058,228.80443193966445,0.012864158672743431,1.7087596025069909,0.07613450306961989,3.900843450828549,3.493546407491136,9.75211018091921,-1.691127472858156e-05,0.00012210825600421824,3.900843280610036,0.0,0.0,0.0,0.0,0.0,0.0,0.0,0.0,0.0,0.0,0.0,0.0,0.0,0.0,0.0,0.0,0.0,0.5,0.0,0.0,1.0,0.0,0.0,0.0
0.5,-0.8293768071644574,0.4716957287418517,4.781780898502067,0.12552397835573764,0.38211658942749127,0.5071143433454667,0.7621491270104275,-0.0645484220831054,-0.6334444068370962,0.11707614078715016,6387279.780806182,3.376300687758187e-05,-8.639247616815354e-06,-1.3616732307862145e-12,5.285975883437661e-12,9142.780806181641,0.0,0.09827435287719619,0.17090866859719497,0.26725490043256717,0.21902606165535093,0.3305358754422594,0.5501639995433972,0.12545467105279864,0.3821345799545252,0.5071005495610748,303.23535122913046,0.45910878273727546,30154.193054745523,228.8072762604598,0.016080099519722873,1.7425116989187608,0.09687530264062265,4.876054647122065,5.458563317764112,9.752111530152611,-1.6785502760334008e-05,0.0001861819383724058,4.876053578905085,0.0,0.0,0.0,0.0,0.0,0.0,0.0,0.0,0.0,0.0,0.0,0.0,0.0,0.0,0.0,0.0,0.0,0.5,0.0,0.0,1.0,0.0,0.0,0.0
0.6000000000000001,-1.1832488764254019,0.6898949245662465,5.688697468195114,0.11542018988766435,0.3873170122234185,0.5043330045127535,0.77136362388611,-0.07819431966649554,-0.6161193782688199,0.13885513328556487,6387279.244596274,5.6236170859734796e-05,-1.0099140275003552e-05,-1.591774045391793e-12,8.804401483982618e-12,9142.244596273638,0.0,0.12064063381045656,0.20363684117861258,0.32269349227565675,0.22836247699156698,0.32382944250757995,0.5588127338616597,0.11535246150246681,0.3873382858979238,0.5043163372700945,303.23765358760966,0.45913850959470354,30156.60548978988,228.8107516400362,0.019295973831813976,1.7758721939905528,0.11818014661038119,5.851265828447187,7.859834155078028,9.752113178735735,-1.693115693290892e-05,0.00026430782536457375,5.851265987464283,0.0,0.0,0.0,0.0,0.0,0.0,0.0,0.0,0.0,0.0,0.0,0.0,0.0,0.0,0.0,0.0,0.0,0.5,0.0,0.0,1.0,0.0,0.0,0.0
0.7000000000000001,-1.5937153253161773,0.9526429270041752,6.569102258116594,0.1052399509164525,0.39205296165306036,0.5017535489633788,0.7799025165956055,-0.09210218780960133,-0.598037670847717,0.1600520779113783,6387278.610552957,8.706408441819001e-05,-1.21893334886187e-05,-1.9212196374319333e-12,1.3630857480788534e-11,9141.610552957281,0.0,0.14395359733901808,0.23563836473774188,0.3790523644665926,0.23789944491294993,0.3160445967520727,0.5685018403841644,0.10517407847557676,0.39207739711935674,0.5017340255734846,303.24037601959725,0.45917366022319284,30159.458082204143,228.81486111499987,0.02251176872102495,1.8087909904620767,0.1399981646045176,6.826477242078474,10.699627527454716,9.752115128109262,-1.673664684383643e-05,0.0003568531994508351,6.8264758942971,0.0,0.0,0.0,0.0,0.0,0.0,0.0,0.0,0.0,0.0,0.0,0.0,0.0,0.0,0.0,0.0,0.0,0.5,0.0,0.0,1.0,0.0,0.0,0.0
0.8,-2.0568563231229016,1.2605554465648126,7.41932601151984,0.09499276682768264,0.3963300096448271,0.4993855222540745,0.787738242809699,-0.10627381614970129,-0.5792519182011978,0.18066072441078865,6387277.879144753,0.0001280498313242042,-1.358695468954468e-05,-2.141505702225911e-12,2.004763747014269e-11,9140.879144753018,0.0,0.16822853197899135,0.2668075812116671,0.4364280866632659,0.24763038136096704,0.3071504432735254,0.5791716783193653,0.09492901938926811,0.39635748097906254,0.499363183377916,303.24351651337724,0.45921420864851153,30162.748724091503,228.8196016486923,0.025727471334096107,1.8412216409634972,0.16227723574742264,7.801688912732594,13.976046164401447,9.75211737683299,-1.695726637374051e-05,0.00046344898837776444,7.8016894386700715,0.0,0.0,0.0,0.0,0.0,0.0,0.0,0.0,0.0,0.0,0.0,0.0,0.0,0.0,0.0,0.0,0.0,0.5,0.0,0.0,1.0,0.0,0.0,0.0
0.9,-2.56860204472216,1.614237182989227,8.235927856264837,0.08468712349540088,0.4001514470228849,0.4972383739189892,0.7948400027953915,-0.12071026947288845,-0.5598105963679006,0.2006746543505944,6387277.050371167,0.00018016997505520047,-1.5736935165338088e-05,-2.4803748568014868e-12,2.820763427581879e-11,9140.05037116725,0.0,0.1934836949392602,0.2970319037899268,0.4949151646055856,0.2575288373305765,0.29711102523208305,0.5907512615413392,0.08462576224585538,0.40018182384990214,0.4972132830220412,303.247075071069,0.4592601548980242,30166.4774176727,228.8249732443127,0.02894306793369447,1.873114138242797,0.18497180126777046,8.776900694476096,17.689320125619684,9.752119924908738,-1.6697636160856177e-05,0.0005844015793606272,8.776899094324069,0.0,0.0,0.0,0.0,0.0,0.0,0.0,0.0,-0.0,0.0,0.0,0.0,0.0,0.0,0.0,0.0,0.0,0.5,0.0,0.0,1.0,0.0,0.0,0.0
1.0,-3.124665685421402,2.014310216146042,9.015668567083308,0.07433073337732667,0.40351828154610775,0.49532168441302526,0.8011746194793603,-0.13541194223263323,-0.5397603650773605,0.22008718288144788,6387276.123764569,0.00024536035335010137,-1.7089985198824562e-05,-2.6936360440043166e-12,3.8413926160564686e-11,9139.12376456925,0.0,0.21973828066620205,0.3261900261042541,0.5546059494423744,0.2675450192914433,0.2858863095723927,0.6031531387474952,0.0742720115531604,0.4035514289203015,0.4952939276114891,303.2510537005684,0.45931152489663746,30170.646266841624,228.83097893275294,0.032158545778645076,1.9044132236955722,0.20804153067261252,9.752112936022957,21.841814846028175,9.752122773774602,-1.6988883687840683e-05,0.0007194544721590793,9.752113827223805,0.0,0.0,0.0,0.0,0.0,0.0,0.0,0.0,0.0,0.0,0.0,0.0,0.0,0.0,0.0,0.0,0.0,0.5,0.0,0.0,1.0,0.0,0.0,0.0
1.1,-3.7199538503581855,2.4607604911687035,9.756105008604669,0.06393127800530238,0.4064356744159249,0.4936418184752808,0.8067161826172287,-0.15037457903406712,-0.5191531194228011,0.23889968688470098,6387275.099792521,0.0003245216435386836,-1.9272480456511986e-05,-3.037630272289482e-12,5.080752566860205e-11,9138.099792521758,0.0,0.2469956375377607,0.354167047420927,0.6155712258590527,0.2776003587884835,0.27345132373444847,0.6162583287329021,0.06387543727279943,0.40647145458164974,0.4936115028564088,303.25545039427135,0.45936829272321394,30175.253168010262,228.83761568356184,0.03537389085473912,1.9350661419472617,0.23144613439538805,10.727325250656785,26.431720587776567,9.75212592199344,-1.6683074713400952e-05,0.0008688895125501436,10.727323486725814,0.0,0.0,0.0,0.0,0.0,0.0,0.0,0.0,0.0,0.0,0.0,0.0,0.0,0.0,0.0,0.0,0.0,0.5,0.0,0.0,1.0,0.0,0.0,0.0
1.2000000000000002,-4.349263920823333,2.953616223189564,10.455116137754242,0.05349570169166631,0.40890633831982925,0.4922052103865575,0.8114368647607623,-0.16559320980050263,-0.4980382096580816,0.2571131167730255,6387273.978455512,0.0004195328154783855,-2.0604730155516338e-05,-3.247613262504093e-12,6.56826084012497e-11,9136.978455511853,0.0,0.27525451725247696,0.380841364578826,0.6778741809703437,0.28758743456646196,0.2597818411443165,0.6299257514296679,0.053442972239399804,0.4089446104216532,0.4921724633410691,303.2602651500867,0.45943045835075014,30180.298118987204,228.84488349358236,0.03858909156287426,1.9650140143845394,0.25515054080640076,11.702538139258222,31.459362553925587,9.752129369564182,-1.7023917290970303e-05,0.001032321640297457,11.702539377727403,0.0,0.0,0.0,0.0,0.0,0.0,0.0,0.0,0.0,0.0,0.0,0.0,0.0,0.0,0.0,0.0,0.0,0.5,0.0,0.0,1.0,0.0,0.0,0.0
1.3,-5.007194196062256,3.4929605918088193,11.110891618544912,0.04303043721839906,0.4109305456137828,0.4910185242347463,0.815304667927711,-0.18106181308266733,-0.4764622098146948,0.274727574126471,6387272.759284881,0.0005314316245661814,-2.2810202445103186e-05,-3.595229331341943e-12,8.320164875860163e-11,9135.759284880633,0.0,0.30450610562200214,0.4060812610256614,0.7415695886159887,0.29736425037747866,0.244856524342835,0.6439860822599659,0.042981037655024146,0.4109711652564736,0.49098349310746603,303.2654999803248,0.45949804776115405,30185.78322829218,228.8527854003704,0.041804132262679095,1.9941895265064922,0.27912383260935675,12.677751127973366,36.9271997035919,9.752133117928219,-1.6682143057463367e-05,0.0012102485081979715,12.677749212606312,0.0,0.0,0.0,0.0,0.0,0.0,0.0,0.0,0.0,0.0,0.0,0.0,0.0,0.0,0.0,0.0,0.0,0.5,0.0,0.0,1.0,0.0,0.0,0.0
1.4000000000000001,-5.6877998488799335,4.078272756659254,11.722597713373544,0.03254186018797438,0.4125124761576926,0.4900850426197915,0.8182975390077276,-0.19676992389689077,-0.4544764335489197,0.2917511443469064,6387271.442749213,0.0006620254452052431,-2.4137349491567156e-05,-3.804408360216442e-12,1.0364761404531541e-10,9134.442749213427,0.0,0.3347161929712378,0.42976854697125916,0.8066799776476387,0.3067574055554605,0.22867835674382891,0.6582355432686569,0.03249599438946618,0.41255529693702025,0.4900478920362311,303.27115287299114,0.4595710349765968,30191.706387736478,228.86131836684703,0.04501900221794627,2.0225279699154615,0.3033350567001057,13.652964764048997,42.83351502495711,9.752137165645378,-1.705490546092629e-05,0.0014021218102362454,13.652966268627605,0.0,0.0,0.0,0.0,0.0,0.0,0.0,0.0,0.0,0.0,0.0,0.0,0.0,0.0,0.0,0.0,0.0,0.5,0.0,0.0,1.0,0.0,0.0,0.0
1.5,-6.3850694947069275,4.709103970065179,12.289785816445876,0.022035900652944723,0.41365376312767926,0.4894082455650617,0.8203896489032547,-0.21270601043042991,-0.4321288135727676,0.30819073496955346,6387270.028847955,0.0008122636633016787,-2.6354315418473487e-05,-4.153836372118478e-12,1.2716914419354574e-10,9133.028847955167,0.0,0.36583651924098165,0.45177837975404556,0.8732130319528568,0.31555938465568495,0.21125974913726955,0.6724424351156089,0.021993757910328388,0.41369863603291185,0.48936915665769776,303.27722383046904,0.45964942002785053,30198.067599817376,228.87048239660973,0.04823368658586763,2.0499556494281355,0.3277567968306947,14.62817856287087,49.1787206717857,9.752141512717916,-1.6691790681200303e-05,0.0016084770472295506,14.628176478293197,0.0,0.0,0.0,0.0,0.0,0.0,0.0,0.0,-0.0,0.0,0.0,0.0,0.0,0.0,0.0,0.0,0.0,0.5,0.0,0.0,1.0,0.0,0.0,0.0
1.6,-7.092830536621885,5.385069820230082,12.81240475474037,0.011518249619031667,0.41435350071265215,0.4889918985765163,0.821552539203559,-0.2288574455897014,-0.4094660779986988,0.3240525533627114,6387268.5171134705,0.0009841366580433893,-2.7678941380199923e-05,-4.3626183804030486e-12,1.540778590331799e-10,9131.517113470472,0.0,0.3978001190811769,0.47197972276858485,0.9411582574906507,0.3235273556490014,0.1926263652737442,0.6863443882564179,0.011480004486373057,0.41440027336753216,0.4889510685045016,303.28371486067425,0.45973322884008017,30204.86896844972,228.88028052058067,0.05144817284797351,2.0763878550891173,0.3523638895753245,15.603393053127082,55.96538014480473,9.752146160584209,-1.708802077467671e-05,0.0018287868426605975,15.603394801029713,0.0,0.0,0.0,0.0,0.0,0.0,0.0,0.0,0.0,0.0,0.0,0.0,0.0,0.0,0.0,0.0,0.0,0.5,0.0,0.0,1.0,0.0,0.0,0.0
1.7000000000000002,-7.804667097809371,6.105204171939644,13.291458978448395,0.0009945667425977607,0.4146145525896679,0.4888363014054058,0.821767000874878,-0.24520715409116375,-0.3865368981049053,0.3393497673445611,6387266.908013314,0.001178502480683628,-2.9892983803209448e-05,-4.7115860346407265e-12,1.845080999160743e-10,9129.90801331432,0.0,0.4305068002034413,0.4902621586980605,1.0104645597591282,0.33039996094316204,0.17283750757544167,0.6996582431925525,0.0009603765544675312,0.4146630706392715,0.4887939398491464,303.29062395603614,0.4598224354925784,30212.1083900804,228.8907097083588,0.054662447212890077,2.1017426601382168,0.3771303130493609,16.578607795291,63.19185699803698,9.752151107807366,-1.6721193202802926e-05,0.002063640919895749,16.578605631617226,0.0,0.0,0.0,0.0,0.0,0.0,0.0,0.0,0.0,0.0,0.0,0.0,0.0,0.0,0.0,0.0,0.0,0.5,0.0,0.0,1.0,0.0,0.0,0.0
1.8,-8.514151233735102,6.868607221912859,13.728371141940814,-0.009529644796944178,0.41443719931783035,0.4889420275245344,0.8210115630049816,-0.2617370981859462,-0.36338807333078826,0.3540945276506533,6387265.201547925,0.0013972306010420045,-3.122921013462813e-05,-4.92219682313571e-12,2.187525579340892e-10,9128.20154792536,0.0,0.46383339978568516,0.5065146512605881,1.0810583934968345,0.33589619263541604,0.1519710399081004,0.7120855735256612,-0.009559639767189942,0.4144873055651695,0.4888983558762165,303.29795111467143,0.45991703996102684,30219.78586273591,228.90176995710112,0.05787649795576966,2.1259267995531057,0.4020311916948614,17.553823247677407,70.85866192370028,9.752156354386717,-1.7125044625032615e-05,0.0023123190943223904,17.55382522826402,0.0,0.0,0.0,0.0,0.0,0.0,0.0,0.0,-0.0,0.0,0.0,0.0,0.0,0.0,0.0,0.0,0.0,0.5,0.0,0.0,1.0,0.0,0.0,0.0
1.9000000000000001,-9.214733349391107,7.674416526637967,14.125019223988478,-0.0200488389421331,0.41381913999319814,0.4893099387504422,0.8192604391170794,-0.27842749333089284,-0.34006461791549697,0.3682975937628896,6387263.397248674,0.0016414207294105636,-3.344322227290928e-05,-5.271160190740916e-12,2.5698341019682904e-10,9126.397248674495,0.0,0.497629860675258,0.520623529028007,1.1528414991987117,0.3397184169294787,0.13012680386974615,0.7233159466726834,-0.020074515608834307,0.41387067343363276,0.48926518948790715,303.3056983487625,0.46001706822568106,30227.90349480188,228.91346430417045,0.06109030949164787,2.1488326270248854,0.4270414563663256,18.52903906460953,78.9684523166382,9.752161901763822,-1.6758209874604784e-05,0.002575671006911288,18.529036785606404,0.0,0.0,0.0,0.0,0.0,0.0,0.0,0.0,0.0,0.0,0.0,0.0,0.0,0.0,0.0,0.0,0.0,0.5,0.0,0.0,1.0,0.0,0.0,0.0
2.0,-9.899951861101524,8.521190641885893,14.484303785068144,-0.03055745520016232,0.41276182003508666,0.4899374175967238,0.8164996077239225,-0.2952549572383951,-0.31661285736350436,0.38197647617433045,6387261.495584068,0.0019128062497974795,-3.479659819480727e-05,-5.484474452115042e-12,2.9947204312801113e-10,9124.4955840682,0.0,0.5317128085788644,0.5325084606117132,1.2256738430879055,0.3415930554263455,0.10744093411101792,0.7330597833208639,-0.03057870941655697,0.41281461716535583,0.4898918301993686,303.3138636466535,0.4601224943130836,30236.459178444366,228.92578971299864,0.06430387081620552,2.170356612865353,0.4521334650512604,19.504255590729134,87.51968293752303,9.752167748498982,-1.7161061733143395e-05,0.002852794193195951,19.5042577168736,0.0,0.0,0.0,0.0,0.0,0.0,0.0,0.0,0.0,0.0,0.0,0.0,0.0,0.0,0.0,0.0,0.0,0.5,0.0,0.0,1.0,0.0,0.0,0.0
2.1,-10.563378157103225,9.407509515419381,14.809544386672016,-0.04104980544768343,0.41126412230384857,0.49082213991410406,0.8127111241801862,-0.3121945396891401,-0.2930768325179411,0.3951468843265937,6387259.496553606,0.0022123837879399625,-3.700744113490038e-05,-5.8329388478504106e-12,3.463744958434373e-10,9122.496553606354,0.0,0.5658750011351215,0.5420926075583701,1.2993936213964146,0.34126160398379035,0.0840698747015064,0.7410469810853157,-0.04106655177625969,0.4113180161244447,0.490775960018986,303.32244701049166,0.46023331825096053,30245.452915913436,228.93874618682727,0.06751716798452526,2.1903807286999535,0.4772777886238415,20.479472608284627,96.51295147573046,9.752173894594534,-1.6799791479726878e-05,0.003144564288119156,20.479470153635543,0.0,0.0,0.0,0.0,0.0,0.0,0.0,0.0,-0.0,0.0,0.0,0.0,0.0,0.0,0.0,0.0,0.0,0.5,0.0,0.0,1.0,0.0,0.0,0.0
2.2,-11.198516134364136,10.331921687401291,15.1045386094668,-0.05151987037471438,0.40932236179349674,0.4919620157807176,0.8078743498313411,-0.32921956578216227,-0.2695000434157507,0.40782356441022377,6387257.3996895505,0.0025421212473558824,-3.8372887443962044e-05,-6.048156073392277e-12,3.979988731707161e-10,9120.399689550512,0.0,0.5998832830859128,0.5493053945462258,1.373816180280939,0.3384924435053898,0.060191460746384484,0.7470373726342281,-0.051532042231449436,0.40937718070817813,0.4919154944365763,303.3314504486353,0.4603495659701906,30254.886811587625,228.95233675724643,0.07073018705271256,2.2087693874514693,0.5024414148800607,21.454690324000385,105.95102123109805,9.752180341489433,-1.7206168288671126e-05,0.00345014038693107,21.454692591201788,0.0,0.0,0.0,0.0,0.0,0.0,0.0,0.0,0.0,0.0,0.0,0.0,0.0,0.0,0.0,0.0,0.0,0.5,0.0,0.0,1.0,0.0,0.0,0.0
2.3000000000000003,-11.799280053490195,11.29238198360573,15.373958205466309,-0.06196158008494094,0.4069366923114745,0.4933515314896021,0.8019796629654521,-0.3463000981309395,-0.24592506295720498,0.4200265739856778,6387255.205459533,0.002902917833131562,-4.057454683563523e-05,-6.395173600147022e-12,4.54485963089865e-10,9118.205459532948,0.0,0.6334866050072917,0.5541168685409901,1.4487299282767434,0.3331302098767671,0.03600689329625517,0.7508645711701143,-0.06196913062133716,0.4069922615189357,0.4933049207316319,303.3408719531821,0.460471211545781,30264.758761566063,228.9665583933541,0.07394291585576895,2.225392696848206,0.5275864808844635,22.42990866937161,115.83242750390112,9.752187087746783,-1.685390482878783e-05,0.0037703894261801687,22.429906103765713,0.0,0.0,0.0,0.0,0.0,0.0,0.0,0.0,0.0,0.0,0.0,0.0,0.0,0.0,0.0,0.0,0.0,0.5,0.0,0.0,1.0,0.0,0.0,0.0
2.4000000000000004,-12.359665617660525,12.286783070009873,15.622856005280727,-0.07236845916370406,0.4041047822129286,0.49498543096624437,0.7950150660942987,-0.3634048058673389,-0.22239334869077285,0.43177460416903857,6387252.913863873,0.0032965402932187706,-4.19579867873739e-05,-6.613227435580937e-12,5.161123784629624e-10,9115.91386387311,0.0,0.6664208524528819,0.5565074675622768,1.5239131230565919,0.32507524424407447,0.011726646190808102,0.752420718802646,-0.07237136102962906,0.4041609226666941,0.49493898296657773,303.3507115227603,0.46059825496002227,30275.068764411557,228.98141109307994,0.07715534132685219,2.2401035322664384,0.5526694832303131,23.405127689282043,126.157862529061,9.752194133366524,-1.726323716866318e-05,0.004104358419421141,23.405130105054628,0.0,0.0,0.0,0.0,0.0,0.0,0.0,0.0,0.0,0.0,0.0,0.0,0.0,0.0,0.0,0.0,0.0,0.5,0.0,0.0,1.0,0.0,0.0,0.0
2.5,-12.873647174248852,13.312877967464358,15.856748566307234,-0.08273341112348519,0.4008218034698215,0.49685858390740134,0.7869645327679912,-0.3804997640550847,-0.1989455670811561,0.4430846467237127,6387250.524434031,0.0037242564909500237,-4.415814016044874e-05,-6.9600082456544755e-12,5.830766269849983e-10,9113.524434030676,0.0,0.6984098624496686,0.5564662875465628,1.5991362667775102,0.314287199425427,-0.012431778896181356,0.7516606773863868,-0.08273165655886161,0.4008783307769881,0.49681255010950537,303.3609711691713,0.4607307221882478,30285.818928110293,228.99689789321118,0.08036744898274255,2.2527335005542026,0.5776388907854031,24.38034748147544,136.9301914759091,9.752201479790216,-1.6908440408395602e-05,0.004453076153296524,24.38034473882944,0.0,0.0,0.0,0.0,0.0,0.0,0.0,0.0,0.0,0.0,0.0,0.0,0.0,0.0,0.0,0.0,0.0,0.5,0.0,0.0,1.0,0.0,0.0,0.0
2.6,-13.335917381032036,14.367805029698767,16.081757972695932,-0.09304928943336906,0.39708697330627346,0.49896256787713167,0.7778252047666997,-0.39754929626536833,-0.1756206811127709,0.4539787192762833,6387248.03763838,0.004187605006471498,-4.555977288936382e-05,-7.180930132291233e-12,6.556196005549464e-10,9111.037638380503,0.0,0.7291875641200909,0.5540284501229839,1.674169735846881,0.30082919639588596,-0.03625403411770126,0.7486391948700498,-0.09304289030709044,0.39714369933554594,0.4989171945102419,303.37164888132435,0.4608685872642972,30297.00714542052,229.0130157580329,0.08357922672398269,2.2631236909514514,0.6024355044227427,25.35556793528301,148.14803170036348,9.752209125578782,-1.7326137891515714e-05,0.004815522950200268,25.355570408205725,0.0,0.0,0.0,0.0,0.0,0.0,0.0,0.0,0.0,0.0,0.0,0.0,0.0,0.0,0.0,0.0,0.0,0.5,0.0,0.0,1.0,0.0,0.0,0.0
2.7,-13.741280393643837,15.44852665435494,16.30431542443789,-0.10330827666856054,0.3928971546099895,0.5012891347114707,0.7675905315008112,-0.41451553112116396,-0.15245642769065104,0.4644766871150822,6387245.453476529,0.004687766344536368,-4.776065915480532e-05,-7.527827168324438e-12,7.339261311751927e-10,9108.453476528637,0.0,0.7584933121721424,0.5492372278666259,1.748793415044405,0.28482285483243297,-0.059535708918019126,0.7434727259513861,-0.1032972641857004,0.39295388653996105,0.5012446619530682,303.3827446609108,0.46101185021001073,30308.63341811464,229.02976469009863,0.08679066210376614,2.271095660656952,0.6269895835434924,26.330789279978273,159.81216991387677,9.752217070734487,-1.6959842957575688e-05,0.005192622201258601,26.330786261479748,0.0,0.0,0.0,0.0,0.0,0.0,0.0,0.0,-0.0,0.0,0.0,0.0,0.0,0.0,0.0,0.0,0.0,0.5,0.0,0.0,1.0,0.0,0.0,0.0
2.8000000000000003,-14.084568858424118,16.551725861833035,16.531247427765383,-0.11350164568801281,0.3882468559876544,0.5038300093905631,0.7562516308343369,-0.43135813584405924,-0.12949060603396187,0.47459728874201695,6387242.771480584,0.005226532817733629,-4.9169860508232964e-05,-7.749942627094923e-12,8.182768379864782e-10,9105.771480583586,0.0,0.7860724983969234,0.5421459314943322,1.8227980687827692,0.26644460959280714,-0.08208413217892725,0.7363346115056062,-0.11348607048344726,0.38830339531769126,0.5037866704008083,303.3942605169462,0.46116053696475184,30320.69985125975,229.0471477219902,0.0900017394318,2.276448239456239,0.6512175507400815,27.306011300703883,171.92557166186785,9.752225316697027,-1.7402267672513478e-05,0.00558355821466409,27.306013840079864,0.0,0.0,0.0,0.0,0.0,0.0,0.0,0.0,0.0,0.0,0.0,0.0,0.0,0.0,0.0,0.0,0.0,0.5,0.0,0.0,1.0,0.0,0.0,0.0
2.9000000000000004,-14.361589712232217,17.673466261411136,16.76961905190909,-0.12362068953641295,0.38313493237337287,0.5065738467445089,0.7438119203253325,-0.44803575863146156,-0.10675758996963734,0.4843626341054841,6387239.992118301,0.005805014004710066,-5.13717583491946e-05,-8.096999872648858e-12,9.088454501036597e-10,9102.992118300559,0.0,0.8117085873337005,0.5328467024102053,1.896001620522156,0.24594484803247155,-0.10373541436279865,0.7274692755996953,-0.1236006208260087,0.38319107689473364,0.5065318634194361,303.4061944410002,0.4613146215967125,30333.204340401902,229.06516182200906,0.09321244820943872,2.278997175183828,0.6750252311632359,28.281234310424928,184.48694076906912,9.752233862029348,-1.701602516016957e-05,0.005989098206870364,28.281231058370516,0.0,0.0,0.0,0.0,0.0,0.0,0.0,0.0,0.0,0.0,0.0,0.0,0.0,0.0,0.0,0.0,0.0,0.5,0.0,0.0,1.0,0.0,0.0,0.0
3.0,-14.568284660974545,18.809505544868596,17.026682577404245,-0.13365578195694433,0.37755808142125963,0.5095093601809375,0.7302727228750566,-0.46450515851645,-0.08429132371098341,0.493793270858267,6387237.115389839,0.006424689603021271,-5.278771643392312e-05,-8.32018098568332e-12,1.00586364447645e-09,9100.115389838815,0.0,0.8352035493908141,0.5214367586427557,1.9682450744923912,0.22359930869726807,-0.12434829064014075,0.7171484282872417,-0.13363130726434874,0.37761362446046554,0.5094689423522304,303.41854643238906,0.4614741040970636,30346.146884824582,229.08380698912282,0.09642277432578818,2.2785411570647613,0.6983020174325204,29.25645802890893,197.49714994974389,9.752242706732131,-1.7489495771627617e-05,0.006408465026975563,29.256460652370144,0.0,0.0,0.0,0.0,0.0,0.0,0.0,0.0,-0.0,0.0,0.0,0.0,0.0,0.0,0.0,0.0,0.0,0.5,0.0,0.0,1.0,0.0,0.0,0.0
3.1,-14.700658319803564,19.955166498181526,17.309971852881326,-0.1435961117283298,0.37151085756747865,0.5126250552502165,0.7156320839852163,-0.48071964762234803,-0.062125744261285684,0.5029078126676293,6387234.140826785,0.0070871945099515036,-5.5002861365040404e-05,-8.669327009865738e-12,1.1095873980396286e-09,9097.140826785317,0.0,0.8563762331004137,0.5080159361322891,2.039392136314647,0.19969785427963083,-0.14380295667185847,0.7056605153333549,-0.14356733692773868,0.3715655872338905,0.5125863996718445,303.4313100146743,0.4616397446954393,30359.60747422138,229.10308655040177,0.09963270655548745,2.2748605650157314,0.72091649062574,30.231682803759853,210.95961290849527,9.752251852246815,-1.706691826678745e-05,0.0068424349437764915,30.23167921599227,0.0,0.0,0.0,0.0,0.0,0.0,0.0,0.0,0.0,0.0,0.0,0.0,0.0,0.0,0.0,0.0,0.0,0.5,0.0,0.0,1.0,0.0,0.0,0.0
3.2,-14.755889338088679,21.105194971687823,17.62679928263551,-0.15343105739624557,0.36499254561647665,0.5159067023064292,0.6999019971649241,-0.49663373058453236,-0.040290528288086325,0.5117279869228306,6387231.068897347,0.007793661408113647,-5.642136012265815e-05,-8.892909312944123e-12,1.2201940598646222e-09,9094.068897347277,0.0,0.87509786333464,0.4927143404526744,2.109346677583148,0.1745521025111394,-0.16201869169883015,0.6933118876636036,-0.15339810509118582,0.36504624723646667,0.5158699889430551,303.4444910335936,0.4618108378113247,30373.511915185296,229.12299720177154,0.10284223030645406,2.2677703014997403,0.7427249945735434,31.206908369531277,224.87284087560468,9.75226129713507,-1.7571462250269104e-05,0.007290317748777753,31.206910960483906,0.0,0.0,0.0,0.0,0.0,0.0,0.0,0.0,0.0,0.0,0.0,0.0,0.0,0.0,0.0,0.0,0.0,0.5,0.0,0.0,1.0,0.0,0.0,0.0
3.3000000000000003,-14.731292976656468,22.253903534469934,17.984509934795078,-0.1631488587250049,0.35800052669819576,0.5193400006114449,0.6830913806050299,-0.512199120602151,-0.018814969986212737,0.5202731267664401,6387227.899601268,0.008545675815602338,-5.865558514402223e-05,-9.245063550235445e-12,1.3379318774794014e-09,9090.89960126765,0.0,0.8912592228793622,0.4756581598564498,2.178037657593513,0.14845692778823438,-0.1789364967812959,0.6803946449479091,-0.1631118679648128,0.3580529823462729,0.5193053919420533,303.4580898327942,0.46198735382588935,30387.857065725104,229.14353893314976,0.1060513331953509,2.2570816096772917,0.7635616325194883,32.18213499568238,239.23779801850586,9.752271041398972,-1.7112240556116376e-05,0.0077526286039937276,32.18213093806935,0.0,0.0,0.0,0.0,0.0,0.0,0.0,0.0,-0.0,0.0,0.0,0.0,0.0,0.0,0.0,0.0,0.0,0.5,0.0,0.0,1.0,0.0,0.0,0.0
3.4000000000000004,-14.624273987503468,23.39502383531599,18.390552197295158,-0.1727363247903904,0.35053033625959124,0.522910259100433,0.6652076692244856,-0.5273644658108935,0.002271177318077507,0.5285612705846195,6387224.632470478,0.009344625063968501,-6.0063486245203855e-05,-9.466976281940518e-12,1.4630180717041042e-09,9087.632470478304,0.0,0.9047666897627656,0.45697197975081794,2.2454157794503344,0.12168847105077552,-0.19451542674268488,0.6671837430468551,-0.17269545112812654,0.35058132435420375,0.5228778991119928,303.4721084206605,0.46216931880849366,30402.645044452533,229.164714778311,0.10925999947734429,2.242607691215837,0.7832337804724991,33.15736255358594,254.05766761349034,9.752281086479044,-1.7648179327404513e-05,0.008229045066814917,33.15736509122994,0.0,0.0,0.0,0.0,0.0,0.0,0.0,0.0,0.0,0.0,0.0,0.0,0.0,0.0,0.0,0.0,0.0,0.5,0.0,0.0,1.0,0.0,0.0,0.0
3.5,-14.433532723717857,24.521831285082296,18.851652686975797,-0.182180751912782,0.3425826581901413,0.5266005196256379,0.6462710401366085,-0.5420807445691447,0.02294366057530228,0.5366118512913476,6387221.267972878,0.010192060972796298,-6.231222972385639e-05,-9.821419810576713e-12,1.5956956157743415e-09,9084.26797287818,0.0,0.9155787885121174,0.43679740668827916,2.311470946123398,0.09450351342033454,-0.20874919334429648,0.6539316544496749,-0.18213616506067803,0.3426319564163188,0.5265705309657688,303.48654478953404,0.46235670669920037,30417.873733521646,229.18652170457727,0.11246821837900314,2.224231242838469,0.8015395915001907,34.13259114473829,269.3313142546484,9.752291430938012,-1.716235488539534e-05,0.00871976060932115,34.13258675231494,0.0,0.0,0.0,0.0,0.0,0.0,0.0,0.0,0.0,0.0,0.0,0.0,0.0,0.0,0.0,0.0,0.0,0.5,0.0,0.0,1.0,0.0,0.0,0.0
3.6,-14.157894636983542,25.62707250549936,19.37437113055107,-0.19146812545459735,0.33415659314320134,0.5303936392434734,0.6263002318422559,-0.5562967118169486,0.04317817352200097,0.5444425926663695,6387217.806108447,0.011088948889427514,-6.371626499915117e-05,-1.0042724060991638e-11,1.736115665074478e-09,9080.806108446792,0.0,0.9236653843606519,0.41526882473154114,2.3762102175480564,0.06712561989666119,-0.22164347328865727,0.6408592171749848,-0.1914200090727539,0.3342039783470061,0.5303661226807738,303.50139893950285,0.46254951749915063,30433.54313302519,229.20895971208142,0.11567597691086991,2.201865631983769,0.8182537416008391,35.10782081614265,285.05980444015955,9.752302074777349,-1.7706605166090128e-05,0.00922465387464122,35.10782323305379,0.0,0.0,0.0,0.0,0.0,0.0,0.0,0.0,-0.0,0.0,0.0,0.0,0.0,0.0,0.0,0.0,0.0,0.5,0.0,0.0,1.0,0.0,0.0,0.0
3.7,-13.796285226895105,26.702798678959248,19.965153025253485,-0.2005828008357693,0.3252497642714902,0.5342719248914315,0.6053118849088126,-0.5699571045247181,0.06294994347172636,0.5520690000435265,6387214.246408913,0.012037501452079226,-6.597772300010463e-05,-1.0399172614113238e-11,1.884624656298522e-09,9077.246408913285,0.0,0.9290039249014572,0.39251319261625267,2.4396552841970656,0.039747191627472665,-0.23321254139898923,0.6281583085551521,-0.20053135257492985,0.3252950124631191,0.5342469584425363,303.516672879821,0.4627477772889954,30449.655362492456,229.23203183591184,0.1188832592896999,2.175469878878066,0.8331247379830649,36.08305147969382,301.2464303782777,9.752313019438343,-1.7219904871505303e-05,0.009743753291650966,36.083046811913114,0.0,0.0,0.0,0.0,0.0,0.0,0.0,0.0,0.0,0.0,0.0,0.0,0.0,0.0,0.0,0.0,0.0,0.5,0.0,0.0,1.0,0.0,0.0,0.0
3.8000000000000003,-13.34896912609885,27.740843348156933,20.629212250371463,-0.20951007631801716,0.3158653555797031,0.5382160452946229,0.5833362785572916,-0.5830118673769796,0.0822404795467831,0.5595078889135181,6387210.589342309,0.013038267248491978,-6.739463004472537e-05,-1.0622506555503149e-11,2.0413084973513852e-09,9073.589342308851,0.0,0.931615833789666,0.3686673195460372,2.501857482425218,0.012529643882577934,-0.24349484989355652,0.6159860283380325,-0.2094555049375683,0.31590824530416306,0.5381936825046802,303.53236460226265,0.4629514600014317,30466.20830347893,229.25573504253347,0.12209005544418707,2.145124901519376,0.8459070785195084,37.05828338646899,317.89013703080917,9.752324263483413,-1.772249709119933e-05,0.010277214752274944,37.0582853664595,0.0,0.0,0.0,0.0,0.0,0.0,0.0,0.0,0.0,0.0,0.0,0.0,0.0,0.0,0.0,0.0,0.0,0.5,0.0,0.0,1.0,0.0,0.0,0.0
3.9000000000000004,-12.816309716753823,28.7324646972912,21.37138358542267,-0.21823382614643203,0.30600533066822716,0.542206407237466,0.5604015676804022,-0.5954078752693961,0.10103111017138514,0.5667734803232581,6387206.834908516,0.01409335301863589,-6.9634745574593e-05,-1.097559224746016e-11,2.2064970468171394e-09,9069.834908516146,0.0,0.9315238896862693,0.34385719713477114,2.562876234540071,-0.014396605462919716,-0.252530683002366,0.604470650541715,-0.21817635136219235,0.3060456432608805,0.5421866769169335,303.5484741073314,0.46316056564299535,30483.20195651574,229.28006933270692,0.12529635132079026,2.11099145776027,0.8563424539018607,38.033516254642,334.99207802089376,9.752335806914454,-1.7295593927713074e-05,0.010824620134677334,38.033511603556654,0.0,0.0,0.0,0.0,0.0,0.0,0.0,0.0,0.0,0.0,0.0,0.0,0.0,0.0,0.0,0.0,0.0,0.5,0.0,0.0,1.0,0.0,0.0,0.0
4.0,-12.198769246091551,29.668180772952425,22.196132803666302,-0.22673617229639195,0.2956706098773998,0.5462227691314774,0.5365355130116316,-0.6070887097456443,0.11930258843030468,0.5738783932753097,6387202.982639293,0.015203719693605124,-7.110067622814272e-05,-1.1206654066675163e-11,2.3803407746956926e-09,9065.982639293497,0.0,0.9287498719237923,0.3182016437576609,2.6227772151587976,-0.040925508871729584,-0.26036030673280136,0.5937176355238973,-0.22667602487953503,0.2957081299199245,0.5462056747137887,303.56500340415613,0.4633751202927119,30500.638441000112,229.3050377413314,0.12850213255735626,2.073326792062998,0.8641623388914567,39.00875047899176,352.5556637471255,9.752347651172817,-1.769827904970119e-05,0.011386652912969216,39.00875169300783,0.0,0.0,0.0,0.0,0.0,0.0,0.0,0.0,0.0,0.0,0.0,0.0,0.0,0.0,0.0,0.0,0.0,0.5,0.0,0.0,1.0,0.0,0.0,0.0
4.1000000000000005,-11.498115480286033,30.53866018573308,23.10625119106835,-0.23500079953055694,0.2848680028234945,0.5502440449327135,0.5117778325517219,-0.6180047131577338,0.13704266954848054,0.5808350583441418,6387199.033002667,0.016371239038088153,-7.325348232925017e-05,-1.1545979450820077e-11,2.5631327528530345e-09,9062.03300266744,0.0,0.9233503853352313,0.2918222401110595,2.68164591066175,-0.06697932155162488,-0.26703871336586427,0.5838009649927798,-0.23493821800570747,0.28490252177025127,0.5502295641495498,303.581950484531,0.4635950978835379,30518.515638508594,229.33063723490216,0.13170738740004584,2.032540252681596,0.869136931625059,39.98398573599685,370.57990561176024,9.752359794821025,-1.744878753691855e-05,0.011962414494381811,39.983981799359626,0.0,0.0,0.0,0.0,0.0,0.0,0.0,0.0,0.0,0.0,0.0,0.0,0.0,0.0,0.0,0.0,0.0,0.5,0.0,0.0,1.0,0.0,0.0,0.0
4.2,-10.716179889225485,31.334030043455485,24.103940395170675,-0.24300993861048034,0.2736034845762654,0.5542488775105503,0.4861674520210836,-0.6281039155184889,0.15423879723717207,0.5876539101857411,6387194.985998475,0.017596682786182757,-7.485127164790119e-05,-1.1797825414961884e-11,2.754993831369932e-09,9057.985998474993,0.0,0.9153758946934598,0.26483144826602506,2.7395686154334404,-0.09249913503838228,-0.272616100346049,0.5747774231134912,-0.2429451692347786,0.27363480135735274,0.5542369624714425,303.59931534915535,0.4638204984245506,30536.83354977889,229.35686781447538,0.1349121037022035,1.9891355809359847,0.8710498589069557,40.959222316303226,389.06606000206625,9.752372237861248,-1.763135718624298e-05,0.012552947297770345,40.95922222868174,0.0,0.0,0.0,0.0,0.0,0.0,0.0,0.0,-0.0,0.0,0.0,0.0,0.0,0.0,0.0,0.0,0.0,0.5,0.0,0.0,1.0,0.0,0.0,0.0
4.3,-9.854885025501382,32.043715908415265,25.19077998723544,-0.2507440363710091,0.261882453645163,0.5582152469134782,0.4597427553518042,-0.6373305437854899,0.17087780931638893,0.5943429910921868,6387190.841158524,0.01888227086930318,-7.683785783268264e-05,-1.2110952883838458e-11,2.9562715975847553e-09,9053.841158524467,0.0,0.9048699771671437,0.23733446452006823,2.7966328498123287,-0.11744058299520715,-0.2771374257097682,0.5666911568912828,-0.25067733328209174,0.26191037550326207,0.5582058238548909,303.61710000694364,0.46405134799199205,30555.59429398198,229.3837325146265,0.138116265487639,1.9437062057890508,0.8697042442267701,41.93446017570533,408.01764090926264,9.752384981734828,-1.7633617976020585e-05,0.013157110910096746,41.934457460943534,0.0,0.0,0.0,0.0,0.0,0.0,0.0,0.0,0.0,0.0,0.0,0.0,0.0,0.0,0.0,0.0,0.0,0.5,0.0,0.0,1.0,0.0,0.0,0.0
4.4,-8.917357103716947,32.65780215415848,26.366365443286178,-0.25818588703029566,0.24971635838544917,0.5621212434848073,0.4325535417893297,-0.6456385277175466,0.1869540703170672,0.6009100958631783,6387186.598950763,0.020228833015138108,-7.86650698796903e-05,-1.2398960861917673e-11,3.1670959826693824e-09,9049.598950762922,0.0,0.8919038842056064,0.20943661648345982,2.8529374805997536,-0.14177893666103705,-0.2806560774072669,0.5595631357468573,-0.25811750872270073,0.24974070450755362,0.5621142139569795,303.6353012620056,0.4642877238490019,30574.806728193216,229.41122834319975,0.1413198623117882,1.8969336195404134,0.8649801819680375,42.9096991558604,427.4338326507079,9.752398025004632,-1.7535582734910328e-05,0.013776104670863988,42.90969703553118,0.0,0.0,0.0,0.0,0.0,0.0,0.0,0.0,0.0,0.0,0.0,0.0,0.0,0.0,0.0,0.0,0.0,0.5,0.0,0.0,1.0,0.0,0.0,0.0
4.5,-7.906751572858234,33.16594931847535,27.629531754294003,-0.2653168896282906,0.23711618575906535,0.5659447598260603,0.40464873432484033,-0.6529792683389307,0.20246151048616007,0.6073605516179169,6387182.259375093,0.021637821300291547,-8.03990409784538e-05,-1.2672273039705416e-11,3.387694357481595e-09,9045.259375092573,0.0,0.8765386136689161,0.18123554636384062,2.9085788418030365,-0.1654981899697703,-0.2832175036365582,0.5534072928202364,-0.26524709906509486,0.23713678809578623,0.565940001218021,303.6539086357154,0.4645305373916375,30594.56765968251,229.43935566100677,0.1445228878438799,1.8495175391943592,0.8567953782910679,43.88493978111526,447.31687976739875,9.752411367672744,-1.78044824230561e-05,0.014408756900913033,43.88493855499691,0.0,0.0,0.0,0.0,0.0,0.0,0.0,0.0,-0.0,0.0,0.0,0.0,0.0,0.0,0.0,0.0,0.0,0.5,0.0,0.0,1.0,0.0,0.0,0.0
4.6000000000000005,-6.8263075440753544,33.557252197311236,28.97828045200646,-0.2721167292788253,0.22409279547718552,0.5696631092289798,0.37607756167227585,-0.659300882127618,0.2173934974982533,0.6136973585789405,6387177.821963247,0.023111244021686416,-8.251774679467805e-05,-1.3006226650424998e-11,3.618381180120628e-09,9040.8219632466,0.0,0.858825367084826,0.15282394710632977,2.9636518903160205,-0.18858805687503394,-0.2848595490256383,0.5482332710955113,-0.2720457941306415,0.22410949986713785,0.5696604749962634,303.67293551456146,0.46477882519033065,30614.77410338556,229.4681171120595,0.1477253184062497,1.8021504920792621,0.8451064791705513,44.86018128743474,467.6695310372794,9.752425011180897,-1.743412403617158e-05,0.015056038677270088,44.86017680987488,0.0,0.0,0.0,0.0,0.0,0.0,0.0,0.0,0.0,0.0,0.0,0.0,0.0,0.0,0.0,0.0,0.0,0.5,0.0,0.0,1.0,0.0,0.0,0.0
4.7,-5.680312936475464,33.822085748041886,30.408523618567337,-0.2785683598141065,0.21066300698614734,0.573254802276675,0.3468988372725135,-0.6645635334204821,0.23175118678793974,0.6199228515507955,6387173.287183208,0.024649617908051594,-8.400149598600126e-05,-1.3240100694521367e-11,3.85923738144369e-09,9036.287183208391,0.0,0.8388381990190317,0.1242925711147194,3.018257139264952,-0.21105085242922106,-0.28562489000646457,0.5440342566966344,-0.2784965488591846,0.21067567640544585,0.573254124665923,303.6923798919091,0.4650325610598707,30635.42392826737,229.497509663085,0.1509271470880143,1.7554738429782666,0.8299592216128411,45.83542469071743,488.4909792663378,9.752438954091943,-1.7886237866267717e-05,0.015717439627761585,45.83542437666391,0.0,0.0,0.0,0.0,0.0,0.0,0.0,0.0,0.0,0.0,0.0,0.0,0.0,0.0,0.0,0.0,0.0,0.5,0.0,0.0,1.0,0.0,0.0,0.0
4.800000000000001,-4.473061480044679,33.95059070495839,31.91532300594492,-0.28465347444010425,0.1968434846058227,0.5766982961473383,0.31717074602807693,-0.6687250021465443,0.24553516865841657,0.6260367420338228,6387168.655034852,0.026255219275629516,-8.631855300661799e-05,-1.3605319221580575e-11,4.110619382961362e-09,9031.655034852214,0.0,0.8166394400242379,0.09572702423198035,3.0724914845619633,-0.23289065634426623,-0.28554727942273667,0.5408026829839173,-0.2845810578297463,0.1968520000523936,0.576699387183628,303.7122417682977,0.46529174500729253,30656.517134900467,229.52753331489816,0.15412835752730694,1.7100433446372296,0.8114332179025052,46.81066898468407,509.7826463892742,9.752453196408174,-1.7368572507892036e-05,0.016392846545592483,46.810662933848825,0.0,0.0,0.0,0.0,0.0,0.0,0.0,0.0,0.0,0.0,0.0,0.0,0.0,0.0,0.0,0.0,0.0,0.5,0.0,0.0,1.0,0.0,0.0,0.0
4.9,-3.208930575232682,33.932573889263715,33.492778906059016,-0.29035223061379656,0.1826511518347859,0.5799716631723928,0.28695236882884745,-0.6717405047075335,0.25874560669808494,0.6320365164813698,6387163.925049895,0.02792877678061766,-8.7720598135049e-05,-1.3826316454612342e-11,4.3726413025316205e-09,9026.92504989542,0.0,0.7922808330147726,0.06721053574891056,3.126449889650574,-0.2541116338594144,-0.2846521158059846,0.5385312724682586,-0.29027948020688815,0.18265541355989262,0.5799743154278401,303.73252315164456,0.4655564032345518,30678.0558556826,229.5581911027117,0.15732893660688554,1.666320413482676,0.7896365657199735,47.78591509029174,531.5483008467553,9.752467739571518,-1.785870179138449e-05,0.017082987858696445,47.78591428328527,0.0,0.0,0.0,0.0,0.0,0.0,0.0,0.0,0.0,0.0,0.0,0.0,0.0,0.0,0.0,0.0,0.0,0.5,0.0,0.0,1.0,0.0,0.0,0.0
5.0,-1.8931588730675692,33.75978529117356,35.133061729367085,-0.29564903496375233,0.168108464356248,0.5830553064498898,0.2563098534798428,-0.6735791045307353,0.2713902900555148,0.6379185545595543,6387159.097696342,0.029672359694786325,-8.98884378839532e-05,-1.4168017088496758e-11,4.645627147416347e-09,9022.097696341263,0.0,0.7658339326644861,0.0388230283911507,-3.1029566183841477,-0.2747256704269276,-0.28296781997420933,0.5372001314941867,-0.2955762207876469,0.1681083943081991,0.5830592971392216,303.75322203523035,0.465826509555326,30700.037959488294,229.5894799931238,0.16052887283888503,1.62463554159561,0.7647433986489514,48.761162568482035,553.7871776886176,9.752482582144864,-1.7521209095816556e-05,0.01778675835674311,48.76115772857712,0.0,0.0,0.0,0.0,0.0,0.0,0.0,0.0,0.0,0.0,0.0,0.0,0.0,0.0,0.0,0.0,0.0,0.5,0.0,0.0,1.0,0.0,0.0,0.0
5.1000000000000005,-0.5309830538759583,33.42398679541135,36.82751382555387,-0.30052723609935283,0.15323792407311077,0.5859297878533369,0.22530917695612612,-0.6742082586422838,0.28347648610499276,0.6436770049449372,6387154.172974011,0.03148668437342339,-9.160732151954746e-05,-1.4438954938961262e-11,4.929689110473192e-09,9017.17297401093,0.0,0.7373588026770236,0.010642196814284731,-3.0492646108320947,-0.294742097822536,-0.28051399854718057,0.5367911221257714,-0.30045462676090207,0.15323346666743623,0.5859348802385642,303.77433841982156,0.4661020639796204,30722.463447131813,229.6213999872936,0.16372815287011472,1.5852134353477823,0.7369365454990577,49.736411318818504,576.500810708492,9.752497724130796,-1.7700468181836015e-05,0.018505253908202235,49.73640818018289,0.0,0.0,0.0,0.0,0.0,0.0,0.0,0.0,-0.0,0.0,0.0,0.0,0.0,0.0,0.0,0.0,0.0,0.5,0.0,0.0,1.0,0.0,0.0,0.0
5.2,0.8722564035283596,32.91688875065079,38.56651154776272,-0.30496889230280994,0.13806255953190383,0.5885755481807717,0.19401716190022028,-0.6735929493091792,0.29501094467213673,0.649303299907796,6387149.150414666,0.033373806522090745,-9.336706364976108e-05,-1.4716333473577178e-11,5.225149083111147e-09,9012.150414666161,0.0,0.7069053632408346,-0.01725433095795928,-2.995568017408871,-0.3141669077605665,-0.2773018851508714,0.5372876627196836,-0.3048967554068761,0.1380536827586817,0.5885814928572782,303.7958743131457,0.4663830927069066,30745.334450808743,229.65395412014584,0.1669267630314038,1.5481885566428115,0.7064027451268227,50.711662144014674,599.6930830351719,9.752513166971253,-1.777816784838867e-05,0.019237675872382457,50.71165956140186,0.0,0.0,0.0,0.0,0.0,0.0,0.0,0.0,0.0,0.0,0.0,0.0,0.0,0.0,0.0,0.0,0.0,0.5,0.0,0.0,1.0,0.0,0.0,0.0
5.300000000000001,2.3105681934789244,32.23277205640914,40.338950521884286,-0.30896127110034166,0.1226101221476975,0.5909764534397403,0.16250518543988066,-0.6717141543257491,0.3060077721781674,0.6547882714457485,6387144.030486242,0.03533500265126292,-9.556732749915128e-05,-1.506314690302265e-11,5.532206959444924e-09,9007.030486241914,0.0,0.6745416753786685,-0.04479287677248431,-2.941777765337395,-0.3330101384216108,-0.273345256149902,0.5386617313430286,-0.30888986987335204,0.12259681883508763,0.5909829934443551,303.8178277087757,0.46666956955468375,30768.648839704623,229.6871393587216,0.17012468949943754,1.5135849462627164,0.6733630477713263,51.686913830036886,623.363282004953,9.752528909229431,-1.745239812075046e-05,0.01998430619298712,51.68690763595122,0.0,0.0,0.0,0.0,0.0,0.0,0.0,0.0,0.0,0.0,0.0,0.0,0.0,0.0,0.0,0.0,0.0,0.5,0.0,0.0,1.0,0.0,0.0,0.0
5.4,3.777945388183918,31.366176083584847,42.13305151217826,-0.3124908023091338,0.10690847318781527,0.593116757411629,0.1308443307880787,-0.6685514076855914,0.3164804038149601,0.6601204240026949,6387138.813188615,0.03737104883594842,-9.698305118190121e-05,-1.5286303243180112e-11,5.850984287171282e-09,9001.813188615255,0.0,0.6403254733938176,-0.07189952995176425,-2.88780769174834,-0.3512763959629645,-0.26864970524492404,0.5408866793083027,-0.31242039612203126,0.10689076145600611,0.5931236299230236,303.840198607239,0.4669614945298304,30792.406614379255,229.72095570381762,0.1733219235194272,1.4813684618697558,0.6380263026312176,52.662167665131456,647.5130677096047,9.752544950907865,-1.7935268325164344e-05,0.02074548205585458,52.66216588565636,0.0,0.0,0.0,0.0,0.0,0.0,0.0,0.0,-0.0,0.0,0.0,0.0,0.0,0.0,0.0,0.0,0.0,0.5,0.0,0.0,1.0,0.0,0.0,0.0
5.5,5.268237150038952,30.31187636193458,43.936205387262916,-0.3155428985225852,0.09098611869252804,0.5949808853301547,0.09910660979952489,-0.6640822425906424,0.3264417113579458,0.6652854527721803,6387133.498053476,0.03948457386694511,-9.92432243982186e-05,-1.5642560998820934e-11,6.181892688600742e-09,8996.498053475903,0.0,0.6043058056459926,-0.09849795482778746,-2.8335727662386154,-0.3689639738873497,-0.2632130252646879,0.5439360630683301,-0.3154737433623442,0.09096404274713099,0.5949878233414753,303.8629786647275,0.46725979898296655,30816.706186718493,229.7554065473945,0.1765184518581938,1.4514636571019905,0.6005892457081161,53.637422806065985,672.1477036814284,9.752561293448869,-1.7473195748962663e-05,0.02152043572439647,53.637416570557924,0.0,0.0,0.0,0.0,0.0,0.0,0.0,0.0,0.0,0.0,0.0,0.0,0.0,0.0,0.0,0.0,0.0,0.5,0.0,0.0,1.0,0.0,0.0,0.0
5.6000000000000005,6.774863842574482,29.067703969322135,45.73504459087281,-0.31810900957800925,0.07487509474892197,0.5965576232963431,0.06736551958115068,-0.6583016422273141,0.335911329331015,0.6702691421189295,6387128.0855488,0.041675898399845805,-0.00010089486644674416,-1.590290378943721e-11,6.524982409580708e-09,8991.085548800416,0.0,0.5665491390674186,-0.12451662006935538,-2.7789938169847583,-0.38607212685326947,-0.2570362372913645,0.5477711681405539,-0.31804135489398433,0.07484872466608737,0.5965643612216655,303.88617057882107,0.4675640454035653,30841.501673520455,229.790488694188,0.17971426344051103,1.4237366011143673,0.5612622780406594,54.612679554529706,697.2661125157933,9.752577935415607,-1.7799015590587903e-05,0.022310022860438043,54.61267556789644,0.0,0.0,0.0,0.0,0.0,0.0,0.0,0.0,0.0,0.0,0.0,0.0,0.0,0.0,0.0,0.0,0.0,0.5,0.0,0.0,1.0,0.0,0.0,0.0
5.7,8.291188998221507,27.6319392117829,47.51579757906067,-0.3201799311777859,0.05860747574859665,0.5978363343240601,0.03569406178755542,-0.6512031015665685,0.3449079556915029,0.675054795902342,6387122.575674428,0.043946811722452746,-0.00010267830047529113,-1.6184020150868984e-11,6.880533636511951e-09,8985.575674427673,0.0,0.5271136208611182,-0.14988147019173056,-2.7239944262130824,-0.4025917580286547,-0.2501134224570847,0.5523521460681575,-0.32011402046639065,0.05857690748368446,0.5978426097858478,303.9097797100423,0.4678737651463395,30866.743225349233,229.8262019606234,0.18290934396911052,1.3980423322095497,0.5202362646356382,55.58793843256073,722.8693883668528,9.752594876810848,-1.781930593214298e-05,0.02311365519255304,55.58793478935833,0.0,0.0,0.0,0.0,0.0,0.0,0.0,0.0,-0.0,0.0,0.0,0.0,0.0,0.0,0.0,0.0,0.0,0.5,0.0,0.0,1.0,0.0,0.0,0.0
5.800000000000001,9.810375691069122,26.003335579751205,49.26413555698596,-0.3217456919970847,0.042215942173214005,0.59880682161516,0.004166163885886493,-0.6427787956096241,0.35344973308355554,0.6796231294640577,6387116.967962036,0.046299255844863225,-0.00010492032898939195,-1.6537420386802106e-11,7.248850472582715e-09,8979.967962035598,0.0,0.48605114852035586,-0.17451385775455347,-2.668499792644124,-0.4185041063707037,-0.24243223911450346,0.5576360026038294,-0.3216817632708472,0.042181297903707185,0.5988123772954337,303.9338080650934,0.46818898453649777,30892.432987657725,229.86254938221654,0.18610367333176936,1.3742323742694613,0.47768584953128673,56.563198378425305,748.9616129182072,9.752612119077105,-1.746166669081006e-05,0.02393133977612413,56.56319103470882,0.0,0.0,0.0,0.0,0.0,0.0,0.0,0.0,0.0,0.0,0.0,0.0,0.0,0.0,0.0,0.0,0.0,0.5,0.0,0.0,1.0,0.0,0.0,0.0
5.9,11.325389401324914,24.183943241952708,50.96589024069213,-0.3228029382564786,0.0257351958566647,0.5994639017394781,-0.027146153224280784,-0.63303876283766,0.3615605617827206,0.6839556243821692,6387111.262879629,0.048733702336565494,-0.000106338570834188,-1.676097709093623e-11,7.63000679617498e-09,8974.262879628377,0.0,0.44343116409890454,-0.19834120031309638,-2.6124448713726367,-0.43378841452536976,-0.2339855896721677,0.5635655716376597,-0.3227412211472851,0.025696622163597388,0.5994684908575828,303.95825363863423,0.46850967726670056,30918.568816449337,229.89952792551202,0.1892972458826196,1.3521367511220763,0.4337899147832109,57.53846052892467,775.5422777443733,9.752629660777545,-1.8015425761408466e-05,0.024763684390285572,57.53845740275756,0.0,0.0,0.0,0.0,0.0,0.0,0.0,0.0,0.0,0.0,0.0,0.0,0.0,0.0,0.0,0.0,0.0,0.5,0.0,0.0,1.0,0.0,0.0,0.0
6.0,12.829084002605027,22.176352376087223,52.606842997973885,-0.3233477650800413,0.009199800272286316,0.5998030718219414,-0.058171489285767326,-0.6219916165353414,0.3692631800782651,0.6880313889944194,6387105.460426981,0.051252258760875184,-0.00010853492412185952,-1.710717970114488e-11,8.024332630551077e-09,8968.46042698063,0.0,0.3993177937476156,-0.22128656693458298,-2.5557682764458782,-0.4484122166672253,-0.2247616752857116,0.5700787549359625,-0.3232884814185385,0.00915746767877331,0.599806459759901,303.98311643163066,0.4688358433496171,30945.15071275658,229.93713759197064,0.19249004676727957,1.3315979785482874,0.3887089916599145,58.51372429838798,802.6131915217543,9.75264750191526,-1.7595280664917112e-05,0.025609811639967006,58.513717617916235,0.0,0.0,0.0,0.0,0.0,0.0,0.0,0.0,-0.0,0.0,0.0,0.0,0.0,0.0,0.0,0.0,0.0,0.5,0.0,0.0,1.0,0.0,0.0,0.0
6.1000000000000005,14.314047830654372,19.98375849804178,54.17258796038259,-0.32337567169711046,-0.007355238693864006,0.5998204548988517,-0.08883772254461521,-0.6096450753049661,0.3765796803854891,0.6918271216240311,6387099.560135818,0.05385626924048088,-0.00011036670418123172,-1.739591944962709e-11,8.432038477138448e-09,8962.560135818398,0.0,0.35377240661994114,-0.24326692484289925,-2.498411860891202,-0.46232960378793037,-0.21474484836168536,0.5771059423159643,-0.3233190359166943,-0.0074011358797267356,0.5998224209753296,304.00839845057857,0.4691675091077511,30972.180821811904,229.9753814167964,0.19568205917472056,1.31247172527282,0.342589376569842,59.48898967563904,830.1785832709335,9.752665643932769,-1.775451094402728e-05,0.026470379519423663,59.48898352962527,0.0,0.0,0.0,0.0,0.0,0.0,0.0,0.0,0.0,0.0,0.0,0.0,0.0,0.0,0.0,0.0,0.0,0.5,0.0,0.0,1.0,0.0,0.0,0.0
6.2,15.772919506861303,17.61258884198151,55.649875777906914,-0.32288902471848835,-0.02389459276048517,0.5995174676519741,-0.11907794876512447,-0.5960242754338432,0.3835366401356697,0.6953211274759304,6387093.5624740925,0.05654683382632521,-0.00011199380586540228,-1.7652398717791906e-11,8.853296617858945e-09,8956.56247409278,0.0,0.3068748316241199,-0.264207305316849,-2.440331677073407,-0.47549056885244706,-0.20392823652035041,0.5845619773482615,-0.32283524123311536,-0.023943839766020228,0.5995178098271643,304.03409769036546,0.46950464823674726,30999.656999861905,230.01425636687804,0.19887327611777555,1.2946102689217196,0.29557780860954136,60.46425732364888,858.2380010253842,9.752684085393495,-1.8045554262620854e-05,0.02734531674875148,60.464253148204996,0.0,0.0,0.0,0.0,0.0,0.0,0.0,0.0,0.0,0.0,0.0,0.0,0.0,0.0,0.0,0.0,0.0,0.5,0.0,0.0,1.0,0.0,0.0,0.0
6.300000000000001,17.198170880997072,15.06977440726906,57.02578552364809,-0.3218896297208122,-0.040383295279476844,0.598896191524143,-0.14882598251345897,-0.5811529741061595,0.3901592906592178,0.6984896102260445,6387087.467441584,0.059325696578758504,-0.00011435575636973937,-1.8024705301785943e-11,9.288380170331696e-09,8950.467441583984,0.0,0.25870359347616323,-0.2840275144766353,-2.381489529831158,-0.48783053600442533,-0.19230380006108894,0.5923532823231029,-0.32183889343127264,-0.04043565771801146,0.5988947276255381,304.060214151933,0.4698472607489604,31027.5792479135,230.05376244364012,0.20206368173395414,1.27788524565964,0.24780661419520567,61.43952634035413,886.7933370395915,9.752702826300636,-1.746333818553048e-05,0.02823402901101702,61.43951739940359,0.0,0.0,0.0,0.0,0.0,0.0,0.0,0.0,0.0,0.0,0.0,0.0,0.0,0.0,0.0,0.0,0.0,0.5,0.0,0.0,1.0,0.0,0.0,0.0
6.4,18.58194885499842,12.362851450224492,58.28761168279419,-0.3203787521057239,-0.05678616004233976,0.5979593979517799,-0.17801517661912647,-0.5650541261824168,0.39647199691390583,0.7013064280651138,6387081.274570031,0.062194142966297446,-0.00011584026687956878,-1.825871103600773e-11,9.737490459537816e-09,8944.274570031403,0.0,0.20933897161513,-0.3026406917540343,-2.321853268189393,-0.49926862390529175,-0.17986367935992553,0.6003753489805291,-0.32033124868202906,-0.056841384505297646,0.5979559671188135,304.08673295296103,0.4701968575837427,31056.10785064358,230.09390326517808,0.20525327304730964,1.2621857399233596,0.19939747907136954,62.41479750168626,915.8518567385713,9.752721868096833,-1.8055174173081664e-05,0.029137436798158948,62.41479232725221,0.0,0.0,0.0,0.0,0.0,0.0,0.0,0.0,0.0,0.0,0.0,0.0,0.0,0.0,0.0,0.0,0.0,0.5,0.0,0.0,1.0,0.0,0.0,0.0
6.5,19.91672568624962,9.502206528685706,59.424738495704226,-0.3183644082848548,-0.07306940819503292,0.5967150216148882,-0.20658708735117007,-0.5477669465464587,0.40250223137168645,0.7037481150970625,6387074.984327333,0.06515364412302477,-0.00011781332840903444,-1.8569722862525466e-11,1.0200857871942159e-08,8937.984327333048,0.0,0.15888086145141936,-0.31997128623352755,-2.2614094209690503,-0.5097209659935031,-0.16661349316887375,0.6085100448413335,-0.31832031183625353,-0.07312722675751242,0.5967094876790101,304.11366731125014,0.47055207427940726,31085.0981254727,230.13467527325744,0.20844203077372198,1.2474047802801438,0.1504706939071734,63.390070677250165,945.4107364279978,9.752741209345754,-1.7950366013745143e-05,0.03005490296519871,63.39006419730305,0.0,0.0,0.0,0.0,0.0,0.0,0.0,0.0,0.0,0.0,0.0,0.0,0.0,0.0,0.0,0.0,0.0,0.5,0.0,0.0,1.0,0.0,0.0,0.0
6.6000000000000005,21.194765735532098,6.4985707950698455,60.4272139077099,-0.3158539235715365,-0.0891998161102865,0.5951715194195039,-0.23448403465522094,-0.5293291465461394,0.4082759318140595,0.7057893650552517,6387068.596713303,0.06820549318601674,-0.00012000172276642557,-1.8914676364896055e-11,1.0678684932413962e-08,8931.596713302657,0.0,0.10743236918625686,-0.33593893484694753,-2.200153021275653,-0.5190891615613682,-0.15256226532626055,0.6166303956391106,-0.3158133970286684,-0.08925994739845866,0.595163771555021,304.14101860644774,0.47091278963775907,31114.537162267232,230.17607842148936,0.21162993984169487,1.2334546844078256,0.10113613840673427,64.36534547107433,975.4717559828637,9.752760850050615,-1.7616704060863242e-05,0.030986397744555916,64.36533622404482,0.0,0.0,0.0,0.0,0.0,0.0,0.0,0.0,-0.0,0.0,0.0,0.0,0.0,0.0,0.0,0.0,0.0,0.5,0.0,0.0,1.0,0.0,0.0,0.0
6.7,22.407970656658097,3.3631567057502574,61.28566629795897,-0.31285401848815775,-0.10514414396865619,0.5933379752686444,-0.2616480419624029,-0.5097774996454307,0.4138178696596533,0.7074025199471922,6387062.111259647,0.07135130594585802,-0.00012144479938063861,-1.914215372776643e-11,1.1171224690384202e-08,8925.111259647025,0.0,0.05510321599031128,-0.3504573392551562,-2.138088425721449,-0.5272594844203926,-0.13772421358192793,0.6245992075658617,-0.31281721372387905,-0.10520629402113942,0.5933279289174287,304.168788843751,0.47127903010381333,31144.42711928233,230.2181157452503,0.21481698542675773,1.220265033120306,0.05149647827064246,65.34062256570594,1006.0394210885654,9.752780791654327,-1.8278690454565094e-05,0.031932478696945786,65.34061731153092,0.0,0.0,0.0,0.0,0.0,0.0,0.0,0.0,0.0,0.0,0.0,0.0,0.0,0.0,0.0,0.0,0.0,0.5,0.0,0.0,1.0,0.0,0.0,0.0
6.800000000000001,23.548876844182296,0.10937421577402162,61.993548868558584,-0.3093776994359475,-0.12087215431680823,0.5912281139721732,-0.28803183858251846,-0.4891632639291162,0.4191545699484645,0.7085638375038534,6387055.528434249,0.07459248786737958,-0.00012372133570710768,-1.950100207519851e-11,1.1678697256697218e-08,8918.528434249572,0.0,0.002022691543535823,-0.36345625840354895,-2.075241686688923,-0.5341227865641508,-0.12213145263177337,0.6322742511191419,-0.3093447552625969,-0.12093602180383169,0.5912157125289761,304.19697601971734,0.47165076925569566,31174.765840151427,230.26078421181995,0.21800315723715422,1.2077721315609773,0.0016516499252730776,66.31590148368804,1037.1133863266978,9.752801032720683,-1.777864229583297e-05,0.03289248915580127,66.31589221093867,0.0,0.0,0.0,0.0,0.0,0.0,0.0,0.0,0.0,0.0,0.0,0.0,0.0,0.0,0.0,0.0,0.0,0.5,0.0,0.0,1.0,0.0,0.0,0.0
6.9,24.609797877510797,-3.249266271961755,62.5452104314585,-0.3054370556901668,-0.13635425639191556,0.5888559390486131,-0.3135888247824882,-0.467535890661437,0.42431081931313985,0.7092478895557469,6387048.848236948,0.07793010210574078,-0.00012555389555244135,-1.978987166358495e-11,1.2201269155355253e-08,8911.848236949183,0.0,-0.05167301804019304,-0.374862402827076,-2.0116493585337687,-0.5395612063422583,-0.10582378648349322,0.6395101234281075,-0.3054080980934083,-0.1364195336739004,0.5888411538626822,304.22558013503675,0.47202800710250437,31205.553325617086,230.3040838222427,0.22118844307903848,1.19593005017998,-0.04830544133026667,67.29118241488604,1068.695771992926,9.75282157325295,-1.7946832523207945e-05,0.03386680824674215,67.29117391340804,0.0,0.0,0.0,0.0,0.0,0.0,0.0,0.0,-0.0,0.0,0.0,0.0,0.0,0.0,0.0,0.0,0.0,0.5,0.0,0.0,1.0,0.0,0.0,0.0
7.0,25.582681274878574,-6.698982142701869,62.93585128879261,-0.30104341132950163,-0.15156095939998152,0.5862359166232098,-0.33827210539370994,-0.44494366260461926,0.42930992618958613,0.7094268697661502,6387042.070199396,0.08136614513799512,-0.00012720881148220128,-2.0050741813097513e-11,1.2739253046345812e-08,8905.070199397082,0.0,-0.10583752008980861,-0.384598688502788,-1.9473593747534361,-0.5434492229916502,-0.08885049862484137,0.6461589122124907,-0.3010185534120502,-0.1516273334381883,0.5862187473129679,304.2546031951442,0.47241077009239313,31236.791734190563,230.348017612255,0.22437282654236837,1.1847095374960188,-0.09828619920934,68.26646560532886,1100.7911961814098,9.752842414694367,-1.8377011115215204e-05,0.034855471588600764,68.26645904643455,0.0,0.0,0.0,0.0,0.0,0.0,0.0,0.0,0.0,0.0,0.0,0.0,0.0,0.0,0.0,0.0,0.0,0.5,0.0,0.0,1.0,0.0,0.0,0.0
7.1000000000000005,26.460451131553157,-10.224624424367834,63.16392867928014,-0.2962136305640705,-0.16646709438238108,0.5833863127271897,-0.3620473891121475,-0.42144704700723185,0.4341757109001754,0.7090781664876287,6387035.194789499,0.0849017352690014,-0.0001296200980971414,-2.0430832636466374e-11,1.3292824086939853e-08,8898.194789499355,0.0,-0.16030832111999072,-0.3926098761957053,-1.8824406191710843,-0.5456811045536957,-0.07128021594649145,0.6520840943967346,-0.29619297093264146,-0.166534252135415,0.5833667870336939,304.28403788276177,0.4727995014034748,31268.529001118135,230.39258273280535,0.22755630178771447,1.1740894150928578,-0.14820591976451225,69.24175065533662,1133.4005051427769,9.752863555608748,-1.767719199700461e-05,0.035858166737970265,69.24173901688224,0.0,0.0,0.0,0.0,0.0,0.0,0.0,0.0,0.0,0.0,0.0,0.0,0.0,0.0,0.0,0.0,0.0,0.5,0.0,0.0,1.0,0.0,0.0,0.0
7.2,27.235826314269126,-13.811212827043118,63.22889045103114,-0.29096338668241617,-0.1810480822469291,0.5803253785914602,-0.38488076613034083,-0.3971043195238177,0.4389300585097743,0.7081775100916632,6387028.222007087,0.0885379703920755,-0.0001311375565235793,-2.0670038470498304e-11,1.3862154246791936e-08,8891.222007088363,0.0,-0.2149150738172861,-0.3988403254773104,-1.8169717409686783,-0.5461542699940132,-0.053190934046331795,0.6571579593011426,-0.2909470095374734,-0.18111571149631242,0.5803035517701195,304.3138743013073,0.47319507571837943,31300.858427348245,230.43777952735255,0.23073886505995483,1.1640657194124717,-0.19798407201383708,70.2170379782814,1166.5281717312316,9.752884995999496,-1.832684824520925e-05,0.036875216212830964,70.21703017630819,0.0,0.0,0.0,0.0,0.0,0.0,0.0,0.0,-0.0,0.0,0.0,0.0,0.0,0.0,0.0,0.0,0.0,0.5,0.0,0.0,1.0,0.0,0.0,0.0
7.300000000000001,27.90119657334396,-17.44373208696205,63.13118118566694,-0.2853073763745358,-0.19527943039145002,0.5770716091463134,-0.4067378667222421,-0.37197237693794033,0.4435931101146722,0.7066982424286388,6387021.151383777,0.09227703515866575,-0.00013312760802338517,-2.0983735850564355e-11,1.4447585656140318e-08,8884.15138377777,0.0,-0.26947688841896733,-0.4032336275568572,-1.7510415350801247,-0.5447718017681106,-0.034671162039529156,0.6612638742394922,-0.2852953512877754,-0.19534722048523945,0.5770475636911594,304.344129379415,0.47359620066494695,31333.64149460134,230.48361051565152,0.23392048754792052,1.1546520306065775,-0.24754186955169516,71.19232743696773,1200.1758670399574,9.752906737310136,-1.8302077362382846e-05,0.037906447193056664,71.19231838870338,0.0,0.0,0.0,0.0,0.0,0.0,0.0,0.0,0.0,0.0,0.0,0.0,0.0,0.0,0.0,0.0,0.0,0.5,0.0,0.0,1.0,0.0,0.0,0.0
7.4,28.450289075705303,-21.1066919911587,62.87457825700869,-0.27926491219749466,-0.20914192380033383,0.573646249328715,-0.4275981439101702,-0.3461176193555519,0.4481844583998144,0.7046200953746856,6387013.983387497,0.0961197798384112,-0.00013538933532299217,-2.134025617620859e-11,1.504925151291196e-08,8876.983387498185,0.0,-0.32380542315814187,-0.4057606771272676,-1.6847534297129119,-0.5414746130377207,-0.01582456538773197,0.6643159191849981,-0.2792572929760847,-0.209209570722774,0.5736200930920548,304.37480111481767,0.4740028496969125,31366.87603330905,230.5300726646285,0.23710116091549444,1.1458713464795152,-0.29680532853242,72.16761901192106,1234.3433948227944,9.752928778104485,-1.7857065165808685e-05,0.038951923695751844,72.16760657219106,0.0,0.0,0.0,0.0,0.0,0.0,0.0,0.0,0.0,0.0,0.0,0.0,0.0,0.0,0.0,0.0,0.0,0.5,0.0,0.0,1.0,0.0,0.0,0.0
7.5,28.876674316564245,-24.78500080000431,62.463806511019584,-0.27285385195075246,-0.22261672236353672,0.5700702464273826,-0.4474409377557314,-0.31960390482704726,0.4527215897528351,0.7019210461795182,6387006.71801805,0.10006750862928417,-0.00013683800852956564,-2.156862276920628e-11,1.5667356094520607e-08,8869.718018050306,0.0,-0.37770739676372383,-0.4063943839194141,-1.6182159447328264,-0.5362191363090822,0.0032385686014032578,0.6662496517582529,-0.27285067661052625,-0.22268392915754187,0.5700421115369884,304.40588950836815,0.47441502282558246,31400.56204439545,230.5771659755753,0.24028087308745757,1.1377654582646395,-0.34570194223502554,73.14291290403484,1269.0330751582294,9.752951118386171,-1.8637439037405557e-05,0.04001157482839801,73.14290500723419,0.0,0.0,0.0,0.0,0.0,0.0,0.0,0.0,-0.0,0.0,0.0,0.0,0.0,0.0,0.0,0.0,0.0,0.5,0.0,0.0,1.0,0.0,0.0,0.0
7.6000000000000005,29.1736690262206,-28.46373840105302,61.90460348315051,-0.26609086570501783,-0.2356849196842516,0.5663645711945673,-0.46624485075688227,-0.2924936108368505,0.4572200718317722,0.6985767260306532,6386999.354807041,0.10412235045036639,-0.00013915999267619423,-2.1934643031278517e-11,1.6302232814110048e-08,8862.354807040654,0.0,-0.430982638103126,-0.40510963105626396,-1.551542439587746,-0.5289792833808631,0.022401051330515252,0.66702387763336,-0.26609215611434833,-0.23575139686592558,0.566334613296963,304.4373965643142,0.47483274662348124,31434.701699574995,230.624893484566,0.24345960597954633,1.1303970768865905,-0.39415834835160657,74.11820893562373,1304.2497787802702,9.752973759598904,-1.8092261607686552e-05,0.041085496348973294,74.11819651993221,0.0,0.0,0.0,0.0,0.0,0.0,0.0,0.0,0.0,0.0,0.0,0.0,0.0,0.0,0.0,0.0,0.0,0.5,0.0,0.0,1.0,0.0,0.0,0.0
7.7,29.33628224982923,-32.128344945152236,61.20576181262443,-0.25899625013016037,-0.24833345305747698,0.5625518076662873,-0.48400282545905626,-0.2648557298982604,0.46169408918308324,0.6945701653385552,6386991.89422241,0.10828505506511382,-0.00014103781652963356,-2.2230655076296455e-11,1.695399913986459e-08,8854.894222412258,0.0,-0.48343671376681824,-0.40191185618787695,-1.4848496571588055,-0.5197771741078879,0.04154047548805386,0.6666396915813736,-0.2590020114516383,-0.24839892296577112,0.5625202026052099,304.4693202803355,0.47525599454363904,31469.29282922175,230.67325215844636,0.24663735230412337,1.1238404494389687,-0.4421063844213299,75.09350733839136,1339.9933797150338,9.752996700306547,-1.8271285982270527e-05,0.042173685320658905,75.09349559213143,0.0,0.0,0.0,0.0,0.0,0.0,0.0,0.0,0.0,0.0,0.0,0.0,0.0,0.0,0.0,0.0,0.0,0.5,0.0,0.0,1.0,0.0,0.0,0.0
7.800000000000001,29.35943798498463,-35.764799450912214,60.3768669823474,-0.2515886435785446,-0.26054928672704913,0.5586540220779092,-0.5007070434535055,-0.23675650821605534,0.46615559550183583,0.6898824614479436,6386984.336263926,0.11255710467918692,-0.00014271762154939975,-2.2495456009138967e-11,1.7622887227092735e-08,8847.3362639267,0.0,-0.534875849603539,-0.3968094546341836,-1.418251985244121,-0.5086544518142087,0.06053413028240939,0.6651240215064602,-0.2515988641659049,-0.26061348346064106,0.5586209645289633,304.5016528331161,0.4756854617608965,31504.409690568304,230.7222422700029,0.2498141052992445,1.1181932089333328,-0.48947635584571175,76.06880796464607,1376.2682917215375,9.753019940512969,-1.8735314110784888e-05,0.04327591042733659,76.06879849798773,0.0,0.0,0.0,0.0,0.0,0.0,0.0,0.0,0.0,0.0,0.0,0.0,0.0,0.0,0.0,0.0,0.0,0.5,0.0,0.0,1.0,0.0,0.0,0.0
7.9,29.237911356799454,-39.35938155580646,59.42842410911316,-0.24388533116000008,-0.2723190464137414,0.5546931286583344,-0.5163486269664515,-0.2082607488836935,0.4706145516696729,0.6844924649577824,6386976.680463198,0.11694047802032964,-0.00014518283016529522,-2.2884055066596978e-11,1.830920698288782e-08,8839.680463198572,0.0,-0.5851051826740502,-0.3898140385406427,-1.3518610890145855,-0.49567196708467165,0.07925896660218505,0.6625291158230077,-0.24389998211483582,-0.27238171583825077,0.5546588310521213,304.5343893877436,0.4761217824765719,31540.119361370394,230.771867092345,0.25298985374137056,1.1135808138760759,-0.5361945199187562,77.04411096524584,1413.081486370216,9.753043481662024,-1.798795322353423e-05,0.04439263740837518,77.04409549563935,0.0,0.0,0.0,0.0,0.0,0.0,0.0,0.0,0.0,0.0,0.0,0.0,0.0,0.0,0.0,0.0,0.0,0.5,0.0,0.0,1.0,0.0,0.0,0.0
8.0,28.968486010419383,-42.89941960514067,58.37341269930858,-0.23590627255802896,-0.28363540922086,0.5506915414584389,-0.530932882980062,-0.1794369570716268,0.4750789448644951,0.6783871791771072,6386968.927288163,0.12143599270578899,-0.00014670522644401793,-2.312404696576281e-11,1.901308650567223e-08,8831.927288164074,0.0,-0.6339496637679297,-0.3809674941838327,-1.2857795396978546,-0.480933637568335,0.09759873425407227,0.6589453467181171,-0.23592530784291657,-0.28369631236123827,0.550656229637643,304.5675423193659,0.47656365276551244,31576.283224300594,230.82212309394916,0.2561645783340103,1.1101437111207972,-0.5821918133300602,78.0194163912515,1450.4293004845165,9.753067322317678,-1.873543450396179e-05,0.045523391925389234,78.01940558799576,0.0,0.0,0.0,0.0,0.0,0.0,0.0,0.0,0.0,0.0,0.0,0.0,0.0,0.0,0.0,0.0,0.0,0.5,0.0,0.0,1.0,0.0,0.0,0.0
8.1,28.54794360590409,-46.37280587645218,57.2253808611914,-0.22766965836871728,-0.29449064569899897,0.546671031481718,-0.5444636663848264,-0.15035091811511733,0.47955448581266025,0.6715515045749314,6386961.076738562,0.1260451361340385,-0.00014879091414252545,-2.3452827328699268e-11,1.973475877175725e-08,8824.076738563366,0.0,-0.6812398747248641,-0.3703136759688128,-1.2201006540329478,-0.4645549102853382,0.11544309474388989,0.6544812089720897,-0.22769301466853556,-0.2945495582039346,0.546634943255823,304.601111629094,0.4770110726425269,31612.901280570895,230.8730102764997,0.25933826571381424,1.108054275740853,-0.6273936387752171,78.99472402438919,1488.3142396159833,9.753091462483983,-1.8563967984164265e-05,0.04666833714076546,78.99471108836019,0.0,0.0,0.0,0.0,0.0,0.0,0.0,0.0,-0.0,0.0,0.0,0.0,0.0,0.0,0.0,0.0,0.0,0.5,0.0,0.0,1.0,0.0,0.0,0.0
8.200000000000001,27.973038474787863,-49.76775869319844,55.99862810969182,-0.2191922359827814,-0.3048763353045532,0.5426531156163656,-0.5569434515738863,-0.12106712808168803,0.4840448857290516,0.6639682122540052,6386953.128346019,0.13076983553877022,-0.00015099832397848324,-2.3800795072879796e-11,2.0474525635326165e-08,8816.128346020667,0.0,-0.7268097969525732,-0.3578990130495953,-1.1549086676799332,-0.44666083027002956,0.1326869267776306,0.6492611998002312,-0.21921983222597516,-0.3049330470557235,0.5426164995348334,304.6350993197243,0.47746406880136866,31649.975714870478,230.92453167600368,0.2625108995999442,1.107524188799508,-0.6717167118725894,79.97003431933146,1526.7414721616387,9.753115903604945,-1.828782517065973e-05,0.04782776476770561,79.97001837914767,0.0,0.0,0.0,0.0,0.0,0.0,0.0,0.0,0.0,0.0,0.0,0.0,0.0,0.0,0.0,0.0,0.0,0.5,0.0,0.0,1.0,0.0,0.0,0.0
8.3,27.242775889531433,-53.074036037291805,54.70912597704919,-0.21049258841268983,-0.3147900295317165,0.538658802398431,-0.5683881439659391,-0.09165101953946231,0.48855153338622315,0.6556286937812782,6386945.082578439,0.13561098958407575,-0.000152532717928903,-2.404268120113029e-11,2.123252789096898e-08,8808.082578440508,0.0,-0.7705237086196568,-0.34379653101649615,-1.0902695924922772,-0.4274018317484372,0.14924094529849927,0.6434308864729023,-0.21052432662416534,-0.31484434700465913,0.5386219128598134,304.66950339047554,0.4779226145751419,31687.504344708246,230.97668425950866,0.2656824711763507,1.108784869890716,-0.7150803625874051,80.94534690399585,1565.7109787659772,9.753140644244688,-1.9003708789711027e-05,0.049001074549596055,80.94533573569441,0.0,0.0,0.0,0.0,0.0,0.0,0.0,0.0,0.0,0.0,0.0,0.0,0.0,0.0,0.0,0.0,0.0,0.5,0.0,0.0,1.0,0.0,0.0,0.0
8.4,26.356241322874528,-56.28186906611976,53.37316387079247,-0.20158752290121368,-0.3242284082475883,0.5347084355825744,-0.5788116112715898,-0.062165583910072084,0.49307361554005635,0.6465221891245216,6386936.939435572,0.14056999433380823,-0.00015496674245266581,-2.4426371064751477e-11,2.200898422307434e-08,8799.939435574226,0.0,-0.8122529059117897,-0.32807902510646453,-1.0262368271172178,-0.4069257844058368,0.16502434837270066,0.6371399720987685,-0.20162328805983346,-0.32428015359804496,0.5346715314830046,304.7043236648862,0.47838672583436354,31725.48886737346,231.02946803479372,0.2688529687490272,1.1121123770513284,-0.7573923447148574,81.92066200796911,1605.2254299979763,9.75316568440737,-1.8293033910765644e-05,0.05018890832833023,81.92064438406058,0.0,0.0,0.0,0.0,0.0,0.0,0.0,0.0,-0.0,0.0,0.0,0.0,0.0,0.0,0.0,0.0,0.0,0.5,0.0,0.0,1.0,0.0,0.0,0.0
8.5,25.312617040381575,-59.381733186215875,52.0075763568694,-0.192492401690972,-0.3331870735056327,0.5308220849915857,-0.5882260049160928,-0.032672752060773275,0.4976083012498652,0.6366358596278107,6386928.698449024,0.145648855670152,-0.0001566808878420445,-2.4696592418933298e-11,2.2804208809608246e-08,8791.69844902555,0.0,-0.8518728668241223,-0.31081999829830276,-0.9628519375680613,-0.3853765818857633,0.1799632092021812,0.6305408124443053,-0.19253206126475148,-0.3332360838604735,0.5307854284954975,304.7395383451266,0.4788585551302564,31764.15886730226,231.08288686484192,0.27202239611055157,1.1178376618537764,-0.7985443138915006,82.89597976954461,1645.2974243783385,9.753191025537216,-1.8827797826285564e-05,0.05139082811655034,82.89596544079755,0.0,0.0,0.0,0.0,0.0,0.0,0.0,0.0,0.0,0.0,0.0,0.0,0.0,0.0,0.0,0.0,0.0,0.5,0.0,0.0,1.0,0.0,0.0,0.0
8.6,24.113473625865165,-62.36592907942,50.62993758029116,-0.18322373937049866,-0.3416673223228603,0.5270184560853252,-0.5966557183673481,-0.0032329299644568653,0.5021503629121729,0.6259657468432699,6386920.360086687,0.15084842823095523,-0.0001586041176252468,-2.499977151586156e-11,2.3618335558985842e-08,8783.360086688772,0.0,-0.8892940267194179,-0.2921139711221244,-0.90013485826847,-0.36290407051624574,0.19400289329964293,0.6237875022799703,-0.18326714493465657,-0.3417134511759399,0.5269823076496601,304.7751691232725,0.47933595957777303,31803.285793315918,231.13693689367256,0.27519072378765314,1.1263140616334741,-0.8384261018249619,83.87129974675298,1685.9200749943936,9.75321666619847,-1.892140693726672e-05,0.052606878426881075,83.87128543690848,0.0,0.0,0.0,0.0,0.0,0.0,0.0,0.0,0.0,0.0,0.0,0.0,0.0,0.0,0.0,0.0,0.0,0.5,0.0,0.0,1.0,0.0,0.0,0.0
8.700000000000001,22.760532177537705,-65.22704272349158,49.25789731020288,-0.17379636608843335,-0.34966913109728587,0.5233156602646608,-0.6041227096850731,0.0260954648242206,0.506692546875712,0.6145058244025733,6386911.924348321,0.1561701027754941,-0.00016096930232902592,-2.5372614471113572e-11,2.4451582333574868e-08,8774.924348322675,0.0,-0.9244312022867015,-0.27205304809749165,-0.8380935796012267,-0.33964439684645564,0.20709554483157877,0.6170270059113632,-0.17384335320046057,-0.3497122471636111,0.5232802775021299,304.8112160003544,0.4798189391907238,31842.8696465463,231.1916181228492,0.27835794155466287,1.1379515226560557,-0.8769064913790127,84.84662264863238,1727.096126171183,9.753242606395384,-1.8402035177444986e-05,0.0538374353779858,84.84660276174493,0.0,0.0,0.0,0.0,0.0,0.0,0.0,0.0,-0.0,0.0,0.0,0.0,0.0,0.0,0.0,0.0,0.0,0.5,0.0,0.0,1.0,0.0,0.0,0.0
8.8,21.255725041075664,-67.95773184740823,47.909438565882176,-0.16422375020957433,-0.357191020910829,0.5197315884944401,-0.6106468224727448,0.05525477390678239,0.5112254660342955,0.6022479069502384,6386903.390765489,0.1616159331722452,-0.00016248220067619388,-2.5611117909287317e-11,2.5304270834849086e-08,8766.39076549063,0.0,-0.9572006272596016,-0.250728097409576,-0.7767249857428888,-0.31572031734935185,0.219198064230099,0.6103996043222625,-0.1642741379979847,-0.35723100722185963,0.51969722504993,304.84768097805596,0.48030752078897115,31882.912625085144,231.24693358882098,0.2815240297510251,1.1532253055488189,-0.913826491683663,85.82194798076164,1768.830991811438,9.753268847572487,-1.921631876437383e-05,0.05508187921490779,85.82193438985134,0.0,0.0,0.0,0.0,0.0,0.0,0.0,0.0,0.0,0.0,0.0,0.0,0.0,0.0,0.0,0.0,0.0,0.5,0.0,0.0,1.0,0.0,0.0,0.0
8.9,19.60338159191297,-70.55258610176983,46.60230661803179,-0.15451999760761995,-0.364236820196701,0.5162820791159491,-0.6162587826433088,0.08419093802144632,0.5157376284756383,0.5891929155751042,6386894.759806119,0.16718671806627433,-0.00016485535878067235,-2.5985220276500063e-11,2.6176526211594284e-08,8757.75980612201,0.0,-0.9875531895482419,-0.22824532037194728,-0.7160059884715335,-0.2912479224206174,0.2302854512954625,0.6040340619845574,-0.1545735911283835,-0.36427357469928184,0.5162489800123384,304.88456205686117,0.4808016775816953,31923.412533220984,231.30288025842688,0.28468898180340113,1.172616239189851,-0.9490183994883246,86.79727591503021,1811.1247979572186,9.753295388293981,-1.859815157700951e-05,0.05634085316715462,86.79725584805499,0.0,0.0,0.0,0.0,0.0,0.0,0.0,0.0,0.0,0.0,0.0,0.0,0.0,0.0,0.0,0.0,0.0,0.5,0.0,0.0,1.0,0.0,0.0,0.0
9.0,17.808032155737816,-73.00622583881001,45.35411199470042,-0.14469770222166023,-0.3708086390070007,0.5129825158208408,-0.6209866024668103,0.11285136906535376,0.5202156769135237,0.5753397877357013,6386886.031469917,0.17288388197530835,-0.00016668809731519276,-2.6274140660557268e-11,2.706857162057732e-08,8749.031469919719,0.0,-1.0154392355436874,-0.20470716320456056,-0.655904572810225,-0.26632568597539735,0.2403353805792926,0.5980476526106124,-0.14475429236404755,-0.3708420733473329,0.5129509166012893,304.9218564050747,0.4813016639687255,31964.39662143844,231.35945823222016,0.2878527888511239,1.1966471363122246,-0.9822804943398324,87.7726067478627,1853.9813483304454,9.753322228564416,-1.897150245611101e-05,0.05761386888647735,87.77258905040853,0.0,0.0,0.0,0.0,0.0,0.0,0.0,0.0,-0.0,0.0,0.0,0.0,0.0,0.0,0.0,0.0,0.0,0.5,0.0,0.0,1.0,0.0,0.0,0.0
9.1,15.87451471184193,-75.31311068246545,44.18260086423322,-0.1347682495343043,-0.3769067956937733,0.5098481662253661,-0.6248557550955778,0.14118382324822368,0.5246439064682056,0.5606851657693924,6386877.205288468,0.1787094640892425,-0.00016857015790248516,-2.657083662953485e-11,2.798072647576109e-08,8740.205288470102,0.0,-1.0408060171448885,-0.1802137911504476,-0.5963801170760877,-0.24103618659708137,0.24932637821528936,0.5925481219064697,-0.13482761268613497,-0.37693683425752267,0.5098182920003251,304.9595458734999,0.48180931618489087,32006.060909569205,231.41667124803524,0.2910154500208721,1.225870258435331,-1.0133688330580337,88.7479398640859,1897.41337921483,9.753349369828426,-1.9187815864777722e-05,0.05890109071849517,88.74792311421868,0.0,0.0,0.0,0.0,0.0,0.0,0.0,0.0,0.0,0.0,0.0,0.0,0.0,0.0,0.0,0.0,0.0,0.5,0.0,0.0,1.0,0.0,0.0,0.0
9.200000000000001,13.80992979944396,-77.46960688896495,43.10433208691806,-0.12474330823608222,-0.3825364921816613,0.5068917191899264,-0.6279012770974753,0.16914139117675564,0.5290052079747957,0.5452350676950845,6386868.2817296935,0.18466428818721692,-0.000170959790662834,-2.694753990870293e-11,2.8913119868545642e-08,8731.28172969663,0.0,-1.0636326024366036,-0.15487593051447512,-0.5373765809206975,-0.2154512100770029,0.2572517826634407,0.587625963328896,-0.12480520930341886,-0.3825630721175819,0.5068637806295188,304.9976511615629,0.4823225692166005,32048.1848706516,231.4745154825037,0.2941769399834297,1.2607496140866001,-1.0420273835009437,89.72327610829717,1941.4134350345148,9.753376810650307,-1.859896458237623e-05,0.06020277827873126,89.72325268378403,0.0,0.0,0.0,0.0,0.0,0.0,0.0,0.0,0.0,0.0,0.0,0.0,0.0,0.0,0.0,0.0,0.0,0.5,0.0,0.0,1.0,0.0,0.0,0.0
9.3,11.62160610167351,-79.47182716857108,42.13556341178988,-0.11463326663972526,-0.38770088734704444,0.5041255868386612,-0.6301551626434424,0.19667807839976886,0.5332805868301358,0.5289934508967469,6386859.26079324,0.19074971297174148,-0.00017249868427449854,-2.7190146700936814e-11,2.9865964660077787e-08,8722.260793242604,0.0,-1.0838924356706041,-0.12880030071751453,-0.47883233870325925,-0.1896269851264101,0.26410331971595385,0.5833612306046894,-0.11469745898776464,-0.38772395742961746,0.5040997796124882,305.0361722707867,0.4828414230843704,32090.768506369415,231.53299093793785,0.29733724440323905,1.3016728907140795,-1.0679590160699357,90.69861490630744,1985.9844113565402,9.753404551034913,-1.9427014558814903e-05,0.06151833498458359,90.69859866075527,0.0,0.0,0.0,0.0,0.0,0.0,0.0,0.0,-0.0,0.0,0.0,0.0,0.0,0.0,0.0,0.0,0.0,0.5,0.0,0.0,1.0,0.0,0.0,0.0
9.4,9.31725274357316,-81.31546657290501,41.292509829764064,-0.10444750856406969,-0.39240106963144505,0.501562192240282,-0.631646652669962,0.22374772086859362,0.537448564347646,0.5119620576990516,6386850.142010784,0.19696789733046918,-0.00017489033190334612,-2.7567170359629185e-11,3.0839599016698154e-08,8713.14201078657,0.0,-1.1015514275626856,-0.102091677599815,-0.4206798539181078,-0.16360655417108758,0.26986975230327775,0.5798258649357602,-0.10451373376285825,-0.3924205893868214,0.5015386962592822,305.07511120099275,0.4833659047244726,32133.81402744993,231.59210065008793,0.3004963457057421,1.3488774092497822,-1.090823739136352,91.67395647741377,2031.1320417478157,9.753432592426769,-1.8794351648310226e-05,0.06284845652388782,91.67393271151099,0.0,0.0,0.0,0.0,0.0,0.0,0.0,0.0,0.0,0.0,0.0,0.0,0.0,0.0,0.0,0.0,0.0,0.5,0.0,0.0,1.0,0.0,0.0,0.0
9.5,6.906560264398851,-82.99802603011969,40.58933696536159,-0.09419548703680697,-0.39664260901923887,0.4992109979032356,-0.6324131886603944,0.2503109691501932,0.541487187695495,0.49415209932950016,6386840.925850098,0.2033195140999351,-0.000176712711591961,-2.785446427581615e-11,3.183412840404395e-08,8703.925850101126,0.0,-1.1166041918598029,-0.07486154836472902,-0.362841642208714,-0.13742390592420398,0.27455142908738134,0.5770734621281395,-0.09426347843211025,-0.39665854839767745,0.4991899742001683,305.11446595470346,0.4838959872322036,32177.31922575678,231.65184158676138,0.30365423800231106,1.402258104537091,-1.1102958819232482,92.64930106259347,2076.8565762710327,9.75346093339071,-1.916889709363545e-05,0.0641926193310572,92.64928045930749,0.0,0.0,0.0,0.0,0.0,0.0,0.0,0.0,0.0,0.0,0.0,0.0,0.0,0.0,0.0,0.0,0.0,0.5,0.0,0.0,1.0,0.0,0.0,0.0
9.600000000000001,4.399452468341366,-84.516477715284,40.03978709876917,-0.08388564196016907,-0.4004287895489259,0.497081374684759,-0.6324888067720497,0.2763287441673595,0.545372424793011,0.47557258145813486,6386831.612310965,0.2098060407198564,-0.00017864950451235628,-2.8159793947150432e-11,3.284978428356304e-08,8694.61231096834,0.0,-1.1290358089827148,-0.047218250358220144,-0.30523723868865,-0.11110261676864255,0.27814386268758534,0.5751501249885035,-0.08395512463941758,-0.40044112798945997,0.49706296513689696,305.1542208068458,0.48443309021509295,32221.436379979885,231.71221429802398,0.30681092297227625,1.4613583118580735,-1.1260413377628946,93.62464813463414,2123.1672290012602,9.75348957393128,-1.9376079350763596e-05,0.06555097481604835,93.62462776207549,0.0,0.0,0.0,0.0,0.0,0.0,0.0,0.0,0.0,0.0,0.0,0.0,0.0,0.0,0.0,0.0,0.0,0.5,0.0,0.0,1.0,0.0,0.0,0.0
9.700000000000001,1.8062782027576942,-85.8671267456803,39.65739625919619,-0.07352564682535435,-0.40376060770721245,0.4951828275662762,-0.6319049352823869,0.3017613276257425,0.5490778249298875,0.4562307025225439,6386822.200924963,0.21642962497864815,-0.0001810091744685946,-2.853178144213824e-11,3.3886903095414857e-08,8685.200924966484,0.0,-1.1388205955979347,-0.01926965618581743,-0.24778243457465754,-0.08465832755213362,0.28063686237640983,0.5740961277640436,-0.0735963374390406,-0.40376933347282,0.49516715432744246,305.19438173899476,0.48497688121873117,32266.12914944358,231.7732216813743,0.3099663810375729,1.525282889063701,-1.1377374531374873,94.59999842825454,2170.068680690218,9.753518515493498,-1.880851131197402e-05,0.06692375963981573,94.59997161539953,0.0,0.0,0.0,0.0,0.0,0.0,0.0,0.0,0.0,0.0,0.0,0.0,0.0,0.0,0.0,0.0,0.0,0.5,0.0,0.0,1.0,0.0,0.0,0.0
9.8,-0.8610501472177714,-87.04796875850359,39.45292585830225,-0.06312314225196346,-0.4066432051585721,0.4935216401506253,-0.6306995756002991,0.32657697928961427,0.5525773504695471,0.4361427994814641,6386812.692159837,0.22319080158407065,-0.00018257815448852256,-2.877913687541885e-11,3.494556868572972e-08,8675.692159841148,0.0,-1.1459595271639997,0.008872884135119191,-0.19038848659089677,-0.058102354953364944,0.28202976827052245,0.5739336195983354,-0.06319475298961434,-0.4066483148472308,0.4935088035870047,305.2349582142284,0.4855262987997174,32311.284352677972,231.83486030496022,0.3131205927302676,1.5926179384648251,-1.1451653863664741,95.57535144953339,2217.556773417526,9.753547756642346,-1.9615522734402664e-05,0.06831054893589558,95.57533193307326,0.0,0.0,0.0,0.0,0.0,0.0,0.0,0.0,0.0,0.0,0.0,0.0,0.0,0.0,0.0,0.0,0.0,0.5,0.0,0.0,1.0,0.0,0.0,0.0
9.9,-3.5904024217209707,-88.0562363981932,39.43662441306007,-0.052685039673761154,-0.40907927223552604,0.49210416966030474,-0.6289072675864343,0.35074358736607086,0.5558428119453813,0.4153231480915347,6386803.086015509,0.23009134735575587,-0.0001850467264690645,-2.91682931498732e-11,3.602605940044744e-08,8666.086015514098,0.0,-1.1504418544106512,0.03709937135126935,-0.1329655749831866,-0.03144192980081695,0.2823153055466997,0.5746792479815517,-0.05275727823354023,-0.4090807701440708,0.4920942483164112,305.2759502328807,0.48608134296257205,32356.901990054575,231.89713016928872,0.3162735464294916,1.6615883656069514,-1.1481840031469555,96.55070741978616,2265.634643231396,9.753577297382071,-1.887377484433017e-05,0.06971171105399065,96.55067879981016,0.0,0.0,0.0,0.0,0.0,0.0,0.0,0.0,-0.0,0.0,0.0,0.0,0.0,0.0,0.0,0.0,0.0,0.5,0.0,0.0,1.0,0.0,0.0,0.0
10.0,-6.369208115421177,-88.8882816872056,39.618381485787445,-0.04221774514274836,-0.4110690553471958,0.490937004956681,-0.626560125014972,0.37422802098113195,0.5588436246592927,0.3937846288107949,6386793.382023284,0.23713296164109876,-0.00018676695045141342,-2.943949130389893e-11,3.7128641478104983e-08,8656.38202328918,0.0,-1.1522445935856793,0.06529831707794244,-0.0754217709178035,-0.004682581097113116,0.28147917388329075,0.5763445329184885,-0.042290314623905916,-0.4110669530997237,0.4909300551681201,305.31735979500496,0.4866420407886145,32402.984287316667,231.9600343125868,0.3194252239811222,1.7301924546132113,-1.1467488954404699,97.52606645756262,2314.308318602122,9.753607139158705,-1.939634794689838e-05,0.0711270741704221,97.52604313353609,0.0,0.0,0.0,0.0,0.0,0.0,0.0,0.0,0.0,0.0,0.0,0.0,0.0,0.0,0.0,0.0,0.0,0.5,0.0,0.0,1.0,0.0,0.0,0.0
10.100000000000001,-9.183867225741748,-89.54207343409476,40.004758749089625,-0.031727608689853984,-0.41261670351880103,0.4900233504565014,-0.6236951182553866,0.39700592303063614,0.5615505240278098,0.37154868924428536,6386783.580651209,0.24431667910551016,-0.00018882967089639717,-2.9764677471586874e-11,3.825347705243286e-08,8646.580651213415,0.0,-1.1513710374820327,0.09335754239301519,-0.017666008514712582,0.022168276760765344,0.2795161447714577,0.5789222850372902,-0.03180021179453404,-0.4126110195602624,0.490019405434711,305.3591749435712,0.4872092690722908,32449.626110600955,232.02357004905153,0.3225756289325023,1.796450120568114,-1.1409830955652063,98.50142833102798,2363.582528998017,9.753637280536376,-1.9441713607015753e-05,0.07255659007662749,98.50140299238267,0.0,0.0,0.0,0.0,0.0,0.0,0.0,0.0,0.0,0.0,0.0,0.0,0.0,0.0,0.0,0.0,0.0,0.5,0.0,0.0,1.0,0.0,0.0,0.0
10.200000000000001,-12.02059705276938,-90.01464688546832,40.60173645979044,-0.02122054115817678,-0.41372381748455145,0.48936661050558317,-0.6203460775193161,0.41905210015511063,0.5639322451609502,0.348635165864967,6386773.681898944,0.2516438942202211,-0.00019111219402654321,-3.0124512025022474e-11,3.9400784614212456e-08,8636.681898948736,0.0,-1.1478125319230357,0.12116410970050048,0.04039209680421818,0.049100480611405414,0.2764141605083173,0.5823993109726235,-0.02129288014609298,-0.41371457680336793,0.48936568050138063,305.40138676681306,0.48778383669899655,32496.914348533905,232.08773769250095,0.3257247597395651,1.8586355974544313,-1.1310997603946036,99.47679332875018,2413.4647719931572,9.753667721520246,-1.900565901791218e-05,0.07400043585627714,99.4767632725262,0.0,0.0,0.0,0.0,0.0,0.0,0.0,0.0,-0.0,0.0,0.0,0.0,0.0,0.0,0.0,0.0,0.0,0.5,0.0,0.0,1.0,0.0,0.0,0.0
10.3,-14.865183672734824,-90.30200639322635,41.414791979776695,-0.010702222587778169,-0.414389457072006,0.4889704758092786,-0.6165443005546348,0.44033989506033183,0.5659548525599845,0.32506271141595666,6386763.685297902,0.25911642327972434,-0.00019271696993439797,-3.0377516495210166e-11,4.05708487248716e-08,8626.685297907019,0.0,-1.1415487249678986,0.14860153466057072,0.09884334900750023,0.07609849146439289,0.2721544068211332,0.5867552523006948,-0.010773999227659342,-0.41437669116390596,0.48897254790516453,305.4440158522685,0.48836408390410724,32544.670028840028,232.15253963058365,0.32887257810093357,1.9154008826006486,-1.117380068905897,100.45216139031989,2463.95320708169,9.753698463556214,-1.9753414609728164e-05,0.07545845456752433,100.45213772381749,0.0,0.0,0.0,0.0,0.0,0.0,0.0,0.0,0.0,0.0,0.0,0.0,0.0,0.0,0.0,0.0,0.0,0.5,0.0,0.0,1.0,0.0,0.0,0.0
10.4,-17.703009844221995,-90.40178188786001,42.445717073688314,-0.00017830205486809745,-0.4146164495973059,0.4888351700496815,-0.6123246172803141,0.4608520674742755,0.5675870153090307,0.300858082337511,6386753.591316187,0.266735562773803,-0.00019526431392947842,-3.077909722784611e-11,4.1763872521329894e-08,8616.5913161921,0.0,-1.1325871187808971,0.17555546950905918,0.1577717612378771,0.10313802714106464,0.2667285506193236,0.5919489290684251,-0.0002492218573004844,-0.41460019603325615,0.4888402084143825,305.4870602037751,0.48894998351679353,32592.89091529752,232.21797282886456,0.33201907781508316,1.9659275277727977,-1.1001933926309115,101.42753244862517,2515.0482479646294,9.753729505208286,-1.8931372408973843e-05,0.07693069882607992,101.42749896698778,0.0,0.0,0.0,0.0,0.0,0.0,0.0,0.0,0.0,0.0,0.0,0.0,0.0,0.0,0.0,0.0,0.0,0.5,0.0,0.0,1.0,0.0,0.0,0.0
10.5,-20.519323663187304,-90.31058115074794,43.69567015522695,0.010345720300994564,-0.41440503906646786,0.48896119187428677,-0.6077189419775736,0.4805701424797536,0.568795417903096,0.27604678966438706,6386743.399953195,0.2745020329551529,-0.00019688138913485792,-3.1034043195703155e-11,4.297996893959517e-08,8606.399953201413,0.0,-1.1209251930826374,0.2019090112933206,0.21725841400657386,0.13018476902988899,0.2601229919860987,0.5979299153676766,0.010275948158670813,-0.4143853415825789,0.4889691380958111,305.5305198239024,0.4895415355720308,32641.577010784964,232.28403729124977,0.3351642473044067,2.0098264793390164,-1.0799075635885997,102.40290670530236,2566.753238472804,9.75376084648256,-1.959287589325953e-05,0.07841725662991195,102.4028799361236,0.0,0.0,0.0,0.0,0.0,0.0,0.0,0.0,-0.0,0.0,0.0,0.0,0.0,0.0,0.0,0.0,0.0,0.5,0.0,0.0,1.0,0.0,0.0,0.0
10.600000000000001,-23.29897207552179,-90.02391521469286,45.16516879756616,0.020864293593076212,-0.41375288774039537,0.48934932759493965,-0.6027565431029704,0.4994737266638583,0.5695437622883525,0.2506534705638956,6386733.110740694,0.28241855345030403,-0.00019906715912309164,-3.137863290218479e-11,4.4219563992234344e-08,8596.110740700116,0.0,-1.106551506444242,0.22753988138097292,0.2773820809611943,0.15719104892412245,0.2523195753099653,0.604635914190874,0.02079595627658977,-0.4137297965533782,0.48936010065199087,305.5743854045922,0.49013979857838297,32690.841490558472,232.35073644910318,0.3383080802051427,2.0470467838056097,-1.0568710384267601,103.37828412927804,2619.0800184587806,9.753792488824038,-1.9434897347162916e-05,0.07991787957692037,103.3782534461386,0.0,0.0,0.0,0.0,0.0,0.0,0.0,0.0,0.0,0.0,0.0,0.0,0.0,0.0,0.0,0.0,0.0,0.5,0.0,0.0,1.0,0.0,0.0,0.0
10.700000000000001,-26.027085162292643,-89.53903732589393,46.85090566772736,0.03137185229904781,-0.412661404885646,0.4899968847817107,-0.5974692183054143,0.5175524316062714,0.5697999333555893,0.22471034513222735,6386722.724146427,0.29048560930471223,-0.0002012841527838291,-3.1728145959053874e-11,4.5482733773461375e-08,8585.724146433486,0.0,-1.0894860708073264,0.2523316325892191,0.33820798427975357,0.18409436134584387,0.24331414791954822,0.611981146326138,0.03130522924528703,-0.4126349763532591,0.49001038243680556,305.6186473704053,0.4907454369794782,32740.75651364822,232.4180675359189,0.34145057906186543,2.0778705461084996,-1.0314329197218197,104.35366456374031,2672.0331233622137,9.753824430797888,-1.9162112534350694e-05,0.0814329054144949,104.35363073977345,0.0,0.0,0.0,0.0,0.0,0.0,0.0,0.0,0.0,0.0,0.0,0.0,0.0,0.0,0.0,0.0,0.0,0.5,0.0,0.0,1.0,0.0,0.0,0.0
10.8,-28.688709441549722,-88.85218481336246,48.74890412156048,0.04186269483609401,-0.4111294389812347,0.4909014640796359,-0.5918858069884185,0.5347941371686721,0.569529579588926,0.1982486323684129,6386712.240170029,0.29870437835077307,-0.00020291199863949882,-3.1984793931622443e-11,4.6769662874747064e-08,8575.240170035511,0.0,-1.069742970516786,0.27616412182968286,0.3997950315199292,0.2108151260558631,0.2331009112376499,0.6198659383306484,0.04179805787654014,-0.41109973602947486,0.4909175633677411,305.6633243254304,0.4913567536959873,32791.139527612526,232.48602990230248,0.3445917127550341,2.1027167150136896,-1.003892470892853,105.32904845569753,2725.60712406109,9.75385667240961,-1.9816857387056075e-05,0.08296206359711533,105.32901998877256,0.0,0.0,0.0,0.0,0.0,0.0,0.0,0.0,-0.0,0.0,0.0,0.0,0.0,0.0,0.0,0.0,0.0,0.5,0.0,0.0,1.0,0.0,0.0,0.0
10.9,-31.26854131015949,-87.95853056650799,50.85441838972485,0.05233078194088536,-0.4091532710483002,0.49206089822073656,-0.5860327071570062,0.5511846012095896,0.5686953659555589,0.17129927507150403,6386701.658343193,0.3070776476408464,-0.00020551631768823183,-3.2395363899746755e-11,4.8080787879723906e-08,8564.658343200572,0.0,-1.0473325079961655,0.29891108135835304,0.4621953757786073,0.23725315628642088,0.22167404241990418,0.6281733581839126,0.052268395289250515,-0.40912036382801237,0.49207945560303773,305.70841826532876,0.4919737760346349,32841.99278299525,232.5546265840445,0.3477314607717519,2.122070593806213,-0.9745028311378908,106.30443530875282,2779.8084906438853,9.753889215104603,-1.8985975278458984e-05,0.08450539916293565,106.30439720089964,0.0,0.0,0.0,0.0,0.0,0.0,0.0,0.0,0.0,0.0,0.0,0.0,0.0,0.0,0.0,0.0,0.0,0.5,0.0,0.0,1.0,0.0,0.0,0.0
11.0,-33.7522644560214,-86.85522286721014,53.15897795746159,0.06277002255542732,-0.406733025628506,0.4934695985771155,-0.5799377693895008,0.5667198967653629,0.5672656139985655,0.14389992378911717,6386690.979133504,0.31560529095566936,-0.00020711094278551327,-3.264677826677261e-11,4.9416089181870027e-08,8553.979133513136,0.0,-1.0223014064519549,0.3204571218242134,0.5254404582399731,0.2632912329237764,0.2090471057108374,0.6367631742432899,0.06271013908368386,-0.40669699120707503,0.49349045239948736,305.7539271975122,0.49259647673074647,32893.3140327182,232.6238545500293,0.3508698190377758,2.136502864101669,-0.9434969271537669,107.27982556482021,2834.6377723461756,9.753922057448596,-1.9674460254156163e-05,0.08606320857639815,107.27979377667388,0.0,0.0,0.0,0.0,0.0,0.0,0.0,0.0,0.0,0.0,0.0,0.0,0.0,0.0,0.0,0.0,0.0,0.5,0.0,0.0,1.0,0.0,0.0,0.0
11.100000000000001,-36.12552838766442,-85.5384987653997,55.653426888419915,0.07317391325225141,-0.4038663438155308,0.4951222324699937,-0.5736259094000643,0.5813939414280286,0.5652062196211215,0.11608760964637568,6386680.202540879,0.32428938434226956,-0.00020928854269448074,-3.29900881205577e-11,5.077589202184476e-08,8543.202540886588,0.0,-0.994696236826761,0.3406833247564382,0.5895508235321631,0.28879144887757013,0.19523757063910502,0.6454789618793457,0.0731167746761215,-0.4038272668885561,0.49514520359518316,305.79983140569016,0.49322666404162396,32945.298058932014,232.69371449308346,0.35400679837226884,2.146549836754579,-0.9110632960947177,108.25521925870795,2890.1091102170462,9.753955199446347,-1.9483558620692092e-05,0.08763490708505375,108.25518409888842,0.0,0.0,0.0,0.0,0.0,0.0,0.0,0.0,0.0,0.0,0.0,0.0,0.0,0.0,0.0,0.0,0.0,0.5,0.0,0.0,1.0,0.0,0.0,0.0
11.200000000000001,-38.373698435044616,-84.00367022750693,58.32773639974972,0.08353532217598396,-0.4005483735967816,0.4970135896687404,-0.567119887711185,0.595198525826158,0.5624802576418346,0.08789975292453425,6386669.328096694,0.3331318987043379,-0.00021159012894141467,-3.335294362139026e-11,5.216050520850646e-08,8532.328096702695,0.0,-0.9645665322427642,0.35946573059593906,0.6545346312795643,0.31359309119107787,0.18026935503473945,0.6541457961136146,0.08348115903522045,-0.40050634743380753,0.49703848183162735,305.8461407778432,0.49386364159484597,32997.86915828168,232.7642091739664,0.35714236953963996,2.152702997645697,-0.8773548758816254,109.23061589866438,2946.225381660734,9.753988642544414,-1.918200143435909e-05,0.0892210668823926,109.23057667418664,0.0,0.0,0.0,0.0,0.0,0.0,0.0,0.0,0.0,0.0,0.0,0.0,0.0,0.0,0.0,0.0,0.0,0.5,0.0,0.0,1.0,0.0,0.0,0.0
11.3,-40.483804948719154,-82.24836012804205,61.16850693064576,0.09384706801464968,-0.39677831437739497,0.4991351721962556,-0.5604428057831452,0.608135724565822,0.5590577885091695,0.0593793166484145,6386658.356268751,0.3421331869217363,-0.00021316111244036555,-3.360063579891006e-11,5.356998415862376e-08,8521.356268760748,0.0,-0.9320025847652013,0.37669783445174365,0.7203734376882459,0.3375255684756781,0.1641913601423357,0.6625742797967813,0.09379609646872278,-0.39673344042443276,0.49916177539909806,305.8928648636696,0.4945063234642499,33050.91104686278,232.83533515488,0.3602765167311767,2.1554502089362035,-0.8425109993225338,110.20601631650783,3002.9811266336155,9.754022385307916,-1.9854242880275784e-05,0.0908214860916985,110.20598273783347,0.0,0.0,0.0,0.0,0.0,0.0,0.0,0.0,0.0,0.0,0.0,0.0,0.0,0.0,0.0,0.0,0.0,0.5,0.0,0.0,1.0,0.0,0.0,0.0
11.4,-42.44288825087586,-80.26947972710819,64.16167056173282,0.10410129191933835,-0.39255301621158495,0.5014786538114037,-0.5536150690494134,0.6202052896329335,0.5549065193442207,0.03056918304426892,6386647.2870568875,0.3512953254699657,-0.00021575486837451275,-3.4009549490509436e-11,5.5004654191863204e-08,8510.287056897767,0.0,-0.8971002096667504,0.3922717146718535,0.7870336285263443,0.3604029613532135,0.147062278170845,0.6705647853060198,0.10405371399761061,-0.39250540500830583,0.5015067450920169,305.9400036638635,0.49515470965938263,33104.42372546323,232.90709243688087,0.36340922555146404,2.1552128565763153,-0.8066430293848704,111.1814197966967,3060.379963615759,9.754056427741979,-1.908011198281656e-05,0.09243585693515399,111.18137760553942,0.0,0.0,0.0,0.0,0.0,0.0,0.0,0.0,-0.0,0.0,0.0,0.0,0.0,0.0,0.0,0.0,0.0,0.5,0.0,0.0,1.0,0.0,0.0,0.0
11.5,-44.23777442064773,-78.06326124383747,67.29222914055234,0.11428921820232989,-0.38786697820914257,0.5040356768750109,-0.5466550346739696,0.631404829019455,0.5499914483837515,0.001513216240546448,6386636.119992368,0.360619808377279,-0.00021749899350928303,-3.428453717429154e-11,5.646474946354076e-08,8499.119992378479,0.0,-0.8599641022898284,0.4060773869464558,0.8544646894623968,0.382025144888216,0.12895333489613203,0.6779083367511681,0.11424522179546732,-0.38781675053220893,0.5040650208891164,305.98755662734055,0.49580906248022616,33158.434792266664,232.97948414821627,0.36654048120047716,2.1523552436064954,-0.7698410269751932,112.15682672577282,3118.430207398111,9.754090771293697,-1.9611850598029917e-05,0.0940648379093408,112.15678824810091,0.0,0.0,0.0,0.0,0.0,0.0,0.0,0.0,0.0,0.0,0.0,0.0,0.0,0.0,0.0,0.0,0.0,0.5,0.0,0.0,1.0,0.0,0.0,0.0
11.600000000000001,-45.857566241273126,-75.6286479293588,70.54242907315854,0.12440209399053438,-0.38271905669033757,0.5067948209382173,-0.5395805103618885,0.6417420334591762,0.5442859230823405,-0.02774051415634304,6386624.855543183,0.3701076909831341,-0.00021945858649480843,-3.459349077887188e-11,5.795043538781298e-08,8487.855543194339,0.0,-0.82073982910455,0.4180301216903413,0.9225882029382716,0.40220317428699076,0.10996276044791434,0.6844036524784581,0.12436185030403883,-0.38266634290574925,0.5068251741010976,306.03549425017263,0.4964718909176541,33213.215582098914,233.05250822305553,0.36967031310662457,2.147222087536849,-0.7321901709436991,113.13223746320611,3177.148815891806,9.754125414527676,-1.967679174678476e-05,0.09570781083952086,113.13219888306764,0.0,0.0,0.0,0.0,0.0,0.0,0.0,0.0,0.0,0.0,0.0,0.0,0.0,0.0,0.0,0.0,0.0,0.5,0.0,0.0,1.0,0.0,0.0,0.0
11.700000000000001,-47.291407238397646,-72.96415317772167,73.89391854201291,0.13443024131770112,-0.3771059540631816,0.5097447204901138,-0.5324068849504257,0.6512222669511598,0.5377611479389505,-0.05714347757214392,6386613.493708983,0.3797604912982371,-0.00022202671837475297,-3.499837082322818e-11,5.9461949853754697e-08,8476.49370899424,0.0,-0.7795807710236952,0.428047384345755,0.9913098248145878,0.4207501165534968,0.09020115798210121,0.689856801937256,0.1343939051841702,-0.37705089513995677,0.5097758318759072,306.0838463101502,0.49714044973362975,33268.469970595856,233.12616361599808,0.37279867101617664,2.1401027914586246,-0.6937600639018181,114.10765112394365,3236.5225440024915,9.754160357449722,-1.9036371885050585e-05,0.09736492838000999,114.1076051773738,0.0,0.0,0.0,0.0,0.0,0.0,0.0,0.0,-0.0,0.0,0.0,0.0,0.0,0.0,0.0,0.0,0.0,0.5,0.0,0.0,1.0,0.0,0.0,0.0
11.8,-48.52829097349439,-70.06794968062341,77.3274299773348,0.14436279047251707,-0.371022238724143,0.512873797909983,-0.525147469643432,0.6598486978861637,0.5303857317830946,-0.0866455990393253,6386602.034021114,0.38957989089882306,-0.00022352637709349766,-3.523482769893274e-11,6.099955639645101e-08,8465.034021126417,0.0,-0.7366506210800049,0.4360486548524538,1.0605184434803554,0.4374852406608983,0.06979315680251935,0.6940853402459592,0.14433050036951733,-0.37096498745583945,0.5129054100738367,306.1326148016939,0.4978147665047981,33324.2002368848,233.20045336517398,0.37592553874776724,2.1312420171470854,-0.6546089768878107,115.08306863759722,3296.5584335926956,9.75419560150688,-1.9871293962599634e-05,0.09903662169492124,115.0830289772135,0.0,0.0,0.0,0.0,0.0,0.0,0.0,0.0,0.0,0.0,0.0,0.0,0.0,0.0,0.0,0.0,0.0,0.5,0.0,0.0,1.0,0.0,0.0,0.0
11.9,-49.55999647370381,-66.94132648383649,80.82181487875211,0.15418906701232882,-0.3644672178488513,0.5161677499965841,-0.5178144490620148,0.6676343101061873,0.5221380621397317,-0.11619414012149372,6386590.476947567,0.3995671273142924,-0.00022586000343591926,-3.5602745886552554e-11,6.256344896624753e-08,8453.476947579222,0.0,-0.692146063739947,0.44198606736432167,1.1300819494557317,0.4522692610714188,0.048884235299270294,0.6969453868112588,0.15416094326990837,-0.3644079377697205,0.5161996036126235,306.1817977332063,0.4984948136935512,33380.404105064714,233.27537443675385,0.3790509106237172,2.1208670491123214,-0.6147960603613388,116.05848974094522,3357.2571579690434,9.754231145263807,-1.9411537500957376e-05,0.10072222729161477,116.05844530819152,0.0,0.0,0.0,0.0,0.0,0.0,0.0,0.0,0.0,0.0,0.0,0.0,0.0,0.0,0.0,0.0,0.0,0.5,0.0,0.0,1.0,0.0,0.0,0.0
12.0,-50.378352333569126,-63.58548032643093,84.35547009540913,0.16389725333468422,-0.3574383038420633,0.519612199927992,-0.510417777808731,0.6745897833960394,0.5129946200332884,-0.14573542633830994,6386578.8224879,0.4097233081708195,-0.00022811205176433835,-3.59578066452641e-11,6.415380120701472e-08,8441.822487913072,0.0,-0.6462676611369926,0.44581730319203366,1.199857874953151,0.46498690760435657,0.02762790295978762,0.6983225680391176,0.16387339850284996,-0.3573771702077011,0.5196440348023023,306.23137148574875,0.49918278055467935,33437.31805370908,233.35092766643893,0.38217480278605703,2.1091655189257583,-0.574372581292959,117.03391400446979,3418.6375551614256,9.754266988726723,-1.9283271768699706e-05,0.10242213395172683,117.03386666372327,0.0,0.0,0.0,0.0,0.0,0.0,0.0,0.0,-0.0,0.0,0.0,0.0,0.0,0.0,0.0,0.0,0.0,0.5,0.0,0.0,1.0,0.0,0.0,0.0
12.100000000000001,-50.975088189288826,-60.0016689834257,87.90599023959321,0.1734740944894934,-0.34993107119188116,0.5231923753147899,-0.5029652771898979,0.6807235892792096,0.5029295223766427,-0.17521369131589862,6386567.070173553,0.4200505422056726,-0.0002297024315431188,-3.6208568803115044e-11,6.577094355259979e-08,8430.070173567472,0.0,-0.5992210051215363,0.44750542077003325,1.269693931069484,0.4755504485139036,0.0061856046316155905,0.6981357243409613,0.17345459338793548,-0.349868272139876,0.5232239314341407,306.28135134831786,0.49987746245272,33494.81126082192,233.4271156229974,0.3852971828942967,2.096293107029175,-0.5333847071844899,118.00934234896566,3480.6989969281044,9.754303133342571,-1.9944700608694653e-05,0.10413645851315799,118.00929964592152,0.0,0.0,0.0,0.0,0.0,0.0,0.0,0.0,0.0,0.0,0.0,0.0,0.0,0.0,0.0,0.0,0.0,0.5,0.0,0.0,1.0,0.0,0.0,0.0
12.200000000000001,-51.34509207224951,-56.194595940771876,91.45020083020006,0.1829068332960529,-0.34194625465811673,0.5268912515588415,-0.49546333781720386,0.6860536473158886,0.4919280373729608,-0.20457232163060937,6386555.220472444,0.4305498517739608,-0.00023224503874919025,-3.660943471799927e-11,6.74150362713363e-08,8418.220472458439,0.0,-0.5512284895717711,0.4470503628500694,1.3394321595889844,0.48393531936231277,-0.015275613183646635,0.6963641635131141,0.1828917520274222,-0.34188198950225873,0.526922273915249,306.3317453741667,0.5005779009038681,33552.780891317896,233.50393491890603,0.3884180315428787,2.0823923413859347,-0.4918826825703495,118.98477404246819,3543.4359169925856,9.754339577676292,-1.9232354972587025e-05,0.10586474375426037,118.98472437716583,0.0,0.0,0.0,0.0,0.0,0.0,0.0,0.0,0.0,0.0,0.0,0.0,0.0,0.0,0.0,0.0,0.0,0.5,0.0,0.0,1.0,0.0,0.0,0.0
12.3,-51.48328331232495,-52.16922514891297,94.96470551078124,0.19218139694215733,-0.33348301350228376,0.5306916157724083,-0.48791623285482044,0.6905955882263005,0.47997379241255544,-0.23375336499513535,6386543.273384125,0.4412222529345767,-0.0002342078719245186,-3.691891112538098e-11,6.908623868147369e-08,8406.273384140804,0.0,-0.5025072265404983,0.44445855286083413,1.4089151030009823,0.4901508948199339,-0.03659112477379628,0.6930268027277148,0.19217078329879353,-0.3334174935456868,0.5307218554448,306.38255356518835,0.5012840959344377,33611.22694737479,233.58138555705074,0.39153733744089647,2.0675777883244484,-0.44991361472039676,119.9602092612567,3606.8523118305297,9.754376321734247,-1.9535718983831885e-05,0.10760739916834439,119.9601602554234,0.0,0.0,0.0,0.0,0.0,0.0,0.0,0.0,-0.0,0.0,0.0,0.0,0.0,0.0,0.0,0.0,0.0,0.5,0.0,0.0,1.0,0.0,0.0,0.0
12.4,-51.38451345470139,-47.93100182649859,98.42553974684687,0.20128207964424466,-0.32453904158700797,0.5345757027718991,-0.4803260732854088,0.6943629000496505,0.4670484495482665,-0.2626962929302778,6386531.228440066,0.45207013074728575,-0.00023596801390281076,-3.7196438374460744e-11,7.078492449867913e-08,8394.22844008139,0.0,-0.4532697278399861,0.43974247458746407,1.4779868672559633,0.4942392834215192,-0.05759951706528272,0.6881813490721165,0.2012759631830586,-0.3244724910743531,0.5346049181514586,306.4337612774412,0.5019976252661968,33670.319384527036,233.65947116266798,0.39465510458292963,2.0519409449852914,-0.4075235705216711,120.93564861741466,3670.9668773740595,9.75441336696349,-1.9951709634350816e-05,0.10936437065142239,120.93560198000522,0.0,0.0,0.0,0.0,0.0,0.0,0.0,0.0,0.0,0.0,0.0,0.0,0.0,0.0,0.0,0.0,0.0,0.5,0.0,0.0,1.0,0.0,0.0,0.0
12.5,-51.047006627982945,-43.48897414321144,101.80926895127189,0.21019413088117592,-0.3151176018906889,0.5385241260401333,-0.47269346262211653,0.6973779786512856,0.45314598242556836,-0.29134184151732484,6386519.0861081295,0.4630942639990901,-0.0002385793353792248,-3.7608141818654894e-11,7.251121586315441e-08,8382.086108146546,0.0,-0.4037262127777457,0.43295047385646385,1.5465041401600306,0.49630203713983123,-0.0781520535819838,0.6819420759842927,0.21019252274839498,-0.31505025553113497,0.5385520874751701,306.4853647939714,0.5027186221695804,33730.0733210091,233.73818876370072,0.3977713285607222,2.0355633524353,-0.36476423294201504,121.91109125496088,3735.7820918547727,9.754450711929161,-1.9168479414114852e-05,0.111135371804527,121.91103721257468,0.0,0.0,0.0,0.0,0.0,0.0,0.0,0.0,0.0,0.0,0.0,0.0,0.0,0.0,0.0,0.0,0.0,0.5,0.0,0.0,1.0,0.0,0.0,0.0
12.600000000000001,-50.46897191706499,-38.85276568473398,105.09256214251035,0.21890137578426194,-0.3052207477593807,0.5425172373747157,-0.4650169801573531,0.6996609593933517,0.4382590517675706,-0.3196290916195958,6386506.846387887,0.474295741138957,-0.00024037897248273908,-3.7891898369206937e-11,7.426528344007188e-08,8369.846387905069,0.0,-0.35407270920998746,0.42413498442732694,1.6143347759890037,0.4964629957689418,-0.09811256692383329,0.6744514294020596,0.21890426913305744,-0.3051528512507391,0.5425437282401077,306.5373821996226,0.5034454018721729,33790.30651754762,233.81753772400677,0.4008859761508994,2.018506083353318,-0.3216873403018326,122.88653768983703,3801.289967428044,9.754488356637705,-1.9714240984569608e-05,0.11292072702606507,122.88648612772863,0.0,0.0,0.0,0.0,0.0,0.0,0.0,0.0,0.0,0.0,0.0,0.0,0.0,0.0,0.0,0.0,0.0,0.5,0.0,0.0,1.0,0.0,0.0,0.0
12.700000000000001,-49.648558252894965,-34.03286068100725,108.25188089667117,0.2273858840606436,-0.2948495012765687,0.5465347378472408,-0.45729304509714663,0.7012299557159268,0.42237889250568406,-0.34749418906021595,6386494.508810796,0.4856770389216263,-0.0002422688244046409,-3.8189877556539194e-11,7.604751531889946e-08,8357.508810814781,0.0,-0.30449270953301905,0.4133520227460635,1.6813579862196535,0.49486326390354357,-0.11735715405145893,0.665875560933035,0.22739325413289868,-0.29478131191215867,0.5465595558512162,306.58981548564526,0.504177992195439,33851.02127989735,233.89752108110122,0.40399902893003664,2.0008125287346363,-0.27834658478124596,123.86198826036896,3867.4980298685637,9.754526302536409,-1.9978713036531807e-05,0.11472035919940758,123.861937500863,0.0,0.0,0.0,0.0,0.0,0.0,0.0,0.0,0.0,0.0,0.0,0.0,0.0,0.0,0.0,0.0,0.0,0.5,0.0,0.0,1.0,0.0,0.0,0.0
12.8,-48.58733369929911,-29.04323222821893,111.26561688154887,0.23563130683753808,-0.2840107792859962,0.5505555067380051,-0.4495167223711716,0.7021112495780092,0.4055098768541716,-0.37487692226109093,6386482.073844698,0.49723878056030646,-0.000244885160627611,-3.8602377564047917e-11,7.785800928958429e-08,8345.073844718127,0.0,-0.2551531406163181,0.4006876157337828,1.7474789021999482,0.4916774849966629,-0.13578699202071373,0.6564107555114538,0.2356431115588062,-0.28394256263461176,0.5505784679792904,306.6426484936438,0.5049176925344062,33912.359062756856,233.9781363037409,0.407110499075562,1.9825183602348802,-0.2348017490822068,124.83744219378103,3934.417413880567,9.75456454819053,-1.919232839497909e-05,0.11653411037002334,124.83738424840716,0.0,0.0,0.0,0.0,0.0,0.0,0.0,0.0,0.0,0.0,0.0,0.0,0.0,0.0,0.0,0.0,0.0,0.5,0.0,0.0,1.0,0.0,0.0,0.0
12.9,-47.2867812130693,-23.89864716622143,114.11266718106674,0.24361984197669204,-0.27271067565433516,0.5545581538481527,-0.441681160356964,0.7023289066104383,0.387655446385363,-0.4017152231892323,6386469.541489172,0.5089821673500946,-0.00024662838138477704,-3.8877246295450884e-11,7.969695369930646e-08,8332.541489192285,0.0,-0.2062035188526464,0.38622733581295243,1.8126188571033115,0.4870791494513283,-0.1533193660824893,0.6462582644165246,0.24363602234540135,-0.2726427057085511,0.5545790937561592,306.6958735162478,0.5056652249556747,33974.3980783379,234.05938366763314,0.4102203874855647,1.9636432536909005,-0.19111516005431067,125.81290007405892,4002.058555759569,9.75460309360661,-1.9832444181133724e-05,0.11836213217633684,125.81284516886176,0.0,0.0,0.0,0.0,0.0,0.0,0.0,0.0,-0.0,0.0,0.0,0.0,0.0,0.0,0.0,0.0,0.0,0.5,0.0,0.0,1.0,0.0,0.0,0.0
13.0,-45.748309486744944,-18.615004324660326,116.77218980881132,0.25133190325818283,-0.2609547182834202,0.5585206259951759,-0.4337773827565412,0.701905105994971,0.3688182412073004,-0.4279438990350836,6386456.911275653,0.5209096653318388,-0.00024858050179955187,-3.918504666724639e-11,8.15647349766881e-08,8319.911275674589,0.0,-0.1577790569475365,0.3700561925519499,1.8767142833835317,0.4812364382764609,-0.16988575631037464,0.6356208612893254,0.25135238340538546,-0.26088727762063263,0.5585394005771495,306.7495141425919,0.5064185944297974,34036.921521085795,234.14126544569106,0.41332864674842706,1.944192178427468,-0.147353690200842,126.78836210681773,4070.4136412914654,9.754641940232192,-2.0057687763141978e-05,0.12020442116378878,126.78830732465904,0.0,0.0,0.0,0.0,0.0,0.0,0.0,0.0,0.0,0.0,0.0,0.0,0.0,0.0,0.0,0.0,0.0,0.5,0.0,0.0,1.0,0.0,0.0,0.0
13.100000000000001,-43.97663233623051,-13.211223011610425,119.22664901929733,0.25875027500011527,-0.24875448741177864,0.5624210081541954,-0.4257954540841559,0.7008692600932703,0.34901441651579657,-0.4535039809757257,6386444.183671978,0.5330218155018154,-0.00025119269848664083,-3.959690035898401e-11,8.346143804758816e-08,8307.183672000965,0.0,-0.10999282870705497,0.3522810711483699,1.9397319645022695,0.47432240096258077,-0.18544529746165858,0.6247018853206755,0.25877496347163387,-0.24868786307572607,0.5624374970467216,306.80356838577285,0.5071777730512044,34099.92707506879,234.22377860493035,0.41643527087801413,1.9241642743244372,-0.10359001983133202,127.7638276462746,4139.483522198335,9.754681086632617,-1.927401330921915e-05,0.12206094573632006,127.76376589269807,0.0,0.0,0.0,0.0,0.0,0.0,0.0,0.0,0.0,0.0,0.0,0.0,0.0,0.0,0.0,0.0,0.0,0.5,0.0,0.0,1.0,0.0,0.0,0.0
13.200000000000001,-41.97629536526586,-7.707084064221176,121.45945056012918,0.2658563474757227,-0.23612110951944923,0.5662371885952933,-0.4177236620680093,0.6992486113586435,0.3282595926109793,-0.4783345771373747,6386431.358677724,0.5453199255056687,-0.0002529483697677036,-3.987373718526738e-11,8.538726792462901e-08,8294.35867774766,0.0,-0.06294386262439297,0.33300394774162717,2.0016534023560455,0.46649079571531205,-0.19996961606488672,0.6136917430873474,0.2658851375468079,-0.23605559276332447,0.5662512957324353,306.8580200539657,0.5079442855059906,34163.58011932063,234.3069237226882,0.41954027205678823,1.903545291943231,-0.05990164046834062,128.73929721624813,4209.2851878987085,9.754720532814543,-1.9913211311006762e-05,0.12393162709607708,128.7392383581395,0.0,0.0,0.0,0.0,0.0,0.0,0.0,0.0,-0.0,0.0,0.0,0.0,0.0,0.0,0.0,0.0,0.0,0.5,0.0,0.0,1.0,0.0,0.0,0.0
13.3,-39.75174315059955,-2.1236020985780804,123.45478717454566,0.27262980296463124,-0.22306559622739247,0.5699464830603796,-0.4095482475112523,0.6970686295712032,0.3065692289040123,-0.5023716679776721,6386418.435824304,0.5578064163531574,-0.0002549028899802223,-4.01819215423828e-11,8.73426040025783e-08,8281.435824328102,0.0,-0.01672094542541737,0.3123225300014685,2.062473229706769,0.45787550053141146,-0.2134402999233553,0.6027681806464108,0.27266257264142874,-0.22300148219239954,0.5699581376870941,306.9128664289811,0.5087186030381391,34227.931056671056,234.39070400387664,0.42264363803792765,1.882307880414278,-0.016373144368198346,129.71477097483884,4279.830808082607,9.754760280225797,-2.0186876993714502e-05,0.1258165545539948,129.71471228914004,0.0,0.0,0.0,0.0,0.0,0.0,0.0,0.0,0.0,0.0,0.0,0.0,0.0,0.0,0.0,0.0,0.0,0.5,0.0,0.0,1.0,0.0,0.0,0.0
13.4,-37.31047335417829,3.5160538280703464,125.20135141857286,0.2790536136983448,-0.20960491135754672,0.5735274294882325,-0.4012551264868837,0.6943609044767777,0.2839721195833804,-0.5255601421164419,6386405.415579556,0.5704817776471476,-0.0002575160895103083,-4.0593939689258195e-11,8.932752316961575e-08,8268.415579581013,0.0,0.02860784728972258,0.29034866903085915,2.122213535568125,0.44859850528871326,-0.22586199506984062,0.592091477478325,0.2790902275741263,-0.20954249434333908,0.5735365878276566,306.9681261462438,0.5094987561090761,34292.76696611032,234.4751156837617,0.42574533552051935,1.8604211537058626,0.02690601463521768,130.69024841054392,4351.105449575165,9.754800327431747,-1.9405991090811394e-05,0.12771586418911815,130.69018280963041,0.0,0.0,0.0,0.0,0.0,0.0,0.0,0.0,0.0,0.0,0.0,0.0,0.0,0.0,0.0,0.0,0.0,0.5,0.0,0.0,1.0,0.0,0.0,0.0
13.5,-34.659736180311604,9.187969835759388,126.68918002936158,0.28510949959639537,-0.19575587059053415,0.576958521296821,-0.39282861758475757,0.6911548854454576,0.2604968747876179,-0.5478430281205564,6386392.297943048,0.5833474121233406,-0.0002593350042533017,-4.0880751608322063e-11,9.13422453411178e-08,8255.297943075188,0.0,0.07298155225643431,0.2671865521579939,2.1809061441904363,0.43875695097129935,-0.23724495128875525,0.581803658826067,0.28514980904565634,-0.19569544343949513,0.5769651668011312,307.02379920758375,0.5102847447446386,34358.08784978564,234.5601587651389,0.42884535423956754,1.8378427063867622,0.0698393058746918,131.66572993115412,4423.113579913708,9.754840674439205,-1.9971931495277317e-05,0.12962922296211588,131.6656666066001,0.0,0.0,0.0,0.0,0.0,0.0,0.0,0.0,-0.0,0.0,0.0,0.0,0.0,0.0,0.0,0.0,0.0,0.5,0.0,0.0,1.0,0.0,0.0,0.0
13.600000000000001,-31.80665739560687,14.867104332972115,127.90960171706756,0.29077764784199567,-0.18153555772485666,0.5802178704271718,-0.38425112346365203,0.6874783168037399,0.23617252808646136,-0.5691604005260997,6386379.082446175,0.5964056993816328,-0.0002612488638815392,-4.1182532195250524e-11,9.338714344540031e-08,8242.082446202015,0.0,0.11634280886137534,0.24293408667791658,2.2385915826598994,0.42842518195320595,-0.2476029974833434,0.5720315459737177,0.2908214909266184,-0.18147741106543439,0.5802220143781301,307.0798649213118,0.5110787436361321,34424.129201959964,234.64583709250118,0.43194370673421545,1.8145184389189428,0.11232045861206429,132.6412156752509,4495.882134908641,9.754881322696267,-2.0348030342158086e-05,0.13155676425754595,132.64115310322057,0.0,0.0,0.0,0.0,0.0,0.0,0.0,0.0,0.0,0.0,0.0,0.0,0.0,0.0,0.0,0.0,0.0,0.5,0.0,0.0,1.0,0.0,0.0,0.0
13.700000000000001,-28.761060168606072,20.52750591951918,128.859281352079,0.2960425212049361,-0.1669665723337519,0.58328594963594,-0.37550556935638757,0.6833638026855855,0.2110406163254119,-0.5894638855865176,6386365.769556776,0.6096570748930633,-0.0002638563056563654,-4.159364923211245e-11,9.546228590422759e-08,8228.76955680518,0.0,0.1586505935524192,0.21769743165364966,2.2953315543283135,0.41766208396341065,-0.2569660165954545,0.5628792816065249,0.29608972497799724,-0.1669109895741294,0.5832876311508897,307.1363285269505,0.5118800409254322,34490.81441718706,234.73214737586292,0.43504037886448116,1.7903944626370794,0.15424008497307884,133.6167052867471,4569.406801103502,9.75492227076833,-1.9596307622974752e-05,0.1334988482831842,133.61663583910072,0.0,0.0,0.0,0.0,0.0,0.0,0.0,0.0,0.0,0.0,0.0,0.0,0.0,0.0,0.0,0.0,0.0,0.5,0.0,0.0,1.0,0.0,0.0,0.0
13.8,-25.53246561512626,26.1427779184662,129.53651378492827,0.3008875306094219,-0.15207156370875824,0.58614339706522,-0.3665735004638714,0.6788418049183891,0.1851427399953096,-0.6087034072262981,6386352.359274411,0.6231030258095507,-0.0002657837382170322,-4.189757345711872e-11,9.756790586486571e-08,8215.359274441376,0.0,0.1998639175232174,0.1915743954782619,2.35119243786984,0.4065052455893571,-0.26536307306644724,0.5544365318634092,0.300937911151952,-0.1520188201888772,0.5861426828172103,307.19320520280365,0.512687200257006,34557.98748075198,234.81908907847,0.4381353387902262,1.7654079606013302,0.19547952306493477,134.59219903558585,4643.679707514105,9.754963518662366,-2.0026096025471674e-05,0.13545492324177388,134.59213080521084,0.0,0.0,0.0,0.0,0.0,0.0,0.0,0.0,-0.0,0.0,0.0,0.0,0.0,0.0,0.0,0.0,0.0,0.5,0.0,0.0,1.0,0.0,0.0,0.0
13.9,-22.130270329037256,31.685708178763747,129.94127417029833,0.30529480249930335,-0.13687371320170316,0.588770735935745,-0.35743473484923716,0.6739410900319577,0.15852138352895134,-0.6268262454373811,6386338.851130448,0.6367459192787498,-0.00026763780072947495,-4.218993370134544e-11,9.970437432386297e-08,8201.851130480258,0.0,0.23993907934153477,0.16465632793185903,2.4062453206757497,0.3949735647989073,-0.27282128211335055,0.5467822010895252,0.30534816470273574,-0.1368240751365628,0.5887677201963742,307.2504969364608,0.5135002498375194,34625.65074005766,234.9066652385523,0.44122856693411033,1.7394873439829277,0.2359078608587211,135.5676970221178,4718.709095260205,9.75500506782674,-2.0519809049268645e-05,0.137425065536263,135.56763042799005,0.0,0.0,0.0,0.0,0.0,0.0,0.0,0.0,0.0,0.0,0.0,0.0,0.0,0.0,0.0,0.0,0.0,0.5,0.0,0.0,1.0,0.0,0.0,0.0
14.0,-18.56614828342449,37.12970216171194,130.07919260852267,0.309251697470645,-0.12140089804749495,0.5911519429080623,-0.34807062154846635,0.6686939256059301,0.131230001071901,-0.6437936541650419,6386325.2455927385,0.6505861161835262,-0.0002702177825074073,-4.259672867150184e-11,1.0187174803347833e-07,8188.245592771098,0.0,0.2788445651129362,0.1370389813568831,2.460575864188051,0.38307447707552067,-0.27937752446800074,0.5399745162479563,0.3093078376667998,-0.12135461769732268,0.5911467457805508,307.308168141801,0.5143223584291378,34694.14957423276,234.99487402023084,0.44432010813025236,1.712568029251768,0.27539410650956636,136.5431990703695,4794.525787018936,9.755046916826885,-1.984279282041257e-05,0.139409882452649,136.54312581086657,0.0,0.0,0.0,0.0,0.0,0.0,0.0,0.0,0.0,0.0,0.0,0.0,0.0,0.0,0.0,0.0,0.0,0.5,0.0,0.0,1.0,0.0,0.0,0.0
14.100000000000001,-14.851461404342714,42.44815567327814,129.95761806185195,0.3127447422385861,-0.10568110651546203,0.5932713863010439,-0.33846137426133244,0.6631303995152655,0.10332221384485651,-0.6595653763222531,6386311.542660831,0.6646251684545862,-0.0002722876793418025,-4.292311684219926e-11,1.0407027029841241e-07,8174.542660865933,0.0,0.31654347424581025,0.1088107124537098,2.5142710622888105,0.3708007294001047,-0.2850634130311871,0.5340640095741384,0.3128034480610792,-0.10563842129623953,0.5932641528650746,307.3662468524004,0.5151508590898075,34763.19390477971,235.0837144275968,0.4474099116205562,1.6845819703125773,0.3137963994824038,137.51870533937455,4871.110514807981,9.7550890656699,-2.0090110336212744e-05,0.1414087198108334,137.51863182980424,0.0,0.0,0.0,0.0,0.0,0.0,0.0,0.0,0.0,0.0,0.0,0.0,0.0,0.0,0.0,0.0,0.0,0.5,0.0,0.0,1.0,0.0,0.0,0.0
14.200000000000001,-10.997488992894443,47.614116635031706,129.58576108895898,0.3157594550322894,-0.08974297068278038,0.5951136152035845,-0.32858571920665086,0.6572788570181131,0.07485281449329888,-0.6740988904968582,6386297.741866068,0.6788654779611419,-0.00027408534709588104,-4.320659312114127e-11,1.0630031757059073e-07,8160.741866104305,0.0,0.35299147433078093,0.08005463489426871,2.567420308388233,0.35813226569795703,-0.2899048429423653,0.5290965564405007,0.3158205050652746,-0.08970410201379107,0.5951045149309308,307.42474034638764,0.5159852766915957,34832.73133238478,235.17318931056943,0.45049794984282415,1.6554593462314182,0.35095904945151846,138.49421583697264,4948.467084095606,9.755131515804463,-2.06905200397974e-05,0.14342147465700353,138.4941449555772,0.0,0.0,0.0,0.0,0.0,0.0,0.0,0.0,0.0,0.0,0.0,0.0,0.0,0.0,0.0,0.0,0.0,0.5,0.0,0.0,1.0,0.0,0.0,0.0
14.3,-7.017338396486414,52.60289106506018,128.97818074634503,0.3182874085118819,-0.073618618870079,0.5966675591176865,-0.3184250088827121,0.6511697551616712,0.04588534478350403,-0.6873676512244552,6386283.843676305,0.693307309364072,-0.00027661249776532806,-4.3605066648045584e-11,1.0856193154524238e-07,8146.84367634356,0.0,0.38815392576346025,0.0508560527603533,2.6201219646320704,0.34504393918544335,-0.29393293169089074,0.5251013201217744,0.31835057514589865,-0.07358376803017513,0.5966567824346126,307.48363763658443,0.5168264440985337,34902.85329449195,235.26329595738895,0.45358423311543195,1.6251491958171165,0.38673169940275487,139.46973055611264,5026.604951923233,9.755174265796006,-2.0124684681377413e-05,0.1454489715706752,139.46965347314458,0.0,0.0,0.0,0.0,0.0,0.0,0.0,0.0,0.0,0.0,0.0,0.0,0.0,0.0,0.0,0.0,0.0,0.5,0.0,0.0,1.0,0.0,0.0,0.0
14.4,-2.9238525833140807,57.39025822396162,128.15099490128662,0.32031952543176945,-0.05734021420975255,0.5979227286761092,-0.3079597131295529,0.6448313078861195,0.016483463249842976,-0.6993437520679008,6386269.848091089,0.707952247872206,-0.0002788329838537565,-4.395520002685171e-11,1.1085536075238288e-07,8132.848091128282,0.0,0.42198732620577406,0.021294871969406763,2.6724743521044267,0.33150190853077893,-0.29717092264276745,0.5221057100589973,0.3203845745575169,-0.05730956162350397,0.5979104855849345,307.54291680741375,0.5176764575024232,34973.788103233346,235.3540351535994,0.4566687833373293,1.5936080529271957,0.4209534201205255,140.4452496424551,5105.54993355472,9.755217315651795,-2.0178388307812156e-05,0.14749059886656823,140.4451706048256,0.0,0.0,0.0,0.0,0.0,0.0,0.0,0.0,-0.0,0.0,0.0,0.0,0.0,0.0,0.0,0.0,0.0,0.5,0.0,0.0,1.0,0.0,0.0,0.0
14.5,1.2701132310864771,61.95217742174149,127.12209861769149,0.3218459679267635,-0.04094052073542604,0.5988690816632256,-0.29716908567912137,0.6382898942397763,-0.013287902768597232,-0.7099973879121837,6386255.754641729,0.722802777047885,-0.0002805979312369095,-4.423352440858491e-11,1.131809944549342e-07,8118.754641770385,0.0,0.45443769054374455,-0.008552135919751765,2.724577569893406,0.31746457123641136,-0.29963402475189044,0.5201373511677124,0.3219126584654337,-0.0409142249567521,0.5988556005656,307.6026104879002,0.5185324146258292,35045.21892369075,235.44540884372364,0.4597515350302852,1.560804462514866,0.45345049499217044,141.42077294193592,5185.282541215614,9.755260666820778,-2.0859592536244996e-05,0.14954599521245626,141.4206974478825,0.0,0.0,0.0,0.0,0.0,0.0,0.0,0.0,0.0,0.0,0.0,0.0,0.0,0.0,0.0,0.0,0.0,0.5,0.0,0.0,1.0,0.0,0.0,0.0
14.600000000000001,5.55033255627544,66.26840118608109,125.91378435596047,0.32286352530828677,-0.024454285141978442,0.599501600152352,-0.28603609973044813,0.6315726708861218,-0.04335788945437734,-0.7193161252130429,6386241.563796094,0.737859058510095,-0.00028305924774909647,-4.462162674627732e-11,1.1553885822315076e-07,8104.563796136838,0.0,0.4854601531367893,-0.038607110850007544,2.776536188880402,0.30289145174643983,-0.30133982543777194,0.5192102867191845,0.32293161222281347,-0.024432479873974504,0.5994871230715009,307.6627166963641,0.5193942870531338,35117.14338454112,235.53741399438567,0.4628324858110445,1.5267434574872591,0.48406406241262556,142.39630055433443,5265.803910394934,9.755304317868417,-2.0417903845289718e-05,0.1516161443176761,142.3962194991771,0.0,0.0,0.0,0.0,0.0,0.0,0.0,0.0,0.0,0.0,0.0,0.0,0.0,0.0,0.0,0.0,0.0,0.5,0.0,0.0,1.0,0.0,0.0,0.0
14.700000000000001,9.902737021613152,70.31957300079677,124.54949167571944,0.32336843798116915,-0.007916107971020523,0.5998159488467432,-0.27454308210309486,0.6247044827507962,-0.07365569134301757,-0.7272862080748348,6386227.275553724,0.7531226784874127,-0.00028540685217236727,-4.4991805830670397e-11,1.1792920076151047e-07,8090.275553768501,0.0,0.5149990745712861,-0.06879501047017932,2.828454824015529,0.28773781369054824,-0.302296639049289,0.5193404758577994,0.3234376718372366,-0.007898901719016232,0.5998007296799841,307.7232077505879,0.5202647363199893,35189.85177312767,235.63005159912703,0.4659116671487668,1.4914547842933377,0.5126289186578818,143.37183274344272,5347.146321681861,9.7553482688021,-2.030164969113457e-05,0.15370055291631246,143.37174806603625,0.0,0.0,0.0,0.0,0.0,0.0,0.0,0.0,-0.0,0.0,0.0,0.0,0.0,0.0,0.0,0.0,0.0,0.5,0.0,0.0,1.0,0.0,0.0,0.0
14.8,14.313099956515165,74.08698670493665,123.0540820200966,0.32335635305353155,0.008638973337295117,0.5998084213278083,-0.26267141988932247,0.6177082242146477,-0.104109303414208,-0.7338922523485124,6386212.889445892,0.7685962223095083,-0.00028716987875442403,-4.5269833674547685e-11,1.2035242728792366e-07,8075.88944593817,0.0,0.5429866038916112,-0.0990412779668949,2.8804403830940735,0.27195501844436315,-0.30250332637792793,0.5205467114943736,0.32342647947284936,0.008651497941656231,0.599792724221243,307.7841000489469,0.5211424052481972,35263.19533565175,235.72332418118881,0.4689890365451723,1.455000158211888,0.5389730523181083,144.347369147443,5429.3052361827185,9.75539252107112,-2.103286394827819e-05,0.15579861620008018,144.34728876872776,0.0,0.0,0.0,0.0,0.0,0.0,0.0,0.0,0.0,0.0,0.0,0.0,0.0,0.0,0.0,0.0,0.0,0.5,0.0,0.0,1.0,0.0,0.0,0.0
14.9,18.766284134343397,77.55693672471145,121.45530652954254,0.32282978672521284,0.02517564194646396,0.5994806067200945,-0.2504072174380124,0.6106063814886363,-0.13464401700060388,-0.7391368953680713,6386198.405940481,0.7842797652828588,-0.0002895741307604492,-4.5648947315771144e-11,1.2280854986720382e-07,8061.405940529269,0.0,0.5693652010157323,-0.12927072811350293,2.932600407759005,0.2555011557246992,-0.30195972513697567,0.5228353480409068,0.3229005495100269,0.02518342961029595,0.5994647004776754,307.8454046035245,0.5220260162164205,35337.03545259329,235.81722824215697,0.47206457239464494,1.4174958293781816,0.5629543367635382,145.3229098929375,5512.269176422325,9.755437073240913,-2.0709325317132737e-05,0.15791143098491983,145.32282455770397,0.0,0.0,0.0,0.0,0.0,0.0,0.0,0.0,0.0,0.0,0.0,0.0,0.0,0.0,0.0,0.0,0.0,0.5,0.0,0.0,1.0,0.0,0.0,0.0
15.0,23.247158896451374,80.71685488237566,119.7814551959549,0.32179069230822,0.04165895078573706,0.598834756766531,-0.23773612922423665,0.6034190823760621,-0.16518541802646142,-0.7430213338947042,6386183.82503703,0.8001748780918789,-0.0002920052303256863,-4.60322956988646e-11,1.2529781478490951e-07,8046.825037079863,0.0,0.5940658109365303,-0.15940811072958305,2.98504327628663,0.23833359656197894,-0.3006557212886897,0.5262156535897256,0.3218618329258903,0.04166197342086568,0.5988189129670989,307.90711239622357,0.5229164409478314,35411.467330963365,235.9117641084465,0.47513827892357763,1.3790997094094575,0.584433889765767,146.29845545227025,5596.052537565616,9.755481925319005,-2.0470060466237783e-05,0.16003858168878082,146.29836514754885,0.0,0.0,0.0,0.0,0.0,0.0,0.0,0.0,-0.0,0.0,0.0,0.0,0.0,0.0,0.0,0.0,0.0,0.5,0.0,0.0,1.0,0.0,0.0,0.0
15.100000000000001,27.740254160590247,83.5551273395143,118.06166875345188,0.3202404826498612,0.05805373754461632,0.5978738131004284,-0.22464312448359128,0.5961643914808951,-0.19565806790253745,-0.7455452534058398,6386169.146266767,0.8162842249219185,-0.00029379047175687466,-4.631383194544888e-11,1.2782063962693928e-07,8032.146266818667,0.0,0.6170065282998757,-0.18937568497565996,3.0378805658739276,0.22040944364272266,-0.29857090978453305,0.5306996281061002,0.3203117396698541,0.05805199447802266,0.5978583042512631,307.96920174901766,0.5238159947489063,35486.74310996205,236.00693566776832,0.4782101710122569,1.3400177027207198,0.6032777495105711,147.27400524715824,5680.689456377767,9.755527078755033,-2.1220693047515237e-05,0.16217932523017947,147.27391986762905,0.0,0.0,0.0,0.0,0.0,0.0,0.0,0.0,0.0,0.0,0.0,0.0,0.0,0.0,0.0,0.0,0.0,0.5,0.0,0.0,1.0,0.0,0.0,0.0
15.200000000000001,32.22966787928587,86.06584639450496,116.32610148945861,0.3181873139723426,0.0743262911399846,0.5966058719824935,-0.21111870737924476,0.5888590152861951,-0.22598724945993942,-0.7467262007994199,6386154.370097602,0.8326078316172125,-0.00029617156653474194,-4.6689302169571754e-11,1.3037702872292348e-07,8017.370097655803,0.0,0.6381186102453066,-0.21909531672285798,3.0912206139104312,0.20169819615141266,-0.2956858433488612,0.5362853526582996,0.31825842627846107,0.07431980891085443,0.596590965762038,308.0317030869209,0.5247215174118584,35562.51837073382,236.10273872449645,0.4812801971524115,1.3005126006070074,0.6194003490321419,148.24955940664978,5766.14809805883,9.755572532114392,-2.09867147731302e-05,0.16433485274019216,148.24946926527952,0.0,0.0,0.0,0.0,0.0,0.0,0.0,0.0,0.0,0.0,0.0,0.0,0.0,0.0,0.0,0.0,0.0,0.5,0.0,0.0,1.0,0.0,0.0,0.0
15.3,36.699332807785865,88.24424887536007,114.60474479691473,0.31563864628028765,0.09044346023231034,0.5950395463681055,-0.19715307324085757,0.5815173037730123,-0.25609875427679035,-0.7465800019512256,6386139.496529059,0.8491472636037013,-0.00029863575464815387,-4.707787395900515e-11,1.329672275504188e-07,8002.496529114433,0.0,0.6573221677882213,-0.24848581423063462,-3.1380120740549966,0.18217275993394558,-0.2919710749270137,0.5429716960052359,0.31570935254483234,0.09043229197306543,0.5950255038729101,308.09461641195014,0.5256330089659095,35638.79311572399,236.19917328172258,0.48434834833358104,1.2608890706379776,0.632731683459061,149.22511858959626,5852.433669622524,9.755618285404777,-2.0681772884501015e-05,0.16650468692056108,149.22502273209057,0.0,0.0,0.0,0.0,0.0,0.0,0.0,0.0,-0.0,0.0,0.0,0.0,0.0,0.0,0.0,0.0,0.0,0.5,0.0,0.0,1.0,0.0,0.0,0.0
15.4,41.132653281323456,90.08659593613511,112.92775673958865,0.31260133206267904,0.10637208079380933,0.5931840734870145,-0.18273594496238124,0.5741514579862229,-0.28591754672387903,-0.7451209140440094,6386124.525092323,0.8659051992524522,-0.00030044971992513003,-4.736394490507053e-11,1.3559165593736015e-07,7987.525092382294,0.0,0.6745250836053744,-0.27746036775707733,-3.083333490109038,0.1618108471358383,-0.2873867343148812,0.5507566851145356,0.3126713702348315,0.10635630596048198,0.5931711474261696,308.15790833893124,0.5265539339139009,35715.945512103455,236.29624364984284,0.48741465768069037,1.221493448286405,0.6432196477596854,150.2006820274813,5939.594081691454,9.755664340076164,-2.1440413204250792e-05,0.1686881238912671,150.2005917489245,0.0,0.0,0.0,0.0,0.0,0.0,0.0,0.0,0.0,0.0,0.0,0.0,0.0,0.0,0.0,0.0,0.0,0.5,0.0,0.0,1.0,0.0,0.0,0.0
15.5,45.51312205574657,91.59497532280653,111.32431746706396,0.3090884931505964,0.12208203007240417,0.5910533128682781,-0.16786315376719593,0.5667716750350501,-0.31537268071438523,-0.742380111004761,6386109.4562553475,0.8828816674539038,-0.00030286059590125934,-4.7744117242492785e-11,1.382503187004564e-07,7972.456255408625,0.0,0.6896531070402806,-0.3059322374109891,-3.0278235812685197,0.14060949583095453,-0.2818955875201454,0.559619671169254,0.30915760372932066,0.12206175264872142,0.5910417423019494,308.22160490251895,0.5274815422121237,35793.67553018568,236.3939457882954,0.49047908030102266,1.1826982494274678,0.6508740343203784,151.17624992786446,6027.601013312545,9.755710694693866,-2.1232370819745938e-05,0.17088641847054,151.17615419488007,0.0,0.0,0.0,0.0,0.0,0.0,0.0,0.0,0.0,0.0,0.0,0.0,0.0,0.0,0.0,0.0,0.0,0.5,0.0,0.0,1.0,0.0,0.0,0.0
15.600000000000001,49.82390505503175,92.77237806219057,109.82277354638262,0.3051123279151869,0.13754383175084345,0.5886613959855409,-0.15253030417490798,0.5593858648949176,-0.34439383087873554,-0.7383866414159354,6386094.290017619,0.9000782511322681,-0.00030530384174986375,-4.812939504944985e-11,1.4094346407305848e-07,7957.290017682128,0.0,0.7026227659340285,-0.3338087689046033,-2.9713760850092896,0.1185756651480555,-0.2754514254125323,0.56953470993788,0.30518025347430344,0.13751917925287954,0.5886514049410116,308.28571318290057,0.5284151463112657,35871.90797339148,236.49227944607858,0.49354159622760463,1.1448900342963848,0.6557269229270533,152.15182297845425,6116.452145558323,9.755757349265796,-2.09358188882902e-05,0.17309886323725723,152.15172185162493,0.0,0.0,0.0,0.0,0.0,0.0,0.0,0.0,0.0,0.0,0.0,0.0,0.0,0.0,0.0,0.0,0.0,0.5,0.0,0.0,1.0,0.0,0.0,0.0
15.700000000000001,54.04747414610904,93.62264778180248,108.45096378728938,0.3006842644288513,0.15272811138250808,0.5860229116234159,-0.1367326915179355,0.5519997431525077,-0.372909978613702,-0.7331677711304336,6386079.025910291,0.9174975563482728,-0.00030714809505617396,-4.842024749481896e-11,1.436715005812291e-07,7942.025910357013,0.0,0.7133409621001116,-0.36098870355183243,-2.9138825006517424,0.09572951787688314,-0.2679989094559791,0.5804668927901955,0.3007507492167987,0.1526992342045072,0.5860147075696057,308.35021260066645,0.5293569781389879,35950.88653517545,236.59124847538277,0.49660221848095865,1.108463333731675,0.6578331445395055,153.12740027996378,6206.182660205729,9.755804305242258,-2.1716918668701613e-05,0.1753250370863858,153.12730532496604,0.0,0.0,0.0,0.0,0.0,0.0,0.0,0.0,0.0,0.0,0.0,0.0,0.0,0.0,0.0,0.0,0.0,0.5,0.0,0.0,1.0,0.0,0.0,0.0
15.8,58.16697432729323,94.15501512685805,107.23390777961687,0.2958212481164697,0.16760984598948211,0.5831562227419421,-0.12047201355699444,0.544616721840226,-0.40085727634047763,-0.7267660673256321,6386063.664401377,0.9351396967725609,-0.00030965948964330496,-4.88162735776295e-11,1.464344463276311e-07,7926.664401445228,0.0,0.721739550145567,-0.38737216480689135,-2.8552491214978386,0.07211956844691478,-0.2594895048280785,0.5923543564378871,0.2958860413431753,0.16757691429559463,0.5831499923956065,308.4151028373892,0.5303068468012019,36030.59105027451,236.6908497819845,0.49966094474202366,1.073783799885049,0.6573075983429234,154.10298229332085,6296.792948431489,9.755851561188402,-2.1397220792233433e-05,0.17756613009171457,154.1028797107243,0.0,0.0,0.0,0.0,0.0,0.0,0.0,0.0,0.0,0.0,0.0,0.0,0.0,0.0,0.0,0.0,0.0,0.5,0.0,0.0,1.0,0.0,0.0,0.0
15.9,62.16509965364651,94.3791759490685,106.19526462008285,0.2905390275421579,0.1821645981686274,0.5800796711861751,-0.10374977345323141,0.537238067624713,-0.4281724522216627,-0.719221514345537,6386048.205490269,0.9530062523337863,-0.0003119966623020567,-4.918483704938581e-11,1.4923254909263798e-07,7911.205490339547,0.0,0.7277455785249313,-0.4128511191771162,-2.7953844119893745,0.047814326756638936,-0.24986887553273707,0.6051194563200634,0.2906018829993061,0.18212780071304482,0.5800755796602945,308.4804045214154,0.5312627382631384,36110.800945065006,236.79108262718265,0.5027177323224816,1.0411925755381402,0.6542816694495079,155.07856942692774,6388.265139548001,9.755899117112564,-2.1248537660945033e-05,0.179821100871024,155.07846398269547,0.0,0.0,0.0,0.0,0.0,0.0,0.0,0.0,-0.0,0.0,0.0,0.0,0.0,0.0,0.0,0.0,0.0,0.5,0.0,0.0,1.0,0.0,0.0,0.0
16.0,66.02373483975715,94.30531670094044,105.35763026734206,0.284852367843198,0.19636801568055265,0.5768118353085429,-0.08656728439934992,0.529862843752539,-0.4547915408420505,-0.7105719866881386,6386032.648708159,0.9710997053443895,-0.0003139099259111412,-4.9486575613084307e-11,1.520661980460233e-07,7895.648708232989,0.0,0.7312822094343057,-0.4373066792045704,-2.7341990943386496,0.022907910559504124,-0.23907766817773665,0.6186628261510724,0.28491304365553166,0.19632755894402182,0.5768100250361391,308.5461073471673,0.5322258874435701,36191.65090370278,236.8919504939179,0.5057725781338798,1.0110030323246397,0.6489015701622832,156.05416083000304,6480.623486013495,9.755946974465148,-2.205624011016501e-05,0.18209011761951407,156.05406098815052,0.0,0.0,0.0,0.0,0.0,0.0,0.0,0.0,0.0,0.0,0.0,0.0,0.0,0.0,0.0,0.0,0.0,0.5,0.0,0.0,1.0,0.0,0.0,0.0
16.1,69.72609675409993,93.94813184174747,104.73931505216103,0.2787806251027153,0.21020104264386744,0.573374015021907,-0.06893227319633402,0.5224878752446438,-0.4806603730572861,-0.7008685638355324,6386016.994523102,0.9894203684734771,-0.00031659260644698696,-4.9909612049665935e-11,1.5493544246234514e-07,7879.994523178786,0.0,0.7323075089831589,-0.4606244364933058,-2.6716282498923176,-0.002467774091599312,-0.22707108678009372,0.6328485377832008,0.27883888695077436,0.21015714683374048,0.5733746030311394,308.6121897095719,0.5331981919889985,36273.34978231069,236.99345105559607,0.5088255159764704,0.9834568010924213,0.6413560239388886,157.0297573129166,6573.893690888766,9.755995131811199,-2.140669162361187e-05,0.18437396462713693,157.02964620829417,0.0,0.0,0.0,0.0,0.0,0.0,0.0,0.0,0.0,0.0,0.0,0.0,0.0,0.0,0.0,0.0,0.0,0.5,0.0,0.0,1.0,0.0,0.0,0.0
16.2,73.2548822593279,93.32224089969206,104.3569593013514,0.272341695138325,0.22364499101795146,0.5697872067004496,-0.050852269582149986,0.515108036968418,-0.5057251315801082,-0.6901593027305715,6386001.242934321,1.0079696565402756,-0.0003186873600090773,-5.023996667996133e-11,1.5784050428357143e-07,7864.242934401147,0.0,0.7307825378472957,-0.48268106028994157,-2.6076157641942603,-0.028149270052804876,-0.21380529525609046,0.6475125714497633,0.272397315994181,0.22359788892903354,0.5697902843564553,308.67868325072067,0.5341765464234954,36355.55700900247,237.09558317571074,0.5118764827876852,0.9587531128579735,0.6318357026813508,158.00535869391285,6668.043933327688,9.756043589159702,-2.1682757471275238e-05,0.18667143696750088,158.0052507835132,0.0,0.0,0.0,0.0,0.0,0.0,0.0,0.0,-0.0,0.0,0.0,0.0,0.0,0.0,0.0,0.0,0.0,0.5,0.0,0.0,1.0,0.0,0.0,0.0
16.3,76.59193035343661,92.44229359081464,104.22577437991742,0.26555227961863553,0.23668110069895204,0.5660724233426345,-0.0323347102722035,0.5077160153003385,-0.5299311276278874,-0.6784897744726566,6385985.393473196,1.0267500855282126,-0.0003208119520063272,-5.0575027673715034e-11,1.607817779740309e-07,7848.393473278731,0.0,0.726674112825061,-0.5033419019699812,-2.5421163236360185,-0.05393508425916709,-0.1992398768065405,0.6624561961068389,0.26560503966286236,0.2366310368478714,0.5660780557959574,308.74558542209996,0.5351614264836706,36438.324077392506,237.19835005643313,0.514925464306508,0.9370527937773506,0.6205319458664164,158.98096458028968,6763.089679282927,9.756092347960708,-2.233316866610362e-05,0.18898341177865066,158.9808578758202,0.0,0.0,0.0,0.0,0.0,0.0,0.0,0.0,0.0,0.0,0.0,0.0,0.0,0.0,0.0,0.0,0.0,0.5,0.0,0.0,1.0,0.0,0.0,0.0
16.400000000000002,79.72113601617322,91.32630812841269,104.35574154648229,0.25843268285264664,0.24929646473008885,0.562252263424775,-0.01339319167146671,0.5003026874365343,-0.553235559493491,-0.6659164115225056,6385969.446607673,1.0457621261180752,-0.0003236049318211973,-5.1015460692221797e-11,1.637593375625807e-07,7832.446607758291,0.0,0.7199959085772676,-0.5224829028600418,-2.475120696187565,-0.07958415122533274,-0.18336055916055388,0.6774416373182741,0.2584823725219692,0.2492436909366849,0.5622604885473623,308.81285836798673,0.5361563432266223,36522.037313537854,237.3017499608933,0.517972521832659,0.918436355458108,0.6076561628570715,159.95657568088694,6859.077857703299,9.756141406779617,-2.1437517674508886e-05,0.1913098623970295,159.95645630967618,0.0,0.0,0.0,0.0,0.0,0.0,0.0,0.0,0.0,0.0,0.0,0.0,0.0,0.0,0.0,0.0,0.0,0.5,0.0,0.0,1.0,0.0,0.0,0.0
16.5,82.62586411544031,89.99169642570541,104.75510221248534,0.25100154588563756,0.26147819327443916,0.558348802210616,0.005958906600876963,0.49285716799858853,-0.575595557982056,-0.6524922230758821,6385953.402336866,1.0650068474913947,-0.00032540192786242,-5.1298882109145326e-11,1.6677335088315208e-07,7816.402336954139,0.0,0.7107750421700422,-0.5399728991320569,-2.4066379390213672,-0.10482014395593542,-0.16616465506145597,0.6921985729398208,0.2510479657193044,0.2614229677684871,0.5583596308929445,308.88054222474324,0.5371573370351572,36606.26187973153,237.40578144382994,0.5210175766281769,0.9029512524514681,0.5934086249778523,160.932191577533,6955.96467110989,9.756190765625876,-2.2311365723837184e-05,0.19364999994573395,160.93208217434318,0.0,0.0,0.0,0.0,0.0,0.0,0.0,0.0,-0.0,0.0,0.0,0.0,0.0,0.0,0.0,0.0,0.0,0.5,0.0,0.0,1.0,0.0,0.0,0.0
16.6,85.28864386863937,88.45544449642567,105.43051320948896,0.24327615274634104,0.27321304874804264,0.5543839587957979,0.02570818306389103,0.48536644623612624,-0.5969670537550066,-0.6382674309797427,6385937.260192442,1.0844872132272292,-0.0003279851984432607,-5.1706260488691224e-11,1.6982428251316937e-07,7800.260192533024,0.0,0.6990562537090746,-0.555672084909676,-2.336698873580164,-0.12932888222294547,-0.1476651086810906,0.706421627285114,0.2433191134589061,0.2731556354925163,0.5543973749030413,308.94863799773066,0.5381645333620679,36691.010817098744,237.5104475770839,0.5240606101196597,0.8906187937135024,0.5779793712756361,161.90781238945561,7053.761464529644,9.756240425948873,-2.2194336524468886e-05,0.19600488259507645,161.9076943324625,0.0,0.0,0.0,0.0,0.0,0.0,0.0,0.0,0.0,0.0,0.0,0.0,0.0,0.0,0.0,0.0,0.0,0.5,0.0,0.0,1.0,0.0,0.0,0.0
16.7,87.69481853695169,86.73669917722748,106.38303694032295,0.23527644000912973,0.28449384724549165,0.5503801260078731,0.04583557991143289,0.47781643969569093,-0.6173194091674559,-0.6233007121708263,6385921.020641939,1.1042032938950286,-0.00033043932878799024,-5.2093282971782627e-11,1.7291214383761343e-07,7784.020642033778,0.0,0.6849406139414209,-0.5694611853776186,-2.2653798845109643,-0.15277810717520204,-0.12791300975279313,0.7197869426726166,0.23531576522663933,0.28443451153858285,0.5503960869655181,309.01710169240647,0.5391820706226472,36776.73997117479,237.61574685159573,0.5271016932180478,0.8813949834839795,0.5615612198259382,162.88343820334407,7152.524991104193,9.75629038631529,-2.1851810565465274e-05,0.19837380762118545,162.8833166175949,0.0,0.0,0.0,0.0,0.0,0.0,0.0,0.0,0.0,0.0,0.0,0.0,0.0,0.0,0.0,0.0,0.0,0.5,0.0,0.0,1.0,0.0,0.0,0.0
16.8,89.82924135172284,84.85357711150901,107.61213856570434,0.2270205722322592,0.2953129856746431,0.5463590501216625,0.06632225773571342,0.4701914051294492,-0.6366212708722907,-0.6076469435175111,6385904.683684811,1.1241563290807588,-0.0003323383169409512,-5.2392790644514054e-11,1.7603712939105187e-07,7767.683684910648,0.0,0.6685510393204497,-0.5812187527822872,-2.1927832474349636,-0.17481985138642586,-0.10698154238402599,0.731957189591754,0.22705609842356345,0.2952519936480951,0.5463774876558039,309.08597432771893,0.5402058809925605,36863.002011628065,237.7216777848606,0.5301407462061752,0.8752225197596983,0.5443297939268279,163.85906907195962,7252.20845079751,9.756340646733651,-2.2826931047603694e-05,0.2007568551740917,163.85895425406073,0.0,0.0,0.0,0.0,0.0,0.0,0.0,0.0,-0.0,0.0,0.0,0.0,0.0,0.0,0.0,0.0,0.0,0.5,0.0,0.0,1.0,0.0,0.0,0.0
16.900000000000002,91.67601641142238,82.823403025236,109.11573196877589,0.21852527051681328,0.30566216019138537,0.5423422227493362,0.0871491933523698,0.4624736696434397,-0.6548397608977921,-0.5913581763506248,6385888.248852621,1.1443495438275342,-0.0003353690206837701,-5.2870714930067333e-11,1.791997447185197e-07,7751.248852723278,0.0,0.6500358655786511,-0.5908211875800563,-2.119040102878593,-0.19509711825875636,-0.08496959226537347,0.7425883653161522,0.21855684719780866,0.30559977846062225,0.5423630432634303,309.1552595150229,0.541235831558165,36949.78156841679,237.8282433550193,0.5331777451308194,0.872035573959441,0.5264462366823689,164.834704838715,7352.820002576884,9.756391208653897,-2.1803417335301382e-05,0.2031544306329257,164.83457378307142,0.0,0.0,0.0,0.0,0.0,0.0,0.0,0.0,0.0,0.0,0.0,0.0,0.0,0.0,0.0,0.0,0.0,0.5,0.0,0.0,1.0,0.0,0.0,0.0
17.0,93.2228051421838,80.66455617056512,110.88633060195623,0.2098090715845399,0.3155390344880929,0.5383506027883409,0.10829244291177188,0.4546453569923634,-0.6719563516676103,-0.5744924551634905,6385871.71661262,1.1647822371908285,-0.00033715360604233207,-5.3152192220480725e-11,1.8239988040026246e-07,7734.71661272614,0.0,0.6295978666148098,-0.5981777925269481,-2.0443254746185144,-0.21328892598362062,-0.06201723760944897,0.7513712172591981,0.2098365635912336,0.31547552611669344,0.5383736894242536,309.22491259256867,0.5422761489465684,37037.54482538809,237.93544208227823,0.5362127640028155,0.8717226526895036,0.508064852547778,165.8103457579263,7454.4196334,9.756442070643608,-2.262990755970882e-05,0.20556601463410115,165.81022511814695,0.0,0.0,0.0,0.0,0.0,0.0,0.0,0.0,0.0,0.0,0.0,0.0,0.0,0.0,0.0,0.0,0.0,0.5,0.0,0.0,1.0,0.0,0.0,0.0
17.1,94.45685426978218,78.39413190757477,112.91514451017692,0.2008887372792791,0.3249403875542995,0.5344044846236162,0.12972820350635317,0.4466870167432948,-0.6879510381478446,-0.5571038313845367,6385855.086964809,1.1854567163974135,-0.0003397570603188117,-5.356276663655657e-11,1.856378981754887e-07,7718.086964920163,0.0,0.607459809450155,-0.6032025514017176,-1.9688377719707342,-0.22910477207439253,-0.03828780464665016,0.7580290331940237,0.20091202475136136,0.32487601201389327,0.5344296982909851,309.29497247438974,0.5433229538612433,37125.864603237926,238.04327255384408,0.5392457257581952,0.8741747253850248,0.489322810807359,166.7859919053133,7556.96136187235,9.756493232709762,-2.256955900037383e-05,0.20799189203509627,166.78586347447177,0.0,0.0,0.0,0.0,0.0,0.0,0.0,0.0,-0.0,0.0,0.0,0.0,0.0,0.0,0.0,0.0,0.0,0.5,0.0,0.0,1.0,0.0,0.0,0.0
17.2,95.36479726190846,76.0282128793653,115.19201091144492,0.1917795862033432,0.3338619118191815,0.5305238900995954,0.15143230771079472,0.4385775526889,-0.7028020637213512,-0.5392437271190977,6385838.359440124,1.2063751989888858,-0.0003423654935000523,-5.397412897492956e-11,1.88914145843117e-07,7701.359440237284,0.0,0.5838650164294196,-0.6058154908374951,-1.8927988183865947,-0.2422970314623544,-0.013968061529893798,0.7623300176843023,0.19179856488584965,0.3337969250290957,0.5305510701533743,309.3654447066411,0.5443759199404221,37214.7042035233,238.1517376816525,0.5422766019159428,0.8792866138668289,0.47034343140885015,167.7616427910506,7660.450833294683,9.756544696304436,-2.219207233622459e-05,0.21043209476824618,167.76150893243877,0.0,0.0,0.0,0.0,0.0,0.0,0.0,0.0,0.0,0.0,0.0,0.0,0.0,0.0,0.0,0.0,0.0,0.5,0.0,0.0,1.0,0.0,0.0,0.0
17.3,95.9374941468579,73.58305227828353,117.70203378976771,0.18249807321665126,0.3423049847609305,0.5267274559798346,0.17337655570216523,0.43029651195807694,-0.7165022145445756,-0.5209670643883662,6385821.534506282,1.2275376021284083,-0.0003442077556950641,-5.42647066666961e-11,1.9222861078644974e-07,7684.5345063994955,0.0,0.5590907607174307,-0.6059796954617693,-1.816454204860907,-0.2527157057826776,0.0107297033892389,0.7641381998705404,0.1825126561195094,0.34223963563218107,0.5267564234702151,309.4362840081231,0.5454393576444694,37304.5396932991,238.26083600855046,0.5453054712035613,0.8869225392647746,0.45123928681778536,168.73729934677684,7764.951410770615,9.756596459993816,-2.309149267176735e-05,0.2128864748726092,168.73717306189818,0.0,0.0,0.0,0.0,0.0,0.0,0.0,0.0,0.0,0.0,0.0,0.0,0.0,0.0,0.0,0.0,0.0,0.5,0.0,0.0,1.0,0.0,0.0,0.0
17.400000000000002,96.16548566746724,71.07355339953656,120.42939158721515,0.17305897270176024,0.350269652354002,0.5230332282558601,0.19553273951407604,0.42182211244632145,-0.7290422514792101,-0.5023250028487981,6385804.612163129,1.2489463244397083,-0.0003474153699302632,-5.477053646522222e-11,1.9558166907593873e-07,7667.612163251266,0.0,0.5334181772940648,-0.6036682740704447,-1.740056262821711,-0.2602821754545191,0.03558445733328558,0.7633909621264574,0.17306909011122446,0.35020418320236374,0.5230637870854724,309.50752961033197,0.5465093358994324,37394.93760178979,238.3705661083098,0.548332251499993,0.8969574211962179,0.4321089461004219,169.71296056743407,7870.4145636022395,9.756648523785465,-2.205606187999365e-05,0.2153550135365947,169.71281709190504,0.0,0.0,0.0,0.0,0.0,0.0,0.0,0.0,-0.0,0.0,0.0,0.0,0.0,0.0,0.0,0.0,0.0,0.5,0.0,0.0,1.0,0.0,0.0,0.0
17.5,96.03886267688175,68.51355863507084,123.35715929791536,0.16347570022210214,0.3577544963938176,0.5194590345891623,0.2178720806240371,0.4131310692922182,-0.7404108492731131,-0.4833662066782113,6385787.591941327,1.2706026394473398,-0.0003491532958588964,-5.504467071027533e-11,1.9897352070356687e-07,7650.591941453205,0.0,0.5071302346964431,-0.5988651403045041,-1.6638613592191458,-0.26499289491105416,0.060369497367575145,0.7601028724547547,0.16348130005379016,0.35768914335862745,0.519490972373803,309.57918657554336,0.5475855754957364,37485.86638698516,238.48093091205678,0.5513569191951811,0.9092758884434281,0.4130400047687336,170.68862725245307,7976.84681032418,9.75670088913254,-2.2976368626359528e-05,0.2178380256799244,170.68849429863693,0.0,0.0,0.0,0.0,0.0,0.0,0.0,0.0,0.0,0.0,0.0,0.0,0.0,0.0,0.0,0.0,0.0,0.5,0.0,0.0,1.0,0.0,0.0,0.0
17.6,95.55248244580542,65.91647104553938,126.46470242265366,0.15376229777003111,0.3647633944778017,0.5160206342871738,0.24036274067994728,0.40420169152388286,-0.7506109599474245,-0.46414066054829983,6385770.47430912,1.2925079317978834,-0.0003518229016734731,-5.5465688741885414e-11,2.0240438286770275e-07,7633.4743092510225,0.0,0.4805103732269032,-0.5916001588515958,-1.5881167300358872,-0.2669581429672877,0.08486308798402896,0.7544001590170274,0.1537633464954576,0.3646983847368053,0.5160537264420788,309.6512089093482,0.5486724808663435,37577.81314398758,238.59192898841945,0.5543795528124751,0.9237415483140318,0.3941085954970875,171.66429942128616,8084.315050020262,9.756753554599626,-2.273493903241317e-05,0.2203350508847943,171.66415877850457,0.0,0.0,0.0,0.0,0.0,0.0,0.0,0.0,0.0,0.0,0.0,0.0,0.0,0.0,0.0,0.0,0.0,0.5,0.0,0.0,1.0,0.0,0.0,0.0
17.7,94.70098065097628,63.29445506201799,129.73086609776655,0.14393130083292036,0.3712984972754215,0.5127333365117396,0.26297270704507675,0.39501124839683927,-0.7596431827201402,-0.44469504840172197,6385753.259265777,1.3146631590952724,-0.0003545297982110702,-5.589258889081116e-11,2.0587440599707914e-07,7616.259265911765,0.0,0.45382421210786267,-0.5819130068492233,-1.513054140513914,-0.26635211941151166,0.10885646810044003,0.7464750098985917,0.14392778349659546,0.37123404983454933,0.5127673474038281,309.7236387112795,0.549765812064703,37670.3097064602,238.70355880749628,0.5574000646475151,0.9402314005528268,0.37538083826288926,172.63997624053079,8192.764449643115,9.756806520196193,-2.247240447417198e-05,0.22284636445868955,172.63982932979587,0.0,0.0,0.0,0.0,0.0,0.0,0.0,0.0,-0.0,0.0,0.0,0.0,0.0,0.0,0.0,0.0,0.0,0.5,0.0,0.0,1.0,0.0,0.0,0.0
17.8,93.47871420558403,60.65873173207421,133.13369693905275,0.13399404096636117,0.3773601552835041,0.5096123372251387,0.28566908447021944,0.3855354747931385,-0.7675054984846592,-0.4250735963151659,6385735.94634238,1.3370705710395068,-0.0003563398741823203,-5.617810563793416e-11,2.0938394297394608e-07,7598.9463425194845,0.0,0.427318630340693,-0.5698522014053604,-1.438888020012754,-0.2634025646258221,0.13215585457962545,0.7365758023144457,0.13398596154490966,0.3772964817117632,0.5096470211153271,309.7964773906328,0.550865657163233,37763.365074925525,238.81582343070954,0.5604184393256046,0.9586336860189607,0.35691533971459144,173.6156590727373,8302.207126201432,9.75685978737432,-2.3281643519131503e-05,0.22537210934398882,173.6155198725225,0.0,0.0,0.0,0.0,0.0,0.0,0.0,0.0,0.0,0.0,0.0,0.0,0.0,0.0,0.0,0.0,0.0,0.5,0.0,0.0,1.0,0.0,0.0,0.0
17.900000000000002,91.88516916738254,58.0197422372993,136.64879683478273,0.12396212601911644,0.3829535915631704,0.5066702421853626,0.3084170254278027,0.3757528641894924,-0.774209827379011,-0.405320218812661,6385718.536006995,1.3597313907802362,-0.00035958353421325655,-5.66896344781721e-11,2.1293318571942442e-07,7581.536007139832,0.0,0.4012123839681694,-0.5555066562750346,-1.3657958694698547,-0.25840581233512316,0.15459858850022423,0.7250169098938808,0.12394950754071175,0.3828908938552771,0.5067053477815066,309.86968029686005,0.5519763074785322,37857.45450225369,238.92872138210282,0.5634347503782783,0.9788214957978029,0.3387600578236626,174.5913466760854,8412.710528606938,9.75691335469917,-2.2312926006407014e-05,0.227911718294917,174.59119146941794,0.0,0.0,0.0,0.0,0.0,0.0,0.0,0.0,0.0,0.0,0.0,0.0,0.0,0.0,0.0,0.0,0.0,0.5,0.0,0.0,1.0,0.0,0.0,0.0
18.0,89.91969348023378,55.386947230561624,140.25163193086678,0.11384588971877921,0.38808197941015016,0.5039193851961684,0.3311812747877895,0.3656409864869105,-0.7797653359012323,-0.3854759070790252,6385701.0282587465,1.3826458117543117,-0.0003614483728237243,-5.6983790258819104e-11,2.1652216501142867e-07,7564.028258896433,0.0,0.37569421479405185,-0.5389690513845895,-1.293926811720114,-0.25167300423177685,0.17604699466192056,0.7121300247797885,0.11382877426140928,0.3880204510365124,0.5039546567084144,309.9432927819136,0.55309317201231,37952.070370937785,239.04225101074502,0.5664489081463091,1.000681068852147,0.32095678614665585,175.56703978358678,8524.212636298815,9.756967222180776,-2.31698880810427e-05,0.2304659567716172,175.56689234176199,0.0,0.0,0.0,0.0,0.0,0.0,0.0,0.0,-0.0,0.0,0.0,0.0,0.0,0.0,0.0,0.0,0.0,0.5,0.0,0.0,1.0,0.0,0.0,0.0
18.1,87.58152275875821,52.76911058543315,143.9171764846123,0.1036546673418925,0.39274641451527703,0.5013721143172811,0.35392529489775976,0.35517588631766805,-0.7841781518425056,-0.3655793783423848,6385683.422629037,1.4058173782471088,-0.0003639722524286376,-5.738184930381728e-11,2.2015143648861436e-07,7546.42262919154,0.0,0.3509254832036265,-0.5203345268005324,-1.223403077785594,-0.24351830069846578,0.19638642036978293,0.6982532330480741,0.10363311637127011,0.39268624137285213,0.5014072924037746,310.0173068587885,0.5542172939164887,38047.32739905574,239.15641571977284,0.5694609109309632,1.0241092478240437,0.3035430865798645,176.5427386829691,8636.740491510254,9.757021391270468,-2.3017332452468532e-05,0.23303426788701864,176.5425868100415,0.0,0.0,0.0,0.0,0.0,0.0,0.0,0.0,0.0,0.0,0.0,0.0,0.0,0.0,0.0,0.0,0.0,0.5,0.0,0.0,1.0,0.0,0.0,0.0
18.2,84.87516661763961,50.17410617921661,147.61935369727468,0.0933978593247815,0.39695246516123495,0.4990378089610688,0.3766118448006398,0.3443375493316412,-0.7874678527033669,-0.345667756151927,6385665.719585579,1.4292461374007355,-0.0003669349048093909,-5.7849086126615666e-11,2.238210079219437e-07,7528.719585739076,0.0,0.3270285225096621,-0.4997279611872219,-1.1542999599243242,-0.23426202933545698,0.2155412858859426,0.6837278185979533,0.09337195296969042,0.3968938239770291,0.4990726353977413,310.09169120080423,0.5553516310682339,38143.55385171583,239.27121355104242,0.5724708099828016,1.0489915441995843,0.28654736900970973,177.51844234875293,8750.343186792572,9.757075860534508,-2.2527186525659718e-05,0.23561665332144577,177.5182804623258,0.0,0.0,0.0,0.0,0.0,0.0,0.0,0.0,0.0,0.0,0.0,0.0,0.0,0.0,0.0,0.0,0.0,0.5,0.0,0.0,1.0,0.0,0.0,0.0
18.3,81.80505791582718,47.60918140546913,151.33228550314,0.08308386001202372,0.40070340816035216,0.4969257613980531,0.3992029238417831,0.3331050294392101,-0.7896507962484909,-0.3257755657217535,6385647.919127727,1.4529328961590804,-0.0003686577682876818,-5.812086709898663e-11,2.2753100618136248e-07,7510.9191278917715,0.0,0.30409840601377536,-0.47727042947774023,-1.0866661885770046,-0.22419585301701156,0.23345747617118995,0.668869723176874,0.08305369703099208,0.4006464676695135,0.49695997998045127,310.16648485694043,0.5564922101279021,38240.309808903134,239.3866430794149,0.5754785274761118,1.0752251059576552,0.26999523220553817,178.49415197791382,8864.966063985405,9.75713062998235,-2.3503387140522136e-05,0.23821366961660573,178.49399913950458,0.0,0.0,0.0,0.0,0.0,0.0,0.0,0.0,-0.0,0.0,0.0,0.0,0.0,0.0,0.0,0.0,0.0,0.5,0.0,0.0,1.0,0.0,0.0,0.0
18.400000000000002,78.37566822962202,45.081217899885694,155.02989834519533,0.07272030440767172,0.40400022761959387,0.4950454010890975,0.4216588505440373,0.3214559937464187,-0.7907401881047728,-0.30593542356872055,6385630.020786798,1.4768812793659232,-0.0003717248821925796,-5.860457936519786e-11,2.3128199954819513e-07,7493.02078696806,0.0,0.28220774990961756,-0.4530792903527601,-1.0205274502216277,-0.21358015589327947,0.25009812035218065,0.6539677844371743,0.07268600249151046,0.4039451496098109,0.4950787585333742,310.241670410004,0.5576410440507542,38337.81766035677,239.50270805524792,0.5784840764324435,1.1027161667476042,0.2539109046717112,179.46986690259587,8980.652455157327,9.757185701065815,-2.2680326371945155e-05,0.24082452006515592,179.46970155166565,0.0,0.0,0.0,0.0,0.0,0.0,0.0,0.0,0.0,0.0,0.0,0.0,0.0,0.0,0.0,0.0,0.0,0.5,0.0,0.0,1.0,0.0,0.0,0.0
18.5,74.59664481102327,42.596259760950716,158.68648613883286,0.062314792385114656,0.40684804608476866,0.49340293062911666,0.44394055211034283,0.3093730829977278,-0.7907618765196781,-0.28617726807686095,6385612.025030408,1.5010906919242157,-0.0003740567622040215,-5.897238106389265e-11,2.3507389522887836e-07,7475.025030584696,0.0,0.2613946614057354,-0.4272907742596418,-0.9558679210127791,-0.2026452303054224,0.2654586244922214,0.6392775642443085,0.06227648659186005,0.406794984188549,0.4934351810417267,310.3172346804869,0.558799249954421,38436.202038456184,239.6194058575884,0.5814874788372516,1.1313623452267285,0.2383111750906295,180.44558716197642,9097.423707782218,9.757241072351476,-2.3053024316747445e-05,0.24344982128914336,180.44542207415464,0.0,0.0,0.0,0.0,0.0,0.0,0.0,0.0,0.0,0.0,0.0,0.0,0.0,0.0,0.0,0.0,0.0,0.5,0.0,0.0,1.0,0.0,0.0,0.0
18.6,70.47759534001906,40.1601183061525,162.27682032716922,0.05187420281981372,0.4092495305944272,0.4920046301462788,0.4660077721854081,0.29683801357377354,-0.7897381603374664,-0.2665288233024836,6385593.931858082,1.5255627681459807,-0.0003761456402430302,-5.930187486518875e-11,2.38906949678531e-07,7456.931858264841,0.0,0.2416812407951907,-0.4000323049085936,-0.8926553038903621,-0.1915797494928101,0.27954458450439934,0.6250172922804298,0.05183204551331043,0.409198631461644,0.49203553574626446,310.39320800097113,0.5599637255424704,38535.11899802226,239.73673537695475,0.5844886703149111,1.161070936433326,0.22321278326442698,181.42131341926725,9215.237066397402,9.757296743848398,-2.3506889448299262e-05,0.2460894715563171,181.42115115625572,0.0,0.0,0.0,0.0,0.0,0.0,0.0,0.0,-0.0,0.0,0.0,0.0,0.0,0.0,0.0,0.0,0.0,0.5,0.0,0.0,1.0,0.0,0.0,0.0
18.7,66.02829275577305,37.778608578980936,165.7757596373087,0.04140491578214991,0.41120490163575996,0.49085701339073373,0.48781819381339026,0.283831312920841,-0.7876882709304472,-0.24701630358190454,6385575.740800968,1.5503005836340804,-0.00037934089203054897,-5.980579919300562e-11,2.427816451938323e-07,7438.7408011568095,0.0,0.22307796166883873,-0.37142420653703273,-0.8308437427721802,-0.18053538502574648,0.2923681834398531,0.6113733392336037,0.04135907688868861,0.41115630594568553,0.49088634534222964,310.46956112838865,0.5611377098336687,38634.927340629416,239.85470080097966,0.5874876860440015,1.191756492275786,0.20863350134939954,182.39704478874174,9334.157525078806,9.757352717009153,-2.2564164751770457e-05,0.2487429850375614,182.39686871510185,0.0,0.0,0.0,0.0,0.0,0.0,0.0,0.0,0.0,0.0,0.0,0.0,0.0,0.0,0.0,0.0,0.0,0.5,0.0,0.0,1.0,0.0,0.0,0.0
18.8,61.263337145036374,35.456837831383446,169.1598860394669,0.030913255247010427,0.41271827721741683,0.48996320653918907,0.509331446832076,0.2703393591678903,-0.7846430185867614,-0.22766239006601544,6385557.452326741,1.5753035897212317,-0.00038127605249575725,-6.011106437428344e-11,2.466978962624725e-07,7420.452326935716,0.0,0.20557134600296567,-0.34159754683210936,-0.7703573719606365,-0.16962756448914934,0.3039628401136357,0.5984924512475762,0.030863919902700817,0.41267211869347964,0.4899907489422489,310.5463038247978,0.5623199672108676,38735.49067570407,239.97329866590525,0.5904845072498871,1.2233270063625634,0.1945852378935528,183.37278192982822,9454.168256129438,9.75740899040015,-2.34670313498479e-05,0.2514111325660408,183.3726119845723,0.0,0.0,0.0,0.0,0.0,0.0,0.0,0.0,0.0,0.0,0.0,0.0,0.0,0.0,0.0,0.0,0.0,0.5,0.0,0.0,1.0,0.0,0.0,0.0
18.900000000000002,56.19730212837991,33.20006297682899,172.40648969596154,0.020405114488269472,0.4137912251745249,0.4893265384171341,0.5305055476493225,0.25634768194586394,-0.7806295539595117,-0.20848798589407147,6385539.066434945,1.6005737460743135,-0.0003837492397928445,-6.050115649625602e-11,2.5065601031047837e-07,7402.066435145214,0.0,0.18914342938707948,-0.31067314563002346,-0.7111139450575314,-0.15893829339652787,0.3143618703563811,0.5864932791521041,0.02035248296220002,0.41374763162843986,0.4893520888471731,310.62345530801247,0.5635085221413073,38836.58968344098,240.0925282683721,0.5934790878229635,1.2556980491252134,0.18108201143229297,184.3485249126163,9575.24349094215,9.757465564030504,-2.3404120184977728e-05,0.2540933841450421,184.34835181000915,0.0,0.0,0.0,0.0,0.0,0.0,0.0,0.0,-0.0,0.0,0.0,0.0,0.0,0.0,0.0,0.0,0.0,0.5,0.0,0.0,1.0,0.0,0.0,0.0
19.0,50.845023709242504,31.0139055858503,175.49322040959714,0.009886161857722106,0.41442277110332787,0.4889506248400158,0.5512960666507434,0.24184083492702066,-0.7756721124793428,-0.1895128261614555,6385520.582656639,1.6261137138497916,-0.00038678560715601053,-6.098004195820365e-11,2.5465640475812065e-07,7383.5826568457605,0.0,0.17377449816494744,-0.278764219445183,-0.6530258354066797,-0.14852202198594983,0.32359660644281074,0.5754732246318691,0.009830449756334451,0.4143818652991089,0.48897399509942013,310.70097212725307,0.5647080982962598,38938.74869191819,240.21239432225673,0.596471492101078,1.2887904816966522,0.16814079238582766,185.32427318596336,9697.47572262525,9.757522439353307,-2.270232315974377e-05,0.25678970553772673,185.32408918490668,0.0,0.0,0.0,0.0,0.0,0.0,0.0,0.0,0.0,0.0,0.0,0.0,0.0,0.0,0.0,0.0,0.0,0.5,0.0,0.0,1.0,0.0,0.0,0.0
19.1,45.225575486000146,28.90339966784985,178.40067109313338,-0.0006379631773336496,0.414615705756267,0.4888356135023726,0.5716618995059228,0.2268099653987511,-0.7698053135099816,-0.17075252753893,6385502.001459562,1.6519232325579696,-0.00038863156542507873,-6.127125247950433e-11,2.586990392333358e-07,7365.001459776113,0.0,0.15943069354539557,-0.245989670293618,-0.595986250255001,-0.13840523898670617,0.33171076181640036,0.5654979499075158,-0.000696527950718584,0.4145776044928252,0.48885663289557196,310.77889175203876,0.5659145906802383,39041.51214777377,240.3328923419597,0.5994616480876406,1.322520195607699,0.1557738265803063,186.30002738770798,9820.798542999246,9.757579614934782,-2.37334587396276e-05,0.25950056911242103,186.29985056149008,0.0,0.0,0.0,0.0,0.0,0.0,0.0,0.0,0.0,0.0,0.0,0.0,0.0,0.0,0.0,0.0,0.0,0.5,0.0,0.0,1.0,0.0,0.0,0.0
19.200000000000003,39.35799592128091,26.874055605495155,181.11033602861096,-0.011161762889195391,0.4143702366248211,0.4889819282212708,0.5915599230518661,0.2112455116269671,-0.7630601861060482,-0.15222135948525722,6385483.322843223,1.6780041995026542,-0.00039136159202230516,-6.170184736006641e-11,2.62784211415881e-07,7346.322843443601,0.0,0.1460816801878345,-0.2124592742252706,-0.5398882924555297,-0.12859418791124536,0.3387417701939954,0.5566192522792324,-0.011222940210364764,0.4143350515499111,0.4890004439183306,310.8572097489545,0.5671284630383387,39144.93176180471,240.45402249481248,0.6024495539022338,1.3568084882748874,0.1439970112006643,187.27578734055075,9945.227260565476,9.757637090784286,-2.331949611544822e-05,0.2622254609605853,187.275603501773,0.0,0.0,0.0,0.0,0.0,0.0,0.0,0.0,0.0,0.0,0.0,0.0,0.0,0.0,0.0,0.0,0.0,0.5,0.0,0.0,1.0,0.0,0.0,0.0
19.3,33.261652358792986,24.932055106030834,183.60433667393823,-0.021679682069693288,0.41368398900062037,0.4893902797845128,0.610944177544749,0.195137179788708,-0.7554650300311848,-0.1339326987257966,6385464.546338648,1.7043591309056636,-0.0003941759608570571,-6.214574313432099e-11,2.66912316055835e-07,7327.546338875467,0.0,0.13370191899751688,-0.1782766130021782,-0.484624148722409,-0.11907879044001148,0.34472024436857396,0.5488801313722174,-0.021743219440723105,0.4136518272287315,0.48940615747959176,310.9358965490629,0.5683530212488845,39249.37474061402,240.57578898599127,0.6054352494228539,1.3915798554245709,0.13283057161507478,188.25155283521798,10070.832674528014,9.757694868355237,-2.294963564253292e-05,0.2649646194875158,188.2513617021558,0.0,0.0,0.0,0.0,0.0,0.0,0.0,0.0,0.0,0.0,0.0,0.0,0.0,0.0,0.0,0.0,0.0,0.5,0.0,0.0,1.0,0.0,0.0,0.0
19.400000000000002,26.9593427785893,23.08302591315067,185.86875758110472,-0.03218614855337745,0.4125583364056845,0.4900579008053979,0.629773467735189,0.17848186786084255,-0.7470572745773496,-0.11589548318533992,6385445.672413614,1.7309880021557669,-0.00039607967866539724,-6.24460689137466e-11,2.7108334973199e-07,7308.6724138480295,0.0,0.12225850081063701,-0.14354807162051741,-0.43007484973713583,-0.10983156028711497,0.34968382515824015,0.542301520621296,-0.03225178469283585,0.41252929954841616,0.4900710270818342,311.01499160962135,0.5695839329861413,39354.359613838744,240.69818725330578,0.6084186572025795,1.4267550588156255,0.12229045928790999,189.22732432170397,10197.5419219945,9.757752946213763,-2.3918987468600026e-05,0.2677181382647269,189.22713936673674,0.0,0.0,0.0,0.0,0.0,0.0,0.0,0.0,0.0,0.0,0.0,0.0,0.0,0.0,0.0,0.0,0.0,0.5,0.0,0.0,1.0,0.0,0.0,0.0
19.5,20.473804764628916,21.333304882395186,187.8907482060891,-0.04267544786205439,0.41099209262245745,0.49098231671757137,0.6480042063961468,0.16127595831535096,-0.7378709397025458,-0.09811768838605073,6385426.701067587,1.7578925361544853,-0.0003989536646373245,-6.289937073670972e-11,2.7529758283194083e-07,7289.701067829505,0.0,0.1117264765818478,-0.10837333104221833,-0.3761237254537159,-0.10081488276889043,0.35366112192186716,0.5369014603513711,-0.042742912761969426,0.4109662772981306,0.4909925992412716,311.09446655594985,0.5708241607064287,39460.21659866479,240.82121834968416,0.611399822241097,1.462258018822784,0.11239716232997514,190.20310155249663,10325.415575984023,9.757811324369461,-2.329267700673654e-05,0.27048574021514504,190.20290745028316,0.0,0.0,0.0,0.0,0.0,0.0,0.0,0.0,-0.0,0.0,0.0,0.0,0.0,0.0,0.0,0.0,0.0,0.5,0.0,0.0,1.0,0.0,0.0,0.0
19.6,13.828141967454277,19.690111367136097,189.65835038305332,-0.05314151987952685,0.40898150530970356,0.49216128285851807,0.6655896027405731,0.14351540598122245,-0.7279375425502362,-0.08060661954938002,6385407.631831588,1.7850752687090357,-0.0004015941434260376,-6.331586120909383e-11,2.795554132005903e-07,7270.631831837197,0.0,0.10208932630886673,-0.07284826593014665,-0.3226544039160661,-0.09198267255831745,0.3566717709039842,0.5326979583326322,-0.05321053469632732,0.4089590034399926,0.4921686509229191,311.174327565285,0.5720732952955451,39566.89929142896,240.9448851607308,0.6143787158563011,1.498013624405663,0.10317624542602985,191.17888453999143,10454.45971322275,9.757870004276027,-2.3204970345839585e-05,0.2732677084851574,191.17868590338784,0.0,0.0,0.0,0.0,0.0,0.0,0.0,0.0,0.0,0.0,0.0,0.0,0.0,0.0,0.0,0.0,0.0,0.5,0.0,0.0,1.0,0.0,0.0,0.0
19.700000000000003,7.047901562374372,18.159997134457882,191.16432876532602,-0.06357825203829721,0.40652666965390727,0.4935891356144669,0.6824891360408187,0.1252037773869976,-0.7172964398212529,-0.06336506317962107,6385388.4651734,1.812536293413142,-0.00040358529926550493,-6.362998173733713e-11,2.838568559398732e-07,7251.4651736576725,0.0,0.09332703692693547,-0.037069890217840025,-0.2695448710035557,-0.08327995845482136,0.3587397386041595,0.5296936354373009,-0.06364853306561238,0.4065075673750305,0.49359354144435347,311.2545965738817,0.5733288115469288,39674.12701186343,241.06918376904622,0.6173552933737521,1.5339440541820073,0.09464857943590001,192.15467354794436,10584.6314709735,9.757928984499562,-2.4073314252840802e-05,0.27606385962805713,192.15447982535431,0.0,0.0,0.0,0.0,0.0,0.0,0.0,0.0,0.0,0.0,0.0,0.0,0.0,0.0,0.0,0.0,0.0,0.5,0.0,0.0,1.0,0.0,0.0,0.0
19.8,0.1585357934286058,16.75033135533535,192.40264830970426,-0.07397911282598175,0.4036251998911869,0.49526046574839677,0.6986595645541193,0.10634437215900597,-0.7059838252480672,-0.04639517067982322,6385369.20109247,1.8402771758915748,-0.0004065361867986002,-6.409541862277418e-11,2.8820215682699626e-07,7232.201092735864,0.0,0.08542960524996435,-0.0011314230042060234,-0.21667525533531398,-0.07464764318390073,0.35987907657363594,0.5278943383485797,-0.07405037151313275,0.40360957771655237,0.4952618845196905,311.33522464122245,0.5745958449926423,39782.472975140554,241.19411599201325,0.6203296417457449,1.5699723477127867,0.0868397555743162,193.13046836452054,10716.033755419223,9.757988265049859,-2.332714637542921e-05,0.2788742320422557,193.13026431922032,0.0,0.0,0.0,0.0,0.0,0.0,0.0,0.0,-0.0,0.0,0.0,0.0,0.0,0.0,0.0,0.0,0.0,0.5,0.0,0.0,1.0,0.0,0.0,0.0
19.900000000000002,-6.814125195237519,15.469446419901407,193.36842225307188,-0.08433693427742033,0.40027222034014887,0.4971699829363772,0.7140541356952699,0.08694044384343438,-0.6940336557219423,-0.029698603976917502,6385349.839119804,1.8683005403472503,-0.0004090632203240576,-6.449403335202777e-11,2.925917275785226e-07,7212.8391200775895,0.0,0.07839725661666669,0.03487492078944776,-0.1639252262785839,-0.06602273307116263,0.3600940431862913,0.5273103052803584,-0.08440887715067859,0.4002601530893412,0.49716841317397525,311.41625837620836,0.5758697418477896,39891.4169313457,241.31968321662822,0.6233016520943535,1.6060201906270926,0.07978047722219486,194.10626910729607,10848.593955033035,9.758047847380887,-2.345283156420424e-05,0.2816989728842844,194.10606237780195,0.0,0.0,0.0,0.0,0.0,0.0,0.0,0.0,0.0,0.0,0.0,0.0,0.0,0.0,0.0,0.0,0.0,0.5,0.0,0.0,1.0,0.0,0.0,0.0
20.0,-13.842925851248031,14.324709407065987,194.06192782304194,-0.09464450016789022,0.39646691310184073,0.4993091137199005,0.7286339307908765,0.06700305652691763,-0.6814864068571502,-0.013272642078197817,6385330.379723191,1.8966065121934848,-0.0004111354436019028,-6.482094464819831e-11,2.970255882912895e-07,7193.379723472832,0.0,0.07222836595018267,0.0708568897823374,-0.11117289415543215,-0.05733992955237393,0.3593921809432496,0.5279392837152037,-0.09471683299964913,0.3964584686919926,0.49930457743475093,311.49768168239166,0.5771519646000223,40001.123210574144,241.44588293449883,0.6262713547518435,1.6420075983175877,0.07349538735177984,195.08207588430986,10982.342535679256,9.758107730058748,-2.4220469307204926e-05,0.28453775356720235,195.08187304470366,0.0,0.0,0.0,0.0,0.0,0.0,0.0,0.0,0.0,0.0,0.0,0.0,0.0,0.0,0.0,0.0,0.0,0.5,0.0,0.0,1.0,0.0,0.0,0.0
20.1,-20.900840258451378,13.324267762559012,194.48474089316653,-0.10489390994008879,0.3922061154458921,0.5016694536954401,0.7423570463652065,0.04654331337064675,-0.6683796758575333,0.0028857963640423036,6385310.82290206,1.9251965385374503,-0.0004141299616699408,-6.529327137935583e-11,3.0150396620197875e-07,7173.8229023506865,0.0,0.06693198135342877,0.10672300478835453,-0.05829716914155979,-0.04853345109864667,0.35777100652397287,0.529784143455637,-0.10496633770916466,0.3922013546995293,0.5016619962154377,311.5794772288908,0.578444341312144,40111.79613017152,241.57271579299677,0.6292387750490097,1.6778532078824122,0.06801330971568886,196.05788858191806,11117.323000369452,9.758167913093407,-2.341441581066306e-05,0.2873909337142688,196.0576746578346,0.0,0.0,0.0,0.0,0.0,0.0,0.0,0.0,-0.0,0.0,0.0,0.0,0.0,0.0,0.0,0.0,0.0,0.5,0.0,0.0,1.0,0.0,0.0,0.0
20.200000000000003,-27.96047124627926,12.477156662801004,194.6398122898504,-0.11507633887222163,0.3874843181769314,0.5042425626106533,0.7551778541949372,0.025572730405386556,-0.6547491133966729,0.018780132759996772,6385291.168187403,1.954073355257764,-0.0004165854555348898,-6.568061722219329e-11,3.060272905454841e-07,7154.168187702695,0.0,0.06252805482008311,0.1423798312710654,-0.00517500497350277,-0.039536894947392855,0.35521795814013,0.5328527099989777,-0.11514856569803919,0.38748329437199636,0.5042322527834291,311.6616822107678,0.5797431871386622,40223.02303358087,241.7001835254159,0.632203821676351,1.7134720302434396,0.06336745324292865,197.03370734538402,11253.478384682023,9.75822839793913,-2.3705625756302095e-05,0.2902584140876664,197.03349203177052,0.0,0.0,0.0,0.0,0.0,0.0,0.0,0.0,0.0,0.0,0.0,0.0,0.0,0.0,0.0,0.0,0.0,0.5,0.0,0.0,1.0,0.0,0.0,0.0
20.3,-34.9942869681423,11.790958038007266,194.53532414431308,-0.1251829882122941,0.3823003783461757,0.507016944645699,0.7670601632854571,0.004110564704445947,-0.6406355395951548,0.034417840888300376,6385271.41604701,1.9832370688741205,-0.000418730751332452,-6.601905918631133e-11,3.105955784715325e-07,7134.416047317907,0.0,0.05903445668063173,0.1777348550972111,0.04831443352778189,-0.03028779683458158,0.35172385675713247,0.5371395221178933,-0.12525472152601774,0.3823031359605631,0.5070038737564037,311.74425199166666,0.5810529952449018,40335.30759792953,241.8282846861247,0.635166583166741,1.7487787890918034,0.05958272824650469,198.00953214370054,11390.899195702994,9.758289183162013,-2.43721669027271e-05,0.29313983670028654,198.00931994348852,0.0,0.0,0.0,0.0,0.0,0.0,0.0,0.0,0.0,0.0,0.0,0.0,0.0,0.0,0.0,0.0,0.0,0.5,0.0,0.0,1.0,0.0,0.0,0.0
20.400000000000002,-41.97490938670875,11.273843839910185,194.1807975049939,-0.13520412785789557,0.3766510052963192,0.5099811556214152,0.7779646235412488,-0.017823530254319667,-0.6260771979630745,0.049806521216783584,6385251.566480299,2.0126890414722265,-0.00042175612502804306,-6.649626193040474e-11,3.1520904392207075e-07,7114.566480617039,0.0,0.056479355746125566,0.2126933475619155,0.10229252174274223,-0.02072691541923201,0.3472697770112073,0.5426422972120184,-0.13527507828635338,0.37665757949110745,0.509965437009821,311.8272175716007,0.5823704799141448,40448.282092406094,241.95701812543953,0.6381269876332153,1.7836848481327736,0.05668700380461963,198.9853630110128,11529.530444014077,9.758350268772178,-2.354354663225422e-05,0.2960358431655621,198.98513903535,0.0,0.0,0.0,0.0,0.0,0.0,0.0,0.0,-0.0,0.0,0.0,0.0,0.0,0.0,0.0,0.0,0.0,0.5,0.0,0.0,1.0,0.0,0.0,0.0
20.5,-48.874604513808954,10.934630059904155,193.5872919026511,-0.14512882934132618,0.37053078041417703,0.513123534378543,0.7878480690743289,-0.04020896604180404,-0.6111106788619907,0.0649539836285949,6385231.619018246,2.042432124620774,-0.0004241598658205646,-6.687545852324914e-11,3.198681342798966e-07,7094.619018573003,0.0,0.05490140255354695,0.24715563560544743,0.1568836731484861,-0.010798827778960138,0.34182685830545206,0.5493602779473188,-0.1451987106348053,0.3705411962345152,0.5131053033890653,311.91057761909894,0.5836960291438233,40561.989361215194,242.0863870088212,0.6410850212279339,1.8180959595898962,0.054711072760515,199.9612000645316,11669.393270444683,9.758411656224192,-2.3978751040469104e-05,0.29894603107540474,199.96097584319264,0.0,0.0,0.0,0.0,0.0,0.0,0.0,0.0,0.0,0.0,0.0,0.0,0.0,0.0,0.0,0.0,0.0,0.5,0.0,0.0,1.0,0.0,0.0,0.0
20.6,-55.666702990849785,10.780032511920782,192.7707438661615,-0.1549463654939483,0.36393903503331276,0.5164297047158417,0.7966783818345241,-0.06301780218333314,-0.5957763690022586,0.07987158488076819,6385211.57412864,2.072466374729554,-0.00042638055965629073,-6.722579820956196e-11,3.245728588588232e-07,7074.574128976402,0.0,0.0543348737268188,0.28102412432291396,0.21220550160958396,-0.00045988470344648,0.3353709734695387,0.5572746783339217,-0.15501489850867864,0.363953306252883,0.516409116408017,311.9943048068173,0.585032315012555,40676.72967517586,242.21638924847156,0.6440407380695244,1.851919683119626,0.05367458401446098,200.93704313472747,11810.544978624113,9.758473344084155,-2.4531708634848832e-05,0.30187012369816846,200.93682130937685,0.0,0.0,0.0,0.0,0.0,0.0,0.0,0.0,0.0,0.0,0.0,0.0,0.0,0.0,0.0,0.0,0.0,0.5,0.0,0.0,1.0,0.0,0.0,0.0
20.700000000000003,-62.324691174188146,10.817022889807532,191.7483794684541,-0.16464486074965798,0.3568732130618928,0.5198852134418054,0.8044202218640711,-0.08622131115034015,-0.5801123788726353,0.0945706019405762,6385191.431810894,2.102793100896915,-0.000429430866786227,-6.770694352987628e-11,3.2932342332302937e-07,7054.431811240501,0.0,0.05482253701034319,0.3141961988021915,0.2683762856902942,0.01032408921501363,0.3278692515303435,0.5663635715590954,-0.1647117732411843,0.35689134141178797,0.5198624419668646,312.07843895033693,0.586375095895646,40792.02768416589,242.34702336370563,0.6469940478506668,1.8850587340293843,0.05359837928094548,201.9128924633957,11952.90923768268,9.758535332362333,-2.3708431058366906e-05,0.30480896038051786,201.91265809438508,0.0,0.0,0.0,0.0,0.0,0.0,0.0,0.0,0.0,0.0,0.0,0.0,0.0,0.0,0.0,0.0,0.0,0.5,0.0,0.0,1.0,0.0,0.0,0.0
20.8,-68.82171119947785,11.052812993205473,190.539018313231,-0.17421099655061753,0.34932892872669763,0.5234752072368053,0.8110344869682686,-0.10978927375801212,-0.5641554391975598,0.10906239438519835,6385171.191595958,2.133415261843891,-0.0004317866220070424,-6.807858491795814e-11,3.3412029186700474e-07,7034.191596314,0.0,0.056415388941782066,0.34656148682371063,0.325516673303234,0.021575326229446558,0.3192800881270122,0.5765981285981328,-0.17427602307678716,0.34935090282241665,0.5234504454780013,312.1629388880283,0.5877290204569852,40908.40422655731,242.47829400767586,0.6499450190894502,1.9174087813096605,0.054504170624298735,202.88874807408627,12096.594640486546,9.758597622513609,-2.4282236784263938e-05,0.30776182005469843,202.8885148036016,0.0,0.0,0.0,0.0,0.0,0.0,0.0,0.0,0.0,0.0,0.0,0.0,0.0,0.0,0.0,0.0,0.0,0.5,0.0,0.0,1.0,0.0,0.0,0.0
20.900000000000002,-75.13311272890668,11.491781556376493,189.1655498779594,-0.18363196193414963,0.341306968504207,0.5271825951004112,0.8164946914695405,-0.1336848798180481,-0.5479446899441314,0.12336121041798426,6385150.853951623,2.164332840836805,-0.00043409580257585805,-6.844288640251076e-11,3.389634623612134e-07,7013.853951989362,0.0,0.05915497316899639,0.3780135236676907,0.38373385837696433,0.0332933699091693,0.3095699642636609,0.5879224514011513,-0.18369484747477868,0.34133276300141513,0.5271560512677964,312.2478334322931,0.5890907630390391,41025.486926504265,242.6101969969862,0.6528935897511051,1.9488703964861989,0.05639953358274637,203.8646096641582,12241.537294884607,9.758660213104088,-2.4703291927608037e-05,0.3107286297728518,203.86437788291295,0.0,0.0,0.0,0.0,0.0,0.0,0.0,0.0,0.0,0.0,0.0,0.0,0.0,0.0,0.0,0.0,0.0,0.5,0.0,0.0,1.0,0.0,0.0,0.0
21.0,-81.23436926637194,12.138117198643174,187.6519775755167,-0.19289362635967064,0.33280655143546245,0.5309900948087959,0.8207711904192754,-0.1578701387847155,-0.5315172767661465,0.1374810254632491,6385130.4188773045,2.195547134384339,-0.00043716689453222657,-6.89273204822248e-11,3.4385313851902415e-07,6993.418877682649,0.0,0.06308700695529386,0.40843856176904825,0.4431331657162109,0.04545763825563126,0.29869941889097495,0.6002660658597563,-0.1929541260123795,0.33283612611354774,0.530961991559562,312.33311675883334,0.5904609573384921,41143.34718421393,242.74273255448404,0.655839764548547,1.9793384999870318,0.059291171644950735,204.8404777558271,12387.75908922004,9.75872310414415,-2.3907341685003303e-05,0.3137102819406685,204.84023253727906,0.0,0.0,0.0,0.0,0.0,0.0,0.0,0.0,-0.0,0.0,0.0,0.0,0.0,0.0,0.0,0.0,0.0,0.5,0.0,0.0,1.0,0.0,0.0,0.0
21.1,-87.10060516883426,12.995718692696999,186.02379534325763,-0.20198022234477464,0.3238254417800634,0.5348798685883088,0.8238307845703998,-0.1823050186999991,-0.514909197658739,0.1514357592425729,6385109.8859039135,2.2270611811513525,-0.0004394684140144317,-6.929042125934975e-11,3.4878979708628046e-07,6972.885904301268,0.0,0.06825997217235479,0.43771297077309235,0.5038182374864772,0.05802235153733611,0.28662392764452815,0.6135375761148201,-0.20203810118943535,0.32385874031564027,0.5348504423174606,312.4187707607942,0.5918417942237439,41262.230353763975,242.87590447373975,0.6587835643444138,2.008700261766932,0.0631842721462093,205.81635217840926,12535.320727819895,9.75878629708905,-2.4620487489338886e-05,0.31670577760754887,205.81610992976783,0.0,0.0,0.0,0.0,0.0,0.0,0.0,0.0,0.0,0.0,0.0,0.0,0.0,0.0,0.0,0.0,0.0,0.5,0.0,0.0,1.0,0.0,0.0,0.0
21.200000000000003,-92.71017867955598,14.064947756346376,184.30930598602953,-0.21087695189298847,0.3143669836493635,0.5388324762704483,0.8256543468849803,-0.2069440779246283,-0.49815747548020833,0.16524143724468027,6385089.255499256,2.2588748787731676,-0.0004418904958230158,-6.967253441782027e-11,3.53773422534201e-07,6952.25549965476,0.0,0.07470414851665673,0.46572030393963976,0.5658694024725569,0.07090599578659379,0.27331363246357654,0.6276067994237926,-0.21093198810320837,0.31440393333828803,0.5388019727767882,312.5048312006157,0.5932291833351233,41381.677637307475,243.00970830871134,0.661724911373312,2.036851919049192,0.06806734601117079,206.7922325415004,12684.13972426696,9.758849790504845,-2.4892468644566213e-05,0.3197153736152838,206.79199030537936,0.0,0.0,0.0,0.0,0.0,0.0,0.0,0.0,0.0,0.0,0.0,0.0,0.0,0.0,0.0,0.0,0.0,0.5,0.0,0.0,1.0,0.0,0.0,0.0
21.3,-98.04149717854962,15.345475679717897,182.53759276169643,-0.21956759023717823,0.3044333201496276,0.5428282140564856,0.8262197808769616,-0.2317403395833578,-0.4812973889472546,0.1789136217034166,6385068.52766275,2.290989564045982,-0.000444972255754254,-7.01586624198385e-11,3.588042249069641e-07,6931.527663161047,0.0,0.08244589893321452,0.4923358921451501,0.6293585471403331,0.083993162541176,0.2587389167651553,0.6423142859236156,-0.21961957468242044,0.30447383098552544,0.542796887418271,312.59124789505023,0.5946285532185853,41502.299841507076,243.14414594584858,0.6646639056597722,2.0636839557249527,0.07392598016852601,207.76811970098612,12834.34125884083,9.758913584402032,-2.414443343923267e-05,0.3227397915427588,207.76786320467417,0.0,0.0,0.0,0.0,0.0,0.0,0.0,0.0,-0.0,0.0,0.0,0.0,0.0,0.0,0.0,0.0,0.0,0.5,0.0,0.0,1.0,0.0,0.0,0.0
21.400000000000002,-103.07258608376331,16.836092165985274,180.73892679719557,-0.22803415571946878,0.29402557545744085,0.5468467264794039,0.8255017886594527,-0.2566442934601459,-0.46436324185226746,0.19246765605081403,6385047.701925247,2.323408294321356,-0.0004472119600456621,-7.051202756440529e-11,3.6388268390878275e-07,6910.701925669486,0.0,0.09150443165218715,0.5174247470370644,0.6943471323155141,0.09712807264821847,0.24287295083254792,0.6574637045117645,-0.22808289178628385,0.2940695389092344,0.5468148379918701,312.67806659312873,0.5960351985166692,41623.566696553855,243.27921878513027,0.6676004320568695,2.089079147278399,0.08074185041298372,208.74401316972873,12985.839482901409,9.758977680236296,-2.4994686891470015e-05,0.32577790907498877,208.74376225520345,0.0,0.0,0.0,0.0,0.0,0.0,0.0,0.0,0.0,0.0,0.0,0.0,0.0,0.0,0.0,0.0,0.0,0.5,0.0,0.0,1.0,0.0,0.0,0.0
21.5,-107.78556580393906,18.531523590636063,178.94471886277984,-0.23626026672584471,0.28315077568891717,0.550866859537238,0.8234903938528471,-0.2816026555006558,-0.44738900843822554,0.20592011926595633,6385026.7787545975,2.3561309041730825,-0.00044978450775591457,-7.09178757920661e-11,3.690087741461381e-07,6889.778755031837,0.0,0.1018686261254028,0.5408648884742535,0.7608604295547042,0.11011180314257688,0.22571401460499768,0.6728136775938408,-0.2363055728153055,0.28319806525298236,0.550834672743243,312.76526375861835,0.5974514376990222,41745.740354726164,243.414924604017,0.6705345384318502,2.1129343643993503,0.08847848938606041,209.71991259185137,13138.688366810014,9.759042076573568,-2.5103549778767328e-05,0.32883037538865756,209.71965901433245,0.0,0.0,0.0,0.0,0.0,0.0,0.0,0.0,0.0,0.0,0.0,0.0,0.0,0.0,0.0,0.0,0.0,0.5,0.0,0.0,1.0,0.0,0.0,0.0
21.6,-112.16248480885098,20.42533278041381,177.1866557067642,-0.24422808782928954,0.2718151328151442,0.5548671893989041,0.8201729535444349,-0.30656033676415334,-0.43040712983497087,0.21928693374855227,6385005.758150205,2.3891588177166287,-0.0004528415553726246,-7.140011952620026e-11,3.7418271936040955e-07,6868.758150652051,0.0,0.11351178188276258,0.5625276821917283,0.8289048609200685,0.12270402572402403,0.20727085553052943,0.6880852619618582,-0.2442697968833409,0.27186560324417125,0.5548349687745876,312.8528378265212,0.5988774412157007,41868.84001918378,243.5512634652966,0.6734662231124791,2.1351412026121372,0.09709476506861527,210.69581908104814,13292.90172998239,9.7591067734245,-2.4458704785956797e-05,0.3318974579437608,210.69555146148366,0.0,0.0,0.0,0.0,0.0,0.0,0.0,0.0,-0.0,0.0,0.0,0.0,0.0,0.0,0.0,0.0,0.0,0.5,0.0,0.0,1.0,0.0,0.0,0.0
21.700000000000003,-116.18494316257534,22.50963921019398,175.4970921716308,-0.25191800106736517,0.26002430552841665,0.5588256312570232,0.8155340834394729,-0.33145933193509824,-0.41344917129043207,0.23258360550797766,6384984.6396428505,2.4224950056063292,-0.0004550317336764487,-7.174568670331007e-11,3.7940498570990705e-07,6847.639643309948,0.0,0.12638678747298582,0.5822767377983851,0.8984641396249367,0.13462018102704748,0.18756694347246855,0.7029581858764488,-0.25195596035513573,0.26007779178915896,0.5587936408475814,312.94081338152364,0.6003107841866087,41992.59175030823,243.68823756213854,0.6763954139037869,2.155584225596648,0.10654353692376456,211.67173182037837,13448.440814495321,9.759171772245256,-2.54153679814332e-05,0.3349782460307059,211.67147270224115,0.0,0.0,0.0,0.0,0.0,0.0,0.0,0.0,0.0,0.0,0.0,0.0,0.0,0.0,0.0,0.0,0.0,0.5,0.0,0.0,1.0,0.0,0.0,0.0
21.8,-119.83930080414017,24.772314526733368,173.9075533548744,-0.2593127813954082,0.24779000616246638,0.5627202653125454,0.8095746567939879,-0.3562399613044099,-0.39654508713919395,0.24582596829478104,6384963.423700471,2.4561393487017917,-0.0004578104630507639,-7.218405551629354e-11,3.846755550618939e-07,6826.4237009439,0.0,0.14040485188078222,0.5999979219299998,0.9694740232568575,0.14554859727735894,0.1666623074769944,0.717084312198695,-0.2593468543374728,0.24784632504329682,0.5626887635271532,313.029143838736,0.6017563119440119,42117.54302868904,243.82584554076166,0.6793222102100794,2.174167607193323,0.116759633776917,212.64765068146465,13605.41823649014,9.759237071601488,-2.5312448623064154e-05,0.3380736376721813,212.6473840519324,0.0,0.0,0.0,0.0,0.0,0.0,0.0,0.0,0.0,0.0,0.0,0.0,0.0,0.0,0.0,0.0,0.0,0.5,0.0,0.0,1.0,0.0,0.0,0.0
21.900000000000002,-123.11168345637776,27.199716996981998,172.44918481617552,-0.2663938113418744,0.23512350152341124,0.5665289767696708,0.802293261700535,-0.3808406001904523,-0.37972346881587027,0.2590290054929267,6384942.110322393,2.4900933175231623,-0.00046074128959294356,-7.264640997756634e-11,3.899946584476245e-07,6805.110322877765,0.0,0.15545090017522534,0.6155753739606402,1.04184177377455,0.15515354749941512,0.14463816524761475,0.7300947465301312,-0.26642387699459874,0.23518245115857453,0.5664982149849472,313.1178799597548,0.6032084783888042,42243.06815456037,243.96408549365694,0.6822464970614395,2.190791169015243,0.1276720078332241,213.62357676984703,13763.71927344046,9.759302671504228,-2.4912944823540784e-05,0.3411832671892938,213.62329982330556,0.0,0.0,0.0,0.0,0.0,0.0,0.0,0.0,-0.0,0.0,0.0,0.0,0.0,0.0,0.0,0.0,0.0,0.5,0.0,0.0,1.0,0.0,0.0,0.0
22.0,-125.98767192051677,29.77633694647284,171.15308568485352,-0.27314077001365095,0.22203595496597206,0.5702290833822958,0.7936862396127812,-0.4051964694158026,-0.3630120481406252,0.2722070450992608,6384920.699039374,2.5243597139257763,-0.00046296218403343674,-7.299683125982445e-11,3.953627356211103e-07,6783.699039872736,0.0,0.17137932037148074,0.6288915500062306,1.1154426690894748,0.16308260971050437,0.12160085733702299,0.7416065250760844,-0.27316672284370275,0.22209731413923944,0.5701993043936715,313.2069796764206,0.6046721497872197,42369.71601116211,244.1029621258261,0.6851683455201508,2.205348943004219,0.13920203574033066,214.5995089048055,13923.46981095309,9.759368573409946,-2.5924002481284947e-05,0.3443068633250495,214.5992415326033,0.0,0.0,0.0,0.0,0.0,0.0,0.0,0.0,0.0,0.0,0.0,0.0,0.0,0.0,0.0,0.0,0.0,0.5,0.0,0.0,1.0,0.0,0.0,0.0
22.1,-128.45806676404266,32.48272293057488,170.04743550816372,-0.2795366509842079,0.20854447529278472,0.5737991537660568,0.7837667125382161,-0.42924365420196436,-0.34643580142215147,0.2853738645227916,6384899.190319461,2.5589386873985576,-0.00046601828833617114,-7.34789468705543e-11,4.0077981053380897e-07,6762.190319973664,0.0,0.1880020243234642,0.6398629544751671,1.190103152044934,0.16901112030045637,0.0976964454037625,0.7512648758748647,-0.2795584020092794,0.20860800623193088,0.5737705868327619,313.2964709979745,0.6061440043939252,42497.11219421694,244.24247127081662,0.6880876959364857,2.217760243067725,0.15125507859747833,215.57544771151953,14084.59847628906,9.75943477588396,-2.5395434439209023e-05,0.34744509565691345,215.5751651757512,0.0,0.0,0.0,0.0,0.0,0.0,0.0,0.0,0.0,0.0,0.0,0.0,0.0,0.0,0.0,0.0,0.0,0.5,0.0,0.0,1.0,0.0,0.0,0.0
22.200000000000003,-130.5132468577094,35.297775703819624,169.15929021612175,-0.28556319970653526,0.19466602967417831,0.5772177163517943,0.7725459101589333,-0.45291631174287345,-0.3300184693698715,0.29854220409602505,6384877.584161774,2.593831430109931,-0.0004686471939082091,-7.389370854361516e-11,4.062460706441742e-07,6740.584162300452,0.0,0.20510436232179935,0.6484114701405999,1.2656218437475784,0.17264145022099994,0.07309383322257712,0.7587450941423902,-0.2855806759854099,0.19473147797390913,0.5771905758770569,313.3863423513863,0.6076253276155331,42625.40233188547,244.38261337320264,0.6910045661496028,2.2279414418593917,0.1637300851400774,216.5513935337306,14247.144798387337,9.759501278938059,-2.5527495068899898e-05,0.3505972479832168,216.5511111317434,0.0,0.0,0.0,0.0,0.0,0.0,0.0,0.0,0.0,0.0,0.0,0.0,0.0,0.0,0.0,0.0,0.0,0.5,0.0,0.0,1.0,0.0,0.0,0.0
22.3,-132.14293490807358,38.198341005660694,168.51482355849043,-0.29120063539169216,0.18041786190897047,0.5804629251427271,0.7600332544435351,-0.476145355757414,-0.3137828742860768,0.31172386466148216,6384855.880097246,2.6290408675152683,-0.0004710984782530036,-7.428046776391224e-11,4.117619750973702e-07,6718.880097787206,0.0,0.2224445301967643,0.6544647566082241,1.3417695862843593,0.1737175790070683,0.04798502766154189,0.7637667849541017,-0.2912137798237632,0.18048495629903147,0.5804374091206028,313.4765879466715,0.6091170059879893,42754.68585455055,244.52339176820124,0.693918949127358,2.2358050717913556,0.17651758529354647,217.52734532719617,14411.145643692895,9.759568084028437,-2.650390437490084e-05,0.35376382090110786,217.52706684982508,0.0,0.0,0.0,0.0,0.0,0.0,0.0,0.0,0.0,0.0,0.0,0.0,0.0,0.0,0.0,0.0,0.0,0.5,0.0,0.0,1.0,0.0,0.0,0.0
22.400000000000002,-133.3423422628695,41.15821380511799,168.13532204368565,-0.2964334774563656,0.165822715521596,0.5835153232290919,0.7462549880510058,-0.49886548896837124,-0.29774815279403183,0.32492933650693406,6384834.078593884,2.664567403930712,-0.00047439364734567146,-7.48002907878327e-11,4.1732758776844494e-07,6697.078594440283,0.0,0.23975766861907655,0.6579947421092992,1.4182880529000108,0.1720829727322933,0.022585831412883978,0.766150612601672,-0.29644224927198526,0.1658911718348651,0.5834916090661436,313.56723083497445,0.6106162527971867,42884.64851666481,244.66480247544055,0.6968307974943433,2.241294631221063,0.18949619338979284,218.50330437644635,14576.539729269613,9.759635189720523,-2.5403154355766826e-05,0.35694463372031754,218.5030054247765,0.0,0.0,0.0,0.0,0.0,0.0,0.0,0.0,0.0,0.0,0.0,0.0,0.0,0.0,0.0,0.0,0.0,0.5,0.0,0.0,1.0,0.0,0.0,0.0
22.5,-134.1060721713057,44.14968451519493,168.04022353284586,-0.3012452000989118,0.15090338670607045,0.5863556260039477,0.7312357283349866,-0.5210096286701795,-0.281932273276131,0.33816788742714327,6384812.179650585,2.700411471299983,-0.00047659281095423895,-7.514730464617831e-11,4.229429770708783e-07,6675.179651156068,0.0,0.2567688410742325,0.6589837807019072,1.4949085349820979,0.1676594759491129,-0.0028800365924690208,0.765798686603162,-0.3012495744097084,0.15097290823087875,0.5863338694684121,313.65822783264537,0.6121278587563458,43015.8329499734,244.80684713869036,0.6997401965808961,2.244352827336027,0.20253842390301913,219.4792700028308,14743.45143972138,9.759702596026917,-2.6510823225578406e-05,0.36013960257007227,219.47898558279732,0.0,0.0,0.0,0.0,0.0,0.0,0.0,0.0,-0.0,0.0,0.0,0.0,0.0,0.0,0.0,0.0,0.0,0.5,0.0,0.0,1.0,0.0,0.0,0.0
22.6,-134.4279727928188,47.143102961297494,168.2472462500567,-0.305617999158866,0.1356832091357539,0.5889644405532707,0.7149986500511724,-0.542507505775021,-0.2663522085805949,0.3514475372280286,6384790.182798696,2.736577133571317,-0.0004796705262012098,-7.563284916676903e-11,4.286087804960828e-07,6653.182799282484,0.0,0.27319606586571976,0.6574241882585026,1.5713555090632112,0.16045270954877688,-0.028184427580299203,0.7626999554597753,-0.3056179668293367,0.13575348688456787,0.5889447744357795,313.7496316713024,0.6136462229962686,43147.60389938214,244.9495268733418,0.7026470123008629,2.2449214983842998,0.21550851297174967,220.45524215612144,14911.762845847317,9.759770304402796,-2.654062728642737e-05,0.3633489456063425,220.45494350539173,0.0,0.0,0.0,0.0,0.0,0.0,0.0,0.0,0.0,0.0,0.0,0.0,0.0,0.0,0.0,0.0,0.0,0.5,0.0,0.0,1.0,0.0,0.0,0.0
22.700000000000003,-134.30748974816925,50.10724896599607,168.76765443383925,-0.30953932839806386,0.12019018579077322,0.5913258542436849,0.697583232480649,-0.5632958593469447,-0.25102058645198433,0.3647744526430037,6384768.088505698,2.7730636212174375,-0.0004825390873292119,-7.608541938834145e-11,4.343248780822987e-07,6631.0885063003125,0.0,0.28876977368324896,0.6533555393055194,1.6473603170988464,0.15059298775684446,-0.05310712970968784,0.7569705821557055,-0.309534895948149,0.1202609034525892,0.5913083854545017,313.8413896407588,0.6151769729279127,43280.60047328248,245.09284057484678,0.7055513639919584,2.2429790025069565,0.22826511076360748,221.43122139232915,15081.614784080435,9.759838313415205,-2.606654861381226e-05,0.3665724317479071,221.43091944978931,0.0,0.0,0.0,0.0,0.0,0.0,0.0,0.0,0.0,0.0,0.0,0.0,0.0,0.0,0.0,0.0,0.0,0.5,0.0,0.0,1.0,0.0,0.0,0.0
22.8,-133.7433085965228,53.009819332431,169.61029540858317,-0.3129958139060617,0.10445242950319325,0.5934243526469677,0.6790272445161007,-0.5833097460371144,-0.23594884175464192,0.3781533344756071,6384745.896770925,2.8098720916198237,-0.0004849231183866269,-7.646159430744388e-11,4.400914518838926e-07,6608.896771543659,0.0,0.30323502262790863,0.6468262680193292,1.7226696973263453,0.13828543026216628,-0.07744298901199413,0.7488050069825545,-0.3129870031708981,0.10452326416160784,0.5934091616259886,313.93354370567454,0.6167154306018726,43414.29210737845,245.2367866541839,0.7084531479221057,2.2385059569161476,0.2406621854756314,222.40720727662708,15252.903856509609,9.759906623075514,-2.768070982028803e-05,0.36981032371141964,222.40691292674717,0.0,0.0,0.0,0.0,0.0,0.0,0.0,0.0,-0.0,0.0,0.0,0.0,0.0,0.0,0.0,0.0,0.0,0.5,0.0,0.0,1.0,0.0,0.0,0.0
22.900000000000002,-132.7333066328364,55.81699455858827,170.7815992610876,-0.3159730782634176,0.08849870013571381,0.5952446074086907,0.6593675313886418,-0.6024813766575406,-0.22114746047985742,0.391587431501143,6384723.607125575,2.8470070215654957,-0.0004885953342565106,-7.704089187672571e-11,4.459092040892324e-07,6586.607126208954,0.0,0.31635370355048215,0.6378929271079499,1.797048311153529,0.1237993557335159,-0.10100422314668153,0.738465278002308,-0.31595992639114157,0.0885693229735244,0.5952317472117159,314.02606847530774,0.6182646962334046,43549.030162805124,245.3813691930104,0.7113524048632164,2.2314861764619853,0.2525469713507913,223.3831998594035,15425.722885401743,9.759975234839633,-2.6090446101060632e-05,0.37306211639545006,223.38287994406357,0.0,0.0,0.0,0.0,0.0,0.0,0.0,0.0,0.0,0.0,0.0,0.0,0.0,0.0,0.0,0.0,0.0,0.5,0.0,0.0,1.0,0.0,0.0,0.0
23.0,-131.28094467298283,58.49533912332162,172.28065194128277,-0.31846281934731313,0.0723612147854772,0.5967756938770808,0.638655795794855,-0.620753128801758,-0.2066221122452848,0.4050777779006506,6384701.220036786,2.884465606858369,-0.0004905408968580378,-7.734793795582051e-11,4.5177769606964034e-07,6564.220037437355,0.0,0.3279314520910404,0.6266525967813759,1.8702999783030154,0.10747907860901668,-0.12363772091183928,0.7262918060241098,-0.31844537817756463,0.07243129665628442,0.5967651889430494,314.1189737945182,0.6198234170597797,43684.66187278023,245.52658471284903,0.7142491143232265,2.221944691959187,0.26376970766834323,224.35919968746634,15600.043357084547,9.760044147275634,-2.7801939337971766e-05,0.37632882442261933,224.35890156514517,0.0,0.0,0.0,0.0,0.0,0.0,0.0,0.0,0.0,0.0,0.0,0.0,0.0,0.0,0.0,0.0,0.0,0.5,0.0,0.0,1.0,0.0,0.0,0.0
23.1,-129.38884059415057,61.01096346986278,174.10383490944767,-0.32045608709732043,0.056072224551005516,0.5980072706173075,0.6169418252185825,-0.638065761980427,-0.19237731353837284,0.4186237060378362,6384678.735504679,2.922252612832178,-0.0004943453926486683,-7.794810292772846e-11,4.576976749952296e-07,6541.7355053480715,0.0,0.33780335534103234,0.6132039702344759,1.942259858176041,0.08968769507572943,-0.14521751143700554,0.7126477606020574,-0.32043442297537067,0.0561414369040647,0.5979991167775339,314.2122614006383,0.6213914107733209,43821.16690654989,245.67243314849483,0.7171432616843544,2.2099122323739304,0.2741787600555306,225.33520600207072,15775.871175289503,9.760113360392596,-2.6742077224639615e-05,0.37960887559970047,225.33487956537314,0.0,0.0,0.0,0.0,0.0,0.0,0.0,0.0,-0.0,0.0,0.0,0.0,0.0,0.0,0.0,0.0,0.0,0.5,0.0,0.0,1.0,0.0,0.0,0.0
23.200000000000003,-127.05882433500675,63.32914074150284,176.24469576261038,-0.3219431771308334,0.039664577618007825,0.5989294499489767,0.5942750440240642,-0.6543578510532723,-0.17841676157692993,0.432223066679864,6384656.153059297,2.960367699414037,-0.000496606225592596,-7.830486862781151e-11,4.636690886524525e-07,6519.153059983315,0.0,0.3458320475991536,0.5976478519365213,2.012792723376119,0.07079484935446573,-0.16564257734637045,0.6979065308370247,-0.3219173710695417,0.03973259348477719,0.5989236141006402,314.30591705789607,0.6229705326962236,43958.755373762404,245.81891816544018,0.7200348648791172,2.195426963222186,0.28361911807699425,226.31121938762863,15953.270696699054,9.760182875650257,-2.7462804924382985e-05,0.38290425079945584,226.31090831320742,0.0,0.0,0.0,0.0,0.0,0.0,0.0,0.0,0.0,0.0,0.0,0.0,0.0,0.0,0.0,0.0,0.0,0.5,0.0,0.0,1.0,0.0,0.0,0.0
23.3,-124.29820710195126,65.41770147363864,178.68942531625146,-0.3229210230052563,0.023173061418628377,0.5995373806899238,0.5707171095109499,-0.6695806479612115,-0.16473903951597912,0.44587115849040976,6384633.473169058,2.9988133002386337,-0.0004998403698013255,-7.881511032845111e-11,4.6969231879645477e-07,6496.473169762331,0.0,0.35193495876978137,0.5801127059324669,2.0818148582434506,0.051170463679778636,-0.1848529374363794,0.6824459707823572,-0.32289116958858316,0.02323956109427656,0.5995338014433419,314.39996743438377,0.6245575337201961,44097.05882323,245.96603563516723,0.7229238641555232,2.178570226189979,0.2919491406734863,227.2872402184897,16132.163783214011,9.760252691612731,-2.7998833745120488e-05,0.38621293383290356,227.28691622421533,0.0,0.0,0.0,0.0,0.0,0.0,0.0,0.0,0.0,0.0,0.0,0.0,0.0,0.0,0.0,0.0,0.0,0.5,0.0,0.0,1.0,0.0,0.0,0.0
23.400000000000002,-121.11346508862701,67.24475685284462,181.42158151178796,-0.32338601015239926,0.006632314173903784,0.5998268949012886,0.5463280973390694,-0.6836843361738287,-0.1513419042071006,0.4595617213683788,6384610.695832928,3.0375897367130786,-0.0005030631573807811,-7.932356617732465e-11,4.757674165936862e-07,6473.695833650418,0.0,0.3560562796764662,0.5607218506766681,2.149272188643299,0.031152665604109064,-0.2028105764650679,0.6666161130657104,-0.3233522175435123,0.006696986137736372,0.5998254832249891,314.49437057469936,0.6261571623563736,44236.61795633798,246.1137871672627,0.725810342558155,2.159431145777217,0.29902957340843006,228.2632668394339,16312.6836463684,9.76032280829278,-2.7165295399811384e-05,0.38953642797069676,228.26293656003946,0.0,0.0,0.0,0.0,0.0,0.0,0.0,0.0,-0.0,0.0,0.0,0.0,0.0,0.0,0.0,0.0,0.0,0.5,0.0,0.0,1.0,0.0,0.0,0.0
23.5,-117.51039733972402,68.77835301636104,184.42185723489234,-0.3233339339148474,-0.00992259757496793,0.59979445706693,0.5211673509066782,-0.6966170202530353,-0.13822220232920138,0.4732866874194781,6384587.820581747,3.076699285092555,-0.0005054311170130862,-7.969723619384165e-11,4.818947396456162e-07,6450.8205824879315,0.0,0.3581624984065145,0.539593360875091,2.215136433834649,0.011044286245813086,-0.2194948677179982,0.6507362066424806,-0.3232963241694078,-0.009860055618850404,0.5997950966324763,314.5891786348262,0.6277637697940371,44376.7886926352,246.26217388703327,0.7286941729769987,2.138108426843063,0.3047226080569426,229.23930222906296,16494.70159878109,9.760393227147933,-2.879700605706857e-05,0.39287419288444403,229.23897960575383,0.0,0.0,0.0,0.0,0.0,0.0,0.0,0.0,0.0,0.0,0.0,0.0,0.0,0.0,0.0,0.0,0.0,0.5,0.0,0.0,1.0,0.0,0.0,0.0
23.6,-113.50010999806301,69.99120127252833,187.66450869266043,-0.3227674600972682,-0.026456368987865925,0.5994418287801121,0.4953039244883664,-0.7083419909664773,-0.12537197098576008,0.4870356896886224,6384564.847883579,3.116144446878122,-0.0005096735638088696,-8.036648352714206e-11,4.880746803547531e-07,6427.8478843392795,0.0,0.35826762471661483,0.5168622349322609,2.2794246239071625,-0.008894139101395977,-0.23491684883407737,0.6350871634127258,-0.32272616765343304,-0.026396244874017916,0.599444378437675,314.68433337638936,0.6293837261171131,44518.29821646809,246.41119491317622,0.7315754784550996,2.114740410835022,0.30891469223814516,230.21534263087474,16678.388899427395,9.760463946743403,-2.7094671765759388e-05,0.39622544441440755,230.21499277653078,0.0,0.0,0.0,0.0,0.0,0.0,0.0,0.0,0.0,0.0,0.0,0.0,0.0,0.0,0.0,0.0,0.0,0.5,0.0,0.0,1.0,0.0,0.0,0.0
23.700000000000003,-109.09297388773356,70.85696050710308,191.12162072028244,-0.32168868938898765,-0.04293407562888557,0.5987714316620985,0.46880503674361207,-0.7188216320520335,-0.11278261725846234,0.500796824660703,6384541.777737207,3.1559221996019855,-0.0005113374409358587,-8.06291407463419e-11,4.94306766165487e-07,6404.777737987227,0.0,0.3563996228036295,0.4926536547237055,2.3421719549586135,-0.028449076986241457,-0.24909650778640535,0.6199071612785307,-0.32164386124567435,-0.042876642044191234,0.5987757266672289,314.77988865787756,0.6310109065297815,44660.448188545284,246.56084819224657,0.7344541385202316,2.0894714374010213,0.3114993283960509,231.19139194771586,16863.59601279498,9.760534967092632,-2.9037539654552758e-05,0.39959250637049604,231.19106500471057,0.0,0.0,0.0,0.0,0.0,0.0,0.0,0.0,0.0,0.0,0.0,0.0,0.0,0.0,0.0,0.0,0.0,0.5,0.0,0.0,1.0,0.0,0.0,0.0
23.8,-104.29888565618312,71.34992050662288,194.76276183586123,-0.3200991821344405,-0.05932057841242043,0.5977863776733404,0.4417368565158111,-0.7280162612573134,-0.10044469711123608,0.5145561006053516,6384518.609674084,3.19604110991608,-0.0005159660608455665,-8.135929191195015e-11,5.005923399678191e-07,6381.609674883385,0.0,0.35259646341002376,0.4670837717765922,2.40342857741586,-0.04744932802054341,-0.26205908517870913,0.6053972224597561,-0.3200509783037679,-0.05926609203616932,0.5977922306517212,314.8758006229328,0.6326505804453937,44803.839374174226,246.71113852037226,0.737330228358827,2.0624530349289154,0.3123764554406709,232.16744686209574,17050.480449581282,9.76060628965153,-2.7273685068607302e-05,0.4029717268633846,232.16708581796365,0.0,0.0,0.0,0.0,0.0,0.0,0.0,0.0,0.0,0.0,0.0,0.0,0.0,0.0,0.0,0.0,0.0,0.5,0.0,0.0,1.0,0.0,0.0,0.0
23.900000000000002,-99.13278900694533,71.45077874754502,198.5528564443114,-0.318007233784243,-0.0755822371053097,0.5964949239187173,0.4141724656641406,-0.7359035373416831,-0.08834461135707507,0.5282979659798246,6384495.344161319,3.2364952425108666,-0.0005177713672187899,-8.164425831574707e-11,5.069304727342553e-07,6358.34416213942,0.0,0.34692933440688034,0.440278818436804,2.4632766216710205,-0.0657717949494479,-0.27384871769008595,0.5917132547843285,-0.3179558253852519,-0.07553093432447008,0.5965021288857077,314.9721032606032,0.6342986088196143,44948.00010999619,246.8620614896549,0.7402036765743157,2.033865470120316,0.31147917190517466,233.14350973873252,17238.93681853338,9.760677912988227,-2.8844030475501795e-05,0.4063675927777364,233.1431695435288,0.0,0.0,0.0,0.0,0.0,0.0,0.0,0.0,0.0,0.0,0.0,0.0,0.0,0.0,0.0,0.0,0.0,0.5,0.0,0.0,1.0,0.0,0.0,0.0
24.0,-93.6090702408874,71.14159681012968,202.45540973584755,-0.3154204382160833,-0.09168597344774175,0.5949058385864692,0.3861824189325212,-0.7424596243733363,-0.07646826790792727,0.5420050183797006,6384471.981198795,3.277290885432202,-0.0005216985519205452,-8.226381554164627e-11,5.133221502236973e-07,6334.981199636124,0.0,0.33947037869172914,0.4123534191230475,2.5218049085103287,-0.08333071410771867,-0.28450751856723155,0.5789786334799158,-0.3153660077782593,-0.09163807009808773,0.5949141725891881,315.0687694288681,0.6359581167628052,45093.28787020266,247.0136181449292,0.7430745372417888,2.003888430915019,0.30875068416058093,234.11958004269604,17429.061075946334,9.760749837112911,-2.8058422834931207e-05,0.40977560428996185,234.1192191978581,0.0,0.0,0.0,0.0,0.0,0.0,0.0,0.0,-0.0,0.0,0.0,0.0,0.0,0.0,0.0,0.0,0.0,0.5,0.0,0.0,1.0,0.0,0.0,0.0
24.1,-87.74191077386563,70.40557566940811,206.43209975822515,-0.312345780007651,-0.1075986996968048,0.5930285123311821,0.357836447282848,-0.7476592692029982,-0.0648010155934929,0.5556580297848125,6384448.520316886,3.318428081196484,-0.0005246977502784477,-8.273704895673578e-11,5.197673802401532e-07,6311.520317748189,0.0,0.33029071241349983,0.38341393913771016,2.579107539573583,-0.10007031501231875,-0.2940738870608835,0.5672919977623014,-0.31228852203216295,-0.10755439055156073,0.5930377368734837,315.1658185183907,0.6376271334307366,45239.47645867898,247.1658108621666,0.7459427438424793,1.9727014987992262,0.30414379720695206,235.0956563231971,17620.817710128067,9.76082206348508,-2.83628703622677e-05,0.4131991756477523,235.09529547251645,0.0,0.0,0.0,0.0,0.0,0.0,0.0,0.0,0.0,0.0,0.0,0.0,0.0,0.0,0.0,0.0,0.0,0.5,0.0,0.0,1.0,0.0,0.0,0.0
24.200000000000003,-81.55016407634942,69.2334036100745,210.44236849206604,-0.308796494866974,-0.12329040987962496,0.5908769376961654,0.32920752704312467,-0.7514950827073462,-0.05332478730046156,0.5692366573775487,6384424.961983562,3.359907294856428,-0.0005273452083743093,-8.315482270554953e-11,5.262662362477001e-07,6287.961984446582,0.0,0.319481556102159,0.3535719139979276,2.6352984489540825,-0.11597244263875192,-0.30259583308792515,0.5567162525092045,-0.30873661350451015,-0.12324986571162272,0.5908868038245818,315.2632388571155,0.639306762165164,45386.693449228944,247.3186369822079,0.7488083345298919,1.9404967632187755,0.29764842583329026,236.07174172154242,17814.242708390553,9.76089459067019,-2.891537809190942e-05,0.4166368682613211,236.07138296006946,0.0,0.0,0.0,0.0,0.0,0.0,0.0,0.0,0.0,0.0,0.0,0.0,0.0,0.0,0.0,0.0,0.0,0.5,0.0,0.0,1.0,0.0,0.0,0.0
24.3,-75.05234416461356,67.61724770411841,214.4451637072284,-0.3047848900760661,-0.13873174223105603,0.5884653739155199,0.30036615378970694,-0.7539582141709543,-0.042021380982842846,0.5827189241424007,6384401.306198152,3.401731684744787,-0.000531748416964273,-8.38494587094905e-11,5.32819213830116e-07,6264.306199057959,0.0,0.3071264557192601,0.32292939707956686,2.6904908733959143,-0.1310397829200747,-0.3101134700255842,0.5472981364089098,-0.3047225995200403,-0.13869511004872823,0.588475624027409,315.3610315604637,0.6409968745688919,45534.92414317869,247.47209646657703,0.7516712864237143,1.9074567592313947,0.28926440969073197,237.0478322809633,18009.343958303536,9.760967418680274,-2.7713570233345308e-05,0.42008752523315707,237.0474496356374,0.0,0.0,0.0,0.0,0.0,0.0,0.0,0.0,-0.0,0.0,0.0,0.0,0.0,0.0,0.0,0.0,0.0,0.5,0.0,0.0,1.0,0.0,0.0,0.0
24.400000000000002,-68.26706252455492,65.5506011848103,218.39849480378118,-0.30032249627424273,-0.15389344008208342,0.585808530850957,0.27138168516720274,-0.7550382816105212,-0.030872220129423318,0.5960809299836849,6384377.552491195,3.443900586430906,-0.0005334956352300814,-8.412528626301565e-11,5.39426210091883e-07,6240.552492124339,0.0,0.2933009914605487,0.2915818422659429,2.7447981327449256,-0.14529128623423415,-0.3166587307736817,0.5390736714697387,-0.30025802135289065,-0.15386084307719217,0.5858189003671038,315.459204106264,0.642696879301073,45684.10038773888,247.6261921494355,0.754531577212172,1.8737551251624966,0.279000774043311,238.02393172011176,18206.12408968851,9.761040548974567,-2.9360819020496365e-05,0.4235547544760531,238.0235669307507,0.0,0.0,0.0,0.0,0.0,0.0,0.0,0.0,0.0,0.0,0.0,0.0,0.0,0.0,0.0,0.0,0.0,0.5,0.0,0.0,1.0,0.0,0.0,0.0
24.5,-61.21706478647079,63.03476269620473,222.2608286692665,-0.2954263399563576,-0.16875062636239233,0.5829248682452318,0.2423234892625515,-0.754742808301583,-0.019856357978774667,0.6092985042856864,6384353.701330769,3.486418210954518,-0.0005378758681819681,-8.481631071860403e-11,5.460878852527966e-07,6216.7013317209985,0.0,0.2780916671024967,0.25962776856311814,2.798344441603023,-0.15877002849423077,-0.3222682596229965,0.5320545268539066,-0.29535991340362405,-0.16872216248394323,0.5829350911510452,315.5577414634758,0.6444082622715737,45834.393395225125,247.78092149958186,0.757389235972141,1.839562118046934,0.2669015549263292,239.00003761455025,18404.630230144205,9.761113980118203,-2.790870277398954e-05,0.4270337941180694,238.99964817748142,0.0,0.0,0.0,0.0,0.0,0.0,0.0,0.0,0.0,0.0,0.0,0.0,0.0,0.0,0.0,0.0,0.0,0.5,0.0,0.0,1.0,0.0,0.0,0.0
24.6,-53.92497578407952,60.07228566015989,225.99108491418008,-0.29011224308632944,-0.1832790066137045,0.5798328164566837,0.21325848869592962,-0.7530777201099907,-0.00895302854596797,0.6223460614448341,6384329.752715899,3.5292822733550424,-0.0005404280634070404,-8.521908186862914e-11,5.528038823266175e-07,6192.752716873772,0.0,0.2615730628466589,0.22715919694787065,2.8512503759905887,-0.17152737430820303,-0.3269687751247233,0.5262484308996227,-0.2900441059591317,-0.18325474927661423,0.5798426270266992,315.6566623260564,0.6461288662271422,45985.55623770339,247.93628380368094,0.7602442130797387,1.8050318010311261,0.25301702880448296,239.97615085344952,18604.813221809785,9.761187712124254,-2.8960411718514933e-05,0.43052881504470975,239.97576764440626,0.0,0.0,0.0,0.0,0.0,0.0,0.0,0.0,-0.0,0.0,0.0,0.0,0.0,0.0,0.0,0.0,0.0,0.5,0.0,0.0,1.0,0.0,0.0,0.0
24.700000000000003,-46.41381122863118,56.66691097612514,229.54815175228632,-0.28439503871337773,-0.19745436863622767,0.5765510366862204,0.18425218481332675,-0.7500469132979766,0.0018587033970291623,0.6351958018579222,6384305.70617747,3.5724977702474114,-0.0005434087335900809,-8.568942305153998e-11,5.595749851568968e-07,6168.706178469583,0.0,0.2438084596187181,0.19426394930584975,2.9036350448518338,-0.18362129044599723,-0.3307773243954351,0.5216619848904653,-0.2843254409506761,-0.19743436712031048,0.5765601711632856,315.75594344166,0.6478616618417846,46137.928947038614,248.0922830788723,0.7630965511507821,1.7703038138500153,0.23740303333015225,240.95227235333218,18806.777683389682,9.76126174645117,-2.895084057049268e-05,0.43403777723282394,240.951885981348,0.0,0.0,0.0,0.0,0.0,0.0,0.0,0.0,0.0,0.0,0.0,0.0,0.0,0.0,0.0,0.0,0.0,0.5,0.0,0.0,1.0,0.0,0.0,0.0
24.8,-38.7099766920624,52.8297549123027,232.8940289045914,-0.2782941259573052,-0.21125781624031897,0.5731008832653769,0.1553673361662763,-0.7456718998772334,0.01260094837848621,0.6478209473471657,6384281.562183262,3.6160648849773502,-0.0005475639693274039,-8.634498556255995e-11,5.664012231112877e-07,6144.562184286304,0.0,0.22486660072829437,0.1610321472512643,2.955622336781832,-0.19512282843979956,-0.333713793169237,0.5182852627528084,-0.27822332326201726,-0.2112420957264269,0.5731090852377015,315.85561261116703,0.6496031571330424,46291.11191077452,248.2489151421438,0.765946177583516,1.735504305332296,0.22014356084893744,241.92840005761806,19010.427830709057,9.761336081664977,-2.795214970774398e-05,0.4375597276702644,241.9279945197478,0.0,0.0,0.0,0.0,0.0,0.0,0.0,0.0,0.0,0.0,0.0,0.0,0.0,0.0,0.0,0.0,0.0,0.5,0.0,0.0,1.0,0.0,0.0,0.0
24.900000000000002,-30.8399443628268,48.57268508800757,235.9919611314943,-0.2718274365171696,-0.22467081333245956,0.5695033992552764,0.12666423638247953,-0.7399719451943364,0.023295393428404636,0.6601931884943643,6384257.32073245,3.6599826817055705,-0.0005495968182959675,-8.666587539976058e-11,5.732824505396454e-07,6120.320733499713,0.0,0.20480298691599486,0.12755023573231775,3.0073324894167786,-0.2061039700520568,-0.33578800068651404,0.5161109589592937,-0.27175569074146655,-0.2246593759730929,0.5695104210818519,315.9556346588005,0.6513574741359135,46445.578824416865,248.40618136158184,0.7687931765853604,1.7007421167495715,0.20132337374374024,242.9045360293828,19215.89668865886,9.761410717778409,-2.947879145054344e-05,0.44109795388362016,242.90414280041014,0.0,0.0,0.0,0.0,0.0,0.0,0.0,0.0,-0.0,0.0,0.0,0.0,0.0,0.0,0.0,0.0,0.0,0.5,0.0,0.0,1.0,0.0,0.0,0.0
25.0,-22.830818450736974,43.90836517914765,238.80596951621743,-0.26501170421340847,-0.2376747459538481,0.5657796405198082,0.09820181845609564,-0.7329640505692768,0.033963642082087755,0.6722819256539089,6384232.981355873,3.704257056558084,-0.0005533836028968646,-8.726334806551119e-11,5.802195922233753e-07,6095.981356948304,0.0,0.18366082911299397,0.09390347653301241,3.05888474323874,-0.2166373907240677,-0.33699996185828096,0.5151353640652969,-0.26493928383422344,-0.2376675716037478,0.5657852448090815,316.056050199033,0.6531201209159849,46600.81275691822,248.56408328338003,0.7716374300646404,1.666111554130626,0.18102787964401298,243.88067924690054,19423.071643567226,9.761485656250342,-2.8495128623499456e-05,0.4446488854158682,243.88027076522715,0.0,0.0,0.0,0.0,0.0,0.0,0.0,0.0,0.0,0.0,0.0,0.0,0.0,0.0,0.0,0.0,0.0,0.5,0.0,0.0,1.0,0.0,0.0,0.0
25.1,-14.712126309155398,38.85578430649414,241.30547676049054,-0.2578672389194938,-0.2502568629231772,0.5619522176407432,0.07003382095420402,-0.7246817232477034,0.044627296218970824,0.684058834541575,6384208.544521248,3.748886130306268,-0.0005567179768456249,-8.778948552852616e-11,5.872123544700014e-07,6071.54452234817,0.0,0.1614861475589378,0.06017866326587958,3.110398781869389,-0.22680068402173498,-0.3373523417780223,0.5153418999001085,-0.2577944155760927,-0.25025391042803313,0.5619561819207616,316.15681422249907,0.6548961362992152,46757.39443201723,248.72261954532277,0.7744790488086559,1.6316906697868658,0.15936185225681665,244.85682967100837,19632.10774663251,9.761560895646967,-2.8516971430766034e-05,0.4482143255409976,244.85641456991294,0.0,0.0,0.0,0.0,0.0,0.0,0.0,0.0,0.0,0.0,0.0,0.0,0.0,0.0,0.0,0.0,0.0,0.5,0.0,0.0,1.0,0.0,0.0,0.0
25.200000000000003,-6.513591614382885,33.43403259197301,243.46169441615535,-0.2504126837848049,-0.2624044193547651,0.5580432141876376,0.04221174976127234,-0.7151556012825485,0.055307317951961095,0.6954938964711488,6384184.010227834,3.793871086246185,-0.0005590904572828946,-8.816394572591887e-11,5.942609235836148e-07,6047.010228960774,0.0,0.1383121270891574,0.026461782483060525,-3.121193434698012,-0.23666803067926495,-0.33683826394316146,0.5167186907008191,-0.2503397326004635,-0.26240562779452276,0.5580453318899388,316.2579722738392,0.6566801623210539,46914.707455498785,248.88178838515324,0.7773179166836295,1.5975440178302407,0.13642583489500032,245.8329881424897,19842.857859957327,9.76163643598088,-2.9556337881153638e-05,0.451795027940726,245.8325792071611,0.0,0.0,0.0,0.0,0.0,0.0,0.0,0.0,0.0,0.0,0.0,0.0,0.0,0.0,0.0,0.0,0.0,0.5,0.0,0.0,1.0,0.0,0.0,0.0
25.3,1.734266088126802,27.66245712390391,245.24722758626947,-0.24266532180378325,-0.2741043148477165,0.5540745542057268,0.014785968075760271,-0.7044139077227716,0.06602435365135814,0.7065547784826801,6384159.37800639,3.8392166116380855,-0.0005630084198687497,-8.878212091290982e-11,6.013660350378029e-07,6022.378007543894,0.0,0.11416008457467852,-0.007159375621720958,-3.069403775106906,-0.24631038396536564,-0.33544136826640275,0.5192582125035585,-0.24259252173959456,-0.2741096044285054,0.5540746358053148,316.3594773855242,0.6584780199032769,47073.4215818372,249.04159474898617,0.7801541299655054,1.5637256665566248,0.11231677066349287,246.809153758717,20055.517133176654,9.761712278711483,-2.8374200355396648e-05,0.4553885177416533,246.80872773746526,0.0,0.0,0.0,0.0,0.0,0.0,0.0,0.0,0.0,0.0,0.0,0.0,0.0,0.0,0.0,0.0,0.0,0.5,0.0,0.0,1.0,0.0,0.0,0.0
25.400000000000002,9.99968331668753,21.5652869423013,246.6417809015115,-0.23464506451290607,-0.2853495030271041,0.5500686070321663,-0.012200315027620345,-0.6924996638504761,0.07679794640679821,0.7172126052175753,6384134.648324642,3.8849208442261007,-0.0005659694872892778,-8.924940664532075e-11,6.085273978071686e-07,5997.648325825109,0.0,0.0890536940678214,-0.04059644456401239,-3.017303330976859,-0.25579679008011985,-0.3331487880640024,0.5229402106114024,-0.23457269465110028,-0.28535877729513465,0.5500664836032895,316.46137796077454,0.6602837226803614,47232.84810122516,249.20203364541453,0.7829875725393444,1.5302758324519345,0.08714280279558044,247.7853270567247,20269.90989415471,9.761788422404905,-2.8844383740770663e-05,0.45899706964966697,247.78489953126672,0.0,0.0,0.0,0.0,0.0,0.0,0.0,0.0,0.0,0.0,0.0,0.0,0.0,0.0,0.0,0.0,0.0,0.5,0.0,0.0,1.0,0.0,0.0,0.0
25.5,18.250638337931814,15.166192740348944,247.62711633014095,-0.22637005079813857,-0.2961325070314329,0.5460470945860425,-0.038705673839870884,-0.6794525857578317,0.08764682802517278,0.7274366697163449,6384109.821181864,3.9309856398868135,-0.0005685660149795358,-8.965921180761262e-11,6.157453035728934e-07,5972.821183074266,0.0,0.06300535123110666,-0.07375909905488248,-2.964779021777402,-0.26518929805604174,-0.32993889722658776,0.5277476823278381,-0.22629839058704013,-0.2961456540799872,0.5460426182920849,316.56362134631496,0.6621035325232882,47393.70943438984,249.36310713108313,0.7858183675872349,1.4972272440726426,0.061004630231733956,248.76150816386476,20486.240724159787,9.761864867073836,-2.9630890876930494e-05,0.46262028694281554,248.76108306997764,0.0,0.0,0.0,0.0,0.0,0.0,0.0,0.0,-0.0,0.0,0.0,0.0,0.0,0.0,0.0,0.0,0.0,0.5,0.0,0.0,1.0,0.0,0.0,0.0
25.6,26.45423487259165,8.488544880212123,248.18677623365355,-0.21785697434362347,-0.3064451390064106,0.5420314818981231,-0.06468951535831217,-0.6653098157269195,0.09858921695238818,0.7371938536193734,6384084.896108771,3.97741499611745,-0.0005723986304520003,-9.026394545950866e-11,6.230203798080815e-07,5947.896110009402,0.0,0.03601713555122089,-0.10655242884125254,-2.9117165413213573,-0.2745426751930316,-0.3257812179821044,0.5336653024303778,-0.2177863038132405,-0.3064620323477074,0.5420245267304628,316.66626253510486,0.6639311771849549,47555.2811327654,249.52481618336822,0.7886463614095658,1.464607742777545,0.03399677383058983,249.73769665925204,20704.336732517637,9.761941614178086,-2.8476451574259e-05,0.4662566416424875,249.7372555746788,0.0,0.0,0.0,0.0,0.0,0.0,0.0,0.0,0.0,0.0,0.0,0.0,0.0,0.0,0.0,0.0,0.0,0.5,0.0,0.0,1.0,0.0,0.0,0.0
25.700000000000003,34.57768540182723,1.5590057015919405,248.31239391513444,-0.20912432535717954,-0.31628517380414845,0.5380426778291075,-0.09011978519975403,-0.6501212880547564,0.10964126082009937,0.7464556614400031,6384059.873573103,4.024207424390471,-0.0005753271058778498,-9.072610705961774e-11,6.303523940366855e-07,5922.873574371139,0.0,0.008095081925077886,-0.13888227774901732,-2.858009065201967,-0.28390278150538867,-0.32065064111834446,0.5406620353537428,-0.20905492127926126,-0.31630567513536756,0.5380331418053794,316.7692452428353,0.6657731184721092,47718.31058437487,249.6871598900742,0.7914716968126335,1.4324357327412558,0.006218664879706154,250.71389296277528,20924.404751945956,9.762018662283714,-2.8960384668152912e-05,0.46990799343864675,250.7134504870994,0.0,0.0,0.0,0.0,0.0,0.0,0.0,0.0,0.0,0.0,0.0,0.0,0.0,0.0,0.0,0.0,0.0,0.5,0.0,0.0,1.0,0.0,0.0,0.0
25.8,42.587943596426335,-5.596866099604863,247.99767556255637,-0.2001888199641889,-0.32564948948663786,0.534100927062229,-0.1149656400071027,-0.633933368116402,0.1208181772089546,0.755191613794465,6384034.75357412,4.071364738827937,-0.000577962323675173,-9.114202829856078e-11,6.377416314264297e-07,5897.7535754181445,0.0,-0.020763289383318895,-0.17065005769760666,-2.8035505618545864,-0.2933037450582647,-0.3145146088594975,0.5487053514649936,-0.20012095602466382,-0.32567344967837214,0.5340887322485591,316.8726232152817,0.6676229373318198,47882.056374037114,249.85013615807685,0.7942942323605463,1.400727975270492,-0.022238965833359877,251.6900970128548,21146.257183040565,9.76209601140357,-2.977515632807126e-05,0.4735738410916639,251.68965628313342,0.0,0.0,0.0,0.0,0.0,0.0,0.0,0.0,-0.0,0.0,0.0,0.0,0.0,0.0,0.0,0.0,0.0,0.5,0.0,0.0,1.0,0.0,0.0,0.0
25.900000000000002,50.4510903788487,-12.954270709877337,247.23827902945825,-0.1910657324715516,-0.33453386702189997,0.5302262024584098,-0.1391966814596797,-0.6167897475892891,0.1321344994586248,0.7633686600407716,6384009.535642517,4.118890737337377,-0.0005816776541674488,-9.172828379354744e-11,6.451886882288047e-07,5872.535643846417,0.0,-0.050567756122382526,-0.20175012575840265,-2.7482341102894337,-0.30276639741976646,-0.30733317244027786,0.5577581985869812,-0.1909996793518624,-0.33456112680927586,0.5302112953117206,316.9763443654509,0.6694871556365853,48047.27193896247,250.01375014549077,0.7971140819407777,1.369501587601856,-0.05129247037552539,252.6663086731303,21370.120721071184,9.762173662997808,-2.8719223773047547e-05,0.4772531371184877,252.66585337522292,0.0,0.0,0.0,0.0,0.0,0.0,0.0,0.0,0.0,0.0,0.0,0.0,0.0,0.0,0.0,0.0,0.0,0.5,0.0,0.0,1.0,0.0,0.0,0.0
26.0,58.13477598699671,-20.486633646288592,246.03821858851853,-0.18177145822884092,-0.3429397646201143,0.5264370723448164,-0.16279189090589843,-0.5987447680984587,0.14360190763908248,0.7709595066105042,6383984.220246045,4.166784247542043,-0.0005847420582889103,-9.221189642918115e-11,6.526933814996491e-07,5847.22024740465,0.0,-0.08132029072466913,-0.23207968461906658,-2.691965780258174,-0.312294653930137,-0.29907517968480923,0.5677620942635884,-0.1817074798041154,-0.3429701575718164,0.5264194244694229,317.08045915671283,0.6713594516603796,48213.22712043775,250.17799676862006,0.7999311214087843,1.338768511113916,-0.0808575373801417,253.64252820938955,21595.80061773996,9.762251615632437,-2.8955391478291437e-05,0.4809471764756292,253.64206923073462,0.0,0.0,0.0,0.0,0.0,0.0,0.0,0.0,0.0,0.0,0.0,0.0,0.0,0.0,0.0,0.0,0.0,0.5,0.0,0.0,1.0,0.0,0.0,0.0
26.1,65.60643611909353,-28.168827016615445,244.4034029774752,-0.17232071523815576,-0.35086729631531,0.5227515164317251,-0.18573083533852988,-0.5798491129666281,0.15523107559845326,0.7779346985751774,6383958.8073839415,4.215046843190276,-0.0005873291140355938,-9.262023776685813e-11,6.602559587813086e-07,5821.807385332882,0.0,-0.11302686656937785,-0.26152961446086065,-2.6346540079044996,-0.32187369378104014,-0.2897047001783916,0.5786491309582571,-0.17225906869425114,-0.35090064947441213,0.5227311242147088,317.1849159464765,0.6732460583636036,48380.64380966203,250.34287805687126,0.8027454734426105,1.3085436964590358,-0.11085831797546915,254.6187555203089,21823.51020729066,9.762329869320489,-2.993007420570848e-05,0.4846557126520157,254.61829911812356,0.0,0.0,0.0,0.0,0.0,0.0,0.0,0.0,-0.0,0.0,0.0,0.0,0.0,0.0,0.0,0.0,0.0,0.5,0.0,0.0,1.0,0.0,0.0,0.0
26.200000000000003,72.83270208984914,-35.97675982120986,242.34169517696242,-0.1627268665337917,-0.3583151039538265,0.5191872991271493,-0.20799309664222188,-0.5601508025949681,0.1670318366162047,0.7842620165881581,6383933.296586887,4.263682301968438,-0.0005909004759825089,-9.318380691880954e-11,6.678770132001825e-07,5796.296588310661,0.0,-0.14569552601517394,-0.289981955081203,-2.576209050688493,-0.3314666989294127,-0.2791817530822614,0.590337364077456,-0.162667802332912,-0.3583512382327555,0.5191641837346946,317.28976567195167,0.6751411017090323,48548.84091540369,250.50839513490277,0.8055569932944473,1.2788466810434835,-0.14122572919779855,255.59499058202837,22053.081287443823,9.762408425522448,-2.9075475291999014e-05,0.48837794302013415,255.594521443806,0.0,0.0,0.0,0.0,0.0,0.0,0.0,0.0,0.0,0.0,0.0,0.0,0.0,0.0,0.0,0.0,0.0,0.5,0.0,0.0,1.0,0.0,0.0,0.0
26.3,79.78325979324622,-43.885848197260124,239.86890465293308,-0.15300388996801584,-0.3652871142732419,0.5157601005075303,-0.22956800097371796,-0.5397063367247205,0.17901060478858324,0.7899160754131274,6383907.6883226475,4.312689714537968,-0.0005941810059296963,-9.370151824718072e-11,6.755564030254992e-07,5770.688324104063,0.0,-0.17932018209366335,-0.31732503729254397,-2.5165616197522644,-0.3410118880652882,-0.26748091194825135,0.6027166373325842,-0.1529476482630982,-0.3653258473473471,0.5157343072485918,317.394959153928,0.6770502781982297,48718.47999887161,250.67454682387117,0.808365808182385,1.2496950340402846,-0.17189254849027083,256.57123361624815,22284.705537745787,9.762487282804235,-2.8904100787485762e-05,0.49211467162485906,256.57075723894405,0.0,0.0,0.0,0.0,0.0,0.0,0.0,0.0,0.0,0.0,0.0,0.0,0.0,0.0,0.0,0.0,0.0,0.5,0.0,0.0,1.0,0.0,0.0,0.0
26.400000000000002,86.42764906091072,-51.87305196522452,237.00243612451624,-0.14316426266236057,-0.37178551662999115,0.5124851548156175,-0.25044484065874045,-0.5185686419334272,0.19117273645407803,0.7948691389946758,6383881.982590427,4.362070402481623,-0.000596720475911787,-9.410237059056043e-11,6.832943363265185e-07,5744.982591917738,0.0,-0.21389188050034533,-0.34344013542710994,-2.4556490528229316,-0.35042053926914385,-0.2545770806038864,0.6156579531675748,-0.14311107338208084,-0.37182666316559865,0.5124567524972644,317.50054001286423,0.6789683057781651,48888.948743634784,250.84133141680985,0.8111717998581702,1.221112815911853,-0.2027988455211562,257.54748449817606,22518.223798801897,9.762566441179128,-3.00336811278612e-05,0.49586591864643026,257.54701175280604,0.0,0.0,0.0,0.0,0.0,0.0,0.0,0.0,-0.0,0.0,0.0,0.0,0.0,0.0,0.0,0.0,0.0,0.5,0.0,0.0,1.0,0.0,0.0,0.0
26.5,92.73472155571974,-59.9164236298966,233.76153830248234,-0.13321926244056723,-0.37781069378839716,0.5093775864894209,-0.2706124926798691,-0.4967881197182595,0.2035225904389593,0.7990905068659659,6383856.178920897,4.411828139305102,-0.0006001129789785731,-9.463775087986679e-11,6.910914056177509e-07,5719.178922420679,0.0,-0.2493957211951418,-0.3681993198589027,-2.3934162825015792,-0.35957280223430155,-0.24044745485754396,0.6290081675410971,-0.1331693451659962,-0.3778540654820219,0.5093466671394068,317.6064693153388,0.6809001993980562,49060.82852522036,251.00875356688394,0.8139750515781453,1.1931320695245375,-0.23389037015191474,258.5237431940925,22753.823572058493,9.76264590210792,-2.9492244256819772e-05,0.4996310334903538,258.5232602330216,0.0,0.0,0.0,0.0,0.0,0.0,0.0,0.0,0.0,0.0,0.0,0.0,0.0,0.0,0.0,0.0,0.0,0.5,0.0,0.0,1.0,0.0,0.0,0.0
26.6,98.67780324934154,-67.99447576386824,230.17241405797515,-0.12318043620742862,-0.3833678891994059,0.5064499179690032,-0.2900695444953017,-0.47442152912163327,0.21606077237637517,0.8025573147983314,6383830.27778184,4.461962238091911,-0.0006036083101199353,-9.518935303266994e-11,6.989475040204618e-07,5693.277783400379,0.0,-0.28579447515923284,-0.3914865135689663,-2.3298377536697092,-0.36832067510700783,-0.22509207400697798,0.6425833827400605,-0.12313399698196845,-0.38341329741155894,0.50641659495389,317.7127813646793,0.6828415196776397,49233.6051188205,251.17680881474868,0.8167754785659863,1.1657849139849952,-0.2651159171186155,259.5000099992185,22991.36371736196,9.762725664156436,-2.888942715628671e-05,0.503410506387765,259.49951601060053,0.0,0.0,0.0,0.0,0.0,0.0,0.0,0.0,0.0,0.0,0.0,0.0,0.0,0.0,0.0,0.0,0.0,0.5,0.0,0.0,1.0,0.0,0.0,0.0
26.700000000000003,104.23014657784928,-76.08711350791928,226.26250820883766,-0.11305806356214196,-0.3884602895619894,0.5037144047657865,-0.3088139828437915,-0.451522296905795,0.22878678255460838,0.805244162901903,6383804.279172429,4.512473847469126,-0.0006061646002141871,-9.559287326852972e-11,7.068628125380677e-07,5667.279174023307,0.0,-0.323039156560081,-0.4131798240480617,-2.264901184049653,-0.37648536089824863,-0.20851917161422434,0.6561758064454435,-0.11301529496808621,-0.38850754512898356,0.5036788119740766,317.81944369609823,0.6847962431339532,49407.740867556415,251.34549844607068,0.819573156769331,1.1391127712554252,-0.2964298569676836,260.4762847526839,23230.99177238899,9.762805727338195,-3.006670645788737e-05,0.5072044772570728,260.47579467403415,0.0,0.0,0.0,0.0,0.0,0.0,0.0,0.0,0.0,0.0,0.0,0.0,0.0,0.0,0.0,0.0,0.0,0.5,0.0,0.0,1.0,0.0,0.0,0.0
26.8,109.36446027887743,-84.17516246586568,222.06093432763487,-0.10286143119414405,-0.3930889978398263,0.5011833198862432,-0.3268429855134263,-0.4281415839933103,0.24169895089477966,0.8071225075557797,6383778.182623318,4.563366688037781,-0.0006093625756519183,-9.60975932612437e-11,7.148379154414207e-07,5641.182624949763,0.0,-0.36106489648452406,-0.43315014888884995,-2.1986098750759657,-0.38385495776923534,-0.19074842740770145,0.6695505914587276,-0.10282251216974288,-0.3931379107519752,0.5011456112504095,317.9264850767748,0.6867611313480505,49582.85870546557,251.5148244494825,0.8223679958946035,1.1131681231699937,-0.3277906465708582,261.4525673327083,23472.6207800527,9.762886093114297,-2.9895951684011406e-05,0.5110124221382566,261.4520700936808,0.0,0.0,0.0,0.0,0.0,0.0,0.0,0.0,0.0,0.0,0.0,0.0,0.0,0.0,0.0,0.0,0.0,0.5,0.0,0.0,1.0,0.0,0.0,0.0
26.900000000000002,114.05919343271219,-92.24050716119548,217.6022968139532,-0.09259988737449834,-0.39725957953953867,0.49886595964895847,-0.3441630868408977,-0.4043348871066345,0.2547917568373146,0.8081725582432009,6383751.988602317,4.6146402431807525,-0.000612992909894503,-9.667050294768127e-11,7.228727325397554e-07,5614.988603984316,0.0,-0.39977725901613004,-0.4512884365788214,-2.1310046054639207,-0.3902008947276658,-0.17183103472679045,0.6824538777884269,-0.09256498058518393,-0.3973099612290468,0.49882630623082197,318.0338814939299,0.6887388682473294,49759.272053718734,251.68478466256002,0.8251600615278054,1.0880046285922076,-0.35915990849694057,262.42885818224045,23716.348727154527,9.762966760050483,-2.8992284072160136e-05,0.5148346972283473,262.4283470607884,0.0,0.0,0.0,0.0,0.0,0.0,0.0,0.0,0.0,0.0,0.0,0.0,0.0,0.0,0.0,0.0,0.0,0.5,0.0,0.0,1.0,0.0,0.0,0.0
27.0,118.29278139594605,-100.26605391762914,212.92208218023617,-0.08228178124400534,-0.4009753039755688,0.4967715378187046,-0.36077973576995226,-0.38015473392562515,0.268058510675509,0.808371823033314,6383725.697108562,4.666295599165007,-0.000615659151884759,-9.709137848239504e-11,7.309674350947947e-07,5588.697110267356,0.0,-0.4390618915929499,-0.4674835931035743,-2.062145680446847,-0.39527430124452184,-0.15183462755155483,0.6946173473810099,-0.08225103317017483,-0.40102696675949506,0.4967301269120731,318.1416484337176,0.6907275659469297,49936.76166559449,251.8553784814402,0.8279493061692332,1.0636880042236478,-0.3905027273893331,263.4051570842326,23962.125579558662,9.763047728160481,-3.0054335567797352e-05,0.5186713948409647,263.40464876668807,0.0,0.0,0.0,0.0,0.0,0.0,0.0,0.0,-0.0,0.0,0.0,0.0,0.0,0.0,0.0,0.0,0.0,0.5,0.0,0.0,1.0,0.0,0.0,0.0
27.1,122.0432704889457,-108.23525082013805,208.05723548667945,-0.07191470931635578,-0.4042371425961795,0.49490940826790353,-0.3766972413577695,-0.3556517466253059,0.2814911513402527,0.8076945353179599,6383699.307672687,4.718336374450394,-0.0006186825226377679,-9.756857958506183e-11,7.39122591421422e-07,5562.307674430621,0.0,-0.47878049499017133,-0.48162208348758123,-1.9921153697434375,-0.39880920881945475,-0.1308466264777896,0.7057608284493012,-0.07188825003869531,-0.40428989903414797,0.49486644278100816,318.2497780729047,0.6927284654183343,50115.471229871335,252.0266093374949,0.8307357336087229,1.0402983790541176,-0.4217862093881101,264.3814638236793,24210.016900624745,9.763128998905765,-3.0241008280048258e-05,0.5225221430632038,264.3809514741646,0.0,0.0,0.0,0.0,0.0,0.0,0.0,0.0,0.0,0.0,0.0,0.0,0.0,0.0,0.0,0.0,0.0,0.5,0.0,0.0,1.0,0.0,0.0,0.0
27.200000000000003,125.29548072598813,-116.13288252362541,203.04837191466171,-0.06150623152851248,-0.40705019808761095,0.4932856927303818,-0.3919286666803474,-0.3308789909924962,0.2950779057464436,0.806124506237757,6383672.820762526,4.77076217025432,-0.0006223519838311081,-9.814767749959602e-11,7.473381397989004e-07,5535.8207643091055,0.0,-0.5187647755978652,-0.4936205528621537,-1.9210345377138278,-0.40055728597943707,-0.1089889256647877,0.7156194478016401,-0.061484172800127156,-0.407103862925814,0.49324138748973523,318.3582706502069,0.6947412866186471,50295.369749002784,252.1984741126155,0.8335193474066804,1.0179175113055519,-0.4529798215972805,265.3577789612532,24460.020037412218,9.763210570851951,-2.9225139381120875e-05,0.526387229707351,265.35725128660783,0.0,0.0,0.0,0.0,0.0,0.0,0.0,0.0,0.0,0.0,0.0,0.0,0.0,0.0,0.0,0.0,0.0,0.5,0.0,0.0,1.0,0.0,0.0,0.0
27.3,128.03425333879213,-123.94421333648435,197.9366464208894,-0.05106319401273597,-0.409417114365631,0.49190659421291044,-0.4064856001727966,-0.30588701248427347,0.30880573569014663,0.8036427147518875,6383646.236377194,4.823574080487483,-0.0006251849510790476,-9.859486239343642e-11,7.556142527133536e-07,5509.236379016191,0.0,-0.5588245102892275,-0.5033991800008256,-1.8490439690058946,-0.40027998781295143,-0.0864024371494938,0.723943080520463,-0.05104562937147285,-0.40947150369486124,0.49186117505315224,318.4671307309308,0.6967654626983579,50476.39105903757,252.37097263162315,0.8363001283091815,0.9966425040780713,-0.484053913650764,266.33410229253434,24712.129816962322,9.763292444012968,-3.0042923469864036e-05,0.5302666701209944,266.333575194625,0.0,0.0,0.0,0.0,0.0,0.0,0.0,0.0,-0.0,0.0,0.0,0.0,0.0,0.0,0.0,0.0,0.0,0.5,0.0,0.0,1.0,0.0,0.0,0.0
27.400000000000002,130.2441899005462,-131.65450399299792,192.76443645085405,-0.040591951626256166,-0.41133808524064025,0.49077855140880544,-0.4203782340461114,-0.2807248798811527,0.3226599943442692,0.800226803129665,6383619.554047287,4.8767756172671985,-0.0006280824589114633,-9.905223100087133e-11,7.639514818658386e-07,5482.554049150397,0.0,-0.5987453657203692,-0.5108819990155878,-1.7763051168686657,-0.39775668454608143,-0.06324839778302777,0.730504097472103,-0.040578956172307744,-0.41139301560862845,0.49073225445876856,318.5763471117504,0.698802687756539,50658.73275729625,252.54410846440422,0.8390780889257154,0.9765890705817654,-0.5149781491310944,267.3104334834603,24966.42962613991,9.76337461985068,-3.052412179727072e-05,0.5341602215821174,267.3099050865403,0.0,0.0,0.0,0.0,0.0,0.0,0.0,0.0,0.0,0.0,0.0,0.0,0.0,0.0,0.0,0.0,0.0,0.5,0.0,0.0,1.0,0.0,0.0,0.0
27.5,131.9174015490377,-139.25038596686298,187.57572009645818,-0.03009880283891766,-0.4128171976481654,0.489904612342791,-0.43362472597686386,-0.2554423585445565,0.33662269459815375,0.7958647196845903,6383592.774240678,4.9303664602430235,-0.0006317352638081618,-9.962872019201399e-11,7.723497778336872e-07,5455.774242582421,0.0,-0.6382953874249238,-0.5160324059790156,-1.7030063736377632,-0.39283137208295676,-0.03971238592334113,0.7351369856149704,-0.030090432111649544,-0.41287248773145263,0.4898576798184875,318.6859386950517,0.7008503262885941,50842.08781230489,252.71787774774012,0.8418531839676328,0.957874583239533,-0.5457228376517579,268.2867731505566,25222.83251943681,9.763457096930564,-2.9518274648883844e-05,0.538068104025001,268.2862289580024,0.0,0.0,0.0,0.0,0.0,0.0,0.0,0.0,0.0,0.0,0.0,0.0,0.0,0.0,0.0,0.0,0.0,0.5,0.0,0.0,1.0,0.0,0.0,0.0
27.6,133.04602325261158,-146.7183157146821,182.4146922831224,-0.019589622900625207,-0.41385598655044037,0.4892880302789814,-0.4462414657902333,-0.2300871923319586,0.35067444736971953,0.7905415031443078,6383565.89695645,4.984347721279615,-0.0006347253162082676,-1.0010069500904309e-10,7.808093159428392e-07,5428.896958395839,0.0,-0.6772290434740963,-0.5188220563409047,-1.6293463148449445,-0.38539229235717426,-0.015990364065389284,0.7377247324528432,-0.019585913021452416,-0.41391145613377345,0.48924070960425203,318.79587513515867,0.7029122014335795,51026.90404689003,252.89228169788865,0.8446254866714978,0.9406360512337192,-0.5762558580000501,269.26312118489943,25481.491079808246,9.763539875266755,-3.007787290698616e-05,0.5419903047593309,269.2625751954321,0.0,0.0,0.0,0.0,0.0,0.0,0.0,0.0,-0.0,0.0,0.0,0.0,0.0,0.0,0.0,0.0,0.0,0.5,0.0,0.0,1.0,0.0,0.0,0.0
27.700000000000003,133.62208144811015,-154.04408583111857,177.3264998374135,-0.009070069968000787,-0.41445344285604074,0.4889323462151462,-0.4582432622417665,-0.20470610840492254,0.36479397766465527,0.7842388738968668,6383538.921725165,5.038722835490268,-0.00063755480458418,-1.0054735319609859e-10,7.893306358766918e-07,5401.921727153473,0.0,-0.7152873418368686,-0.5192311354121695,-1.555532254769685,-0.37537724396609246,0.007712722290282713,0.738203928456643,-0.0090710374293866,-0.41450891179792804,0.48888488923834217,318.9061971603944,0.7049834791695052,51212.61480559567,253.06732181570794,0.847394872046943,0.9250345539803974,-0.606540671758605,270.2394771166425,25742.25425985203,9.763622956321528,-3.0767882151394594e-05,0.545926669802725,270.2389318827359,0.0,0.0,0.0,0.0,0.0,0.0,0.0,0.0,0.0,0.0,0.0,0.0,0.0,0.0,0.0,0.0,0.0,0.5,0.0,0.0,1.0,0.0,0.0,0.0
27.8,133.6455036501209,-161.21475932448362,172.35567449061014,0.0014542263035299268,-0.41461232090188466,0.4888376318583023,-0.4696519692534302,-0.17934493463544238,0.3789572743236946,0.7769494868502754,6383511.849014737,5.093491548228316,-0.0006411870001925076,-1.0112061044413259e-10,7.979136985170361e-07,5374.849016769169,0.0,-0.7522179837467105,-0.5172832124895927,-1.4817749255935713,-0.36281497982125055,0.03119075741617757,0.7365993013012213,0.001448584895195239,-0.4146676106531428,0.4887902904125477,319.01685396415354,0.7070702981910036,51399.94062147364,253.2429970167374,0.8501614796418135,0.9112323339461019,-0.6365386697639234,271.21584157765295,26005.35291606695,9.763706338660175,-2.980441695399347e-05,0.5498773361034399,271.215280250477,0.0,0.0,0.0,0.0,0.0,0.0,0.0,0.0,0.0,0.0,0.0,0.0,0.0,0.0,0.0,0.0,0.0,0.5,0.0,0.0,1.0,0.0,0.0,0.0
27.900000000000002,133.11620786317883,-168.21652085399896,167.54664721442825,0.011977770440790503,-0.4143327915470995,0.48900423621874695,-0.48048746696096284,-0.15404799369572103,0.39313874606718874,0.7686630808010917,6383484.678824212,5.1486549552466885,-0.0006442764381804524,-1.0160827631628955e-10,8.065586766934817e-07,5347.678826289251,0.0,-0.7877705588251522,-0.5130108220689159,-1.4082785792737469,-0.3477869766499819,0.054243870180191056,0.7329919914720825,0.01196747819299227,-0.41438772406831964,0.48895726129841605,319.1278981487294,0.7091660293409459,51588.10487189673,253.41930520914596,0.8529251630992668,0.8994166009580888,-0.6662042938163618,272.1922145780312,26270.55973531257,9.76379002229709,-3.0190461657753076e-05,0.5538423053297663,272.1916499463698,0.0,0.0,0.0,0.0,0.0,0.0,0.0,0.0,-0.0,0.0,0.0,0.0,0.0,0.0,0.0,0.0,0.0,0.5,0.0,0.0,1.0,0.0,0.0,0.0
28.0,132.0341060728876,-175.03417611659776,162.94447541071895,0.02249500157961458,-0.4136124432488737,0.48943279450554783,-0.4907679267000137,-0.12885904892981223,0.40731060057189744,0.7593661821511545,6383457.410684122,5.204216452852017,-0.0006470888124600749,-1.0205225229201438e-10,8.152661040558514e-07,5320.4106862433255,0.0,-0.8216969673330444,-0.5064551776009129,-1.3352392989313009,-0.33042364962666715,0.07668009927677664,0.7275156902018328,0.022480101499715816,-0.4136668399413509,0.4893864354307384,319.2392790197771,0.7112773789271065,51777.893436049824,253.5962515428926,0.8556860401901667,0.8898050878225412,-0.6954822130770927,273.1685955229033,26538.14654988619,9.763874008694927,-3.1002624425013885e-05,0.5578214978635572,273.1680328957016,0.0,0.0,0.0,0.0,0.0,0.0,0.0,0.0,0.0,0.0,0.0,0.0,0.0,0.0,0.0,0.0,0.0,0.5,0.0,0.0,1.0,0.0,0.0,0.0
28.1,130.40703185912707,-181.6536938948875,158.59133972153097,0.03300034142210223,-0.4124526136950633,0.49012046440811274,-0.5005175595881943,-0.10381951849491373,0.4214431473518561,0.7490567722939165,6383430.04506243,5.260175870884398,-0.0006507339843741841,-1.0262757457488235e-10,8.240359547331241e-07,5293.045064598011,0.0,-0.8537814575704883,-0.49769739782962924,-1.2628318380834094,-0.3109281886573255,0.09833060361489084,0.7203736198433182,0.0329808957930547,-0.41250629690765067,0.4900749644310563,319.3510403574541,0.713398531712281,51968.62540667389,253.7738311561847,0.8584439987542573,0.8826144261559843,-0.724311158420074,274.1449850778987,26807.904902022634,9.763958296418783,-3.0042266819426337e-05,0.5618149369820505,274.1444055018825,0.0,0.0,0.0,0.0,0.0,0.0,0.0,0.0,0.0,0.0,0.0,0.0,0.0,0.0,0.0,0.0,0.0,0.5,0.0,0.0,1.0,0.0,0.0,0.0
28.200000000000003,128.2427395864697,-188.05947918059118,154.52898620340082,0.043488061850325416,-0.4108520822086949,0.4910646961293057,-0.5097584692536762,-0.07896982021440045,0.4355049044656193,0.737729995054958,6383402.581958121,5.316534213049122,-0.0006538434068123232,-1.0311840973046856e-10,8.328683871630475e-07,5265.581960334442,0.0,-0.883822633942529,-0.4868235378629959,-1.1912109569946547,-0.2895299604312668,0.11904561671617175,0.7117984002319477,0.04346415203708621,-0.41090487421075006,0.49102029168187683,319.4631476505337,0.7155338826868504,52160.817058454275,253.9520454380355,0.8611991251989365,0.8780910232350098,-0.7526165656820214,275.1213832899383,27080.015021004252,9.76404288548337,-3.0397000529092023e-05,0.5658226845027913,275.1208005921352,0.0,0.0,0.0,0.0,0.0,0.0,0.0,0.0,0.0,0.0,0.0,0.0,0.0,0.0,0.0,0.0,0.0,0.5,0.0,0.0,1.0,0.0,0.0,0.0
28.3,125.54904390743297,-194.2338554932863,150.7993833445156,0.05395208122273145,-0.4088070633602747,0.4922631675084046,-0.5185109590059527,-0.0543502406168815,0.4494618453172175,0.7253779806429006,6383375.020901719,5.373294900012221,-0.0006566832169614272,-1.035667296950472e-10,8.417639388576602e-07,5238.020903980359,0.0,-0.911631891424388,-0.47392412572791076,-1.120511748206333,-0.2664762422669971,0.13869359142297968,0.7020437985174569,0.053923807825719164,-0.40885878535494313,0.49222008733092326,319.5756243462307,0.7176807455951819,52354.152420724604,254.13089657498057,0.8639513388498622,0.8765165431406486,-0.7803064127694826,276.09778950924954,27354.400759273947,9.764127777351652,-3.125258542032346e-05,0.5698447189457976,276.09720901081033,0.0,0.0,0.0,0.0,0.0,0.0,0.0,0.0,0.0,0.0,0.0,0.0,0.0,0.0,0.0,0.0,0.0,0.5,0.0,0.0,1.0,0.0,0.0,0.0
28.400000000000002,122.34132579101242,-200.16032904150578,147.43941992041684,0.06438626556923428,-0.4063176229502585,0.4937101399839808,-0.5268003227596129,-0.029997420380514526,0.46327912090885454,0.7120047114866318,6383347.36236124,5.430457875703719,-0.0006603957107456008,-1.0415268830481171e-10,8.507226018310532e-07,5210.36236354957,0.0,-0.9370682019351246,-0.45912043450360435,-1.0508338018842407,-0.242041579334796,0.15717837712251229,0.6913870638643602,0.06435374695002634,-0.4063680967095997,0.493668601053272,319.6884591286109,0.7198402874686061,52548.769763995486,254.3103819074094,0.8667006755124426,0.8781628630829924,-0.8072778173418687,277.0742044741672,27631.113718592864,9.764212970588533,-3.0199579678461967e-05,0.5738809009281739,277.07360519963345,0.0,0.0,0.0,0.0,0.0,0.0,0.0,0.0,0.0,0.0,0.0,0.0,0.0,0.0,0.0,0.0,0.0,0.5,0.0,0.0,1.0,0.0,0.0,0.0
28.5,118.63478364802968,-205.8202432380439,144.48518050137446,0.0747840546247351,-0.403381348880955,0.49540012769969854,-0.5346496663828624,-0.005947468575918699,0.47691986197124137,0.6976115036970345,6383319.606335564,5.488023915206891,-0.0006634293229829285,-1.0463158502861181e-10,8.597444987336327e-07,5182.606337922625,0.0,-0.9600071351278198,-0.44253249185192656,-0.9822535593899604,-0.21649069146626332,0.17442399945999157,0.6800984158706725,0.07474742670502622,-0.40343039588414625,0.4953603345628559,319.80164748189077,0.7220131141093526,52744.741191486566,254.4905016274225,0.8694471411176966,0.8833295542994326,-0.8334061001708111,278.05062812785934,27910.193740635776,9.764298465209158,-3.071109021846041e-05,0.5779314707248062,278.05002833684,0.0,0.0,0.0,0.0,0.0,0.0,0.0,0.0,-0.0,0.0,0.0,0.0,0.0,0.0,0.0,0.0,0.0,0.5,0.0,0.0,1.0,0.0,0.0,0.0
28.6,114.44470211174846,-211.19224416492003,141.97247229769482,0.08513824390433929,-0.39999334213667126,0.4973277601473009,-0.5420802167807783,0.017763257444438168,0.49034429942390084,0.6821969541757265,6383291.752355278,5.5459966229614714,-0.0006663570851488872,-1.0509379354958762e-10,8.688301959138865e-07,5154.752357686559,0.0,-0.9803373196831086,-0.42427923487780644,-0.9148266154135279,-0.1900742624663578,0.19037149503499393,0.6684369010047001,0.08509766028596778,-0.4000407827789347,0.4972899040405347,319.91520891035185,0.7241970007346298,52941.80367809526,254.67125807397431,0.8721906653278091,0.8923448568498777,-0.8585390713811462,279.0270599062374,28191.58012471684,9.7643842626766,-3.151391172195873e-05,0.5819963373430568,279.0264606736002,0.0,0.0,0.0,0.0,0.0,0.0,0.0,0.0,0.0,0.0,0.0,0.0,0.0,0.0,0.0,0.0,0.0,0.5,0.0,0.0,1.0,0.0,0.0,0.0
28.700000000000003,109.79321902433713,-216.25643499890083,139.92999459259727,0.09544158214659748,-0.3961527676660593,0.4994843883951767,-0.5491171387090119,0.04110320673148571,0.503513161536714,0.6657717639622509,6383263.800888404,5.604376017665326,-0.0006701846011913845,-1.056979120916402e-10,8.779796971114329e-07,5126.800890864493,0.0,-0.997996957929331,-0.4044997199827533,-0.8485723061630401,-0.16303242486587238,0.20499568511422972,0.6566465630692142,0.09539721186354663,-0.39619842313625864,0.4994486437616147,320.0291090526241,0.7263961196486366,53140.450743679685,254.85264951930066,0.8749313472984882,0.9054992991562233,-0.8825093140916161,280.0035005581255,28475.442912991355,9.764470361555702,-3.027071013643008e-05,0.5860752192206984,280.0028802498531,0.0,0.0,0.0,0.0,0.0,0.0,0.0,0.0,0.0,0.0,0.0,0.0,0.0,0.0,0.0,0.0,0.0,0.5,0.0,0.0,1.0,0.0,0.0,0.0
28.8,104.70215919237359,-220.9903128793592,138.38522938810394,0.10568612672893779,-0.3918564505233023,0.5018615298578242,-0.5557833577389889,0.06404094714385292,0.5163849292788669,0.6483442264617548,6383235.751933689,5.663162471903634,-0.0006730323519060683,-1.0614751358577816e-10,8.871930619492774e-07,5098.7519362019375,0.0,-1.0129344285078465,-0.38332673063278144,-0.783492453094403,-0.13557621177159992,0.21828381517620932,0.6449446978962733,0.10563815405790322,-0.39190014220124675,0.5018280537918439,320.14339122118525,0.7286048780114147,53340.022941212366,255.03467422713533,0.8776690620282458,0.9230850664557578,-0.9051187723788168,280.9799498876394,28761.58001346435,9.764556761862146,-3.1158665350972115e-05,0.5901687141904972,280.979334258492,0.0,0.0,0.0,0.0,0.0,0.0,0.0,0.0,-0.0,0.0,0.0,0.0,0.0,0.0,0.0,0.0,0.0,0.5,0.0,0.0,1.0,0.0,0.0,0.0
28.900000000000002,99.19341963840137,-225.3682271532737,137.3647850125359,0.11586300340334518,-0.3870988739828845,0.5044506615975108,-0.5620998356583717,0.08654447861260585,0.5289148440101651,0.6299203093677481,6383207.605021886,5.722360105021992,-0.0006761642086270608,-1.0664192878461344e-10,8.964709374889599e-07,5070.6050244501475,0.0,-1.025104494707647,-0.3608879411883967,-0.7195739154001679,-0.10788945532690924,0.23023221654005213,0.6335238129907621,0.11581162795680029,-0.3871404229440804,0.5044195929968618,320.2580045357885,0.7308301734784918,53541.33388434872,255.2173373744913,0.8804039323811446,0.9453824194148093,-0.9261328719021916,281.95640757412326,29050.288989213193,9.764643465058796,-3.1703291552294884e-05,0.5942763219841207,281.95578761909815,0.0,0.0,0.0,0.0,0.0,0.0,0.0,0.0,0.0,0.0,0.0,0.0,0.0,0.0,0.0,0.0,0.0,0.5,0.0,0.0,1.0,0.0,0.0,0.0
29.0,93.29472044389745,-229.36662092676826,136.88644159720647,0.12596336749194,-0.3818788958224698,0.5072402124174548,-0.568090457483071,0.10858763274243724,0.5410602142161717,0.6105181586960962,6383179.360620899,5.781968714435534,-0.0006800635340497412,-1.072573926673983e-10,9.058132928165322e-07,5042.360623518316,0.0,-1.0345055098651192,-0.3373222652041673,-0.6567747419111598,-0.08013035997702536,0.2408625422265874,0.6225455314855075,0.12590880131307533,-0.38191812502354255,0.5072116693449735,320.37299555350694,0.7330656899961683,53743.63923668554,255.40063397020887,0.8831358354841938,0.9725637538085113,-0.9453046770223713,282.93287410071196,29341.328001180696,9.764730469710797,-3.039117933193818e-05,0.5983979287908074,282.93223309136965,0.0,0.0,0.0,0.0,0.0,0.0,0.0,0.0,0.0,0.0,0.0,0.0,0.0,0.0,0.0,0.0,0.0,0.5,0.0,0.0,1.0,0.0,0.0,0.0
29.1,87.03332264638117,-232.95910989955627,136.9663190057034,0.13597743658935763,-0.3761932331342175,0.5102186595602924,-0.5737768152291829,0.1301440141024928,0.5527758899197686,0.5901538335845505,6383151.018729414,5.841988314059149,-0.0006826699460632496,-1.0766894870242715e-10,9.152201313921574e-07,5014.018732086755,0.0,-1.0411369283930954,-0.31276001054834185,-0.5950438940318143,-0.05242834023615453,0.2501995073200747,0.6121444981202693,0.13591990399743398,-0.3762299671377492,0.5101927388387422,320.4883313290649,0.7353157257816223,53947.447129869346,255.58456535542223,0.8858648557497356,1.004727683174313,-0.962355929244678,283.90934940229556,29634.885076508723,9.76481777583416,-3.175701218793847e-05,0.6025344433706721,283.9087185099766,0.0,0.0,0.0,0.0,0.0,0.0,0.0,0.0,-0.0,0.0,0.0,0.0,0.0,0.0,0.0,0.0,0.0,0.5,0.0,0.0,1.0,0.0,0.0,0.0
29.200000000000003,80.4365117972486,-236.1159550738741,137.61899573031613,0.14589422306010028,-0.3700364813609384,0.513374258331494,-0.5791784456915462,0.15118640688920332,0.564013203780844,0.5688415743175841,6383122.578878394,5.902423879484525,-0.0006861980928339619,-1.082258843868171e-10,9.24692234468511e-07,4985.5788811240345,0.0,-1.0449966533807233,-0.2873249135053193,-0.5343226825583673,-0.02488880670978414,0.25826882019071695,0.6024331261675742,0.1458339607308114,-0.3700705462122923,0.5133510347941235,320.6040294387819,0.7375782971900482,54152.522742786925,255.76913394323634,0.8885909288823924,1.0418636138166224,-0.9769760996348356,284.8858333326701,29930.90759473244,9.76490538489138,-3.161390230606765e-05,0.6066846120491695,284.88518919981914,0.0,0.0,0.0,0.0,0.0,0.0,0.0,0.0,0.0,0.0,0.0,0.0,0.0,0.0,0.0,0.0,0.0,0.5,0.0,0.0,1.0,0.0,0.0,0.0
29.3,73.53611205171711,-238.8105799041905,138.84896268424518,0.15570294703113619,-0.36340799574106974,0.5166925594936133,-0.5843168670694818,0.17169431967585447,0.5747273667709233,0.5466076369510596,6383094.041535434,5.963274284929373,-0.000689892399928334,-1.0880903335775728e-10,9.342294265131072e-07,4957.041538219279,0.0,-1.0461184209062724,-0.26114574467362395,-0.4745330949358209,0.0024070205540924782,0.2651129557962182,0.5934934171758262,0.1556402005836906,-0.3634392214570086,0.5166720844191591,320.72008874743653,0.7398532664901922,54358.85080380736,255.95433666801824,0.8913140615219053,1.0837422719339904,-0.9888678734727361,285.8623259256041,30229.39750516751,9.764993295448543,-3.078051363066457e-05,0.6108491931764158,285.8616679238942,0.0,0.0,0.0,0.0,0.0,0.0,0.0,0.0,0.0,0.0,0.0,0.0,0.0,0.0,0.0,0.0,0.0,0.5,0.0,0.0,1.0,0.0,0.0,0.0
29.400000000000002,66.36334474382657,-241.01363548828525,140.65861866472875,0.16539167499792018,-0.35630525310743283,0.5201590338321205,-0.5892112139085274,0.19164675083385885,0.5848709432066819,0.5234765391921326,6383065.40669944,6.024539967531987,-0.0006924380882251265,-1.0921102959257796e-10,9.438317773161235e-07,4928.40670228377,0.0,-1.0445297680535544,-0.234342746005118,-0.415594861757101,0.029397125107706173,0.27077083183194883,0.5853892365733468,0.16532669890154966,-0.35633347376082586,0.5201413347472571,320.8364902929975,0.7421431539143579,54566.73070286304,256.1401743095848,0.8940343018419561,1.1299586010655134,-0.997726850607978,286.83882760452354,30530.47543343982,9.765081507521069,-3.236862229982762e-05,0.6150285694815096,286.8381794283592,0.0,0.0,0.0,0.0,0.0,0.0,0.0,0.0,-0.0,0.0,0.0,0.0,0.0,0.0,0.0,0.0,0.0,0.5,0.0,0.0,1.0,0.0,0.0,0.0
29.5,58.949387365462066,-242.6925222802615,143.0481403325024,0.17494702454868197,-0.3487239082682057,0.5237587471343778,-0.5938784942084425,0.211021706828357,0.5943928370478861,0.4994716189259105,6383036.6739013875,6.086226442340033,-0.0006965125574628836,-1.0985415091427424e-10,9.535001526964205e-07,4899.6739042894915,0.0,-1.0402508572783402,-0.2070302154293523,-0.3574255195510593,0.05603410293724122,0.27527712536986093,0.5781706246737008,0.17488008221110937,-0.3487489622772976,0.5237438272484325,320.9532701051441,0.7444435043494068,54775.63342306601,256.3266485267441,0.8967515324535646,1.179907523572407,-1.003250949316816,287.8153378289809,30833.985400489153,9.765170022571745,-3.1138942249005626e-05,0.6192212266238073,287.8146665012039,0.0,0.0,0.0,0.0,0.0,0.0,0.0,0.0,0.0,0.0,0.0,0.0,0.0,0.0,0.0,0.0,0.0,0.5,0.0,0.0,1.0,0.0,0.0,0.0
29.6,51.32849978312426,-243.81931551422872,146.0069868796867,0.1843561310126298,-0.3406647992078335,0.5274745419965091,-0.5983368362510688,0.22980466623950274,0.6032478300254145,0.47462772883497584,6383007.843608519,6.148331097636163,-0.0006996082177237058,-1.1034290104794502e-10,9.632341443373278e-07,4870.843611480668,0.0,-1.0333314780321619,-0.17932342486583583,-0.29993151906407994,0.08228730609351209,0.2786773650631246,0.5718635009268386,0.18428749103072295,-0.3406865320359846,0.5274623798976478,321.0703774462573,0.7467607545477557,54986.32420649099,256.51375827504114,0.8994658993954322,1.2327423535486028,-1.0052081068651173,288.79185683721096,31140.201721445585,9.765258839167661,-3.148332318758658e-05,0.6234291312205092,288.791185463032,0.0,0.0,0.0,0.0,0.0,0.0,0.0,0.0,0.0,0.0,0.0,0.0,0.0,0.0,0.0,0.0,0.0,0.5,0.0,0.0,1.0,0.0,0.0,0.0
29.700000000000003,43.53422082944808,-244.36367997936514,149.52217451962747,0.19360480653083192,-0.33212720669726103,0.5312890676480712,-0.6026018623588799,0.24798036498006296,0.6113879254764556,0.44897836235170663,6382978.915820237,6.210856056194038,-0.0007025218683175124,-1.1080295043383304e-10,9.730340861378138e-07,4841.915823258459,0.0,-1.0238110443487716,-0.15133067316614737,-0.24302103485944623,0.10813505066257735,0.28101025414117303,0.5664847662598237,0.19353474268661805,-0.33214547128446564,0.5312796173808599,321.187859187718,0.7490887150998867,55198.06895767862,256.70150165351293,0.9021772681090017,1.287473266544917,-1.0034069938959393,289.76838535175415,31448.885585928303,9.76534795732287,-3.25779415994987e-05,0.6276509431408216,289.7677146357208,0.0,0.0,0.0,0.0,0.0,0.0,0.0,0.0,0.0,0.0,0.0,0.0,0.0,0.0,0.0,0.0,0.0,0.5,0.0,0.0,1.0,0.0,0.0,0.0
29.8,35.59997658816299,-244.29248644781777,153.57789688636262,0.20267722170741634,-0.3231089657170582,0.5351844136408948,-0.6066870299588177,0.2655324756757385,0.6187615147453535,0.4225565656567077,6382949.890067143,6.273806046230224,-0.0007069084160175373,-1.1149531466944673e-10,9.829007207016362e-07,4812.890070226975,0.0,-1.011718612242438,-0.1231560973894013,-0.18660305146399522,0.13356133457696925,0.28230787698722093,0.5620449179585336,0.20260601308784026,-0.32312362317298077,0.5351776044245035,321.30568643010696,0.7514315208431607,55411.35795385053,256.8898829641388,0.9048856994884703,1.3430124910985493,-0.9977067325221992,290.74492183731695,31760.23696556468,9.765437378501591,-3.0834627255060816e-05,0.6318863465656932,290.7442254603603,0.0,0.0,0.0,0.0,0.0,0.0,0.0,0.0,0.0,0.0,0.0,0.0,0.0,0.0,0.0,0.0,0.0,0.5,0.0,0.0,1.0,0.0,0.0,0.0
29.900000000000002,27.560745550021373,-243.57916685365115,158.14779910679127,0.21155853131453412,-0.3136135016637093,0.5391410863804823,-0.6106061346678059,0.28245270368236725,0.6253249568279392,0.3954059605679732,6382920.766816486,6.337177743877365,-0.0007093748473497551,-1.1188484015336281e-10,9.928335281476742e-07,4783.76681963168,0.0,-0.9971089701255881,-0.094902043074414,-0.13058174027489475,0.1585595406350306,0.28260989241951795,0.5585363414169964,0.21148645840799538,-0.31362442399017176,0.5391368236874788,321.42386889494037,0.7537876150601911,55626.00808658655,257.07889870411344,0.9075911748401269,1.3982533892746585,-0.9880817817908344,291.7214678160253,32074.199549670404,9.765527101270857,-3.23061913813186e-05,0.6361375296212279,291.72078196415066,0.0,0.0,0.0,0.0,0.0,0.0,0.0,0.0,0.0,0.0,0.0,0.0,0.0,0.0,0.0,0.0,0.0,0.5,0.0,0.0,1.0,0.0,0.0,0.0
