t_s,u_b_mps,v_b_mps,w_b_mps,p_b_rps,q_b_rps,r_b_rps,q0,q1,q2,q3,x_e_m,y_e_m,z_e_m,lat_rad,long_rad,h_m,m_fuel_kg,phi_rad,theta_rad,psi_rad,phi_dot_rps,theta_dot_rps,psi_dot_rps,p_nb_rps,q_nb_rps,r_nb_rps,cs_mps,rho_kgpm3,p_kgpms2,T_K,mach,alpha_rad,beta_rad,true_airspeed_mps,qbar_kgpms2,g_mag_mps2,u_n_mps,v_n_mps,w_n_mps,Fx_b_kgmps2,Fy_b_kgmps2,Fz_b_kgmps2,l_b_kgm2ps2,m_b_kgm2ps2,n_b_kgm2ps2,n_x,n_y,n_z,dela_ach_rad,dele_ach_rad,delr_ach_rad,delt_ach_pct,dela_cmd_rad,dele_cmd_rad,delr_cmd_rad,delt_cmd_pct,dela_trim_rad,dele_trim_rad,delr_trim_rad,delt_trim_pct,W_N_mps,W_E_mps,W_D_mps
0.0,0.0,0.0,0.0,0.0,0.0,0.0,0.7071067811865476,0.0,-0.7071067811865475,0.0,6387281.0,0.0,0.0,0.0,0.0,9144.0,0.0,0.0,2.220446049250313e-16,0.0,-7.2921151467e-05,0.0,-1.619174826816838e-20,-7.2921151467e-05,0.0,-1.619174826816838e-20,303.2301162993323,0.45904119204140337,30148.707841120464,228.7993742033871,0.0,0.0,0.0,0.0,0.0,9.752107781729656,0.0,0.0,0.0,0.0,0.0,0.0,0.0,0.0,0.0,0.0,0.0,-0.0,0.0,0.0,0.0,0.0,0.0,0.0,0.0,0.0,0.5,0.0,0.0,1.0,0.0,0.0,0.0
0.1,-1.4812039262792963e-16,-2.7805858635564233e-14,0.9752107832100079,0.0,0.0,0.0,0.7071067811818325,-2.5781520347065847e-06,-0.7071067811818323,-2.578152034706585e-06,6387280.951083427,2.3935094994034785e-07,4.2338408896115564e-20,6.67315835603547e-27,3.7473058068106756e-14,9143.951083426984,0.0,-7.292115184173058e-06,1.5765398542694383e-16,-1.129377268709681e-21,-7.292115258392373e-05,1.392807740850325e-24,-1.1442000070215473e-20,-7.292115258392373e-05,1.4763916016936997e-24,-1.1442000059470253e-20,303.2303263355233,0.4590439039196626,30148.927919215308,228.79969125023064,0.0032160727147567793,1.5707963267948968,-2.8233072495023568e-14,0.9752107832100079,0.21898218038946207,9.752107932124082,-1.4318999895685313e-17,7.134105650588082e-06,0.975210783183827,0.0,0.0,0.0,0.0,0.0,0.0,0.0,0.0,0.0,0.0,0.0,0.0,0.0,0.0,0.0,0.0,0.0,0.5,0.0,0.0,1.0,0.0,0.0,0.0
0.2,-3.026512011734785e-16,-4.383536396643124e-13,1.9504215963491838,0.0,0.0,0.0,0.7071067811677323,-5.1563040693788985e-06,-0.7071067811677322,-5.156304069378899e-06,6387280.804801809,1.9008807374187218e-06,5.412807193354495e-19,8.531383509727977e-26,2.9760406592105143e-13,9143.80480180867,0.0,-1.4584230591004066e-05,1.5863514460386187e-16,-1.694065941636078e-21,-7.292115592400685e-05,-5.365698084831276e-24,-1.0021140892550307e-20,-7.292115592400685e-05,-5.220233532644953e-24,-1.0021140972463967e-20,303.2309544341825,0.45905201360347686,30149.58604749138,228.80063935682304,0.00643213220581696,1.5707963267948968,-2.2422181678645684e-13,1.9504215963491838,0.8738486588530656,9.7521083818682,3.77496342581227e-17,2.8468154191913533e-05,1.9504215961412614,0.0,0.0,0.0,0.0,0.0,0.0,0.0,0.0,0.0,0.0,0.0,0.0,0.0,0.0,0.0,0.0,0.0,0.5,0.0,0.0,1.0,0.0,0.0,0.0
0.30000000000000004,-4.576052442679831e-16,-2.2087028962508246e-12,2.925632469208779,0.0,0.0,0.0,0.7071067811442471,-7.734456103982828e-06,-0.707106781144247,-7.73445610398283e-06,6387280.561155139,6.400214402029063e-06,1.4644599362078304e-18,2.3082052231902613e-25,1.0020249370213333e-12,9143.561155138537,0.0,-2.187634644212494e-05,1.694779866130305e-16,-5.082197853346965e-21,-7.292116148724987e-05,3.0272688870779757e-24,-1.1929094119530729e-20,-7.292116148724987e-05,3.2882338820323434e-24,-1.1929094050450664e-20,303.232000595338,0.4590655210932076,30150.682225978013,228.80221852320656,0.0096481653106033,1.5707963267948968,-7.549488596044177e-13,2.925632469208779,1.9646455748288054,9.752109130962095,2.0995815303357103e-17,6.400214724493281e-05,2.925632468508712,0.0,0.0,0.0,0.0,0.0,0.0,0.0,0.0,0.0,0.0,0.0,0.0,0.0,0.0,0.0,0.0,0.0,0.5,0.0,0.0,1.0,0.0,0.0,0.0
0.4,-6.342299983368913e-16,-6.989025460744837e-12,3.9008434321489838,0.0,0.0,0.0,0.7071067811113317,-1.0312608138483607e-05,-0.7071067811113316,-1.0312608138483609e-05,6387280.219675311,1.5180011532856518e-05,4.545849748584545e-18,7.16493120931179e-25,2.3766002137112286e-12,9143.219675310887,0.0,-2.916846296340021e-05,1.4406136655045473e-16,-3.952820761556279e-21,-7.292116928434208e-05,4.369370808659507e-24,-1.2433192387479647e-20,-7.292116928434208e-05,4.731636786239677e-24,-1.2433192257904806e-20,303.23346682892475,0.4590844523400935,30152.218560706016,228.80443178335162,0.012864158615535241,1.5707963267948968,-1.790585785691023e-12,3.9008434321489838,3.4935463646578038,9.752110180845063,3.015360317155066e-17,0.00011380435650045815,3.900843430488567,0.0,0.0,0.0,0.0,0.0,0.0,0.0,0.0,0.0,0.0,0.0,0.0,0.0,0.0,0.0,0.0,0.0,0.5,0.0,0.0,1.0,0.0,0.0,0.0
0.5,-8.010073908113864e-16,-1.70554832959418e-11,4.876054514667988,0.0,0.0,0.0,0.7071067810690314,-1.289076017284746e-05,-0.7071067810690312,-1.2890760172847462e-05,6387279.780830416,2.964197041127001e-05,5.46009034247441e-18,8.605910127777787e-25,4.640781589765836e-12,9142.780830415586,0.0,-3.646058037428158e-05,1.1000695292477428e-16,-3.388132293632463e-21,-7.292117930459643e-05,1.603848399541918e-23,-1.3567169246341344e-20,-7.292117930459643e-05,1.653350044530715e-23,-1.356716864868041e-20,303.2353511250757,0.45910878139377354,30154.192945715797,228.8072761033904,0.016080099088437876,1.5707963267948968,-3.496472582827312e-12,4.876054514667988,5.458563004271892,9.752111530078103,-7.505787249688265e-17,0.00017780651678152304,4.876054511425698,0.0,0.0,0.0,0.0,0.0,0.0,0.0,0.0,0.0,0.0,0.0,0.0,0.0,0.0,0.0,0.0,0.0,0.5,0.0,0.0,1.0,0.0,0.0,0.0
0.6000000000000001,-9.389639867061492e-16,-3.533925841916381e-11,5.851265746557091,0.0,0.0,0.0,0.7071067810173459,-1.546891220704028e-05,-0.7071067810173458,-1.546891220704028e-05,6387279.244620439,5.1201716271341135e-05,-1.3912701279204068e-18,-2.1928477270738865e-25,8.016201313644583e-12,9142.244620438665,0.0,-4.375269889640131e-05,1.2282906223496474e-16,-3.388132773639693e-21,-7.292119154801466e-05,-5.224840303645081e-24,-1.1282854861508002e-20,-7.292119154801466e-05,-4.7311849473542726e-24,-1.1282855079309489e-20,303.23765348385075,0.4591385082550224,30156.60538107022,228.81075148341353,0.019295973568363954,1.5707963267948968,-6.039592107050953e-12,5.851265746557091,7.859833912143352,9.752113178661439,-3.361698505246724e-17,0.00025600863295100135,5.851265740956558,0.0,0.0,0.0,0.0,0.0,0.0,0.0,0.0,0.0,0.0,0.0,0.0,0.0,0.0,0.0,0.0,0.0,0.5,0.0,0.0,1.0,0.0,0.0,0.0
0.7000000000000001,-1.1069273658264102e-15,-6.54961017803094e-11,6.826477158607548,0.0,0.0,0.0,0.7071067809562303,-1.8047064241026793e-05,-0.7071067809562301,-1.8047064241026796e-05,6387278.610577263,8.132238965189366e-05,1.834376976360059e-18,2.891250021128324e-25,1.273193086164188e-11,9141.610577262938,0.0,-5.104481875883086e-05,1.364087183733064e-16,-1.0164397105269784e-20,-7.292120602528707e-05,-2.722729473054865e-24,-1.1641925612072422e-20,-7.292120602528707e-05,-2.127824977954594e-24,-1.1641925726254525e-20,303.24037591523455,0.4591736588757153,30159.45797285178,228.81486095746573,0.022511768453509374,1.5707963267948968,-9.592532090847064e-12,6.826477158607548,10.69962723357181,9.752115128034534,-2.6707992351527745e-16,0.00034847898002698854,6.82647714971236,0.0,0.0,0.0,0.0,0.0,0.0,0.0,0.0,0.0,0.0,0.0,0.0,0.0,0.0,0.0,0.0,0.0,0.5,0.0,0.0,1.0,0.0,0.0,0.0
0.8,-1.2581937951945711e-15,-1.1172294351595519e-10,7.801688779886617,0.0,0.0,0.0,0.7071067808857295,-2.062521627477372e-05,-0.7071067808857294,-2.0625216274773725e-05,6387277.87916897,0.00012138520847069161,-6.096076924998543e-18,-9.60832194701573e-25,1.9004216003225006e-11,9140.879168969579,0.0,-5.833694017781598e-05,1.598659452764157e-16,-9.035021155189336e-21,-7.292122272572785e-05,-7.718337341832051e-23,-7.232771152577592e-21,-7.292122272572785e-05,-7.67616246283984e-23,-7.232775646535408e-21,303.24351640939705,0.4592142073059734,30162.748615139993,228.81960149173563,0.02572747090483434,1.5707963267948968,-1.4318217063964858e-11,7.801688779886617,13.976045648444336,9.752117376758536,-5.164081446537415e-17,0.0004551492960190976,7.801688766609287,0.0,0.0,0.0,0.0,0.0,0.0,0.0,0.0,0.0,0.0,0.0,0.0,0.0,0.0,0.0,0.0,0.0,0.5,0.0,0.0,1.0,0.0,0.0,0.0
0.9,-1.4192756820305872e-15,-1.7890509820746605e-10,8.776900640185685,0.0,0.0,0.0,0.7071067808058439,-2.3203368308246963e-05,-0.7071067808058438,-2.3203368308246966e-05,6387277.050395536,0.00017280579835076164,-1.1509343371801568e-17,-1.8140435617019014e-24,2.705468965684846e-11,9140.050395536236,0.0,-6.562906337498964e-05,1.3769487029817866e-16,-6.776267303326435e-21,-7.292124164933974e-05,-3.1080600530035005e-23,-1.019882929316373e-20,-7.292124164933974e-05,-3.041126084954898e-23,-1.0198831310990366e-20,303.24707496643435,0.45926015354703564,30166.477308035417,228.8249730863681,0.028943067764650915,1.5707963267948968,-2.038363034307759e-11,8.776900640185685,17.6893198547455,9.752119924833817,-1.917306152489619e-16,0.0005760195890321325,8.776900621283877,0.0,0.0,0.0,0.0,0.0,0.0,0.0,0.0,-0.0,0.0,0.0,0.0,0.0,0.0,0.0,0.0,0.0,0.5,0.0,0.0,1.0,0.0,0.0,0.0
1.0,-1.5765123838967443e-15,-2.727321798983442e-10,9.752112770727129,0.0,0.0,0.0,0.707106780716528,-2.5781520341410756e-05,-0.7071067807165279,-2.578152034141076e-05,6387276.123788837,0.00023706778098167103,-9.489413491748638e-18,-1.495672810527271e-24,3.7115630579001757e-11,9139.123788837032,0.0,-7.292118858263054e-05,1.3480101488123054e-16,-9.035023121594207e-21,-7.29212628068143e-05,-8.491715568689412e-25,-1.1759170309342825e-20,-7.29212628068143e-05,8.42689895043252e-27,-1.1759170338133092e-20,303.25105359636825,0.4593115235512597,30170.646157659667,228.83097877546427,0.03215854524461585,1.5707963267948968,-2.7963776044383537e-11,9.752112770727129,21.84181404238078,9.752122773699991,-3.707747695286749e-18,0.0007111581374583918,9.752112744796229,0.0,0.0,0.0,0.0,0.0,0.0,0.0,0.0,0.0,0.0,0.0,0.0,0.0,0.0,0.0,0.0,0.0,0.5,0.0,0.0,1.0,0.0,0.0,0.0
1.1,-1.7463360112498062e-15,-3.992936299514924e-10,10.727325200147314,0.0,0.0,0.0,0.707106780617827,-2.8359672374232315e-05,-0.7071067806178268,-2.835967237423232e-05,6387275.099816943,0.00031553189410732916,-5.899492275602383e-18,-9.298479441125228e-25,4.940007894170172e-11,9138.099816942276,0.0,-8.021331601377892e-05,1.788101660115012e-16,-1.3552535987808093e-20,-7.292128618746673e-05,-4.663176970761839e-23,-9.899285064863556e-21,-7.292128618746673e-05,-4.583686862135501e-23,-9.899288754215962e-21,303.2554502894154,0.4593682913693685,30175.25305814113,228.83761552528318,0.03537389070041278,1.5707963267948968,-3.721916346567843e-11,10.727325200147314,26.431720260829668,9.752125921918358,-9.146503497249143e-17,0.0008604966824471836,10.727325165633859,0.0,0.0,0.0,0.0,0.0,0.0,0.0,0.0,0.0,0.0,0.0,0.0,0.0,0.0,0.0,0.0,0.0,0.5,0.0,0.0,1.0,0.0,0.0,0.0
1.2000000000000002,-1.897894245692993e-15,-5.654289123336614e-10,11.702537958237762,0.0,0.0,0.0,0.707106780509741,-3.093782440667753e-05,-0.7071067805097409,-3.093782440667754e-05,6387273.978479826,0.00040961376393419484,-1.3542671760815484e-17,-2.1345273676501265e-24,6.412966866839853e-11,9136.978479825892,0.0,-8.750544589006869e-05,1.5870740706876085e-16,-1.3552537333922503e-20,-7.292131179130092e-05,2.1505742510927077e-23,-1.2714523282190191e-20,-7.292131179130092e-05,2.2618332456257982e-23,-1.2714521351641763e-20,303.260265045688,0.45943045700280793,30180.298009597136,228.84488333599384,0.03858909097924419,1.5707963267948968,-4.831677661302856e-11,11.702537958237762,31.459361488368714,9.752129369489431,1.4255437520818579e-16,0.0010240352353452643,11.702537913433455,0.0,0.0,0.0,0.0,0.0,0.0,0.0,0.0,0.0,0.0,0.0,0.0,0.0,0.0,0.0,0.0,0.0,0.5,0.0,0.0,1.0,0.0,0.0,0.0
1.3,-2.0691945869494737e-15,-7.788897950986208e-10,12.677751076652008,0.0,0.0,0.0,0.7071067803922249,-3.351597643871014e-05,-0.7071067803922247,-3.351597643871015e-05,6387272.759309349,0.0005208174935063963,-2.382531957423992e-17,-3.755226986905838e-24,8.153988614686918e-11,9135.75930934834,0.0,-9.479757844698616e-05,1.579042044568068e-16,-1.3552540018992e-20,-7.292133962900958e-05,-1.45498521580747e-23,-1.142378275897557e-20,-7.292133962900958e-05,-1.3467338213226154e-23,-1.1423784099066757e-20,303.26549987526624,0.4594980464046928,30185.783118210755,228.85278524178597,0.04180413210793194,1.5707963267948968,-6.143403622159801e-11,12.677751076652008,36.92719929550217,9.752133117852994,1.5212384917676635e-16,0.00120184207796606,12.677751019684024,0.0,0.0,0.0,0.0,0.0,0.0,0.0,0.0,0.0,0.0,0.0,0.0,0.0,0.0,0.0,0.0,0.0,0.5,0.0,0.0,1.0,0.0,0.0,0.0
1.4000000000000001,-2.2290143271284602e-15,-1.0476299803435587e-09,13.65296458359558,0.0,0.0,0.0,0.7071067802653236,-3.609412847029785e-05,-0.7071067802653235,-3.609412847029786e-05,6387271.442773575,0.0006504833405809245,-3.3149906951195155e-17,-5.22492261053684e-24,1.018405662736941e-10,9134.442773574963,0.0,-0.00010208971389436626,1.6702092751052294e-16,-1.3552544185199832e-20,-7.292136968990898e-05,4.379271853625592e-24,-1.2108299808434233e-20,-7.292136968990898e-05,5.614925117403855e-24,-1.2108299312524276e-20,303.27115276838845,0.4595710336260214,30191.706278132715,228.86131820895068,0.04501900163845057,1.5707963267948968,-7.672903657503954e-11,13.65296458359558,42.83351376722239,9.752137165570476,3.7125888865352e-17,0.001393848954551701,13.65296451244449,0.0,0.0,0.0,0.0,0.0,0.0,0.0,0.0,0.0,0.0,0.0,0.0,0.0,0.0,0.0,0.0,0.0,0.5,0.0,0.0,1.0,0.0,0.0,0.0
1.5,-2.3887512887898075e-15,-1.3804431049077904e-09,14.628178508860175,0.0,0.0,0.0,0.7071067801290373,-3.867228050140657e-05,-0.7071067801290372,-3.867228050140658e-05,6387270.028872465,0.0008000269321421459,-4.782106475255271e-17,-7.53731884010838e-24,1.2525334431232329e-10,9133.028872464783,0.0,-0.00010938185245384432,1.8606707147643054e-16,-2.0328814039627126e-20,-7.292140197400416e-05,-3.8770791354873826e-23,-1.0719433510829391e-20,-7.292140197400416e-05,-3.759827963060713e-23,-1.0719437687524623e-20,303.27722372523056,0.4596494186690657,30198.067489547393,228.8704822377536,0.04823368642451475,1.5707963267948968,-9.436876259553892e-11,14.628178508860175,49.178720163247924,9.752141512642561,-2.3841166882336895e-16,0.0016000558796909249,14.62817842135171,0.0,0.0,0.0,0.0,0.0,0.0,0.0,0.0,-0.0,0.0,0.0,0.0,0.0,0.0,0.0,0.0,0.0,0.5,0.0,0.0,1.0,0.0,0.0,0.0
1.6,-2.530178194696455e-15,-1.787171388920563e-09,15.603392884530544,0.0,0.0,0.0,0.7071067799833208,-4.1250432531999535e-05,-0.7071067799833207,-4.125043253199954e-05,6387268.517137875,0.0009709728527953816,-6.971944581718045e-17,-1.0988835579463065e-23,1.5201691463776468e-10,9131.51713787485,0.0,-0.00011667399436411461,1.6893034197671245e-16,-1.581130737228652e-20,-7.292143649198899e-05,-4.172006109898262e-23,-1.0619755562216141e-20,-7.292143649198899e-05,-4.0481983560523734e-23,-1.0619760390445606e-20,303.2837147558876,0.45973322748712975,30204.86885865321,228.88028036240664,0.05144817230984547,1.5707963267948968,-1.1453305188396522e-10,15.603392884530544,55.96537877095951,9.752146160509175,3.0569691416417976e-17,0.0018205311386652265,15.603392778323668,0.0,0.0,0.0,0.0,0.0,0.0,0.0,0.0,0.0,0.0,0.0,0.0,0.0,0.0,0.0,0.0,0.0,0.5,0.0,0.0,1.0,0.0,0.0,0.0
1.7000000000000002,-2.6769193585807606e-15,-2.277604551123845e-09,16.578607738381407,0.0,0.0,0.0,0.7071067798282193,-4.382858456204496e-05,-0.7071067798282192,-4.3828584562044964e-05,6387266.90803786,0.001164640880494825,-6.69732920612697e-17,-1.0556003030062941e-23,1.8233790718833396e-10,9129.908037859946,0.0,-0.00012396613983180717,1.8024796148482162e-16,-2.2587578140125575e-20,-7.292147323318083e-05,-2.3842722759851084e-23,-1.1143781831511841e-20,-7.292147323318083e-05,-2.24615024216181e-23,-1.1143784709682337e-20,303.29062385064304,0.45982243413179724,30212.108279648404,228.8907095492693,0.05466244704424477,1.5707963267948968,-1.3737758392530494e-10,16.578607738381407,63.19185637712428,9.7521511077319,-1.4381883634933341e-16,0.0020552064787626874,16.57860761099072,0.0,0.0,0.0,0.0,0.0,0.0,0.0,0.0,0.0,0.0,0.0,0.0,0.0,0.0,0.0,0.0,0.0,0.5,0.0,0.0,1.0,0.0,0.0,0.0
1.8,-2.8274110321081583e-15,-2.8624904314290974e-09,17.553823100204685,0.0,0.0,0.0,0.7071067796637328,-4.640673659150871e-05,-0.7071067796637327,-4.640673659150872e-05,6387265.201572371,0.0013824466431972251,-7.619438910348175e-17,-1.2009390515087547e-23,2.1643795890248998e-10,9128.201572370715,0.0,-0.00013125828907855887,1.6452038227203386e-16,-2.710508992059595e-20,-7.292151219758578e-05,1.9219342693730254e-23,-1.2290666505451905e-20,-7.292151219758578e-05,2.0832594380676125e-23,-1.2290663876877534e-20,303.29795100970887,0.45991703860580463,30219.78575275504,228.90176979866155,0.057876497489568496,1.5707963267948968,-1.6306934478539434e-10,17.553823100204685,70.85866052431156,9.75215635431156,1.3122443230223117e-16,0.002304081917814065,17.553822948989943,0.0,0.0,0.0,0.0,0.0,0.0,0.0,0.0,-0.0,0.0,0.0,0.0,0.0,0.0,0.0,0.0,0.0,0.5,0.0,0.0,1.0,0.0,0.0,0.0
1.9000000000000001,-2.9880397722909996e-15,-3.5537900073709886e-09,18.529039002516388,0.0,0.0,0.0,0.707106779489816,-4.8984888620353574e-05,-0.7071067794898159,-4.898488862035358e-05,6387263.397273253,0.0016259352072785398,-8.754432766082134e-17,-1.379831677338298e-23,2.5455897250326723e-10,9126.397273252407,0.0,-0.00013855044234627244,1.6815618393386568e-16,-2.7105097113026876e-20,-7.292155339589899e-05,9.644172080715044e-24,-1.2025545140586687e-20,-7.292155339589899e-05,1.1310379684005526e-23,-1.202554368640538e-20,303.3056982432308,0.46001706686310995,30227.903384224628,228.91346414487165,0.06109030930818224,1.5707963267948968,-1.9179058918330647e-10,18.529039002516388,78.96845155347167,9.752161901688256,6.771267082500728e-17,0.0025672257446158683,18.52903882466834,0.0,0.0,0.0,0.0,0.0,0.0,0.0,0.0,0.0,0.0,0.0,0.0,0.0,0.0,0.0,0.0,0.0,0.5,0.0,0.0,1.0,0.0,0.0,0.0
2.0,-3.15102717780416e-15,-4.3631007766363975e-09,19.50425547266048,0.0,0.0,0.0,0.7071067793065143,-5.1563040648548235e-05,-0.7071067793065142,-5.156304064854824e-05,6387261.495608554,0.001896405871071471,-8.183495566988872e-17,-1.2898436820498218e-23,2.969043732830471e-10,9124.495608554222,0.0,-0.00014584259983837323,1.4477223807594572e-16,-1.8070079190229162e-20,-7.29215968174388e-05,8.01687741471566e-23,-1.3730746951197987e-20,-7.29215968174388e-05,8.21713175955506e-23,-1.3730735112567975e-20,303.3138635415163,0.46012249295560687,30236.459068280532,228.92578955429545,0.06430387044923278,1.5707963267948968,-2.2369458202161113e-10,19.50425547266048,87.51968161965824,9.7521677484237,5.215498677531956e-16,0.0028445697094552727,19.50425526522776,0.0,0.0,0.0,0.0,0.0,0.0,0.0,0.0,0.0,0.0,0.0,0.0,0.0,0.0,0.0,0.0,0.0,0.5,0.0,0.0,1.0,0.0,0.0,0.0
2.1,-3.302936758927882e-15,-5.303124819151394e-09,20.47947254042914,0.0,0.0,0.0,0.7071067791138275,-5.414119267605859e-05,-0.7071067791138274,-5.4141192676058595e-05,6387259.496578216,0.002195274263699626,-8.180711199978476e-17,-1.2894052303501088e-23,3.436958001903131e-10,9122.496578215621,0.0,-0.00015313476177650014,9.43822611451943e-17,-2.7105086750928826e-20,-7.292164246221243e-05,6.894309928775189e-23,-1.335731101488058e-20,-7.292164246221243e-05,7.098856711162915e-23,-1.335730030067936e-20,303.32244690482526,0.4602333168866511,30245.452805195117,228.93874602732532,0.06751716778433832,1.5707963267948968,-2.589483107380982e-10,20.47947254042914,96.51295055006803,9.752173894518872,-6.88479823168852e-16,0.003136113833405102,20.479472300305517,0.0,0.0,0.0,0.0,0.0,0.0,0.0,0.0,-0.0,0.0,0.0,0.0,0.0,0.0,0.0,0.0,0.0,0.5,0.0,0.0,1.0,0.0,0.0,0.0
2.2,-3.454565134892372e-15,-6.38797018247227e-09,21.45469023876969,0.0,0.0,0.0,0.7071067789117105,-5.67193447028469e-05,-0.7071067789117104,-5.6719344702846904e-05,6387257.399714072,0.0025241059335218527,-9.733747650467661e-17,-1.5341880411118242e-23,3.9517836466177446e-10,9120.399714071924,0.0,-0.00016042692840576462,1.7441945074844037e-16,-2.710512320737423e-20,-7.292169034091626e-05,-9.45829013049863e-24,-1.1568839467398368e-20,-7.292169034091626e-05,-7.602025742844468e-24,-1.156884082113467e-20,303.3314503433461,0.4603495646107518,30254.886701264568,228.95233659831385,0.07073018679628165,1.5707963267948968,-2.9773644742244044e-10,21.45469023876969,105.95102007621466,9.75218034141404,-5.026358678628443e-17,0.0034419264088238356,21.4546899626777,0.0,0.0,0.0,0.0,0.0,0.0,0.0,0.0,0.0,0.0,0.0,0.0,0.0,0.0,0.0,0.0,0.0,0.5,0.0,0.0,1.0,0.0,0.0,0.0
2.3000000000000003,-3.5974134922208876e-15,-7.631013911733964e-09,22.429908594595375,0.0,0.0,0.0,0.7071067787002084,-5.929749672888234e-05,-0.7071067787002083,-5.929749672888235e-05,6387255.205484166,0.0028841796994278543,-1.0697015611185296e-16,-1.6860144398503252e-23,4.515522876513694e-10,9118.20548416581,0.0,-0.0001677190999263876,1.5346543072135708e-16,-1.3552596511565527e-20,-7.292174044286966e-05,-1.305127684660186e-22,-9.048881115963322e-21,-7.292174044286966e-05,-1.2899561940221134e-22,-9.048902903644486e-21,303.34087184741435,0.4604712101801636,30264.758650741594,228.9665582336992,0.0739429156350421,1.5707963267948968,-3.4020984260550345e-10,22.429908594595375,115.8324263882722,9.752187087671048,-3.9711477479962143e-16,0.003761939188950889,22.429908279117665,0.0,0.0,0.0,0.0,0.0,0.0,0.0,0.0,0.0,0.0,0.0,0.0,0.0,0.0,0.0,0.0,0.0,0.5,0.0,0.0,1.0,0.0,0.0,0.0
2.4000000000000004,-3.757066107903722e-15,-9.046912370548823e-09,23.405127637698705,0.0,0.0,0.0,0.7071067784793215,-6.187564875413083e-05,-0.7071067784793214,-6.187564875413083e-05,6387252.913888429,0.0032769111919025698,-1.152298606320252e-16,-1.8162007619399e-23,5.130392104526284e-10,9115.913888429292,0.0,-0.00017501127656001036,1.425583350502122e-16,-1.355260029409378e-20,-7.292179276808096e-05,-9.509125887807402e-23,-9.844252543277003e-21,-7.292179276808096e-05,-9.33684022262183e-23,-9.844269034559981e-21,303.35071141732186,0.4605982535986559,30275.06865393207,228.981410933922,0.07715534118362458,1.5707963267948968,-3.8653548532574273e-10,23.405127637698705,126.15786160009577,9.752194133291026,-5.974350863239806e-16,0.004096152198101214,23.405127279263084,0.0,0.0,0.0,0.0,0.0,0.0,0.0,0.0,0.0,0.0,0.0,0.0,0.0,0.0,0.0,0.0,0.0,0.5,0.0,0.0,1.0,0.0,0.0,0.0
2.5,-3.913367998637323e-15,-1.0651948996092138e-08,24.380347401458348,0.0,0.0,0.0,0.7071067782490043,-6.445380077855412e-05,-0.7071067782490041,-6.445380077855412e-05,6387250.524458686,0.0037038864415028004,-1.0863440222673766e-16,-1.7122467850955168e-23,5.798874535864387e-10,9113.5244586862,0.0,-0.0001823034585549535,1.5110397236098523e-16,-1.3552614809353414e-20,-7.29218473272478e-05,8.141948519131475e-23,-1.3269071994050994e-20,-7.29218473272478e-05,8.383825283262124e-23,-1.3269056942481273e-20,303.36097106330635,0.460730720821374,30285.818817183866,228.99689773340938,0.08036744874702002,1.5707963267948968,-4.36900465281481e-10,24.380347401458348,136.93019017112744,9.752201479714408,5.225312921562776e-16,0.004444633732242222,24.380346996319116,0.0,0.0,0.0,0.0,0.0,0.0,0.0,0.0,0.0,0.0,0.0,0.0,0.0,0.0,0.0,0.0,0.0,0.5,0.0,0.0,1.0,0.0,0.0,0.0
2.6,-4.0910304985609446e-15,-1.2461252155563809e-08,25.35556791235686,0.0,0.0,0.0,0.7071067780093019,-6.70319528021219e-05,-0.7071067780093018,-6.703195280212191e-05,6387248.037662971,0.004166363787850933,-9.485436103084906e-17,-1.4950525338265208e-23,6.522940339709481e-10,9111.037662970833,0.0,-0.00018959564610823392,1.8823417966078554e-16,-2.7105177135112726e-20,-7.29219041096905e-05,7.928645526212702e-23,-1.3260129574989633e-20,-7.29219041096905e-05,8.180102831919469e-23,-1.3260114276350604e-20,303.3716487757393,0.4608685859010377,30297.007034787395,229.01301559865368,0.08357922667750044,1.5707963267948968,-4.914532188406383e-10,25.35556791235686,148.1480309938051,9.752209125503178,5.20567689501892e-16,0.004807315547518726,25.355567456630684,0.0,0.0,0.0,0.0,0.0,0.0,0.0,0.0,0.0,0.0,0.0,0.0,0.0,0.0,0.0,0.0,0.0,0.5,0.0,0.0,1.0,0.0,0.0,0.0
2.7,-4.2409801828706574e-15,-1.449143254678235e-08,26.33078920018712,0.0,0.0,0.0,0.7071067777602146,-6.961010482480004e-05,-0.7071067777602145,-6.961010482480006e-05,6387245.453501205,0.004665758862987704,-1.0107798208508396e-16,-1.5931471489752055e-23,7.304805955797646e-10,9108.45350120496,0.0,-0.00019688783944149554,1.9845574298054446e-16,-5.421025359235617e-20,-7.29219631154186e-05,1.1586285845077026e-22,-1.3864090789394482e-20,-7.29219631154186e-05,1.185925270687775e-22,-1.386406770868726e-20,303.3827445549565,0.461011848841984,30308.633307094635,229.029764530162,0.08679066187107226,1.5707963267948968,-5.503607368775474e-10,26.33078920018712,159.81216847107382,9.752217070658617,7.650895934741482e-16,0.005184197671487865,26.33078868983581,0.0,0.0,0.0,0.0,0.0,0.0,0.0,0.0,-0.0,0.0,0.0,0.0,0.0,0.0,0.0,0.0,0.0,0.5,0.0,0.0,1.0,0.0,0.0,0.0
2.8000000000000003,-4.4045087429327605e-15,-1.6760977324133098e-08,27.3060112987592,0.0,0.0,0.0,0.707106777501697,-7.218825684654985e-05,-0.7071067775016969,-7.218825684654988e-05,6387242.771505206,0.005203678179885756,-9.262927923264399e-17,-1.4599829901345135e-23,8.146986683933142e-10,9105.771505205892,0.0,-0.00020418003880626838,1.5416942544573523e-16,-5.42102340934619e-20,-7.292202435513089e-05,-7.719701579412787e-24,-1.1696236157168055e-20,-7.292202435513089e-05,-5.331544909576332e-24,-1.1696237488294352e-20,303.39426041122385,0.4611605355997197,30320.69974048277,229.04714756240372,0.09000173945675287,1.5707963267948968,-6.138125269650279e-10,27.3060112987592,171.92557112792974,9.752225316621324,-2.4761522756178522e-17,0.005575348403772961,27.306010729568833,0.0,0.0,0.0,0.0,0.0,0.0,0.0,0.0,0.0,0.0,0.0,0.0,0.0,0.0,0.0,0.0,0.0,0.5,0.0,0.0,1.0,0.0,0.0,0.0
2.9000000000000004,-4.561587855729746e-15,-1.928673795739786e-08,28.281234234125026,0.0,0.0,0.0,0.7071067772337944,-7.476640886734151e-05,-0.7071067772337943,-7.476640886734154e-05,6387239.992142997,0.005781359599073015,-8.457035665701548e-17,-1.3329622908147446e-23,9.051420655917676e-10,9102.992142997062,0.0,-0.00021147224439636565,1.3852378767579195e-16,-5.421023387455539e-20,-7.292208781814875e-05,-1.8590841587788588e-22,-8.789169837856439e-21,-7.292208781814875e-05,-1.8405056172445684e-22,-8.789209005490725e-21,303.40619433495925,0.46131462022756703,30333.20422929111,229.06516166194163,0.09321244799053875,1.5707963267948968,-6.819546115068202e-10,28.281234234125026,184.48693922653752,9.752233861953416,-1.1543964299684584e-15,0.005980699503377391,28.281233601746283,0.0,0.0,0.0,0.0,0.0,0.0,0.0,0.0,0.0,0.0,0.0,0.0,0.0,0.0,0.0,0.0,0.0,0.5,0.0,0.0,1.0,0.0,0.0,0.0
3.0,-4.731410609748493e-15,-2.208727953562037e-08,29.256458036077873,0.0,0.0,0.0,0.7071067769565067,-7.734456088714086e-05,-0.7071067769565066,-7.734456088714089e-05,6387237.115414494,0.006400218754340478,-8.250420211831318e-17,-1.300397024297039e-23,1.0020324341638508e-09,9100.115414493717,0.0,-0.0002187644564334342,1.515388813000103e-16,-5.421026047116236e-20,-7.29221535044828e-05,8.82795007577562e-23,-1.3237413102481886e-20,-7.29221535044828e-05,9.117537410417186e-23,-1.323739347330773e-20,303.4185463265267,0.4614741027302243,30346.146773900953,229.08380682932508,0.0964227743830572,1.5707963267948968,-7.549539834378869e-10,29.256458036077873,197.49714946156607,9.752242706656327,5.794557069511758e-16,0.006400251001100555,29.25645733600657,0.0,0.0,0.0,0.0,0.0,0.0,0.0,0.0,-0.0,0.0,0.0,0.0,0.0,0.0,0.0,0.0,0.0,0.5,0.0,0.0,1.0,0.0,0.0,0.0
3.1,-4.88715769723529e-15,-2.5183321265220926e-08,30.231682738859284,0.0,0.0,0.0,0.7071067766697888,-7.992271290590874e-05,-0.7071067766697887,-7.992271290590877e-05,6387234.1408514995,0.007061882641297327,-9.850660249282915e-17,-1.5526209518946522e-23,1.1056245139297465e-09,9097.140851499824,0.0,-0.00022605667517221401,1.6561787192786535e-16,-5.421029184056013e-20,-7.292222142483312e-05,2.385050536006077e-23,-1.2210753905914282e-20,-7.292222142483312e-05,2.6610305550328053e-23,-1.2210748236572742e-20,303.4313099086294,0.46163974331894864,30359.60736235637,229.10308639021514,0.0996327063764187,1.5707963267948968,-8.330025684606367e-10,30.231682738859284,210.9596113741008,9.752251852170827,1.7415086993447457e-16,0.00683407120026867,30.231681966413266,0.0,0.0,0.0,0.0,0.0,0.0,0.0,0.0,0.0,0.0,0.0,0.0,0.0,0.0,0.0,0.0,0.0,0.5,0.0,0.0,1.0,0.0,0.0,0.0
3.2,-5.038412865541115e-15,-2.8593409505288076e-08,31.206908368090577,0.0,0.0,0.0,0.707106776373686,-8.250086492361579e-05,-0.7071067763736859,-8.250086492361581e-05,6387231.0689220335,0.007767568641547063,-1.321886118076748e-16,-2.0835040746919174e-23,1.216108914624625e-09,9094.068922033533,0.0,-0.00023334890080331476,1.5288885180522256e-16,-5.421029467555035e-20,-7.292229156852207e-05,-2.758844965016983e-22,-7.741660888045395e-21,-7.292229156852207e-05,-2.740777623768096e-22,-7.741725039950561e-21,303.4444909276699,0.4618108364364075,30373.511803448157,229.12299704176806,0.10284223033760567,1.5707963267948968,-9.162439752218129e-10,31.206908368090577,224.87284018474708,9.752261297059169,7.342953680272336e-18,0.007282091862696846,31.20690751845453,0.0,0.0,0.0,0.0,0.0,0.0,0.0,0.0,0.0,0.0,0.0,0.0,0.0,0.0,0.0,0.0,0.0,0.5,0.0,0.0,1.0,0.0,0.0,0.0
3.3000000000000003,-5.188190229549188e-15,-3.233806379988484e-08,32.18213495356548,0.0,0.0,0.0,0.7071067760681982,-8.507901694022791e-05,-0.707106776068198,-8.507901694022794e-05,6387227.899626001,0.008518692390825432,-1.3068391499793966e-16,-2.0597886734541233e-23,1.3337072865873846e-09,9090.899626000784,0.0,-0.0002406411335483867,1.1337399191481122e-16,-5.421025983202182e-20,-7.292236393556134e-05,1.0313118726557653e-23,-1.1972520156433119e-20,-7.292236393556134e-05,1.3194199222019443e-23,-1.1972517328019286e-20,303.4580897266694,0.4619873524483613,30387.85695377579,229.14353877284245,0.10605133309364913,1.5707963267948968,-1.004845198944829e-09,32.18213495356548,239.23779667897685,9.752271041322926,9.552813841340088e-17,0.007744313022426831,32.18213402176923,0.0,0.0,0.0,0.0,0.0,0.0,0.0,0.0,-0.0,0.0,0.0,0.0,0.0,0.0,0.0,0.0,0.0,0.5,0.0,0.0,1.0,0.0,0.0,0.0
3.4000000000000004,-5.340093631661517e-15,-3.644026375028952e-08,33.15736252995704,0.0,0.0,0.0,0.7071067757532801,-8.76571689557054e-05,-0.70710677575328,-8.765716895570543e-05,6387224.632495197,0.009316901367601643,-1.6106498182176014e-16,-2.538644452858684e-23,1.4586775798630385e-09,9087.632495196847,0.0,-0.00024793337366538004,1.8601234500439394e-16,-7.228041604032219e-20,-7.292243853665235e-05,1.1590017910352972e-22,-1.3422247040426436e-20,-7.292243853665235e-05,1.192277235348866e-22,-1.3422217911970285e-20,303.47210831459824,0.4621693174317783,30402.644932569256,229.16471461809823,0.10925999943766854,1.5707963267948968,-1.0990005837310382e-09,33.15736252995704,254.0576664940245,9.752281086403046,7.624107579592831e-16,0.008220802986534726,33.157361510850194,0.0,0.0,0.0,0.0,0.0,0.0,0.0,0.0,0.0,0.0,0.0,0.0,0.0,0.0,0.0,0.0,0.0,0.5,0.0,0.0,1.0,0.0,0.0,0.0
3.5,-5.492902864247693e-15,-4.092022239692865e-08,34.13259112245602,0.0,0.0,0.0,0.7071067754289769,-9.023532097001937e-05,-0.7071067754289768,-9.02353209700194e-05,6387221.26799763,0.010163392474722003,-1.5040629813981729e-16,-2.3706476268583166e-23,1.5912072010298989e-09,9084.267997630252,0.0,-0.00025522562134170116,1.9490408001126831e-16,-5.421041904126409e-20,-7.292251536111842e-05,7.1723419634225e-23,-1.2773853551765615e-20,-7.292251536111842e-05,7.498330991304829e-23,-1.2773834853799666e-20,303.486544683328,0.4623567053206177,30417.87362148662,229.1865215441472,0.1124682183449407,1.5707963267948968,-1.1988513246559856e-09,34.13259112245602,269.33131310022384,9.752291430861911,4.855197842723319e-16,0.00871149351960055,34.132590010757255,0.0,0.0,0.0,0.0,0.0,0.0,0.0,0.0,0.0,0.0,0.0,0.0,0.0,0.0,0.0,0.0,0.0,0.5,0.0,0.0,1.0,0.0,0.0,0.0
3.6,-5.64645182540886e-15,-4.580041380951691e-08,35.10782076085664,0.0,0.0,0.0,0.7071067750952887,-9.281347298313578e-05,-0.7071067750952886,-9.28134729831358e-05,6387217.806133197,0.011059581350061468,-1.614713895947516e-16,-2.5450528361325698e-23,1.7315178041121017e-09,9080.80613319669,0.0,-0.0002625178767990042,1.4007345569474987e-16,-8.131540547613934e-20,-7.292259440897231e-05,1.7357049085522572e-22,-1.4073580981148023e-20,-7.292259440897231e-05,1.7726505143005965e-22,-1.4073534930846926e-20,303.5013988333061,0.46254951612068895,30433.543021,229.2089595516654,0.11567597676918491,1.5707963267948968,-1.3045644194635386e-09,35.10782076085664,285.0598026928465,9.75230207470125,1.1291258976095758e-15,0.009216384658908493,35.10781955112978,0.0,0.0,0.0,0.0,0.0,0.0,0.0,0.0,-0.0,0.0,0.0,0.0,0.0,0.0,0.0,0.0,0.0,0.5,0.0,0.0,1.0,0.0,0.0,0.0
3.7,-5.806985010923917e-15,-5.110610633462102e-08,36.08305148026352,0.0,0.0,0.0,0.7071067747521704,-9.53916249950144e-05,-0.7071067747521703,-9.539162499501442e-05,6387214.246433684,0.012007135955175583,-1.5587096580671737e-16,-2.4567823873729258e-23,1.8798705497694253e-09,9077.246433683671,0.0,-0.0002698101402984499,1.7896573370247678e-16,-5.421044483909128e-20,-7.292267569091684e-05,1.6690304608577517e-22,-1.393614837279696e-20,-7.292267569091684e-05,1.706631254256173e-22,-1.3936102835194042e-20,303.51667277353636,0.4627477759093925,30449.65525037453,229.23203167536306,0.11888325933320708,1.5707963267948968,-1.4163366309207692e-09,36.08305148026352,301.2464294897275,9.752313019362186,1.0887423391883601e-15,0.009735544715331548,36.083050166889926,0.0,0.0,0.0,0.0,0.0,0.0,0.0,0.0,0.0,0.0,0.0,0.0,0.0,0.0,0.0,0.0,0.0,0.5,0.0,0.0,1.0,0.0,0.0,0.0
3.8000000000000003,-5.96970155279399e-15,-5.6859151492229406e-08,37.05828330543689,0.0,0.0,0.0,0.707106774399667,-9.796977700562687e-05,-0.7071067743996668,-9.79697770056269e-05,6387210.589367091,0.013007232714317895,-1.3966138011876393e-16,-2.201293967997366e-23,2.0364496417066345e-09,9073.589367090724,0.0,-0.0002771024120242419,1.17179119751957e-16,-5.421034727662244e-20,-7.292275919627612e-05,-8.969388893435667e-24,-1.1695104343834742e-20,-7.292275919627612e-05,-5.728722875925871e-24,-1.1695106386256618e-20,303.53236449592873,0.46295145862118914,30466.208191309004,229.25573488191023,0.12209005521999426,1.5707963267948968,-1.5343067407302402e-09,37.05828330543689,317.89013469262284,9.752324263407218,-7.108319258173972e-16,0.010268905456167834,37.05828188266921,0.0,0.0,0.0,0.0,0.0,0.0,0.0,0.0,0.0,0.0,0.0,0.0,0.0,0.0,0.0,0.0,0.0,0.5,0.0,0.0,1.0,0.0,0.0,0.0
3.9000000000000004,-6.118268560165178e-15,-6.308397795510904e-08,38.0335162661715,0.0,0.0,0.0,0.7071067740377786,-0.00010054792901493913,-0.7071067740377784,-0.00010054792901493915,6387206.834933307,0.014061287267697014,-1.6955927029560834e-16,-2.6725356676153636e-23,2.201476737968176e-09,9069.834933307022,0.0,-0.0002843946921980382,1.2127344069599025e-16,-5.421037560499268e-20,-7.292284492506415e-05,-3.134675858563232e-23,-1.1396548324218752e-20,-7.292284492506415e-05,-2.810563950886826e-23,-1.1396556778192039e-20,303.54847400095883,0.46316056426225133,30483.20184430507,229.28006917202532,0.1252963514026803,1.5707963267948968,-1.658641749388247e-09,38.0335162661715,334.99207722533663,9.752335806838232,-1.7430460591387184e-16,0.010816466921944077,38.033514728107576,0.0,0.0,0.0,0.0,0.0,0.0,0.0,0.0,0.0,0.0,0.0,0.0,0.0,0.0,0.0,0.0,0.0,0.5,0.0,0.0,1.0,0.0,0.0,0.0
4.0,-6.2666311574572445e-15,-6.980817117330962e-08,39.00875039800359,0.0,0.0,0.0,0.70710677366646,-0.0001031260810229104,-0.7071067736664599,-0.00010312608102291043,6387202.9826641055,0.015170988060183943,-2.200524097142535e-16,-3.468393496788716e-23,2.3752162102233932e-09,9065.982664105482,0.0,-0.00029168698108421033,1.4515557080153345e-16,-5.421045332739052e-20,-7.292293288798496e-05,4.7872079533688785e-23,-1.2353696500184008e-20,-7.292293288798496e-05,5.1474919906831335e-23,-1.2353682059172856e-20,303.56500329769295,0.4633751189107922,30500.63832869389,229.30503758051302,0.12850213233563296,1.5707963267948968,-1.7895408385943249e-09,39.00875039800359,352.5556612318964,9.752347651096526,3.4070036242531117e-16,0.011378297427377164,39.008748738556505,0.0,0.0,0.0,0.0,0.0,0.0,0.0,0.0,0.0,0.0,0.0,0.0,0.0,0.0,0.0,0.0,0.0,0.5,0.0,0.0,1.0,0.0,0.0,0.0
4.1000000000000005,-6.400999248064702e-15,-7.705519295023064e-08,39.98398572526292,0.0,0.0,0.0,0.7071067732857563,-0.00010570423302951293,-0.7071067732857562,-0.00010570423302951295,6387199.033027481,0.016337491037601074,-2.2864110427975683e-16,-3.60376791580655e-23,2.5578490595819787e-09,9062.033027481599,0.0,-0.0002989792788637598,1.7946263389051105e-16,-5.421056787976295e-20,-7.29230230743637e-05,-4.522219008771357e-23,-1.1201284231171555e-20,-7.29230230743637e-05,-4.1873853567975384e-23,-1.120129730459721e-20,303.58195037805854,0.46359509650149716,30518.515526192536,229.33063707406964,0.13170738741088087,1.5707963267948968,-1.9271403768714156e-09,39.98398572526292,370.57990430765284,9.752359794744734,-2.6042322081447484e-16,0.011954328742436527,39.98398393821933,0.0,0.0,0.0,0.0,0.0,0.0,0.0,0.0,0.0,0.0,0.0,0.0,0.0,0.0,0.0,0.0,0.0,0.5,0.0,0.0,1.0,0.0,0.0,0.0
4.2,-6.558173910883527e-15,-8.485142664540122e-08,40.959222277744836,0.0,0.0,0.0,0.7071067728956676,-0.00010828238503471249,-0.7071067728956675,-0.00010828238503471252,6387194.986023315,0.017562211842685117,-2.288669538965826e-16,-3.607329983673232e-23,2.7495969484437796e-09,9057.986023315229,0.0,-0.00030627158575834856,1.1320082189451503e-16,-5.421041988100886e-20,-7.292311548421543e-05,-3.336212997330479e-22,-7.937224515537687e-21,-7.292311548421543e-05,-3.31190337784939e-22,-7.93732632199571e-21,303.599315242571,0.4638204970410575,30536.8334373448,229.35686765347384,0.13491210362256276,1.5707963267948968,-2.071607367689332e-09,40.959222277744836,389.06605810903045,9.752372237784874,-2.1000201632606277e-15,0.012544560910891518,40.95922035673654,0.0,0.0,0.0,0.0,0.0,0.0,0.0,0.0,-0.0,0.0,0.0,0.0,0.0,0.0,0.0,0.0,0.0,0.5,0.0,0.0,1.0,0.0,0.0,0.0
4.3,-6.723717405738651e-15,-9.32268031785369e-08,41.93446009141723,0.0,0.0,0.0,0.7071067724961487,-0.00011086053703846802,-0.7071067724961486,-0.00011086053703846805,6387190.841183368,0.018846859403854502,-2.420216376915626e-16,-3.8146725230856375e-23,2.9507274598873703e-09,9053.841183368117,0.0,-0.00031356390203556,1.4082784219480136e-16,-5.421052459975151e-20,-7.292321012824554e-05,-3.879486104203946e-23,-1.1319984878452665e-20,-7.292321012824554e-05,-3.524564509754591e-23,-1.1319996515879139e-20,303.6170999003446,0.4640513466083087,30555.594181532433,229.38373235360288,0.13811626525851828,1.5707963267948968,-2.22314341195184e-09,41.93446009141723,408.01763805187363,9.752384981658444,-2.147611539632153e-16,0.013149062251349972,41.934458029889065,0.0,0.0,0.0,0.0,0.0,0.0,0.0,0.0,0.0,0.0,0.0,0.0,0.0,0.0,0.0,0.0,0.0,0.5,0.0,0.0,1.0,0.0,0.0,0.0
4.4,-6.8752163248283206e-15,-1.022063664458061e-07,42.90969919017941,0.0,0.0,0.0,0.7071067720872448,-0.00011343868904075212,-0.7071067720872447,-0.00011343868904075214,6387186.598975629,0.020192569188659224,-2.2632646626489445e-16,-3.5672923214535016e-23,3.1614183927010103e-09,9049.598975628303,0.0,-0.00032085622787319287,1.604639488432084e-16,-5.421061606873635e-20,-7.292330699578007e-05,7.877450622525285e-23,-1.258677516645107e-20,-7.292330699578007e-05,8.281267526601246e-23,-1.2586749277403992e-20,303.63530115538697,0.46428772245770195,30574.806614964844,229.41122818203272,0.14131986247443823,1.5707963267948968,-2.3818824651914648e-09,42.90969919017941,427.4338320539064,9.752398024928178,5.304393413345067e-16,0.013767764536405809,42.909696981452,0.0,0.0,0.0,0.0,0.0,0.0,0.0,0.0,0.0,0.0,0.0,0.0,0.0,0.0,0.0,0.0,0.0,0.5,0.0,0.0,1.0,0.0,0.0,0.0
4.5,-7.0246554588237635e-15,-1.1181845458424792e-07,43.884939603827355,0.0,0.0,0.0,0.7071067716689557,-0.00011601684104153063,-0.7071067716689556,-0.00011601684104153066,6387182.259399967,0.021600756842558556,-1.9880728597941091e-16,-3.1335451014635557e-23,3.3818914139750574e-09,9045.259399967268,0.0,-0.0003281485634929142,1.7213974483883569e-16,-5.421069078230628e-20,-7.29234060868352e-05,2.399014043806378e-24,-1.1735353908000456e-20,-7.29234060868352e-05,6.2499533725205174e-24,-1.1735352488927326e-20,303.65390852905693,0.4645305359998164,30594.567546411723,229.43935549977937,0.14452288731079502,1.5707963267948968,-2.5479915340819076e-09,43.884939603827355,447.31687481298053,9.752411367596267,3.7620599925016304e-17,0.014400667813071137,43.88493724106645,0.0,0.0,0.0,0.0,0.0,0.0,0.0,0.0,-0.0,0.0,0.0,0.0,0.0,0.0,0.0,0.0,0.0,0.5,0.0,0.0,1.0,0.0,0.0,0.0
4.6000000000000005,-7.186245378209244e-15,-1.220953723576718e-07,44.86018136876068,0.0,0.0,0.0,0.7071067712412366,-0.00011859499304076192,-0.7071067712412364,-0.00011859499304076195,6387177.821988136,0.023073151777753088,-1.549394757982777e-16,-2.442114596047357e-23,3.6124173186018396e-09,9040.821988135887,0.0,-0.00033544090916551886,1.6677462907299737e-16,-7.228074767634294e-20,-7.292350741211767e-05,1.685169031053063e-22,-1.3475969203058318e-20,-7.292350741211767e-05,1.7303720534580545e-22,-1.3475911925454067e-20,303.6729354078404,0.46477882379769325,30614.773990048332,229.46811695073757,0.14772531872597314,1.5707963267948968,-2.7216746390104064e-09,44.86018136876068,467.66953133153305,9.75242501110437,1.1035883974677572e-15,0.015047840403891758,44.86017884494287,0.0,0.0,0.0,0.0,0.0,0.0,0.0,0.0,0.0,0.0,0.0,0.0,0.0,0.0,0.0,0.0,0.0,0.5,0.0,0.0,1.0,0.0,0.0,0.0
4.7,-7.337977038341319e-15,-1.330637175696293e-07,45.835424508448284,0.0,0.0,0.0,0.7071067708041323,-0.00012117314503841911,-0.7071067708041322,-0.00012117314503841914,6387173.287208114,0.024610868983676357,-1.8536823498241522e-16,-2.9217266554387674e-23,3.85317070331699e-09,9036.28720811382,0.0,-0.0003427332650656036,1.720165185524231e-16,-5.421077221972172e-20,-7.292361096095439e-05,2.3607988073364036e-24,-1.1744372757692504e-20,-7.292361096095439e-05,6.3866457715744114e-24,-1.1744371193353816e-20,303.6923797851188,0.46503255966633,30635.423814856636,229.49750950165839,0.1509271465409092,1.5707963267948968,-2.9030633227001297e-09,45.835424508448284,488.4909739178838,9.752438954015366,4.504356783241552e-17,0.015709214084039295,45.835421816428145,0.0,0.0,0.0,0.0,0.0,0.0,0.0,0.0,0.0,0.0,0.0,0.0,0.0,0.0,0.0,0.0,0.0,0.5,0.0,0.0,1.0,0.0,0.0,0.0
4.800000000000001,-7.49192791831789e-15,-1.4475378323242222e-07,46.810669052686826,0.0,0.0,0.0,0.707106770357643,-0.00012375129703446808,-0.7071067703576429,-0.0001237512970344681,6387168.655059763,0.02621532410870472,-2.470319443973361e-16,-3.893657092679278e-23,4.1043732402365115e-09,9031.65505976323,0.0,-0.00035002563141484056,1.3238699540665103e-16,-5.421065199007635e-20,-7.292371673336272e-05,-1.1599319916272606e-22,-1.0586241890229425e-20,-7.292371673336272e-05,-1.1228773613082839e-22,-1.0586281842319091e-20,303.7122416614834,0.46529174361343917,30656.51702146429,229.52753315343537,0.15412835780541845,1.5707963267948968,-3.0923245952647555e-09,46.810669052686826,509.7826463432836,9.752453196331581,-6.9648474738207995e-16,0.016384788903768745,46.81066618516408,0.0,0.0,0.0,0.0,0.0,0.0,0.0,0.0,0.0,0.0,0.0,0.0,0.0,0.0,0.0,0.0,0.0,0.5,0.0,0.0,1.0,0.0,0.0,0.0
4.9,-7.64837694234567e-15,-1.5720027633612083e-07,47.78591503830769,0.0,0.0,0.0,0.7071067699017236,-0.00012632944902886664,-0.7071067699017235,-0.00012632944902886666,6387163.925074828,0.027888267049058398,-2.733142787443539e-16,-4.307916029855062e-23,4.366298936475866e-09,9026.925074827546,0.0,-0.0003573180084872367,1.6833407692866603e-16,-8.131589745447681e-20,-7.292382474005071e-05,-3.8629492570030065e-22,-7.964859385690517e-21,-7.292382474005071e-05,-3.8344796130396646e-22,-7.9649968097028e-21,303.7325230447398,0.4655564018395173,30678.05574215029,229.55819094111206,0.1573289364911094,1.5707963267948968,-3.2896648968477382e-09,47.78591503830769,531.548298098484,9.752467739494858,-6.60386601101551e-16,0.017074633189610916,47.78591198779065,0.0,0.0,0.0,0.0,0.0,0.0,0.0,0.0,0.0,0.0,0.0,0.0,0.0,0.0,0.0,0.0,0.0,0.5,0.0,0.0,1.0,0.0,0.0,0.0
5.0,-7.806657304823284e-15,-1.7043132041186423e-07,48.7611624883494,0.0,0.0,0.0,0.707106769436419,-0.00012890760102158845,-0.7071067694364189,-0.00012890760102158847,6387159.097721277,0.029630792316207688,-2.9854752127227654e-16,-4.705640108547575e-23,4.63911918698205e-09,9022.097721276805,0.0,-0.00036461039645418715,1.039664422796404e-16,-5.421059087596343e-20,-7.292393497034617e-05,9.861603277978404e-23,-1.2658812231588128e-20,-7.292393497034617e-05,1.0323167777197661e-22,-1.2658775421452969e-20,303.7532219283109,0.4658265081601004,30700.037845940435,229.58947983150208,0.16052887263158255,1.5707963267948968,-3.4952133575463416e-09,48.7611624883494,553.7871742085355,9.752482582068195,-2.0488186564900595e-15,0.017778678719268342,48.76115924722659,0.0,0.0,0.0,0.0,0.0,0.0,0.0,0.0,0.0,0.0,0.0,0.0,0.0,0.0,0.0,0.0,0.0,0.5,0.0,0.0,1.0,0.0,0.0,0.0
5.1000000000000005,-7.950794031964938e-15,-1.8447916345089952e-07,49.73641143260935,0.0,0.0,0.0,0.7071067689617295,-0.0001314857530125994,-0.7071067689617294,-0.00013148575301259944,6387154.172998968,0.03144431556164043,-3.124175847596515e-16,-4.9242608054023347e-23,4.923055669231849e-09,9017.17299896758,0.0,-0.00037190279553736945,1.6136353554847603e-16,-8.131595733832377e-20,-7.292404742426755e-05,-3.456597745262978e-22,-8.473202828964109e-21,-7.292404742426755e-05,-3.4250854287529896e-22,-8.473330794826104e-21,303.77433831281166,0.4661020625832136,30722.463333487827,229.62139982553498,0.1637281533023809,1.5707963267948968,-3.709136991132958e-09,49.73641143260935,576.5008116192661,9.752497724054063,5.891106158634356e-16,0.018496925546239076,49.73640799311445,0.0,0.0,0.0,0.0,0.0,0.0,0.0,0.0,-0.0,0.0,0.0,0.0,0.0,0.0,0.0,0.0,0.0,0.5,0.0,0.0,1.0,0.0,0.0,0.0
5.2,-8.097819672091101e-15,-1.993809430607612e-07,50.71166190835076,0.0,0.0,0.0,0.7071067684776099,-0.00013406390500185684,-0.7071067684776098,-0.00013406390500185687,6387149.150439627,0.033330607165836905,-3.1812619639297305e-16,-5.014242718490727e-23,5.21838560297813e-09,9012.150439626226,0.0,-0.0003791952060140032,1.8342023730218875e-16,-6.324608365444158e-20,-7.292416211252433e-05,-8.392653760807575e-23,-1.0912853676627215e-20,-7.292416211252433e-05,-7.978802099405132e-23,-1.0912884672052252e-20,303.7958742061211,0.4663830913103088,30745.33433714921,229.6539539583651,0.16692676231447953,1.5707963267948968,-3.931644657800674e-09,50.71166190835076,599.6930756656328,9.752513166894508,-5.082435446537295e-16,0.019229442001085967,50.71165826252377,0.0,0.0,0.0,0.0,0.0,0.0,0.0,0.0,0.0,0.0,0.0,0.0,0.0,0.0,0.0,0.0,0.0,0.5,0.0,0.0,1.0,0.0,0.0,0.0
5.300000000000001,-8.255060727158337e-15,-2.1516628032526025e-07,51.68691393818181,0.0,0.0,0.0,0.7071067679841051,-0.00013664205698933485,-0.707106767984105,-0.00013664205698933488,6387144.030511221,0.035290741162454474,-3.20744835811727e-16,-5.0555212861039293e-23,5.525277181638395e-09,9007.030511220917,0.0,-0.0003864876280522818,1.7928402611543058e-16,-6.324611711045038e-20,-7.292427902444516e-05,-5.265179359957064e-23,-1.1214501366152141e-20,-7.292427902444516e-05,-4.831716286172157e-23,-1.121452083712648e-20,303.81782760166993,0.46666956815702637,30768.648725958854,229.68713919681812,0.1701246899153655,1.5707963267948968,-4.162863075193207e-09,51.68691393818181,623.3632827461366,9.75252890915263,6.491148065566475e-16,0.0199761598639957,51.686910077945235,0.0,0.0,0.0,0.0,0.0,0.0,0.0,0.0,0.0,0.0,0.0,0.0,0.0,0.0,0.0,0.0,0.0,0.5,0.0,0.0,1.0,0.0,0.0,0.0
5.4,-8.412060923871725e-15,-2.3186937832578612e-07,52.6621675519006,0.0,0.0,0.0,0.7071067674812153,-0.00013922020897499932,-0.7071067674812151,-0.00013922020897499935,6387138.813213598,0.037326133206286825,-3.626394297333108e-16,-5.715860888330113e-23,5.843952088385365e-09,9001.813213597983,0.0,-0.0003937800618738885,1.4899183719685633e-16,-5.421097932576741e-20,-7.292439816004962e-05,1.9422788992424512e-22,-1.3423558446404105e-20,-7.292439816004962e-05,1.995138044044755e-22,-1.3423480922588726e-20,303.84019850011725,0.46696149313196444,30792.406500616522,229.72095554189002,0.1733219232078677,1.5707963267948968,-4.4029592609774345e-09,52.6621675519006,647.513062986768,9.75254495083105,1.2817252444293645e-15,0.020737079191709442,52.66216346902203,0.0,0.0,0.0,0.0,0.0,0.0,0.0,0.0,-0.0,0.0,0.0,0.0,0.0,0.0,0.0,0.0,0.0,0.5,0.0,0.0,1.0,0.0,0.0,0.0
5.5,-8.552446905688964e-15,-2.495298336863484e-07,53.63742278720232,0.0,0.0,0.0,0.7071067669688953,-0.00014179836095880717,-0.7071067669688952,-0.0001417983609588072,6387133.498078474,0.03943857416231756,-4.089276382757713e-16,-6.445453139622766e-23,6.174690756028448e-09,8996.498078473844,0.0,-0.0004010725077592563,1.5748579026919806e-16,-5.421108113623553e-20,-7.292451953004855e-05,1.293236410750181e-22,-1.2804162774291808e-20,-7.292451953004855e-05,1.3445889330045703e-22,-1.2804109891905139e-20,303.86297855761444,0.46725979757778835,30816.706072199227,229.75540638536575,0.17651845185833853,1.5707963267948968,-4.652144495680183e-09,53.63742278720232,672.1477011860375,9.75256129337201,8.650173725444342e-16,0.021512268318869234,53.63741847325346,0.0,0.0,0.0,0.0,0.0,0.0,0.0,0.0,0.0,0.0,0.0,0.0,0.0,0.0,0.0,0.0,0.0,0.5,0.0,0.0,1.0,0.0,0.0,0.0
5.6000000000000005,-8.721860296425145e-15,-2.681787368736791e-07,54.61267966626478,0.0,0.0,0.0,0.7071067664471903,-0.00014437651294073298,-0.7071067664471902,-0.000144376512940733,6387128.085573809,0.04162911758653857,-3.5022462536511594e-16,-5.520190185904914e-23,6.517658176709976e-09,8991.08557380891,0.0,-0.0004083649658733771,1.399001305018682e-16,-6.324603867004695e-20,-7.292464312377148e-05,1.2349080624953315e-22,-1.2737236920166315e-20,-7.292464312377148e-05,1.2869284121525133e-22,-1.273718535755673e-20,303.88617047166275,0.4675640439977938,30841.501558952834,229.79048853209085,0.17971426387156994,1.5707963267948968,-4.910543084661732e-09,54.61267966626478,697.2661132732075,9.752577935338712,-1.9103461797057035e-16,0.02230165902809911,54.612675112702064,0.0,0.0,0.0,0.0,0.0,0.0,0.0,0.0,0.0,0.0,0.0,0.0,0.0,0.0,0.0,0.0,0.0,0.5,0.0,0.0,1.0,0.0,0.0,0.0
5.7,-8.870976830745695e-15,-2.8785224617712933e-07,55.58793821888695,0.0,0.0,0.0,0.7071067659161002,-0.00014695466492074255,-0.7071067659161001,-0.00014695466492074257,6387122.575699439,0.04389917913724392,-3.2675129284975726e-16,-5.1502113721240214e-23,6.873076039633797e-09,8985.575699439272,0.0,-0.00041565743643794,1.517850365670764e-16,-8.131620616686482e-20,-7.292476894123907e-05,-2.9975965228836035e-22,-9.171795634909883e-21,-7.292476894123907e-05,-2.9594730144209484e-22,-9.171919439924293e-21,303.9097796028707,0.4678737637403934,30866.743110767387,229.8262017985061,0.18290934333052924,1.5707963267948968,-5.178322049716293e-09,55.58793821888695,722.8693806373955,9.752594876733944,-1.879647566299034e-15,0.023105251379383553,55.587933417011925,0.0,0.0,0.0,0.0,0.0,0.0,0.0,0.0,-0.0,0.0,0.0,0.0,0.0,0.0,0.0,0.0,0.0,0.5,0.0,0.0,1.0,0.0,0.0,0.0
5.800000000000001,-9.027261294016023e-15,-3.085924456444147e-07,56.56319848319594,0.0,0.0,0.0,0.7071067653755799,-0.00014953281689879228,-0.7071067653755798,-0.0001495328168987923,6387116.967987071,0.046250570164166435,-3.187658650832373e-16,-5.02435054234067e-23,7.241227991089854e-09,8979.96798707048,0.0,-0.00042294991973659146,1.8407046843980605e-16,-6.32464595488732e-20,-7.292489699316363e-05,-1.0017643436695248e-22,-1.0865544313356041e-20,-7.292489699316363e-05,-9.558073656146803e-23,-1.0865585697765455e-20,303.933807957822,0.46818898312924284,30892.432872969217,229.86254921994833,0.18610367374216888,1.5707963267948968,-5.455695091988181e-09,56.56319848319594,748.9616134412356,9.752612119000128,-5.993539678886877e-16,0.023923113711490817,56.56319342411199,0.0,0.0,0.0,0.0,0.0,0.0,0.0,0.0,0.0,0.0,0.0,0.0,0.0,0.0,0.0,0.0,0.0,0.5,0.0,0.0,1.0,0.0,0.0,0.0
5.9,-9.191303149439365e-15,-3.30431866961176e-07,57.53846048093929,0.0,0.0,0.0,0.7071067648256747,-0.00015211096887485727,-0.7071067648256746,-0.0001521109688748573,6387111.262904655,0.048684323745777205,-3.163432517116683e-16,-4.9861700680653513e-23,7.622275822194792e-09,8974.262904654877,0.0,-0.0004302424159311225,1.5338845944459715e-16,-8.131633148925717e-20,-7.292502726887551e-05,-1.594134470136603e-22,-1.0404282664804112e-20,-7.292502726887551e-05,-1.5493700918682216e-22,-1.0404350281055575e-20,303.9582535313988,0.4685096758599169,30918.568701799235,229.89952776329812,0.18929724579153415,1.5707963267948968,-5.742784104733806e-09,57.53846048093929,775.5422741231373,9.752629660700595,-9.821292766584572e-16,0.02475517780943552,57.538455155636754,0.0,0.0,0.0,0.0,0.0,0.0,0.0,0.0,0.0,0.0,0.0,0.0,0.0,0.0,0.0,0.0,0.0,0.5,0.0,0.0,1.0,0.0,0.0,0.0
6.0,-9.332302046667339e-15,-3.5340862374872437e-07,58.51372424191683,0.0,0.0,0.0,0.7071067642663843,-0.00015468912084890343,-0.7071067642663842,-0.00015468912084890346,6387105.460452021,0.051201855544065165,-3.487008248113002e-16,-5.496191866558246e-23,8.016441228518804e-09,8968.4604520211,0.0,-0.0004375349252432287,1.7080247456408398e-16,-5.421147785271485e-20,-7.292515976839647e-05,2.0396998176636217e-23,-1.1833154547590105e-20,-7.292515976839647e-05,2.5574414449448106e-23,-1.1833144490540652e-20,303.98311632433536,0.46883584194204814,30945.150598042474,229.93713742966622,0.1924900466494511,1.5707963267948968,-6.039756114097364e-09,58.51372424191683,802.6131875629061,9.752647501838263,1.6238779775758583e-16,0.025601443736445642,58.51371864123117,0.0,0.0,0.0,0.0,0.0,0.0,0.0,0.0,-0.0,0.0,0.0,0.0,0.0,0.0,0.0,0.0,0.0,0.5,0.0,0.0,1.0,0.0,0.0,0.0
6.1000000000000005,-9.488725533663921e-15,-3.775673158951639e-07,59.48898980468765,0.0,0.0,0.0,0.7071067636976638,-0.00015726727282088667,-0.7071067636976637,-0.0001572672728208867,6387099.560160865,0.05380499739376112,-3.449477959226907e-16,-5.437042009258999e-23,8.42401107026123e-09,8962.560160865076,0.0,-0.00044482744795977053,1.5323030572304838e-16,-8.131645470514686e-20,-7.292529450244023e-05,9.620189364740098e-24,-1.17652422024635e-20,-7.292529450244023e-05,1.4854040961577945e-23,-1.1765236714026918e-20,304.00839834325666,0.4691675076998332,30972.18070706935,229.97538125445175,0.19568205966829103,1.5707963267948968,-6.3468272421438604e-09,59.48898980468765,830.178584381544,9.752665643855757,1.094403174503067e-16,0.02646197983546273,59.488983919253926,0.0,0.0,0.0,0.0,0.0,0.0,0.0,0.0,0.0,0.0,0.0,0.0,0.0,0.0,0.0,0.0,0.0,0.5,0.0,0.0,1.0,0.0,0.0,0.0
6.2,-9.651485184971745e-15,-4.029418881451028e-07,60.464257190569086,0.0,0.0,0.0,0.7071067631195582,-0.00015984542479078248,-0.7071067631195581,-0.0001598454247907825,6387093.562499135,0.05649476189595731,-3.430908808187017e-16,-5.407778558676427e-23,8.845143937757703e-09,8956.56249913449,0.0,-0.00045211998423933794,1.4683155884592093e-16,-8.13164614406899e-20,-7.292543146033798e-05,7.175508485684254e-23,-1.2231896923588348e-20,-7.292543146033798e-05,7.728645103632476e-23,-1.223186308942926e-20,304.0340975830648,0.4695046468291086,30999.65688514211,230.01425620456556,0.19887327575024896,1.5707963267948968,-6.664116970185518e-09,60.464257190569086,858.237994674667,9.752684085316499,4.922733406460071e-16,0.02733671789384525,60.46425101091157,0.0,0.0,0.0,0.0,0.0,0.0,0.0,0.0,0.0,0.0,0.0,0.0,0.0,0.0,0.0,0.0,0.0,0.5,0.0,0.0,1.0,0.0,0.0,0.0
6.300000000000001,-9.809393805521051e-15,-4.295724095827117e-07,61.439526429361855,0.0,0.0,0.0,0.7071067625320676,-0.00016242357675855685,-0.7071067625320675,-0.00016242357675855688,6387087.467466645,0.05927256471653193,-3.402048309463995e-16,-5.362293962887205e-23,9.28006153327999e-09,8950.467466644943,0.0,-0.0004594125343036335,1.516494893224117e-16,-5.421151594136726e-20,-7.292557064211258e-05,2.0228875876599696e-22,-1.3229962039461824e-20,-7.292557064211258e-05,2.0836674759396311e-22,-1.3229867709316713e-20,304.06021404454987,0.4698472593402398,31027.579133105533,230.05376228120286,0.20206368209804637,1.5707963267948968,-6.991792328943143e-09,61.439526429361855,886.7933369501645,9.752702826223578,1.3367998572718204e-15,0.02822565797806484,61.4395199458499,0.0,0.0,0.0,0.0,0.0,0.0,0.0,0.0,0.0,0.0,0.0,0.0,0.0,0.0,0.0,0.0,0.0,0.5,0.0,0.0,1.0,0.0,0.0,0.0
6.4,-9.969340985393372e-15,-4.575060243610939e-07,62.41479756005709,0.0,0.0,0.0,0.7071067619351468,-0.00016500172872416506,-0.7071067619351467,-0.0001650017287241651,6387081.274595083,0.06214025817546529,-3.233281895037033e-16,-5.0962900410373815e-23,9.729053931370561e-09,8944.274595082426,0.0,-0.0004667050984427317,1.7712323252687333e-16,-8.13168856707404e-20,-7.292571205847923e-05,-2.243549603082733e-22,-1.0022901845742091e-20,-7.292571205847923e-05,-2.196773922772878e-22,-1.002300548824822e-20,304.0867328456944,0.47019685616908463,31056.107735189194,230.0939031028027,0.20525327331166687,1.5707963267948968,-7.330071861695934e-09,62.41479756005709,915.8518556967736,9.752721868019805,-1.391418977862924e-15,0.029128868435283402,62.41479076285739,0.0,0.0,0.0,0.0,0.0,0.0,0.0,0.0,0.0,0.0,0.0,0.0,0.0,0.0,0.0,0.0,0.0,0.5,0.0,0.0,1.0,0.0,0.0,0.0
6.5,-1.0112925591952413e-14,-4.867780621291374e-07,63.390070603541936,0.0,0.0,0.0,0.7071067613288409,-0.00016757988068758325,-0.7071067613288408,-0.00016757988068758327,6387074.984352386,0.0650988343966099,-3.581745317466077e-16,-5.64554272560959e-23,1.0192276521823893e-08,8937.984352386868,0.0,-0.00047399767681202215,2.1390271557862554e-16,-7.228232520466918e-20,-7.29258556987699e-05,1.447479837092766e-22,-1.273834300488729e-20,-7.29258556987699e-05,1.5078566777454505e-22,-1.2738272997108584e-20,304.11366720397154,0.4705520728645915,31085.09801000544,230.13467511086392,0.20844203060488128,1.5707963267948968,-7.679072637976152e-09,63.390070603541936,945.4107313863476,9.752741209268716,9.593012842360843e-16,0.030046281055156533,63.39006348271268,0.0,0.0,0.0,0.0,0.0,0.0,0.0,0.0,0.0,0.0,0.0,0.0,0.0,0.0,0.0,0.0,0.0,0.5,0.0,0.0,1.0,0.0,0.0,0.0
6.6000000000000005,-1.027348361845308e-14,-5.174305475723118e-07,64.36534558961806,0.0,0.0,0.0,0.70710676071315,-0.00017015803264877732,-0.7071067607131499,-0.00017015803264877735,6387068.5967383655,0.0681497090499276,-3.822293072976045e-16,-6.024699877647748e-23,1.0669951013948571e-08,8931.596738365479,0.0,-0.00048129026963321435,1.5101101176165957e-16,-8.131677421715373e-20,-7.292600156300855e-05,2.2077478960506235e-22,-1.3276601873758362e-20,-7.292600156300855e-05,2.271646630838319e-22,-1.3276494079306299e-20,304.1410184991306,0.4709127882224348,31114.537046758476,230.17607825903752,0.21162994030613483,1.5707963267948968,-8.038961693321069e-09,64.36534558961806,975.4717566442071,9.752760849973553,1.4445992644414068e-15,0.030977895907399675,64.36533813506249,0.0,0.0,0.0,0.0,0.0,0.0,0.0,0.0,-0.0,0.0,0.0,0.0,0.0,0.0,0.0,0.0,0.0,0.5,0.0,0.0,1.0,0.0,0.0,0.0
6.7,-1.0431026495646473e-14,-5.495131975418453e-07,65.34062255770873,0.0,0.0,0.0,0.707106760088029,-0.0001727361846077021,-0.7071067600880289,-0.00017273618460770214,6387062.111284693,0.0712947549409028,-3.8895944218472056e-16,-6.130786549157517e-23,1.1162370697068838e-08,8925.111284693392,0.0,-0.0004885828771995976,2.1993465954245767e-16,-7.228259978274919e-20,-7.292614966191188e-05,8.675695216064938e-23,-1.2298507351697317e-20,-7.292614966191188e-05,9.27658268659202e-23,-1.22984634892693e-20,304.16878873650427,0.4712790286894183,31144.427003849407,230.2181155829051,0.21481698547620756,1.5707963267948968,-8.409959992517337e-09,65.34062255770873,1006.0394178235584,9.752780791577313,5.883130583840454e-16,0.03192378134344226,65.3406147591252,0.0,0.0,0.0,0.0,0.0,0.0,0.0,0.0,0.0,0.0,0.0,0.0,0.0,0.0,0.0,0.0,0.0,0.5,0.0,0.0,1.0,0.0,0.0,0.0
6.800000000000001,-1.0580221995046793e-14,-5.830626984416896e-07,66.31590152827089,0.0,0.0,0.0,0.7071067594535229,-0.00017531433656433422,-0.7071067594535227,-0.00017531433656433425,6387055.528459302,0.07453494371628437,-4.834090703526673e-16,-7.619511417115654e-23,1.1669687760673014e-08,8918.528459303392,0.0,-0.0004958754996633613,1.89280425238394e-16,-5.421231823403652e-20,-7.292629998481261e-05,-3.620960581163877e-22,-9.136401827517242e-21,-7.292629998481261e-05,-3.5756549981186667e-22,-9.136580259477634e-21,304.1969759124387,0.4716507678408798,31174.765724684166,230.26078404942643,0.2180031574605951,1.5707963267948968,-8.792182193488597e-09,66.31590152827089,1037.1133846095322,9.75280103264365,1.8362541325046845e-16,0.03288386915519021,66.31589337525148,0.0,0.0,0.0,0.0,0.0,0.0,0.0,0.0,0.0,0.0,0.0,0.0,0.0,0.0,0.0,0.0,0.0,0.5,0.0,0.0,1.0,0.0,0.0,0.0
6.9,-1.0738300531224711e-14,-6.181230307020972e-07,67.29118253110717,0.0,0.0,0.0,0.7071067588096317,-0.00017789248851863952,-0.7071067588096316,-0.00017789248851863955,6387048.848261995,0.07787169105031218,-5.483124699043064e-16,-8.642530256159524e-23,1.219212392144177e-08,8911.848261996172,0.0,-0.000503168137246222,1.7011810334415782e-16,-1.084222913506014e-19,-7.292645253173584e-05,3.007446357554812e-23,-1.1883270416093703e-20,-7.292645253173584e-05,3.605374255580433e-23,-1.1883253779290203e-20,304.2255800277873,0.47202800568807435,31205.553210181304,230.3040836598934,0.2211884435390375,1.5707963267948968,-9.185795336801417e-09,67.29118253110717,1068.6957724821527,9.752821573175936,2.2670555347476436e-16,0.03385815941560297,67.291174013089,0.0,0.0,0.0,0.0,0.0,0.0,0.0,0.0,-0.0,0.0,0.0,0.0,0.0,0.0,0.0,0.0,0.0,0.5,0.0,0.0,1.0,0.0,0.0,0.0
7.0,-1.0906767341322804e-14,-6.547465123155194e-07,68.26646560607304,0.0,0.0,0.0,0.7071067581563103,-0.00018047064047057237,-0.7071067581563102,-0.0001804706404705724,6387042.0702244295,0.08130689023423189,-5.190510881444718e-16,-8.181319546700699e-23,1.272997568392462e-08,8905.07022442948,0.0,-0.0005104607902446845,1.3488502253853641e-16,-7.22818608155203e-20,-7.292660731339974e-05,9.312425633017907e-24,-1.1753898712656906e-20,-7.292660731339974e-05,1.5311826666077706e-23,-1.175389250197776e-20,304.2546030879574,0.47241076867878695,31236.791618822026,230.34801745000036,0.22437282662385924,1.5707963267948968,-9.591022809064302e-09,68.26646560607304,1100.7911929116044,9.752842414617396,9.5111080095187e-17,0.0348467204804246,68.26645671228611,0.0,0.0,0.0,0.0,0.0,0.0,0.0,0.0,0.0,0.0,0.0,0.0,0.0,0.0,0.0,0.0,0.0,0.5,0.0,0.0,1.0,0.0,0.0,0.0
7.1000000000000005,-1.1067015842842728e-14,-6.929711582951387e-07,69.24175077319532,0.0,0.0,0.0,0.707106757493604,-0.0001830487924201099,-0.7071067574936039,-0.00018304879242010994,6387035.194814538,0.08484149243782237,-4.885596732969297e-16,-7.700720076132257e-23,1.3283392037533937e-08,8898.194814538272,0.0,-0.0005177534588077382,1.4824882938291036e-16,-1.264922232864285e-19,-7.292676431913778e-05,6.542896939294604e-23,-1.2128761352328447e-20,-7.292676431913778e-05,7.170890449084899e-23,-1.2128725815202936e-20,304.2840377756207,0.472799499982987,31268.52888502476,230.39258257050588,0.22755630225517037,1.5707963267948968,-1.0007976856740168e-08,69.24175077319534,1133.400505595877,9.752863555531757,4.493038502924726e-16,0.03584948414376464,69.24174149276553,0.0,0.0,0.0,0.0,0.0,0.0,0.0,0.0,0.0,0.0,0.0,0.0,0.0,0.0,0.0,0.0,0.0,0.5,0.0,0.0,1.0,0.0,0.0,0.0
7.2,-1.1215845692041833e-14,-7.328429049679958e-07,70.2170380622777,0.0,0.0,0.0,0.7071067568215125,-0.00018562694436721796,-0.7071067568215124,-0.000185626944367218,6387028.222032108,0.08847691333979586,-5.326999636905685e-16,-8.396472402392098e-23,1.3852594706657783e-08,8891.222032108344,0.0,-0.0005250461431571074,2.1025914275872544e-16,-1.0842312988440162e-19,-7.29269235489762e-05,1.9509065069470503e-22,-1.3004240917878133e-20,-7.29269235489762e-05,2.0191845002895838e-22,-1.3004136693827172e-20,304.31387419424726,0.4731950742989659,31300.858311342672,230.43777936517586,0.23073886541714925,1.5707963267948968,-1.0436824525665897e-08,70.21703806227771,1166.5281710229617,9.752884995922564,1.305168618476634e-15,0.03686645048182675,70.21702838417603,0.0,0.0,0.0,0.0,0.0,0.0,0.0,0.0,-0.0,0.0,0.0,0.0,0.0,0.0,0.0,0.0,0.0,0.5,0.0,0.0,1.0,0.0,0.0,0.0
7.300000000000001,-1.1373737848101455e-14,-7.744166999180419e-07,71.19232751360788,0.0,0.0,0.0,0.7071067561399909,-0.00018820509631185047,-0.7071067561399907,-0.00018820509631185052,6387021.151408789,0.09221506671741933,-4.888160707698922e-16,-7.704778492810945e-23,1.4437883411519318e-08,8884.151408789368,0.0,-0.0005323388435925122,1.6383007981651912e-16,-1.0842258202357394e-19,-7.292708501363466e-05,9.588331619874111e-23,-1.2341938716983824e-20,-7.292708501363466e-05,1.0245392031475712e-22,-1.2341885845139015e-20,304.3441292723908,0.47359619924600893,31333.641378634627,230.48361035352914,0.23392048788200073,1.5707963267948968,-1.0877791624562784e-08,71.19232751360788,1200.175866027976,9.752906737233229,6.755769870162565e-16,0.03789768785471677,71.19231742659598,0.0,0.0,0.0,0.0,0.0,0.0,0.0,0.0,0.0,0.0,0.0,0.0,0.0,0.0,0.0,0.0,0.0,0.5,0.0,0.0,1.0,0.0,0.0,0.0
7.4,-1.1532636704398347e-14,-8.177318586271564e-07,72.16761914678251,0.0,0.0,0.0,0.7071067554490842,-0.00019078324825398498,-0.7071067554490841,-0.00019078324825398503,6387013.983412503,0.09605688326363196,-4.834999098697319e-16,-7.620993129178846e-23,1.5039403941680312e-08,8876.983412504196,0.0,-0.0005396315602597426,1.291418491794999e-16,-1.084221598237916e-19,-7.292724870244738e-05,-1.3861148910131125e-22,-1.0823409184746953e-20,-7.292724870244738e-05,-1.3277112813158374e-22,-1.0823482456797626e-20,304.3748010078174,0.4740028482782915,31366.87591736825,230.53007250254234,0.23710116144192217,1.5707963267948968,-1.1330987988589378e-08,72.16761914678253,1234.3433957419818,9.752928778027595,-8.225417987739289e-16,0.03894312805870107,72.16760863952014,0.0,0.0,0.0,0.0,0.0,0.0,0.0,0.0,0.0,0.0,0.0,0.0,0.0,0.0,0.0,0.0,0.0,0.5,0.0,0.0,1.0,0.0,0.0,0.0
7.5,-1.1689490113383557e-14,-8.628362734778108e-07,73.14291299160638,0.0,0.0,0.0,0.7071067547487925,-0.00019336140019358733,-0.7071067547487924,-0.00019336140019358738,6387006.718043033,0.10000377866181312,-4.949906041140742e-16,-7.802119987802366e-23,1.565737802957159e-08,8869.718043033965,0.0,-0.0005469242933805304,2.1726851177670576e-16,-1.084236191049949e-19,-7.292741461544171e-05,-5.165943348610513e-22,-8.444869458439528e-21,-7.292741461544171e-05,-5.1197555356662215e-22,-8.44515073337625e-21,304.40588940146347,0.4744150214082295,31400.561928558283,230.57716581363405,0.24028087345952234,1.5707963267948968,-1.1796580669091298e-08,73.1429129916064,1269.0330744056325,9.75295111830935,8.405777524006295e-16,0.040002771173227716,73.14290205259837,0.0,0.0,0.0,0.0,0.0,0.0,0.0,0.0,-0.0,0.0,0.0,0.0,0.0,0.0,0.0,0.0,0.0,0.5,0.0,0.0,1.0,0.0,0.0,0.0
7.6000000000000005,-1.1852001549401653e-14,-9.097875501061294e-07,74.1182090887995,0.0,0.0,0.0,0.7071067540390706,-0.00019593955213061096,-0.7071067540390705,-0.00019593955213061102,6386999.354832016,0.10405768717551374,-5.1267839179583e-16,-8.08092706572149e-23,1.629210861154318e-08,8862.354832016863,0.0,-0.0005542170432578123,1.60104723685026e-16,-1.2649286193059084e-19,-7.292758276333882e-05,-7.301302819289062e-23,-1.1264272302061572e-20,-7.292758276333882e-05,-6.677097686108238e-23,-1.1264311166642735e-20,304.4373964574414,0.4748327452065509,31434.701583772377,230.62489332267305,0.24345960656815666,1.5707963267948968,-1.2274797897217119e-08,74.11820908879952,1304.249780279128,9.752973759522106,-4.053164147177281e-16,0.04107668556281146,74.11819770633909,0.0,0.0,0.0,0.0,0.0,0.0,0.0,0.0,0.0,0.0,0.0,0.0,0.0,0.0,0.0,0.0,0.0,0.5,0.0,0.0,1.0,0.0,0.0,0.0
7.7,-1.2001014584807869e-14,-9.586262763262913e-07,75.09350745752847,0.0,0.0,0.0,0.7071067533199636,-0.00019851770406503395,-0.7071067533199635,-0.00019851770406503403,6386991.894247369,0.10821951902096132,-5.618175629000595e-16,-8.855477761456745e-23,1.6943738277526823e-08,8854.894247370772,0.0,-0.0005615098100341784,1.5184694982617068e-16,-1.264928254279825e-19,-7.292775313547369e-05,-1.936043272638215e-22,-1.0517085911389357e-20,-7.292775313547369e-05,-1.8769892396733083e-22,-1.0517192976040531e-20,304.46932017353845,0.4752559931277126,31469.29271350117,230.67325199666806,0.24663735278192925,1.5707963267948968,-1.2765747096968651e-08,75.09350745752849,1339.9933799748264,9.7529967002298,-1.1717390794751568e-15,0.042164803025828854,75.09349561980925,0.0,0.0,0.0,0.0,0.0,0.0,0.0,0.0,0.0,0.0,0.0,0.0,0.0,0.0,0.0,0.0,0.0,0.5,0.0,0.0,1.0,0.0,0.0,0.0
7.800000000000001,-1.2156370219609705e-14,-1.0094023007397964e-06,76.06880812759917,0.0,0.0,0.0,0.7071067525914717,-0.0002010958559968222,-0.7071067525914716,-0.0002010958559968223,6386984.336288865,0.11249068988639653,-5.712659764581831e-16,-9.004416205488822e-23,1.761248876833145e-08,8847.336288866587,0.0,-0.0005688025939313693,1.9254903432703668e-16,-1.6263371714211604e-19,-7.292792573187476e-05,-2.4177380612216832e-22,-1.0247667019742529e-20,-7.292792573187476e-05,-2.3594486774259276e-22,-1.0247802883556625e-20,304.501652726472,0.4756854603395182,31504.409574238845,230.7222421083428,0.24981410592188255,1.5707963267948968,-1.3269595325413893e-08,76.06880812759918,1376.268293505591,9.75301994043628,-1.4673567947021187e-15,0.04326712364497255,76.06879582265982,0.0,0.0,0.0,0.0,0.0,0.0,0.0,0.0,0.0,0.0,0.0,0.0,0.0,0.0,0.0,0.0,0.0,0.5,0.0,0.0,1.0,0.0,0.0,0.0
7.9,-1.2314446384858781e-14,-1.062175915505249e-06,77.04411114016398,0.0,0.0,0.0,0.7071067518535495,-0.00020367400792592856,-0.7071067518535494,-0.00020367400792592865,6386976.680488125,0.11687315452191992,-6.329843997911894e-16,-9.977247196659373e-23,1.8298666236892107e-08,8839.680488126663,0.0,-0.0005760953952555379,1.2513084888349436e-16,-1.6263261635210883e-19,-7.292810056326479e-05,-3.2688789617292057e-22,-9.766606790560577e-21,-7.292810056326479e-05,-3.212603441254347e-22,-9.766793321223096e-21,304.5343892811499,0.47612178105586583,31540.11924509596,230.77186693076135,0.25298985440430133,1.5707963267948968,-1.3786573236452861e-08,77.04411114016398,1413.0814885702455,9.75304348158537,8.549740774759833e-16,0.044383715789213386,77.04409835582932,0.0,0.0,0.0,0.0,0.0,0.0,0.0,0.0,0.0,0.0,0.0,0.0,0.0,0.0,0.0,0.0,0.0,0.5,0.0,0.0,1.0,0.0,0.0,0.0
8.0,-1.2473503514631527e-14,-1.1169889526375236e-06,78.01941651395944,0.0,0.0,0.0,0.7071067511062423,-0.00020625215985233162,-0.7071067511062422,-0.0002062521598523317,6386968.927313065,0.12136780266717236,-6.926425615979629e-16,-1.0917606350607104e-22,1.9002410073726243e-08,8831.927313066399,0.0,-0.0005833882141460747,1.4379021209582219e-16,-1.6263305907067346e-19,-7.292827761897936e-05,1.2199439699146146e-22,-1.2454167189821498e-20,-7.292827761897936e-05,1.2926015380665042e-22,-1.2454093871864766e-20,304.5675422128824,0.4765636513462749,31576.283108146345,230.82212293253255,0.2561645788264636,1.5707963267948968,-1.4316785843080914e-08,78.01941651395944,1450.4293007272765,9.753067322241103,8.503876600132955e-16,0.04551451125899133,78.0194032379569,0.0,0.0,0.0,0.0,0.0,0.0,0.0,0.0,0.0,0.0,0.0,0.0,0.0,0.0,0.0,0.0,0.0,0.5,0.0,0.0,1.0,0.0,0.0,0.0
8.1,-1.2637301292408743e-14,-1.173893217129071e-06,78.99472427879263,0.0,0.0,0.0,0.7071067503495501,-0.00020883031177599726,-0.70710675034955,-0.00020883031177599734,6386961.076763446,0.12597605001545012,-6.225811978176122e-16,-9.813293650758479e-23,1.972394202835626e-08,8824.076763447374,0.0,-0.0005906810508247294,1.375607987375878e-16,-1.6263303911598093e-19,-7.292845689904813e-05,-2.5812235194110716e-22,-1.0209605910155477e-20,-7.292845689904813e-05,-2.5209168651430222e-22,-1.0209756597042048e-20,304.6011115226888,0.4770110712243333,31612.901164502084,230.87301011520182,0.25933826663960996,1.5707963267948968,-1.486040020832405e-08,78.99472427879265,1488.314244777369,9.753091462407468,-1.5784537349813193e-15,0.04665951014024385,78.99471049869467,0.0,0.0,0.0,0.0,0.0,0.0,0.0,0.0,-0.0,0.0,0.0,0.0,0.0,0.0,0.0,0.0,0.0,0.5,0.0,0.0,1.0,0.0,0.0,0.0
8.200000000000001,-1.278259887542165e-14,-1.2329517161388015e-06,79.97003447624834,0.0,0.0,0.0,0.7071067495834277,-0.0002114084636968779,-0.7071067495834276,-0.000211408463696878,6386953.128370882,0.1306998718036721,-6.971981791354285e-16,-1.0989440512770214e-22,2.046357147076529e-08,8816.128370883254,0.0,-0.000597973905600872,1.344025297821145e-16,-1.6263307559621112e-19,-7.292863841419533e-05,2.430934197124385e-22,-1.3138859001290629e-20,-7.292863841419533e-05,2.509497339558303e-22,-1.3138711347546606e-20,304.6350992134107,0.47746406738439573,31649.975598901572,230.92453151484463,0.26251090020665463,1.5707963267948968,-1.5417649409137722e-08,79.97003447624836,1526.74147362265,9.75311590352849,1.6242203585963827e-15,0.04781878080644506,79.97002017941138,0.0,0.0,0.0,0.0,0.0,0.0,0.0,0.0,0.0,0.0,0.0,0.0,0.0,0.0,0.0,0.0,0.0,0.5,0.0,0.0,1.0,0.0,0.0,0.0
8.3,-1.2932296425640884e-14,-1.2942074977547923e-06,80.94534712463306,0.0,0.0,0.0,0.7071067488079202,-0.0002139866156149525,-0.7071067488079201,-0.0002139866156149526,6386945.082603278,0.13554013729501424,-7.467931332340162e-16,-1.1771185529832612e-22,2.122143459226732e-08,8808.08260327919,0.0,-0.0006052667786106933,1.9898856361118927e-16,-1.6263454925604996e-19,-7.292882215375732e-05,1.329023392003736e-22,-1.247707114735028e-20,-7.292882215375732e-05,1.4045467128209027e-22,-1.2476988350510624e-20,304.6695032842642,0.47792261315953133,31687.504228850838,230.97668409850456,0.26568247199315653,1.5707963267948968,-1.598863604765556e-08,80.94534712463307,1565.7109826632582,9.753140644168308,9.170162032414028e-16,0.04899225506005156,80.9453322983183,0.0,0.0,0.0,0.0,0.0,0.0,0.0,0.0,0.0,0.0,0.0,0.0,0.0,0.0,0.0,0.0,0.0,0.5,0.0,0.0,1.0,0.0,0.0,0.0
8.4,-1.3061084329304433e-14,-1.3577143235383546e-06,81.92066225375507,0.0,0.0,0.0,0.7071067480230276,-0.00021656476753018704,-0.7071067480230275,-0.00021656476753018712,6386936.939460389,0.14049826218802314,-9.554164623515162e-16,-1.5059590633007814e-22,2.1997753151433705e-08,8799.939460391179,0.0,-0.0006125596700759524,2.2035459712599548e-16,-1.6263517318217184e-19,-7.292900811776482e-05,1.0163713262325081e-22,-1.226835448226441e-20,-7.292900811776482e-05,1.091522122586836e-22,-1.2268289921736613e-20,304.70432355884054,0.47838672441349417,31725.48875092241,231.02946787392793,0.26885296964923316,1.5707963267948968,-1.6573527193087597e-08,81.92066225375508,1605.2254348625452,9.753165684331053,7.198683686084469e-16,0.05017993299024594,81.92064688506882,0.0,0.0,0.0,0.0,0.0,0.0,0.0,0.0,-0.0,0.0,0.0,0.0,0.0,0.0,0.0,0.0,0.0,0.5,0.0,0.0,1.0,0.0,0.0,0.0
8.5,-1.3209849265432685e-14,-1.4235379441372454e-06,82.89597990563169,0.0,0.0,0.0,0.7071067472287049,-0.00021914291944253344,-0.7071067472287048,-0.00021914291944253353,6386928.698473816,0.14557624220670695,-9.73536538273911e-16,-1.5345225202934633e-22,2.2792839735763512e-08,8791.698473817358,0.0,-0.0006198525803092367,2.079598971837139e-16,-1.6263506602529567e-19,-7.292919631694366e-05,2.6320081741072433e-22,-1.3172319190704962e-20,-7.292919631694366e-05,2.7136556169053102e-22,-1.3172153531552266e-20,304.7395382391884,0.47885855371082664,31764.158750969196,231.08288670413918,0.2720223966516848,1.5707963267948968,-1.71725583457705e-08,82.8959799056317,1645.2974249033343,9.753191025460982,1.762460141553599e-15,0.05138188297505272,82.8959639814619,0.0,0.0,0.0,0.0,0.0,0.0,0.0,0.0,0.0,0.0,0.0,0.0,0.0,0.0,0.0,0.0,0.0,0.5,0.0,0.0,1.0,0.0,0.0,0.0
8.6,-1.3374160070060833e-14,-1.4917225955893994e-06,83.87130009813943,0.0,0.0,0.0,0.7071067464249973,-0.0002217210713519712,-0.7071067464249972,-0.0002217210713519713,6386920.360111458,0.15077492613789653,-1.0291536820073036e-15,-1.6221903485802523e-22,2.3606827337573442e-08,8783.360111459779,0.0,-0.0006271455094435385,1.8947142013858308e-16,-1.6263479771145546e-19,-7.292938674063086e-05,-2.202142893313676e-22,-1.0472314521822376e-20,-7.292938674063086e-05,-2.1364594550150967e-22,-1.0472450453673502e-20,304.77516901742314,0.47933595815953417,31803.285677080454,231.13693673310462,0.27519072503616443,1.5707963267948968,-1.778582969711688e-08,83.87130009813944,1685.9200841327379,9.753216666122299,2.2100623566043228e-16,0.05259803681889854,83.87128360528109,0.0,0.0,0.0,0.0,0.0,0.0,0.0,0.0,0.0,0.0,0.0,0.0,0.0,0.0,0.0,0.0,0.0,0.5,0.0,0.0,1.0,0.0,0.0,0.0
8.700000000000001,-1.3535376886970717e-14,-1.562323996209731e-06,84.84662286108782,0.0,0.0,0.0,0.7071067456119045,-0.00022429922325846628,-0.7071067456119043,-0.00022429922325846636,6386911.924373063,0.15609572968558294,-1.046439372271736e-15,-1.64943889150184e-22,2.4439937724819214e-08,8774.924373065121,0.0,-0.0006344384577006257,1.6494931066476446e-16,-1.6263435722773729e-19,-7.292957938885827e-05,9.882917750415564e-23,-1.226072658580973e-20,-7.292957938885827e-05,1.066078335577385e-22,-1.2260661417237318e-20,304.81121589462714,0.47981893777412027,31842.869530444863,231.1916179624664,0.27835794234822125,1.5707963267948968,-1.8413508322748346e-08,84.84662286108784,1727.0961297214321,9.753242606319303,7.288054481966302e-16,0.05382839461421126,84.84660578618102,0.0,0.0,0.0,0.0,0.0,0.0,0.0,0.0,-0.0,0.0,0.0,0.0,0.0,0.0,0.0,0.0,0.0,0.5,0.0,0.0,1.0,0.0,0.0,0.0
8.8,-1.3683022118693588e-14,-1.6354106686323507e-06,85.82194823692673,0.0,0.0,0.0,0.7071067447893814,-0.00022687737516197004,-0.7071067447893813,-0.00022687737516197012,6386903.390790215,0.16154066906113776,-1.106265035140639e-15,-1.7437407989381417e-22,2.529248670298866e-08,8766.390790216625,0.0,-0.000641731425396304,1.438557765094937e-16,-1.6263396540655522e-19,-7.292977427235327e-05,-1.1003309867669835e-22,-1.1100163551853776e-20,-7.292977427235327e-05,-1.029096183346483e-22,-1.1100231854047261e-20,304.84768087239894,0.4803075193733095,31882.912509060912,231.24693342854482,0.2815240306889042,1.5707963267948968,-1.90558321467056e-08,85.82194823692674,1768.8309971565434,9.753268847496454,-6.203877916172438e-16,0.055073024743612996,85.82193056639092,0.0,0.0,0.0,0.0,0.0,0.0,0.0,0.0,0.0,0.0,0.0,0.0,0.0,0.0,0.0,0.0,0.0,0.5,0.0,0.0,1.0,0.0,0.0,0.0
8.9,-1.3844891907210863e-14,-1.7110280087261063e-06,86.79727624310262,0.0,0.0,0.0,0.7071067439574734,-0.0002294555270624625,-0.7071067439574733,-0.0002294555270624626,6386894.75983081,0.16711057257516296,-1.1325061634986001e-15,-1.7851055812447941e-22,2.616460406560239e-08,8757.759830813235,0.0,-0.0006490244126603667,1.1685160541986813e-16,-1.6263338311513473e-19,-7.29299713804536e-05,4.8550049725446166e-24,-1.1720132056715557e-20,-7.29299713804536e-05,1.2461738700486459e-23,-1.1720126421517954e-20,304.88456195135274,0.4808016761680244,31923.4124173599,231.3028800983761,0.2846889829779746,1.5707963267948968,-1.971289894982141e-08,86.79727624310263,1811.1248063240664,9.753295388218055,-1.5007157345292883e-15,0.05633185901345365,86.7972579632666,0.0,0.0,0.0,0.0,0.0,0.0,0.0,0.0,0.0,0.0,0.0,0.0,0.0,0.0,0.0,0.0,0.0,0.5,0.0,0.0,1.0,0.0,0.0,0.0
9.0,-1.398844847299041e-14,-1.789233691751449e-06,87.7726069094264,0.0,0.0,0.0,0.7071067431161804,-0.0002320336789599096,-0.7071067431161803,-0.00023203367895990968,6386886.031494587,0.1728068559372884,-1.2023224908515591e-15,-1.8951557281338852e-22,2.7056511590335994e-08,8749.031494589522,0.0,-0.0006563174197145913,1.9502136447012665e-16,-1.626356024757615e-19,-7.293017071319218e-05,4.6039518865444845e-22,-1.4116104255382736e-20,-7.293017071319218e-05,4.696597339524367e-22,-1.4115799049748278e-20,304.92185629973,0.48130166254980156,31964.3965049838,231.35945807230576,0.2878527894804245,1.5707963267948968,-2.0384875814361765e-08,87.77260690942641,1853.9813496900047,9.753322228488557,3.0004938881782023e-15,0.05760489751940667,87.77258800646403,0.0,0.0,0.0,0.0,0.0,0.0,0.0,0.0,-0.0,0.0,0.0,0.0,0.0,0.0,0.0,0.0,0.0,0.5,0.0,0.0,1.0,0.0,0.0,0.0
9.1,-1.4143538016857059e-14,-1.8700990408360973e-06,88.74794027878052,0.0,0.0,0.0,0.7071067422654571,-0.0002346118308542622,-0.707106742265457,-0.00023461183085426228,6386877.205313118,0.1786315558465261,-1.2528907203865048e-15,-1.974866432375262e-22,2.7968528301143743e-08,8740.205313120348,0.0,-0.0006636104468780024,1.2877824047475026e-16,-1.6263392697698846e-19,-7.293037228129804e-05,-1.5904573426502697e-22,-1.0850380490969e-20,-7.293037228129804e-05,-1.5184490541138504e-22,-1.085048357582803e-20,304.95954576823874,0.48180931476709177,32006.06079320688,231.41667108824757,0.2910154514811555,1.5707963267948968,-2.107200308839978e-08,88.74794027878053,1897.4133913632613,9.753349369752627,-9.391991494929396e-16,0.05889220864873896,88.74792073864275,0.0,0.0,0.0,0.0,0.0,0.0,0.0,0.0,0.0,0.0,0.0,0.0,0.0,0.0,0.0,0.0,0.0,0.5,0.0,0.0,1.0,0.0,0.0,0.0
9.200000000000001,-1.4295472443550017e-14,-1.9536705835639776e-06,89.72327636818159,0.0,0.0,0.0,0.7071067414053488,-0.00023718998274550093,-0.7071067414053487,-0.000237189982745501,6386868.281754294,0.18458548013736317,-1.2814532259046718e-15,-2.019890866164379e-22,2.890078079294668e-08,8731.281754297204,0.0,-0.0006709034942771943,1.6783630380440018e-16,-1.6263517452237278e-19,-7.293057607410947e-05,3.306154540235496e-22,-1.3399827481814024e-20,-7.293057607410947e-05,3.39605687290051e-22,-1.3399602593956393e-20,304.99765105651375,0.48232256780165833,32048.18475452375,231.47451532303802,0.2941769409368381,1.5707963267948968,-2.1774376142315658e-08,89.7232763681816,1941.4134405864045,9.75337681057466,2.1903183991701064e-15,0.06019372420967709,89.72325617673097,0.0,0.0,0.0,0.0,0.0,0.0,0.0,0.0,0.0,0.0,0.0,0.0,0.0,0.0,0.0,0.0,0.0,0.5,0.0,0.0,1.0,0.0,0.0,0.0
9.3,-1.4445467069694703e-14,-2.0400079523396255e-06,90.69861520744175,0.0,0.0,0.0,0.7071067405358555,-0.00023976813463359156,-0.7071067405358554,-0.00023976813463359164,6386859.260817846,0.19067004452526248,-1.317862083271539e-15,-2.0772832863232305e-22,2.9853490853475745e-08,8722.260817849077,0.0,-0.0006781965621339548,1.4572645071154923e-16,-1.6263467632229058e-19,-7.293078209166062e-05,3.880753683737544e-22,-1.366286408398466e-20,-7.293078209166062e-05,3.973413858663497e-22,-1.3662597750503166e-20,305.03617216571234,0.48284142166908894,32090.768390213725,231.5329907784339,0.29733724549287,1.5707963267948968,-2.249216206525107e-08,90.69861520744178,1985.9844187229091,9.753404550959244,2.546015241257921e-15,0.06150944430114019,90.69859435038589,0.0,0.0,0.0,0.0,0.0,0.0,0.0,0.0,-0.0,0.0,0.0,0.0,0.0,0.0,0.0,0.0,0.0,0.5,0.0,0.0,1.0,0.0,0.0,0.0
9.4,-1.4601618378015558e-14,-2.129185299300281e-06,91.67395683987621,0.0,0.0,0.0,0.707106739656932,-0.00024234628651848458,-0.7071067396569319,-0.00024234628651848467,6386850.1420353325,0.19688730619715605,-1.2947588665344133e-15,-2.0408697202092014e-22,3.082698072563423e-08,8713.142035334991,0.0,-0.0006854896507705269,1.8293929399662859e-16,-1.6263596568872012e-19,-7.293099034468208e-05,-4.1084098973241025e-22,-9.599441843874484e-21,-7.293099034468208e-05,-4.042615485366617e-22,-9.59972140846197e-21,305.0751110961663,0.48336590331253015,32133.813911568275,231.59210049096026,0.3004963469971036,1.5707963267948968,-2.322560362963245e-08,91.67395683987624,2031.1320518768919,9.753432592351281,-8.392038320495429e-16,0.06283943731508732,91.67393530269756,0.0,0.0,0.0,0.0,0.0,0.0,0.0,0.0,0.0,0.0,0.0,0.0,0.0,0.0,0.0,0.0,0.0,0.5,0.0,0.0,1.0,0.0,0.0,0.0
9.5,-1.4764508656952325e-14,-2.221250255634139e-06,92.64930128207158,0.0,0.0,0.0,0.7071067387686235,-0.00024492443840016105,-0.7071067387686234,-0.0002449244384001611,6386840.925874637,0.20323805251152674,-1.3686172798456833e-15,-2.15729252032195e-22,3.1821373805935174e-08,8703.925874640545,0.0,-0.0006927827603103073,1.776193816387814e-16,-1.4456594369928613e-19,-7.29312008225128e-05,2.0415998014771029e-22,-1.2686453177156903e-20,-7.29312008225128e-05,2.1294943658619085e-22,-1.2686308584095467e-20,305.1144658499155,0.483895985820779,32177.319109917622,231.65184142769215,0.3036542388259281,1.5707963267948968,-2.3974793795524796e-08,92.6493012820716,2076.8565800529127,9.753460933315246,1.3529213098765887e-15,0.0641836350615748,92.64927905016641,0.0,0.0,0.0,0.0,0.0,0.0,0.0,0.0,0.0,0.0,0.0,0.0,0.0,0.0,0.0,0.0,0.0,0.5,0.0,0.0,1.0,0.0,0.0,0.0
9.600000000000001,-1.4933379015838494e-14,-2.3162644110947338e-06,93.6246485638415,0.0,0.0,0.0,0.7071067378709299,-0.00024750259027858684,-0.7071067378709298,-0.0002475025902785869,6386831.612335483,0.20972369918986528,-1.3814509583548894e-15,-2.177524893864244e-22,3.283689189250055e-08,8694.612335486338,0.0,-0.0007000758909750939,1.853444347979137e-16,-1.0842630339086912e-19,-7.2931413525188e-05,-1.8588292191190359e-22,-1.0773589376682438e-20,-7.2931413525188e-05,-1.78340546794924e-22,-1.077371686872233e-20,305.15422070222087,0.48443308879844,32221.436263548872,231.71221413909106,0.30681092448399533,1.5707963267948968,-2.4739899659172563e-08,93.62464856384153,2123.16724225902,9.753489573855884,-1.1029552089820594e-15,0.06554203764276799,93.62462562245116,0.0,0.0,0.0,0.0,0.0,0.0,0.0,0.0,0.0,0.0,0.0,0.0,0.0,0.0,0.0,0.0,0.0,0.5,0.0,0.0,1.0,0.0,0.0,0.0
9.700000000000001,-1.5099277203672442e-14,-2.4143047753560803e-06,94.59999872893381,0.0,0.0,0.0,0.7071067369638061,-0.0002500807421537118,-0.707106736963806,-0.0002500807421537119,6386822.200949418,0.2163463239073058,-1.3456204018972256e-15,-2.1210497911026087e-22,3.387386044767002e-08,8685.200949422084,0.0,-0.0007073690430903492,1.7857833243938776e-16,-1.0842626475002395e-19,-7.293162846343995e-05,4.626260756543241e-22,-1.3966096266711726e-20,-7.293162846343995e-05,4.725051897575921e-22,-1.3965765514703907e-20,305.1943816346361,0.4849768798056837,32266.129033308887,231.7732215228459,0.3099663821287688,1.5707963267948968,-2.552116641769776e-08,94.59999872893384,2170.068688162726,9.753518515418293,3.0162901947143857e-15,0.06691471345536505,94.59997506307221,0.0,0.0,0.0,0.0,0.0,0.0,0.0,0.0,0.0,0.0,0.0,0.0,0.0,0.0,0.0,0.0,0.0,0.5,0.0,0.0,1.0,0.0,0.0,0.0
9.8,-1.524773951863921e-14,-2.515420055102609e-06,95.5753517935053,0.0,0.0,0.0,0.7071067360472972,-0.0002526588940255175,-0.7071067360472971,-0.0002526588940255176,6386812.692184319,0.22310669354643514,-1.418460036520593e-15,-2.235867467169634e-22,3.493239966973552e-08,8675.692184322825,0.0,-0.0007146622167762714,1.29481697296251e-16,-1.084247403735875e-19,-7.29318456266082e-05,-1.8197358386840648e-22,-1.0799295037605757e-20,-7.29318456266082e-05,-1.7425569530941415e-22,-1.0799422329698088e-20,305.2349581097585,0.4855262973851633,32311.284236419444,231.83486014626274,0.31312059396434566,1.5707963267948968,-2.6318684620972444e-08,95.57535179350533,2217.556782918059,9.753547756567063,-2.8626173237829774e-15,0.06830159431120561,95.57532738810242,0.0,0.0,0.0,0.0,0.0,0.0,0.0,0.0,0.0,0.0,0.0,0.0,0.0,0.0,0.0,0.0,0.0,0.5,0.0,0.0,1.0,0.0,0.0,0.0
9.9,-1.5406358991673412e-14,-2.6196737976489676e-06,96.55070778737105,0.0,0.0,0.0,0.7071067351214033,-0.00025523704589396995,-0.7071067351214032,-0.00025523704589397,6386803.086039899,0.2300062238349659,-1.4556903077110368e-15,-2.2945556747084493e-22,3.601273136754555e-08,8666.086039902642,0.0,-0.0007219554122546693,1.4914543777218351e-16,-1.0842558839139904e-19,-7.293206501472909e-05,3.6161260239359983e-22,-1.341375427937806e-20,-7.293206501472909e-05,3.712966398132041e-22,-1.3413489715469517e-20,305.27595012880823,0.486081341553399,32356.901874238305,231.89713001119497,0.3162735477414203,1.5707963267948968,-2.7132621372576035e-08,96.55070778737108,2265.634653914523,9.753577297307068,2.35134476841728e-15,0.06970268031570132,96.55068262720195,0.0,0.0,0.0,0.0,0.0,0.0,0.0,0.0,-0.0,0.0,0.0,0.0,0.0,0.0,0.0,0.0,0.0,0.5,0.0,0.0,1.0,0.0,0.0,0.0
10.0,-1.5573327360073166e-14,-2.727145898742129e-06,97.52606675471174,0.0,0.0,0.0,0.7071067341860793,-0.00025781519775901836,-0.7071067341860792,-0.0002578151977590184,6386793.382047694,0.23704701293652022,-1.3694583515229365e-15,-2.1586344461589473e-22,3.711518422336866e-08,8656.382047698213,0.0,-0.0007292486298542249,1.9153295645500324e-16,-1.084273254560947e-19,-7.29322866385365e-05,2.80564460370577e-22,-1.3021412054730983e-20,-7.29322866385365e-05,2.900597221481658e-22,-1.3021204098452424e-20,305.3173596908451,0.48664203937825773,32402.984171403103,231.96003415436027,0.31942522506334187,1.5707963267948968,-2.7963224294661337e-08,97.52606675471176,2314.3083259977,9.753607139083643,1.838134839844909e-15,0.07111803987033688,97.52604082432181,0.0,0.0,0.0,0.0,0.0,0.0,0.0,0.0,0.0,0.0,0.0,0.0,0.0,0.0,0.0,0.0,0.0,0.5,0.0,0.0,1.0,0.0,0.0,0.0
10.100000000000001,-1.5737185981227003e-14,-2.8378861124583854e-06,98.50142871125426,0.0,0.0,0.0,0.7071067332413702,-0.000260393349620645,-0.7071067332413701,-0.00026039334962064503,6386783.580675579,0.24422980725789392,-1.422082896929881e-15,-2.241588334943547e-22,3.823987523745757e-08,8646.580675583333,0.0,-0.0007365418696919392,2.103022012415916e-16,-1.2649829491404764e-19,-7.293251048737065e-05,-2.966982507479928e-22,-1.0303040407612617e-20,-7.293251048737065e-05,-2.891101122364026e-22,-1.0303256262672273e-20,305.3591748396491,0.48720926765775235,32449.625994181184,232.02356989107605,0.32257563028746095,1.5707963267948968,-2.8810581527026634e-08,98.5014287112543,2363.5825403830086,9.753637280461433,1.8236097851425942e-15,0.07254760478868845,98.50140199510717,0.0,0.0,0.0,0.0,0.0,0.0,0.0,0.0,0.0,0.0,0.0,0.0,0.0,0.0,0.0,0.0,0.0,0.5,0.0,0.0,1.0,0.0,0.0,0.0
10.200000000000001,-1.5906240290889117e-14,-2.951959943891948e-06,99.47679368681513,0.0,0.0,0.0,0.707106732287276,-0.0002629715014788156,-0.7071067322872759,-0.00026297150147881564,6386773.681923253,0.2515560225332158,-1.3717165035652288e-15,-2.162200612938126e-22,3.9387026229722994e-08,8636.681923258118,0.0,-0.0007438351319896317,2.0552388456723125e-16,-1.0842831223169907e-19,-7.293273656126894e-05,3.495088707230821e-22,-1.3350621378941884e-20,-7.293273656126894e-05,3.5943943433287387e-22,-1.3350357708601694e-20,305.4013866631492,0.48778383528797187,32496.914232403324,232.0877375349179,0.32572476102256803,1.5707963267948968,-2.9674860180814275e-08,99.47679368681517,2413.464782386116,9.75366772144549,2.30335899657389e-15,0.07399137517941425,99.4767661692196,0.0,0.0,0.0,0.0,0.0,0.0,0.0,0.0,-0.0,0.0,0.0,0.0,0.0,0.0,0.0,0.0,0.0,0.5,0.0,0.0,1.0,0.0,0.0,0.0
10.3,-1.6065260550277292e-14,-3.069450203409152e-06,100.45216172600793,0.0,0.0,0.0,0.7071067313237518,-0.00026554965333347913,-0.7071067313237517,-0.0002655496533334792,6386763.685322244,0.259027777414884,-1.3705653033440853e-15,-2.160389410589698e-22,4.0556969102859575e-08,8626.685322248997,0.0,-0.0007511284170792048,9.415710898341132e-17,-1.626341469794728e-19,-7.293296487096696e-05,-5.143554001776582e-22,-9.32719770564695e-21,-7.293296487096696e-05,-5.073480376349534e-22,-9.327581140187248e-21,305.4440157484656,0.4883640824911905,32544.669912553727,232.1525394727893,0.32887257931171526,1.5707963267948968,-3.0556310303549714e-08,100.45216172600797,2463.9532164209595,9.753698463481355,-3.216353804298103e-15,0.0754494194488328,100.4521333910408,0.0,0.0,0.0,0.0,0.0,0.0,0.0,0.0,0.0,0.0,0.0,0.0,0.0,0.0,0.0,0.0,0.0,0.5,0.0,0.0,1.0,0.0,0.0,0.0
10.4,-1.622925869312475e-14,-3.190407664378569e-06,101.42753284412976,0.0,0.0,0.0,0.7071067303508424,-0.0002681278051846181,-0.7071067303508423,-0.00026812780518461815,6386753.591340415,0.26664579783400544,-1.3650892508685534e-15,-2.151761063027436e-22,4.1749817659257996e-08,8616.591340421079,0.0,-0.0007584217250744612,1.6292788688718707e-16,-1.6263712706142825e-19,-7.293319540580547e-05,1.499657498567544e-22,-1.2408762007018048e-20,-7.293319540580547e-05,1.5937723549286994e-22,-1.2408644601987679e-20,305.4870601004541,0.48894998211043583,32592.890799551053,232.2179726718027,0.33201907922204693,1.5707963267948968,-3.145501762508555e-08,101.42753284412981,2515.0482603447736,9.753729505133773,1.0283131677758916e-15,0.07692166941221,101.42750367578833,0.0,0.0,0.0,0.0,0.0,0.0,0.0,0.0,0.0,0.0,0.0,0.0,0.0,0.0,0.0,0.0,0.0,0.5,0.0,0.0,1.0,0.0,0.0,0.0
10.5,-1.6393755696802806e-14,-3.3148997898992777e-06,102.40290707099862,0.0,0.0,0.0,0.707106729368548,-0.0002707059570321984,-0.7071067293685479,-0.00027070595703219843,6386743.399977464,0.27441149953131994,-1.2866580885539847e-15,-2.0281349534150968e-22,4.29657937302269e-08,8606.399977470748,0.0,-0.0007657150561972325,1.8986442929827532e-16,-1.6263848355744574e-19,-7.293342816582303e-05,-2.8113941937408837e-22,-1.0444231725201018e-20,-7.293342816582303e-05,-2.7314203225442067e-22,-1.044444393603783e-20,305.5305197204093,0.4895415341633306,32641.576894845697,232.2840371339263,0.3351642486148601,1.5707963267948968,-3.2371149264356035e-08,102.40290707099868,2566.753249419269,9.753760846407925,-1.7294471787829117e-15,0.07840812518145104,102.40287705312532,0.0,0.0,0.0,0.0,0.0,0.0,0.0,0.0,-0.0,0.0,0.0,0.0,0.0,0.0,0.0,0.0,0.0,0.5,0.0,0.0,1.0,0.0,0.0,0.0
10.600000000000001,-1.6540577251526777e-14,-3.4430123335126947e-06,103.37828445166109,0.0,0.0,0.0,0.7071067283768234,-0.0002732841088761685,-0.7071067283768233,-0.00027328410887616855,6386733.110764898,0.28232702164829215,-1.3911423625275495e-15,-2.1928351100415416e-22,4.420523243938917e-08,8596.110764904568,0.0,-0.0007730084107826415,1.1043265853128061e-16,-1.6263520955625924e-19,-7.293366316175689e-05,-1.9651742831161207e-22,-1.0839335541241123e-20,-7.293366316175689e-05,-1.8813773642843413e-22,-1.0839484046808053e-20,305.5743853014461,0.4901397971670305,32690.841374238746,232.35073629219784,0.33830808137434526,1.5707963267948968,-3.330495769459711e-08,103.37828445166114,2619.0800272518914,9.753792488749601,-1.1752553438191763e-15,0.07990885516775549,103.37825356786414,0.0,0.0,0.0,0.0,0.0,0.0,0.0,0.0,0.0,0.0,0.0,0.0,0.0,0.0,0.0,0.0,0.0,0.5,0.0,0.0,1.0,0.0,0.0,0.0
10.700000000000001,-1.6684859257301557e-14,-3.5747970597832963e-06,104.35366500098434,0.0,0.0,0.0,0.7071067273757137,-0.00027586226071651124,-0.7071067273757136,-0.0002758622607165113,6386722.724170585,0.2903930696404403,-1.478563543085258e-15,-2.330639508364399e-22,4.546824439144583e-08,8585.724170591993,0.0,-0.0007803017889412933,1.7435234057803288e-16,-1.4456821930537172e-19,-7.293390038294838e-05,2.742944048732156e-22,-1.2925199651006321e-20,-7.293390038294838e-05,2.84380560253795e-22,-1.2924981528529314e-20,305.61864726745506,0.49074543557080474,32740.756397549292,232.4180673793114,0.34145058060757116,1.5707963267948968,-3.4256526235836976e-08,104.35366500098439,2672.0331380840375,9.753824430723594,1.8097230448700872e-15,0.08142379118803232,104.35363323479473,0.0,0.0,0.0,0.0,0.0,0.0,0.0,0.0,0.0,0.0,0.0,0.0,0.0,0.0,0.0,0.0,0.0,0.5,0.0,0.0,1.0,0.0,0.0,0.0
10.8,-1.6848328246755032e-14,-3.7103233900463753e-06,105.32904874878803,0.0,0.0,0.0,0.707106726365219,-0.00027844041255319286,-0.7071067263652189,-0.0002784404125531929,6386712.240194209,0.29861105925530906,-1.4356728196224597e-15,-2.2630351874983693e-22,4.6755051429439163e-08,8575.24019421544,0.0,-0.0007875951908950316,1.5965365225483095e-16,-1.6263779049812876e-19,-7.293413982943716e-05,2.1390242588334462e-22,-1.264772810013791e-20,-7.293413982943716e-05,2.2386364833842415e-22,-1.2647555708901603e-20,305.6633242223888,0.4913567522860649,32791.13941141066,232.48602974555607,0.3445917138300661,1.5707963267948968,-3.522602201502429e-08,105.3290487487881,2725.6071314087535,9.753856672335248,1.4170772831414534e-15,0.08295293335743403,105.32901608358175,0.0,0.0,0.0,0.0,0.0,0.0,0.0,0.0,-0.0,0.0,0.0,0.0,0.0,0.0,0.0,0.0,0.0,0.5,0.0,0.0,1.0,0.0,0.0,0.0
10.9,-1.6999406762487048e-14,-3.84968004958523e-06,106.30443574055172,0.0,0.0,0.0,0.7071067253452942,-0.00028101856438616103,-0.7071067253452941,-0.0002810185643861611,6386701.658367261,0.3069831501237234,-1.3875003886606393e-15,-2.1871051658548094e-22,4.806599189842732e-08,8564.658367268741,0.0,-0.0007948886169822006,1.1282815209944521e-16,-1.626357505993016e-19,-7.293438151196219e-05,3.8082915436129274e-22,-1.3363844274149476e-20,-7.293438151196219e-05,3.91451977533625e-22,-1.3363537294744092e-20,305.70841816276345,0.49197377463122893,32841.992667330465,232.55462642802266,0.3477314623008701,1.5707963267948968,-3.621369993145626e-08,106.3044357405518,2779.808505296304,9.753889215030583,-1.4534371514349284e-15,0.08449635009208845,106.30440215946845,0.0,0.0,0.0,0.0,0.0,0.0,0.0,0.0,0.0,0.0,0.0,0.0,0.0,0.0,0.0,0.0,0.0,0.5,0.0,0.0,1.0,0.0,0.0,0.0
11.0,-1.7162742938451455e-14,-3.992919766067072e-06,107.27982599071284,0.0,0.0,0.0,0.7071067243159843,-0.0002835967162153994,-0.7071067243159842,-0.00028359671621539943,6386690.979157606,0.3155100272257095,-1.3782749270788008e-15,-2.17256680477084e-22,4.940117320558926e-08,8553.979157614522,0.0,-0.0008021820673102078,1.5407048333586885e-16,-1.2649786641088346e-19,-7.293462541986538e-05,-3.1490633463715175e-22,-1.0355894204598417e-20,-7.293462541986538e-05,-3.065980107216123e-22,-1.0356143274404403e-20,305.7539270948053,0.49259647532540374,32893.31391689378,232.6238543937921,0.35086982054856336,1.5707963267948968,-3.721964089545238e-08,107.27982599071291,2834.6377867664687,9.753922057374472,-1.92856492879136e-15,0.08605397321050111,107.2797914768172,0.0,0.0,0.0,0.0,0.0,0.0,0.0,0.0,0.0,0.0,0.0,0.0,0.0,0.0,0.0,0.0,0.0,0.5,0.0,0.0,1.0,0.0,0.0,0.0
11.100000000000001,-1.7316969805560518e-14,-4.140113919303115e-06,108.25521952909261,0.0,0.0,0.0,0.7071067232772893,-0.00028617486804087376,-0.7071067232772892,-0.0002861748680408738,6386680.202564918,0.3241931063158115,-1.399880374742199e-15,-2.206627096076931e-22,5.076081720603669e-08,8543.202564925887,0.0,-0.0008094755421009081,6.141310907909168e-17,-1.0842333463936363e-19,-7.293487155318749e-05,2.2153699448948457e-24,-1.1715620480033317e-20,-7.293487155318749e-05,1.1698876422527929e-23,-1.1715614848411949e-20,305.7998313033175,0.4932266626335066,32945.29794271712,232.69371433724632,0.3540067993749684,1.5707963267948968,-3.8244012042213765e-08,108.25521952909268,2890.109116403067,9.75395519937242,-5.937191598688818e-15,0.08762580283107187,108.2551840652942,0.0,0.0,0.0,0.0,0.0,0.0,0.0,0.0,0.0,0.0,0.0,0.0,0.0,0.0,0.0,0.0,0.0,0.5,0.0,0.0,1.0,0.0,0.0,0.0
11.200000000000001,-1.7461875821150243e-14,-4.291354234894883e-06,109.2306164016037,0.0,0.0,0.0,0.7071067222291642,-0.0002887530198625316,-0.707106722229164,-0.00028875301986253164,6386669.3281206805,0.33303456751451077,-1.4988737473729318e-15,-2.362674091775457e-22,5.214526546677488e-08,8532.328120689219,0.0,-0.0008167690416958689,1.5890641364774473e-16,-1.4456857690262403e-19,-7.29351199226692e-05,2.342375789309663e-22,-1.2702395057063921e-20,-7.29351199226692e-05,2.446120388520335e-22,-1.2702199593261004e-20,305.84614067569527,0.49386364018981993,32997.86904232192,232.76420901847135,0.35714237130333987,1.5707963267948968,-3.928707069744609e-08,109.23061640160378,2946.2254004096408,9.753988642470645,1.5610267101360064e-15,0.08921190737490428,109.23057997057356,0.0,0.0,0.0,0.0,0.0,0.0,0.0,0.0,0.0,0.0,0.0,0.0,0.0,0.0,0.0,0.0,0.0,0.5,0.0,0.0,1.0,0.0,0.0,0.0
11.3,-1.7611049233772777e-14,-4.446694375521325e-06,110.20601662225374,0.0,0.0,0.0,0.7071067211716541,-0.0002913311716803569,-0.707106721171654,-0.000291331171680357,6386658.356292749,0.3420350753264357,-1.5643867590716694e-15,-2.4659464918247124e-22,5.355462219762354e-08,8521.356292758448,0.0,-0.0008240625661992998,1.7816805165680423e-16,-1.0842976015384676e-19,-7.293537051765291e-05,-9.823941361840088e-23,-1.1297582079298347e-20,-7.293537051765291e-05,-8.892990439289081e-23,-1.1297659303211543e-20,305.89286476147413,0.49450632205856926,33050.91093084899,232.8353349993125,0.3602765178510603,1.5707963267948968,-4.034889536186181e-08,110.20601662225383,3002.9811347606205,9.754022385234116,-5.411201865151493e-16,0.09081221866205366,110.20597920659007,0.0,0.0,0.0,0.0,0.0,0.0,0.0,0.0,0.0,0.0,0.0,0.0,0.0,0.0,0.0,0.0,0.0,0.5,0.0,0.0,1.0,0.0,0.0,0.0
11.4,-1.7754180461252552e-14,-4.606207679714994e-06,111.18142022086565,0.0,0.0,0.0,0.7071067201047588,-0.0002939093234943156,-0.7071067201047587,-0.00029390932349431567,6386647.287080791,0.35119604551332373,-1.564585018623951e-15,-2.466263311863522e-22,5.498910926609947e-08,8510.28708080016,0.0,-0.0008313561158330682,1.747883769305307e-16,-1.0842982871926982e-19,-7.293562333818054e-05,-3.4303049812185013e-23,-1.1544124198159296e-20,-7.293562333818054e-05,-2.4705760809312933e-23,-1.1544148726828508e-20,305.9400035620739,0.49515470825928454,33104.42360991019,232.90709228193117,0.36340922705881945,1.5707963267948968,-4.1429653179142737e-08,111.18142022086575,3060.379978313593,9.75405642766847,-1.5660349575488899e-16,0.09242673681416771,111.18138180301169,0.0,0.0,0.0,0.0,0.0,0.0,0.0,0.0,-0.0,0.0,0.0,0.0,0.0,0.0,0.0,0.0,0.0,0.5,0.0,0.0,1.0,0.0,0.0,0.0
11.5,-1.790149783531386e-14,-4.769988901982694e-06,112.1568272437852,0.0,0.0,0.0,0.7071067190284334,-0.00029648747530435464,-0.7071067190284333,-0.0002964874753043547,6386636.120016273,0.36051967868561274,-1.5830571632594575e-15,-2.495385437797546e-22,5.644907146167215e-08,8499.120016283667,0.0,-0.0008386496909419637,1.5825786430799884e-16,-1.0842915339192599e-19,-7.293587839499451e-05,-7.175428278998658e-23,-1.1400240382913227e-20,-7.293587839499451e-05,-6.2192821789722e-23,-1.1400296398212346e-20,305.9875565256082,0.49580906107358497,33158.43467601197,232.97948399324608,0.3665404830152612,1.5707963267948968,-4.252960390175746e-08,112.1568272437853,3118.430227357285,9.754090771220183,-3.6969114242599685e-16,0.09405553025737284,112.1567878059433,0.0,0.0,0.0,0.0,0.0,0.0,0.0,0.0,0.0,0.0,0.0,0.0,0.0,0.0,0.0,0.0,0.0,0.5,0.0,0.0,1.0,0.0,0.0,0.0
11.600000000000001,-1.806347383726955e-14,-4.938092611929293e-06,113.13223770459031,0.0,0.0,0.0,0.707106717942723,-0.00029906562711045856,-0.7071067179427228,-0.0002990656271104586,6386624.855567049,0.37000661887262415,-1.5629197408574962e-15,-2.4636470383047233e-22,5.793460979695984e-08,8487.8555670601,0.0,-0.0008459432916269992,1.3775086013105434e-16,-1.4456827082014133e-19,-7.293613567743772e-05,2.9338046155548137e-22,-1.2895981788214033e-20,-7.293613567743772e-05,3.04290199256501e-22,-1.2895728849460922e-20,306.03549414860817,0.4964718895133328,33213.21546603595,233.0525080683409,0.36967031401805384,1.5707963267948968,-4.364882362092811e-08,113.13223770459041,3177.1488204626407,9.754125414454276,1.940698955191886e-15,0.09569853081322761,113.13219722889225,0.0,0.0,0.0,0.0,0.0,0.0,0.0,0.0,0.0,0.0,0.0,0.0,0.0,0.0,0.0,0.0,0.0,0.5,0.0,0.0,1.0,0.0,0.0,0.0
11.700000000000001,-1.820837510538338e-14,-5.110594107060595e-06,114.1076516331056,0.0,0.0,0.0,0.7071067168476274,-0.00030164377891259316,-0.7071067168476273,-0.0003016437789125932,6386613.4937327765,0.37965828184348305,-1.523957229865863e-15,-2.402234318455339e-22,5.944594615222036e-08,8476.493732787669,0.0,-0.0008532369181100547,1.1334867644706625e-16,-1.626370640064228e-19,-7.293639518555322e-05,7.431937732762095e-23,-1.1976652507229411e-20,-7.293639518555322e-05,8.45382711095024e-23,-1.1976584735620113e-20,306.08384620889353,0.4971404483335647,33268.46985488466,233.12616346175236,0.37279867280297596,1.5707963267948968,-4.478747948904309e-08,114.10765163310572,3236.5225637711847,9.754160357376545,5.288543180096755e-16,0.0973557386066278,114.10761010152815,0.0,0.0,0.0,0.0,0.0,0.0,0.0,0.0,-0.0,0.0,0.0,0.0,0.0,0.0,0.0,0.0,0.0,0.5,0.0,0.0,1.0,0.0,0.0,0.0
11.8,-1.8362294070969944e-14,-5.287591199385961e-06,115.08306907611009,0.0,0.0,0.0,0.7071067157431017,-0.000304221930710705,-0.7071067157431016,-0.00030422193071070504,6386602.03404491,0.38947688869888586,-1.538999300374077e-15,-2.4259497187916447e-22,6.098342853990907e-08,8465.03404492171,0.0,-0.0008605305707391424,1.6855996682214723e-16,-1.2650053264481222e-19,-7.293665693008517e-05,7.694035988624649e-23,-1.1998564166683247e-20,-7.293665693008517e-05,8.726552699967216e-23,-1.1998493497341043e-20,306.13261470042926,0.4978147651046235,33324.20012116455,233.20045321091618,0.3759255403045455,1.5707963267948968,-4.5945833685689664e-08,115.0830690761102,3296.5584494442833,9.754195601433697,5.697340112989555e-16,0.09902722206877013,115.08302647038697,0.0,0.0,0.0,0.0,0.0,0.0,0.0,0.0,0.0,0.0,0.0,0.0,0.0,0.0,0.0,0.0,0.0,0.5,0.0,0.0,1.0,0.0,0.0,0.0
11.9,-1.851490232912198e-14,-5.4691393373518166e-06,116.05849004675191,0.0,0.0,0.0,0.707106714629191,-0.0003068000825047789,-0.7071067146291908,-0.00030680008250477897,6386590.476971298,0.39946306299293477,-1.546852507911156e-15,-2.438333301722518e-22,6.254715477559584e-08,8453.476971310874,0.0,-0.000867824249612078,1.645302813336051e-16,-1.4457057821456766e-19,-7.293692090037696e-05,1.5434678304761931e-22,-1.2292520546499042e-20,-7.293692090037696e-05,1.6501526940131273e-22,-1.2292381771364674e-20,306.1817976322125,0.49849481229712134,33380.403989653954,233.27537428290864,0.37905091174752314,1.5707963267948968,-4.7123959892697886e-08,116.05849004675204,3357.257166255585,9.75423114519082,3.19268118858339e-15,0.1007129130226695,116.05844634854846,0.0,0.0,0.0,0.0,0.0,0.0,0.0,0.0,0.0,0.0,0.0,0.0,0.0,0.0,0.0,0.0,0.0,0.5,0.0,0.0,1.0,0.0,0.0,0.0
12.0,-1.8670443936513323e-14,-5.6553157776964684e-06,117.03391457485746,0.0,0.0,0.0,0.7071067135058953,-0.0003093782342947808,-0.7071067135058952,-0.00030937823429478086,6386578.822511591,0.4096182205023376,-1.5592280001411154e-15,-2.457845541745802e-22,6.413734675261555e-08,8441.822511604056,0.0,-0.0008751179549507549,1.5685426828963182e-16,-1.6264038610518488e-19,-7.293718709647278e-05,2.959733049564786e-22,-1.2852431377653495e-20,-7.293718709647278e-05,3.0722058365141127e-22,-1.2852167444735533e-20,306.23137138499646,0.4991827791543001,33437.31793781101,233.35092751285495,0.38217480477439936,1.5707963267948968,-4.83220252713943e-08,117.0339145748576,3418.637578893778,9.75426698865386,1.952353483215466e-15,0.10241281159647032,117.03386976568402,0.0,0.0,0.0,0.0,0.0,0.0,0.0,0.0,-0.0,0.0,0.0,0.0,0.0,0.0,0.0,0.0,0.0,0.5,0.0,0.0,1.0,0.0,0.0,0.0
12.100000000000001,-1.8839480508181776e-14,-5.846221418539757e-06,118.00934270763908,0.0,0.0,0.0,0.7071067123731694,-0.0003119563860806569,-0.7071067123731692,-0.000311956386080657,6386567.070197225,0.4199446028183537,-1.5441471155553803e-15,-2.434077720367424e-22,6.575435570693603e-08,8430.070197238587,0.0,-0.0008824116871064091,1.365251622970646e-16,-1.2649922971228614e-19,-7.293745552911853e-05,3.2996645732326264e-22,-1.298561672318385e-20,-7.293745552911853e-05,3.414244884395809e-22,-1.2985320628593217e-20,306.2813512476502,0.4998774610535152,33494.81114502105,233.4271154695422,0.38529718419199305,1.5707963267948968,-4.9540294428845184e-08,118.00934270763922,3480.699008344742,9.754303133269772,2.169697747898232e-15,0.10412698622648689,118.0092967687606,0.0,0.0,0.0,0.0,0.0,0.0,0.0,0.0,0.0,0.0,0.0,0.0,0.0,0.0,0.0,0.0,0.0,0.5,0.0,0.0,1.0,0.0,0.0,0.0
12.200000000000001,-1.8980777351694687e-14,-6.0419125590899795e-06,118.98477445781513,0.0,0.0,0.0,0.7071067112310583,-0.0003145345378623924,-0.7071067112310582,-0.0003145345378623925,6386555.220496047,0.4304428130199519,-1.6878133727332077e-15,-2.660547403527377e-22,6.739827625722713e-08,8418.220496061878,0.0,-0.0008897054461736595,1.3122301338848242e-16,-1.6263917182103585e-19,-7.293772618765813e-05,-6.032714825500706e-22,-9.323537749790787e-21,-7.293772618765813e-05,-5.949758090766559e-22,-9.3240707337623e-21,306.3317452737868,0.5005778995086636,33552.78077584809,233.50393476588954,0.38841803302603173,1.5707963267948968,-5.077883863759777e-08,118.98477445781529,3543.4359318535558,9.754339577603696,-3.770704668697175e-15,0.10585536873714387,118.98472737043052,0.0,0.0,0.0,0.0,0.0,0.0,0.0,0.0,0.0,0.0,0.0,0.0,0.0,0.0,0.0,0.0,0.0,0.5,0.0,0.0,1.0,0.0,0.0,0.0
12.3,-1.9144309435325906e-14,-6.2424684155839e-06,119.96020985521386,0.0,0.0,0.0,0.7071067100795623,-0.00031711268963995336,-0.7071067100795622,-0.0003171126896399534,6386543.273407697,0.44111426689161676,-1.5954577857709053e-15,-2.5149694462847803e-22,6.906933031023663e-08,8406.273407712579,0.0,-0.0008969992323744122,1.9654446624443214e-16,-1.626439010848565e-19,-7.293799907213684e-05,6.012685441301382e-22,-1.4006524899016753e-20,-7.293799907213684e-05,6.138321426353515e-22,-1.4005979926788572e-20,306.382553464943,0.5012840945411048,33611.226832059896,233.58138540423954,0.39153733950761704,1.5707963267948968,-5.2037825068147605e-08,119.96020985521402,3606.852337522301,9.754376321661749,3.892020264566522e-15,0.10759795925983451,119.96016160036694,0.0,0.0,0.0,0.0,0.0,0.0,0.0,0.0,-0.0,0.0,0.0,0.0,0.0,0.0,0.0,0.0,0.0,0.5,0.0,0.0,1.0,0.0,0.0,0.0
12.4,-1.9291184294662154e-14,-6.447993000870662e-06,120.93564894748093,0.0,0.0,0.0,0.7071067089186361,-0.00031969084141328526,-0.707106708918636,-0.0003196908414132853,6386531.228463601,0.45196122651547826,-1.640101031075603e-15,-2.5853468818889876e-22,7.076787232597644e-08,8394.228463616842,0.0,-0.0009042930460631282,1.5695274958959858e-16,-1.4457139525295957e-19,-7.29382741933024e-05,-4.935734443119452e-23,-1.149580745610189e-20,-7.29382741933024e-05,-3.896202430804026e-23,-1.1495847461295247e-20,306.43376117741826,0.5019976238686903,33670.319268706124,233.65947101008985,0.39465510578886964,1.5707963267948968,-5.331752075540565e-08,120.9356489474811,3670.966887193525,9.754413366891102,-2.3103461236732404e-16,0.10935482623603802,120.93559950596794,0.0,0.0,0.0,0.0,0.0,0.0,0.0,0.0,0.0,0.0,0.0,0.0,0.0,0.0,0.0,0.0,0.0,0.5,0.0,0.0,1.0,0.0,0.0,0.0
12.5,-1.9451421890990153e-14,-6.6585434368415165e-06,121.91109174690504,0.0,0.0,0.0,0.7071067077483248,-0.00032226899318237403,-0.7071067077483247,-0.0003222689931823741,6386519.086131602,0.4629842744954551,-1.581924198874223e-15,-2.4936455405583105e-22,7.24939937263599e-08,8382.086131618047,0.0,-0.0009115868873312285,1.6965479425173968e-16,-1.2650255609145888e-19,-7.293855154049916e-05,4.172801588720309e-22,-1.3268652406420552e-20,-7.293855154049916e-05,4.293759679440746e-22,-1.326826638658107e-20,306.4853646942202,0.5027186207758712,33730.07320550289,233.73818861153717,0.3977713302953003,1.5707963267948968,-5.461799456272373e-08,121.91109174690523,3735.7821116467153,9.754450711856972,2.7269084592952647e-15,0.11112590149154229,121.9110410994584,0.0,0.0,0.0,0.0,0.0,0.0,0.0,0.0,0.0,0.0,0.0,0.0,0.0,0.0,0.0,0.0,0.0,0.5,0.0,0.0,1.0,0.0,0.0,0.0
12.600000000000001,-1.9605941613800295e-14,-6.8742008995045895e-06,122.88653828331627,0.0,0.0,0.0,0.7071067065686285,-0.0003248471449471855,-0.7071067065686284,-0.00032484714494718556,6386506.846411327,0.47418482662400246,-1.5464539862871952e-15,-2.437737239476743e-22,7.424791643188373e-08,8369.846411344595,0.0,-0.0009188807564006339,1.7922707064865366e-16,-1.6264363312748163e-19,-7.293883111377349e-05,-1.1931310645384342e-21,-7.171961472647643e-21,-7.293883111377349e-05,-1.186540384377759e-21,-7.173054789875052e-21,306.53738210000733,0.5034454004803622,33790.30640219877,233.8175375720505,0.40088597821725025,1.5707963267948968,-5.593941366999888e-08,122.88653828331645,3801.2899936356985,9.754488356565616,-7.011565413765417e-16,0.11291118516098972,122.88648641051329,0.0,0.0,0.0,0.0,0.0,0.0,0.0,0.0,0.0,0.0,0.0,0.0,0.0,0.0,0.0,0.0,0.0,0.5,0.0,0.0,1.0,0.0,0.0,0.0
12.700000000000001,-1.9772175275951402e-14,-7.095072545066721e-06,123.86198860479374,0.0,0.0,0.0,0.7071067053795019,-0.00032742529670766473,-0.7071067053795018,-0.0003274252967076648,6386494.508834191,0.4855651654744313,-1.435882264957711e-15,-2.2634430165574234e-22,7.602999812714035e-08,8357.508834208982,0.0,-0.0009261746536290293,1.2115852379726593e-16,-1.6263953510596945e-19,-7.293911292387492e-05,-7.311936686221859e-23,-1.1407454376864782e-20,-7.293911292387492e-05,-6.255331177645956e-23,-1.1407517009900818e-20,306.58981538622254,0.5041779908063198,33851.02116477155,233.8975209294388,0.40399903018445366,1.5707963267948968,-5.728204754034646e-08,123.86198860479394,3867.4980407221847,9.754526302464457,-7.274941682815388e-15,0.11471074569107179,123.8619354869619,0.0,0.0,0.0,0.0,0.0,0.0,0.0,0.0,0.0,0.0,0.0,0.0,0.0,0.0,0.0,0.0,0.0,0.5,0.0,0.0,1.0,0.0,0.0,0.0
12.8,-1.993047020912417e-14,-7.321216290028287e-06,124.83744272319647,0.0,0.0,0.0,0.7071067041809904,-0.00033000344846379815,-0.7071067041809903,-0.0003300034484637982,6386482.07386803,0.49712585317568975,-1.4304878459958388e-15,-2.254943987799201e-22,7.784032703742529e-08,8345.07386804962,0.0,-0.0009334685791046396,1.8966429949376106e-16,-1.0843498118477965e-19,-7.293939696014827e-05,-1.0552616177391542e-21,-7.760380466498473e-21,-7.293939696014827e-05,-1.0480179880672934e-21,-7.761362381864652e-21,306.6426483945547,0.5049176911427247,33912.358947258785,233.97813615248262,0.4071105009336076,1.5707963267948968,-5.864596262802608e-08,124.8374427231967,3934.417436406248,9.754564548118768,-2.0287189355884896e-15,0.11652451490889296,124.83738834060163,0.0,0.0,0.0,0.0,0.0,0.0,0.0,0.0,0.0,0.0,0.0,0.0,0.0,0.0,0.0,0.0,0.0,0.5,0.0,0.0,1.0,0.0,0.0,0.0
12.9,-2.0077166514374053e-14,-7.552715270447572e-06,125.81290066835639,0.0,0.0,0.0,0.7071067029730939,-0.00033258160021555156,-0.7071067029730937,-0.0003325816002155516,6386469.541512466,0.5088683055283982,-1.511994320761799e-15,-2.383431106967962e-22,7.967912509732023e-08,8332.541512485594,0.0,-0.000940762533049399,1.6278955470396662e-16,-1.62643296821111e-19,-7.293968322264106e-05,2.009616306578418e-22,-1.2419953283070692e-20,-7.293968322264106e-05,2.1264576671634295e-22,-1.2419758729884923e-20,306.6958734173209,0.5056652235662707,33974.39796302886,234.05938351662246,0.4102203895556269,1.5707963267948968,-6.003132612256169e-08,125.81290066835662,4002.0585825719604,9.754603093534964,1.3458611699825984e-15,0.11835249295234505,125.81284500110938,0.0,0.0,0.0,0.0,0.0,0.0,0.0,0.0,-0.0,0.0,0.0,0.0,0.0,0.0,0.0,0.0,0.0,0.5,0.0,0.0,1.0,0.0,0.0,0.0
13.0,-2.0246322291502464e-14,-7.789679814530237e-06,126.78836248878616,0.0,0.0,0.0,0.7071067017557672,-0.0003351597519628697,-0.7071067017557671,-0.00033515975196286976,6386456.911298897,0.5207948255973626,-1.5071827862995403e-15,-2.3758511828674657e-22,8.154675321653957e-08,8319.911298918227,0.0,-0.0009480565158242184,1.4256004845921148e-16,-1.6264194784253095e-19,-7.293997172210458e-05,-1.3401637663509744e-22,-1.1196221000137218e-20,-7.293997172210458e-05,-1.2340229348401722e-22,-1.1196343195197929e-20,306.749514043876,0.5064185930433562,34036.92140602264,234.14126529500234,0.4133286481266547,1.5707963267948968,-6.14384099156517e-08,126.7883624887864,4070.413654673623,9.7546419401607,-7.855894548072449e-16,0.1201947482733794,126.78830551674571,0.0,0.0,0.0,0.0,0.0,0.0,0.0,0.0,0.0,0.0,0.0,0.0,0.0,0.0,0.0,0.0,0.0,0.5,0.0,0.0,1.0,0.0,0.0,0.0
13.100000000000001,-2.039568806331011e-14,-8.032168605313e-06,127.76382819591515,0.0,0.0,0.0,0.7071067005290553,-0.00033773790370573943,-0.7071067005290552,-0.0003377379037057395,6386444.183695158,0.5329059550366372,-1.6399573867052432e-15,-2.5851559225063653e-22,8.344329642389484e-08,8307.183695180342,0.0,-0.0009553505275141258,1.381546488744252e-16,-1.626418535953554e-19,-7.294026244788417e-05,-4.6207371868449833e-23,-1.1517598061664928e-20,-7.294026244788417e-05,-3.520469108634108e-23,-1.1517637137889927e-20,306.8035682873298,0.5071777716685962,34099.92696032374,234.22377845465826,0.41643527280314185,1.5707963267948968,-6.286727805254921e-08,127.7638281959154,4139.4835465295255,9.754681086561323,-2.2248007146736136e-16,0.12205121270037021,127.76376989888051,0.0,0.0,0.0,0.0,0.0,0.0,0.0,0.0,0.0,0.0,0.0,0.0,0.0,0.0,0.0,0.0,0.0,0.5,0.0,0.0,1.0,0.0,0.0,0.0
13.200000000000001,-2.0552193015815327e-14,-8.280266739190411e-06,128.73929781957725,0.0,0.0,0.0,0.7071066992929584,-0.00034031605544412657,-0.7071066992929583,-0.0003403160554441266,6386431.35870086,0.5452031096552011,-1.6968240736330893e-15,-2.6748034479751167e-22,8.536897666838872e-08,8294.358700883575,0.0,-0.0009626445683410704,1.4966516032968561e-16,-1.6264310265724106e-19,-7.294055540002838e-05,-6.538816429187123e-22,-9.328394979495596e-21,-7.294055540002838e-05,-6.44901412576298e-22,-9.329020112770785e-21,306.8580199557736,0.507944284119722,34163.58000411249,234.30692357269552,0.4195402741571892,1.5707963267948968,-6.431809773263521e-08,128.7392978195775,4209.285215863984,9.754720532743383,3.058750247062447e-15,0.12392188637445933,128.73923817719268,0.0,0.0,0.0,0.0,0.0,0.0,0.0,0.0,-0.0,0.0,0.0,0.0,0.0,0.0,0.0,0.0,0.0,0.5,0.0,0.0,1.0,0.0,0.0,0.0
13.3,-2.071202160746793e-14,-8.534087745017352e-06,129.71477140871863,0.0,0.0,0.0,0.7071066980474314,-0.0003428942071779752,-0.7071066980474313,-0.00034289420717797524,6386418.435847387,0.5576886130096714,-1.6449345835363578e-15,-2.5930122770766776e-22,8.732415808540394e-08,8281.435847411243,0.0,-0.0009699386386691876,1.1258747032436026e-16,-1.626401619313491e-19,-7.294085058929037e-05,4.733814266901689e-22,-1.3382581088951009e-20,-7.294085058929037e-05,4.863610760971271e-22,-1.3382115757464438e-20,306.91286633101305,0.5087186016550328,34227.930941725725,234.39070385422608,0.42264363958652856,1.5707963267948968,-6.579114327655974e-08,129.71477140871892,4279.830825078006,9.754760280154798,-1.712775768643498e-15,0.125806837752905,129.71471040037403,0.0,0.0,0.0,0.0,0.0,0.0,0.0,0.0,0.0,0.0,0.0,0.0,0.0,0.0,0.0,0.0,0.0,0.5,0.0,0.0,1.0,0.0,0.0,0.0
13.4,-2.0860147067865985e-14,-8.793691044298174e-06,130.69024897433906,0.0,0.0,0.0,0.7071066967925194,-0.00034547235890727265,-0.7071066967925193,-0.0003454723589072727,6386405.4156025695,0.5703629862792828,-1.7682963587362417e-15,-2.7874808094094043e-22,8.93089225073971e-08,8268.415602595545,0.0,-0.0009772327385803095,1.4712351200392326e-16,-1.2650339171262844e-19,-7.294114800501587e-05,-2.3107503053402765e-22,-1.0863536463009872e-20,-7.294114800501587e-05,-2.204591834819545e-22,-1.0863757221313254e-20,306.9681260485669,0.5094987547300805,34292.76685150662,234.47511553455593,0.42574533749264915,1.5707963267948968,-6.728647632066342e-08,130.69024897433934,4351.105475339349,9.754800327360963,3.4413597572815502e-15,0.12770599866530463,130.69018657936718,0.0,0.0,0.0,0.0,0.0,0.0,0.0,0.0,0.0,0.0,0.0,0.0,0.0,0.0,0.0,0.0,0.0,0.5,0.0,0.0,1.0,0.0,0.0,0.0
13.5,-2.1020521821499337e-14,-9.059163694056239e-06,131.66573054627435,0.0,0.0,0.0,0.7071066955282223,-0.0003480505106319849,-0.7071066955282221,-0.00034805051063198497,6386392.297966013,0.5832276452815682,-1.7368780843832542e-15,-2.737959796279566e-22,9.132349189812806e-08,8255.29796603974,0.0,-0.0009845268682964004,1.42344830580164e-16,-2.168534339490881e-19,-7.294144764725458e-05,6.309992328508662e-22,-1.3911517665929656e-20,-7.294144764725458e-05,6.446951877475448e-22,-1.3910889688162526e-20,307.02379911011906,0.5102847433686378,34358.087735430825,234.56015861625718,0.4288453563791992,1.5707963267948968,-6.880426407441193e-08,131.66573054627466,4423.113609314739,9.75484067436857,4.0909676509621e-15,0.1296193692560505,131.6656667438528,0.0,0.0,0.0,0.0,0.0,0.0,0.0,0.0,-0.0,0.0,0.0,0.0,0.0,0.0,0.0,0.0,0.0,0.5,0.0,0.0,1.0,0.0,0.0,0.0
13.600000000000001,-2.116951577236666e-14,-9.33062245245797e-06,132.64121617390447,0.0,0.0,0.0,0.707106694254495,-0.00035062866235205555,-0.7071066942544949,-0.0003506286623520556,6386379.082469083,0.5962849340652745,-1.815756894490275e-15,-2.8623078278115353e-22,9.336823361919915e-08,8242.082469110688,0.0,-0.0009918210281848218,1.8178053695031398e-16,-1.0843719054827432e-19,-7.294174952676154e-05,-1.8508806881457566e-22,-1.1035067410418307e-20,-7.294174952676154e-05,-1.741433600809844e-22,-1.1035245612029723e-20,307.07986482414987,0.5110787422572687,34424.12908720878,234.64583694397942,0.4319437084947421,1.5707963267948968,-7.034478328778593e-08,132.6412161739048,4495.882156583153,9.754881322625804,-1.1031364246295622e-15,0.1315470179877553,132.64115094295434,0.0,0.0,0.0,0.0,0.0,0.0,0.0,0.0,0.0,0.0,0.0,0.0,0.0,0.0,0.0,0.0,0.0,0.5,0.0,0.0,1.0,0.0,0.0,0.0
13.700000000000001,-2.1309219626669924e-14,-9.608127451407545e-06,133.61670586779945,0.0,0.0,0.0,0.7071066929713827,-0.00035320681406747235,-0.7071066929713826,-0.0003532068140674724,6386365.769579609,0.6095353533348878,-2.0668446934937504e-15,-3.258122367277972e-22,9.544322630683623e-08,8228.769579638107,0.0,-0.0009991152183242093,1.265812395435136e-16,-1.8071243822799637e-19,-7.294205363288284e-05,2.0380127625918815e-22,-1.2362067982542211e-20,-7.294205363288284e-05,2.161528405098277e-22,-1.2361858034569663e-20,307.1363284301098,0.5118800395511278,34490.814302815306,234.73214722783223,0.4350403808934902,1.5707963267948968,-7.190809318829155e-08,133.6167058677998,4569.406828576649,9.7549222706981,-3.609452594666604e-15,0.133488876691193,133.61663918718688,0.0,0.0,0.0,0.0,0.0,0.0,0.0,0.0,0.0,0.0,0.0,0.0,0.0,0.0,0.0,0.0,0.0,0.5,0.0,0.0,1.0,0.0,0.0,0.0
13.8,-2.147361127700809e-14,-9.891767708857817e-06,134.59219965779718,0.0,0.0,0.0,0.7071066916788853,-0.0003557849657782012,-0.7071066916788852,-0.0003557849657782013,6386352.359297183,0.6229803189166896,-2.068779508982489e-15,-3.2611792589464815e-22,9.754869193989265e-08,8215.359297214076,0.0,-0.0010064094389365425,1.4337651733675895e-16,-1.0843420347208445e-19,-7.294235996566934e-05,6.256138697286728e-22,-1.3836433917342254e-20,-7.294235996566934e-05,6.395386682440165e-22,-1.383579728656056e-20,307.1932051062184,0.5126871988863266,34557.9873666819,234.81908893082974,0.43813534095345474,1.5707963267948968,-7.349436099571725e-08,134.59219965779755,4643.679738034044,9.754963518592321,4.057147786613664e-15,0.13544494551400652,134.5921315062332,0.0,0.0,0.0,0.0,0.0,0.0,0.0,0.0,-0.0,0.0,0.0,0.0,0.0,0.0,0.0,0.0,0.0,0.5,0.0,0.0,1.0,0.0,0.0,0.0
13.9,-2.1625393107334208e-14,-1.0181663240959914e-05,135.56769759371127,0.0,0.0,0.0,0.7071066903769577,-0.00035836311748418525,-0.7071066903769576,-0.0003583631174841853,6386338.851153164,0.636622195351877,-2.111802989097248e-15,-3.3290076330760296e-22,9.968500110674627e-08,8201.851153195525,0.0,-0.001013703690392409,9.365426482108492e-17,-1.8070970432244936e-19,-7.294266853587787e-05,-6.742131244599379e-22,-9.365108614133087e-21,-7.294266853587787e-05,-6.647185250633486e-22,-9.365787017338132e-21,307.2504968401192,0.5135002484702968,34625.65062627526,234.90666509128442,0.44122856893281326,1.5707963267948968,-7.510386588975461e-08,135.56769759371164,4718.709122487533,9.75500506775687,-4.2184160608484084e-15,0.1374152929242103,135.56762794964806,0.0,0.0,0.0,0.0,0.0,0.0,0.0,0.0,0.0,0.0,0.0,0.0,0.0,0.0,0.0,0.0,0.0,0.5,0.0,0.0,1.0,0.0,0.0,0.0
14.0,-2.1789191226383098e-14,-1.0477874861953354e-05,136.54319968568225,0.0,0.0,0.0,0.7071066890656452,-0.00036094126918541293,-0.7071066890656451,-0.000360941269185413,6386325.245615374,0.6504614628702577,-2.0402484697395507e-15,-3.2162172925356868e-22,1.0185222924751175e-07,8188.245615406583,0.0,-0.0010209979727672498,1.531290386020036e-16,-1.4457588960769153e-19,-7.294297933285494e-05,2.784442598135021e-23,-1.1775460946524923e-20,-7.294297933285494e-05,3.9867095547219253e-23,-1.177542639048634e-20,307.3081680458624,0.5143223570605611,34694.149460180386,234.9948738734779,0.44432011027123225,1.5707963267948968,-7.673666468915628e-08,136.54319968568265,4794.525817472724,9.755046916757259,2.5339128436757625e-16,0.13939985075370856,136.5431285275193,0.0,0.0,0.0,0.0,0.0,0.0,0.0,0.0,0.0,0.0,0.0,0.0,0.0,0.0,0.0,0.0,0.0,0.5,0.0,0.0,1.0,0.0,0.0,0.0
14.100000000000001,-2.1944033685387433e-14,-1.0780493551025685e-05,137.51870596355008,0.0,0.0,0.0,0.7071066877449476,-0.0003635194208818502,-0.7071066877449474,-0.00036351942088185023,6386311.542683398,0.6644995373070547,-2.0612073594694894e-15,-3.2492635928317024e-22,1.0405059835647214e-07,8174.542683433741,0.0,-0.0010282922862830588,1.5536550227240182e-16,-1.0843638315585123e-19,-7.294329235665257e-05,3.800080632021958e-22,-1.2962094990515023e-20,-7.294329235665257e-05,3.933366822386611e-22,-1.29616973782618e-20,307.36624675674864,0.5151508577253225,34763.193791068334,235.0837142812826,0.44740991379051315,1.5707963267948968,-7.839292462425497e-08,137.5187059635505,4871.110546124247,9.755089065600483,2.493144225519104e-15,0.14139861915339513,137.51863326953176,0.0,0.0,0.0,0.0,0.0,0.0,0.0,0.0,0.0,0.0,0.0,0.0,0.0,0.0,0.0,0.0,0.0,0.5,0.0,0.0,1.0,0.0,0.0,0.0
14.200000000000001,-2.2093116677409227e-14,-1.108964261099647e-05,138.4942164775621,0.0,0.0,0.0,0.7071066864148197,-0.0003660975725734392,-0.7071066864148196,-0.00036609757257343925,6386297.741888576,0.6787388036962408,-2.184132008822742e-15,-3.443048089347187e-22,1.0628048224934203e-07,8160.741888612198,0.0,-0.0010355866313136515,1.2838877171960034e-16,-1.0843386483818862e-19,-7.294360761802944e-05,1.6477703136491596e-22,-1.2230477543943827e-20,-7.294360761802944e-05,1.7744289484275138e-22,-1.2230300274621876e-20,307.4247402509899,0.5159852753307334,34832.73121897529,235.17318916464367,0.45049795206634885,1.5707963267948968,-8.007292730483197e-08,138.49421647756256,4948.4671168215045,9.755131515735231,1.1286414755859295e-15,0.14341166659673382,138.49414222567168,0.0,0.0,0.0,0.0,0.0,0.0,0.0,0.0,0.0,0.0,0.0,0.0,0.0,0.0,0.0,0.0,0.0,0.5,0.0,0.0,1.0,0.0,0.0,0.0
14.3,-2.226663676681754e-14,-1.140538351037998e-05,139.46973123742924,0.0,0.0,0.0,0.7071066850753068,-0.00036867572426016926,-0.7071066850753067,-0.0003686757242601693,6386283.84369873,0.69317972179301,-2.1678066778300032e-15,-3.417320452588803e-22,1.085419531702394e-07,8146.843698767324,0.0,-0.0010428810079312725,2.109064769544995e-16,-1.8072325356174381e-19,-7.294392510633242e-05,3.829575411277186e-22,-1.2960026170607237e-20,-7.294392510633242e-05,3.9647327249097945e-22,-1.2959619690512608e-20,307.48363754160715,0.51682644273664,34902.85318084001,235.26329581200636,0.4535842354713203,1.5707963267948968,-8.177672714097604e-08,139.46973123742973,5026.604987788459,9.755174265727032,2.513400098700804e-15,0.145438924916712,139.46965540559958,0.0,0.0,0.0,0.0,0.0,0.0,0.0,0.0,0.0,0.0,0.0,0.0,0.0,0.0,0.0,0.0,0.0,0.5,0.0,0.0,1.0,0.0,0.0,0.0
14.4,-2.2426583421427543e-14,-1.1727809189912476e-05,140.4452502729936,0.0,0.0,0.0,0.707106683726409,-0.00037125387594200615,-0.7071066837264088,-0.0003712538759420062,6386269.848113433,0.7078237074417214,-2.2430875048470083e-15,-3.5360006047436045e-22,1.1083523312921338e-07,8132.8481134725735,0.0,-0.0010501754163579312,1.254631988566334e-16,-1.0843412303063688e-19,-7.294424482161467e-05,-1.8005888866000205e-22,-1.1094242892679677e-20,-7.294424482161467e-05,-1.6840789036195393e-22,-1.1094425868318867e-20,307.54291671277315,0.5176764561453563,34973.787989984194,235.35403500873207,0.4566687855281077,1.5707963267948968,-8.350449137380051e-08,140.4452502729941,5105.5499660141995,9.755217315583064,-1.0660054713761806e-15,0.1474803942674751,140.44517283900242,0.0,0.0,0.0,0.0,0.0,0.0,0.0,0.0,-0.0,0.0,0.0,0.0,0.0,0.0,0.0,0.0,0.0,0.5,0.0,0.0,1.0,0.0,0.0,0.0
14.5,-2.257730747289953e-14,-1.2057046267778352e-05,141.42077363493644,0.0,0.0,0.0,0.7071066823680808,-0.00037383202761889187,-0.7071066823680807,-0.0003738320276188919,6386255.754664013,0.7226731661694517,-2.311279092610229e-15,-3.6435058414770523e-22,1.1316069916988127e-07,8118.75466405414,0.0,-0.001057469856970672,1.9614696699612776e-16,-1.445824873348928e-19,-7.294456677463678e-05,-1.0632162678697544e-22,-1.1337274852169311e-20,-7.294456677463678e-05,-9.433229664450089e-23,-1.1337380808610184e-20,307.60261039351604,0.5185324132724387,35045.218810748425,235.44540869924882,0.4597515374242652,1.5707963267948968,-8.525650404356822e-08,141.42077363493695,5185.282578499813,9.755260666752234,-5.964577549745794e-16,0.14953614312798366,141.42069457629805,0.0,0.0,0.0,0.0,0.0,0.0,0.0,0.0,0.0,0.0,0.0,0.0,0.0,0.0,0.0,0.0,0.0,0.5,0.0,0.0,1.0,0.0,0.0,0.0
14.600000000000001,-2.2726779701418363e-14,-1.2393156838705576e-05,142.3963013325392,0.0,0.0,0.0,0.7071066810003677,-0.00037641017929081595,-0.7071066810003676,-0.000376410179290816,6386241.563818288,0.7377285372568436,-2.3656872570318253e-15,-3.7292833428020493e-22,1.1551842034047432e-07,8104.5638183308765,0.0,-0.0010647643298385425,1.360807286984259e-16,-1.0843593890508058e-19,-7.294489095474597e-05,-4.1776911475213585e-22,-1.0319842647517525e-20,-7.294489095474597e-05,-4.0678107920779757e-22,-1.0320281746292833e-20,307.6627166023599,0.5193942857051923,35117.14327205352,235.5374138504925,0.4628324884818694,1.5707963267948968,-8.703281715176956e-08,142.39630133253974,5265.80395428574,9.755304317800148,-2.582098008384479e-15,0.15160610333226193,142.39622062671975,0.0,0.0,0.0,0.0,0.0,0.0,0.0,0.0,0.0,0.0,0.0,0.0,0.0,0.0,0.0,0.0,0.0,0.5,0.0,0.0,1.0,0.0,0.0,0.0
14.700000000000001,-2.287086018920387e-14,-1.2736235805297417e-05,143.37183339564604,0.0,0.0,0.0,0.7071066796232696,-0.00037898833095774414,-0.7071066796232695,-0.0003789883309577442,6386227.275575827,0.7529912365575867,-2.53633201245705e-15,-3.9982977478503534e-22,1.1790861866714387e-07,8090.275575871579,0.0,-0.0010720588351835693,5.638917749456088e-17,-1.084268660657207e-19,-7.29452173619965e-05,-1.1251466865561685e-21,-8.034468246566477e-21,-7.29452173619965e-05,-1.1165326189651613e-21,-8.035669852734129e-21,307.7232076570319,0.5202647349715227,35189.85166044129,235.6300514558214,0.46591166940986606,1.5707963267948968,-8.88335979505174e-08,143.3718333956466,5347.146356471411,9.755348268734107,-7.079388022942003e-15,0.15369027503770705,143.37175101995655,0.0,0.0,0.0,0.0,0.0,0.0,0.0,0.0,-0.0,0.0,0.0,0.0,0.0,0.0,0.0,0.0,0.0,0.5,0.0,0.0,1.0,0.0,0.0,0.0
14.8,-2.3017592219142982e-14,-1.3086413129809945e-05,144.34736987537224,0.0,0.0,0.0,0.7071066782367412,-0.000381566482619618,-0.7071066782367411,-0.00038156648261961806,6386212.889467936,0.7684636900921906,-2.7724987093397023e-15,-4.370603070481938e-22,1.203316744219809e-07,8075.889467981954,0.0,-0.0010793533733860243,9.612682629604358e-17,-1.807119370606322e-19,-7.294554600715087e-05,-7.682554994229566e-22,-9.185111263435849e-21,-7.294554600715087e-05,-7.583404166087495e-22,-9.185934928921606e-21,307.78409995564186,0.5211424039033481,35263.19522326765,235.72332403826755,0.4689890390524143,1.5707963267948968,-9.065913291094448e-08,144.34736987537283,5429.305276929799,9.755392521003312,-4.840614409112405e-15,0.1557887267288239,144.34728580685808,0.0,0.0,0.0,0.0,0.0,0.0,0.0,0.0,0.0,0.0,0.0,0.0,0.0,0.0,0.0,0.0,0.0,0.5,0.0,0.0,1.0,0.0,0.0,0.0
14.9,-2.318557533856598e-14,-1.3443751505127454e-05,145.32291078056946,0.0,0.0,0.0,0.7071066768408277,-0.0003841446342764275,-0.7071066768408276,-0.00038414463427642755,6386198.405962431,0.7841463166668075,-2.698872284939304e-15,-4.254547131408726e-22,1.2278765345743497e-07,8061.405962479301,0.0,-0.0010866479445117599,1.9046190308851848e-16,-1.8072375304613972e-19,-7.294587687955665e-05,4.507732651483857e-22,-1.3101955592566138e-20,-7.294587687955665e-05,4.650100191583257e-22,-1.3101458083663734e-20,307.84540451061633,0.5220260148772912,35337.03534068717,235.81722809984356,0.47206457542048497,1.5707963267948968,-9.250947162601694e-08,145.32291078057008,5512.2692296208015,9.755437073173393,2.9157546084447316e-15,0.1579013902406265,145.32282499623005,0.0,0.0,0.0,0.0,0.0,0.0,0.0,0.0,0.0,0.0,0.0,0.0,0.0,0.0,0.0,0.0,0.0,0.5,0.0,0.0,1.0,0.0,0.0,0.0
15.0,-2.3353643315521056e-14,-1.380834779604899e-05,146.29845614108424,0.0,0.0,0.0,0.7071066754355293,-0.00038672278592813853,-0.7071066754355292,-0.0003867227859281386,6386183.825058873,0.8000405321446519,-2.5627434443079083e-15,-4.039960650592669e-22,1.2527677781609618e-07,8046.825058923103,0.0,-0.0010939425487828183,1.1745416077519786e-16,-1.0843493157796562e-19,-7.294620997926922e-05,-1.2777555612636357e-21,-7.629438602949767e-21,-7.294620997926922e-05,-1.2694086308656558e-21,-7.630831828732961e-21,307.90711230382936,0.52291643960922,35411.4672189467,235.91176396682323,0.47513828130323904,1.5707963267948968,-9.438478135909203e-08,146.2984561410849,5596.052575935913,9.755481925251809,-8.05234101924322e-15,0.16002826573376444,146.29836861776386,0.0,0.0,0.0,0.0,0.0,0.0,0.0,0.0,-0.0,0.0,0.0,0.0,0.0,0.0,0.0,0.0,0.0,0.5,0.0,0.0,1.0,0.0,0.0,0.0
15.100000000000001,-2.3504299414310628e-14,-1.418033533762138e-05,147.27400600846588,0.0,0.0,0.0,0.7071066740208006,-0.0003893009375746922,-0.7071066740208005,-0.00038930093757469223,6386169.146288552,0.8161487830399996,-2.6472390458085155e-15,-4.1731708843968144e-22,1.2779943099910513e-07,8032.146288604786,0.0,-0.0011012371865827017,1.8269521908520654e-16,-1.4458364145416607e-19,-7.294654531705303e-05,-2.2567867754603357e-22,-1.0969056988668266e-20,-7.294654531705303e-05,-2.135997198298895e-22,-1.0969299089200064e-20,307.9692016568651,0.5238159934137955,35486.74299823831,236.0069355265154,0.4782101736273789,1.5707963267948968,-9.628535101256885e-08,147.27400600846656,5680.689500628054,9.755527078688017,1.3666768498310525e-15,0.16216942169833443,147.2739167227409,0.0,0.0,0.0,0.0,0.0,0.0,0.0,0.0,0.0,0.0,0.0,0.0,0.0,0.0,0.0,0.0,0.0,0.5,0.0,0.0,1.0,0.0,0.0,0.0
15.200000000000001,-2.365594279030926e-14,-1.4559777392829887e-05,148.24956039113655,0.0,0.0,0.0,0.7071066725966869,-0.0003918790892160787,-0.7071066725966868,-0.00039187908921607873,6386154.370119286,0.8324714676845687,-2.724968708364666e-15,-4.295715788099727e-22,1.303556756632295e-07,8017.3701193397865,0.0,-0.0011085318579740662,1.9182788958844297e-16,-2.1686544032216977e-19,-7.294688288225598e-05,-4.401068430129059e-22,-1.0302910363562599e-20,-7.294688288225598e-05,-4.28685452977329e-22,-1.0303391899945394e-20,308.0317029952004,0.5247215160830065,35562.518259533856,236.10273858390576,0.4812802004917769,1.5707963267948968,-9.821122777095889e-08,148.24956039113727,5766.148160040206,9.75557253204769,-2.7174155951501008e-15,0.16432478997029382,148.24946931953954,0.0,0.0,0.0,0.0,0.0,0.0,0.0,0.0,0.0,0.0,0.0,0.0,0.0,0.0,0.0,0.0,0.0,0.5,0.0,0.0,1.0,0.0,0.0,0.0
15.3,-2.3803962010703735e-14,-1.4946772789001013e-05,149.22511931894496,0.0,0.0,0.0,0.7071066711631881,-0.0003944572408522641,-0.707106671163188,-0.00039445724085226415,6386139.496550622,0.8490100019512932,-2.7579877109807025e-15,-4.347778047895442e-22,1.329457338678349e-07,8002.4965506782755,0.0,-0.0011158265631789706,1.4495877208321714e-16,-2.1685970620523994e-19,-7.294722267493454e-05,6.570610347181734e-22,-1.3721927703594932e-20,-7.294722267493454e-05,6.723719139275036e-22,-1.3721185995218943e-20,308.0946163207378,0.5256330076444203,35638.79300514013,236.19917314191082,0.48434835084426425,1.5707963267948968,-1.0016257890908175e-07,149.2251193189457,5852.433712117428,9.755618285338443,4.2663671611478696e-15,0.16649437071354498,149.22502643785356,0.0,0.0,0.0,0.0,0.0,0.0,0.0,0.0,-0.0,0.0,0.0,0.0,0.0,0.0,0.0,0.0,0.0,0.5,0.0,0.0,1.0,0.0,0.0,0.0
15.4,-2.3955513572624955e-14,-1.5341458262701746e-05,150.20068284387457,0.0,0.0,0.0,0.7071066697202593,-0.0003970353924831889,-0.7071066697202592,-0.00039703539248318897,6386124.52511384,0.86576685284855,-2.96646544195979e-15,-4.67643989868891e-22,1.3556999234369205e-07,7987.525113898019,0.0,-0.0011231213025841465,1.441421818087901e-16,-2.1685997841575626e-19,-7.294756470585512e-05,-1.8907894826589018e-22,-1.1081962348223031e-20,-7.294756470585512e-05,-1.7663215971488985e-22,-1.1082167623319389e-20,308.1579082479834,0.5265539325894348,35715.94540111827,236.2962435103409,0.4874146604738164,1.5707963267948968,-1.021396957609941e-07,150.20068284387537,5939.5941313172425,9.755664340009977,-1.1370524356244666e-15,0.16867823242382377,150.20058812939612,0.0,0.0,0.0,0.0,0.0,0.0,0.0,0.0,0.0,0.0,0.0,0.0,0.0,0.0,0.0,0.0,0.0,0.5,0.0,0.0,1.0,0.0,0.0,0.0
15.5,-2.410605343151236e-14,-1.5743897618964656e-05,151.17625097391794,0.0,0.0,0.0,0.7071066682679453,-0.00039961354410884397,-0.7071066682679452,-0.000399613544108844,6386109.456276748,0.882742398233679,-3.0158648565781466e-15,-4.754326157151182e-22,1.3822851055198258e-07,7972.4562768091755,0.0,-0.0011304160762490548,1.8005871798029332e-16,-1.4458518181370146e-19,-7.29479089643659e-05,-1.6667116947602838e-22,-1.1161591084465155e-20,-7.29479089643659e-05,-1.5405438739066592e-22,-1.1161772545130437e-20,308.221604812058,0.5274815408947475,35793.6754197946,236.3939456495402,0.49047908383881206,1.5707963267948968,-1.0414262310281752e-07,151.17625097391877,6027.601081675192,9.75571069462803,-9.760265844402661e-16,0.1708763069379844,151.17615440211827,0.0,0.0,0.0,0.0,0.0,0.0,0.0,0.0,0.0,0.0,0.0,0.0,0.0,0.0,0.0,0.0,0.0,0.5,0.0,0.0,1.0,0.0,0.0,0.0
15.600000000000001,-2.4262116178024238e-14,-1.615419164798378e-05,152.15182373892623,0.0,0.0,0.0,0.7071066668062463,-0.0004021916957291953,-0.7071066668062462,-0.0004021916957291954,6386094.290038892,0.8999380539895269,-3.072930325242396e-15,-4.844297953633454e-22,1.4092151056918392e-07,7957.290038956329,0.0,-0.001137710884395772,8.628358550290038e-17,-2.168525937785761e-19,-7.29482554505245e-05,-5.799198872136835e-22,-9.90348970594408e-21,-7.29482554505245e-05,-5.686522062923696e-22,-9.904143077500706e-21,308.2857130929737,0.5284151450016672,35871.907863652144,236.4922793081426,0.4935415988383499,1.5707963267948968,-1.0617152822106374e-07,152.15182373892708,6116.452191541108,9.75575734920035,-3.605976898644216e-15,0.17308859442318245,152.15172528571608,0.0,0.0,0.0,0.0,0.0,0.0,0.0,0.0,0.0,0.0,0.0,0.0,0.0,0.0,0.0,0.0,0.0,0.5,0.0,0.0,1.0,0.0,0.0,0.0
15.700000000000001,-2.4417975332883784e-14,-1.6572480516589145e-05,153.12740119131686,0.0,0.0,0.0,0.7071066653351171,-0.0004047698473441828,-0.707106665335117,-0.00040476984734418286,6386079.02593153,0.9173563076189105,-3.0368711145616747e-15,-4.787464203428539e-22,1.4364938235628273e-07,7942.025931596135,0.0,-0.0011450057274142592,1.684157438694881e-16,-2.1686462485962606e-19,-7.294860417509932e-05,1.1671841230565932e-22,-1.2011045766278521e-20,-7.294860417509932e-05,1.3047153790153486e-22,-1.201090408907153e-20,308.350212510948,0.5293569768256808,35950.886424974444,236.59124833767206,0.4966022215810341,1.5707963267948968,-1.0822670488185344e-07,153.12740119131777,6206.182718680221,9.755804305176921,7.953794767934895e-16,0.17531516338084027,153.1273008323345,0.0,0.0,0.0,0.0,0.0,0.0,0.0,0.0,0.0,0.0,0.0,0.0,0.0,0.0,0.0,0.0,0.0,0.5,0.0,0.0,1.0,0.0,0.0,0.0
15.8,-2.4575749545285835e-14,-1.6998828543808627e-05,154.1029833386531,0.0,0.0,0.0,0.707106663854603,-0.000407347998953798,-0.7071066638546029,-0.00040734799895379806,6386063.664422473,0.9349975165048425,-2.979526579195723e-15,-4.697074992986413e-22,1.4641218217896496e-07,7926.664422541547,0.0,-0.0011523006053607819,1.5808416558953896e-16,-2.168635818909078e-19,-7.294895512743876e-05,3.622536418938404e-22,-1.2764767775245571e-20,-7.294895512743876e-05,3.7696188849580772e-22,-1.2764341995436251e-20,308.4151027482739,0.530306845496725,36030.59094081444,236.69084964519968,0.49966094827576796,1.5707963267948968,-1.103081954529781e-07,154.10298333865404,6296.793018370511,9.755851561123505,2.3888093181026763e-15,0.17755594564866248,154.1028810494976,0.0,0.0,0.0,0.0,0.0,0.0,0.0,0.0,0.0,0.0,0.0,0.0,0.0,0.0,0.0,0.0,0.0,0.5,0.0,0.0,1.0,0.0,0.0,0.0
15.9,-2.4739045368693076e-14,-1.7433338483052497e-05,155.07857021078823,0.0,0.0,0.0,0.7071066623647037,-0.0004099261505580067,-0.7071066623647035,-0.00040992615055800673,6386048.205511251,0.9528630965402769,-2.9930386505446983e-15,-4.718387601420735e-22,1.4921013213115667e-07,7911.205511322245,0.0,-0.001159595518457434,1.664220999159052e-16,-2.168652664310245e-19,-7.294930830760165e-05,-1.1923380484559229e-21,-8.107087341015186e-21,-7.294930830760165e-05,-1.1829363067687831e-21,-8.108464519918219e-21,308.48040443278006,0.5312627369656873,36110.80083619447,236.79108249113457,0.5027177350079683,1.5707963267948968,-1.1241616723288341e-07,155.07857021078922,6388.265188526925,9.755899117048017,1.1038467579319962e-15,0.17981094139705808,155.07846596690342,0.0,0.0,0.0,0.0,0.0,0.0,0.0,0.0,-0.0,0.0,0.0,0.0,0.0,0.0,0.0,0.0,0.0,0.5,0.0,0.0,1.0,0.0,0.0,0.0
16.0,-2.4890346827505623e-14,-1.787615396016663e-05,156.05416186057417,0.0,0.0,0.0,0.7071066608653742,-0.00041250430215674847,-0.7071066608653741,-0.0004125043021567485,6386032.648729115,0.9709555557228126,-3.0341042385359063e-15,-4.7831373358240855e-22,1.5204362540465106e-07,7895.648729188058,0.0,-0.001166890467097407,1.2895769384534348e-16,-1.4457989322164637e-19,-7.294966372635827e-05,6.266322214705494e-22,-1.3539818238516863e-20,-7.294966372635827e-05,6.424311808530763e-22,-1.3539077841665445e-20,308.5461072587079,0.5322258861420199,36191.6507943387,236.8919503580468,0.5057725816189762,1.5707963267948968,-1.1455091642015095e-07,156.0541618605752,6480.623555759049,9.755946974400684,1.1848131728117111e-15,0.18208021913318384,156.05405563712927,0.0,0.0,0.0,0.0,0.0,0.0,0.0,0.0,0.0,0.0,0.0,0.0,0.0,0.0,0.0,0.0,0.0,0.5,0.0,0.0,1.0,0.0,0.0,0.0
16.1,-2.5046740883234602e-14,-1.8327339780124863e-05,157.02975829514452,0.0,0.0,0.0,0.7071066593566597,-0.00041508245375001537,-0.7071066593566596,-0.0004150824537500154,6386016.994543866,0.989275230961184,-2.948977716076914e-15,-4.648950439914532e-22,1.5491271506972442e-07,7879.994543942312,0.0,-0.0011741854513337723,1.6589865816029907e-16,-1.0844591798151372e-19,-7.295002137305742e-05,1.7545761757848646e-22,-1.2194888788634307e-20,-7.295002137305742e-05,1.8977639778672645e-22,-1.2194674415479626e-20,308.612189621921,0.5331981906993453,36273.349673946264,236.99345092096692,0.508825519303713,1.5707963267948968,-1.167124829743045e-07,157.0297582951456,6573.893757229712,9.755995131747326,1.203215777933909e-15,0.184363710695548,157.02965006727175,0.0,0.0,0.0,0.0,0.0,0.0,0.0,0.0,0.0,0.0,0.0,0.0,0.0,0.0,0.0,0.0,0.0,0.5,0.0,0.0,1.0,0.0,0.0,0.0
16.2,-2.5209995355769094e-14,-1.878700065990592e-05,158.00535954435497,0.0,0.0,0.0,0.7071066578385602,-0.0004176606053377731,-0.7071066578385601,-0.00041766060533777316,6386001.242955031,1.0078235381586444,-2.9555527466274902e-15,-4.659327295149676e-22,1.578176232380876e-07,7864.242955110967,0.0,-0.0011814804713886407,1.663355231881026e-16,-1.0844646799901386e-19,-7.29503812477589e-05,1.6442930560466252e-22,-1.2163077493876732e-20,-7.29503812477589e-05,1.7879962602929141e-22,-1.2162874734713177e-20,308.67868316329645,0.5341765451371779,36355.55690091834,237.09558304142982,0.5118764856877677,1.5707963267948968,-1.18901034205944e-07,158.00535954435608,6668.043989050537,9.756043589095993,1.1343097096026817e-15,0.1866614162578134,158.0052492870313,0.0,0.0,0.0,0.0,0.0,0.0,0.0,0.0,-0.0,0.0,0.0,0.0,0.0,0.0,0.0,0.0,0.0,0.5,0.0,0.0,1.0,0.0,0.0,0.0
16.3,-2.5356592091069946e-14,-1.9255283713138382e-05,158.98096566149184,0.0,0.0,0.0,0.7071066563110305,-0.00042023875691996087,-0.7071066563110304,-0.0004202387569199609,6385985.39349384,1.02660300580792,-3.138100137622604e-15,-4.947119344854151e-22,1.6075874633293622e-07,7848.393493921496,0.0,-0.0011887755276584356,1.5831900694801298e-16,-1.4458574469935402e-19,-7.295074336123513e-05,3.66841570093631e-22,-1.2747948180261618e-20,-7.295074336123513e-05,3.819950749937389e-22,-1.274750331447883e-20,308.74558533501704,0.5351614251957791,36438.3239690281,237.19834992258484,0.5149254679536683,1.5707963267948968,-1.2111686874652614e-07,158.980965661493,6763.0897549961,9.756092347897203,2.4235913544759906e-15,0.1889734043329188,158.98085334941737,0.0,0.0,0.0,0.0,0.0,0.0,0.0,0.0,0.0,0.0,0.0,0.0,0.0,0.0,0.0,0.0,0.0,0.5,0.0,0.0,1.0,0.0,0.0,0.0
16.400000000000002,-2.5514977878504528e-14,-1.9732254202693512e-05,159.95657665325925,0.0,0.0,0.0,0.7071066547741158,-0.00042281690849657095,-0.7071066547741157,-0.000422816908496571,6385969.446628096,1.045613950343512,-3.2772515455078685e-15,-5.166500287167574e-22,1.6373613422921766e-07,7832.446628181264,0.0,-0.0011960706201930322,1.140274557205215e-16,-2.168591003129203e-19,-7.295110770283508e-05,5.522528372927549e-22,-1.3279395303315714e-20,-7.295110770283508e-05,5.681355775106346e-22,-1.3278725255995083e-20,308.81285828183104,0.5361563419524434,36522.03720632725,237.3017498284702,0.5179725251259146,1.5707963267948968,-1.2336002414736051e-07,159.95657665326047,6859.077924795446,9.75614140671679,-2.3188699618172694e-15,0.19129960676012922,159.9564622610993,0.0,0.0,0.0,0.0,0.0,0.0,0.0,0.0,0.0,0.0,0.0,0.0,0.0,0.0,0.0,0.0,0.0,0.5,0.0,0.0,1.0,0.0,0.0,0.0
16.5,-2.5662341693173487e-14,-2.02180188094793e-05,160.93219254951524,0.0,0.0,0.0,0.7071066532278161,-0.0004253950600675692,-0.707106653227816,-0.00042539506006756926,6385953.402357316,1.06485778767917,-3.301461039256617e-15,-5.2046790795849735e-22,1.6675000905676477e-07,7816.40235740412,0.0,-0.0012033657492145594,2.0010945158584213e-16,-1.084535855882043e-19,-7.295147427261971e-05,7.197020016220286e-22,-1.374902060506007e-20,-7.295147427261971e-05,7.362465770140149e-22,-1.3748144585628282e-20,308.88054213847363,0.5371573357592934,36606.26177237914,237.4057813112317,0.5210175799204901,1.5707963267948968,-1.2563066773143326e-07,160.93219254951651,6955.9647386119805,9.756190765562966,4.6681569404617024e-15,0.19364002371636216,160.93207605177992,0.0,0.0,0.0,0.0,0.0,0.0,0.0,0.0,-0.0,0.0,0.0,0.0,0.0,0.0,0.0,0.0,0.0,0.5,0.0,0.0,1.0,0.0,0.0,0.0
16.6,-2.5815027790081787e-14,-2.071272816368348e-05,161.90781340398067,0.0,0.0,0.0,0.7071066516720861,-0.00042797321163289437,-0.707106651672086,-0.0004279732116328944,6385937.260212713,1.0843370668030923,-3.407946546663766e-15,-5.372564757498128e-22,1.6980077047077584e-07,7800.260212804191,0.0,-0.0012106609151226737,1.6706356490767295e-16,-1.4458865551149558e-19,-7.295184308136343e-05,1.553580702564264e-22,-1.2110208988947921e-20,-7.295184308136343e-05,1.700196156318753e-22,-1.2110011919107024e-20,308.94863791223435,0.5381645320954744,36691.01071047767,237.51044744564442,0.5240606135484874,1.5707963267948968,-1.2792910056347866e-07,161.907813403982,7053.761536327024,9.75624042588651,1.0625978367829423e-15,0.1959947237203856,161.90769477490085,0.0,0.0,0.0,0.0,0.0,0.0,0.0,0.0,0.0,0.0,0.0,0.0,0.0,0.0,0.0,0.0,0.0,0.5,0.0,0.0,1.0,0.0,0.0,0.0
16.7,-2.5955437050089384e-14,-2.1216447958028217e-05,162.88343922292998,0.0,0.0,0.0,0.707106650106971,-0.0004305513631925391,-0.7071066501069709,-0.00043055136319253913,6385921.020662089,1.10405208367559,-3.4895575568808778e-15,-5.501237093403702e-22,1.7288846515094545e-07,7784.020662185116,0.0,-0.0012179561179640537,1.7210585093615453e-16,-1.8073011586992787e-19,-7.295221411841549e-05,2.6983594248514406e-23,-1.1742424504749328e-20,-7.295221411841549e-05,4.128557214074347e-23,-1.1742382844740493e-20,309.01710160745336,0.539182069359796,36776.73986477215,237.61574672093187,0.5271016966624078,1.5707963267948968,-1.3025535778664481e-07,162.88343922293137,7152.52506389612,9.756290386253298,2.6272108200764495e-16,0.19836363861217482,162.88331843670403,0.0,0.0,0.0,0.0,0.0,0.0,0.0,0.0,0.0,0.0,0.0,0.0,0.0,0.0,0.0,0.0,0.0,0.5,0.0,0.0,1.0,0.0,0.0,0.0
16.8,-2.6103341218709353e-14,-2.17292868377183e-05,163.85907003622395,0.0,0.0,0.0,0.707106648532471,-0.00043312951474646955,-0.7071066485324708,-0.0004331295147464696,6385904.683704953,1.1240042542211044,-3.4786078229179578e-15,-5.483989119205686e-22,1.7601331524556545e-07,7767.68370505143,0.0,-0.0012252513579608484,1.5984227143475274e-16,-1.0844835171318927e-19,-7.295258738383794e-05,3.5232873975553524e-22,-1.263714558833585e-20,-7.295258738383794e-05,3.678121512091484e-22,-1.263670441147837e-20,309.08597424281027,0.5402058797303706,36863.001905281155,237.72167765426514,0.5301407494715428,1.5707963267948968,-1.32609606736536e-07,163.8590700362254,7252.208519207264,9.756340646671687,2.2809068125475663e-15,0.20074676857190268,163.85894706689507,0.0,0.0,0.0,0.0,0.0,0.0,0.0,0.0,-0.0,0.0,0.0,0.0,0.0,0.0,0.0,0.0,0.0,0.5,0.0,0.0,1.0,0.0,0.0,0.0
16.900000000000002,-2.6245997422774667e-14,-2.2251398978291056e-05,164.83470589801775,0.0,0.0,0.0,0.7071066469485408,-0.0004357076662946235,-0.7071066469485406,-0.00043570766629462355,6385888.2488725,1.1441961479236535,-3.639527549194238e-15,-5.737692262911577e-22,1.79175723642442e-07,7751.2488726023585,0.0,-0.0012325466355159454,1.5833121868259842e-16,-1.8072873769944923e-19,-7.29529628884072e-05,-9.18740394807327e-23,-1.1397536353892961e-20,-7.29529628884072e-05,-7.782547404476046e-23,-1.1397640755571747e-20,309.1552594312362,0.5412358303105221,36949.7814632476,237.8282432261201,0.5331777487017682,1.5707963267948968,-1.3499215091158155e-07,164.83470589801925,7352.820080132112,9.756391208592738,-4.928109454026421e-16,0.20314418212421367,164.83458071934766,0.0,0.0,0.0,0.0,0.0,0.0,0.0,0.0,0.0,0.0,0.0,0.0,0.0,0.0,0.0,0.0,0.0,0.5,0.0,0.0,1.0,0.0,0.0,0.0
17.0,-2.639486079244819e-14,-2.2782850474273973e-05,165.81034681415636,0.0,0.0,0.0,0.7071066453552255,-0.0004382858178369945,-0.7071066453552254,-0.00043828581783699453,6385871.716632533,1.1646280402694,-3.752663733509332e-15,-5.916066170537119e-22,1.8237573382608826e-07,7734.716632638748,0.0,-0.0012398419506728286,1.2124799252811359e-16,-2.1686254462824897e-19,-7.295334062147275e-05,-5.720217789955453e-22,-1.0053213851557674e-20,-7.295334062147275e-05,-5.595580801441098e-22,-1.005391574730486e-20,309.22491250867785,0.5422761476931073,37037.544719632555,237.93544195316028,0.5362127675640248,1.5707963267948968,-1.3740302304681398e-07,165.81034681415792,7454.419711141207,9.756442070582349,-3.5477997587919177e-15,0.20555581110974705,165.81021939987647,0.0,0.0,0.0,0.0,0.0,0.0,0.0,0.0,0.0,0.0,0.0,0.0,0.0,0.0,0.0,0.0,0.0,0.5,0.0,0.0,1.0,0.0,0.0,0.0
17.1,-2.6546219356986842e-14,-2.332375193554273e-05,166.78599281450315,0.0,0.0,0.0,0.7071066437525252,-0.00044086396937354855,-0.7071066437525251,-0.0004408639693735486,6385855.086984549,1.1853013471936698,-4.013300408789305e-15,-6.326975899661903e-22,1.85613567963592e-07,7718.086984658614,0.0,-0.0012471373036536664,2.1524536811517088e-16,-2.1688038707530537e-19,-7.295372058309785e-05,3.58107408130443e-22,-1.2645208676460716e-20,-7.295372058309785e-05,3.738774370038768e-22,-1.2644752233598518e-20,309.2949723912326,0.5433229526187451,37125.864498407354,238.04327242585543,0.5392457288427381,1.5707963267948968,-1.3984239049068645e-07,166.7859928145048,7556.961426980424,9.756493232649033,2.3630344590478875e-15,0.20798165571193103,166.78586313818965,0.0,0.0,0.0,0.0,0.0,0.0,0.0,0.0,-0.0,0.0,0.0,0.0,0.0,0.0,0.0,0.0,0.0,0.5,0.0,0.0,1.0,0.0,0.0,0.0
17.2,-2.6700136506114013e-14,-2.3874261111786746e-05,167.76164395364782,0.0,0.0,0.0,0.7071066421403948,-0.000443442120904223,-0.7071066421403946,-0.00044344212090422305,6385838.359459727,1.2062186586766541,-4.2073728453089975e-15,-6.63294896331827e-22,1.8888963217597764e-07,7701.359459840693,0.0,-0.0012544326948645788,1.72326054560987e-16,-1.80732908472632e-19,-7.295410278406086e-05,2.816950897046559e-23,-1.1726647583357957e-20,-7.295410278406086e-05,4.2880473379583856e-23,-1.17266027662839e-20,309.3654446240529,0.5443759187064245,37214.70409940994,238.1517375545395,0.5422766058187206,1.5707963267948968,-1.4231055917574276e-07,167.7616439536495,7660.450922104449,9.756544696244125,2.6707499090463266e-16,0.21042178446133464,167.7615119885932,0.0,0.0,0.0,0.0,0.0,0.0,0.0,0.0,0.0,0.0,0.0,0.0,0.0,0.0,0.0,0.0,0.0,0.5,0.0,0.0,1.0,0.0,0.0,0.0
17.3,-2.6843686153069836e-14,-2.4434444471295774e-05,168.737300237006,0.0,0.0,0.0,0.7071066405188792,-0.0004460202724290119,-0.7071066405188791,-0.00044602027242901196,6385821.534525868,1.2273802297304066,-4.36703666094304e-15,-6.884678208998242e-22,1.9220396675264407e-07,7684.5345259858295,0.0,-0.0012617281243458554,1.682105521851687e-16,-1.0845254412755794e-19,-7.295448721371153e-05,1.385732548276419e-22,-1.2026947654555279e-20,-7.295448721371153e-05,1.537485152939168e-22,-1.2026763007338286e-20,309.43628392566166,0.5454393564060503,37304.53958867034,238.26083588154614,0.5453054742258225,1.5707963267948968,-1.4480755942894945e-07,168.73730023700776,7764.9514750745575,9.756596459933556,4.095488476140935e-15,0.21287612919921423,168.7371659564747,0.0,0.0,0.0,0.0,0.0,0.0,0.0,0.0,0.0,0.0,0.0,0.0,0.0,0.0,0.0,0.0,0.0,0.5,0.0,0.0,1.0,0.0,0.0,0.0
17.400000000000002,-2.6987590017465916e-14,-2.5004414588997264e-05,169.71296169444346,0.0,0.0,0.0,0.7071066388879786,-0.00044859842394788106,-0.7071066388879785,-0.0004485984239478811,6385804.61218246,1.248787476301329,-4.3186764335941876e-15,-6.808455974023989e-22,1.955567938798112e-07,7667.612182581797,0.0,-0.0012690235923196827,2.0302030519552266e-16,-2.168801366302255e-19,-7.295487387211423e-05,7.007314396711847e-22,-1.3537295822416438e-20,-7.295487387211423e-05,7.179100185989048e-22,-1.3536395677555843e-20,309.50752952894754,0.5465093346771874,37394.93749852751,238.3705659829642,0.5483322552854807,1.5707963267948968,-1.4733355861183905e-07,169.7129616944453,7870.414650530364,9.75664852372599,4.503734777616709e-15,0.21534469011225393,169.71282507154467,0.0,0.0,0.0,0.0,0.0,0.0,0.0,0.0,-0.0,0.0,0.0,0.0,0.0,0.0,0.0,0.0,0.0,0.5,0.0,0.0,1.0,0.0,0.0,0.0
17.5,-2.713678596585386e-14,-2.5584332817546656e-05,170.68862838098477,0.0,0.0,0.0,0.7071066372476479,-0.00045117657546076754,-0.7071066372476478,-0.0004511765754607676,6385787.59196067,1.2704430088661436,-4.336826041009443e-15,-6.837087435025954e-22,1.9894852291233747e-07,7650.591960796465,0.0,-0.0012763190991954153,1.5679144107657304e-16,-1.4459147748878792e-19,-7.295526277004938e-05,-4.722945482795473e-23,-1.151021766935727e-20,-7.295526277004938e-05,-3.2538602587221335e-23,-1.1510268534878114e-20,309.57918649412335,0.5475855742708738,37485.86628345473,238.480930786628,0.551356922985567,1.5707963267948968,-1.498888650914872e-07,170.68862838098667,7976.846897962976,9.756700889073029,-2.06979457663388e-16,0.2178275357369951,170.68848938854165,0.0,0.0,0.0,0.0,0.0,0.0,0.0,0.0,0.0,0.0,0.0,0.0,0.0,0.0,0.0,0.0,0.0,0.5,0.0,0.0,1.0,0.0,0.0,0.0
17.6,-2.7290796209799273e-14,-2.6174265970952663e-05,171.66430030161595,0.0,0.0,0.0,0.707106635597932,-0.00045375472696766576,-0.7071066355979319,-0.0004537547269676658,6385770.474328294,1.292347061962826,-4.312325263405374e-15,-6.798479850090367e-22,2.023791909445686e-07,7633.474328425402,0.0,-0.0012836146450101475,1.4973375464745255e-16,-2.168707322464912e-19,-7.295565389686693e-05,-3.55923137907478e-22,-1.0675233978592683e-20,-7.295565389686693e-05,-3.422199188834159e-22,-1.0675682036149687e-20,309.65120882867484,0.5486724796485744,37577.81304096349,238.59192886408445,0.5543795557998877,1.5707963267948968,-1.5247350678683162e-07,171.66430030161794,8084.31511499199,9.756753554540634,-2.172048871142627e-15,0.22032459791526424,171.66415891242588,0.0,0.0,0.0,0.0,0.0,0.0,0.0,0.0,0.0,0.0,0.0,0.0,0.0,0.0,0.0,0.0,0.0,0.5,0.0,0.0,1.0,0.0,0.0,0.0
17.7,-2.7455285082945263e-14,-2.6774328589581178e-05,172.63997748620545,0.0,0.0,0.0,0.7071066339388311,-0.00045633287846854156,-0.707106633938831,-0.0004563328784685416,6385753.259284814,1.314501051549049,-4.0783430033563296e-15,-6.429618892173267e-22,2.0584902018219393e-07,7616.25928494893,0.0,-0.0012909102299860852,1.8197072732710067e-16,-1.0845767587682794e-19,-7.295604725263235e-05,-1.7359039691269788e-21,-6.97345702212093e-21,-7.295604725263235e-05,-1.726900418221305e-21,-6.975692107235352e-21,309.72363863118335,0.5497658108556484,37670.30960417336,238.70355868405102,0.5574000688135592,1.5707963267948968,-1.5508765107270896e-07,172.63997748620753,8192.764549854563,9.756806520137623,-1.3702659617686617e-15,0.22283587683700218,172.63983367291058,0.0,0.0,0.0,0.0,0.0,0.0,0.0,0.0,-0.0,0.0,0.0,0.0,0.0,0.0,0.0,0.0,0.0,0.5,0.0,0.0,1.0,0.0,0.0,0.0
17.8,-2.760433018387537e-14,-2.7384685657881052e-05,173.61565999021258,0.0,0.0,0.0,0.7071066322703001,-0.00045891102996333156,-0.7071066322703,-0.0004589110299633316,6385735.946361375,1.3369076085984246,-4.184707548571585e-15,-6.597323511124599e-22,2.0935842321452649e-07,7598.946361514429,0.0,-0.0012982058545358173,1.7054990943877368e-16,-1.807360715170495e-19,-7.295644284812815e-05,-9.286672733351592e-22,-9.156671828049767e-21,-7.295644284812815e-05,-9.167789496046328e-22,-9.157869600660101e-21,309.79647731076733,0.5508656559514964,37763.36497227251,238.81582330753614,0.5604184424316276,1.5707963267948968,-1.5773160875115412e-07,173.61565999021474,8302.20719568731,9.75685978731588,-5.8135841782107634e-15,0.2253614410447699,173.61551372516686,0.0,0.0,0.0,0.0,0.0,0.0,0.0,0.0,0.0,0.0,0.0,0.0,0.0,0.0,0.0,0.0,0.0,0.5,0.0,0.0,1.0,0.0,0.0,0.0
17.900000000000002,-2.774520928369149e-14,-2.8005404307539593e-05,174.5913478181939,0.0,0.0,0.0,0.7071066305923841,-0.00046148918145203063,-0.707106630592384,-0.00046148918145203074,6385718.536025774,1.3595669471748837,-4.447197106913048e-15,-7.011165824394035e-22,2.129074339409158e-07,7581.53602591902,0.0,-0.0013055015186932439,1.6166643352361235e-16,-3.25295086151991e-19,-7.29568406727045e-05,-1.8542876561197954e-22,-1.1154793679152382e-20,-7.29568406727045e-05,-1.7086498941329464e-22,-1.1155025866494697e-20,309.86968021790176,0.5519763062805592,37857.45440076668,238.9287212603285,0.5634347542076268,1.5707963267948968,-1.604054053331198e-07,174.59134781819614,8412.710620412858,9.756913354641393,-1.0491285273018007e-15,0.2279012223809181,174.59119907372764,0.0,0.0,0.0,0.0,0.0,0.0,0.0,0.0,0.0,0.0,0.0,0.0,0.0,0.0,0.0,0.0,0.0,0.5,0.0,0.0,1.0,0.0,0.0,0.0
18.0,-2.7888284063183068e-14,-2.8636601044756397e-05,175.56704100002048,0.0,0.0,0.0,0.7071066289050829,-0.0004640673329346046,-0.7071066289050828,-0.0004640673329346047,6385701.028277483,1.3824804832475641,-4.8002211012614686e-15,-7.567741702432123e-22,2.1649627458685785e-07,7564.02827763278,0.0,-0.0013127972226805891,1.5544604144472052e-16,-2.168740881498168e-19,-7.295724072642793e-05,5.020524774839255e-22,-1.2958658030002189e-20,-7.295724072642793e-05,5.190641302411051e-22,-1.2957987770382598e-20,309.9432927031354,0.5530931708170699,37952.07026968228,239.04225088924852,0.5664489122149885,1.5707963267948968,-1.6310920820698232e-07,175.5670410000228,8524.21273599984,9.756967222123128,3.2958200529285317e-15,0.230455221038644,175.56688974830874,0.0,0.0,0.0,0.0,0.0,0.0,0.0,0.0,-0.0,0.0,0.0,0.0,0.0,0.0,0.0,0.0,0.0,0.5,0.0,0.0,1.0,0.0,0.0,0.0
18.1,-2.803672159978562e-14,-2.927844451461331e-05,176.54273959158652,0.0,0.0,0.0,0.7071066272083516,-0.0004666454844109897,-0.7071066272083515,-0.0004666454844109898,6385683.422647634,1.4056508682873274,-4.781889872325275e-15,-7.538862703275922e-22,2.2012536097674503e-07,7546.422647788189,0.0,-0.001320092966913679,1.7996253948737822e-16,-2.1688004562006715e-19,-7.29576430200831e-05,-1.7868165982327762e-22,-1.1170063778678373e-20,-7.29576430200831e-05,-1.6393549574814166e-22,-1.1170289733650714e-20,310.0173067806495,0.554217292724893,38047.32729797201,239.1564155991803,0.5694609140053629,1.5707963267948968,-1.6584333061016407e-07,176.54273959158894,8636.740561842482,9.75702139121325,-1.0066245297229147e-15,0.2330235055665764,176.54258580451386,0.0,0.0,0.0,0.0,0.0,0.0,0.0,0.0,0.0,0.0,0.0,0.0,0.0,0.0,0.0,0.0,0.0,0.5,0.0,0.0,1.0,0.0,0.0,0.0
18.2,-2.8198335088670458e-14,-2.993100213843523e-05,177.51844359701917,0.0,0.0,0.0,0.7071066255022354,-0.0004692236358811812,-0.7071066255022352,-0.0004692236358811813,6385665.719604021,1.429078295884087,-4.807039292989923e-15,-7.578533052472315e-22,2.2379472381498284e-07,7528.719604181126,0.0,-0.0013273887514232171,1.5188527266435441e-16,-2.5301448980118653e-19,-7.295804754302028e-05,-9.434824886250078e-22,-9.168609224739481e-21,-7.295804754302028e-05,-9.313125027657144e-22,-9.169853954927776e-21,310.0916911233147,0.5553516298865444,38143.55375147245,239.27121343145237,0.5724708141513413,1.5707963267948968,-1.6860779564566325e-07,177.5184435970217,8750.343291233434,9.757075860477764,-5.891885537732576e-15,0.23560600780754304,177.5182872464488,0.0,0.0,0.0,0.0,0.0,0.0,0.0,0.0,0.0,0.0,0.0,0.0,0.0,0.0,0.0,0.0,0.0,0.5,0.0,0.0,1.0,0.0,0.0,0.0
18.3,-2.8356775933689215e-14,-3.059439238865592e-05,178.49415304619222,0.0,0.0,0.0,0.707106623786734,-0.0004718017873451451,-0.7071066237867338,-0.0004718017873451452,6385647.919146107,1.4527641820186439,-4.912812929108093e-15,-7.745312099628097e-22,2.2750458534721149e-07,7510.9191462714225,0.0,-0.0013346845764314493,1.2685323538597703e-16,-3.252895116145855e-19,-7.295845429530719e-05,-2.441406406531293e-22,-1.0994960529073179e-20,-7.295845429530719e-05,-2.294656233194588e-22,-1.0995276586608008e-20,310.16648477971313,0.5564922089502108,38240.30970899892,239.38664296022952,0.5754785310636163,1.5707963267948968,-1.7140277071562198e-07,178.49415304619484,8864.966151337689,9.757130629925799,-1.4575336418536212e-15,0.23820272795799904,178.49399410383205,0.0,0.0,0.0,0.0,0.0,0.0,0.0,0.0,-0.0,0.0,0.0,0.0,0.0,0.0,0.0,0.0,0.0,0.5,0.0,0.0,1.0,0.0,0.0,0.0
18.400000000000002,-2.850856565316298e-14,-3.1268787599841986e-05,179.46986799543473,0.0,0.0,0.0,0.7071066220618023,-0.0004743799388028169,-0.7071066220618022,-0.000474379938802817,6385630.020805006,1.4767111986594696,-4.811280530807424e-15,-7.5852622519808e-22,2.3125536463353261e-07,7493.0208051763475,0.0,-0.0013419804423574358,1.3294416828266767e-16,-2.1687118508091546e-19,-7.295886328773057e-05,1.0195974260522655e-22,-1.1900636261834426e-20,-7.295886328773057e-05,1.1792995814792896e-22,-1.1900488761536055e-20,310.2416703335473,0.5576410428788697,38337.81756081047,239.50270793717192,0.5784840800975577,1.5707963267948968,-1.7422857149327956e-07,179.46986799543745,8980.65254565402,9.75718570100979,7.652444693266484e-16,0.24081373457268773,179.46970643269998,0.0,0.0,0.0,0.0,0.0,0.0,0.0,0.0,0.0,0.0,0.0,0.0,0.0,0.0,0.0,0.0,0.0,0.5,0.0,0.0,1.0,0.0,0.0,0.0
18.5,-2.866566433822632e-14,-3.195425545491736e-05,180.44558844844437,0.0,0.0,0.0,0.7071066203274857,-0.00047695809025419234,-0.7071066203274856,-0.00047695809025419245,6385612.025048512,1.5009195189224882,-4.739819693968493e-15,-7.472621301497354e-22,2.3504708918345514e-07,7475.025048688985,0.0,-0.0013492763492286856,1.7934640902300635e-16,-3.2530281366901977e-19,-7.295927450964084e-05,3.6081260638614744e-22,-1.2565280903700923e-20,-7.295927450964084e-05,3.7776692163861823e-22,-1.2564782389553162e-20,310.3172346044669,0.5587992487892299,38436.201939478444,239.61940574018675,0.5814874831253646,1.5707963267948968,-1.7708521867371526e-07,180.4455884484472,9097.423818531435,9.757241072295773,2.412289155633616e-15,0.24343895949486766,180.4454242367311,0.0,0.0,0.0,0.0,0.0,0.0,0.0,0.0,0.0,0.0,0.0,0.0,0.0,0.0,0.0,0.0,0.0,0.5,0.0,0.0,1.0,0.0,0.0,0.0
18.6,-2.880993343696934e-14,-3.265091639295878e-05,181.42131443509777,0.0,0.0,0.0,0.707106618583784,-0.0004795362416992376,-0.7071066185837839,-0.0004795362416992377,6385593.931876079,1.5253905588003547,-4.6641266283439894e-15,-7.353307444689713e-22,2.3887998126310047e-07,7456.931876260787,0.0,-0.0013565722972674658,2.106786726237994e-16,-2.168907615901318e-19,-7.295968796110683e-05,5.201584278743706e-22,-1.297941122599387e-20,-7.295968796110683e-05,5.377654535572276e-22,-1.297869365076874e-20,310.39320792540605,0.5599637243842523,38535.118899636844,239.73673526025573,0.5844886737299356,1.5707963267948968,-1.7997287967307208e-07,181.42131443510073,9215.237150534651,9.757296743793027,3.4645401888251684e-15,0.24607840292425207,181.42114754564665,0.0,0.0,0.0,0.0,0.0,0.0,0.0,0.0,-0.0,0.0,0.0,0.0,0.0,0.0,0.0,0.0,0.0,0.5,0.0,0.0,1.0,0.0,0.0,0.0
18.7,-2.8967008401199855e-14,-3.3358946466881887e-05,182.3970460121589,0.0,0.0,0.0,0.7071066168306521,-0.00048211439313788744,-0.707106616830652,-0.00048211439313788755,6385575.740818804,1.5501270107595195,-4.73962084583653e-15,-7.4723505482686745e-22,2.427544631689148e-07,7438.740818991637,0.0,-0.0013638682868960714,1.4400036826541604e-16,-2.891555356749048e-19,-7.296010365291742e-05,8.507837965473397e-22,-1.3794250861725028e-20,-7.296010365291742e-05,8.695966182966323e-22,-1.3793077644830285e-20,310.4695610535495,0.5611377086807374,38634.92724256057,239.85470068532362,0.5874876901261651,1.5707963267948968,-1.828918726008379e-07,182.39704601216195,9334.157631116535,9.757352716954275,5.518039504177971e-15,0.24873213342174666,182.3968764159158,0.0,0.0,0.0,0.0,0.0,0.0,0.0,0.0,0.0,0.0,0.0,0.0,0.0,0.0,0.0,0.0,0.0,0.5,0.0,0.0,1.0,0.0,0.0,0.0
18.8,-2.9119415603643254e-14,-3.407841359317182e-05,183.37278318289614,0.0,0.0,0.0,0.7071066150681352,-0.00048469254457013855,-0.7071066150681351,-0.00048469254457013866,6385557.452344481,1.5751290274419423,-4.781847684975393e-15,-7.538945919330313e-22,2.466705592155534e-07,7420.452344674928,0.0,-0.001371164318138818,1.1802613158805083e-16,-2.1686954817479547e-19,-7.296052157442317e-05,2.7498651796734844e-24,-1.1639296347216427e-20,-7.296052157442317e-05,1.8709256270586676e-23,-1.1639281629223907e-20,310.5463037503599,0.5623199660641173,38735.490578160985,239.97329855086926,0.590484511426479,1.5707963267948968,-1.8584221574420353e-07,183.3727831828993,9454.168366059821,9.757408990345564,-6.653881558053522e-15,0.2514000828309945,183.3726108507899,0.0,0.0,0.0,0.0,0.0,0.0,0.0,0.0,0.0,0.0,0.0,0.0,0.0,0.0,0.0,0.0,0.0,0.5,0.0,0.0,1.0,0.0,0.0,0.0
18.900000000000002,-2.926348188264419e-14,-3.4809440177962444e-05,184.34852597718876,0.0,0.0,0.0,0.7071066132962334,-0.00048727069599595666,-0.7071066132962333,-0.00048727069599595677,6385539.0664525535,1.600398024852324,-4.966150706309088e-15,-7.8295363198050235e-22,2.5062849168995555e-07,7402.066452754661,0.0,-0.0013784603912179924,1.8839903797739576e-16,-2.168876528600623e-19,-7.296094172569403e-05,-4.230977954638673e-22,-1.0555032969997364e-20,-7.296094172569403e-05,-4.085477032192804e-22,-1.0555606165277862e-20,310.62345523411915,0.5635085210029456,38836.58958661143,240.09252815417764,0.5934790913913672,1.5707963267948968,-1.8882407653354026e-07,184.34852597719205,9575.243582189112,9.757465563976321,-2.5944620832009857e-15,0.25408225135496704,184.34835087999295,0.0,0.0,0.0,0.0,0.0,0.0,0.0,0.0,-0.0,0.0,0.0,0.0,0.0,0.0,0.0,0.0,0.0,0.5,0.0,0.0,1.0,0.0,0.0,0.0
19.0,-2.940413811756081e-14,-3.555220602139587e-05,185.32427445223598,0.0,0.0,0.0,0.7071066115149013,-0.0004898488474152762,-0.7071066115149012,-0.0004898488474152763,6385520.582674103,1.625936715955464,-5.112329797944512e-15,-8.060022918011511e-22,2.5462868612555267e-07,7383.582674309611,0.0,-0.0013857565065591281,1.6116049998697255e-16,-2.1688146285334275e-19,-7.296136411752103e-05,-1.6891643482729941e-22,-1.119240534607608e-20,-7.296136411752103e-05,-1.5340606696945878e-22,-1.1192628571165079e-20,310.70097205401896,0.5647080971623176,38938.74859533423,240.21239420900463,0.596471496317216,1.5707963267948968,-1.9183777551502118e-07,185.32427445223937,9697.475835673275,9.75752243929957,-4.405346241025832e-15,0.25677870756078053,185.3240965604269,0.0,0.0,0.0,0.0,0.0,0.0,0.0,0.0,0.0,0.0,0.0,0.0,0.0,0.0,0.0,0.0,0.0,0.5,0.0,0.0,1.0,0.0,0.0,0.0
19.1,-2.95515302387992e-14,-3.63067792454799e-05,186.30002861087664,0.0,0.0,0.0,0.707106609724184,-0.0004924269988280943,-0.7071066097241839,-0.0004924269988280944,6385502.001476921,1.6517452329193758,-5.200943747220903e-15,-8.199754362448206e-22,2.5867116364218333e-07,7365.001477134724,0.0,-0.0013930526641833447,1.935287560080654e-16,-2.168904995451444e-19,-7.296178873925483e-05,-4.07780711688339e-23,-1.1530943888763755e-20,-7.296178873925483e-05,-2.4713842401867795e-23,-1.1530989110768698e-20,310.77889167924604,0.5659145895531295,39041.512051771824,240.33289222939007,0.5994616521638771,1.5707963267948968,-1.9488332856796813e-07,186.30002861088016,9820.798652399579,9.757579614881369,3.338968951275659e-15,0.25948938329241533,186.29984789491596,0.0,0.0,0.0,0.0,0.0,0.0,0.0,0.0,0.0,0.0,0.0,0.0,0.0,0.0,0.0,0.0,0.0,0.5,0.0,0.0,1.0,0.0,0.0,0.0
19.200000000000003,-2.969370792883707e-14,-3.7073284223828645e-05,187.27578848299282,0.0,0.0,0.0,0.7071066079240819,-0.0004950051502343767,-0.7071066079240818,-0.0004950051502343768,6385483.322860442,1.6778249917610026,-5.354822896353542e-15,-8.442383507354168e-22,2.6275614654794297e-07,7346.3228606628245,0.0,-0.00140034886431295,1.7461573893497567e-16,-2.168863160776264e-19,-7.296221559096654e-05,-1.798432298274864e-23,-1.1560890826639655e-20,-7.296221559096654e-05,-1.7950303009330604e-24,-1.1560904675639371e-20,310.8572096767938,0.5671284619153426,39144.93166602401,240.45402238314506,0.6024495577172295,1.5707963267948968,-1.9796090313721955e-07,187.2757884829965,9945.227362211002,9.757637090731299,-1.9956642152266e-17,0.26221427875610204,187.27560491318684,0.0,0.0,0.0,0.0,0.0,0.0,0.0,0.0,0.0,0.0,0.0,0.0,0.0,0.0,0.0,0.0,0.0,0.5,0.0,0.0,1.0,0.0,0.0,0.0
19.3,-2.98557133514439e-14,-3.78519045327016e-05,188.251554126219,0.0,0.0,0.0,0.7071066061145496,-0.0004975833016340576,-0.7071066061145495,-0.0004975833016340577,6385464.546355731,1.7041787259438634,-5.27940259618121e-15,-8.323500926227124e-22,2.6688406361389246e-07,7327.546355958097,0.0,-0.0014076451073767164,1.5101480120763756e-16,-2.891608918145611e-19,-7.296264468344928e-05,1.2455428863643015e-22,-1.1932845956229453e-20,-7.296264468344928e-05,1.413518164973105e-22,-1.1932658623150563e-20,310.9358964774746,0.5683530201347967,39249.374645593096,240.57578887520964,0.6054352537142432,1.5707963267948968,-2.0107082220607698e-07,188.25155412622283,10070.832792915699,9.757694868302671,-6.032235547235513e-15,0.2649534625252151,188.25136767257456,0.0,0.0,0.0,0.0,0.0,0.0,0.0,0.0,0.0,0.0,0.0,0.0,0.0,0.0,0.0,0.0,0.0,0.5,0.0,0.0,1.0,0.0,0.0,0.0
19.400000000000002,-3.0015008742740276e-14,-3.864270847159462e-05,189.22732554296468,0.0,0.0,0.0,0.7071066042956321,-0.0005001614530271343,-0.707106604295632,-0.0005001614530271344,6385445.672430579,1.7308065471620457,-5.1095900920636564e-15,-8.05579866826563e-22,2.7105493276508747e-07,7308.672430812691,0.0,-0.0014149413933925675,1.504189579349626e-16,-3.253014207983029e-19,-7.296307600605387e-05,6.901503584558557e-22,-1.332647320634736e-20,-7.296307600605387e-05,7.090062163884275e-22,-1.3325483190071386e-20,311.01499153852745,0.5695839318797472,39354.359519474005,240.69818714328918,0.6084186612683617,1.5707963267948968,-2.0421309924602632e-07,189.22732554296863,10197.542033815942,9.75775294616156,4.547359877465657e-15,0.26770686644402575,189.2271361754761,0.0,0.0,0.0,0.0,0.0,0.0,0.0,0.0,0.0,0.0,0.0,0.0,0.0,0.0,0.0,0.0,0.0,0.5,0.0,0.0,1.0,0.0,0.0,0.0
19.5,-3.0166539074635775e-14,-3.9445822382027046e-05,190.2031027631147,0.0,0.0,0.0,0.7071066024673296,-0.0005027396044135725,-0.7071066024673295,-0.0005027396044135726,6385426.701084413,1.7577098714449262,-5.167835212261082e-15,-8.147652515408422e-22,2.752689763311161e-07,7289.701084654778,0.0,-0.0014222377225828334,1.7296426591644624e-16,-2.1688804641780947e-19,-7.296350955885251e-05,2.849903481820331e-23,-1.168158706966411e-20,-7.296350955885251e-05,4.511299418394434e-23,-1.1681534722753044e-20,311.09446648548646,0.5708241596042855,39460.21650453593,240.8212182405698,0.6113998262710738,1.5707963267948968,-2.0738790171658568e-07,190.2031027631188,10325.41568748809,9.757811324317686,2.8517014078271394e-16,0.270474490722024,190.20291045162105,0.0,0.0,0.0,0.0,0.0,0.0,0.0,0.0,-0.0,0.0,0.0,0.0,0.0,0.0,0.0,0.0,0.0,0.5,0.0,0.0,1.0,0.0,0.0,0.0
19.6,-3.033560903619916e-14,-4.02614336452796e-05,191.17888584473886,0.0,0.0,0.0,0.707106600629597,-0.0005053177557933062,-0.7071066006295968,-0.0005053177557933063,6385407.631848278,1.7848914527551218,-5.0401698074393315e-15,-7.946398051722246e-22,2.795266263213196e-07,7270.63184852836,0.0,-0.0014295340953795234,1.7272955202534252e-16,-2.530287846166775e-19,-7.296394535264056e-05,3.086637154594573e-23,-1.1698772837035697e-20,-7.296394535264056e-05,4.759075392635596e-23,-1.1698716501858086e-20,311.1743274953833,0.5720732942021867,39566.89919805038,240.94488505248614,0.6143787201873071,1.5707963267948968,-2.10595555038631e-07,191.1788858447431,10454.459835940313,9.757870004224664,3.183502505342463e-16,0.2732564039388903,191.17869055877748,0.0,0.0,0.0,0.0,0.0,0.0,0.0,0.0,0.0,0.0,0.0,0.0,0.0,0.0,0.0,0.0,0.0,0.5,0.0,0.0,1.0,0.0,0.0,0.0
19.700000000000003,-3.048216337580732e-14,-4.10896107102984e-05,192.15467478981722,0.0,0.0,0.0,0.7071065987824793,-0.000507895907166333,-0.7071065987824792,-0.0005078959071663331,6385388.465189967,1.8123513823128046,-5.0439574941045124e-15,-7.952393799219617e-22,2.838278974659982e-07,7251.46519022466,0.0,-0.0014368305117973682,1.5890438553873518e-16,-2.530256041179764e-19,-7.296438337676884e-05,4.475913929907229e-22,-1.2707591759344582e-20,-7.296438337676884e-05,4.658501364897029e-22,-1.2706935299709175e-20,311.2545965045,0.5733288104617046,39674.12691917954,241.06918366160687,0.6173552975012743,1.5707963267948968,-2.13836070275822e-07,192.1546747898216,10584.63158775381,9.757928984448581,2.9846938562407465e-15,0.27605253793913986,192.15447649891505,0.0,0.0,0.0,0.0,0.0,0.0,0.0,0.0,0.0,0.0,0.0,0.0,0.0,0.0,0.0,0.0,0.0,0.5,0.0,0.0,1.0,0.0,0.0,0.0
19.8,-3.063621555455191e-14,-4.193048188694568e-05,193.13046962823762,0.0,0.0,0.0,0.7071065969259765,-0.0005104740585326188,-0.7071065969259764,-0.0005104740585326189,6385369.201108896,1.8400910761599831,-5.131401021182729e-15,-8.090283405352165e-22,2.8817301211657083e-07,7232.201109160669,0.0,-0.0014441269720587187,1.8713783274439797e-16,-3.2531458005174803e-19,-7.296482363131072e-05,-2.0872820041296563e-21,-6.597269643541521e-21,-7.296482363131072e-05,-2.0777525358912453e-21,-6.6002770634235865e-21,311.33522457248137,0.5745958439119927,39782.47288272315,241.1941158854943,0.6203296459417487,1.5707963267948968,-2.171096149026003e-07,193.13046962824217,10716.033875503115,9.757988264999314,-2.453177354840197e-15,0.27886289293552335,193.1302683017664,0.0,0.0,0.0,0.0,0.0,0.0,0.0,0.0,-0.0,0.0,0.0,0.0,0.0,0.0,0.0,0.0,0.0,0.5,0.0,0.0,1.0,0.0,0.0,0.0
19.900000000000002,-3.0787594296470455e-14,-4.2784238390440095e-05,194.10627041850518,0.0,0.0,0.0,0.7071065950600437,-0.0005130522098920969,-0.7071065950600436,-0.000513052209892097,6385349.839136093,1.868113308758746,-5.2381031663201736e-15,-8.258537642107922e-22,2.925624055213137e-07,7212.839136366421,0.0,-0.0014514234765988234,1.189945447065382e-16,-3.2529547171955345e-19,-7.296526612706378e-05,5.438372533064502e-22,-1.291952224256916e-20,-7.296526612706378e-05,5.625883874023303e-22,-1.2918719291279704e-20,311.4162583080364,0.5758697407760863,39891.41683969338,241.3196831109911,0.6233016564412862,1.5707963267948968,-2.2041651677786432e-07,194.1062704185099,10848.59408141098,9.758047847330761,-3.6004039161531955e-15,0.2816875375140744,194.1060660255327,0.0,0.0,0.0,0.0,0.0,0.0,0.0,0.0,0.0,0.0,0.0,0.0,0.0,0.0,0.0,0.0,0.0,0.5,0.0,0.0,1.0,0.0,0.0,0.0
20.0,-3.0934700138670406e-14,-4.365094879114318e-05,195.08207716217038,0.0,0.0,0.0,0.7071065931847258,-0.0005156303612447653,-0.7071065931847257,-0.0005156303612447654,6385330.379739349,1.8964181508553637,-5.330955171759724e-15,-8.404956448465325e-22,2.9699608921579464e-07,7193.379739630657,0.0,-0.001458720025429218,1.1169370606102859e-16,-2.5301368020734077e-19,-7.296571085337885e-05,1.9877641806969554e-22,-1.2102161745545366e-20,-7.296571085337885e-05,2.164298122105127e-22,-1.2101858933299154e-20,311.4976816148122,0.5771519635322621,40001.12311913629,241.44588282970963,0.62627135899004,1.5707963267948968,-2.2375678455746668e-07,195.08207716217527,10982.342659238986,9.758107730009026,-2.1867125846032715e-15,0.28452640351950587,195.08186967175632,0.0,0.0,0.0,0.0,0.0,0.0,0.0,0.0,0.0,0.0,0.0,0.0,0.0,0.0,0.0,0.0,0.0,0.5,0.0,0.0,1.0,0.0,0.0,0.0
20.1,-3.1088454291325484e-14,-4.45307433677025e-05,196.05788988912425,0.0,0.0,0.0,0.7071065913000227,-0.0005182085125905903,-0.7071065913000226,-0.0005182085125905905,6385310.822918072,1.9250070185046717,-5.282344182806794e-15,-8.328340476876181e-22,3.014742855736018e-07,7173.822918361984,0.0,-0.0014660166187722764,1.0986436958489667e-16,-3.2529377327907484e-19,-7.296615781033043e-05,2.5627301186036833e-22,-1.2235710653934601e-20,-7.296615781033043e-05,2.7421048520467323e-22,-1.2235321805053617e-20,311.5794771619243,0.5784443402540667,40111.796039562876,241.57271568915792,0.6292387793796839,1.5707963267948968,-2.2713058573100532e-07,196.0578898891293,11117.323128282864,9.758167913044138,-9.094960654523935e-15,0.28737949116782935,196.0576792701729,0.0,0.0,0.0,0.0,0.0,0.0,0.0,0.0,-0.0,0.0,0.0,0.0,0.0,0.0,0.0,0.0,0.0,0.5,0.0,0.0,1.0,0.0,0.0,0.0
20.200000000000003,-3.125450026329337e-14,-4.542381719820336e-05,197.03370865830726,0.0,0.0,0.0,0.7071065894058896,-0.0005207866639295043,-0.7071065894058894,-0.0005207866639295044,6385291.168203276,1.9538827066686082,-5.255650637767235e-15,-8.286280116339967e-22,3.0599743308260537e-07,7154.168203574605,0.0,-0.0014733132570664855,1.4160885695846452e-16,-3.253039823076519e-19,-7.29666070087183e-05,4.260189939614425e-22,-1.2619821353009892e-20,-7.29666070087183e-05,4.446108790699543e-22,-1.2619180250986334e-20,311.6616821443842,0.5797431860897961,40223.022943761025,241.70018342248105,0.6322038260236819,1.5707963267948968,-2.3053825059584604e-07,197.03370865831252,11253.478514296858,9.758228397890283,-8.253864668970216e-16,0.2902468690514795,197.03349487941674,0.0,0.0,0.0,0.0,0.0,0.0,0.0,0.0,0.0,0.0,0.0,0.0,0.0,0.0,0.0,0.0,0.0,0.5,0.0,0.0,1.0,0.0,0.0,0.0
20.3,-3.1424916544555194e-14,-4.633023894638763e-05,198.00953347084058,0.0,0.0,0.0,0.7071065875023713,-0.000523364815261506,-0.7071065875023712,-0.0005233648152615061,6385271.416062747,1.9830452656195536,-5.0850341518133614e-15,-8.017303951425644e-22,3.105655400836601e-07,7134.416063055396,0.0,-0.0014806099403201862,1.6060543293482634e-16,-3.253105294586768e-19,-7.296705843789343e-05,4.084762904218802e-22,-1.2583935534912898e-20,-7.296705843789343e-05,4.271078575349496e-22,-1.2583316894370604e-20,311.7442519258884,0.58105299420035,40335.307508359074,241.82828458405993,0.6351665875579228,1.5707963267948968,-2.3397978540004646e-07,198.009533470846,11390.899327919009,9.758289183113583,2.7240050574908993e-15,0.2931284690153205,198.00931650060315,0.0,0.0,0.0,0.0,0.0,0.0,0.0,0.0,0.0,0.0,0.0,0.0,0.0,0.0,0.0,0.0,0.0,0.5,0.0,0.0,1.0,0.0,0.0,0.0
20.400000000000002,-3.157420335767184e-14,-4.72501408601359e-05,198.98536435661813,0.0,0.0,0.0,0.7071065855894682,-0.0005259429665865616,-0.707106585589468,-0.0005259429665865617,6385251.566495888,2.012496111425362,-4.998380019006769e-15,-7.880705631688425e-22,3.151788289728602e-07,7114.566496204585,0.0,-0.001487906668755776,1.6699636315392104e-16,-2.1689306846367645e-19,-7.296751209793142e-05,2.138891464828327e-22,-1.211768352346365e-20,-7.296751209793142e-05,2.319188851936673e-22,-1.2117351863030804e-20,311.8272175064492,0.5823704788795453,40448.28200368904,241.9570180243472,0.6381269920817876,1.5707963267948968,-2.3745535764858626e-07,198.98536435662376,11529.53057946521,9.758350268724211,1.4710907531143028e-15,0.2960242912786253,198.9851441634708,0.0,0.0,0.0,0.0,0.0,0.0,0.0,0.0,-0.0,0.0,0.0,0.0,0.0,0.0,0.0,0.0,0.0,0.5,0.0,0.0,1.0,0.0,0.0,0.0
20.5,-3.17148029071978e-14,-4.8183721909344284e-05,199.961201375016,0.0,0.0,0.0,0.7071065836671347,-0.0005285211179046031,-0.7071065836671346,-0.0005285211179046032,6385231.6190336915,2.042238059548206,-5.4267643320966525e-15,-8.556145509855035e-22,3.198377414783355e-07,7094.6190340183675,0.0,-0.0014952034428149818,1.703844803259294e-16,-2.5303500628797236e-19,-7.296796799963422e-05,-1.0570156858682305e-21,-9.17017632684627e-21,-7.296796799963422e-05,-1.0433028645489375e-21,-9.171746369501455e-21,311.910577554584,0.5836960281141633,40561.98927280333,242.08638690864944,0.6410850255620278,1.5707963267948968,-2.4096530007775796e-07,199.9612013750218,11669.393402815514,9.758411656176659,8.142545387385039e-16,0.2989344044402773,199.96097792708716,0.0,0.0,0.0,0.0,0.0,0.0,0.0,0.0,0.0,0.0,0.0,0.0,0.0,0.0,0.0,0.0,0.0,0.5,0.0,0.0,1.0,0.0,0.0,0.0
20.6,-3.1874723901884215e-14,-4.91310508231001e-05,200.9370445267259,0.0,0.0,0.0,0.7071065817354163,-0.0005310992692156297,-0.7071065817354162,-0.0005310992692156298,6385211.574143948,2.0722711397865834,-5.4597956686832145e-15,-8.608251794242352e-22,3.2454228274624115e-07,7074.57414428393,0.0,-0.0015025002625029499,1.79959282586862e-16,-3.2531905380245795e-19,-7.296842613235284e-05,-1.9168124104880723e-22,-1.1171958822153498e-20,-7.296842613235284e-05,-1.7489486511185662e-22,-1.117223408476135e-20,311.994304742878,0.5850323139920837,40676.729587553,242.21638914919376,0.644040742663147,1.5707963267948968,-2.445096165278323e-07,200.9370445267319,11810.545121659117,9.758473344037046,-1.1095355326873291e-15,0.3018587403452454,200.9368177921404,0.0,0.0,0.0,0.0,0.0,0.0,0.0,0.0,0.0,0.0,0.0,0.0,0.0,0.0,0.0,0.0,0.0,0.5,0.0,0.0,1.0,0.0,0.0,0.0
20.700000000000003,-3.2026719831392935e-14,-5.0092261818972204e-05,201.91289384164492,0.0,0.0,0.0,0.7071065797943128,-0.0005336774205196072,-0.7071065797943127,-0.0005336774205196073,6385191.431826046,2.1025967682215567,-5.42659656166903e-15,-8.555935201145446e-22,3.2929267519551524e-07,7054.431826392188,0.0,-0.001509797128042099,1.4035419776100413e-16,-2.1688665238814116e-19,-7.2968886496164e-05,1.0564068854865598e-21,-1.4061949152567652e-20,-7.2968886496164e-05,1.077636363833086e-21,-1.4060338166077164e-20,312.0784388870486,0.5863750948855639,40792.02759743509,242.3470232654385,0.6469940523982498,1.5707963267948968,-2.4808847451939967e-07,201.9128938416511,11952.909380273633,9.758535332315702,6.884115524417677e-15,0.30479729921606435,201.91266378837227,0.0,0.0,0.0,0.0,0.0,0.0,0.0,0.0,0.0,0.0,0.0,0.0,0.0,0.0,0.0,0.0,0.0,0.5,0.0,0.0,1.0,0.0,0.0,0.0
20.8,-3.218209977776704e-14,-5.1067557787624124e-05,202.88874937958462,0.0,0.0,0.0,0.7071065778437791,-0.0005362555718164675,-0.707106577843779,-0.0005362555718164676,6385171.191610961,2.133217780815923,-5.365906990230924e-15,-8.46027495583327e-22,3.3408936379521704e-07,7034.191611317918,0.0,-0.0015170940398773986,1.5369458799767258e-16,-2.8917192960678788e-19,-7.296934910187195e-05,6.355491402915334e-22,-1.3088594944718181e-20,-7.296934910187195e-05,6.554047803904293e-22,-1.3087615804967722e-20,312.1629388253981,0.5877290194523717,40908.40414018059,242.47829391036564,0.6499450234019767,1.5707963267948968,-2.5170220922813713e-07,202.88874937959105,12096.594775482843,9.758597622467434,4.209723433033228e-15,0.30775014965811426,202.88851597528352,0.0,0.0,0.0,0.0,0.0,0.0,0.0,0.0,0.0,0.0,0.0,0.0,0.0,0.0,0.0,0.0,0.0,0.5,0.0,0.0,1.0,0.0,0.0,0.0
20.900000000000002,-3.234377147833893e-14,-5.205700749545543e-05,203.86461114080737,0.0,0.0,0.0,0.7071065758838604,-0.0005388337231062103,-0.7071065758838603,-0.0005388337231062104,6385150.853966487,2.1641341868943,-5.353853282910101e-15,-8.441297282749504e-22,3.3893235049681127e-07,7013.8539668535805,0.0,-0.0015243909980108006,1.5515505117255498e-16,-2.5303309720836876e-19,-7.296981393882769e-05,7.535164453104623e-25,-1.1631907227593919e-20,-7.296981393882769e-05,1.8485549197000078e-23,-1.1631892360377295e-20,312.2478333702459,0.5890907620437793,41025.48684093178,242.61019690058197,0.6528935946099579,1.5707963267948968,-2.5535082208654044e-07,203.86461114081402,12241.53745154058,9.758660213058345,3.925225455631437e-15,0.31071722351642217,203.8643743531352,0.0,0.0,0.0,0.0,0.0,0.0,0.0,0.0,0.0,0.0,0.0,0.0,0.0,0.0,0.0,0.0,0.0,0.5,0.0,0.0,1.0,0.0,0.0,0.0
21.0,-3.250008204268755e-14,-5.30607471301869e-05,204.84047915521336,0.0,0.0,0.0,0.7071065739145566,-0.0005414118743888016,-0.7071065739145564,-0.0005414118743888017,6385130.418892,2.195347402551153,-5.282285979054272e-15,-8.328485599207534e-22,3.4382185774241726e-07,6993.418892377056,0.0,-0.0015316880026647467,1.448822468805938e-16,-2.1689024846674167e-19,-7.297028100710909e-05,9.243520079357525e-22,-1.3731806280033922e-20,-7.297028100710909e-05,9.453837583495325e-22,-1.3730374353833286e-20,312.3331166975351,0.5904609563502973,41143.34709913527,242.74273245917965,0.6558397691577122,1.5707963267948968,-2.59034480631048e-07,204.84047915522024,12387.759237744927,9.758723104098925,6.047412767948262e-15,0.3136985210167852,204.8402389516721,0.0,0.0,0.0,0.0,0.0,0.0,0.0,0.0,-0.0,0.0,0.0,0.0,0.0,0.0,0.0,0.0,0.0,0.5,0.0,0.0,1.0,0.0,0.0,0.0
21.1,-3.265471901502391e-14,-5.407898353221812e-05,205.81635348305,0.0,0.0,0.0,0.7071065719358226,-0.0005439900256641723,-0.7071065719358225,-0.0005439900256641724,6385109.885918464,2.226860284250293,-5.305134571220677e-15,-8.364537659180086e-22,3.487583337426992e-07,6972.885918851631,0.0,-0.0015389850542874468,1.5099138014859084e-16,-2.8917323253346653e-19,-7.29707503175226e-05,-4.607007715101851e-22,-1.0585656918970804e-20,-7.29707503175226e-05,-4.444099330868253e-22,-1.058635378204529e-20,312.41877070009684,0.591841793245236,41262.23026951932,242.87590437936962,0.6587835686483622,1.5707963267948968,-2.6275352247717465e-07,205.8163534830571,12535.320866014788,9.758786297044269,1.0105418990606975e-15,0.3166941107711283,205.81610983082857,0.0,0.0,0.0,0.0,0.0,0.0,0.0,0.0,0.0,0.0,0.0,0.0,0.0,0.0,0.0,0.0,0.0,0.5,0.0,0.0,1.0,0.0,0.0,0.0
21.200000000000003,-3.280354586261518e-14,-5.511178547722466e-05,206.79223412415013,0.0,0.0,0.0,0.7071065699477036,-0.000546568176932323,-0.7071065699477035,-0.0005465681769323231,6385089.255513663,2.2586728208424542,-5.547122571461505e-15,-8.746105472856119e-22,3.5374177725443475e-07,6952.255514063561,0.0,-0.0015462821528776586,1.4566410472100764e-16,-3.253121735643747e-19,-7.297122185941928e-05,-2.855912779398098e-22,-1.0974464442991677e-20,-7.297122185941928e-05,-2.6862147789142335e-22,-1.0974892995841909e-20,312.50483114050894,0.5932291823661353,41381.677553882444,243.00970821525934,0.6617249165650124,1.5707963267948968,-2.6650794664963423e-07,206.79223412415746,12684.139897700528,9.7588497904605,-9.357888762229157e-15,0.31970392462448943,206.7919869904384,0.0,0.0,0.0,0.0,0.0,0.0,0.0,0.0,0.0,0.0,0.0,0.0,0.0,0.0,0.0,0.0,0.0,0.5,0.0,0.0,1.0,0.0,0.0,0.0
21.3,-3.2947259754148686e-14,-5.615929112354855e-05,207.76812110841703,0.0,0.0,0.0,0.7071065679501995,-0.0005491463281932192,-0.7071065679501994,-0.0005491463281932193,6385068.527676973,2.2907864284357036,-5.658673606783954e-15,-8.922016287252976e-22,3.5877241074326314e-07,6931.527677384205,0.0,-0.0015535792986578472,1.8456054592700284e-16,-3.2532686729776e-19,-7.297169563287809e-05,-3.4664263246973265e-22,-1.0836694405548484e-20,-7.297169563287809e-05,-3.298065568180994e-22,-1.0837219864382709e-20,312.59124783575646,0.5946285522579019,41502.29975868659,243.14414585359918,0.6646639102883373,1.5707963267948968,-2.702979207009447e-07,207.76812110842462,12834.341411987423,9.758913584358256,-2.0927428269803356e-15,0.32272796280592875,207.76787046024944,0.0,0.0,0.0,0.0,0.0,0.0,0.0,0.0,-0.0,0.0,0.0,0.0,0.0,0.0,0.0,0.0,0.0,0.5,0.0,0.0,1.0,0.0,0.0,0.0
21.400000000000002,-3.310758035022534e-14,-5.722171129031156e-05,208.74401449653405,0.0,0.0,0.0,0.7071065659432654,-0.0005517244794467922,-0.7071065659432653,-0.0005517244794467923,6385047.701939333,2.323203983995254,-5.6774966897614716e-15,-8.951723998522988e-22,3.638506856621327e-07,6910.70193975574,0.0,-0.0015608764920794667,1.4776968457655393e-16,-2.1689419254197946e-19,-7.29721716487078e-05,2.450542839367426e-22,-1.2171206322999516e-20,-7.29721716487078e-05,2.640518138747992e-22,-1.2170808956338626e-20,312.6780665344057,0.5960351975652329,41623.56661453055,243.27921869376877,0.6676004364256343,1.5707963267948968,-2.7412378468693465e-07,208.74401449654187,12985.839627251957,9.758977680192944,-2.1546345708672836e-15,0.32576629393396433,208.7437603006298,0.0,0.0,0.0,0.0,0.0,0.0,0.0,0.0,0.0,0.0,0.0,0.0,0.0,0.0,0.0,0.0,0.0,0.5,0.0,0.0,1.0,0.0,0.0,0.0
21.5,-3.32455174890976e-14,-5.8299114734432376e-05,209.7199142879045,0.0,0.0,0.0,0.7071065639269462,-0.0005543026306930422,-0.707106563926946,-0.0005543026306930423,6385026.778768534,2.3559254558979563,-5.765462885134639e-15,-9.09045051627576e-22,3.6897659757313384e-07,6889.778768968768,0.0,-0.001568173733138077,1.7400757500849074e-16,-2.891847918809046e-19,-7.29726498962594e-05,-6.100091225902951e-22,-1.0256644490000115e-20,-7.29726498962594e-05,-5.939241653283916e-22,-1.0257588472276845e-20,312.7652637005556,0.5974514367535634,41745.7402731095,243.41492451362254,0.6705345439791233,1.5707963267948968,-2.7798553522454173e-07,209.7199142879126,13138.688558530313,9.75904207653067,-3.7685627903918676e-15,0.328818849853598,209.71965651098586,0.0,0.0,0.0,0.0,0.0,0.0,0.0,0.0,0.0,0.0,0.0,0.0,0.0,0.0,0.0,0.0,0.0,0.5,0.0,0.0,1.0,0.0,0.0,0.0
21.6,-3.340229575993615e-14,-5.9391641585349024e-05,210.69582051243495,0.0,0.0,0.0,0.7071065619012419,-0.0005568807819319354,-0.7071065619012418,-0.0005568807819319355,6385005.758163937,2.3889522602656745,-5.737849724593866e-15,-9.046942607141673e-22,3.7415036896576374e-07,6868.758164384402,0.0,-0.00157547102205617,1.524025040703871e-16,-3.2531767353729506e-19,-7.297313037561301e-05,7.138531051623464e-22,-1.3183576258184747e-20,-7.297313037561301e-05,7.346225530014055e-22,-1.3182435242235941e-20,312.8528377693107,0.5988774402841205,41868.839938765166,243.55126337622912,0.6734662278109325,1.5707963267948968,-2.81883339882588e-07,210.6958205124433,13292.901889919527,9.759106773382234,4.662557671917233e-15,0.3318856307971544,210.69555912106884,0.0,0.0,0.0,0.0,0.0,0.0,0.0,0.0,-0.0,0.0,0.0,0.0,0.0,0.0,0.0,0.0,0.0,0.5,0.0,0.0,1.0,0.0,0.0,0.0
21.700000000000003,-3.3564951355966216e-14,-6.049950666990131e-05,211.6717332312446,0.0,0.0,0.0,0.7071065598661074,-0.0005594589331634017,-0.7071065598661073,-0.0005594589331634018,6384984.639656467,2.422287294565415,-5.705317171324768e-15,-8.995678059356474e-22,3.793724545359395e-07,6847.639656926505,0.0,-0.00158276835928844,1.1107818928554175e-16,-2.8916272496638034e-19,-7.297361309757966e-05,-1.602568524233095e-21,-8.09755172552794e-21,-7.297361309757966e-05,-1.5897505100914389e-21,-8.100078322205555e-21,312.94081332483245,0.6003107832588578,41992.59167011353,243.68823747382066,0.6763954185347623,1.5707963267948968,-2.858175411576757e-07,211.67173323125323,13448.440972987504,9.759171772203347,-1.0077862624475383e-14,0.3349667053897909,211.67146819168022,0.0,0.0,0.0,0.0,0.0,0.0,0.0,0.0,0.0,0.0,0.0,0.0,0.0,0.0,0.0,0.0,0.0,0.5,0.0,0.0,1.0,0.0,0.0,0.0
21.8,-3.3713813331481117e-14,-6.162277869821698e-05,212.64765244330744,0.0,0.0,0.0,0.7071065578215878,-0.0005620370843874426,-0.7071065578215877,-0.0005620370843874428,6384963.423713913,2.4559305067001413,-5.867129990982943e-15,-9.250842250497972e-22,3.8464284665105836e-07,6826.423714385989,0.0,-0.0015900657448272553,1.7024569147872565e-16,-4.337463592086381e-19,-7.29740980515104e-05,1.1774644766674448e-22,-1.1881643424578906e-20,-7.29740980515104e-05,1.36638274771704e-22,-1.1881441460367241e-20,313.0291437827712,0.6017563110281481,42117.54294952187,243.82584545357543,0.6793222159599255,1.5707963267948968,-2.897881332589631e-07,212.64765244331636,13605.418441234595,9.759237071560115,9.082232592943109e-16,0.33806200547642845,212.64738372179946,0.0,0.0,0.0,0.0,0.0,0.0,0.0,0.0,0.0,0.0,0.0,0.0,0.0,0.0,0.0,0.0,0.0,0.5,0.0,0.0,1.0,0.0,0.0,0.0
21.900000000000002,-3.386021403611953e-14,-6.276159977131351e-05,213.62357817853325,0.0,0.0,0.0,0.7071065557676833,-0.0005646152356040241,-0.7071065557676832,-0.0005646152356040243,6384942.1103356285,2.4898833128057065,-5.95166503825535e-15,-9.384162179155514e-22,3.89961767824814e-07,6805.110336113721,0.0,-0.0015973631788951295,1.0801386751882577e-16,-4.337229906389083e-19,-7.297458523748641e-05,-1.5190978542281727e-21,-8.321254019306555e-21,-7.297458523748641e-05,-1.5058038570669226e-21,-8.323669953126956e-21,313.1178799046482,0.6032084774869851,42243.06807660722,243.96408540780766,0.6822465016804403,1.5707963267948968,-2.937952837718104e-07,213.62357817854246,13763.719434387054,9.759302671463484,-9.500960867408292e-15,0.34117153129265554,213.62330574118099,0.0,0.0,0.0,0.0,0.0,0.0,0.0,0.0,-0.0,0.0,0.0,0.0,0.0,0.0,0.0,0.0,0.0,0.5,0.0,0.0,1.0,0.0,0.0,0.0
22.0,-3.401394235562066e-14,-6.391618875276056e-05,214.59951049847714,0.0,0.0,0.0,0.7071065537043486,-0.0005671933868130756,-0.7071065537043485,-0.0005671933868130758,6384920.699052518,2.5241486308513084,-6.054772755283466e-15,-9.54676732357904e-22,3.9532967599678183e-07,6783.699053017112,0.0,-0.0016046606619500017,1.7455520669854202e-16,-4.337498720318847e-19,-7.297507466632103e-05,-3.4053439494087395e-23,-1.1567301335796276e-20,-7.297507466632103e-05,-1.5491396481996017e-23,-1.1567340895504467e-20,313.2069796217308,0.6046721488877422,42369.71593330795,244.10296204056948,0.6851683507280611,1.5707963267948968,-2.978393376340671e-07,214.5995104984867,13923.469997038164,9.759368573369487,2.939973928443304e-18,0.34429535147031765,214.59923431105997,0.0,0.0,0.0,0.0,0.0,0.0,0.0,0.0,0.0,0.0,0.0,0.0,0.0,0.0,0.0,0.0,0.0,0.5,0.0,0.0,1.0,0.0,0.0,0.0
22.1,-3.4171035355490654e-14,-6.508661427786106e-05,215.57544940168384,0.0,0.0,0.0,0.7071065516316288,-0.0005697715380145991,-0.7071065516316287,-0.0005697715380145993,6384899.190332372,2.5587263882660194,-6.200210948291972e-15,-9.776117855526993e-22,4.0074656033965656e-07,6762.190332883968,0.0,-0.0016119581939810445,1.5701415492165206e-16,-4.337437968543383e-19,-7.297556632736525e-05,-6.41175356683929e-23,-1.1497117694716749e-20,-7.297556632736525e-05,-4.5584248132530925e-23,-1.1497205955673827e-20,313.2964709442586,0.6061440035104654,42497.112117749195,244.24247118707828,0.6880877014492657,1.5707963267948968,-3.0192028664710726e-07,215.57544940169365,14084.598676618078,9.759434775844223,-2.071307366440127e-16,0.34743339785420735,215.5751694299887,0.0,0.0,0.0,0.0,0.0,0.0,0.0,0.0,0.0,0.0,0.0,0.0,0.0,0.0,0.0,0.0,0.0,0.5,0.0,0.0,1.0,0.0,0.0,0.0
22.200000000000003,-3.432594077415291e-14,-6.627302041970122e-05,216.55139491806628,0.0,0.0,0.0,0.7071065495495239,-0.0005723496892085603,-0.7071065495495238,-0.0005723496892085605,6384877.584174534,2.59361800119987,-6.146436674607184e-15,-9.691362844333052e-22,4.062126433916653e-07,6740.584175061434,0.0,-0.001619255775210797,1.110571202920798e-16,-4.337259821943144e-19,-7.297606022070143e-05,-1.6444901834966315e-21,-8.099346785770665e-21,-7.297606022070143e-05,-1.6313731192521971e-21,-8.101999016636065e-21,313.3863422983261,0.6076253267384955,42625.40225587277,244.38261329043146,0.6910045706839761,1.5707963267948968,-3.06038298413058e-07,216.55139491807643,14247.144959978361,9.759501278898783,1.7291512863215363e-15,0.35058567068317775,216.55111112772477,0.0,0.0,0.0,0.0,0.0,0.0,0.0,0.0,0.0,0.0,0.0,0.0,0.0,0.0,0.0,0.0,0.0,0.5,0.0,0.0,1.0,0.0,0.0,0.0
22.3,-3.447401334381327e-14,-6.747563010760611e-05,217.5273471096158,0.0,0.0,0.0,0.7071065474579888,-0.0005749278403948886,-0.7071065474579887,-0.0005749278403948888,6384855.880109894,2.6288264081246524,-6.340848585481621e-15,-9.997935055483267e-22,4.1172838633673706e-07,6718.880110435808,0.0,-0.0016265534061004428,1.5733445236138397e-16,-4.337456506933241e-19,-7.29765563571452e-05,5.545756342271564e-22,-1.2824241257190736e-20,-7.29765563571452e-05,5.754339908310612e-22,-1.2823322346949893e-20,313.47658789407853,0.6091170051186753,42754.685779207255,244.523391686159,0.6939189549297876,1.5707963267948968,-3.101937203114922e-07,217.52734710962625,14411.145859295362,9.759568083989503,3.7517741281062186e-15,0.35375223859581095,217.52705946593733,0.0,0.0,0.0,0.0,0.0,0.0,0.0,0.0,0.0,0.0,0.0,0.0,0.0,0.0,0.0,0.0,0.0,0.5,0.0,0.0,1.0,0.0,0.0,0.0
22.400000000000002,-3.462338622872453e-14,-6.869451187401803e-05,218.50330597444753,0.0,0.0,0.0,0.7071065453570688,-0.0005775059915735862,-0.7071065453570687,-0.0005775059915735864,6384834.0786062395,2.6643515159955355,-6.362819459443759e-15,-1.0032612119850507e-21,4.172937751528486e-07,6697.078606795519,0.0,-0.0016338510866359588,1.5700599421943758e-16,-4.337463818005147e-19,-7.297705472604751e-05,5.69626847146306e-22,-1.2848298857182788e-20,-7.297705472604751e-05,5.906187831129117e-22,-1.284735078787317e-20,313.56723078363456,0.6106162519443489,42884.64844265144,244.6648023952999,0.6968308027046677,1.5707963267948968,-3.143865417359833e-07,218.50330597445833,14576.539922120985,9.759635189682495,3.84698121499178e-15,0.356933033436724,218.50301444275152,0.0,0.0,0.0,0.0,0.0,0.0,0.0,0.0,0.0,0.0,0.0,0.0,0.0,0.0,0.0,0.0,0.0,0.5,0.0,0.0,1.0,0.0,0.0,0.0
22.5,-3.477763280389446e-14,-6.992981176458809e-05,219.47927154247785,0.0,0.0,0.0,0.7071065432467638,-0.0005800841427446186,-0.7071065432467637,-0.0005800841427446188,6384812.179662908,2.7001947409769227,-6.316317847716367e-15,-9.959324828948957e-22,4.2290903240309896e-07,6675.179663479328,0.0,-0.0016411488170399089,1.6574027001394865e-16,-4.337509624726512e-19,-7.29775553274918e-05,2.786356668954082e-22,-1.2211006130016652e-20,-7.29775553274918e-05,2.986753609303535e-22,-1.2210532403255134e-20,313.6582277814383,0.6121278579057151,43015.83287615157,244.8068470587571,0.699740201603847,1.5707963267948968,-3.186169303056556e-07,219.479271542489,14743.451626085569,9.759702595988989,1.946658448316774e-15,0.3601280554480356,219.4789760879281,0.0,0.0,0.0,0.0,0.0,0.0,0.0,0.0,-0.0,0.0,0.0,0.0,0.0,0.0,0.0,0.0,0.0,0.5,0.0,0.0,1.0,0.0,0.0,0.0
22.6,-3.493682888530982e-14,-7.11817568034359e-05,220.4552438761343,0.0,0.0,0.0,0.7071065411270285,-0.0005826622939079149,-0.7071065411270284,-0.0005826622939079151,6384790.182810768,2.736359042043607,-6.3161608158561905e-15,-9.959111763174203e-22,4.285746225164715e-07,6653.182811354287,0.0,-0.001648446597776722,1.3765860437900412e-16,-4.337398754316218e-19,-7.29780581722961e-05,-3.472520473203081e-23,-1.1559681496060664e-20,-7.29780581722961e-05,-1.566970471500926e-23,-1.1559723057959046e-20,313.7496316211402,0.613646222162995,43147.60382706666,244.9495267950396,0.7026470178953571,1.5707963267948968,-3.2288523584228186e-07,220.45524387614577,14911.763058286411,9.759770304365642,-1.70688926436355e-17,0.36333737327511173,220.45494446357023,0.0,0.0,0.0,0.0,0.0,0.0,0.0,0.0,0.0,0.0,0.0,0.0,0.0,0.0,0.0,0.0,0.0,0.5,0.0,0.0,1.0,0.0,0.0,0.0
22.700000000000003,-3.509375447151399e-14,-7.245041539210876e-05,221.43122297310256,0.0,0.0,0.0,0.7071065389979082,-0.000585240445063478,-0.7071065389979081,-0.0005852404450634783,6384768.088517607,2.772844305676834,-6.362717946854584e-15,-1.0032556444914034e-21,4.342905282762039e-07,6631.088518208823,0.0,-0.0016557444288291825,1.5596474367420078e-16,-4.337486133646136e-19,-7.297856324981124e-05,-3.170377516440498e-23,-1.1574173922383677e-20,-7.297856324981124e-05,-1.253999872551306e-23,-1.157421061384687e-20,313.8413895913072,0.6151769721023468,43280.600401540985,245.0928404976025,0.7055513691400226,1.5707963267948968,-3.2719144533162415e-07,221.43122297311442,15081.614979175481,9.75983831337855,2.4206613980787245e-17,0.36656091876234786,221.4309195673757,0.0,0.0,0.0,0.0,0.0,0.0,0.0,0.0,0.0,0.0,0.0,0.0,0.0,0.0,0.0,0.0,0.0,0.5,0.0,0.0,1.0,0.0,0.0,0.0
22.8,-3.526436539008537e-14,-7.373593554932801e-05,222.4072088633024,0.0,0.0,0.0,0.7071065368594028,-0.0005878185962112733,-0.7071065368594027,-0.0005878185962112735,6384745.896782754,2.8096519480555786,-6.303054786833907e-15,-9.938516019014335e-22,4.4005697227060655e-07,6608.896783371456,0.0,-0.0016630423104198766,2.208184836034788e-16,-4.33778042144911e-19,-7.297907056012184e-05,2.8795483561257637e-22,-1.2242810480036698e-20,-7.297907056012184e-05,3.0831473985455886e-22,-1.2242314669156216e-20,313.933543656558,0.6167154297819022,43414.2920361232,245.23678657746316,0.7084531530871616,1.5707963267948968,-3.315357264100439e-07,222.40720886331462,15252.904053862872,9.759906623039106,2.04613131950665e-15,0.36979869215512895,222.40690142910884,0.0,0.0,0.0,0.0,0.0,0.0,0.0,0.0,-0.0,0.0,0.0,0.0,0.0,0.0,0.0,0.0,0.0,0.5,0.0,0.0,1.0,0.0,0.0,0.0
22.900000000000002,-3.54195193583642e-14,-7.503854842306203e-05,223.38320160959762,0.0,0.0,0.0,0.7071065347114673,-0.0005903967473512295,-0.7071065347114672,-0.0005903967473512297,6384723.607137059,2.8467849486580343,-6.393672035742934e-15,-1.008143470975669e-21,4.458744221744205e-07,6586.607137693402,0.0,-0.0016703402430164804,1.3831583676670932e-16,-4.337425398493049e-19,-7.297958011404826e-05,5.852392835860408e-22,-1.2862328931161335e-20,-7.297958011404826e-05,6.067222341379774e-22,-1.2861333772083415e-20,314.02606842764783,0.6182646954337897,43549.03009322683,245.38136911851566,0.7113524105446225,1.5707963267948968,-3.359184313419989e-07,223.3832016096102,15425.723107172638,9.759975234804278,3.9494652716358095e-15,0.3730507621056528,223.3828901113068,0.0,0.0,0.0,0.0,0.0,0.0,0.0,0.0,0.0,0.0,0.0,0.0,0.0,0.0,0.0,0.0,0.0,0.5,0.0,0.0,1.0,0.0,0.0,0.0
23.0,-3.558504126162427e-14,-7.635832225592826e-05,224.35920120924445,0.0,0.0,0.0,0.7071065325541467,-0.0005929748984833494,-0.7071065325541466,-0.0005929748984833496,6384701.220048311,2.884243173491512,-6.433775646535061e-15,-1.0144705217707806e-21,4.517428575761205e-07,6564.220048963713,0.0,-0.001677638226598582,2.1370520381408726e-16,-4.337774090059076e-19,-7.298009190094124e-05,5.456680489907608e-22,-1.2762136903234686e-20,-7.298009190094124e-05,5.670775420138929e-22,-1.2761203499967434e-20,314.11897374668433,0.6198234162572467,43684.661802948016,245.52658463808243,0.7142491192766232,1.5707963267948968,-3.403395447054246e-07,224.35920120925746,15600.043548512533,9.760044147240153,3.648878237581421e-15,0.37631706045804625,224.35888561124008,0.0,0.0,0.0,0.0,0.0,0.0,0.0,0.0,0.0,0.0,0.0,0.0,0.0,0.0,0.0,0.0,0.0,0.5,0.0,0.0,1.0,0.0,0.0,0.0
23.1,-3.574051551704519e-14,-7.769540704022487e-05,225.33520769216628,0.0,0.0,0.0,0.7071065303874411,-0.0005955530496075992,-0.707106530387441,-0.0005955530496075995,6384678.735515835,2.922028038749751,-6.5756160195502405e-15,-1.0368394283154475e-21,4.576625010895664e-07,6541.735516503453,0.0,-0.0016849362613887955,1.1408111900699288e-16,-4.337330801190217e-19,-7.298060592088653e-05,1.3630017446344228e-22,-1.1930370379250552e-20,-7.298060592088653e-05,1.5640188513690466e-22,-1.193012378703521e-20,314.2122613543738,0.6213914099932589,43821.1668385833,245.67243307613344,0.7171432671688228,1.5707963267948968,-3.447992341541346e-07,225.3352076921797,15775.871392136667,9.760113360358257,1.0956084717178235e-15,0.379597587460962,225.3348879586766,0.0,0.0,0.0,0.0,0.0,0.0,0.0,0.0,-0.0,0.0,0.0,0.0,0.0,0.0,0.0,0.0,0.0,0.5,0.0,0.0,1.0,0.0,0.0,0.0
23.200000000000003,-3.590488938481083e-14,-7.905003807683633e-05,226.31122112166312,0.0,0.0,0.0,0.7071065282113054,-0.0005981312007239066,-0.7071065282113053,-0.0005981312007239068,6384656.153070454,2.960142544414753,-6.397839618518425e-15,-1.0088113380348675e-21,4.63633823635967e-07,6519.153071139939,0.0,-0.0016922343478580418,1.8215227927083155e-16,-4.337653274596097e-19,-7.298112218470682e-05,3.472338077282789e-22,-1.2364232088030933e-20,-7.298112218470682e-05,3.6815673068625564e-22,-1.2363626660400147e-20,314.30591701162643,0.6229705319160748,43958.75530578824,245.81891809307078,0.7200348705021837,1.5707963267948968,-3.4929785439575484e-07,226.3112211216769,15953.270921198937,9.760182875615913,2.43638850640533e-15,0.3828924117734768,226.31089721658753,0.0,0.0,0.0,0.0,0.0,0.0,0.0,0.0,0.0,0.0,0.0,0.0,0.0,0.0,0.0,0.0,0.0,0.5,0.0,0.0,1.0,0.0,0.0,0.0
23.3,-3.60586538415641e-14,-8.042228342141375e-05,227.2872414945618,0.0,0.0,0.0,0.7071065260257845,-0.0006007093518322751,-0.7071065260257844,-0.0006007093518322753,6384633.473179964,2.9985865360198765,-6.4013245965458215e-15,-1.0093644586453613e-21,4.6965680160900443e-07,6496.47318066874,0.0,-0.0016995324859827143,1.8655880880450278e-16,-4.337684950545895e-19,-7.298164068175282e-05,8.6142534331566e-22,-1.3393175111535995e-20,-7.298164068175282e-05,8.841863986962034e-22,-1.3391691663846602e-20,314.399967389181,0.6245575329542503,44097.05875640529,245.96603556441977,0.7229238683182654,1.5707963267948968,-3.538353876003713e-07,227.28724149457602,16132.16394457055,9.760252691579154,5.651945987797794e-15,0.38620146523940274,227.28691338181616,0.0,0.0,0.0,0.0,0.0,0.0,0.0,0.0,0.0,0.0,0.0,0.0,0.0,0.0,0.0,0.0,0.0,0.5,0.0,0.0,1.0,0.0,0.0,0.0
23.400000000000002,-3.6213293100279107e-14,-8.181229504035186e-05,228.26326884078915,0.0,0.0,0.0,0.7071065238308787,-0.0006032875029326709,-0.7071065238308786,-0.0006032875029326711,6384610.695843673,3.0373614297738176,-6.450308327983384e-15,-1.017091893952357e-21,4.7573165764842713e-07,6473.6958443960175,0.0,-0.0017068306759854533,1.8297551642367642e-16,-4.337679167238509e-19,-7.298216141211132e-05,-3.351634617359789e-22,-1.095387882478806e-20,-7.298216141211132e-05,-3.1646656620388546e-22,-1.0954434935983608e-20,314.49437053016305,0.6261571616017213,44236.61789049856,246.11378709755837,0.7258103490247091,1.5707963267948968,-3.5841200143949326e-07,228.26326884080382,16312.683912761311,9.760322808259703,-1.9534059679471925e-15,0.3895247481106602,228.26293648413383,0.0,0.0,0.0,0.0,0.0,0.0,0.0,0.0,-0.0,0.0,0.0,0.0,0.0,0.0,0.0,0.0,0.0,0.5,0.0,0.0,1.0,0.0,0.0,0.0
23.5,-3.636434089881511e-14,-8.322031241653372e-05,229.23930322408162,0.0,0.0,0.0,0.7071065216265426,-0.0006058656540250209,-0.7071065216265425,-0.0006058656540250211,6384587.820592394,3.076470246162797,-6.4070187587700325e-15,-1.0102695896667972e-21,4.818588659226254e-07,6450.820593135431,0.0,-0.0017141289183404274,1.6254491209035154e-16,-4.337591976473998e-19,-7.298268438660753e-05,4.0027696521952086e-22,-1.2445048278238066e-20,-7.298268438660753e-05,4.216083982493585e-22,-1.2444344060145827e-20,314.58917859070596,0.6277637690451984,44376.788627274174,246.26217381796494,0.7286941762421574,1.5707963267948968,-3.630280530644052e-07,229.23930322409672,16494.70172229951,9.760393227115157,2.724832015973261e-15,0.39286232905325325,229.2389665869458,0.0,0.0,0.0,0.0,0.0,0.0,0.0,0.0,0.0,0.0,0.0,0.0,0.0,0.0,0.0,0.0,0.0,0.5,0.0,0.0,1.0,0.0,0.0,0.0
23.6,-3.65134133376993e-14,-8.464640339060778e-05,230.21534464083675,0.0,0.0,0.0,0.7071065194128215,-0.0006084438051093298,-0.7071065194128214,-0.00060844380510933,6384564.84789392,3.115912810246202,-6.6988672000767006e-15,-1.0562925737553776e-21,4.880383996304558e-07,6427.847894680065,0.0,-0.0017214272130208353,1.7146257010555714e-16,-4.337645644239931e-19,-7.29832095945919e-05,7.4468111431085735e-22,-1.314473589822831e-20,-7.29832095945919e-05,7.673080295548602e-22,-1.3143434349042901e-20,314.6843333335584,0.6293837253877584,44518.29815275188,246.41119484609678,0.7315754849419567,1.5707963267948968,-3.676835222373198e-07,230.21534464085232,16678.389171331008,9.76046394671157,4.950331709455354e-15,0.3962141399106333,230.2150036866684,0.0,0.0,0.0,0.0,0.0,0.0,0.0,0.0,0.0,0.0,0.0,0.0,0.0,0.0,0.0,0.0,0.0,0.5,0.0,0.0,1.0,0.0,0.0,0.0
23.700000000000003,-3.667247701411317e-14,-8.60907219035884e-05,231.19139312098474,0.0,0.0,0.0,0.7071065171897153,-0.000611021956185563,-0.7071065171897152,-0.0006110219561855632,6384541.777747551,3.155690538247874,-6.588076291952199e-15,-1.0388265909462658e-21,4.94270481437892e-07,6404.777748331427,0.0,-0.0017287255602493425,2.0989441350289994e-16,-4.337846141205293e-19,-7.298373703615246e-05,7.005523254393129e-22,-1.3040891169114024e-20,-7.298373703615246e-05,7.23095389305699e-22,-1.3039660620710932e-20,314.77988861503246,0.6310109058001858,44660.448124808034,246.56084812514496,0.7344541423475176,1.5707963267948968,-3.7237857664767085e-07,231.19139312100077,16863.59616446057,9.760534967060787,4.637163424758839e-15,0.399580180937988,231.1910478130763,0.0,0.0,0.0,0.0,0.0,0.0,0.0,0.0,0.0,0.0,0.0,0.0,0.0,0.0,0.0,0.0,0.0,0.5,0.0,0.0,1.0,0.0,0.0,0.0
23.8,-3.6838949308700045e-14,-8.755351164945427e-05,232.16744872869876,0.0,0.0,0.0,0.7071065149571789,-0.0006136001072536475,-0.7071065149571788,-0.0006136001072536478,6384518.609684078,3.1958064711586704,-6.653245418614507e-15,-1.0491064765398794e-21,5.005555887612274e-07,6381.609684878029,0.0,-0.0017360239605033658,1.3946116075370593e-16,-5.060308158923046e-19,-7.298426672211674e-05,-1.091250018583654e-22,-1.1429103009623486e-20,-7.298426672211674e-05,-8.928467642469307e-23,-1.1429275744636764e-20,314.8758005815621,0.6326505797374163,44803.83931224414,246.71113845553722,0.737330234383822,1.5707963267948968,-3.7711357589089434e-07,232.16744872871524,17050.480704665726,9.760606289620762,3.813118673635398e-15,0.402960520808298,232.16709903000924,0.0,0.0,0.0,0.0,0.0,0.0,0.0,0.0,0.0,0.0,0.0,0.0,0.0,0.0,0.0,0.0,0.0,0.5,0.0,0.0,1.0,0.0,0.0,0.0
23.900000000000002,-3.698427918846854e-14,-8.903484022581296e-05,233.1435114599468,0.0,0.0,0.0,0.7071065127152576,-0.000616178258313588,-0.7071065127152575,-0.0006161782583135882,6384495.3441713,3.236260413563981,-6.739296295942183e-15,-1.0626791710661486e-21,5.068936916044525e-07,6358.344172119783,0.0,-0.0017433224137529092,1.3588451530159023e-16,-4.337497334891716e-19,-7.298479864183508e-05,-1.3308625871203217e-21,-8.989241826112651e-21,-7.298479864183508e-05,-1.3151897431481489e-21,-8.991548446150142e-21,314.97210321929157,0.6342986081126485,44948.00004815459,246.8620614249125,0.7402036821361037,1.5707963267948968,-3.8188849732129907e-07,233.14351145996383,17238.937053867154,9.760677912957503,-3.957070823807743e-15,0.40635509136460585,233.14315733345626,0.0,0.0,0.0,0.0,0.0,0.0,0.0,0.0,0.0,0.0,0.0,0.0,0.0,0.0,0.0,0.0,0.0,0.5,0.0,0.0,1.0,0.0,0.0,0.0
24.0,-3.714692918200612e-14,-9.053486354882962e-05,234.11958134466263,0.0,0.0,0.0,0.7071065104639512,-0.0006187564093653504,-0.7071065104639511,-0.0006187564093653506,6384471.981208504,3.277053781702988,-6.7048892647683756e-15,-1.0572576283233188e-21,5.132850126601062e-07,6334.981209346093,0.0,-0.0017506209202206645,1.4382100767791318e-16,-4.337546907046801e-19,-7.298533279539668e-05,-9.458466376194967e-22,-9.760569134129215e-21,-7.298533279539668e-05,-9.287581404724945e-22,-9.762209995719111e-21,315.06876938870147,0.635958116072034,45093.28780969827,247.01361808193985,0.7430745414689006,1.5707963267948968,-3.867035086464761e-07,234.11958134468014,17429.0612508678,9.760749837083019,-5.8375009679981965e-15,0.40976389286536846,234.1192227531956,0.0,0.0,0.0,0.0,0.0,0.0,0.0,0.0,-0.0,0.0,0.0,0.0,0.0,0.0,0.0,0.0,0.0,0.5,0.0,0.0,1.0,0.0,0.0,0.0
24.1,-3.730562427058082e-14,-9.20538295526881e-05,235.0956584474562,0.0,0.0,0.0,0.7071065082032146,-0.0006213345604088609,-0.7071065082032145,-0.0006213345604088611,6384448.520326466,3.318189637071605,-6.783626769552147e-15,-1.0696772757360138e-21,5.197300325931092e-07,6311.520327328083,0.0,-0.0017579194803872978,1.544223184511409e-16,-4.337611190128244e-19,-7.298586919363144e-05,1.7442906511298633e-23,-1.1687900527806886e-20,-7.298586919363144e-05,3.798916427585048e-23,-1.1687851852061167e-20,315.1658184787623,0.6376271327492191,45239.47639898509,247.16581080002106,0.7459427506764602,1.5707963267948968,-3.915589719065018e-07,235.09565844747422,17620.818009732247,9.760822063455585,3.421263596907028e-16,0.4131869939905901,235.09529535350134,0.0,0.0,0.0,0.0,0.0,0.0,0.0,0.0,0.0,0.0,0.0,0.0,0.0,0.0,0.0,0.0,0.0,0.5,0.0,0.0,1.0,0.0,0.0,0.0
24.200000000000003,-3.7470637578362507e-14,-9.359180556391881e-05,236.07174276386598,0.0,0.0,0.0,0.707106505933093,-0.0006239127114441247,-0.7071065059330929,-0.0006239127114441249,6384424.96199298,3.3596677637811894,-6.7281708297085006e-15,-1.0609366369388797e-21,5.262287182125418e-07,6287.961993863805,0.0,-0.001765218094219617,1.953798818080802e-16,-5.0606383100906845e-19,-7.298640782588959e-05,5.639284706472867e-22,-1.2750210418817796e-20,-7.298640782588959e-05,5.864350974656576e-22,-1.2749194783965987e-20,315.26323881818485,0.6393067614923406,45386.69339021921,247.31863692111656,0.7488083379286196,1.5707963267948968,-3.964548620477578e-07,236.07174276388454,17814.242846954443,9.760894590641199,3.770414833772178e-15,0.4166243265828585,236.0713751299354,0.0,0.0,0.0,0.0,0.0,0.0,0.0,0.0,0.0,0.0,0.0,0.0,0.0,0.0,0.0,0.0,0.0,0.5,0.0,0.0,1.0,0.0,0.0,0.0
24.3,-3.762024128886417e-14,-9.514894947437521e-05,237.04783432382933,0.0,0.0,0.0,0.7071065036535863,-0.0006264908624711075,-0.7071065036535862,-0.0006264908624711077,6384401.30620733,3.401489578086464,-6.5356497092286254e-15,-1.0305826457583714e-21,5.327812922378474e-07,6264.306208236143,0.0,-0.0017725167619403424,1.5584127889892318e-16,-4.337638988612944e-19,-7.298694869226141e-05,6.6108051319290425e-22,-1.2935059862979538e-20,-7.298694869226141e-05,6.840070731147318e-22,-1.2933867767520921e-20,315.3610315225212,0.6409968739131469,45534.92408566682,247.47209640703645,0.7516712929920762,1.5707963267948968,-4.013913467962243e-07,237.04783432384843,18009.344250289934,9.760967418652015,4.390221461249753e-15,0.4200758909039004,237.0474621122795,0.0,0.0,0.0,0.0,0.0,0.0,0.0,0.0,-0.0,0.0,0.0,0.0,0.0,0.0,0.0,0.0,0.0,0.5,0.0,0.0,1.0,0.0,0.0,0.0
24.400000000000002,-3.7782029713641546e-14,-9.672551348757156e-05,238.02393319239295,0.0,0.0,0.0,0.7071065013646495,-0.0006290690134897354,-0.7071065013646494,-0.0006290690134897356,6384377.552500269,3.4436581619888114,-6.612904387542354e-15,-1.0427685579003523e-21,5.393882385833031e-07,6240.552501197593,0.0,-0.0017798154840333877,1.7499236401021206e-16,-4.337752675804862e-19,-7.29874918035793e-05,6.314337796672269e-22,-1.2887882256982495e-20,-7.29874918035793e-05,6.543708696754541e-22,-1.2886737983562291e-20,315.4592040687793,0.6426968786500433,45684.10033056569,247.62619209057468,0.7545315819689912,1.5707963267948968,-4.063687906371146e-07,238.02393319241258,18206.12429648105,9.761040548946633,4.247417265120412e-15,0.4235417556407912,238.02355636524229,0.0,0.0,0.0,0.0,0.0,0.0,0.0,0.0,0.0,0.0,0.0,0.0,0.0,0.0,0.0,0.0,0.0,0.5,0.0,0.0,1.0,0.0,0.0,0.0
24.5,-3.7941524458279066e-14,-9.832156463092197e-05,239.0000393646658,0.0,0.0,0.0,0.7071064990663276,-0.0006316471645000138,-0.7071064990663275,-0.000631647164500014,6384353.701339596,3.4861732791255315,-6.66150935908982e-15,-1.050436876872017e-21,5.460495208630304e-07,6216.701340547453,0.0,-0.001787114260462367,1.5099829522345163e-16,-4.337633225062593e-19,-7.29880371491933e-05,8.3874775274234995e-22,-1.3288704404912913e-20,-7.29880371491933e-05,8.624948026924372e-22,-1.3287184263200582e-20,315.5577414270107,0.6444082616382526,45834.39333960709,247.78092144232212,0.7573892416058354,1.5707963267948968,-4.1138716610884863e-07,239.00003936468605,18404.630481595002,9.76111398009103,5.5723216650801304e-15,0.4270218526356177,238.99965788395835,0.0,0.0,0.0,0.0,0.0,0.0,0.0,0.0,0.0,0.0,0.0,0.0,0.0,0.0,0.0,0.0,0.0,0.5,0.0,0.0,1.0,0.0,0.0,0.0
24.6,-3.80959208078347e-14,-9.993726277251283e-05,239.97615287058912,0.0,0.0,0.0,0.7071064967586207,-0.000634225315501909,-0.7071064967586206,-0.0006342253155019092,6384329.7527245805,3.529036345767083,-6.505258565775905e-15,-1.0258019518782023e-21,5.527653618237168e-07,6192.7527255555615,0.0,-0.0017944130914500276,1.9505324459598202e-16,-4.337886882386198e-19,-7.298858472919478e-05,1.2821029379522962e-21,-1.4124990455493696e-20,-7.298858472919478e-05,1.3074469280073684e-21,-1.4122667093780057e-20,315.65666229021184,0.6461288656015317,45985.556182690576,247.93628374735874,0.7602442195564308,1.5707963267948968,-4.164466409560277e-07,239.97615287060995,18604.813516567643,9.761187712097525,8.344927131537067e-15,0.43051618215337695,239.9757666982132,0.0,0.0,0.0,0.0,0.0,0.0,0.0,0.0,-0.0,0.0,0.0,0.0,0.0,0.0,0.0,0.0,0.0,0.5,0.0,0.0,1.0,0.0,0.0,0.0
24.700000000000003,-3.826353894115083e-14,-0.00010157286441433266,240.95227377564632,0.0,0.0,0.0,0.7071064944414837,-0.000636803466495346,-0.7071064944414835,-0.0006368034664953462,6384305.706185959,3.5722504644207373,-6.38975869899192e-15,-1.0075928170084797e-21,5.595362486297303e-07,6168.706186958589,0.0,-0.0018017119774835341,1.6879202973028385e-16,-5.06055457225532e-19,-7.29891345544186e-05,1.7071942994240274e-22,-1.1990148212540495e-20,-7.29891345544186e-05,1.9232212455642925e-22,-1.198982106543265e-20,315.7559434066114,0.6478616612300662,46137.928893247394,248.09228302380083,0.7630965557400262,1.5707963267948968,-4.2154758210951827e-07,240.95227377566775,18806.777887663786,9.761261746425033,1.3187287025033715e-15,0.4340248128882643,240.9518828731501,0.0,0.0,0.0,0.0,0.0,0.0,0.0,0.0,0.0,0.0,0.0,0.0,0.0,0.0,0.0,0.0,0.0,0.5,0.0,0.0,1.0,0.0,0.0,0.0
24.8,-3.8414900156064195e-14,-0.00010322843625663801,241.92840207451698,0.0,0.0,0.0,0.7071064921149615,-0.0006393816174803309,-0.7071064921149613,-0.0006393816174803311,6384281.562191531,3.615815378249705,-6.310097610348032e-15,-9.950349491629185e-22,5.663621417001803e-07,6144.562192554586,0.0,-0.001809010918523305,1.5541640388337368e-16,-4.337688799924749e-19,-7.298968661421465e-05,-2.0510839282085476e-23,-1.1615961712499269e-20,-7.298968661421465e-05,5.019043983703844e-25,-1.1615980167241895e-20,315.8556125770515,0.6496031565346795,46291.11185808889,248.24891508850337,0.7659461840518259,1.5707963267948968,-4.26689959699736e-07,241.928402074539,19010.4281301711,9.761336081639522,8.54989613627861e-17,0.4375476766818181,241.9280064034763,0.0,0.0,0.0,0.0,0.0,0.0,0.0,0.0,0.0,0.0,0.0,0.0,0.0,0.0,0.0,0.0,0.0,0.5,0.0,0.0,1.0,0.0,0.0,0.0
24.900000000000002,-3.8581301878702845e-14,-0.00010490414014429914,242.9045377971459,0.0,0.0,0.0,0.7071064897790542,-0.0006419597684568299,-0.7071064897790541,-0.0006419597684568301,6384257.320740563,3.65973250354037,-6.235875185709392e-15,-9.833346261502968e-22,5.732432638093363e-07,6120.320741611533,0.0,-0.0018163099147921148,1.5510070169613636e-16,-4.337697799904225e-19,-7.299024090867545e-05,6.931757921035667e-22,-1.2989674261465312e-20,-7.299024090867545e-05,7.167679098954771e-22,-1.2988393813750677e-20,315.9556346253305,0.6513574735488733,46445.57877272821,248.40618130895652,0.7687931822618448,1.5707963267948968,-4.31873941490134e-07,242.90453779716856,19215.89695103538,9.761410717753435,4.647019262648283e-15,0.4410847738023067,242.90413731898101,0.0,0.0,0.0,0.0,0.0,0.0,0.0,0.0,-0.0,0.0,0.0,0.0,0.0,0.0,0.0,0.0,0.0,0.5,0.0,0.0,1.0,0.0,0.0,0.0
25.0,-3.8746878121400764e-14,-0.0001066002369069298,243.88068100945355,0.0,0.0,0.0,0.7071064874337168,-0.0006445379194247674,-0.7071064874337167,-0.0006445379194247676,6384232.981363768,3.70400496330632,-6.025690530013059e-15,-9.501942727194383e-22,5.801801053723972e-07,6095.981364841263,0.0,-0.0018236089667803778,8.499540001176367e-17,-4.698702709451197e-19,-7.299079744863828e-05,-8.725232899972596e-22,-1.0003217051073748e-20,-7.299079744863828e-05,-8.542787781000793e-22,-1.0004790970295547e-20,316.0560501664867,0.653120120342342,46600.81270634322,248.56408323217372,0.7716374357208873,1.5707963267948968,-4.3709989685771844e-07,243.88068100947686,19423.071907253947,9.761485656226041,-5.321643561921748e-15,0.44463617295109276,243.88027568524225,0.0,0.0,0.0,0.0,0.0,0.0,0.0,0.0,0.0,0.0,0.0,0.0,0.0,0.0,0.0,0.0,0.0,0.5,0.0,0.0,1.0,0.0,0.0,0.0
25.1,-3.890182766151381e-14,-0.00010831679288958964,244.8568317056901,0.0,0.0,0.0,0.7071064850789945,-0.0006471160703841501,-0.7071064850789944,-0.0006471160703841503,6384208.544528945,3.7486324802366444,-6.1182503770974134e-15,-9.647938003043118e-22,5.871726236134029e-07,6071.544530045861,0.0,-0.0018309080744453188,1.3932459041616113e-16,-4.337626843153206e-19,-7.299135622345285e-05,5.928137895211063e-22,-1.2790790196022844e-20,-7.299135622345285e-05,6.162317881432332e-22,-1.2789683240947033e-20,316.1568141907581,0.6548961357397638,46757.394382693434,248.72261949538327,0.7744790553221588,1.5707963267948968,-4.423677935248674e-07,244.85683170571406,19632.108056138833,9.761560895623266,4.006516153290116e-15,0.4482018059691205,244.85642149654012,0.0,0.0,0.0,0.0,0.0,0.0,0.0,0.0,0.0,0.0,0.0,0.0,0.0,0.0,0.0,0.0,0.0,0.5,0.0,0.0,1.0,0.0,0.0,0.0
25.200000000000003,-3.9066040795675235e-14,-0.00011005397191448957,245.83298991580406,0.0,0.0,0.0,0.7071064827148871,-0.0006496942213349441,-0.707106482714887,-0.0006496942213349443,6384184.010235352,3.7936164706338404,-6.144939454869949e-15,-9.690061805391228e-22,5.942210413345436e-07,6047.010236479341,0.0,-0.0018382072380097399,1.5173058367660004e-16,-4.337710310755167e-19,-7.299191723321281e-05,8.286659603398973e-22,-1.323596372658264e-20,-7.299191723321281e-05,8.529949909288496e-22,-1.3234418105481166e-20,316.25797224285645,0.6566801617722883,46914.707407054004,248.88178833637502,0.7773179223670353,1.5707963267948968,-4.476777992741123e-07,245.8329899158287,19842.858129651897,9.761636435957731,5.511933328333541e-15,0.45178167312793,245.83257478266742,0.0,0.0,0.0,0.0,0.0,0.0,0.0,0.0,0.0,0.0,0.0,0.0,0.0,0.0,0.0,0.0,0.0,0.5,0.0,0.0,1.0,0.0,0.0,0.0
25.3,-3.9228853391323444e-14,-0.0001118120391680422,246.8091557061529,0.0,0.0,0.0,0.7071064803413494,-0.0006522723722770734,-0.7071064803413493,-0.0006522723722770736,6384159.378013682,3.8389600780182436,-5.9274329069025886e-15,-9.34710826668658e-22,6.013258522025944e-07,6022.378014835839,0.0,-0.0018455064579673073,1.8739869892170306e-16,-4.337935510526741e-19,-7.299248048875796e-05,-5.440766940211979e-22,-1.0632587259270232e-20,-7.299248048875796e-05,-5.244528086367056e-22,-1.0633573002291499e-20,316.3594773554754,0.658478019371052,47073.42153485262,249.04159470167824,0.7801541361954578,1.5707963267948968,-4.530302859291223e-07,246.80915570617822,20055.517433462766,9.76171227868903,5.856107687917275e-15,0.4553758431360992,246.80873560963687,0.0,0.0,0.0,0.0,0.0,0.0,0.0,0.0,0.0,0.0,0.0,0.0,0.0,0.0,0.0,0.0,0.0,0.5,0.0,0.0,1.0,0.0,0.0,0.0
25.400000000000002,-3.93867750340114e-14,-0.00011359106061206905,247.7853290705573,0.0,0.0,0.0,0.7071064779584267,-0.0006548505232105456,-0.7071064779584266,-0.0006548505232105459,6384134.648331738,3.8846630046047768,-5.924394648474201e-15,-9.342353586221157e-22,6.084870102464613e-07,5997.648332919614,0.0,-0.0018528057342720517,1.814997854842093e-16,-4.337913260021057e-19,-7.299304597943774e-05,3.959696040887619e-22,-1.2413862396976415e-20,-7.299304597943774e-05,4.1896976464863383e-22,-1.2413107232190033e-20,316.4613779315579,0.6602837221603398,47232.84805525807,249.20203359938685,0.7829875789753102,1.5707963267948968,-4.584252188041978e-07,247.78532907058334,20269.91020767628,9.761788422383058,2.7545138561029064e-15,0.4589842478339319,247.7849039713014,0.0,0.0,0.0,0.0,0.0,0.0,0.0,0.0,0.0,0.0,0.0,0.0,0.0,0.0,0.0,0.0,0.0,0.5,0.0,0.0,1.0,0.0,0.0,0.0
25.5,-3.9540707512039106e-14,-0.00011539120204668747,248.76151003896965,0.0,0.0,0.0,0.707106475566119,-0.0006574286741353262,-0.7071064755661189,-0.0006574286741353264,6384109.821188767,3.930726666712251,-6.158940168193891e-15,-9.712253397167672e-22,6.157047382965954e-07,5972.821189977229,0.0,-0.0018601050671468015,1.8972387365353192e-16,-5.422179007288195e-19,-7.299361370534696e-05,-6.398859663920885e-22,-1.0463022292255378e-20,-7.299361370534696e-05,-6.204225498323558e-22,-1.0464194445721948e-20,316.5636213178871,0.6621035320173065,47393.7093896638,249.3631070862981,0.7858183735811983,1.5707963267948968,-4.638627657011835e-07,248.76151003899642,20486.241017349334,9.761864867052584,-3.88296128889485e-15,0.46260688749624007,248.76107989745776,0.0,0.0,0.0,0.0,0.0,0.0,0.0,0.0,-0.0,0.0,0.0,0.0,0.0,0.0,0.0,0.0,0.0,0.5,0.0,0.0,1.0,0.0,0.0,0.0
25.6,-3.9687731234520563e-14,-0.00011721273304429358,249.73769867818459,0.0,0.0,0.0,0.7071064731643811,-0.0006600068250513392,-0.707106473164381,-0.0006600068250513394,6384084.8961154455,3.9771542283681813,-6.375283141706054e-15,-1.005345191009472e-21,6.229795332720975e-07,5947.89611668388,0.0,-0.001867404457088477,1.8474162702701714e-16,-5.422161581667629e-19,-7.299418367732793e-05,-4.531254225875155e-22,-1.0826759862176388e-20,-7.299418367732793e-05,-4.329076871609451e-22,-1.0827587683412282e-20,316.6662625076354,0.663931176693638,47555.28108927914,249.52481614006487,0.7886463678536499,1.5707963267948968,-4.693433008909204e-07,249.7376986782121,20704.33705195626,9.761941614157536,1.9748995471872824e-15,0.46624383083886595,249.7372634545534,0.0,0.0,0.0,0.0,0.0,0.0,0.0,0.0,0.0,0.0,0.0,0.0,0.0,0.0,0.0,0.0,0.0,0.5,0.0,0.0,1.0,0.0,0.0,0.0
25.700000000000003,-3.9838252261824446e-14,-0.00011905571915542512,250.71389498159326,0.0,0.0,0.0,0.7071064707532582,-0.0006625849759585924,-0.707106470753258,-0.0006625849759585926,6384059.873579574,4.023945371313281,-6.449654552111287e-15,-1.017077142898701e-21,6.30311346006672e-07,5922.873580841968,0.0,-0.0018747039040479115,1.5723506738471988e-16,-5.060601144791321e-19,-7.299475588472986e-05,6.301221908339064e-22,-1.2834680157487143e-20,-7.299475588472986e-05,6.541828033212994e-22,-1.2833476035693492e-20,316.769245216204,0.665773117995783,47718.31054221545,249.6871598480921,0.7914717032524126,1.5707963267948968,-4.7486678727957583e-07,250.71389498162154,20924.40507395942,9.762018662263786,4.245656385868536e-15,0.4698950097014252,250.7134546360141,0.0,0.0,0.0,0.0,0.0,0.0,0.0,0.0,0.0,0.0,0.0,0.0,0.0,0.0,0.0,0.0,0.0,0.5,0.0,0.0,1.0,0.0,0.0,0.0
25.8,-3.9980692170610853e-14,-0.000120920328158679,251.69009897915188,0.0,0.0,0.0,0.7071064683327503,-0.0006651631268570513,-0.7071064683327501,-0.0006651631268570515,6384034.753580393,4.071101511882867,-6.53027196600936e-15,-1.0297941715959315e-21,6.377003993593703e-07,5897.753581691533,0.0,-0.0018820034082479636,2.1840726234255451e-16,-5.422403652979816e-19,-7.299533032764863e-05,4.098984416570935e-22,-1.2421558096679512e-20,-7.299533032764863e-05,4.332751166135968e-22,-1.2420764668690118e-20,316.87262318947927,0.6676229368680637,47882.05633293693,249.8501361173751,0.7942942386306394,1.5707963267948968,-4.804333926885452e-07,251.69009897918093,21146.25749876138,9.762096011384253,2.849093909854328e-15,0.47356042436200313,251.6896534716403,0.0,0.0,0.0,0.0,0.0,0.0,0.0,0.0,-0.0,0.0,0.0,0.0,0.0,0.0,0.0,0.0,0.0,0.5,0.0,0.0,1.0,0.0,0.0,0.0
25.900000000000002,-4.013939924899002e-14,-0.00012280683404163455,252.66631073809242,0.0,0.0,0.0,0.7071064659028121,-0.0006677412777466396,-0.707106465902812,-0.0006677412777466398,6384009.535648558,4.118625834612064,-6.8997434576777605e-15,-1.0880624715898195e-21,6.451471935023729e-07,5872.535649886975,0.0,-0.0018893029701888067,1.1888905606939098e-16,-5.060377163904118e-19,-7.299590701692915e-05,-4.5892737612859506e-23,-1.1581897320555754e-20,-7.299590701692915e-05,-2.4011021280072917e-23,-1.1581963390969713e-20,316.97634434060615,0.6694871551900412,48047.271899387684,250.01375010629963,0.7971140885179125,1.5707963267948968,-4.860434938363532e-07,252.66631073812226,21370.1210561247,9.762173662979208,-5.0339677432285565e-17,0.4772401435437541,252.66586002831463,0.0,0.0,0.0,0.0,0.0,0.0,0.0,0.0,0.0,0.0,0.0,0.0,0.0,0.0,0.0,0.0,0.0,0.5,0.0,0.0,1.0,0.0,0.0,0.0
26.0,-4.027725903402808e-14,-0.00012471530191550116,253.64253025137654,0.0,0.0,0.0,0.7071064634634889,-0.0006703194286273651,-0.7071064634634888,-0.0006703194286273653,6383984.220251876,4.166518000767334,-7.123142480034897e-15,-1.1232961055192876e-21,6.526516760741099e-07,5847.22025323504,0.0,-0.0018966025898180783,1.4542167503062077e-16,-4.337757704132436e-19,-7.299648594192036e-05,-3.5538250537553027e-22,-1.099591810281617e-20,-7.299648594192036e-05,-3.3452714289140326e-22,-1.0996572427913282e-20,317.0804591327477,0.6713594512275416,48213.227082027886,250.1779967307919,0.7999311279093043,1.5707963267948968,-4.916970512209852e-07,253.6425302514072,21595.80095154316,9.762251615614483,-2.0699534917036278e-15,0.48093409908555906,253.64207429903544,0.0,0.0,0.0,0.0,0.0,0.0,0.0,0.0,0.0,0.0,0.0,0.0,0.0,0.0,0.0,0.0,0.0,0.5,0.0,0.0,1.0,0.0,0.0,0.0
26.1,-4.042657728903104e-14,-0.00012664590153793254,254.61875754896428,0.0,0.0,0.0,0.7071064610147807,-0.0006728975794991938,-0.7071064610147806,-0.0006728975794991941,6383958.807389574,4.214779426700697,-7.135972987928848e-15,-1.1253239436708823e-21,6.602140699625731e-07,5821.807390965521,0.0,-0.0019039022673586665,1.8716552121140896e-16,-5.422246562963407e-19,-7.299706710271927e-05,-5.456442061643912e-22,-1.0650256734633004e-20,-7.299706710271927e-05,-5.253661815323359e-22,-1.065127628449373e-20,317.1849159233242,0.6732460579454462,48380.643772554926,250.3428780203261,0.8027454798971176,1.5707963267948968,-4.973942326836134e-07,254.61875754899577,21823.51054149562,9.762329869303143,-3.2779207777109892e-15,0.48464229126877745,254.61829631360706,0.0,0.0,0.0,0.0,0.0,0.0,0.0,0.0,-0.0,0.0,0.0,0.0,0.0,0.0,0.0,0.0,0.0,0.5,0.0,0.0,1.0,0.0,0.0,0.0
26.200000000000003,-4.05782904241029e-14,-0.000128598911340908,255.59499269852498,0.0,0.0,0.0,0.7071064585566423,-0.0006754757303620489,-0.7071064585566422,-0.0006754757303620491,6383933.296592288,4.26341331745532,-7.351643897923851e-15,-1.1593393354519632e-21,6.678348785937827e-07,5796.2965937114,0.0,-0.001911202003313998,1.0577827353958274e-16,-5.060316788012731e-19,-7.299765051017334e-05,-2.5361935524123574e-22,-1.118851117163661e-20,-7.299765051017334e-05,-2.3223533943879097e-22,-1.1188975423211952e-20,317.28976564976654,0.6751411013063903,48548.8408796271,250.5083950998617,0.8055570000214222,1.5707963267948968,-5.031354173909694e-07,255.59499269855735,22053.081639525783,9.762408425505816,-1.0860234682750947e-14,0.48836478882392376,255.5945261393473,0.0,0.0,0.0,0.0,0.0,0.0,0.0,0.0,0.0,0.0,0.0,0.0,0.0,0.0,0.0,0.0,0.0,0.5,0.0,0.0,1.0,0.0,0.0,0.0
26.3,-4.073807955360633e-14,-0.00013057439596826312,256.57123569259085,0.0,0.0,0.0,0.7071064560891189,-0.0006780538812159384,-0.7071064560891188,-0.0006780538812159386,6383907.688327824,4.3124193138233675,-7.221802339220587e-15,-1.1388681840549856e-21,6.755140464108169e-07,5770.688329280975,0.0,-0.0019185017976285149,1.5099347744430107e-16,-4.699229521748809e-19,-7.299823615363118e-05,-5.882945494073857e-22,-1.0589426973575108e-20,-7.299823615363118e-05,-5.67976882184892e-22,-1.0590535707960776e-20,317.3949591326624,0.6770502778122747,48718.479964577746,250.6745467902823,0.8083658147784761,1.5707963267948968,-5.089205634328065e-07,256.57123569262404,22284.705885733893,9.762487282788294,-3.5175041156438534e-15,0.49210152358909787,256.5707637688272,0.0,0.0,0.0,0.0,0.0,0.0,0.0,0.0,0.0,0.0,0.0,0.0,0.0,0.0,0.0,0.0,0.0,0.5,0.0,0.0,1.0,0.0,0.0,0.0
26.400000000000002,-4.0887848573979605e-14,-0.00013257252715729516,257.54748656112577,0.0,0.0,0.0,0.7071064536122104,-0.0006806320320608286,-0.7071064536122103,-0.0006806320320608288,6383881.982595405,4.3617988321737515,-7.151564600217024e-15,-1.1277963627494386e-21,6.832517963309463e-07,5744.982596894726,0.0,-0.0019258016505251348,2.1197352563887308e-16,-4.338257010570393e-19,-7.299882403319102e-05,6.923056692907565e-22,-1.2891801729127606e-20,-7.299882403319102e-05,7.171314232121171e-22,-1.2890444580568639e-20,317.5005399924327,0.6789683054055433,48888.94871048277,250.84133138451762,0.8111718064079457,1.5707963267948968,-5.147498386703105e-07,257.5474865611599,22518.224147190682,9.762566441163804,4.595623997903403e-15,0.49585249584893387,257.547009231855,0.0,0.0,0.0,0.0,0.0,0.0,0.0,0.0,-0.0,0.0,0.0,0.0,0.0,0.0,0.0,0.0,0.0,0.5,0.0,0.0,1.0,0.0,0.0,0.0
26.5,-4.104727522836546e-14,-0.00013459358781361464,258.52374537223665,0.0,0.0,0.0,0.7071064511258717,-0.0006832101828966418,-0.7071064511258716,-0.000683210182896642,6383856.178925644,4.411555098058124,-7.25930155839588e-15,-1.1447910591928054e-21,6.910486350347963e-07,5719.17892716763,0.0,-0.0019331015625105388,1.688847485022679e-16,-4.337975630671304e-19,-7.29994141597028e-05,-5.653021532287073e-22,-1.0634321114507132e-20,-7.29994141597028e-05,-5.447437029892203e-22,-1.0635393929321614e-20,317.60646929585164,0.6809001990426571,49060.82849360063,251.0087535360842,0.813975058486195,1.5707963267948968,-5.206236247189423e-07,258.52374537227166,22753.8239436045,9.7626459020933,-3.3861933029089397e-15,0.49961777434135435,258.52326259618366,0.0,0.0,0.0,0.0,0.0,0.0,0.0,0.0,0.0,0.0,0.0,0.0,0.0,0.0,0.0,0.0,0.0,0.5,0.0,0.0,1.0,0.0,0.0,0.0
26.6,-4.119835971591881e-14,-0.00013663764208563504,259.50001211802606,0.0,0.0,0.0,0.707106448630148,-0.0006857883337233869,-0.7071064486301479,-0.0006857883337233871,6383830.277786352,4.461687731794307,-7.472076395587535e-15,-1.1783504414677741e-21,6.989045037700114e-07,5693.277787911395,0.0,-0.0019404015335259736,1.7894160770829163e-16,-4.338059198078939e-19,-7.300000652251494e-05,5.274019882869819e-22,-1.2601781552405194e-20,-7.300000652251494e-05,5.518535931605629e-22,-1.2600734403240691e-20,317.71278134617233,0.6828415193384758,49233.60508860623,251.17680878547935,0.8167754852826167,1.5707963267948968,-5.265418772601646e-07,259.50001211806205,22991.36408139682,9.762725664142543,3.598438167359747e-15,0.5033972909036315,259.499523853957,0.0,0.0,0.0,0.0,0.0,0.0,0.0,0.0,0.0,0.0,0.0,0.0,0.0,0.0,0.0,0.0,0.0,0.5,0.0,0.0,1.0,0.0,0.0,0.0
26.700000000000003,-4.1361485153193605e-14,-0.00013870486369088817,260.47628682846215,0.0,0.0,0.0,0.7071064461250394,-0.0006883664845410302,-0.7071064461250393,-0.0006883664845410304,6383804.27917674,4.512198149768295,-7.438299009616741e-15,-1.1730285376414133e-21,7.068196254834806e-07,5667.279178334399,0.0,-0.0019477015637943873,1.3130815054932748e-16,-4.337736810012238e-19,-7.300060112172674e-05,-5.437581776368476e-22,-1.0676053395984631e-20,-7.300060112172674e-05,-5.229633935050873e-22,-1.0677092223949158e-20,317.81944367841146,0.6847962428098208,49407.74083868121,251.34549841809852,0.8195731633463698,1.5707963267948968,-5.325047641754037e-07,260.4762868284991,23230.9921316629,9.762805727324917,-3.26806308871696e-15,0.5071910458236759,260.4757930349874,0.0,0.0,0.0,0.0,0.0,0.0,0.0,0.0,0.0,0.0,0.0,0.0,0.0,0.0,0.0,0.0,0.0,0.5,0.0,0.0,1.0,0.0,0.0,0.0
26.8,-4.150487873602926e-14,-0.00014079554003786188,261.45256957208903,0.0,0.0,0.0,0.7071064436105003,-0.000690944635349493,-0.7071064436105002,-0.0006909446353494933,6383778.182627404,4.563089598040666,-7.813695169725561e-15,-1.2322340265339754e-21,7.147945101112037e-07,5641.1826290348545,0.0,-0.0019550016538257145,1.6520806160188063e-16,-4.337989669611586e-19,-7.30011979681907e-05,3.359790124775338e-22,-1.2253751948470435e-20,-7.30011979681907e-05,3.5993397704292585e-22,-1.2253071965504415e-20,317.92648506002575,0.6867611310396122,49582.85867795301,251.5148244229763,0.8223680029817533,1.5707963267948968,-5.385126695293735e-07,261.45256957212695,23472.62117161006,9.762886093101713,2.3807167423782006e-15,0.510999107846865,261.4520702074628,0.0,0.0,0.0,0.0,0.0,0.0,0.0,0.0,0.0,0.0,0.0,0.0,0.0,0.0,0.0,0.0,0.0,0.5,0.0,0.0,1.0,0.0,0.0,0.0
26.900000000000002,-4.166020054117326e-14,-0.0001429097347514985,262.42886034057994,0.0,0.0,0.0,0.7071064410865764,-0.0006935227861487854,-0.7071064410865763,-0.0006935227861487856,6383751.988606156,4.61436167645484,-7.802703215579515e-15,-1.2305056603727606e-21,7.228290957053039e-07,5614.988607823848,0.0,-0.001962301803558009,1.232916849676436e-16,-5.060501541271568e-19,-7.300179705125495e-05,5.551654753546764e-22,-1.2612258003417574e-20,-7.300179705125495e-05,5.799136636726968e-22,-1.2611144196338325e-20,318.0338814781877,0.6887388679574318,49759.27202785998,251.68478463764717,0.8251600683552796,1.5707963267948968,-5.445655465951888e-07,262.4288603406188,23716.349107288635,9.762966760038662,-1.1756599624102097e-15,0.5148214088095976,262.42835536309974,0.0,0.0,0.0,0.0,0.0,0.0,0.0,0.0,0.0,0.0,0.0,0.0,0.0,0.0,0.0,0.0,0.0,0.5,0.0,0.0,1.0,0.0,0.0,0.0
27.0,-4.1812615383076804e-14,-0.00014504762353016555,263.40515916390683,0.0,0.0,0.0,0.7071064385532674,-0.000696100936938873,-0.7071064385532673,-0.0006961009369388732,6383725.697112195,4.666015801414093,-7.819900642846025e-15,-1.2332228485266966e-21,7.309236052426292e-07,5588.697113900445,0.0,-0.0019696020132142465,1.7228103276690628e-16,-4.338067941692942e-19,-7.300239837101995e-05,4.613516912281348e-23,-1.1737610474450056e-20,-7.300239837101995e-05,6.925348590948684e-23,-1.1737496839549694e-20,318.1416484188311,0.6907275656714618,49936.76164099117,251.85537845786646,0.8279493127450446,1.5707963267948968,-5.506635632747549e-07,263.4051591639468,23962.125948388068,9.763047728149292,5.385637238288689e-16,0.5186579490030597,263.4046485317146,0.0,0.0,0.0,0.0,0.0,0.0,0.0,0.0,-0.0,0.0,0.0,0.0,0.0,0.0,0.0,0.0,0.0,0.5,0.0,0.0,1.0,0.0,0.0,0.0
27.1,-4.196201192578874e-14,-0.00014720949831449119,264.3814661110518,0.0,0.0,0.0,0.7071064360105282,-0.0006986790877196772,-0.7071064360105281,-0.0006986790877196775,6383699.307676098,4.7180552394883755,-7.90093787562881e-15,-1.2460078585053202e-21,7.390785519153293e-07,5562.307677841745,0.0,-0.001976902283307619,1.553456196961661e-16,-4.337957002747485e-19,-7.30030019383408e-05,-1.8139082018648376e-23,-1.1623216102176383e-20,-7.30030019383408e-05,4.839323100167892e-24,-1.1623229007207423e-20,318.2497780589278,0.692728465159696,50115.47120677116,252.02660931536144,0.830735740832687,1.5707963267948968,-5.568071060825708e-07,264.3814661110928,24210.017310511714,9.763128998895262,1.322781524615018e-16,0.5225087971801344,264.38094978193095,0.0,0.0,0.0,0.0,0.0,0.0,0.0,0.0,0.0,0.0,0.0,0.0,0.0,0.0,0.0,0.0,0.0,0.5,0.0,0.0,1.0,0.0,0.0,0.0
27.200000000000003,-4.212684336792019e-14,-0.00014939542217789567,265.35778117325856,0.0,0.0,0.0,0.707106433458404,-0.0007012572384912083,-0.7071064334584038,-0.0007012572384912085,6383672.820765681,4.770479570046651,-7.57921351835037e-15,-1.1952757008104388e-21,7.472938705799135e-07,5535.820767463184,0.0,-0.001984202613772984,1.5568286012384443e-16,-4.337972177798085e-19,-7.30036077425653e-05,-2.3182761571079164e-23,-1.1598711946478182e-20,-7.30036077425653e-05,-1.6820334776143841e-25,-1.1598734919354252e-20,318.3582706372913,0.6947412863784908,50295.36972752568,252.19847409214958,0.8335193543887903,1.5707963267948968,-5.629961258833408e-07,265.3577811733006,24460.020436760173,9.763210570842238,3.3265018884275324e-17,0.5263738851762996,265.35725910503805,0.0,0.0,0.0,0.0,0.0,0.0,0.0,0.0,0.0,0.0,0.0,0.0,0.0,0.0,0.0,0.0,0.0,0.5,0.0,0.0,1.0,0.0,0.0,0.0
27.3,-4.22809072309407e-14,-0.00015160557280018637,266.3341043805029,0.0,0.0,0.0,0.7071064308968947,-0.0007038353892534319,-0.7071064308968946,-0.0007038353892534321,6383646.236380136,4.823290209509664,-7.671339294189624e-15,-1.2098094184420062e-21,7.555697842435276e-07,5509.236381958239,0.0,-0.0019915030048333476,1.1797269172350343e-16,-4.337700065096532e-19,-7.300421578379499e-05,-4.2212432181618155e-24,-1.165009349745042e-20,-7.300421578379499e-05,1.897994602318712e-23,-1.165007880144507e-20,318.4671307188835,0.6967654624743459,50476.39103900425,252.370972612533,0.8363001348972614,1.5707963267948968,-5.69230790599675e-07,266.334104380546,24712.13019649465,9.763292444003906,2.2086076252957485e-16,0.5302532132860177,266.33357653085613,0.0,0.0,0.0,0.0,0.0,0.0,0.0,0.0,-0.0,0.0,0.0,0.0,0.0,0.0,0.0,0.0,0.0,0.5,0.0,0.0,1.0,0.0,0.0,0.0
27.400000000000002,-4.242144435063284e-14,-0.00015384024668340794,267.31043580220484,0.0,0.0,0.0,0.7071064283259554,-0.000706413540006269,-0.7071064283259553,-0.0007064135400062692,6383619.554050019,4.876490444957191,-7.877006138157416e-15,-1.2422493590025162e-21,7.639068093552517e-07,5482.554051881345,0.0,-0.00199880345700516,1.8144853190029868e-16,-4.338194836607269e-19,-7.300482607288767e-05,-3.362314038090902e-22,-1.1068730953173353e-20,-7.300482607288767e-05,-3.141067803565891e-22,-1.1069381047463703e-20,318.57634710057454,0.698802687547725,50658.73273859809,252.54410844668362,0.8390780962337495,1.5707963267948968,-5.75511489196383e-07,267.31043580224906,24966.43005182074,9.763374619842269,-1.8933951821198992e-15,0.5341468502697246,267.30990212844443,0.0,0.0,0.0,0.0,0.0,0.0,0.0,0.0,0.0,0.0,0.0,0.0,0.0,0.0,0.0,0.0,0.0,0.5,0.0,0.0,1.0,0.0,0.0,0.0
27.5,-4.2576461236237253e-14,-0.0001560995063214039,268.28677542917836,0.0,0.0,0.0,0.7071064257456309,-0.00070899169074973,-0.7071064257456308,-0.0007089916907497303,6383592.774243145,4.930079835283674,-7.845557500190528e-15,-1.237294952177399e-21,7.723048775758846e-07,5455.774245049184,0.0,-0.0020061039702200796,1.5175187935769193e-16,-4.337980615924202e-19,-7.300543859919074e-05,9.252997816678793e-22,-1.3236856087970827e-20,-7.300543859919074e-05,9.518528583640283e-22,-1.3234972943499692e-20,318.68593868495697,0.7008503260999804,50842.08779541553,252.71787773173375,0.841853191144494,1.5707963267948968,-5.818381701296874e-07,268.2867754292238,25222.832941106415,9.763457096922965,6.068118519948178e-15,0.5380547279619304,268.2862358886647,0.0,0.0,0.0,0.0,0.0,0.0,0.0,0.0,0.0,0.0,0.0,0.0,0.0,0.0,0.0,0.0,0.0,0.5,0.0,0.0,1.0,0.0,0.0,0.0
27.6,-4.27246534968816e-14,-0.00015838353137603535,269.26312329140376,0.0,0.0,0.0,0.7071064231559213,-0.0007115698414837812,-0.7071064231559212,-0.0007115698414837814,6383565.8969586985,4.984059796927535,-7.884214216834838e-15,-1.2433966356024572e-21,7.807642119432121e-07,5428.896960644051,0.0,-0.0020134045447011474,1.9560936873005822e-16,-4.338335947597588e-19,-7.300605336280693e-05,1.4120604747866788e-21,-1.4087738972933962e-20,-7.300605336280693e-05,1.440421911192584e-21,-1.408486737146408e-20,318.795875125964,0.7029122012609538,51026.90403141249,252.89228168330018,0.8446254933036944,1.5707963267948968,-5.882110013431368e-07,269.2631232914503,25481.491472253714,9.76353987525983,9.234028913434471e-15,0.5419768466603765,269.26257784134157,0.0,0.0,0.0,0.0,0.0,0.0,0.0,0.0,-0.0,0.0,0.0,0.0,0.0,0.0,0.0,0.0,0.0,0.5,0.0,0.0,1.0,0.0,0.0,0.0
27.700000000000003,-4.289134107042595e-14,-0.00016069262294005928,270.23947945873863,0.0,0.0,0.0,0.7071064205567816,-0.0007141479922083427,-0.7071064205567815,-0.0007141479922083429,6383538.921727214,5.038433637478808,-7.86627185097254e-15,-1.2405722748137942e-21,7.89285332164027e-07,5401.921729202382,0.0,-0.002020705180968068,1.5619964607903744e-16,-4.338041709648061e-19,-7.300667037459659e-05,-1.6257375388513094e-21,-8.859671672308968e-21,-7.300667037459659e-05,-1.6078300107678293e-21,-8.862937878206039e-21,318.90619715201655,0.7049834790119647,51212.61479146461,253.0673218024127,0.8473948794135107,1.5707963267948968,-5.946303742523971e-07,270.23947945878643,25742.25470030875,9.763622956315215,-1.0094164845512343e-14,0.545913275133099,270.23892805596944,0.0,0.0,0.0,0.0,0.0,0.0,0.0,0.0,0.0,0.0,0.0,0.0,0.0,0.0,0.0,0.0,0.0,0.5,0.0,0.0,1.0,0.0,0.0,0.0
27.8,-4.304687599859408e-14,-0.00016302684289968945,271.21584392156734,0.0,0.0,0.0,0.7071064179482569,-0.0007167261429234256,-0.7071064179482568,-0.0007167261429234258,6383511.849016511,5.09320089535736,-8.08001330120674e-15,-1.2742864064269404e-21,7.978681667033166e-07,5374.849018542096,0.0,-0.0020280058789493073,1.3522284142242846e-16,-4.337887637395456e-19,-7.300728962390685e-05,8.503273503569998e-22,-1.3093015030498695e-20,-7.300728962390685e-05,8.768788526323848e-22,-1.3091263307911468e-20,319.01685395690714,0.7070702980543003,51399.94060920117,253.24299700523284,0.8501614870085816,1.5707963267948968,-6.010962349051472e-07,271.21584392161634,26005.35336054081,9.763706338654716,5.593399443196877e-15,0.5498639452135936,271.2152865229831,0.0,0.0,0.0,0.0,0.0,0.0,0.0,0.0,0.0,0.0,0.0,0.0,0.0,0.0,0.0,0.0,0.0,0.5,0.0,0.0,1.0,0.0,0.0,0.0
27.900000000000002,-4.3205209256803776e-14,-0.0001653863728994611,272.19221670987446,0.0,0.0,0.0,0.707106415330347,-0.0007193042936289959,-0.7071064153303469,-0.0007193042936289962,6383484.678825763,5.148362987019478,-8.040663641220893e-15,-1.2680860646257041e-21,8.065129386298456e-07,5347.6788278399035,0.0,-0.002035306638867934,1.328742723075627e-16,-4.337880348368977e-19,-7.300791111084153e-05,-6.390022074189956e-22,-1.0562753937251515e-20,-7.300791111084153e-05,-6.175024555242881e-22,-1.0564032623834053e-20,319.1278981423955,0.70916602922088,51588.10486110407,253.41930519908357,0.8529251697965685,1.5707963267948968,-6.076087512661082e-07,272.1922167099247,26270.560142383096,9.763790022292316,-3.82472590782304e-15,0.5538288572028806,272.191653272211,0.0,0.0,0.0,0.0,0.0,0.0,0.0,0.0,-0.0,0.0,0.0,0.0,0.0,0.0,0.0,0.0,0.0,0.5,0.0,0.0,1.0,0.0,0.0,0.0
28.0,-4.3361581338121407e-14,-0.00016777151865215238,273.1685978939556,0.0,0.0,0.0,0.707106412703007,-0.0007218824443249732,-0.7071064127030069,-0.0007218824443249734,6383457.410685484,5.203923240565912,-8.08800738231017e-15,-1.275558090616979e-21,8.152201709089109e-07,5320.41068760523,0.0,-0.0020426074612469127,1.2186410706687806e-16,-4.337802166171888e-19,-7.300853484626362e-05,-1.547197961521183e-22,-1.1366707440345774e-20,-7.300853484626362e-05,-1.3150179884979775e-22,-1.1366999777854994e-20,319.2392790142142,0.7112773788216553,51777.893426570845,253.596251534055,0.8556860476324362,1.5707963267948968,-6.14168317202339e-07,273.1685978940071,26538.147006650855,9.763874008690735,-1.5996168614263893e-14,0.5578080798766449,273.16802837358375,0.0,0.0,0.0,0.0,0.0,0.0,0.0,0.0,0.0,0.0,0.0,0.0,0.0,0.0,0.0,0.0,0.0,0.5,0.0,0.0,1.0,0.0,0.0,0.0
28.1,-4.351323698597864e-14,-0.00017018234140828855,274.14498746376563,0.0,0.0,0.0,0.707106410066282,-0.0007244605950113694,-0.7071064100662819,-0.0007244605950113696,6383430.045063499,5.259881173941898,-8.144887048692109e-15,-1.284534114967245e-21,8.239897888095823e-07,5293.045065665618,0.0,-0.0020499083460115137,1.8538772218979404e-16,-4.338336166446836e-19,-7.300916081951991e-05,2.8147903689380618e-22,-1.2132732646878137e-20,-7.300916081951991e-05,3.0634929529013254e-22,-1.2132130222216348e-20,319.35104035309604,0.7133985316292709,51968.625399202596,253.77383114925675,0.8584440062371205,1.5707963267948968,-6.207748763528942e-07,274.14498746381844,26807.905365531737,9.763958296415497,2.0440432355223507e-15,0.5618015450673225,274.1444118171084,0.0,0.0,0.0,0.0,0.0,0.0,0.0,0.0,0.0,0.0,0.0,0.0,0.0,0.0,0.0,0.0,0.0,0.5,0.0,0.0,1.0,0.0,0.0,0.0
28.200000000000003,-4.368012303243574e-14,-0.00017261902479570493,275.12138544929314,0.0,0.0,0.0,0.7071064074201721,-0.0007270387456881503,-0.707106407420172,-0.0007270387456881505,6383402.581958972,5.316238203621766,-8.010836562088064e-15,-1.2633984196925837e-21,8.328220154319426e-07,5265.5819611856705,0.0,-0.002057209293384836,1.5710905427504758e-16,-4.338117139257621e-19,-7.300978903071534e-05,-1.6970983902913665e-21,-8.793629390008704e-21,-7.300978903071534e-05,-1.6790044757953721e-21,-8.797102066329203e-21,319.4631476470589,0.7155338826206643,52160.817052497216,253.95204543251168,0.861199131967797,1.5707963267948968,-6.274285967038982e-07,275.1213854493473,27080.015443597767,9.76404288548075,-1.054335484998751e-14,0.565809253079212,275.1208036326178,0.0,0.0,0.0,0.0,0.0,0.0,0.0,0.0,0.0,0.0,0.0,0.0,0.0,0.0,0.0,0.0,0.0,0.5,0.0,0.0,1.0,0.0,0.0,0.0
28.3,-4.383138780868933e-14,-0.00017508187917652623,276.0977919212719,0.0,0.0,0.0,0.7071064047646318,-0.0007296168963552351,-0.7071064047646317,-0.0007296168963552354,6383375.020902394,5.372997678217446,-8.13960958093833e-15,-1.2837129429043594e-21,8.41717377000588e-07,5238.020904656189,0.0,-0.002064510303893105,1.7627622488270207e-16,-4.338292303637354e-19,-7.301041949071557e-05,6.88010514229629e-22,-1.2798192610192894e-20,-7.301041949071557e-05,7.144303165864311e-22,-1.2796745361218512e-20,319.5756243434736,0.7176807455424141,52354.152415969176,254.13089657059493,0.8639513464050712,1.5707963267948968,-6.341298745743446e-07,276.09779192132737,27354.401235213045,9.76412777734957,4.564991913472791e-15,0.5698312726956966,276.0972038904781,0.0,0.0,0.0,0.0,0.0,0.0,0.0,0.0,0.0,0.0,0.0,0.0,0.0,0.0,0.0,0.0,0.0,0.5,0.0,0.0,1.0,0.0,0.0,0.0
28.400000000000002,-4.397852092423493e-14,-0.00017757096513753141,277.0742068692272,0.0,0.0,0.0,0.7071064020997065,-0.000732195047012636,-0.7071064020997064,-0.0007321950470126362,6383347.362361594,5.430159095199469,-8.519753255411631e-15,-1.3436719702589452e-21,8.506757955885595e-07,5210.362363904093,0.0,-0.0020718113774583925,1.4104753524789796e-16,-4.338008428593132e-19,-7.301105218886701e-05,-9.9187946109982e-22,-9.966516003903155e-21,-7.301105218886701e-05,-9.71227835725093e-22,-9.968549138134906e-21,319.68845912716455,0.7198402874409254,52548.76976150091,254.3103819051088,0.8667006830083961,1.5707963267948968,-6.408786511945939e-07,277.0742068692841,27631.114195237038,9.76421297058744,-1.0294888823854774e-15,0.5738675357481042,277.0736125802693,0.0,0.0,0.0,0.0,0.0,0.0,0.0,0.0,0.0,0.0,0.0,0.0,0.0,0.0,0.0,0.0,0.0,0.5,0.0,0.0,1.0,0.0,0.0,0.0
28.5,-4.4130126362747167e-14,-0.00018008646829048854,278.0506303231519,0.0,0.0,0.0,0.7071063994253962,-0.0007347731976603191,-0.7071063994253961,-0.0007347731976603193,6383319.6063357275,5.48772387106041,-8.657618932723942e-15,-1.3654210932848847e-21,8.596974943275987e-07,5182.606338086538,0.0,-0.002079112514303832,1.0713305544065118e-16,-4.337729721875332e-19,-7.301168712527573e-05,4.718591622870052e-22,-1.2442712566532106e-20,-7.301168712527573e-05,4.977279232035162e-22,-1.2441704625847444e-20,319.8016474812224,0.722013114096501,52744.74119032691,254.49050162635874,0.8694471479842403,1.5707963267948968,-6.476750945724019e-07,278.0506303232102,27910.194180869283,9.76429846520865,-1.2179657051504296e-14,0.5779180425440142,278.0500297318282,0.0,0.0,0.0,0.0,0.0,0.0,0.0,0.0,-0.0,0.0,0.0,0.0,0.0,0.0,0.0,0.0,0.0,0.5,0.0,0.0,1.0,0.0,0.0,0.0
28.6,-4.428094702387208e-14,-0.00018262870367621213,279.02706235421806,0.0,0.0,0.0,0.7071063967416558,-0.0007373513482982031,-0.7071063967416557,-0.0007373513482982033,6383291.752355263,5.54569537492384,-8.54680600189766e-15,-1.3479503479128913e-21,8.687830027024023e-07,5154.752357671658,0.0,-0.002086413714958907,1.397713699475183e-16,-4.338022981150103e-19,-7.301232431081004e-05,-1.463225610588068e-22,-1.1410817733640733e-20,-7.301232431081004e-05,-1.22515971927966e-22,-1.1411099030835563e-20,319.9152089104126,0.7241970007357981,52941.803678200675,254.671258074071,0.8721906729797991,1.5707963267948968,-6.545196034792484e-07,279.0270623542778,28191.580619436943,9.764384262676646,4.4888289998804254e-15,0.5819828618745556,279.0264554159574,0.0,0.0,0.0,0.0,0.0,0.0,0.0,0.0,0.0,0.0,0.0,0.0,0.0,0.0,0.0,0.0,0.0,0.5,0.0,0.0,1.0,0.0,0.0,0.0
28.700000000000003,-4.442889203954863e-14,-0.00018519773118967335,280.0035029515212,0.0,0.0,0.0,0.7071063940485303,-0.0007399294989263006,-0.7071063940485302,-0.0007399294989263008,6383263.800888032,5.604073083785506,-8.756484840776528e-15,-1.3810257116235808e-21,8.779322395898645e-07,5126.800890492274,0.0,-0.0020937149793424942,1.1861601844276776e-16,-4.337850055914801e-19,-7.301296373481596e-05,-1.687632661225718e-23,-1.1604516333663351e-20,-7.301296373481596e-05,7.420325939978872e-24,-1.1604526178915653e-20,320.0291090541407,0.726396119677942,53140.45074632743,254.8526495217162,0.874931354773214,1.5707963267948968,-6.614121167367208e-07,280.0035029515825,28475.443400954704,9.764470361556851,7.41711491592758e-17,0.5860619255699018,280.0028896218089,0.0,0.0,0.0,0.0,0.0,0.0,0.0,0.0,0.0,0.0,0.0,0.0,0.0,0.0,0.0,0.0,0.0,0.5,0.0,0.0,1.0,0.0,0.0,0.0
28.8,-4.4597246108348503e-14,-0.00018779373842721562,280.97995214505846,0.0,0.0,0.0,0.7071063913460197,-0.0007425076495445772,-0.7071063913460196,-0.0007425076495445774,6383235.751933183,5.662858414156426,-8.742903366692469e-15,-1.3788898130482892e-21,8.87145428153727e-07,5098.751935694367,0.0,-0.0021010163076777585,1.5489098298769044e-16,-4.338182810450682e-19,-7.301360539740074e-05,8.185293192948302e-22,-1.3009119413962353e-20,-7.301360539740074e-05,8.458598646195038e-22,-1.300737095891031e-20,320.143391223252,0.7286048780515434,53340.022944842596,255.0346742304293,0.8776690690740507,1.5707963267948968,-6.683528023744464e-07,280.9799521451212,28761.58047720769,9.764556761863709,5.465841614871188e-15,0.5901552339409133,280.979332379224,0.0,0.0,0.0,0.0,0.0,0.0,0.0,0.0,-0.0,0.0,0.0,0.0,0.0,0.0,0.0,0.0,0.0,0.5,0.0,0.0,1.0,0.0,0.0,0.0
28.900000000000002,-4.47604704447183e-14,-0.00019041704513769888,281.9564100064403,0.0,0.0,0.0,0.707106388634079,-0.0007450858001529515,-0.7071063886340789,-0.0007450858001529517,6383207.605021163,5.722054755672266,-8.687512787628173e-15,-1.370159954816245e-21,8.964231011395909e-07,5070.605023726821,0.0,-0.0021083177004974436,1.2880227105898153e-16,-4.337963267083917e-19,-7.301424930943536e-05,-1.30399222174773e-21,-9.509928677486771e-21,-7.301424930943536e-05,-1.2839398985804158e-21,-9.512657081104713e-21,320.2580045387338,0.730830173535678,53541.333889522066,255.21733737918547,0.8804039399681166,1.5707963267948968,-6.753420616169327e-07,281.9564100065046,29050.289492707205,9.764643465061024,-2.8187364471841543e-15,0.5942628557865126,281.95578375944126,0.0,0.0,0.0,0.0,0.0,0.0,0.0,0.0,0.0,0.0,0.0,0.0,0.0,0.0,0.0,0.0,0.0,0.5,0.0,0.0,1.0,0.0,0.0,0.0
29.0,-4.4913731427387116e-14,-0.00019306771049622186,282.9328765243325,0.0,0.0,0.0,0.7071063859127533,-0.0007476639507514366,-0.7071063859127532,-0.0007476639507514369,6383179.360619806,5.781661564853924,-8.855440866926854e-15,-1.3966511231294221e-21,9.057651742280842e-07,5042.360622424012,0.0,-0.0021156191577172316,1.4204715745681865e-16,-5.783698319606934e-19,-7.301489546026543e-05,-1.8809060838229046e-21,-8.542973134073633e-21,-7.301489546026543e-05,-1.862828028204806e-21,-8.546933182070068e-21,320.37299555796017,0.733065690083044,53743.63924455474,255.40063397731063,0.8831358430371195,1.5707963267948968,-6.823798308769087e-07,282.9328765243984,29341.32850735177,9.764730469714166,-1.1809660131076813e-14,0.5983847229356731,282.93224375118547,0.0,0.0,0.0,0.0,0.0,0.0,0.0,0.0,0.0,0.0,0.0,0.0,0.0,0.0,0.0,0.0,0.0,0.5,0.0,0.0,1.0,0.0,0.0,0.0
29.1,-4.505488910334961e-14,-0.000195745924084352,283.90935172873685,0.0,0.0,0.0,0.7071063831820424,-0.0007502421013399986,-0.7071063831820423,-0.0007502421013399988,6383151.01872825,5.841680258231058,-8.80860844294735e-15,-1.3892710760929972e-21,9.151718706152901e-07,5014.018730922602,0.0,-0.002122920679560319,1.948292111335566e-16,-6.506996069766006e-19,-7.30155438499993e-05,1.539622944763057e-21,-1.4146528648152594e-20,-7.30155438499993e-05,1.5696514110372064e-21,-1.4143228275498907e-20,320.48833133380236,0.7353157258740433,53947.44713824084,255.5845653629773,0.8858648629959027,1.5707963267948968,-6.894662782061078e-07,283.9093517288043,29634.885565922472,9.764817775837749,9.951431519673108e-15,0.6025208357025379,283.90871238430225,0.0,0.0,0.0,0.0,0.0,0.0,0.0,0.0,-0.0,0.0,0.0,0.0,0.0,0.0,0.0,0.0,0.0,0.5,0.0,0.0,1.0,0.0,0.0,0.0
29.200000000000003,-4.5218359800985414e-14,-0.00019845201038836953,284.88583569170197,0.0,0.0,0.0,0.7071063804419014,-0.0007528202519185552,-0.7071063804419013,-0.0007528202519185554,6383122.578876924,5.902114245951887,-8.926772096761674e-15,-1.407913860709187e-21,9.246437263085228e-07,4985.578879652545,0.0,-0.002130222266562712,1.6735973774046368e-16,-4.338356117601929e-19,-7.301619448951074e-05,2.824905368652276e-22,-1.2099181317857571e-20,-7.301619448951074e-05,3.0826419534559963e-22,-1.2098551871437678e-20,320.6040294447663,0.737578297307354,54152.52275342595,255.76913395278606,0.8885909362241082,1.5707963267948968,-6.966018072826229e-07,284.8858356917711,29930.908095198858,9.764905384895917,1.9891483140560367e-15,0.6066712628938713,284.88518973046627,0.0,0.0,0.0,0.0,0.0,0.0,0.0,0.0,0.0,0.0,0.0,0.0,0.0,0.0,0.0,0.0,0.0,0.5,0.0,0.0,1.0,0.0,0.0,0.0
29.3,-4.537090727244448e-14,-0.00020118602783543495,285.8623284014642,0.0,0.0,0.0,0.7071063776923755,-0.0007553984024871199,-0.7071063776923754,-0.0007553984024871201,6383094.041533664,5.9629629640623865,-9.063743814873153e-15,-1.429523216614224e-21,9.341806537920187e-07,4957.041536449455,0.0,-0.002137523918636896,1.6133491194532096e-16,-4.338315671318404e-19,-7.301684736814486e-05,-1.9451470343538798e-21,-8.485931689862877e-21,-7.301684736814486e-05,-1.9270050213086602e-21,-8.49007090492109e-21,320.72008875463433,0.7398532666312808,54358.85081660337,255.9543366795041,0.8913140692218133,1.5707963267948968,-7.037863521102391e-07,285.862328401535,30229.39803458311,9.764993295453994,-1.2150945559383137e-14,0.6108359363373993,285.8616757779749,0.0,0.0,0.0,0.0,0.0,0.0,0.0,0.0,0.0,0.0,0.0,0.0,0.0,0.0,0.0,0.0,0.0,0.5,0.0,0.0,1.0,0.0,0.0,0.0
29.400000000000002,-4.552400098937493e-14,-0.00020394816799299058,286.8388298880295,0.0,0.0,0.0,0.7071063749334644,-0.0007579765530456587,-0.7071063749334643,-0.0007579765530456589,6383065.406697604,6.024227829111042,-9.524856857190218e-15,-1.502256218692831e-21,9.437828762945417e-07,4928.40670044627,0.0,-0.002144825636006099,1.7696104419124398e-16,-4.338478832154776e-19,-7.301750248601117e-05,-1.4273669797962024e-22,-1.1398308853331014e-20,-7.301750248601117e-05,-1.1828900337395102e-22,-1.1398588780746286e-20,320.83649030046587,0.7421431540614498,54566.73071622043,256.14017432150996,0.894034308938722,1.5707963267948968,-7.110200807630177e-07,286.838829888102,30530.475925608764,9.765081507526727,-7.476397787539111e-16,0.6150148563505476,286.83817055667816,0.0,0.0,0.0,0.0,0.0,0.0,0.0,0.0,-0.0,0.0,0.0,0.0,0.0,0.0,0.0,0.0,0.0,0.5,0.0,0.0,1.0,0.0,0.0,0.0
29.5,-4.5672290887294484e-14,-0.0002067387601141269,287.81534022388524,0.0,0.0,0.0,0.7071063721651231,-0.0007605547035940888,-0.707106372165123,-0.000760554703594089,6383036.673899144,6.0859122717590965,-9.547749691651625e-15,-1.505873689429202e-21,9.53450933085936e-07,4899.673902045935,0.0,-0.0021521274192095896,1.4996553585196821e-16,-4.338238467061215e-19,-7.301815985398615e-05,2.321459534778386e-22,-1.2018472377273154e-20,-7.301815985398615e-05,2.580103583626032e-22,-1.2017945134379623e-20,320.953270114261,0.7444435045292502,54775.63343940447,256.32664854130473,0.8967515398901743,1.5707963267948968,-7.183033993731902e-07,287.8153402239595,30833.985921087075,9.765170022578657,1.6999824742688482e-15,0.6192080917479708,287.8146741386869,0.0,0.0,0.0,0.0,0.0,0.0,0.0,0.0,0.0,0.0,0.0,0.0,0.0,0.0,0.0,0.0,0.0,0.5,0.0,0.0,1.0,0.0,0.0,0.0
29.6,-4.582315765848896e-14,-0.00020955786184999691,288.791859396838,0.0,0.0,0.0,0.7071063693873968,-0.0007631328541324244,-0.7071063693873967,-0.0007631328541324246,6383007.843606126,6.14801570757753,-9.604269955617692e-15,-1.5147949710233679e-21,9.631847334539168e-07,4870.843609085927,0.0,-0.002159429268156658,1.635400063530757e-16,-4.338383973651593e-19,-7.301881946141447e-05,-1.2237811252117826e-21,-9.676272997766767e-21,-7.301881946141447e-05,-1.202884267634089e-21,-9.678893860402546e-21,321.0703774559845,0.7467607547402495,54986.32422399347,256.51375829058316,0.899465907340585,1.5707963267948968,-7.256362395355071e-07,288.791859396914,31140.202281496426,9.765258839175042,3.1331888422328694e-15,0.6234155743561022,288.7911865118712,0.0,0.0,0.0,0.0,0.0,0.0,0.0,0.0,0.0,0.0,0.0,0.0,0.0,0.0,0.0,0.0,0.0,0.5,0.0,0.0,1.0,0.0,0.0,0.0
29.700000000000003,-4.5972414889569936e-14,-0.00021240566675458328,289.768387436898,0.0,0.0,0.0,0.7071063666002855,-0.0007657110046606317,-0.7071063666002854,-0.0007657110046606319,6382978.9158176705,6.210539553133842,-9.537923536127472e-15,-1.5043376106521482e-21,9.72984500660269e-07,4841.915820691734,0.0,-0.0021667311830705646,1.0687001862400757e-16,-4.33784853329875e-19,-7.301948130840681e-05,5.229753673961748e-22,-1.2463252619999236e-20,-7.301948130840681e-05,5.499786367485955e-22,-1.2462090218095083e-20,321.1878591981374,0.7490887153070592,55198.068976539595,256.70150167017135,0.9021772745719531,1.5707963267948968,-7.33018769346605e-07,289.76838743697584,31448.886047248863,9.765347957330782,-1.2599332729690407e-14,0.6276373044956498,289.7677077060854,0.0,0.0,0.0,0.0,0.0,0.0,0.0,0.0,0.0,0.0,0.0,0.0,0.0,0.0,0.0,0.0,0.0,0.5,0.0,0.0,1.0,0.0,0.0,0.0
29.8,-4.6135310026857083e-14,-0.0002152825088771955,290.74492441699135,0.0,0.0,0.0,0.707106363803744,-0.0007682891551786269,-0.7071063638037439,-0.0007682891551786271,6382949.890064163,6.27348725960277,-9.532826173594666e-15,-1.5035405294702405e-21,9.82850777238186e-07,4812.8900672464315,0.0,-0.002174033164493842,1.7474043999760578e-16,-5.7841287890594685e-19,-7.302014540584234e-05,7.8825310576843525e-22,-1.2911988149007116e-20,-7.302014540584234e-05,8.163220798509325e-22,-1.291024409361921e-20,321.3056864422062,0.7514315210837343,55411.35797575235,256.88988298348295,0.9048857074833686,1.5707963267948968,-7.404513973934208e-07,290.7449244170711,31760.237539342223,9.765437378510775,-1.0543780335980592e-16,0.6318733509892084,290.7442377938766,0.0,0.0,0.0,0.0,0.0,0.0,0.0,0.0,0.0,0.0,0.0,0.0,0.0,0.0,0.0,0.0,0.0,0.5,0.0,0.0,1.0,0.0,0.0,0.0
29.900000000000002,-4.6295513512791196e-14,-0.00021818844506490853,291.72147032449493,0.0,0.0,0.0,0.7071063609978175,-0.0007708673056864252,-0.7071063609978174,-0.0007708673056864254,6382920.766813448,6.336858222080213,-9.652394663658121e-15,-1.5224061555854536e-21,9.927834692787258e-07,4783.766816593085,0.0,-0.002181335212332583,1.3577888210621796e-16,-4.338156461993299e-19,-7.302081174306535e-05,-8.069485626380537e-22,-1.0352511115408172e-20,-7.302081174306535e-05,-7.843654813564857e-22,-1.0354247411772715e-20,321.42386890726766,0.7537876153064649,55626.00810903564,257.07889872383464,0.9075911826098094,1.5707963267948968,-7.479340528615804e-07,291.72147032457656,32074.200111776347,9.76552710128022,-4.9390935544100446e-15,0.6361236456618695,291.7207767626875,0.0,0.0,0.0,0.0,0.0,0.0,0.0,0.0,0.0,0.0,0.0,0.0,0.0,0.0,0.0,0.0,0.0,0.5,0.0,0.0,1.0,0.0,0.0,0.0
