t_s,u_b_mps,v_b_mps,w_b_mps,p_b_rps,q_b_rps,r_b_rps,q0,q1,q2,q3,x_e_m,y_e_m,z_e_m,lat_rad,long_rad,h_m,m_fuel_kg,phi_rad,theta_rad,psi_rad,phi_dot_rps,theta_dot_rps,psi_dot_rps,p_nb_rps,q_nb_rps,r_nb_rps,cs_mps,rho_kgpm3,p_kgpms2,T_K,mach,alpha_rad,beta_rad,true_airspeed_mps,qbar_kgpms2,g_mag_mps2,u_n_mps,v_n_mps,w_n_mps,Fx_b_kgmps2,Fy_b_kgmps2,Fz_b_kgmps2,l_b_kgm2ps2,m_b_kgm2ps2,n_b_kgm2ps2,n_x,n_y,n_z,dela_ach_rad,dele_ach_rad,delr_ach_rad,delt_ach_pct,dela_cmd_rad,dele_cmd_rad,delr_cmd_rad,delt_cmd_pct,dela_trim_rad,dele_trim_rad,delr_trim_rad,delt_trim_pct,W_N_mps,W_E_mps,W_D_mps
0.0,708.1364376029022,-6.531468985305661,0.48529728322521765,0.0,0.03141786483708758,0.01369894550808937,0.6028303497551949,-0.545663008599974,-0.58149616172494,0.0266395262498512,-2216637.2105906312,-4585334.303916773,3853929.2706336444,0.6510078109945634,-2.0210912738094335,16500.00000329502,0.0,1.1950225035388482,-0.18286253740217093,0.0,-0.0063929014271563445,-0.00110357691681566,0.034888332446756196,-4.862823650502813e-05,0.03150785778585036,0.013616854201897071,295.0694685924128,0.1539113129736602,9571.743596878325,216.64999999999998,2.399999999999839,0.0006853159666425372,-0.009223197534730145,708.1667246217434,38593.270182608234,9.74863823604087,697.4022638539313,-2.8484350590481498,122.97186121472697,-50675.096034869974,5130.439311073171,-883.7137063441025,1.971296859954472,0.1868017997026966,-0.49742895804637155,-0.774981229512297,0.07846051564456417,0.013514755536095331,0.007544045678039804,-0.0017210517733928514,-0.013368199990012973,2.7878164498332986e-10,0.007544045678039804,-0.001721051773392851,-0.013368199990012973,2.7878164498332986e-10,0.005631312052700228,-0.008301193997637612,-0.01528093361535255,2.7878164498332986e-10,0.0,0.0,0.0
0.1,707.5395934219142,-6.530565984128233,2.893227358355889,0.0001849237590345548,0.027395878507293445,0.01368135150965251,0.6036869694011961,-0.5461004270365121,-0.580213958642667,0.02623218688261053,-2216614.8068567067,-4585287.314477077,3853977.2381001147,0.6510187440766991,-2.0210913289371586,16487.65872524306,0.0,1.1944134830573212,-0.1830215367382146,0.003359273529767545,-0.0055198617796906975,-0.002544595824796674,0.031079500374270472,0.0001366530226509101,0.02748590754652765,0.01359922931862227,295.0694685924129,0.15421164177182325,9590.421042968774,216.64999999999998,2.397996816585261,0.004089115661483753,-0.009229626171391902,707.5756463561107,38604.05437280643,9.748676577527336,696.6474472430818,-2.7508605237694916,123.84692647595622,-50688.96032315498,5152.576425173076,-7922.9921970573005,15.538751317980946,-8970.571778761121,-37.367893289511855,-0.7751932579843107,0.07879906158222147,0.12116741189926304,0.007537737934169004,-0.0019476287198669279,-0.013368862309081289,2.7878164498332986e-10,0.007522223921667387,-0.0025634146204941716,-0.013370656575623486,2.7878164498332986e-10,0.005631312052700228,-0.008301193997637612,-0.01528093361535255,2.7878164498332986e-10,0.0,0.0,0.0
0.2,706.9395673493599,-6.526387306171629,4.68719442926193,0.00046839523849167425,0.017253488960064504,0.01363628921903478,0.6043356433009078,-0.5465181037061309,-0.5791534291619893,0.026032616277144673,-2216592.3802971095,-4585240.310335615,3854025.093243045,0.6510296653877383,-2.021091381287301,16475.2317091655,0.0,1.1939568775581442,-0.18344677428525485,0.006020665952835773,-0.003496986098857855,-0.006220963171678952,0.02147464577776391,0.0004204099878014158,0.017343562937775954,0.013554173770003475,295.0694685924128,0.1545140570324758,9609.228246148466,216.65,2.3959958763288265,0.006630164675948462,-0.009231423410156894,706.9852299779593,38615.234965215124,9.74871518121258,695.8981198863715,-2.570209626458258,124.68887372653356,-50679.32359814123,5166.985546618387,-12884.647997812164,12.719016276439108,-13955.412179667674,-62.25218066037385,-0.775045882220198,0.0790194222628642,0.19704669805275973,0.007514593117623547,-0.0030727473838432326,-0.01337216413304863,2.7878164498332986e-10,0.00748624697503707,-0.004687631719922195,-0.013376948458341646,2.7878164498332986e-10,0.005631312052700228,-0.008301193997637612,-0.01528093361535255,2.7878164498332986e-10,0.0,0.0,0.0
0.30000000000000004,706.3431672281371,-6.517588506620292,5.607143938811324,0.0006476265364510381,0.004955061986843375,0.013579072128726652,0.604654276992212,-0.5469111933914063,-0.5784438134874822,0.026155365767363797,-2216569.925662837,-4585193.2960423445,3854072.8377315383,0.6510405749640826,-2.021091429543018,16462.721405366436,0.0,1.1937235335353857,-0.18429320511108313,0.007583485209702625,-0.0012009461495003865,-0.010691165777915524,0.009826758078826018,0.0005998244979130102,0.005045185100507673,0.013497019389764327,295.0694685924128,0.15481849912546278,9628.16149801844,216.65,2.3939972299033583,0.007938104908761557,-0.009226674109781834,706.3954904392923,38626.79666361652,9.748754039599056,695.1518254285592,-2.3414455127804032,125.51112627207719,-50685.105708512776,5169.909934777761,-14998.542622936122,4.864969843366835,-14073.800758368703,-68.54066197626294,-0.7751343088312069,0.07906414533412909,0.22937477996721178,0.007486075988936041,-0.005041760829843151,-0.013378106790402664,2.7878164498332986e-10,0.007459488904490685,-0.007263408241907666,-0.013384937471255947,2.7878164498332986e-10,0.005631312052700228,-0.008301193997637612,-0.01528093361535255,2.7878164498332986e-10,0.0,0.0,0.0
0.4,705.7535854253507,-6.504197395854873,5.687276694455598,0.0006804369203952093,-0.0057212486265895085,0.013526364991990666,0.6046363945358976,-0.547283810943249,-0.5780896948780696,0.026600050071622198,-2216547.440900027,-4585146.273675655,3854120.4729784327,0.6510514728894744,-2.021091473163478,16450.12944499962,0.0,1.1937033062553122,-0.18556593429890378,0.008035658064789833,0.0006862091334713966,-0.014573281993248307,-0.00028990942090430537,0.0006327200389666154,-0.005631076269375182,0.0134444306124251,295.0694685924128,0.1551249283561558,9647.218329969992,216.64999999999998,2.392001020401369,0.00805827091619638,-0.009215400727485275,705.8064699623412,38638.73223882134,9.74879314770007,694.4058633894193,-2.102773603404741,126.32832457583098,-50722.48525910886,5161.421955605113,-14531.564616107722,-2.555239723258221,-10444.1778316714,-56.22369052397134,-0.775705959451457,0.07893433749852544,0.22223322093320327,0.007464452002255743,-0.0073031235111590915,-0.013385220575804812,2.7878164498332986e-10,0.0074486937045159345,-0.009499449507947897,-0.013392296775858683,2.7878164498332986e-10,0.005631312052700228,-0.008301193997637612,-0.01528093361535255,2.7878164498332986e-10,0.0,0.0,0.0
0.5,705.1694594581649,-6.48729735359744,5.165828103462983,0.0005955709788843115,-0.012475961584725772,0.013491205714566492,0.6043624929937916,-0.5476440137417433,-0.5780031168659766,0.027283804115362163,-2216524.9264474786,-4585099.242938548,3854167.9985941807,0.6510623591229291,-2.021091512251494,16437.455528770573,0.0,1.1938342957386652,-0.18715920848369627,0.007651827674578582,0.0017939845966958587,-0.01702707849732433,-0.006697079253490772,0.0005478693241144878,-0.012385742685867274,0.013409431290271254,295.0694685924128,0.15543335200797803,9666.399194959175,216.64999999999998,2.3900074210918856,0.007325523856314291,-0.009199122583915594,705.2182196735057,38651.047215542814,9.748832506434573,693.658161854224,-1.883432998627665,127.15165096449927,-50781.212401044424,5144.533250612512,-12433.83497997928,-7.25422820338955,-5334.663369004711,-30.697310762730638,-0.7766040817289491,0.07867605620486928,0.19015235242389555,0.007455299587276308,-0.009259369085393005,-0.013391660926020748,2.7878164498332986e-10,0.007452671683899564,-0.010914153281707141,-0.013397205937088073,2.7878164498332986e-10,0.005631312052700228,-0.008301193997637612,-0.01528093361535255,2.7878164498332986e-10,0.0,0.0,0.0
0.6000000000000001,704.587602021248,-6.468581299067477,4.359391741249977,0.00044794245991185795,-0.01489864453536977,0.013480385957146474,0.6039526785910724,-0.5480005346001647,-0.5780550231724776,0.028088511856334215,-2216502.384555281,-4585052.202074526,3854215.413823138,0.651073233627758,-2.0210915473548257,16424.698717354797,0.0,1.1940348879010243,-0.18891852064049644,0.006834009447378409,0.0020904522439328744,-0.017907182125641144,-0.009000309057251694,0.00040022329712937493,-0.014808382965744835,0.013398793037216236,295.0694685924128,0.15574379293968027,9685.70551457155,216.65,2.388016568115954,0.006187074684423989,-0.009180229340341463,704.630779743852,38663.7498056979,9.748872118681872,692.9076734543335,-1.6982294993164138,127.9867417830036,-50843.85451663205,5123.685779597274,-9733.098968202323,-8.803295653225122,-471.9088609354671,0.034957862990378084,-0.7775620762382036,0.07835723295669045,0.1488496242839268,0.007458405068227545,-0.010537184651990975,-0.013395906944965485,2.7878164498332986e-10,0.007466620583125066,-0.011421558812355171,-0.013398716660218045,2.7878164498332986e-10,0.005631312052700228,-0.008301193997637612,-0.01528093361535255,2.7878164498332986e-10,0.0,0.0,0.0
0.7000000000000001,704.0056346494789,-6.44984719881922,3.5582523413699056,0.0002916100320498479,-0.01364164016409494,0.013494133345045688,0.6035237312013817,-0.5483606075885648,-0.5781214477693787,0.02890225012514416,-2216479.818127845,-4585005.148772287,3854262.717671804,0.6510840963580117,-2.0210915791843456,16411.857756480575,0.0,1.1942301769742287,-0.19069600400458295,0.005968894509420948,0.0017244237469802902,-0.017456158739829877,-0.007811179662416715,0.00024387456888794634,-0.013551339701125932,0.013412724261112272,295.0694685924128,0.15605628167435073,9705.139187037785,216.65,2.386028533470284,0.005054252220607733,-0.009161268117703472,704.0441714174108,38676.84803331813,9.748911988285437,692.1542345592877,-1.5493906301824802,128.83442397672044,-50899.75730906908,5103.28551733796,-7265.13148622926,-7.761352542520059,3145.8180657648845,28.1327321011014,-0.7784170053494619,0.07804524893366625,0.11110665735871851,0.007470245766233218,-0.011032741774668725,-0.013397141306316848,2.7878164498332986e-10,0.007484911174147159,-0.011158292432466686,-0.013396797162758923,2.7878164498332986e-10,0.005631312052700228,-0.008301193997637612,-0.01528093361535255,2.7878164498332986e-10,0.0,0.0,0.0
0.8,703.4227170178245,-6.432609721770477,2.9693405603678307,0.0001667957604940326,-0.010028689594011193,0.013527299817714347,0.6031643109528708,-0.5487289131075666,-0.5781096135035049,0.029642325508624955,-2216457.229838374,-4584958.080920196,3854309.9092321885,0.651094947270895,-2.021091608393016,16398.931506632827,0.0,1.194366346806867,-0.19238143735590904,0.005346709641704081,0.0009566077313021257,-0.0161579743089688,-0.004380501549393523,0.0001190692446360539,-0.009938352997799807,0.013446062493087392,295.0694685924128,0.15637125790388906,9724.727556794389,216.65,2.3840433200508233,0.004221249686238174,-0.00914439206694613,703.458395548688,38690.448889244304,9.7489521187376,691.3983676545228,-1.4294127867794808,129.69181561876368,-50947.053854410435,5086.757639327166,-5594.904697966705,-5.12368153132584,5002.208705515567,47.73669173046171,-0.7791403179374659,0.07779248581678491,0.0855636488355298,0.007486166504634241,-0.010850659314881283,-0.013395331758452455,2.7878164498332986e-10,0.007502612607294648,-0.010401597834549477,-0.013392166249564198,2.7878164498332986e-10,0.005631312052700228,-0.008301193997637612,-0.01528093361535255,2.7878164498332986e-10,0.0,0.0,0.0
0.9,702.8389729801918,-6.417849658187024,2.690838426440854,9.477826040036763e-05,-0.00560151636076189,0.013571387059673116,0.6029219295611393,-0.5491071403815387,-0.5779709568020704,0.030266549737610195,-2216434.6214691433,-4584910.997066078,3854356.9875532514,0.651105786298667,-2.021091635419958,16385.918966026045,0.0,1.1944176471369923,-0.19391757976515245,0.005119900649655245,7.988295182951899e-05,-0.014571653743507357,-0.0001701347425820021,4.7097218637925405e-05,-0.005511144918543359,0.013490301902990096,295.0694685924128,0.15669293911585122,9744.732909366241,216.64999999999998,2.382060835342937,0.003828508922958075,-0.009131002274138383,702.8734248394394,38705.588724912006,9.748992513107721,690.6409662574998,-1.3254172222741856,130.5539968608665,-50989.49657370986,5076.146984181837,-4951.097166217726,-1.9894993681846846,5090.990754389399,55.86757351041436,-0.7797894002946829,0.07763021560490807,0.07571781149995226,0.007501862270214203,-0.01022568242481673,-0.013391105744497036,2.7878164498332986e-10,0.007516310002511219,-0.009474372840833117,-0.013386010509321766,2.7878164498332986e-10,0.005631312052700228,-0.008301193997637612,-0.01528093361535255,2.7878164498332986e-10,0.0,0.0,0.0
1.0,702.2547632346217,-6.405865225061759,2.7128611897627057,7.731300016101231e-05,-0.0017145778017635827,0.013616879543168401,0.6028004573765648,-0.5494941171096744,-0.5777029970014873,0.030774463170411236,-2216411.993903556,-4584863.896827517,3854403.9531175173,0.6511166134980818,-2.0210916604539677,16372.820456600748,0.0,1.194386857028904,-0.19530212897664195,0.005296569520262522,-0.0006557707300992672,-0.013185301401274753,0.0035322737687594253,2.9712663646742686e-05,-0.0016241713429163028,0.013535926676281599,295.0694685924128,0.15701674555105505,9764.87042955828,216.64999999999998,2.3800809430140464,0.0038630534628391654,-0.009121532671389805,702.2892190620835,38721.12609390073,9.749033170417503,689.883000137942,-1.2236475119520902,131.41572411831783,-51027.97921813516,5071.52946968599,-5239.437512374666,0.702820997481915,3831.9821670502633,52.69423903286451,-0.780377920680931,0.07755959931917238,0.0801274401630917,0.00751430121964837,-0.009439342398192472,-0.013385524770574368,2.7878164498332986e-10,0.0075244909092618,-0.008660294332706186,-0.013379658560346551,2.7878164498332986e-10,0.005631312052700228,-0.008301193997637612,-0.01528093361535255,2.7878164498332986e-10,0.0,0.0,0.0
1.1,701.6703890553401,-6.396360411406805,2.9519355680451884,0.00010199091457528729,0.0007492644376957092,0.013655545935752552,0.6027719251506003,-0.549886863728884,-0.577336383616279,0.03119520208451615,-2216389.3468619236,-4584816.7805072,3854450.805725588,0.651127428830297,-2.0210916834196673,16359.63597498741,0.0,1.1942965106639132,-0.19657209674698073,0.005780718678213708,-0.0010949359294644633,-0.012315166908285474,0.005885212759921521,5.449671614069011e-05,0.0008397071532965719,0.013574710372541742,295.0694685924128,0.15734267729279813,9785.140122550782,216.64999999999998,2.3781035538222723,0.004206986925612986,-0.009115571559600232,701.7057518840663,38737.056135800995,9.749074090680148,689.1252422329927,-1.11331061555827,132.2729014545068,-51063.6515435314,5071.823125511512,-6153.6899484657815,2.3504541708029745,1880.1183125556258,40.75996168028092,-0.7809234624708492,0.07756409023819422,0.09410922870314618,0.007522027114005608,-0.008738801199077146,-0.013379756358730146,2.7878164498332986e-10,0.007527305490991171,-0.008144268420766883,-0.013374259713462854,2.7878164498332986e-10,0.005631312052700228,-0.008301193997637612,-0.01528093361535255,2.7878164498332986e-10,0.0,0.0,0.0
1.2000000000000002,701.0861820650192,-6.38857204457174,3.2879064351983214,0.00014825687029782947,0.0015011140649758817,0.013681968815867983,0.6027904946544589,-0.5502816748302445,-0.5769200901481927,0.03157380461871293,-2216366.679461067,-4584769.64901928,3854497.5457661967,0.6511382323024794,-2.021091704082719,16346.366103226319,0.0,1.1941791823703791,-0.19778597106273813,0.006418794390396746,-0.0011982056154965783,-0.012062636093614297,0.006611159253817241,0.00010088023532339187,0.0015915947698412654,0.013601243261081428,295.0694685924128,0.15767071995254325,9805.541093520704,216.64999999999998,2.376128583310712,0.004689697807972158,-0.009112039494570892,701.1229983847346,38753.37058432444,9.74911527211832,688.3681108289286,-0.9885965228314958,133.12333840729352,-51097.611378684625,5075.069113277621,-7293.404890904823,2.762360551851917,-67.84622796462763,24.127285804496807,-0.7814428149114045,0.07761373157657925,0.111539046434072,0.0075250937059030305,-0.008286959040161058,-0.01337482424124714,2.7878164498332986e-10,0.007526149861484521,-0.007986801403055709,-0.013370570383415862,2.7878164498332986e-10,0.005631312052700228,-0.008301193997637612,-0.01528093361535255,2.7878164498332986e-10,0.0,0.0,0.0
1.3,700.5025927798462,-6.381518928486913,3.606067598978566,0.00019484673142505294,0.0007880205724668512,0.013694283643112624,0.6028095327953727,-0.550675298746364,-0.5765034828500045,0.03195488792399376,-2216343.990573228,-4584722.503483296,3854544.1737157623,0.6511490239252716,-2.021091722147982,16333.011538919993,0.0,1.1940660783289034,-0.19900227988783992,0.007056107595899571,-0.0010271820527066058,-0.012335776363602639,0.005942432487761997,0.00014758574484261116,0.0008785409156152792,0.013613668456586491,295.0694685924128,0.15800085628495528,9826.072269980763,216.65,2.374155971909315,0.005147783581221047,-0.009109542092936176,700.5409409867849,38770.06130407242,9.749156712600906,687.6116368976135,-0.8490286169638308,133.96687675074247,-51131.75776626857,5079.065171503504,-8298.591399601446,2.1202532377512884,-1482.6416746075865,7.157583175346119,-0.7819650203240001,0.07767484384590709,0.12691150228226308,0.0075246488009092045,-0.008139120946991641,-0.013371402170710658,2.7878164498332986e-10,0.007522990456894085,-0.008136151354881646,-0.013368850909157995,2.7878164498332986e-10,0.005631312052700228,-0.008301193997637612,-0.01528093361535255,2.7878164498332986e-10,0.0,0.0,0.0
1.4000000000000001,699.9200838153114,-6.374250945017382,3.826899563129123,0.0002255920450846779,-0.0008081741218213108,0.013693939283800737,0.6027944869690922,-0.5510656926893096,-0.5761228612800731,0.03237060326192299,-2216321.2792054825,-4584675.344902727,3854590.6899994574,0.6511598037072718,-2.0210917373540607,16319.572912180796,0.0,1.1939788625614343,-0.20026360255624884,0.007579098470887361,-0.0007029186150943761,-0.012922381907155034,0.004430525723765655,0.00017843555262624442,-0.0007176129850915016,0.013613440372587177,295.0694685924128,0.15833307071311378,9846.732683202375,216.64999999999998,2.3721856875736615,0.005467569108770512,-0.009106724619948667,699.9595702348878,38787.1214959149,9.749198410203373,686.8555508012006,-0.6982189005084116,134.80490808424304,-51168.24949791015,5081.914155346721,-8940.309741024279,0.8450509636742933,-2119.4611271846807,-6.52570745095573,-0.782523093406588,0.07771841374857008,0.1367253893421761,0.007522360934008992,-0.008254459258863275,-0.013369727501799112,2.7878164498332986e-10,0.007519722733546154,-0.00847045758989996,-0.013368898990788414,2.7878164498332986e-10,0.005631312052700228,-0.008301193997637612,-0.01528093361535255,2.7878164498332986e-10,0.0,0.0,0.0
1.5,699.3389431021155,-6.366031895888053,3.9174425829842545,0.00023227435784056778,-0.002617694758963689,0.013684724176323925,0.6027286749775452,-0.5514522295055851,-0.575795454214039,0.032835491046659955,-2216298.5445527527,-4584628.173860722,3854637.0939937853,0.6511705715544457,-2.021091749508685,16306.049981544726,0.0,1.19392643121393,-0.20158957989199003,0.007934073006279239,-0.0003577544970126064,-0.0135796116519649,0.0027117319131097738,0.0001852073762655337,-0.0025270923364963845,0.01360435001437946,295.0694685924128,0.158667369206217,9867.522704409941,216.65,2.3702177392552874,0.005601577958904419,-0.009102533561903022,699.3788887703678,38804.55100145221,9.749240365665406,686.0994319370991,-0.5418070303457716,135.63958792694754,-51208.38564015241,5082.356938734784,-9147.063293879939,-0.5728960787063037,-2012.8173952492032,-14.642925271367666,-0.7831369009628951,0.07772518529596395,0.13988729992815424,0.007519876216006531,-0.008531933264108926,-0.013369637839108658,2.7878164498332986e-10,0.00751773629165956,-0.008849442705911,-0.013370185662519577,2.7878164498332986e-10,0.005631312052700228,-0.008301193997637612,-0.01528093361535255,2.7878164498332986e-10,0.0,0.0,0.0
1.6,698.7591371869188,-6.356490647125549,3.8911651356187025,0.00021551765416551088,-0.004102768557827421,0.013671623276854982,0.6026144165551709,-0.551835591283143,-0.5755183679758307,0.03334586072146633,-2216275.786837625,-4584580.990850805,3854683.387633607,0.651181327657088,-2.021091758608934,16292.44434777461,0.0,1.1939048645887518,-0.2029758846128591,0.008130425698037005,-9.316803653461014e-05,-0.014114035717549163,0.001298185781467495,0.00016852675959653702,-0.0040121249659494825,0.013591381815354192,295.0694685924128,0.15900667154784412,9888.623914926098,216.65,2.3682520786059844,0.005568621156237296,-0.009096434568176864,698.7988823271448,38823.059221076976,9.749282574098764,685.342859794461,-0.38539275094153336,136.47302757169516,-51252.896054204204,5080.083327190533,-8992.331872838442,-1.7328141395883434,-1403.5627736853771,-16.66585379224014,-0.7838176048610036,0.0776904146411874,0.13752097097555768,0.007518390610304816,-0.008852811760210922,-0.013370647171354652,2.7878164498332986e-10,0.007517661818919378,-0.009160475835014266,-0.013372014893165224,2.7878164498332986e-10,0.005631312052700228,-0.008301193997637612,-0.01528093361535255,2.7878164498332986e-10,0.0,0.0,0.0
1.7000000000000002,698.1804358520901,-6.345567266588636,3.786409084992066,0.0001813265484778838,-0.00495761367984679,0.013659325226488437,0.6024650661959275,-0.5522171102270588,-0.5752770827577086,0.033887750559023974,-2216253.0060973447,-4584533.795747426,3854729.569986108,0.6511920719083752,-2.0210917646720294,16278.755366024561,0.0,1.1939032442968744,-0.2044045800317753,0.00821390101859992,3.650025319048792e-05,-0.014417324038637267,0.0004823159653253412,0.0001344027597622046,-0.004866929432234734,0.013579222147322358,295.0694685924128,0.15935043659170103,9910.00266086618,216.65,2.3662886640237097,0.005423199748479267,-0.009088337222622424,698.2195386297266,38842.50743112876,9.749325037477899,684.585513475186,-0.23298486819321795,137.30673370363345,-51300.45748403539,5075.294715179222,-8617.544199431775,-2.399777417787122,-588.0425755870632,-13.297392964878975,-0.7845449683640263,0.07761718173756094,0.13178929141953102,0.007518523629650866,-0.009120768007547592,-0.013372164900994953,2.7878164498332986e-10,0.0075195251713704786,-0.009339514178700473,-0.013373732024929003,2.7878164498332986e-10,0.005631312052700228,-0.008301193997637612,-0.01528093361535255,2.7878164498332986e-10,0.0,0.0,0.0
1.8,697.602542522556,-6.333499029969918,3.652611945026728,0.00013879140000873968,-0.0051272413723182165,0.013651512805730816,0.6022997426381671,-0.5525983631558631,-0.5750511278931179,0.03444219474058594,-2216230.20279432,-4584486.588328175,3854775.6409417735,0.6512028042948982,-2.021091767798645,16264.98296828568,0.0,1.19390747776823,-0.20585100329282338,0.008248832130693405,2.6844578006718554e-05,-0.014472606232379372,0.00031842856777630573,9.193146330391757e-05,-0.005036517127011533,0.0135715506423166,295.0694685924128,0.15969629642256133,9931.511681596974,216.65,2.3643274853460072,0.005235902027211824,-0.009078576734826939,697.640854679482,38862.3142844312,9.749367756015362,683.8272488969753,-0.08645514300263946,138.1413907763106,-51348.90614131301,5068.645653307991,-8186.137240337465,-2.5244506084504335,161.48900441398962,-6.239591292521806,-0.7852859003586967,0.0775154967177531,0.12519172532219175,0.007520332757187328,-0.009279059906568705,-0.013373599352139264,2.7878164498332986e-10,0.007522888621983972,-0.009375040919534715,-0.013374822844647177,2.7878164498332986e-10,0.005631312052700228,-0.008301193997637612,-0.01528093361535255,2.7878164498332986e-10,0.0,0.0,0.0
1.9000000000000001,697.0252139859979,-6.320708122817413,3.5333707958702365,9.68230642950155e-05,-0.004752774823795379,0.013650276173668268,0.6021363775914678,-0.552980690043059,-0.5748214508916543,0.03499192846776063,-2216207.3774549435,-4584439.3683194835,3854821.6003694204,0.6512135248022752,-2.021091768105144,16251.12705892045,0.0,1.1939050618938425,-0.20729258814471296,0.008295016787116673,-8.868525715951213e-05,-0.01433375625248636,0.0006739867919103531,5.0028777698744524e-05,-0.0046620111556216395,0.013570454557705652,295.0694685924128,0.1600442534421255,9953.151126480225,216.65,2.3623685312952585,0.005069171759974625,-0.009067754722586727,697.0628271487307,38882.478097607964,9.749410730008265,683.0680796221968,0.0544021403564563,138.9768937009669,-51397.204028281136,5061.093903695783,-7832.188611613176,-2.2071188313450225,664.9755585246028,2.400576566309011,-0.7860245266022395,0.07740000676988185,0.11977874014927387,0.007523474994442456,-0.00931550911950285,-0.013374487481469252,2.7878164498332986e-10,0.007527110869413676,-0.009296612829011085,-0.013374995511056195,2.7878164498332986e-10,0.005631312052700228,-0.008301193997637612,-0.01528093361535255,2.7878164498332986e-10,0.0,0.0,0.0
2.0,696.4483091129363,-6.30768405198922,3.4565056738867996,6.195742963674246e-05,-0.004081074701293241,0.013656015389112498,0.601987303216133,-0.5533649169303457,-0.5745750519161027,0.0355255135189056,-2216184.53052755,-4584392.135516377,3854867.448168226,0.6512242334172696,-2.0210917656882303,16237.187582795508,0.0,1.193887970955524,-0.20871431870557616,0.00839316621988061,-0.00025725663363644147,-0.014091977859751975,0.0013150938316347546,1.5233822276691142e-05,-0.003990271955593753,0.01357633199570421,295.0694685924128,0.16039430903493218,9974.92108162038,216.64999999999998,2.3604117802281963,0.004963006226093929,-0.009056571509969127,696.485449651205,38902.996601621555,9.74945395962978,682.3081285785356,0.19125407484623835,139.81258771371935,-51444.84840844132,5053.580317879479,-7633.188502562792,-1.6335910846205306,855.3236285964311,10.619261190771706,-0.7867531586760788,0.07728510046620243,0.11673540404826624,0.007527414035356114,-0.009253519478170881,-0.01337456202359731,2.7878164498332986e-10,0.007531563335785046,-0.009155932284326545,-0.013374194165408328,2.7878164498332986e-10,0.005631312052700228,-0.008301193997637612,-0.01528093361535255,2.7878164498332986e-10,0.0,0.0,0.0
2.1,695.871784615915,-6.29487625646003,3.430950490132037,3.7332377368196365e-05,-0.0033715259361323485,0.013667695382132385,0.6018574975333825,-0.5537512758442084,-0.574306779824151,0.03603883034305438,-2216161.662299212,-4584344.889852015,3854913.1842977493,0.6512349301290267,-2.0210917606042913,16223.164564466104,0.0,1.193853639717773,-0.21011072793530358,0.008559265256514055,-0.00042541475140572886,-0.013841734604396236,0.0019950323019688274,-9.314467388391423e-06,-0.0032806841814130307,0.01358814713637979,295.0694685924128,0.16074646258433675,9996.821508668312,216.65,2.358457202674578,0.004930394887651225,-0.00904567219918876,695.9087134911362,38923.866786961844,9.749497444809158,681.5475655352128,0.3263938409105114,140.64758957355153,-51491.777697294245,5046.845853752211,-7604.704570135077,-1.0069527875479352,765.6613985621641,16.8941236208747,-0.7874708547599767,0.07718210937791985,0.11629979534297666,0.007531607140438049,-0.009136265243650948,-0.013373765975512177,2.7878164498332986e-10,0.0075357728999068735,-0.009007324738460333,-0.013372563330729873,2.7878164498332986e-10,0.005631312052700228,-0.008301193997637612,-0.01528093361535255,2.7878164498332986e-10,0.0,0.0,0.0
2.2,695.2956897918568,-6.282646664035603,3.450200164190161,2.3032286264516444e-05,-0.002836065477066253,0.013683346975292162,0.601745571583495,-0.5541395368525637,-0.5740181849449724,0.03653391489160175,-2216138.7719982495,-4584297.630893727,3854958.804188194,0.6512456144367599,-2.021091752753782,16209.05465445295,0.0,1.193803983481804,-0.2114844421815793,0.008788140966546133,-0.000550726237176873,-0.013659182048428819,0.0025115051090659726,-2.3532432525898958e-05,-0.0027451845215843936,0.013603931078176472,295.0694685924128,0.1611007982042576,10018.857638668087,216.64999999999998,2.3565048502716732,0.004962164869728168,-0.009035577860325255,695.3326339051059,38945.108812227576,9.749541195785202,680.7865534372535,0.4620721613304246,141.48106218982318,-51538.23137295159,5041.388512138339,-7714.286793271976,-0.502597818026005,494.79515858977004,20.267565691155088,-0.7881812772257086,0.07709864950029323,0.11797565138794375,0.007535613747778053,-0.009011678066351945,-0.013372207701826113,2.7878164498332986e-10,0.0075394557766160055,-0.00889517816216101,-0.013370377956059307,2.7878164498332986e-10,0.005631312052700228,-0.008301193997637612,-0.01528093361535255,2.7878164498332986e-10,0.0,0.0,0.0
2.3000000000000003,694.7200554233159,-6.271104256295003,3.494925697187684,1.584465689810131e-05,-0.0025532310867928537,0.01370048736759415,0.6016444264348133,-0.5545290180914676,-0.5737169801160298,0.03701820162362334,-2216115.86130542,-4584250.359869922,3855004.316942621,0.6512562873017601,-2.0210917423288035,16194.864829752594,0.0,1.193744937031279,-0.2128450636699835,0.0090554338906263,-0.0006197131457993923,-0.013570946257359396,0.0027886473401197197,-3.063478459149731e-05,-0.002462310638689049,0.013621202197700803,295.0694685924128,0.1614591839311235,10041.145644793589,216.64999999999998,2.354554514664111,0.0050306539839584255,-0.009026448192166758,694.7571494138058,38967.164652369196,9.749585191241906,680.0251901147758,0.5995426971175468,142.3124991275356,-51585.22473448678,5037.273944850984,-7894.393152265438,-0.1979748949203116,168.1765874668735,20.865344743137143,-0.7888999531819691,0.07703572485555113,0.12073004276471964,0.00753922711685201,-0.008913226551857938,-0.013370173028823264,2.7878164498332986e-10,0.007542601713649172,-0.008835941465983313,-0.013367984705813282,2.7878164498332986e-10,0.005631312052700228,-0.008301193997637612,-0.01528093361535255,2.7878164498332986e-10,0.0,0.0,0.0
2.4000000000000004,694.1449637844182,-6.2602846447189355,3.547039435223304,1.2442426257554868e-05,-0.0025363794235201747,0.013717030931592634,0.6015470105811725,-0.5549191331141993,-0.5734106418832875,0.037498794332489,-2216092.9292999497,-4584203.07657119,3855049.718407111,0.6512669482621731,-2.0210917291843655,16180.59210127499,0.0,1.1936819373518903,-0.21420188535093762,0.009337422170562389,-0.000631839224976022,-0.013580056566737001,0.0028126982391080365,-3.395065096159149e-05,-0.0024454191390044216,0.013637876015997216,295.0694685924128,0.1618232873493307,10063.789234108059,216.65,2.3526061794414233,0.005109895984174504,-0.00901833698201284,694.1822551750074,38990.431333829,9.74962944031617,679.2634899817596,0.7394353247214289,143.1416878140486,-51633.68149060528,5034.4597724520545,-8084.628572898789,-0.12117848929741987,-114.11939598657395,19.018409182878454,-0.7896410090333297,0.0769926873291046,0.12363933927750327,0.007542362377549078,-0.008860463567699976,-0.013367928589750253,2.7878164498332986e-10,0.007545267911703015,-0.008832412061880764,-0.013365674788518979,2.7878164498332986e-10,0.005631312052700228,-0.008301193997637612,-0.01528093361535255,2.7878164498332986e-10,0.0,0.0,0.0
2.5,693.5704854187015,-6.250070386889576,3.590418581573539,9.208754349690395e-06,-0.0027171062970801204,0.013731317515322312,0.6014466186450704,-0.5553093431402143,-0.5731062959901063,0.03798224026300357,-2216069.9758239756,-4584155.7812619,3855095.0085190968,0.651277597294434,-2.021091713269872,16166.23656331189,0.0,1.1936199279965185,-0.2155634491712966,0.009611632956825836,-0.0006034716217473764,-0.013659836475449515,0.0026478659948780867,-3.709872289498689e-05,-0.002626105887211667,0.01365229345097191,295.0694685924128,0.16218950327299034,10086.564200123477,216.65,2.350659802527427,0.005176671419954898,-0.009011077616167897,693.607938773314,39014.03404279939,9.749673942723094,678.5014227862829,0.8815242157574414,143.96872737780464,-51682.810348524414,5032.5136155417695,-8235.060335707927,-0.23306279013065076,-287.4859529246263,15.538792641964992,-0.7903923434301803,0.07696292448318677,0.12593991296401996,0.007545070373048514,-0.008855067418121742,-0.01336574926410149,2.7878164498332986e-10,0.007547601324432902,-0.008870263409766243,-0.01336368000511942,2.7878164498332986e-10,0.005631312052700228,-0.008301193997637612,-0.01528093361535255,2.7878164498332986e-10,0.0,0.0,0.0
2.6,692.9966662794412,-6.240260106484112,3.61570623164924,3.4376601738669717e-06,-0.0029916390824313117,0.013742419424787936,0.6013390102622288,-0.5556993241472887,-0.5728084368879155,0.038472497990520695,-2216047.000792401,-4584108.474190842,3855140.1873692092,0.6512882343924115,-2.0210916945489235,16151.79841705691,0.0,1.193561821701326,-0.2169349077212411,0.00986397402351885,-0.0005577193809482096,-0.013771239808760093,0.002392397169725579,-4.27860656671923e-05,-0.0029005983670506007,0.013663527468482171,295.0694685924128,0.1625578265695669,10109.470223647502,216.65,2.3487153618999304,0.005217447065625584,-0.009004381731052119,693.034193710649,39037.96893064889,9.749718697851241,677.7389239320975,1.0250610851766049,144.79391274429375,-51732.82581133076,5031.034767300289,-8320.19601433915,-0.4589289291598844,-334.4114653832391,11.384716750700992,-0.7911572367977945,0.07694030825316214,0.12724190463376617,0.007547468425637446,-0.0088854151036102,-0.013363846354266807,2.7878164498332986e-10,0.007549755790989234,-0.008927761421874833,-0.013362129886131953,2.7878164498332986e-10,0.005631312052700228,-0.008301193997637612,-0.01528093361535255,2.7878164498332986e-10,0.0,0.0,0.0
2.7,692.4235415019689,-6.230616589099746,3.6205014024400914,-6.407514667505091e-06,-0.003254815389556342,0.013750063810465715,0.601222643224244,-0.5560889906157843,-0.5725186440480158,0.038970750424167665,-2216024.0032603266,-4584061.155052856,3855185.2502396996,0.651298859033127,-2.0210916728804373,16137.274254518561,0.0,1.1935083348803948,-0.21831780482674135,0.010089562329497264,-0.0005173991088929656,-0.013875285178944496,0.0021462417012473025,-5.254963006806265e-05,-0.0031637343033582618,0.013671305440849463,295.0694685924128,0.1629283441783835,10132.512711436088,216.64999999999998,2.346772919319047,0.0052286905217729315,-0.00899790792593772,692.4610382105366,39062.25702407016,9.74976371611797,676.9759086521406,1.1691106248014904,145.61762661352213,-51783.80594451428,5029.620622699823,-8337.752084777047,-0.7140309441235833,-275.2193049079007,7.494791743189099,-0.7919368830024722,0.07691868154483932,0.12751039203917736,0.007549684733073617,-0.00893302509462786,-0.013362357199366617,2.7878164498332986e-10,0.007551854132882689,-0.008982880938745693,-0.013361062528536995,2.7878164498332986e-10,0.005631312052700228,-0.008301193997637612,-0.01528093361535255,2.7878164498332986e-10,0.0,0.0,0.0
2.8000000000000003,691.8510317991938,-6.22093161604648,3.6102913016551006,-2.004729312477028e-05,-0.0034432477861104293,0.013754982011381327,0.6010993746295359,-0.55647847063663,-0.5722350392959136,0.039474952947850715,-2216000.9851360004,-4584013.824969134,3855230.2067323085,0.6513094722397892,-2.021091648505909,16122.67135731224,0.0,1.193457888949774,-0.2197093624423783,0.010294591413175307,-0.0004954801541559035,-0.013949289513931176,0.0019700790730396546,-6.610933711367306e-05,-0.003352126370709624,0.013676358396655326,295.0694685924128,0.16330087034231167,10155.680111254576,216.64999999999998,2.344832294360312,0.00521825995187304,-0.008991356506377488,691.8884190352253,39086.84588646008,9.74980897527671,676.2123271718333,1.312887852313561,146.4401230395809,-51835.54047710373,5027.978093200073,-8309.444287707143,-0.9342358368577625,-159.36225424368817,4.464352748696085,-0.792728066341263,0.07689356211476758,0.12707747699619604,0.007551831999434703,-0.008980153651469985,-0.01336126839982628,2.7878164498332986e-10,0.007553969197536637,-0.0090223461275932,-0.01336037581814298,2.7878164498332986e-10,0.005631312052700228,-0.008301193997637612,-0.01528093361535255,2.7878164498332986e-10,0.0,0.0,0.0
2.9000000000000004,691.2791240646751,-6.211047858303602,3.591458269664348,-3.68048924697116e-05,-0.003524275731376531,0.01375793497905892,0.6009714971093708,-0.5568679715505616,-0.5719551389684465,0.03998258369754922,-2215977.945596256,-4583966.483537096,3855275.0520843253,0.6513200734871044,-2.021091621314109,16107.986262604594,0.0,1.1934083992149842,-0.22110627063741195,0.01048700232973121,-0.0004984667210822958,-0.013981908957804547,0.0018954025897973711,-8.278769252840167e-05,-0.0034331140734195423,0.013679446910816781,295.0694685924128,0.1636754933997138,10178.977916865171,216.64999999999998,2.3428935516843437,0.00519533402881518,-0.008984499458701244,691.3163552640899,39111.75702869171,9.749854485912625,675.4481275126284,1.4559173752001333,147.26159705337054,-51887.89343544875,5025.908697247472,-8258.384562059635,-1.0782925184920598,-31.55142152786207,2.698726218434709,-0.7935287073503874,0.07686191455718643,0.12629661357299427,0.007553977080348192,-0.00901424867341626,-0.013360542266492945,2.7878164498332986e-10,0.0075561363613058635,-0.009039316580765433,-0.013359963506073548,2.7878164498332986e-10,0.005631312052700228,-0.008301193997637612,-0.01528093361535255,2.7878164498332986e-10,0.0,0.0,0.0
3.0,690.7077704256114,-6.200877047092067,3.571512598247031,-5.5348621189163e-05,-0.003505204141070122,0.01376000305126237,0.6008419873801987,-0.5572577346463617,-0.5716757903856975,0.04049057031840532,-2215954.884769236,-4583919.130827749,3855319.7863062075,0.651330662765326,-2.0210915913215386,16093.219069503248,0.0,1.1933574364558819,-0.2225044783730357,0.010676870877827855,-0.0005240130061378327,-0.013976820045734676,0.001915779219305856,-0.00010125216236274361,-0.003414002334678128,0.013681650848335433,295.0694685924128,0.1640549517407855,10202.576428737111,216.64999999999998,2.3409566598654434,0.005170755160066186,-0.00897720836770114,690.744837624366,39137.6408367091,9.749900247726856,674.6832926717938,1.5980649352751994,148.08208863150546,-51941.54656149505,5023.423129611276,-8209.451817773592,-1.1339628142137523,70.05660361572883,2.2780293960069096,-0.7943492320034029,0.0768239024286764,0.12554827836896992,0.007556159311671851,-0.009029562389697003,-0.013360067873227117,2.7878164498332986e-10,0.007558367013389323,-0.009035322236232173,-0.013359674748720594,2.7878164498332986e-10,0.005631312052700228,-0.008301193997637612,-0.01528093361535255,2.7878164498332986e-10,0.0,0.0,0.0
3.1,690.136915716452,-6.190403398185988,3.5561723226785866,-7.43137097972111e-05,-0.0034185284003476336,0.013762225043834248,0.6007132539537731,-0.5576479541365773,-0.5713944438116941,0.0409964952187049,-2215931.8027822617,-4583871.76691531,3855364.409408629,0.6513412400644922,-2.021091558544281,16078.36987926159,0.0,1.1933031018490077,-0.2239008090718407,0.010872316254747372,-0.0005643690432649208,-0.013946947591296943,0.002000730630321529,-0.00012013733249475428,-0.0033272865124855827,0.013684008653185956,295.0694685924128,0.16443976313359088,10226.507846863089,216.65,2.33902153154963,0.005152804853438502,-0.00896945963664329,690.1738403405609,39164.61262112746,9.749946260413976,673.9178132405891,1.7394893420421003,148.90152251580955,-51996.525098880426,5020.571059499548,-8180.083516770596,-1.1124505652222285,124.87578132287997,3.0303590608995155,-0.7951900263547425,0.0767802853272836,0.1250991448931433,0.0075583960332759725,-0.009027023681283363,-0.013359709820826031,2.7878164498332986e-10,0.007560663281514854,-0.009017168911545624,-0.013359364500029922,2.7878164498332986e-10,0.005631312052700228,-0.008301193997637612,-0.01528093361535255,2.7878164498332986e-10,0.0,0.0,0.0
3.2,689.5665336964481,-6.179675980851639,3.5483056428194386,-9.26194233276865e-05,-0.0033063884601358955,0.013765421733097413,0.600586637670564,-0.5580387399601916,-0.5711096774281834,0.04149907342462683,-2215908.699743647,-4583824.391892635,3855408.9214092535,0.6513518053747022,-2.0210915229934647,16063.438804133795,0.0,1.1932443946370668,-0.2252935894954449,0.011077835910771166,-0.0006098210127209656,-0.013908575898897392,0.0021104503688788513,-0.00013836214042712273,-0.003215106511430657,0.013687340901240894,295.0694685924128,0.1648266965435953,10250.57123322548,216.65,2.3370881284832508,0.005145659123892219,-0.008961323451695594,689.6033521251894,39191.89714861847,9.749992523634877,673.1517080775819,1.8805166728945024,149.71976200027757,-52051.74312425684,5017.372228955715,-8177.467551117498,-1.0390436402221321,130.74047126324695,4.603164547111792,-0.7960344832289438,0.07673136517079975,0.12505913856978468,0.007560694826872212,-0.009012193714960598,-0.013359336696366188,2.7878164498332986e-10,0.007563026593375499,-0.00899368237738941,-0.01335891815800748,2.7878164498332986e-10,0.005631312052700228,-0.008301193997637612,-0.01528093361535255,2.7878164498332986e-10,0.0,0.0,0.0
3.3000000000000003,688.9966171965459,-6.168787669022202,3.547904083560586,-0.00010963212750636351,-0.0032062975434200705,0.01377008558926945,0.6004623273466853,-0.5584301123015137,-0.5708212839981058,0.04199820962741202,-2215885.575734153,-4583777.005877152,3855453.3223365974,0.6513623586864433,-2.021091484673247,16048.425971013494,0.0,1.1931812543007476,-0.22668272257624508,0.011294037014778699,-0.0006518389495617522,-0.013875988247164945,0.0022093617837629738,-0.00015529294501067167,-0.003114975506849565,0.013692140043985222,295.0694685924128,0.1652157486823962,10274.76638331855,216.64999999999998,2.3351564285210813,0.0051493325753061755,-0.008952933747630488,689.0333664438721,39219.491031218444,9.750039037005664,672.3850035121702,2.0215059611381765,150.53666055899834,-52107.20543494425,5013.992521535,-8199.527210814684,-0.9434426180027548,99.6377835779339,6.561043401618657,-0.7968826759920821,0.07667967883930281,0.12539649998658367,0.007563060465803072,-0.008992485606040955,-0.013358844159789239,2.7878164498332986e-10,0.007565459356759345,-0.008972719384813045,-0.013358266960839147,2.7878164498332986e-10,0.005631312052700228,-0.008301193997637612,-0.01528093361535255,2.7878164498332986e-10,0.0,0.0,0.0
3.4000000000000004,688.4272850564813,-6.157878891612775,3.552923805630561,-0.00012494592257494383,-0.003150380026078017,0.013776590005242877,0.6003395328604916,-0.5588221241084113,-0.5705298089167121,0.04249459527980741,-2215862.42574456,-4583729.606424654,3855497.5853757253,0.6513728970715871,-2.0210914429066715,16033.3116363585,0.0,1.193113924362725,-0.22806934116541727,0.011518847963965056,-0.0006830730320157209,-0.01386137950633165,0.0022669400232678025,-0.00017052405386937394,-0.003059017777003367,0.013698779605228452,295.0694685924128,0.16560743119674626,10299.125116450672,216.65,2.3332268031874883,0.005160882403997079,-0.008944492471339991,688.4639929221064,39247.526167996584,9.75008586086081,671.6176768927303,2.1628917152735427,151.35215182585824,-52163.13929840213,5010.677220968554,-8237.574343553923,-0.8587479995472752,53.09704178551924,8.335870069984779,-0.7977380802767456,0.07662897749070705,0.1259783600325791,0.007565509190525528,-0.008976224524674148,-0.013358127883694068,2.7878164498332986e-10,0.007567971201426125,-0.008961008047367127,-0.013357358773041901,2.7878164498332986e-10,0.005631312052700228,-0.008301193997637612,-0.01528093361535255,2.7878164498332986e-10,0.0,0.0,0.0
3.5,687.8582954688239,-6.147003594924314,3.5599652835385043,-0.00013933051809360416,-0.0031253412522108787,0.013784139907552805,0.6002172000979747,-0.5592144728986997,-0.5702369719413161,0.04298983863900602,-2215839.2606744478,-4583682.199235698,3855541.7682517883,0.6513834267922516,-2.0210913991337756,16018.13864915073,0.0,1.1930443836707023,-0.22945520044480333,0.011747327305735515,-0.0007069326436505504,-0.013859119232417184,0.0022955105365746117,-0.00018482557437028176,-0.00303393878619465,0.013706464685385222,295.0694685924128,0.16600063367078158,10323.578375866166,216.65,2.3312983756545,0.005175387900099383,-0.00893608130375482,687.8949728347285,39275.707899403715,9.750132864270174,670.8498485867243,2.3044867160006812,152.16608154332508,-52219.239612543795,5007.440207486795,-8280.844778226465,-0.7865243183956064,5.327178748577946,9.877838411974908,-0.7985960301146624,0.07657947339728974,0.1266401007551025,0.007568002110973803,-0.008964086433778384,-0.013357265699160877,2.7878164498332986e-10,0.007570531717974432,-0.0089557639388314,-0.013356304607813804,2.7878164498332986e-10,0.005631312052700228,-0.008301193997637612,-0.01528093361535255,2.7878164498332986e-10,0.0,0.0,0.0
3.6,687.289806036669,-6.136265530059996,3.566823662646476,-0.000152745790558451,-0.003137247775652742,0.013792739935326643,0.6000942856868257,-0.5596072102334018,-0.5699434768210891,0.04348476009367751,-2215816.074012208,-4583634.781127213,3855585.8362135985,0.6513939440557105,-2.0210913524750933,16002.881405414082,0.0,1.1929728810292732,-0.23084163834423338,0.011976799239280666,-0.0007219320377950389,-0.013871456080321557,0.002289254750208166,-0.0001981576071941232,-0.0030458050083287205,0.013715200082271091,295.0694685924128,0.16639601962227943,10348.16742573148,216.64999999999998,2.3293716446626935,0.005189647234943076,-0.008927849375879681,687.3264533448556,39304.208568154485,9.750180125475511,670.0814329070295,2.446502416740508,152.9784984428416,-52275.78532836702,5004.4586673766735,-8321.486842346265,-0.7437537523576997,-29.454611031085772,10.83269665763684,-0.7994607915418964,0.07653387629336333,0.12726164544442697,0.0075705580801943275,-0.008959422956121305,-0.013356221989554985,2.7878164498332986e-10,0.007573137352425145,-0.008958257635269716,-0.013355103817410473,2.7878164498332986e-10,0.005631312052700228,-0.008301193997637612,-0.01528093361535255,2.7878164498332986e-10,0.0,0.0,0.0
3.7,686.7217928751389,-6.125710247124533,3.5715905601491804,-0.00016566757223702264,-0.0031711109233018776,0.013801851468576194,0.5999699989433349,-0.5600002590820801,-0.5696501956846859,0.04398022848250675,-2215792.866542077,-4583587.352638545,3855629.7932772855,0.6514044492846413,-2.021091303023113,15987.542995222844,0.0,1.1929001724094164,-0.2322297872151967,0.012204491170619147,-0.0007316469470865679,-0.01389236822331351,0.002262242986248011,-0.00021099619428949988,-0.0030796277942425456,0.013724447297559927,295.0694685924128,0.16679862416081298,10373.205399479664,216.64999999999998,2.3274464969656736,0.005200881047173388,-0.008919863913717827,686.7584010369341,39334.20980792378,9.750227635038202,669.3124188597551,2.588840387301282,153.78942395154047,-52334.393309862906,5001.932683320675,-8354.078739970684,-0.7286833683484043,-45.523573664178514,11.140687939599855,-0.8003570914823576,0.07649524607097365,0.1277600778277762,0.007573153806640511,-0.008961150758835627,-0.013355048722317067,2.7878164498332986e-10,0.007575762728279112,-0.008965349916328514,-0.013353831607369596,2.7878164498332986e-10,0.005631312052700228,-0.008301193997637612,-0.01528093361535255,2.7878164498332986e-10,0.0,0.0,0.0
3.8000000000000003,686.1542350452422,-6.115350741763541,3.5734429720219922,-0.00017846888560666625,-0.0032106766024925936,0.013810957143398788,0.5998439457238043,-0.5603935855315529,-0.5693575430695823,0.04447665457498991,-2215769.6383087207,-4583539.913922404,3855673.639483421,0.6514149424694989,-2.021091250772591,15972.123565543443,0.0,1.1928265996229375,-0.2336201908231999,0.012429068214359278,-0.0007399115156540751,-0.013915381804908212,0.0022297844740534877,-0.0002237144475359566,-0.003119153072880106,0.013733689026328991,295.0694685924128,0.1672045447429642,10398.449597959807,216.64999999999998,2.3255228472174916,0.005207882547533653,-0.008912144812278672,686.1907907279801,39364.78215083861,9.750275392512938,668.5427727511322,2.7313729510933142,154.598905046162,-52393.846184993745,4999.74540647253,-8376.513448478692,-0.7363747469466064,-43.563306730317606,10.85513356400993,-0.8012663124976515,0.07646179574460636,0.1281031749177417,0.007575765725505344,-0.00896687490124172,-0.013353809984761664,2.7878164498332986e-10,0.007578374670730552,-0.008973636532800503,-0.013352560215319434,2.7878164498332986e-10,0.005631312052700228,-0.008301193997637612,-0.01528093361535255,2.7878164498332986e-10,0.0,0.0,0.0
3.9000000000000004,685.5871251058836,-6.105168461820847,3.5726368946380895,-0.00019144460108076495,-0.0032429784482802663,0.01381963226386562,0.5997161710928338,-0.5607871853596673,-0.5690654774734405,0.0449739864962543,-2215746.3893682472,-4583492.465122883,3855717.3748674244,0.6514254236003574,-2.021091195721043,15956.623258020729,0.0,1.192752135026234,-0.235012768807258,0.01265067398415601,-0.0007498448964611856,-0.013935317378358706,0.002204104691871187,-0.00023660720942837455,-0.0031514144998313677,0.013742500560493951,295.0694685924128,0.16761259445582408,10423.826207065487,216.65,2.3236006739401214,0.005211014655647201,-0.008904665770407359,685.6236160804839,39395.642656584,9.75032339747071,667.7724797321356,2.8739711379791277,155.4069913193019,-52453.7592081567,4997.819132834119,-8390.32682434492,-0.7576494260607891,-29.19340456394424,10.12117940499408,-0.8021825706202345,0.07643233697630634,0.1283144247791166,0.007578362273389826,-0.008973790915630475,-0.013352569378899186,2.7878164498332986e-10,0.00758094475979873,-0.0089804018155621,-0.013351348939998207,2.7878164498332986e-10,0.005631312052700228,-0.008301193997637612,-0.01528093361535255,2.7878164498332986e-10,0.0,0.0,0.0
4.0,685.0204531364395,-6.095122202279006,3.5700628710372686,-0.00020471669936939114,-0.0032600590278650692,0.013827579575388344,0.5995869906028327,-0.5611810740129272,-0.5687736751617829,0.04547188135951177,-2215723.119785164,-4583445.006377391,3855760.999461291,0.6514358926670867,-2.021091137868042,15941.04221033398,0.0,1.1926765100999783,-0.23640704871714038,0.012870370782946497,-0.0007633527890580496,-0.013948958993903795,0.0021927071744687865,-0.00024979636478303976,-0.003168454658097066,0.01375058459285442,295.0694685924128,0.16802276967494906,10449.335001392576,216.64999999999998,2.3216799579003538,0.00521156781982377,-0.008897367321588388,685.0568714193128,39426.78797205788,9.75037164949467,667.0015273605208,3.0165359455554963,156.21371991383128,-52514.10482345228,4996.080555212058,-8399.024552657584,-0.7861932366600575,-9.988587695313987,9.144230361033076,-0.803105444433937,0.07640574866905933,0.1284474403372336,0.007580919924748629,-0.008979445649088364,-0.01335138454002127,2.7878164498332986e-10,0.007583444264703464,-0.008983979163784944,-0.013350239285976182,2.7878164498332986e-10,0.005631312052700228,-0.008301193997637612,-0.01528093361535255,2.7878164498332986e-10,0.0,0.0,0.0
4.1000000000000005,684.4542079425964,-6.0851571908020885,3.5668767902807614,-0.00021838083739340527,-0.0032613487600601657,0.013834700644279125,0.599456859317288,-0.5615752736807861,-0.568481672377551,0.04596985103843178,-2215699.829630473,-4583397.537818302,3855804.513294378,0.651446349659388,-2.0210910772147406,15925.380557212979,0.0,1.1925993412475013,-0.2378023566994511,0.013089682693239638,-0.0007807110575206026,-0.013956000868704674,0.0021961171651779755,-0.000263377447386374,-0.003169703974080128,0.013757842618048846,295.0694685924128,0.16843506685354184,10474.975760365778,216.64999999999998,2.3197606799026103,0.005211224447801109,-0.008890169979400042,684.4905510804374,39458.21477180864,9.750420148176993,666.2299097064529,3.1590308520576986,157.01910273942377,-52574.85079141016,4994.44309588345,-8406.615403874783,-0.8131995176241416,7.392567885814647,8.132651512798919,-0.804034440896095,0.0763807067778138,0.12856352827134035,0.007583410860613549,-0.008982582517689547,-0.013350288323807358,2.7878164498332986e-10,0.0075858694586785035,-0.008984249284664224,-0.013349244997188939,2.7878164498332986e-10,0.005631312052700228,-0.008301193997637612,-0.01528093361535255,2.7878164498332986e-10,0.0,0.0,0.0
4.2,683.8883791428018,-6.0752188534012,3.5640775404333196,-0.0002323669406893672,-0.003250231241397344,0.013841037927477196,0.5993261838409129,-0.5619698058883318,-0.568189053452997,0.04646744795033947,-2215676.5189761287,-4583350.059577772,3855847.9163956614,0.6514567945668921,-2.0210910137624767,15909.638433326967,0.0,1.1925202645666828,-0.2391980750080744,0.013309983650229382,-0.0008011497992872842,-0.013957727905738387,0.002211132615977012,-0.0002772802779829668,-0.00315854604526593,0.013764317031391306,295.0694685924128,0.16884948244639883,10500.748263508898,216.64999999999998,2.3178428207580533,0.0052114429537238535,-0.008882994283450461,683.9246494018179,39489.919738959135,9.750468893110062,665.4576235339457,3.301460838317758,157.8231343193319,-52635.96974916148,4992.821883650689,-8416.362226777252,-0.8356442709992644,18.421046854565787,7.277799351018462,-0.8049691415425829,0.07635591335564484,0.12871258777764294,0.007585834105286086,-0.008982867554877145,-0.013349298746591626,2.7878164498332986e-10,0.007588218931650237,-0.008981920837000407,-0.013348360145529436,2.7878164498332986e-10,0.005631312052700228,-0.008301193997637612,-0.01528093361535255,2.7878164498332986e-10,0.0,0.0,0.0
4.3,683.3229557635696,-6.065262253903149,3.562228517654862,-0.0002466307254823163,-0.003232926655266967,0.013846781571884724,0.5991952122310057,-0.5623646795911279,-0.567895570739969,0.04696439208105111,-2215653.1878920393,-4583302.571790382,3855891.208794956,0.6514672273792095,-2.0210909475120205,15893.815974880941,0.0,1.1924390526380197,-0.24059380836766922,0.013532107720289321,-0.0008232733523842674,-0.0139566112301299,0.0022318878435899506,-0.00029146051617840195,-0.003141201051003225,0.013770197944829098,295.0694685924128,0.16926859251634652,10526.812716153101,216.64999999999998,2.315926351879355,0.005213049288991323,-0.008875774649905303,683.3591579482065,39522.501556074196,9.750517883881567,664.6846673776781,3.4438696911317828,158.62579280060686,-52698.24872670737,4991.2280793268565,-8429.993340860196,-0.8505382387018349,21.95239055469509,6.701818835052177,-0.8059215825317044,0.07633153908640546,0.12892105028444023,0.007588187634253784,-0.00898096316545307,-0.013348406805881287,2.7878164498332986e-10,0.007590514595748635,-0.008978296572956367,-0.013347558181481636,2.7878164498332986e-10,0.005631312052700228,-0.008301193997637612,-0.01528093361535255,2.7878164498332986e-10,0.0,0.0,0.0
4.4,682.7579101135375,-6.055256432867729,3.5614924005439303,-0.0002610524609491146,-0.003215590765195974,0.013852188953032057,0.5990640321361046,-0.5627598963459745,-0.5676011390880281,0.04746056852708856,-2215629.836445064,-4583255.074595105,3855934.3905227096,0.6514776480857782,-2.0210908784632267,15877.913320556283,0.0,1.1923556032462392,-0.24198938934138076,0.01375635919584014,-0.0008455980907506359,-0.013955162684052393,0.0022525955925721815,-0.00030579841772658095,-0.0031238247490574587,0.013775742727425742,295.0694685924128,0.16969386786258472,10553.26058729148,216.65,2.3140111813871433,0.005216285370597357,-0.008868465990691122,682.7940496088057,39556.29512339045,9.750567120071633,663.9110218795659,3.5863144924060246,159.42704756079237,-52762.134562996194,4989.661126017298,-8447.800631499194,-0.8578979029343053,19.079524909204892,6.470637548577569,-0.8068985974330964,0.07630757545342892,0.12919337963501903,0.007590493622211748,-0.008977914594617041,-0.013347591559612241,2.7878164498332986e-10,0.007592779849194568,-0.008974665752630335,-0.013346803168642186,2.7878164498332986e-10,0.005631312052700228,-0.008301193997637612,-0.01528093361535255,2.7878164498332986e-10,0.0,0.0,0.0
4.5,682.193382088017,-6.045182892734154,3.56164292155813,-0.0002756557826425213,-0.0032045205389529723,0.01385765715000784,0.5989323162467961,-0.5631556014014119,-0.5673056410498822,0.04795589652864573,-2215606.4559878022,-4583207.564234338,3855977.4140685964,0.6514880514403034,-2.021090805407911,15861.89597619325,0.0,1.1922692942866322,-0.243384993096331,0.01398271312311116,-0.0008667335504317723,-0.013956076836572637,0.002267387295297789,-0.00032031763050939684,-0.0031127140161827994,0.01378134851569728,295.0694685924128,0.17012221029717087,10579.899200635145,216.65,2.312097778848019,0.0052208225044817706,-0.008861039182792867,682.229462938383,39590.58900809408,9.750616707089506,663.1365491325662,3.7289880391933004,160.22698955208648,-52826.68298904553,4988.007349220336,-8468.477533115856,-0.8440772451809834,13.179986953535456,6.595325436013656,-0.8078857454110375,0.07628228401689043,0.12950959434187145,0.007592802915558518,-0.008975187362087998,-0.013346811672681543,2.7878164498332986e-10,0.007595072609797236,-0.008972347209867762,-0.013346039664311186,2.7878164498332986e-10,0.005631312052700228,-0.008301193997637612,-0.01528093361535255,2.7878164498332986e-10,0.0,0.0,0.0
4.6000000000000005,681.6290414873523,-6.0350753742224486,3.562204701948741,-0.0002897966357022822,-0.003196747514008736,0.013863189388391824,0.5988004336175635,-0.5635514785500733,-0.567009711067813,0.048450866294241716,-2215583.065139373,-4583160.049167206,3856020.3808662533,0.6514984486006203,-2.021090730915682,15845.837945309468,0.0,1.1921816736743,-0.24478067674048568,0.01421009080016172,-0.0008866943452089228,-0.013958264258687814,0.0022790793165567503,-0.00033437418366894135,-0.0031049005684036096,0.013787018479207236,295.0694685924128,0.1705516407874894,10606.60548015804,216.64999999999998,2.3101850179032133,0.005225969048041919,-0.008853547765901016,681.6650655828548,39624.88194613135,9.750666418804025,662.3615710398901,3.871606310892329,161.02536432684238,-52891.24705736122,4986.269088481387,-8490.45129602164,-0.865944108177342,5.961646311049554,6.903300083268099,-0.8088731326083146,0.07625570055578053,0.12984564212719815,0.007595051055418725,-0.00897268837514634,-0.013346041443827837,2.7878164498332986e-10,0.007597325882665283,-0.008970719231330363,-0.01334526721811274,2.7878164498332986e-10,0.005631312052700228,-0.008301193997637612,-0.01528093361535255,2.7878164498332986e-10,0.0,0.0,0.0
4.7,681.0650806404707,-6.024938329982091,3.5628600825043093,-0.000304352853977889,-0.003194889091990418,0.013869057551606908,0.5986679214695061,-0.5639476808503129,-0.5667132023780832,0.048945438748467185,-2215559.6529546445,-4583112.524615995,3856063.2307687243,0.6515088329265959,-2.021090653459209,15829.695546033792,0.0,1.1920920382571714,-0.24617673041333654,0.014438348113183676,-0.0009057623827499759,-0.013962944489138285,0.002285275364754474,-0.0003488459257992205,-0.003103001700510149,0.013793024570634225,295.0694685924128,0.17098332749216952,10633.452073638055,216.65,2.3082735448536655,0.005231258631855644,-0.008845995646460133,681.1010482458961,39659.46636546515,9.750716388698834,661.5858669437091,4.01436173348052,161.82229841662092,-52956.21991033653,4984.487447688046,-8512.509902270418,-0.8447095469675976,0.12425588400787704,7.371344257950022,-0.8098667714057443,0.07622845367751861,0.13018298743346543,0.007597349489320899,-0.008971245706046438,-0.013345253384873664,2.7878164498332986e-10,0.007599669556431754,-0.008970330004333029,-0.013344447867959559,2.7878164498332986e-10,0.005631312052700228,-0.008301193997637612,-0.01528093361535255,2.7878164498332986e-10,0.0,0.0,0.0
4.800000000000001,680.5014754028822,-6.014799834591762,3.563298771455192,-0.000318654508290506,-0.0031970245330235386,0.013875326436731773,0.5985346776547644,-0.5643441946658869,-0.5664162744962334,0.049439769501875244,-2215536.2206500694,-4583064.991248068,3856105.9701288315,0.6515192051034642,-2.0210905731964868,15813.473526892252,0.0,1.1920005599600136,-0.24757334798368177,0.014667027063426336,-0.0009237011768349987,-0.013969469251787416,0.0022878334820895653,-0.0003630629609816509,-0.0031050966830542285,0.013799431604171764,295.0694685924128,0.17141714342416797,10660.431083751762,216.64999999999998,2.306363273219732,0.0052362358258137755,-0.008838424272773178,680.537385410004,39694.30791974535,9.750766602267547,660.8094582288999,4.157227843509356,162.61777584425087,-53021.563877414315,4982.707668511797,-8533.66646386779,-0.8271827369613722,-3.176965964473176,7.873080708287876,-0.8108660857023035,0.07620123526922352,0.13050653764652673,0.007599684891790016,-0.008970801837121808,-0.01334442489092699,2.7878164498332986e-10,0.007602042523656042,-0.008970777250057151,-0.013343572566472693,2.7878164498332986e-10,0.005631312052700228,-0.008301193997637612,-0.01528093361535255,2.7878164498332986e-10,0.0,0.0,0.0
4.9,679.9382178078263,-6.0046885164759525,3.563348482367524,-0.00033272312348122887,-0.003200812452332475,0.013881978227946146,0.5984006278005727,-0.5647410176861754,-0.5661190000955775,0.04993395567715095,-2215512.7682866156,-4583017.449212744,3856148.5989793115,0.6515295651202967,-2.021090490125443,15797.172033320181,0.0,1.191907320739428,-0.24897067015953436,0.01489587774467433,-0.0009410681092765597,-0.013976957104037875,0.002288987038272659,-0.00037704682944308347,-0.003108844134781766,0.013806221774657363,295.0694685924128,0.17185428310335213,10687.61679768228,216.64999999999998,2.3044541737898996,0.0052406465282713215,-0.008830875824616969,679.9740684557535,39729.67992735284,9.750817059069645,660.0323386644106,4.30018800707869,163.4117986116656,-53087.648111341936,4981.010930327637,-8553.507090080437,-0.8135030364669416,-3.724038469814301,8.302847595587847,-0.8118767210018472,0.07617528681826813,0.13080996307834022,0.0076020524456481674,-0.008971072909897513,-0.013343546615203924,2.7878164498332986e-10,0.007604444550856456,-0.00897157059002204,-0.013342643801209924,2.7878164498332986e-10,0.005631312052700228,-0.008301193997637612,-0.01528093361535255,2.7878164498332986e-10,0.0,0.0,0.0
5.0,679.3752855391015,-5.994628051575227,3.562976008509355,-0.000346522468471885,-0.0032040262040095844,0.013888919967198769,0.5982657524820221,-0.5651381532103563,-0.5658213922029531,0.05042803371597815,-2215489.295926948,-4582969.898659507,3856191.117351732,0.6515399129659323,-2.0210904042442914,15780.791210748255,0.0,1.1918123482426286,-0.2503687583528449,0.015124842588707757,-0.0009583412222643696,-0.01398449833150193,0.0022908342272225574,-0.0003907613004258482,-0.003112017413742333,0.013813302128357465,295.0694685924128,0.1722992875333759,10715.291620418613,216.64999999999998,2.302546171036672,0.005244440618812303,-0.008823385509063456,679.4110750972857,39766.62464523549,9.750867758664615,659.2544874588664,4.443225296369298,164.2043670891193,-53155.867079448624,4979.563655881129,-8572.268153830382,-0.8045177413277727,-2.071462221803026,8.592311170448047,-0.8129200030854766,0.07615315345064265,0.13109687861258779,0.007604464000509911,-0.008971652675145079,-0.013342621730503193,2.7878164498332986e-10,0.007606858864530875,-0.008972243676599325,-0.013341674551563739,2.7878164498332986e-10,0.005631312052700228,-0.008301193997637612,-0.01528093361535255,2.7878164498332986e-10,0.0,0.0,0.0
5.1000000000000005,678.8126607354511,-5.984631214751225,3.562309098328133,-0.00036020933631357715,-0.0032054552890118226,0.013896027448000408,0.5981301068767229,-0.5655356020565522,-0.5655233958251115,0.050921971131064316,-2215465.8036361164,-4582922.339737823,3856233.525275872,0.6515502486288878,-2.0210903155516684,15764.331204338,0.0,1.1917156299157925,-0.2517675697893572,0.015354091382168759,-0.0009759576931520195,-0.0139915293585302,0.00229448972071876,-0.00040436315087185405,-0.003113406025860512,0.01382054845027749,295.0694685924128,0.17274644308607304,10743.100221460632,216.65,2.3006392070647963,0.005247804884866029,-0.008815972522465701,678.8483882514794,39803.81514380366,9.750918700612779,658.4758909916521,4.58632706414655,164.99548158052846,-53224.44526768173,4978.220697493047,-8590.184177338491,-0.7969745195461314,0.6414504939892487,8.700820042197703,-0.8139687787720199,0.07613261540287923,0.13137087082992333,0.007606879513647392,-0.008972176176092085,-0.013341656387159168,2.7878164498332986e-10,0.007609284541511699,-0.008972542983462284,-0.013340682160031652,2.7878164498332986e-10,0.005631312052700228,-0.008301193997637612,-0.01528093361535255,2.7878164498332986e-10,0.0,0.0,0.0
5.2,678.2503367601971,-5.974706611671131,3.561495856932769,-0.00037381409383087307,-0.0032044303091578975,0.013903141064956308,0.5979937510555543,-0.5659333668994887,-0.5652249465261199,0.0514157190629365,-2215442.291479918,-4582874.772597607,3856275.8227809845,0.651560572097543,-2.021090224046306,15747.792159509845,0.0,1.1916171306622203,-0.2531670405804819,0.015583825378873161,-0.0009941012552486072,-0.013997653533573321,0.002300537143994342,-0.00041788272992351666,-0.0031123405761391237,0.013827801124764758,295.0694685924128,0.17319574581092545,10771.042355125635,216.64999999999998,2.2987332622615577,0.0052509566610985945,-0.008808649830327935,678.2860021312214,39841.24798308094,9.750969884473681,657.6965440966837,4.7294835233591765,165.78514253422472,-53293.37431940118,4976.989797487205,-8607.821279927874,-0.7918440768164828,3.3144676371793054,8.634567169795686,-0.8150229202622283,0.0761137910794033,0.13164059747119794,0.007609289902238227,-0.00897235398074156,-0.013340674825540124,2.7878164498332986e-10,0.007611702476688222,-0.008972328312183673,-0.013339688911730803,2.7878164498332986e-10,0.005631312052700228,-0.008301193997637612,-0.01528093361535255,2.7878164498332986e-10,0.0,0.0,0.0
5.300000000000001,677.6883076631789,-5.964850937910026,3.560691227435225,-0.00038736927201887404,-0.0032012930116691865,0.013910130520952019,0.5978567510850781,-0.5663314490109573,-0.5649259781296728,0.05190921399406127,-2215418.7595248697,-4582827.197388654,3856318.0098960656,0.6515708833602244,-2.0210901297270714,15731.174221690744,0.0,1.1915168024886063,-0.2545670814290285,0.01581426356601287,-0.0010127195445382277,-0.014002875534224052,0.002308601644835838,-0.000431352551844136,-0.0031091628138226433,0.013834929844363417,295.0694685924128,0.17364719175723792,10799.117775719911,216.64999999999998,2.296828319113408,0.00525412408897227,-0.008801412858318335,677.723911568798,39878.919803028395,9.75102130980682,656.9164443727798,4.8726939584241356,166.57334725099054,-53362.64627020786,4975.8622298737755,-8625.710469872076,-0.7892001997898809,5.154727450994557,8.42751661677651,-0.8160823057554485,0.0760965470324495,0.13191417931914148,0.00761168567320926,-0.008972093777737632,-0.013339693988764462,2.7878164498332986e-10,0.0076140978837890595,-0.008971671238134162,-0.013338712999570415,2.7878164498332986e-10,0.005631312052700228,-0.008301193997637612,-0.01528093361535255,2.7878164498332986e-10,0.0,0.0,0.0
5.4,677.1265677526039,-5.95505010630612,3.5599966013892907,-0.0004009878063673286,-0.00319717861942833,0.013916924567207131,0.5977191561766184,-0.5667298443261746,-0.5646264491349714,0.05240240569310511,-2215395.207837564,-4582779.61426119,3856360.086650092,0.6515811824052136,-2.0210900325928094,15714.477536634542,0.0,1.1914146136484633,-0.2559676123108079,0.016045557352441904,-0.0010316512352020481,-0.014007548910819236,0.0023175683439192463,-0.00044488554290794517,-0.0031050079632333263,0.013841863353188183,295.0694685924128,0.1741007769654347,10827.326236997475,216.64999999999998,2.2949243597140043,0.005257456981337737,-0.00879424109393696,677.1621112805946,39916.82723542204,9.751072976170741,656.1355920886778,5.015966484911743,167.36008980476234,-53432.254998846074,4974.815565028145,-8644.14358634383,-0.7860347436266805,5.962503438040745,8.130364682696682,-0.817146841638473,0.07608054024267655,0.13219607951045426,0.007614042382847239,-0.008971520331622906,-0.013338720826918431,2.7878164498332986e-10,0.007616472641184594,-0.008970809521838305,-0.01333776437175694,2.7878164498332986e-10,0.005631312052700228,-0.008301193997637612,-0.01528093361535255,2.7878164498332986e-10,0.0,0.0,0.0
5.5,676.5651091933835,-5.945292089652925,3.559451900773095,-0.0004143276695226276,-0.003192870030562484,0.013923447433912372,0.5975809750956428,-0.5671285589328516,-0.5643263441385805,0.05289525791477113,-2215371.6364841075,-4582732.023366492,3856402.0530723487,0.6515914692207588,-2.021089932642189,15697.702250861563,0.0,1.1913105091106786,-0.2573685881684014,0.016277771410687952,-0.0010503594914171278,-0.014011892879905327,0.0023266579260317224,-0.0004581396731112821,-0.0031006589207604562,0.01384852588280147,295.0694685924128,0.1745574866348456,10855.729008498516,216.64999999999998,2.29302135786519,0.0052610148121950895,-0.008787117032609804,676.6005935363345,39955.19304314225,9.751124883121644,655.353981080805,5.1593080858967735,168.14536310505753,-53502.49880795888,4973.848451427353,-8663.270287510835,-0.7927633985024621,5.750765712607487,7.834379242916864,-0.8182210898947448,0.07606575004105752,0.13248858678812614,0.007616437211590302,-0.008970736626566219,-0.013337779681104231,2.7878164498332986e-10,0.0076187803523929485,-0.00896990713309642,-0.01333685360775154,2.7878164498332986e-10,0.005631312052700228,-0.008301193997637612,-0.01528093361535255,2.7878164498332986e-10,0.0,0.0,0.0
5.6000000000000005,676.0039123122855,-5.935559279282102,3.5590347951800188,-0.00042760563541275253,-0.003189076665766996,0.013929722041616494,0.597442208738549,-0.5675275788094291,-0.5640256754903724,0.05338777306523142,-2215348.045530365,-4582684.424857488,3856443.9091917505,0.651601743794929,-2.0210898298736955,15680.848511763848,0.0,1.1912045117187944,-0.25876999069960926,0.01651088326260802,-0.0010688893111317382,-0.014016191583771117,0.0023351973327389096,-0.00047133172137000314,-0.0030968251101329905,0.013854940355698944,295.0694685924128,0.1750225939272557,10884.654028121666,216.64999999999998,2.2911192459776815,0.005264765258723952,-0.008780015013333564,676.039338392484,39995.21690934092,9.751177030213034,654.5715955625748,5.302728540041986,168.9291569082097,-53574.98713958161,4973.084730379572,-8683.230235356092,-0.8080603514991024,4.893270905183182,7.584505666522346,-0.8193296639431812,0.07605407034979049,0.1327938370221163,0.007618804864604906,-0.008969905727070385,-0.013336873119849572,2.7878164498332986e-10,0.0076210469182391135,-0.008969112652631494,-0.013335977507241876,2.7878164498332986e-10,0.005631312052700228,-0.008301193997637612,-0.01528093361535255,2.7878164498332986e-10,0.0,0.0,0.0
5.7,675.4429564474574,-5.9258370990994145,3.5586770388987,-0.0004400113019535885,-0.0031860489778857866,0.013935807469418927,0.5973028076224949,-0.5679269225267434,-0.5637244799224747,0.053879944243961954,-2215324.435042043,-4582636.818889268,3856485.6550365537,0.6516120061155303,-2.0210897242856,15663.91646783799,0.0,1.1910965525529602,-0.2601718322382598,0.016744802585051947,-0.001086372111876481,-0.014020592717302027,0.0023429689830362123,-0.000483651295255327,-0.0030937569794345083,0.013861165866165231,295.0694685924128,0.17548986217317236,10913.713437429951,216.64999999999998,2.289217952383096,0.005268607922170275,-0.008772913794237905,675.4783247018916,40035.46456869131,9.751229416995086,653.7884205620454,5.44623445666142,169.7114619857644,-53647.80335683874,4972.319459779947,-8703.451977495191,-0.8541744381045497,3.887512000630069,7.441347604330449,-0.8204432523918255,0.0760423669610135,0.13310309091233205,0.007621308416156492,-0.008969152679957943,-0.013335986238077172,2.7878164498332986e-10,0.007623195722613725,-0.008968478535164495,-0.013335127821229515,2.7878164498332986e-10,0.005631312052700228,-0.008301193997637612,-0.01528093361535255,2.7878164498332986e-10,0.0,0.0,0.0
5.800000000000001,674.8822375908951,-5.9161161090715915,3.5583246043643673,-0.00045418862874432804,-0.003183877375912505,0.013941823071122687,0.5971628212916928,-0.5683265053279652,-0.5634227770626644,0.05437186053623767,-2215300.8050852884,-4582589.205617991,3856527.2906346014,0.6516222561702052,-2.02108961587616,15646.906268233433,0.0,1.1909869052901885,-0.2615741250309085,0.01697945306386604,-0.0011054369014176254,-0.01402524147108366,0.0023499270254447847,-0.0004977423619249734,-0.0030915449580368065,0.013867321748132506,295.0694685924128,0.17595928725656548,10942.90698044749,216.64999999999998,2.28731746225512,0.005272463007089996,-0.008765799454278833,674.9175480897644,40075.93270518323,9.75128204301592,653.0044521701926,5.589828408456257,170.49227189921675,-53720.94498458509,4971.556259275444,-8723.735081585353,-0.8525238244080258,3.0837190872346305,7.33716368218559,-0.8215618173879409,0.07603069523048661,0.1334132832193245,0.007623441505335132,-0.008968549085375808,-0.013335131900034252,2.7878164498332986e-10,0.007625520305253256,-0.008968023715910777,-0.013334287884779762,2.7878164498332986e-10,0.005631312052700228,-0.008301193997637612,-0.01528093361535255,2.7878164498332986e-10,0.0,0.0,0.0
5.9,674.3217511548214,-5.906393829514082,3.557927739918009,-0.00047041036419697216,-0.003182358971459607,0.013947843829518452,0.5970222299842779,-0.5687263205794291,-0.563120590706826,0.054863542503391205,-2215277.155726329,-4582541.585200277,3856568.8160139937,0.6516324939465835,-2.0210895046436095,15629.818062623031,0.0,1.1908755925006658,-0.2629768894228991,0.01721476435617413,-0.0011264110968884898,-0.014030132535540188,0.0023562943135632614,-0.0005138776758656871,-0.0030899861593598724,0.013873482987341298,295.0694685924128,0.17643086504696093,10972.234400300118,216.65,2.285417759083833,0.005276256798057585,-0.008758668354251842,674.3570036845296,40116.617948266845,9.751334907822104,652.219687859766,5.733509486428351,171.27158189249607,-53794.40931463681,4970.791790212486,-8743.910190577924,-0.7769029647324485,2.7129651542159374,7.271348191331761,-0.8226853175148988,0.07601900409972037,0.13372182394240173,0.0076252378512095586,-0.008968108224570292,-0.013334300045003501,2.7878164498332986e-10,0.007628059697877259,-0.008967705702025815,-0.013333447228319978,2.7878164498332986e-10,0.005631312052700228,-0.008301193997637612,-0.01528093361535255,2.7878164498332986e-10,0.0,0.0,0.0
6.0,673.7615253339891,-5.8966803919661155,3.5574571469647105,-0.0004843595539137584,-0.003180894142611147,0.013953851899126284,0.5968808008365781,-0.5691265551881545,-0.5628178764075893,0.05535483345690925,-2215253.484066662,-4582493.956742658,3856610.214275895,0.6516427175337292,-2.0210893901515563,15612.63995697815,0.0,1.1907619439125507,-0.264380188177087,0.017450770021424637,-0.0011451268716618397,-0.014035025588989206,0.0023626502261101727,-0.0005277402788713795,-0.0030884809019949503,0.013879631799423763,295.0694685924128,0.17690492378009448,11001.716109966203,216.64999999999998,2.283518938192273,0.0052799454333420795,-0.008751535131438275,673.7967196131049,40157.59631556705,9.751388047763081,651.434058325682,5.877317680317147,172.04942358029453,-53868.29838845161,4970.017063929082,-8763.922436871684,-0.7302423765588678,2.7481598225779518,7.3780180576400705,-0.8238153133067788,0.07600715610386784,0.1340278739837745,0.00762765765391365,-0.008967745916578347,-0.013333454614939873,2.7878164498332986e-10,0.007630359338379283,-0.00896739890898921,-0.013332608343549213,2.7878164498332986e-10,0.005631312052700228,-0.008301193997637612,-0.01528093361535255,2.7878164498332986e-10,0.0,0.0,0.0
6.1000000000000005,673.2014837710647,-5.886976197240521,3.55693528860866,-0.0004966678392410262,-0.0031793259213936283,0.01395990736346779,0.5967387790012456,-0.5695270694117128,-0.562514773380024,0.05584585986281301,-2215229.7963380115,-4582446.322585661,3856651.520674289,0.6516529308705928,-2.0210892733020698,15595.397161978297,0.0,1.190646561868615,-0.2657839401791601,0.017687353328832173,-0.0011622590665301257,-0.014039919518877678,0.00236916010248317,-0.0005399618220103628,-0.00308687228665786,0.013885828218478264,295.0694685924128,0.17738278070857436,11031.434029377262,216.64999999999998,2.2816207412276284,0.005283562612063382,-0.008744401374359431,673.2366196434633,40199.155031976996,9.751441385804867,650.6477191824475,6.0211574141568285,172.82572609530695,-53942.999751126,4969.286530522188,-8783.926888867036,-0.7573346317066321,3.001567542912806,7.565770521495695,-0.8249577315441672,0.075995983955768,0.1343338048258672,0.007630256128550612,-0.008967408026033677,-0.013332607271345723,2.7878164498332986e-10,0.007632493761328669,-0.008967070461505466,-0.013331762841225241,2.7878164498332986e-10,0.005631312052700228,-0.008301193997637612,-0.01528093361535255,2.7878164498332986e-10,0.0,0.0,0.0
6.2,672.6416381661612,-5.8772860782420535,3.5563653208454604,-0.0005098559802156556,-0.0031774911676563772,0.013966107377176048,0.5965961212827054,-0.5699278404156962,-0.5622111816678984,0.05633663901535329,-2215206.0891681267,-4582398.681669532,3856692.7155645695,0.6516631317376049,-2.0210891535891813,15578.075835444964,0.0,1.1905294281922163,-0.2671881846578713,0.01792460963711303,-0.0011803806234154989,-0.014044843873731352,0.002376018938735894,-0.0005530630576726485,-0.003084997161636249,0.013892169399310084,295.0694685924128,0.17786836709138285,11061.632643504956,216.65,2.279723208037434,0.00528711275262035,-0.008737274119674829,672.6767155333963,40242.181213969445,9.751494964249678,649.8605471224967,6.165082878016509,173.60051440529907,-54019.70420490304,4968.740842775529,-8804.139158422639,-0.7797757899594085,3.395736073490125,7.700509444997501,-0.826130783329926,0.07598763867783219,0.13464291385055768,0.007632550866106765,-0.008967057823961748,-0.013331753030327142,2.7878164498332986e-10,0.007634740505445038,-0.008966686191581327,-0.013330897156002218,2.7878164498332986e-10,0.005631312052700228,-0.008301193997637612,-0.01528093361535255,2.7878164498332986e-10,0.0,0.0,0.0
6.300000000000001,672.0819711122248,-5.867621462736274,3.5557658356565187,-0.0005235907423652682,-0.00317538797401165,0.013972351865847643,0.5964527894451943,-0.57032892703102,-0.5619071000534721,0.05682711658929119,-2215182.3628659635,-4582351.034239669,3856733.800346535,0.6516733202758223,-2.021089031046468,15560.677106521092,0.0,1.1904103576815626,-0.2685929221833967,0.01816257250371673,-0.00119915082661671,-0.0140497044737843,0.002383193238586695,-0.0005667107482852015,-0.003082853608322115,0.013898555284276682,295.0694685924128,0.1783561233742143,11091.966203701588,216.65,2.2778262803008333,0.0052906234839019085,-0.008730170616684586,672.1169900741993,40285.40891164617,9.751548779651047,649.0725390897879,6.309091321403444,174.37378024418385,-54096.71393453511,4968.21135970749,-8824.350799963795,-0.6563936926621893,3.819277903666781,7.896679311382598,-0.8273085037414196,0.0759795412202804,0.13495201327093667,0.00763537379653784,-0.008966676143046122,-0.013330864372662033,2.7878164498332986e-10,0.007637050701473355,-0.008966245699734436,-0.013330025260902835,2.7878164498332986e-10,0.005631312052700228,-0.008301193997637612,-0.01528093361535255,2.7878164498332986e-10,0.0,0.0,0.0
6.4,671.5224780480338,-5.857983988492705,3.5551571941504627,-0.0005362943750712049,-0.003172928791659189,0.013978751770011913,0.5963088518341609,-0.5707302622030805,-0.5616025125901657,0.05731734679399629,-2215158.61750019,-4582303.380456882,3856774.775046568,0.6516834964721901,-2.021088905672235,15543.201127672568,0.0,1.1902895612698177,-0.26999814127118765,0.01840127224386682,-0.0012170263530373383,-0.014054572152256072,0.002390807408377715,-0.0005793271410210064,-0.0030803540953361404,0.013905096792516952,295.0694685924128,0.17884604528283735,11122.434444152732,216.64999999999998,2.2759299429717617,0.005294125060501279,-0.008723093426966491,671.5574388262381,40328.83475876484,9.751602831546977,648.2836900827588,6.453181487663862,175.1455182680174,-54174.023771941145,4967.7477241603265,-8844.643558627335,-0.7665317539202727,4.107355073341091,7.9109262059173995,-0.8284908137424722,0.07597245077794283,0.1352623532266507,0.0076373479676193215,-0.008966218701580255,-0.013329999993252052,2.7878164498332986e-10,0.00763927461797528,-0.008965730649786948,-0.013329131665707006,2.7878164498332986e-10,0.005631312052700228,-0.008301193997637612,-0.01528093361535255,2.7878164498332986e-10,0.0,0.0,0.0
6.5,670.9631543041892,-5.848379372202211,3.5545557815972697,-0.000548936340841907,-0.0031702136620981977,0.013985252499765557,0.5961643240127364,-0.5711318381661966,-0.5612974088959696,0.05780733347327388,-2215134.853139734,-4582255.720482329,3856815.6396911787,0.6516936603136277,-2.0210887774648048,15525.648051789962,0.0,1.1901670615400746,-0.27140383831185166,0.018640739543370678,-0.0012349470122829352,-0.014059433267533209,0.002398744243952098,-0.0005918816959687359,-0.003077598667167487,0.013911739330325142,295.0694685924128,0.17933812853111483,11153.037098303548,216.64999999999998,2.2740341806874786,0.005297641913497038,-0.008716051200746625,670.9980572564372,40372.45538256277,9.75165711947421,647.4939983456014,6.59735368545361,175.91572412292032,-54251.629081469844,4967.354649727265,-8865.07116442917,-1.0192820391961888,4.194800688595835,7.746940604728869,-0.8296776424394291,0.07596643943645046,0.13557475541824016,0.00763860196065735,-0.008965688076553173,-0.013329154967688456,2.7878164498332986e-10,0.007641506154638886,-0.008965161994381458,-0.013328223992603139,2.7878164498332986e-10,0.005631312052700228,-0.008301193997637612,-0.01528093361535255,2.7878164498332986e-10,0.0,0.0,0.0
6.6000000000000005,670.4040017285749,-5.838818283875248,3.553971811469717,-0.0005649588261862432,-0.003167569924691942,0.013991613293007098,0.596019128703428,-0.571533736330244,-0.5609917675342729,0.0582970036811081,-2215111.069058524,-4582208.054229829,3856856.3896749914,0.6517038112634508,-2.021088646303017,15508.014770183712,0.0,1.1900425784072675,-0.2728100288190054,0.018881024418263847,-0.0012562475016938035,-0.014064185174393107,0.0024065998579283097,-0.0006078165955185523,-0.003074914640583112,0.013918242159441105,295.0694685924128,0.17983246026810654,11183.77958595352,216.64999999999998,2.272139000206939,0.005301189298221644,-0.008709059920540017,670.4388473591576,40416.28875406119,9.751711652936152,646.7034453193116,6.74162311998538,176.68440266112694,-54329.55437099005,4966.9881046066575,-8885.651687458403,-0.8110674832023441,4.150689377321199,7.6920548728542215,-0.8308693646345073,0.07596083381139068,0.1358894961940687,0.0076409894534072,-0.008965146922970653,-0.013328250249438924,2.7878164498332986e-10,0.007644072159661381,-0.00896460829131389,-0.01332733585832231,2.7878164498332986e-10,0.005631312052700228,-0.008301193997637612,-0.01528093361535255,2.7878164498332986e-10,0.0,0.0,0.0
6.7,669.8449977311456,-5.829290629453253,3.5533934916559415,-0.0005784193835833364,-0.0031650456623180936,0.013997870898436173,0.5958732713030368,-0.5719359695321266,-0.560685640240095,0.05878634032188384,-2215087.266852046,-4582160.382336931,3856897.03392509,0.651713950314674,-2.021088512414497,15490.307703507133,0.0,1.1899160902252346,-0.27421668553487855,0.019122073339420436,-0.001274976328720432,-0.014068879823104449,0.0024143423129847174,-0.0006211893980089292,-0.0030723501037425087,0.013924642033836565,295.0694685924128,0.18033316659061857,11214.918509037372,216.64999999999998,2.2702443244640036,0.00530474986356335,-0.00870210494567685,669.8797863945348,40461.25594919532,9.751766412316716,645.9120697729542,6.885967640500233,177.45153332319845,-54409.03964173731,4966.766129460859,-8906.543999568006,-0.7197773999969581,4.054522234899084,7.671848104813521,-0.8320849438375432,0.07595743911488544,0.13620900520328524,0.00764366549997225,-0.008964611385955164,-0.013327350366138883,2.7878164498332986e-10,0.0076463554724800036,-0.008964079611038596,-0.013326462131778086,2.7878164498332986e-10,0.005631312052700228,-0.008301193997637612,-0.01528093361535255,2.7878164498332986e-10,0.0,0.0,0.0
6.800000000000001,669.2861175212249,-5.819787255245245,3.5528099951153713,-0.000593215469327311,-0.003162618033279832,0.014004120218790031,0.5957268372637772,-0.5723384246590196,-0.5603790037289917,0.05927544368788695,-2215063.445920907,-4582112.704759386,3856937.568561946,0.6517240770122981,-2.0210883756969085,15472.524257218465,0.0,1.1897879416611856,-0.2756238078348191,0.019363890796255355,-0.0012950450561753295,-0.014073597621064608,0.002422025169463319,-0.0006358975609132608,-0.003069882240077372,0.01393103382856766,295.0694685924128,0.18083960887662187,11246.414151655079,216.64999999999998,2.268350068980366,0.0053083076602523285,-0.008695173018996338,669.3208494355996,40507.20431205358,9.751821405548089,645.1198210631536,7.030401908289745,178.21711017351845,-54489.882143432274,4966.691569233481,-8927.676945378747,-0.6409433971236395,3.9661512607983997,7.5359620268467955,-0.8333212793605641,0.07595629885504959,0.13653219425686602,0.0076457927854092335,-0.008964089335487747,-0.013326465577597469,2.7878164498332986e-10,0.007648777484685336,-0.008963571169601779,-0.013325589562048592,2.7878164498332986e-10,0.005631312052700228,-0.008301193997637612,-0.01528093361535255,2.7878164498332986e-10,0.0,0.0,0.0
6.9,668.7273535507164,-5.810314400179624,3.5522087281542394,-0.0006011793656069172,-0.0031602768209481394,0.014010127663916308,0.5955795994705135,-0.5727413322717585,-0.5600718811113589,0.05976410094354623,-2215039.606273017,-4582065.021643449,3856977.9932476007,0.6517341913015793,-2.021088236139054,15454.66433135327,0.0,1.1896573558879202,-0.27703140348665983,0.019606473319806788,-0.0013082668607896075,-0.014078116174708053,0.0024295794258372087,-0.0006437733668013823,-0.0030675007769619986,0.013937184026725514,295.0694685924128,0.18134822917080992,11278.045244588257,216.64999999999998,2.266456208132107,0.005311843907529042,-0.008688273629791122,668.7620289215157,40553.33141392487,9.751876632939657,644.3266912791404,7.174927365558341,178.9811286259923,-54571.004561608075,4966.601448643698,-8948.8325608797,-0.8430821812894428,3.9365191749639634,7.631536993423436,-0.8345618956849147,0.0759549206284464,0.13685573000114437,0.007648906332768722,-0.008963578128041489,-0.013325603847634501,2.7878164498332986e-10,0.007650450259530226,-0.008963080827237664,-0.0133247507644719,2.7878164498332986e-10,0.005631312052700228,-0.008301193997637612,-0.01528093361535255,2.7878164498332986e-10,0.0,0.0,0.0
7.0,668.1687410712096,-5.800853130038774,3.55159012062145,-0.0006157459925276201,-0.0031579212768389105,0.01401631401526381,0.595431709287997,-0.5731443955618954,-0.5597640585032343,0.06025257066902008,-2215015.740625819,-4582017.331128833,3857018.264468336,0.65174428821662,-2.021088092611619,15436.697677767836,0.0,1.1895251245860163,-0.2784395261685708,0.019849995443120803,-0.0013281445008750076,-0.014082790379245072,0.0024372534176059822,-0.0006582517240145105,-0.003065105001647221,0.013943513333581925,295.0694685924128,0.18185988888883856,11309.865359271178,216.65,2.264562860830103,0.00531535891236831,-0.00868137807034883,668.2033599392526,40599.8319448577,9.751932186926645,643.5324469741486,7.3196612034757615,179.74364576558656,-54652.667214117086,4966.62767307181,-8970.05202274939,-0.9783948526006635,3.9726024638122253,7.334447267329807,-0.8358107738873974,0.07595532168224071,0.1371802421567414,0.007650012753229983,-0.008963084394901084,-0.01332477162705568,2.7878164498332986e-10,0.007652839450731874,-0.00896258748323308,-0.013323886986874308,2.7878164498332986e-10,0.005631312052700228,-0.008301193997637612,-0.01528093361535255,2.7878164498332986e-10,0.0,0.0,0.0
7.1000000000000005,667.6101855640233,-5.79141849296815,3.550960942160136,-0.0006323877362502112,-0.0031555788006024806,0.014022173357003821,0.5952833713196312,-0.5735477333986032,-0.5594559847133455,0.06074078309106169,-2214991.865253143,-4581969.637847573,3857058.4782686704,0.6517543786658117,-2.0210879475972843,15418.691498477012,0.0,1.1893913156648759,-0.27984803968393235,0.020094066567920732,-0.001350088883826976,-0.014087160989910348,0.0024448238868051784,-0.0006748050484380356,-0.003062722372909659,0.013949515833937968,295.0694685924128,0.18237267423169087,11341.755476554888,216.64999999999998,2.262669707327438,0.0053188635119003095,-0.008674510120832183,667.6447481412574,40646.26506260574,9.751987862159933,642.7376387837967,7.464344001237633,180.50453129738554,-54734.28122610642,4966.558491712999,-8991.270089200576,-0.482668695162352,4.009726257483266,7.5039980523532,-0.8370589082237073,0.07595426368218337,0.13750473297201085,0.0076535689617209844,-0.008962587088748773,-0.013323876316720712,2.7878164498332986e-10,0.00765540028850217,-0.008962096876157375,-0.013323068868431407,2.7878164498332986e-10,0.005631312052700228,-0.008301193997637612,-0.01528093361535255,2.7878164498332986e-10,0.0,0.0,0.0
7.2,667.0517422038373,-5.7819881888475,3.5503157896056385,-0.0006428565756366158,-0.0031531994966116812,0.01402818137841709,0.5951343478780535,-0.5739513480311511,-0.559147378384509,0.06122868093477632,-2214967.969865907,-4581921.939111333,3857098.57324622,0.6517644556475608,-2.0210877995056915,15400.603061773814,0.0,1.189255553124784,-0.2812569942118005,0.02033893368126931,-0.0013659177206828599,-0.014091650055168726,0.0024525288430091094,-0.0006851853021830218,-0.0030603029359428545,0.013955667247315381,295.0694685924128,0.18288780212566,11373.791277077986,216.65,2.260776933848832,0.00532234913902453,-0.008667635707974027,667.0862484767592,40692.907501006484,9.752043789220892,641.9418876225479,7.6091400498690565,181.2638535855544,-54816.216690143316,4966.546551414737,-9012.525334791073,-0.7520000319724084,4.08468587310926,7.434423246157717,-0.8383119585704947,0.07595408107755601,0.13782979237298318,0.007655428910558749,-0.008962094371658553,-0.013323056794187197,2.7878164498332986e-10,0.007657335460840636,-0.008961598555894831,-0.013322229990389872,2.7878164498332986e-10,0.005631312052700228,-0.008301193997637612,-0.01528093361535255,2.7878164498332986e-10,0.0,0.0,0.0
7.300000000000001,666.4933818433336,-5.77257456697607,3.5496564567589766,-0.0006552640563633428,-0.003150775282496256,0.014034154238925796,0.5949846997870527,-0.5743552158562801,-0.558838272524417,0.06171630046545763,-2214944.0560448864,-4581874.235503691,3857138.5583737744,0.6517745201657702,-2.021087648566489,15382.438772606663,0.0,1.189117975587537,-0.2826663933614395,0.020584575504620978,-0.001383724902270721,-0.014096084202418492,0.0024603030338845857,-0.0006975040320713679,-0.0030578386245722717,0.01396178372284826,295.0694685924128,0.1834130161682011,11406.454335118064,216.64999999999998,2.258884442012541,0.0053258186685246085,-0.008660773724711962,666.5278319163094,40741.473738154375,9.752099948541423,641.1452318904081,7.754027789319726,182.0215938045773,-54900.78546356276,4966.753813009722,-9034.208369562435,-0.8318542660609627,4.170782467996385,7.42361718203854,-0.8396052804806861,0.07595725075770031,0.13816139401287164,0.007657549438145055,-0.008961595171887616,-0.013322226398166827,2.7878164498332986e-10,0.007659468737837105,-0.008961090829677781,-0.013321396021736757,2.7878164498332986e-10,0.005631312052700228,-0.008301193997637612,-0.01528093361535255,2.7878164498332986e-10,0.0,0.0,0.0
7.4,665.9350801598794,-5.76317671276813,3.5489824182334986,-0.0006677230543382023,-0.003148297469093146,0.014040113030677285,0.5948344044403309,-0.5747593612745346,-0.5585286692577723,0.06220361623539165,-2214920.1238619317,-4581826.527194438,3857178.4336754726,0.651784572206184,-2.0210874947777766,15364.198789609596,0.0,1.1889784951784308,-0.28407623349214095,0.02083100038674067,-0.0014016286182020232,-0.01410047951995999,0.0024681644839218172,-0.0007098741142441073,-0.0030553207452764914,0.013967886363449597,295.0694685924128,0.18394069218847395,11439.270503537971,216.64999999999998,2.256992149355026,0.005329271464333077,-0.008653923147707389,665.9694741274352,40790.259361089935,9.752156339640687,640.3476521523138,7.899010175984421,182.77774223049926,-54985.693525323106,4966.972478987715,-9055.941754328142,-0.8698670943651454,4.265573006760687,7.463660845714489,-0.8409037911742476,0.0759605948466461,0.13849376566216465,0.007659850910334965,-0.00896108687276317,-0.013321392687099656,2.7878164498332986e-10,0.007661605445338102,-0.008960571877652168,-0.013320564017452723,2.7878164498332986e-10,0.005631312052700228,-0.008301193997637612,-0.01528093361535255,2.7878164498332986e-10,0.0,0.0,0.0
7.5,665.3768334284055,-5.753792278174957,3.5482982506782963,-0.0006843549596202118,-0.0031457373989623593,0.014046184723750419,0.594683580204475,-0.5751636600465282,-0.5582185558506962,0.0626907405785094,-2214896.173389246,-4581778.814354323,3857218.199175235,0.6517946117544201,-2.0210873381376344,15345.88327209279,0.0,1.1888375194154381,-0.2854865084609081,0.021078213911187492,-0.0014237706303144534,-0.014104944033930335,0.0024761843621717164,-0.0007264169388908787,-0.003052720671450022,0.013974102100919771,295.0694685924128,0.1844705533947075,11472.222568659194,216.65,2.2551000432652017,0.005332714391356086,-0.0086470805269931,665.4111713889903,40839.20042504804,9.752212962035768,639.5491473328278,8.044086541597636,183.53229374818096,-55070.85464296571,4967.230912697729,-9077.728984219986,-0.7471732127745051,4.338038424470879,7.3638399396883045,-0.8422061718863018,0.07596454710899991,0.13882696077239454,0.0076614593983929825,-0.008960563845437652,-0.013320561513289295,2.7878164498332986e-10,0.007664194902668781,-0.008960035697817798,-0.01331971624917035,2.7878164498332986e-10,0.005631312052700228,-0.008301193997637612,-0.01528093361535255,2.7878164498332986e-10,0.0,0.0,0.0
7.6000000000000005,664.8186492169559,-5.744448802421734,3.5476004771676943,-0.0006934620094168942,-0.003143161143887001,0.014051968880395742,0.5945316652670417,-0.5755685866031608,-0.5579077954282134,0.06317723297542624,-2214872.1982866484,-4581731.095712043,3857257.816054341,0.6518046343408321,-2.0210871776330235,15327.465565721504,0.0,1.1886933052508029,-0.2868973046100788,0.021326411870919167,-0.001438399273608748,-0.014109126682922463,0.002484169285188397,-0.0007354347265310714,-0.003050104329448415,0.013980030658666667,295.0694685924128,0.18500337088703284,11505.358485194076,216.64999999999998,2.253208150132683,0.0053361421334003145,-0.008640287206187942,664.8529314877443,40888.46641259673,9.752269897179838,638.7494868698626,8.189362307309178,184.2852886245209,-55156.49801085971,4967.46672647038,-9099.596527472559,-0.7300886621638714,4.401352518401248,7.666141269974035,-0.8435159277179315,0.07596815344153335,0.1391613841259217,0.007665209960599043,-0.008960023429929386,-0.01331970875980181,2.7878164498332986e-10,0.007665956211316648,-0.008959496128216565,-0.013318908628547054,2.7878164498332986e-10,0.005631312052700228,-0.008301193997637612,-0.01528093361535255,2.7878164498332986e-10,0.0,0.0,0.0
7.7,664.2604954902249,-5.735092902228982,3.5469048477526353,-0.0007061602564605817,-0.003140555344745821,0.01405821609062322,0.5943796588314871,-0.575973382395066,-0.5575967297739461,0.06366380484882592,-2214848.2127464237,-4581683.374616103,3857297.3699245905,0.6518146497683748,-2.021087015488299,15309.004909111187,0.0,1.1885487675045723,-0.2883084384664774,0.021575196692165056,-0.0014567043955104348,-0.014113725686951325,0.0024923807415897946,-0.0007480435652989437,-0.0030474586182208606,0.013986422356182181,295.0694685924128,0.1855374309140253,11538.571674952185,216.65,2.25131636011449,0.005339578618703757,-0.008633463368911585,664.2947220123876,40937.67245289255,9.75232696405841,637.9492140039422,8.334605044559835,185.03663344948347,-55242.104439569885,4967.791461298979,-9121.503856625719,-1.1477874799167855,4.434880456824485,7.330093396691525,-0.8448251186335307,0.07597311965603365,0.13949641593071124,0.007665468118269673,-0.008959495080176311,-0.013318916865266983,2.7878164498332986e-10,0.007668158243737782,-0.008958950370920654,-0.013318036353446784,2.7878164498332986e-10,0.005631312052700228,-0.008301193997637612,-0.01528093361535255,2.7878164498332986e-10,0.0,0.0,0.0
7.800000000000001,663.7023818322002,-5.725779347888479,3.5462000066960693,-0.0007226285278048587,-0.0031379545651381824,0.014064170043835304,0.5942268840217029,-0.5763785569839263,-0.5572851253707168,0.06414998267362351,-2214824.207830064,-4581635.649210397,3857336.8061581063,0.6518246517533991,-2.0210868502807617,15290.463740372099,0.0,1.1884019421252785,-0.2897200427567368,0.021824841675336725,-0.0014787808468597916,-0.01411804756257964,0.0025005205868665896,-0.0007644222570775183,-0.003044817930184923,0.013992521065263159,295.0694685924128,0.18607819252713567,11572.201636309297,216.65,2.249424707086304,0.005343006682503713,-0.008626691330384484,663.7365529585996,40988.02140201059,9.752384277454897,637.1479541762857,8.479964113727823,185.7863736299937,-55329.29845692948,4968.195835533014,-9143.689674416883,-0.8112273601375454,4.44130307025628,7.393159037126749,-0.8461585887612035,0.07597930380694005,0.13983570670063303,0.007668156861912192,-0.008958950098500949,-0.013318053669117933,2.7878164498332986e-10,0.007670714125776683,-0.008958405664913389,-0.0133172050247503,2.7878164498332986e-10,0.005631312052700228,-0.008301193997637612,-0.01528093361535255,2.7878164498332986e-10,0.0,0.0,0.0
7.9,663.1442752119739,-5.716481672884731,3.5454837302631317,-0.0007374203325699546,-0.0031353601380326333,0.014070200400248863,0.5940734953867716,-0.5767839699910755,-0.5569730177676017,0.06463588140553872,-2214800.1849153633,-4581587.919962105,3857376.132686398,0.6518346411882662,-2.021086682214118,15271.847679636441,0.0,1.1882533088412097,-0.2911320723033265,0.022075301200636326,-0.001499220617139055,-0.014122436882155675,0.0025087242872939585,-0.0007791243177868349,-0.0030421836402769135,0.013998696405687933,295.0694685924128,0.18662528385058558,11606.225242313072,216.65,2.2475330782947176,0.005346423215990835,-0.008619931745004953,663.1783910562921,41039.420450627375,9.752441820199428,636.345734582081,8.625421773737763,186.53448899988493,-55417.957065032875,4968.749125469849,-9166.12000165236,-0.7346164298712866,4.4665128904085565,7.323137778545806,-0.8475144570770237,0.07598776534621823,0.14017873678719373,0.007670120755776457,-0.008958409085642447,-0.013317213561381975,2.7878164498332986e-10,0.007673105116545346,-0.008957862289371052,-0.013316363028154417,2.7878164498332986e-10,0.005631312052700228,-0.008301193997637612,-0.01528093361535255,2.7878164498332986e-10,0.0,0.0,0.0
8.0,662.5861666344231,-5.707210242000581,3.544752714211202,-0.0007495454348213647,-0.0031327576069668066,0.01407611513872594,0.5939193945927367,-0.5771897245291251,-0.5566604147769739,0.06512141143127384,-2214776.144076312,-4581540.187046627,3857415.3495324296,0.651844618057992,-2.0210865112863665,15253.15688957274,0.0,1.1881025266497762,-0.2925445392256463,0.022326583256104093,-0.0015170177081131244,-0.01412670926846445,0.002516936232058761,-0.0007911595104669422,-0.003039541268620595,0.014004756388642814,295.0694685924128,0.18717457132968626,11640.385427223113,216.65,2.2456414434980156,0.00534982327580327,-0.008613200403150445,662.6202273820584,41090.95452611702,9.7524995917988,635.5425499187047,8.770978208067582,187.28097415703533,-55506.84631318412,4969.298407311186,-9188.582545698,-0.7165925577325114,4.510130395004532,7.3791593218343525,-0.8488738526028905,0.07599616558913944,0.14052225956987352,0.007672736926767336,-0.008957863397730833,-0.013316372356857618,2.7878164498332986e-10,0.0076752007075704684,-0.008957317216539242,-0.013315537174867862,2.7878164498332986e-10,0.005631312052700228,-0.008301193997637612,-0.01528093361535255,2.7878164498332986e-10,0.0,0.0,0.0
8.1,662.0280525763529,-5.697963248300153,3.5440082848358894,-0.000759150021898762,-0.003130132895407814,0.014081935949964961,0.5937645994979821,-0.5775958009228569,-0.5563473157853942,0.06560658769948492,-2214752.0853871014,-4581492.450639762,3857454.4567193263,0.6518545823475674,-2.021086337495506,15234.391533310525,0.0,1.1879496530667664,-0.29395743809199487,0.022578692166811444,-0.0015323244843183257,-0.014130879690956492,0.002525177710716693,-0.0008006740227855246,-0.003036876744261622,0.014010722699178968,295.0694685924128,0.18772605017036492,11674.681892896062,216.65,2.2437497907259654,0.005353208852123525,-0.008606494692754894,662.062058403848,41142.620213040944,9.752557591758416,634.7384006942817,8.916633203638412,188.02582446506347,-55595.96181295128,4969.850098707002,-9211.081537922208,-0.7962067783742212,4.563793624372872,7.51903708959903,-0.8502367082259097,0.07600460268170946,0.14086633975957275,0.007675763121296546,-0.00895731183738166,-0.013315536490774856,2.7878164498332986e-10,0.007677019236147303,-0.008956767498235808,-0.013314724436297798,2.7878164498332986e-10,0.005631312052700228,-0.008301193997637612,-0.01528093361535255,2.7878164498332986e-10,0.0,0.0,0.0
8.200000000000001,661.4699213105388,-5.68872965576594,3.5432561262120377,-0.0007748818772778145,-0.0031274619970681375,0.014087918793936205,0.593609221043286,-0.5780020191120312,-0.5560335896552162,0.06609156807952317,-2214728.00448321,-4581444.710138686,3857493.4268311197,0.6518645308704893,-2.0210861601208054,15215.533034506254,0.0,1.1877951840663359,-0.29537079900712204,0.02283175332982234,-0.0015538226651933172,-0.014135177726356453,0.002533564710775057,-0.000816315630221296,-0.0030341660847989,0.014016851252781104,295.0694685924128,0.18828026629673075,11709.14859034888,216.64999999999998,2.241858080016392,0.005356588596191396,-0.008599798147992048,661.5038723300437,41194.533568396924,9.75261587684713,633.933130395734,9.06246194873484,188.76906373835305,-55685.46034106124,4970.490698879809,-9233.660581986069,-0.7317178736060285,4.613582351712197,7.332500845278541,-0.8516054215541778,0.07601439946846258,0.14121164419309137,0.00767728749015874,-0.008956761655818792,-0.013314713087262056,2.7878164498332986e-10,0.007679502034797626,-0.008956208106595646,-0.013313889073690348,2.7878164498332986e-10,0.005631312052700228,-0.008301193997637612,-0.01528093361535255,2.7878164498332986e-10,0.0,0.0,0.0
8.3,660.9117828927833,-5.679518446710983,3.5424957060603277,-0.0007882322834529408,-0.0031247901410341203,0.014093747133029239,0.5934532569677708,-0.5784085264514923,-0.555719480408969,0.0665762303081759,-2214703.909948135,-4581396.967214744,3857532.312531957,0.6518744696962785,-2.021085980537864,15196.61750625074,0.0,1.1876388386619257,-0.2967845499610291,0.023085540272254044,-0.001572956230710873,-0.014139325956491675,0.0025419340476732686,-0.0008295756319272821,-0.0030314545258356847,0.014022825533742561,295.0694685924128,0.1888377339240635,11743.817498626611,216.64999999999998,2.2399663456980385,0.005359961606597382,-0.008593124250458238,660.9456792900091,41246.805644868895,9.752674336716233,633.1270623773091,9.208319118982573,189.5106388023374,-55775.492855362885,4971.135107686555,-9256.345440896124,-0.641588219394227,4.649308092510526,7.349922987799146,-0.8529823012068886,0.07602425450117957,0.14155856686764007,0.0076797857339871945,-0.008956204788377683,-0.013313879274970882,2.7878164498332986e-10,0.007681713875719802,-0.008955648514376451,-0.013313075284033579,2.7878164498332986e-10,0.005631312052700228,-0.008301193997637612,-0.01528093361535255,2.7878164498332986e-10,0.0,0.0,0.0
8.4,660.3536026985623,-5.670320199029011,3.5417231907369104,-0.0007998064949391956,-0.003122105413057709,0.014099590678804336,0.5932966744547301,-0.5788152783967215,-0.5554048816882391,0.06706059686022037,-2214679.798146811,-4581349.221393198,3857571.0908753723,0.651884396154629,-2.0210857981440626,15177.62942798715,0.0,1.1874806387079309,-0.29819870677666127,0.023340155618357394,-0.0015903531951310585,-0.014143477361742948,0.00255036336672258,-0.0008410592764982847,-0.0030287301459037317,0.014028815256865054,295.0694685924128,0.18940460249354815,11779.071051438317,216.65,2.2380744700879376,0.0053633223423156075,-0.008586459240802945,660.3874445590936,41300.76993575271,9.752733018796238,632.3200186080362,9.354271451362113,190.2505553700638,-55867.86470416344,4971.986554936771,-9279.421424283955,-0.7619488275957971,4.6974504762667015,7.313299001107295,-0.8543949566245816,0.076037275801354,0.1419114710627461,0.007681865388459535,-0.008955646402269255,-0.013313067800389239,2.7878164498332986e-10,0.007683741837222478,-0.008955086226263946,-0.013312259371123446,2.7878164498332986e-10,0.005631312052700228,-0.008301193997637612,-0.01528093361535255,2.7878164498332986e-10,0.0,0.0,0.0
8.5,659.7953642519082,-5.661140657434984,3.5409374366127,-0.0008115382059565633,-0.003119401964671876,0.014105355240395521,0.5931394364316849,-0.5792223069424013,-0.5550897836218528,0.06754463962295644,-2214655.6687952,-4581301.472790583,3857609.759652065,0.6518943099720235,-2.02108561287909,15158.567442133091,0.0,1.1873204656037044,-0.2996132778990105,0.023595619147574985,-0.0016079388631125868,-0.014147542075165224,0.0025588233982906878,-0.0008527002567858846,-0.00302598708842379,0.014034726243871535,295.0694685924128,0.18997367749432625,11814.46182219845,216.65,2.236182397496607,0.005366669173584723,-0.008579812060681096,659.8291517050314,41354.84832278177,9.752791927239441,631.5119717313893,9.500326671134092,190.9888070873301,-55960.443569036215,4972.830509998945,-9302.532069828594,-0.7728619918355526,4.757966605770114,7.37206446680137,-0.8558107779676055,0.07605018252246383,0.14226490535099456,0.0076844239595605535,-0.008955083618897389,-0.01331224591687042,2.7878164498332986e-10,0.007685775263764952,-0.00895452001735806,-0.013311454486485845,2.7878164498332986e-10,0.005631312052700228,-0.008301193997637612,-0.01528093361535255,2.7878164498332986e-10,0.0,0.0,0.0
8.6,659.2370644335049,-5.651968141660025,3.540141286037062,-0.000826255087073777,-0.0031166418171768738,0.014111284895671091,0.5929816998030877,-0.5796294452285147,-0.5547741730216259,0.0680285035586818,-2214631.521969286,-4581253.721587417,3857648.318884264,0.6519042111328521,-2.021085424740858,15139.431715261191,0.0,1.187158860671254,-0.3010282454527027,0.02385192783266837,-0.0016285778955844221,-0.014151733476270151,0.002567438664375094,-0.0008673262450630262,-0.0030231874147061107,0.014040802521895053,295.0694685924128,0.1905449539535519,11849.989501645745,216.65,2.234290117064064,0.005370006402829448,-0.008573165077695222,659.2707975233732,41409.03736837451,9.752851061540687,630.702921589224,9.646483973435698,191.72538822856907,-56053.224558512906,4973.726545342515,-9325.686829721642,-0.8453299803965828,4.815688909391422,7.169961997572038,-0.8572296904300611,0.07606388571449664,0.14261901428605467,0.007685584323038948,-0.008954515930772115,-0.013311454493326646,2.7878164498332986e-10,0.007688144348016208,-0.00895394193341852,-0.01331062655042131,2.7878164498332986e-10,0.005631312052700228,-0.008301193997637612,-0.01528093361535255,2.7878164498332986e-10,0.0,0.0,0.0
8.700000000000001,658.6786735965222,-5.642833361344903,3.539329557291378,-0.0008351581364344674,-0.003113868188883678,0.014116860257748894,0.5928229228602627,-0.580037155678035,-0.5544579424266206,0.06851175754302184,-2214607.3526933296,-4581205.967352399,3857686.736576112,0.6519140958901523,-2.0210852328857793,15120.200802659616,0.0,1.1869941302752098,-0.30244367715853376,0.024109252994356407,-0.001643406530287301,-0.014155581996160209,0.0025759891644007316,-0.0008761382248174104,-0.003020374209290958,0.014046524865901758,295.0694685924128,0.19111907207993667,11885.693904355998,216.65,2.232397529118041,0.0053733263818032066,-0.008566565295402322,658.7123526038758,41463.47031630475,9.752910487233123,629.8926394662251,9.792831248275725,192.4603113982908,-56146.39021113116,4974.573429793671,-9348.902008185767,-0.8432013432860284,4.875895176211903,7.4409891818560165,-0.8586544855989688,0.07607683723515601,0.1429740472106513,0.007689218020266666,-0.008953932022633485,-0.01331062704083619,2.7878164498332986e-10,0.007689855140567066,-0.008953361026067206,-0.013309848083019321,2.7878164498332986e-10,0.005631312052700228,-0.008301193997637612,-0.01528093361535255,2.7878164498332986e-10,0.0,0.0,0.0
8.8,658.1202447532546,-5.633689177285628,3.5385184927220052,-0.0008482545492536081,-0.003111066990992822,0.014122811830807932,0.5926639870526338,-0.5804447787553938,-0.5541413742041252,0.06899503565893213,-2214583.172239131,-4581158.211625626,3857725.08374659,0.6519239725021979,-2.02108503917641,15100.92279156018,0.0,1.186828844181665,-0.3038594488861815,0.024367253351292636,-0.0016625097342870556,-0.014159765849086367,0.0025847366700711954,-0.0008891434207737702,-0.003017533600007231,0.014052623529879165,295.0694685924128,0.19169459628110883,11921.485750848533,216.64999999999998,2.2305048122354174,0.005376653314085396,-0.00855994051986849,658.1538696391242,41517.84021515028,9.752970057379395,629.0816651146723,9.939172490483113,193.19354352689226,-56239.52182022303,4975.49018159396,-9372.155545760777,-1.1125673373377656,4.909989281107857,7.178094938329518,-0.8600787601355343,0.0760908572468173,0.1433296667664187,0.007689965592379795,-0.008953358317989497,-0.01330985220787863,2.7878164498332986e-10,0.0076920575900748574,-0.008952774344552862,-0.013309017086654896,2.7878164498332986e-10,0.005631312052700228,-0.008301193997637612,-0.01528093361535255,2.7878164498332986e-10,0.0,0.0,0.0
8.9,657.5617213794138,-5.624573713726529,3.537695867543376,-0.0008646422220423257,-0.0031082589418205834,0.014128573208761238,0.5925043417476679,-0.580852706257026,-0.5538242710434165,0.06947795655556444,-2214558.9734418807,-4581110.453708964,3857763.314475204,0.65193383559898,-2.021084842404668,15081.56684090197,0.0,1.1866614307216712,-0.30527564123454015,0.024626163060535916,-0.0016849206663023292,-0.01416376378285433,0.0025934625842805536,-0.0009054397096571059,-0.003014686173457519,0.014058532262876898,295.0694685924128,0.19228116951197383,11957.964736428969,216.65,2.2286117757465074,0.005379969089878121,-0.00855334939542572,657.5952923683154,41574.22386686208,9.753029866224878,628.2696161141873,10.085636779425492,193.9250883452053,-56335.43653270287,4976.6048595117845,-9395.882365284026,-0.8307994083241934,4.936322262474786,7.17221262669061,-0.8615455970558786,0.0761079041698793,0.14369252428826515,0.007692233931350169,-0.008952772890144914,-0.013309028204172142,2.7878164498332986e-10,0.007694578143274169,-0.008952186228109501,-0.013308212646537,2.7878164498332986e-10,0.005631312052700228,-0.008301193997637612,-0.01528093361535255,2.7878164498332986e-10,0.0,0.0,0.0
9.0,657.003083967758,-5.615468226896563,3.5368603757803196,-0.0008784093405480226,-0.0031054413747117196,0.014134407752464396,0.5923440722536172,-0.5812608708641204,-0.5535066680981133,0.06996057281833176,-2214534.757477451,-4581062.6939200265,3857801.4357491783,0.6519436859761898,-2.0210846427513487,15062.137821628712,0.0,1.1864921312698216,-0.306692221751704,0.02488594509455134,-0.0017047582754897116,-0.014167819523426552,0.002602269388116422,-0.0009191152825391613,-0.0030118292860159034,0.014064514405276814,295.0694685924128,0.19287039534995593,11994.608687629527,216.65,2.2267183529752272,0.005383271854275704,-0.008546763732197834,657.036601117373,41630.794712084724,9.753089898889085,627.4565271159744,10.232207554585155,194.65493194065667,-56431.66166807162,4977.752239361892,-9419.661443466943,-0.8758800780212446,4.985824023882385,7.059254501341553,-0.8630171813162567,0.07612545120809985,0.14405618100899806,0.0076938231129064965,-0.008952189642100811,-0.013308232281633602,2.7878164498332986e-10,0.0076968344885365615,-0.008951596118234153,-0.013307397990553227,2.7878164498332986e-10,0.005631312052700228,-0.008301193997637612,-0.01528093361535255,2.7878164498332986e-10,0.0,0.0,0.0
9.1,656.4443295106684,-5.606390855891921,3.536010366166924,-0.0008915359137042694,-0.0031025956342311785,0.014140033515408138,0.5921830758784864,-0.5816693816631244,-0.5531885704393105,0.07044279545548644,-2214510.524423824,-4581014.932444047,3857839.4475901057,0.6519535236176401,-2.021084440214315,15042.63590399269,0.0,1.1863205916795554,-0.30810921263881036,0.025146613513106365,-0.001723976468145501,-0.014171663790399186,0.002611069799810975,-0.0009321501460520201,-0.0030089442579496165,0.014070288043099483,295.0694685924128,0.19346183198397893,12031.390128222121,216.64999999999998,2.224824534223193,0.005386559085064932,-0.008540211209868722,656.4777930246,41687.45471894401,9.753150154855593,626.6423982766667,10.378884126277573,195.38307027182628,-56528.065082929184,4978.860842365197,-9443.470197149485,-0.6590987728296208,5.037900898997198,7.228351124420374,-0.8644914920294341,0.07614240522665663,0.14442029156123767,0.007696929298440474,-0.008951593119620783,-0.013307404484271347,2.7878164498332986e-10,0.007698994604753484,-0.008951000107741641,-0.013306612485862786,2.7878164498332986e-10,0.005631312052700228,-0.008301193997637612,-0.01528093361535255,2.7878164498332986e-10,0.0,0.0,0.0
9.200000000000001,655.885440455076,-5.597330115789826,3.535149195301847,-0.0009019740209763885,-0.00309972063013757,0.01414567760476507,0.5920213663557939,-0.5820781786209969,-0.5528699176412991,0.07092465930933053,-2214486.2723812554,-4580967.16932003,3857877.3372313958,0.6519633470068015,-2.021084234453987,15023.052710178308,0.0,1.1861469254692578,-0.3095266046623669,0.025408228508586535,-0.001740554304898715,-0.014175506941556532,0.002619952612093897,-0.0009424963769671591,-0.003006030003480281,0.014076080274763175,295.0694685924128,0.19405573348890603,12068.324859120916,216.65,2.2229302597325775,0.005389836006061206,-0.008533674628737109,655.9188504572859,41744.25431996743,9.753210659728545,625.8271349157768,10.525701122467078,196.10950114436338,-56624.71545182071,4979.9940126163065,-9467.32916096342,-0.7100931694494628,5.093378348652134,7.336471649378231,-0.8659695794446968,0.07615973495552084,0.14478516998393842,0.0076996852001220495,-0.008950992506647664,-0.013306597984650302,2.7878164498332986e-10,0.0077008757443313754,-0.00895039796829234,-0.013305824422322345,2.7878164498332986e-10,0.005631312052700228,-0.008301193997637612,-0.01528093361535255,2.7878164498332986e-10,0.0,0.0,0.0
9.3,655.3264459675075,-5.588275722487111,3.5342834121698408,-0.0009150823382666748,-0.003096822966554822,0.014151476093094358,0.5918592408717234,-0.5824870619513451,-0.5525508260970995,0.07140636736096909,-2214462.005800942,-4580919.405058794,3857915.1329863193,0.6519731594466512,-2.021084026214194,15003.4073222382,0.0,1.185971960937521,-0.31094436437399764,0.025670660555463534,-0.001759861403212107,-0.014179479534770743,0.0026289527820601254,-0.0009555126617987209,-0.003003093198365972,0.014082027089570548,295.0694685924128,0.19465152116139173,12105.376890768453,216.64999999999998,2.221035628165926,0.005393112346060416,-0.008527137953890464,655.3598025277356,41801.07068433628,9.753271355202367,625.0109648062568,10.672579761179392,196.8342162774251,-56721.444959098044,4981.163625771563,-9491.231228119763,-0.8113113925120953,5.132628703106005,7.201926239081658,-0.8674488771342034,0.07617762201074202,0.14515070759199666,0.007701203176394714,-0.008950393825621268,-0.013305811333441366,2.7878164498332986e-10,0.007703058065811921,-0.00894979108305073,-0.01330501480061847,2.7878164498332986e-10,0.005631312052700228,-0.008301193997637612,-0.01528093361535255,2.7878164498332986e-10,0.0,0.0,0.0
9.4,654.7673083874962,-5.579242097954318,3.533406937153793,-0.0009280051961281384,-0.003093916838201662,0.01415718916094141,0.591696444756091,-0.5828962205018111,-0.5522312220258084,0.07188773312541678,-2214437.7219465342,-4580871.639637028,3857952.816657767,0.6519829587834108,-2.0210838150126564,14983.687733446248,0.0,1.185794950241549,-0.3123625170337441,0.025934006925265,-0.0017790128291292153,-0.014183362735868508,0.0026379734028682106,-0.0009683433235581765,-0.0030001479783169473,0.014087888742902586,295.0694685924128,0.19525740037980135,12143.056515594253,216.64999999999998,2.2191405122021464,0.005396379130650909,-0.008520623696585232,654.8006116673821,41859.65648916222,9.753332277969976,624.1937228670105,10.819572207531632,197.55720741919825,-56820.63456648742,4982.526605334702,-9515.55650875866,-0.8237330096888535,5.171038428227769,7.154968165610154,-0.8689657974738622,0.07619846624509562,0.145522717462186,0.007703215925344624,-0.008949789417047074,-0.013305014978955346,2.7878164498332986e-10,0.007705209039077187,-0.00894918242495175,-0.013304217105863901,2.7878164498332986e-10,0.005631312052700228,-0.008301193997637612,-0.01528093361535255,2.7878164498332986e-10,0.0,0.0,0.0
9.5,654.2080025553796,-5.570223831191478,3.5325169118231097,-0.0009400804105031855,-0.003090994905940053,0.014162864896186173,0.5915330076637532,-0.5833056326038619,-0.5519111183316422,0.07236877472270453,-2214413.4213173687,-4580823.873274649,3857990.390983852,0.6519927453192325,-2.021083600918826,14963.895932883956,0.0,1.1856159725797553,-0.31378105353319535,0.026198258114845004,-0.0017973541658454022,-0.014187198517155898,0.002647039487355265,-0.0009803261802300476,-0.0029971870131646483,0.014093713318059474,295.0694685924128,0.19586714217165468,12180.976353838505,216.64999999999998,2.2172448263687383,0.005399632175961417,-0.008514123967298764,654.2412526559002,41918.66475879522,9.753393421957064,623.3754081239772,10.966674332479343,198.2784620123598,-56920.45872120564,4983.928609362183,-9539.988962210726,-0.8749631477491306,5.226785641192392,7.1366632107216335,-0.8704924220332971,0.07621990728596213,0.14589636634098152,0.007705339304728597,-0.008949181986276812,-0.013304221447635524,2.7878164498332986e-10,0.0077072660347095,-0.008948570456889928,-0.01330342462372396,2.7878164498332986e-10,0.005631312052700228,-0.008301193997637612,-0.01528093361535255,2.7878164498332986e-10,0.0,0.0,0.0
9.600000000000001,653.6485248418724,-5.56122048719359,3.5316150106953734,-0.0009561563923402644,-0.0030880230836555873,0.014168549952396022,0.5913690181167333,-0.5837152064935435,-0.5515905041404058,0.07284957601554394,-2214389.103993256,-4580776.106161552,3858027.855985562,0.652002519037368,-2.0210833839304896,14944.032094399445,0.0,1.1854353305683631,-0.3151999716660366,0.026463418121479523,-0.0018197486322143338,-0.01419101799909014,0.002656198275446064,-0.000996309642909307,-0.002994176238989883,0.014099547439891242,295.0694685924128,0.19647910329325705,12219.034212186049,216.64999999999998,2.215348558383452,0.005402874040961375,-0.0085076381799823,653.681721869173,41977.74013271134,9.753454786636157,622.5560200970308,11.113885390535488,198.99797457674492,-57020.435279558056,4985.342567002154,-9564.45613574481,-0.656181443610354,5.279836805939491,7.070500350428067,-0.8720213773225194,0.07624153113507234,0.1462705461987777,0.007707304745763368,-0.0089485655563406,-0.013303422132251452,2.7878164498332986e-10,0.00770974329118297,-0.00894794803988615,-0.01330263084013178,2.7878164498332986e-10,0.005631312052700228,-0.008301193997637612,-0.01528093361535255,2.7878164498332986e-10,0.0,0.0,0.0
9.700000000000001,653.0888416931501,-5.552238206200926,3.53070172599629,-0.0009694334276955679,-0.003085028360209622,0.014174120246113293,0.5912042322887554,-0.5841251387507793,-0.5512693184247658,0.07332994327295952,-2214364.767271056,-4580728.338437527,3858065.1932817292,0.6520122777457916,-2.0210831635572637,14924.08422704693,0.0,1.1852522687038596,-0.3166192892083642,0.026729586854694808,-0.00183937703817029,-0.014194714424640938,0.00266538593727902,-0.0010094939907084502,-0.0029911425863578677,0.014105267099469123,295.0694685924128,0.1970936531592429,12257.253064530705,216.65,2.213451594721837,0.005406105730889873,-0.00850117620307714,653.1219858096011,42036.95507805724,9.753516408651812,621.7354206731445,11.261255986083704,199.71574252752407,-57120.66419479006,4986.748930109644,-9588.976442406793,-0.516988500839321,5.3320707535634435,7.12686124147701,-0.87355419194029,0.07626303883995035,0.14664553862882354,0.007709895499650416,-0.008947941987270032,-0.013302618397475494,2.7878164498332986e-10,0.007711911418799448,-0.008947320826474326,-0.013301853080406423,2.7878164498332986e-10,0.005631312052700228,-0.008301193997637612,-0.01528093361535255,2.7878164498332986e-10,0.0,0.0,0.0
9.8,652.5290134333629,-5.543263177646697,3.5297815807065493,-0.0009784392703893624,-0.003082024275881681,0.014179740735802075,0.5910389144823772,-0.5845352837769717,-0.5509477277064274,0.07381003003303005,-2214340.4169775746,-4580680.570399294,3858102.440914558,0.6520220259219999,-2.021082940804749,14904.07763991598,0.0,1.1850674679904418,-0.3180389592680097,0.0269965820232313,-0.0018547802311515977,-0.014198447368837745,0.002674644354920405,-0.001018406992049207,-0.002988099659801883,0.014111037181545811,295.0694685924128,0.19771001205229563,12295.5844202574,216.64999999999998,2.211554139497816,0.00540933365381408,-0.008494716143346343,652.5621047049714,42096.148906787676,9.753578210671014,620.9139185965633,11.408679572594416,200.43176190691577,-57220.92490502994,4988.154409081325,-9613.52569614631,-0.8271239841109866,5.375458715131036,7.104833553662904,-0.8750874928034993,0.07628453302361757,0.14702097375051662,0.007711854777520156,-0.008947318253283928,-0.013301850780135733,2.7878164498332986e-10,0.007713639276846138,-0.008946691652523965,-0.013301068312001273,2.7878164498332986e-10,0.005631312052700228,-0.008301193997637612,-0.01528093361535255,2.7878164498332986e-10,0.0,0.0,0.0
9.9,651.968990841172,-5.534303246174394,3.5288529663637846,-0.0009920290369876553,-0.0030790031678170375,0.014185362983820587,0.5908730392036035,-0.5849455894567582,-0.5506256199575975,0.0742898689425564,-2214316.050045396,-4580632.802178561,3858139.5780676072,0.6520317610860418,-2.021082715118798,14883.998732694425,0.0,1.1848809764530563,-0.3194590013254784,0.027264512062804072,-0.0018748098021317378,-0.014202169139169815,0.0026839613105396985,-0.0010319037556817407,-0.002985039792415286,0.01411680925027383,295.0694685924128,0.19833641288526427,12334.540284165032,216.64999999999998,2.209656026102829,0.005412555743795079,-0.0084882706735057,652.0020293941844,42157.0636637985,9.75364023425574,620.0913242772232,11.55621540543867,201.1460202137012,-57323.58789385762,4989.764335338914,-9638.499254780785,-0.7915008566746364,5.408492591241329,7.053980614048053,-0.8766575320443196,0.0763091538478124,0.14740289782546115,0.007713802470582111,-0.008946689532556795,-0.013301067153665599,2.7878164498332986e-10,0.007715847407790738,-0.008946058913130526,-0.013300283298086978,2.7878164498332986e-10,0.005631312052700228,-0.008301193997637612,-0.01528093361535255,2.7878164498332986e-10,0.0,0.0,0.0
10.0,651.4087448088783,-5.525356814523206,3.5279104474664944,-0.0010051495189037933,-0.003075964394716079,0.01419095272183794,0.5907065296777992,-0.5853561366595529,-0.550303011774471,0.07476938339023248,-2214291.666740377,-4580585.033972006,3858176.605982185,0.652041483365053,-2.021082486529538,14863.848488911986,0.0,1.184692520013304,-0.3208794113013499,0.02753337598664615,-0.0018944100142033083,-0.014205847020452814,0.002693328118342023,-0.0010449310742236663,-0.002981962326734813,0.014122549066440705,295.0694685924128,0.19896703751501593,12373.758825968338,216.64999999999998,2.2077571557482174,0.005415763886687539,-0.008481837752982719,651.4417307277233,42218.45043990795,9.753702476404337,619.2676218920394,11.70386385743647,201.85850407120088,-57426.958150881524,4991.415726303643,-9663.592779858956,-0.7613458397484286,5.459383318427983,7.038012410489951,-0.8782383876351657,0.07633440879748966,0.1477866565637672,0.007715885809629654,-0.008946056984255109,-0.013300284192332566,2.7878164498332986e-10,0.007718001856105862,-0.008945422473980532,-0.013299502823425166,2.7878164498332986e-10,0.005631312052700228,-0.008301193997637612,-0.01528093361535255,2.7878164498332986e-10,0.0,0.0,0.0
