t_s,u_b_mps,v_b_mps,w_b_mps,p_b_rps,q_b_rps,r_b_rps,q0,q1,q2,q3,x_e_m,y_e_m,z_e_m,lat_rad,long_rad,h_m,m_fuel_kg,phi_rad,theta_rad,psi_rad,phi_dot_rps,theta_dot_rps,psi_dot_rps,p_nb_rps,q_nb_rps,r_nb_rps,cs_mps,rho_kgpm3,p_kgpms2,T_K,mach,alpha_rad,beta_rad,true_airspeed_mps,qbar_kgpms2,g_mag_mps2,u_n_mps,v_n_mps,w_n_mps,Fx_b_kgmps2,Fy_b_kgmps2,Fz_b_kgmps2,l_b_kgm2ps2,m_b_kgm2ps2,n_b_kgm2ps2,n_x,n_y,n_z,dela_ach_rad,dele_ach_rad,delr_ach_rad,delt_ach_pct,dela_cmd_rad,dele_cmd_rad,delr_cmd_rad,delt_cmd_pct,dela_trim_rad,dele_trim_rad,delr_trim_rad,delt_trim_pct,W_N_mps,W_E_mps,W_D_mps
0.0,708.0588673995484,0.0,12.359213503459321,0.0,0.0,0.0,-0.24000951464480716,0.7557954129298545,0.47410956876422605,0.38260795010082366,-2216637.2105906312,-4585334.303916773,3853929.2706309254,0.6510078109942242,-2.0210912738094335,16500.00000164844,0.0,2.1875369224393698e-17,0.01745329252028264,-5.551960713634028e-17,-5.8015678254190285e-05,0.00011107847446443281,4.3176858726394105e-05,-5.876921834138313e-05,0.00011107847446443281,4.317028268167801e-05,295.0694685924129,0.15391131301310526,9571.743599331414,216.64999999999998,2.4,0.017453292519943292,0.0,708.1667246217909,38593.270192504264,9.7486382360459,708.1667246217908,-3.9991237038739394e-14,-2.403126586614235e-10,-50151.56755504912,0.0,-36465.85806078792,0.0,-48570.66987372937,0.0,-0.7669748362990095,0.0,0.5576773943501583,0.0,0.0,0.0,0.0,4.1803940204801005e-06,-0.003000816634700229,6.308244079827033e-06,0.0,0.0,0.0,0.0,0.0,0.0,0.0,0.0
0.1,707.3139115976719,0.0030091970909560902,11.419940858548859,-2.1838063319207893e-07,-0.03743230512630914,3.4797731698886617e-06,-0.23954296314189144,0.7561721147068498,0.47434196604384216,0.3818672543562749,-2216618.534994294,-4585295.672310158,3853985.5592294014,0.6510189128410708,-2.021091273747911,16499.977691765875,0.0,-5.8097564606832725e-06,0.015502558786246996,4.448001892458852e-06,-5.817486021558199e-05,-0.03732134571467173,4.698911998312334e-05,-5.890328263273783e-05,-0.03732134598700441,4.676664573419105e-05,295.0694685924128,0.15391185593033774,9571.777363350726,216.65,2.3974222047848794,0.016144103091740393,4.253846705818955e-06,707.406095957525,38510.54593719946,9.748638860253982,707.4059496113102,0.006222087165519797,0.45383229174276707,-50173.68480140732,-4.2605367245707715,-32466.55918008088,0.06197076194872023,-37720.01583011525,8.211899871214918,-0.767313078396554,-6.515697546814965e-05,0.49651556524134355,1.8037502626143327e-07,-0.003768260256895338,1.6800057156898496e-07,0.0,4.1803940204801005e-06,-0.003000816634700229,6.308244079827033e-06,0.0,0.0,0.0,0.0,0.0,0.0,0.0,0.0
0.2,706.5975514075949,0.0054703068970194,8.378692372490566,6.66507114141822e-07,-0.06087043728300727,1.2901252620187143e-05,-0.23833088340985023,0.7571455809277047,0.4749483468349924,0.3799377485681782,-2216599.8611557805,-4585257.045788612,3854041.7545049847,0.6510300025349391,-2.021091273562573,16499.903863753192,0.0,-1.1593254159684812e-05,0.010411702911692536,9.64016545607034e-06,-5.720168730993252e-05,-0.06075959657240133,5.719583801396951e-05,-5.779718262401477e-05,-0.060759597231368125,5.648833647628521e-05,295.0694685924128,0.1539136525577469,9571.889095598128,216.65,2.3948503702616537,0.011857244179272593,7.741213288526068e-06,706.6472261114493,38428.414456477054,9.748639641626047,706.6462514407608,0.012379628128665707,1.0214845056706112,-50335.52121038603,-7.6052551273668145,-21971.889284641667,0.21233195780374325,-17491.259851614926,14.099685861689618,-0.7697880649091375,-0.00011630821509061906,0.3360191317802868,9.120190354168818e-07,-0.008493949626928347,8.941633923767963e-07,0.0,4.1803940204801005e-06,-0.003000816634700229,6.308244079827033e-06,0.0,0.0,0.0,0.0,0.0,0.0,0.0,0.0
0.30000000000000004,705.8768129153523,0.0070958922631102145,4.493669545614743,3.1472395269700125e-06,-0.06726458646789527,2.601034446498649e-05,-0.23677440573052927,0.7583870632241693,0.4757222934221122,0.37745856582749876,-2216581.1840647254,-4585218.413917417,3854097.8517666054,0.6510410805910906,-2.0210912732594224,16499.766464610584,0.0,-1.720468806791604e-05,0.0038777895679136232,1.6036581765456498e-05,-5.47543306863763e-05,-0.06715386391739121,7.113637914334934e-05,-5.5030181903975606e-05,-0.0671538651313224,6.9980483004467e-05,295.0694685924128,0.15391699620816673,9572.09703719695,216.64999999999998,2.3922878897212017,0.006365995822349222,1.0052389241021286e-05,705.8911163400996,38347.0549870172,9.748640617099019,705.8887377180957,0.018493244942829386,1.7563995252778297,-50429.73988280976,-9.685329930050363,-9729.61361157348,0.32660934202263536,1884.2659901271484,17.211274095603027,-0.771228964055095,-0.0001481190857982345,0.14879632224452563,1.802389581454968e-06,-0.011599633598003901,1.8880424239165297e-06,0.0,4.1803940204801005e-06,-0.003000816634700229,6.308244079827033e-06,0.0,0.0,0.0,0.0,0.0,0.0,0.0,0.0
0.4,705.1370945545276,0.007720543283116858,0.8773339039064152,8.385910372091341e-06,-0.05913323471568233,4.011276465744313e-05,-0.2352456550649818,0.7595972153438003,0.4764759388203399,0.3750226487212011,-2216562.4976398507,-4585179.764141783,3854153.8383883536,0.6510521467605951,-2.0210912728363244,16499.546743732877,0.0,-2.2455127689199994e-05,-0.0025308651514711795,2.3892570155698872e-05,-4.972523688318358e-05,-0.059022629890064945,8.578241709382042e-05,-4.95081333849201e-05,-0.05902263180143333,8.445678165158526e-05,295.0694685924129,0.1539223431833447,9572.429565550021,216.64999999999998,2.3897343352777685,0.001244202663518299,1.0948987603369016e-05,705.1376403874541,38266.563849693106,9.748641844082321,705.1324427797961,0.024587668394117263,2.6619357001573745,-50392.62862925196,-10.158169665935333,988.5497582202693,0.4538114184326962,16149.158316874575,16.642751339773508,-0.7706614165384376,-0.00015535028906277795,-0.015118027729685266,3.2269501876537896e-06,-0.012677849889021172,3.6021290284312927e-06,0.0,4.1803940204801005e-06,-0.003000816634700229,6.308244079827033e-06,0.0,0.0,0.0,0.0,0.0,0.0,0.0,0.0
0.5,704.3849078110989,0.007400651096698198,-1.6685083115310468,1.5460499736210164e-05,-0.041837689908012156,5.2514840942361074e-05,-0.23403018791225993,0.7605535088016545,0.477069787807444,0.37308503541203575,-2216543.7965790494,-4585141.0854896065,3854209.705399494,0.6510632010830125,-2.021091272293633,16499.229568792507,0.0,-2.7094912685823675e-05,-0.007618373580238933,3.31237120411341e-05,-4.2955432982539374e-05,-0.041727202523766695,9.828813935578446e-05,-4.2206644461702505e-05,-0.04172720517148128,9.715469212170268e-05,295.0694685924128,0.15393006173312893,9572.909582113114,216.64999999999998,2.387189997470226,-0.0023687406876528325,1.0506514623029956e-05,704.386883982663,38187.03762306445,9.748643368919268,704.3770327431303,0.03068702351037801,3.697755713480447,-50295.744427247075,-9.284454951176027,8050.935486903026,0.4489805556209507,23460.826446455045,13.327471261557992,-0.7691797530811371,-0.00014198844948340694,-0.12312406626858599,4.5400469667388245e-06,-0.011434240600281186,5.39107813302478e-06,0.0,4.1803940204801005e-06,-0.003000816634700229,6.308244079827033e-06,0.0,0.0,0.0,0.0,0.0,0.0,0.0,0.0
0.6000000000000001,703.6332616038841,0.006340496862298126,-2.7694596170465666,2.208942132935668e-05,-0.021343499956974366,6.14367455529197e-05,-0.23327789342056302,0.7611438950623642,0.4774337101556665,0.37188476083818317,-2216525.0773483575,-4585102.370655844,3854265.446556143,0.6510742435512314,-2.021091271630891,16498.804698324762,0.0,-3.1069084001596535e-05,-0.01076173863852345,4.342368043748531e-05,-3.658712899414938e-05,-0.021233129901028408,0.00010692532770389338,-3.543644877487021e-05,-0.021233133212659985,0.00010625944203623761,295.0694685924128,0.15394040108671506,9573.552586448352,216.64999999999998,2.3846544177680844,-0.003935921547698104,9.011011980732848e-06,703.6387118273783,38108.518699625354,9.748645222973098,703.6221976463926,0.036808316691210125,4.802872130988489,-50199.689950323016,-7.382884921539605,10482.02555007719,0.3834300495261168,23138.32992053868,8.141270347182317,-0.7677107787238799,-0.00011290747687790233,-0.1603030617443402,5.482106527629055e-06,-0.008299747442906048,7.032103174635241e-06,0.0,4.1803940204801005e-06,-0.003000816634700229,6.308244079827033e-06,0.0,0.0,0.0,0.0,0.0,0.0,0.0,0.0
0.7000000000000001,702.8887866450629,0.004848207534947445,-2.50246360236806,2.7771798788024267e-05,-0.00396165195413297,6.572326204385921e-05,-0.23298800812564777,0.7613731248039699,0.4775708903345181,0.37142086087842835,-2216506.3387319366,-4585063.617130505,3854321.059908801,0.6510852741877055,-2.02109127084766,16498.268729917705,0.0,-3.443723355579255e-05,-0.011968195641846022,5.4348404143002276e-05,-3.1024752148126686e-05,-0.003851399175992321,0.00011075762331035546,-2.9699214888537535e-05,-0.0038514029876215664,0.00011061705947246129,295.0694685924128,0.1539534440428447,9574.363727808955,216.64999999999998,2.3821279941483064,-0.0035602403633937523,6.8975019956904896e-06,702.893241352451,38031.035280205804,9.748647416664657,702.868295510844,0.042961799162115524,5.909825496029536,-50130.298841010925,-4.960419650050802,8724.032084393431,0.25873926825818344,16733.161355605964,2.3585731732669104,-0.7666495709232098,-7.586038153036906e-05,-0.13341782532421195,5.997129661035308e-06,-0.004600588971752018,8.228274375678112e-06,0.0,4.1803940204801005e-06,-0.003000816634700229,6.308244079827033e-06,0.0,0.0,0.0,0.0,0.0,0.0,0.0,0.0
0.8,702.1493101623382,0.0032675589905308603,-1.2892200200291772,3.152831620668937e-05,0.006255550598617206,6.533312250579088e-05,-0.23303669399332078,0.7613390118281654,0.4775429031898277,0.3714962436165559,-2216487.5812866413,-4585024.826099969,3854376.5448274743,0.6510962927898355,-2.0210912699409906,16497.622321642004,0.0,-3.732775545867196e-05,-0.011757504274830986,6.541650674580496e-05,-2.724454162773582e-05,0.006365686160827745,0.00010998647687150492,-2.5951404949859462e-05,0.006365682051128353,0.00011021649145358267,295.0694685924128,0.15396917458716555,9575.342010262464,216.65,2.3796107984003343,-0.001836103165805449,4.653644795055992e-06,702.1504937407539,37954.58062092705,9.748649947968755,702.1158467804634,0.04914940099613172,6.966202440475144,-50070.470795636626,-2.5500335784893795,4284.575501697847,0.11340632462923454,7341.667301721047,-2.8611871286747412,-0.7657346123776634,-3.899801505251183e-05,-0.06552460380063657,6.056511132248128e-06,-0.0015714729260454282,8.827788618087483e-06,0.0,4.1803940204801005e-06,-0.003000816634700229,6.308244079827033e-06,0.0,0.0,0.0,0.0,0.0,0.0,0.0,0.0
0.9,701.4103717643899,0.0018922069555488677,0.2681759300146771,3.2968699967952036e-05,0.008306837552143797,6.124527362557222e-05,-0.2332277102344867,0.7611940534726668,0.4774455750804899,0.37179842289519033,-2216468.807762155,-4584986.003213059,3854431.9093904,0.6511072997688261,-2.0210912689142284,16496.875364094973,0.0,-3.9954231313952446e-05,-0.010950873440438056,7.622470089847167e-05,-2.5704566516295155e-05,0.008416856020769756,0.00010575397020288124,-2.4546491319480758e-05,0.008416851788986436,0.00010608391809995078,295.0694685924128,0.1539873520289482,9576.472465253908,216.64999999999998,2.3771026747696444,0.0003823381115288429,2.69771719012473e-06,701.4104230338821,37879.085525843104,9.748652786617253,701.3653034193647,0.055364282102608825,7.949062437631326,-49997.181204172615,-0.5752975923613816,-940.5725834112233,-0.040978641365260755,-2035.483665690395,-6.712265788656042,-0.7646137845520161,-8.798105388037113e-06,0.014384306181403324,5.645444095049707e-06,0.00046920950450791776,8.826974308795321e-06,0.0,4.1803940204801005e-06,-0.003000816634700229,6.308244079827033e-06,0.0,0.0,0.0,0.0,0.0,0.0,0.0,0.0
1.0,700.6708552236761,0.0009309952682204688,1.6438701617993612,3.2416687614846677e-05,0.0036255625505063997,5.4688161781456845e-05,-0.2333815155519698,0.7610777450171075,0.47736651844606826,0.3720414711550693,-2216450.0205079755,-4584947.1533488855,3854487.1570552997,0.6511182950417829,-2.0210912677657507,16496.03425785899,0.0,-4.253011876099714e-05,-0.010299633818829689,8.64905083065946e-05,-2.615016420148008e-05,0.0037354640761940033,9.933739143006984e-05,-2.5127043534648812e-05,0.003735459848208664,9.949099214028446e-05,295.0694685924128,0.15400782060805063,9577.745406061023,216.64999999999998,2.3746027907828258,0.002346133185649456,1.3287161853852425e-06,700.6727835943489,37804.48065842481,9.748655913005102,700.6166978490543,0.061597603655339464,8.860308432408576,-49917.05971138259,0.7010314464919605,-5160.860828928446,-0.16696044358213807,-8159.492797272276,-8.802037376164689,-0.7633884755175735,1.0720970552385012e-05,0.07892575611090465,5.06447257634754e-06,0.0009942829082669534,8.40742585648361e-06,0.0,4.1803940204801005e-06,-0.003000816634700229,6.308244079827033e-06,0.0,0.0,0.0,0.0,0.0,0.0,0.0,0.0
1.1,699.9329667749279,0.00048818553492637194,2.4988908573676807,2.9850805198682043e-05,-0.004516563731452912,4.729056596432625e-05,-0.2333746370565898,0.7610863147172301,0.47736613476273265,0.3720287677643134,-2216431.2215378415,-4584908.280682665,3854542.291144867,0.6511292785830588,-2.021091266494734,16495.10470136348,0.0,-4.5256191277890115e-05,-0.01032075115777907,9.607030121753512e-05,-2.864400832707114e-05,-0.004406778971342661,9.23006298566914e-05,-2.769141340622658e-05,-0.004406783143782337,9.209627993899536e-05,295.0694685924129,0.15403044165143917,9579.15220860871,216.65,2.3721106451723895,0.003570170800525158,6.974702533921144e-07,699.9374275134226,37730.7118587216,9.748659309680448,699.8698473849487,0.06783798303609365,9.722463304774866,-49832.75412268031,1.1348717381269298,-7430.708028877045,-0.25382856624484584,-10051.494103815634,-8.881891176064574,-0.7620991785275432,1.735574993971735e-05,0.11363884225110191,4.2538073536602145e-06,0.00022405571827394964,7.550469141656327e-06,0.0,4.1803940204801005e-06,-0.003000816634700229,6.308244079827033e-06,0.0,0.0,0.0,0.0,0.0,0.0,0.0,0.0
1.2000000000000002,699.1989469780542,0.0005523651744775715,2.7453048577518686,2.621594469605083e-05,-0.012752851436196897,4.052543883053566e-05,-0.23316622972750764,0.76125151915937,0.4774643056470896,0.3716953229539852,-2216412.4119926607,-4584869.387574432,3854597.3138824105,0.6511402504212861,-2.0210912651011794,16494.090124668553,0.0,-4.829760208352324e-05,-0.011185055627309554,0.00010497366216429663,-3.2248918479363854e-05,-0.012643183244331646,8.599858666785877e-05,-3.128703955995887e-05,-0.012643187382851237,8.538257174370314e-05,295.0694685924128,0.15405513168754548,9580.68768180065,216.64999999999998,2.3696261758858963,0.0039263370779998525,7.899910593480477e-07,699.2043364813228,37657.75279438937,9.74866296614079,699.124460667082,0.07407461199414037,10.565548996467674,-49756.951630308475,0.8353735652235662,-7741.283069872604,-0.25454864627066337,-8712.203825873357,-7.466512104959172,-0.7609399205618949,1.277548309397479e-05,0.11838850916758786,3.5628487660514357e-06,-0.001066410168519983,6.653630700489538e-06,0.0,4.1803940204801005e-06,-0.003000816634700229,6.308244079827033e-06,0.0,0.0,0.0,0.0,0.0,0.0,0.0,0.0
1.3,698.4690961606092,0.0010277509133905537,2.4896721236845543,2.257661991004674e-05,-0.018807476371246537,3.543820441364139e-05,-0.23278312528661194,0.7615520322531516,0.47764757699125004,0.3710838994718641,-2216393.5920152348,-4584830.4743197905,3854652.22554239,0.6511512105599342,-2.021091263585067,16492.99095278699,0.0,-5.170635257455788e-05,-0.01277969083206619,0.00011332319532995815,-3.5894091715868724e-05,-0.018697924542549784,8.13621612331325e-05,-3.485433675263621e-05,-0.018697928724151953,8.038871568208937e-05,295.0694685924128,0.1540818803735527,9582.351182417124,216.65,2.3671494602949275,0.0035644548818530553,1.4714242764417488e-06,698.4735333280411,37585.59960605361,9.748666881085095,698.3802035124216,0.08029915928160662,11.415444771247596,-49690.58235687336,-0.040529499911321404,-6536.788096892557,-0.21769878062689574,-5274.898026681012,-4.965987128458847,-0.7599249261138687,-6.198232293665743e-07,0.09996800149930175,3.034130382171724e-06,-0.00247454602192319,5.808287607585684e-06,0.0,4.1803940204801005e-06,-0.003000816634700229,6.308244079827033e-06,0.0,0.0,0.0,0.0,0.0,0.0,0.0,0.0
1.4000000000000001,697.7423465553684,0.0017635988717383665,1.9495092794964237,1.9474594656567518e-05,-0.02156922342933641,3.267083832223277e-05,-0.23229336909771592,0.7619343848102419,0.4778823051101054,0.3703028759566007,-2216374.7609240226,-4584791.5395169305,3854707.024303461,0.6511621589203979,-2.021091261945706,16491.804839569144,0.0,-5.546111024057172e-05,-0.01481923523656245,0.0001213159335511316,-3.903395238720892e-05,-0.02145978774567024,7.89390137037041e-05,-3.786417939047776e-05,-0.0214597920902304,7.774016219978705e-05,295.0694685924128,0.1541107448037344,9584.146261150661,216.65,2.3646806745856046,0.0027940173276693727,2.527569090007781e-06,697.7450700407226,37514.26802621667,9.748671061694681,697.6367915520578,0.08650617976941415,12.28892449867964,-49627.193498628476,-1.2525073384435885,-4592.07242165684,-0.15700910758162387,-1298.3109487083905,-1.9554361703707859,-0.758955511566214,-1.9154767392098488e-05,0.07022719658777377,2.721494716276149e-06,-0.00361034512587615,5.124004332649561e-06,0.0,4.1803940204801005e-06,-0.003000816634700229,6.308244079827033e-06,0.0,0.0,0.0,0.0,0.0,0.0,0.0,0.0
1.5,697.0176133617587,0.002585615027864119,1.3609817827616089,1.7237461482329555e-05,-0.02126200667575836,3.231048057217679e-05,-0.23177614763158327,0.7623368869174498,0.47812968101255476,0.3694783376122003,-2216355.918043636,-4584752.581732591,3854761.711139666,0.6511730957752688,-2.0210912601861852,16490.531112790108,0.0,-5.948837711175385e-05,-0.016972151691947882,0.00012918360630185125,-4.134068699519287e-05,-0.0211526869083727,7.877462857004787e-05,-4.000377623551595e-05,-0.021152691556444315,7.750494401724374e-05,295.0694685924129,0.15414174133689074,9586.073935354929,216.65,2.362219803364864,0.0019525762721999535,3.709533373890916e-06,697.0189420773445,37443.757712276114,9.748675510042254,696.8940846757072,0.09269386906759332,13.190106272257777,-49561.670745819,-2.511855528830878,-2695.716996525616,-0.07877860123766448,1827.1483668388635,0.8727910325102941,-0.7579534630748135,-3.841415287602246e-05,0.04122597164783012,2.620256447192977e-06,-0.004184671302622257,4.752890136721925e-06,0.0,4.1803940204801005e-06,-0.003000816634700229,6.308244079827033e-06,0.0,0.0,0.0,0.0,0.0,0.0,0.0,0.0
1.6,696.2946156167038,0.003337633528269649,0.9016371711481346,1.6139335270214856e-05,-0.018830707640265815,3.405373424301307e-05,-0.23129387591242642,0.7627113531812211,0.47835938334008826,0.3687096238449073,-2216337.0622770577,-4584713.59871433,3854816.2828334323,0.6511840209617785,-2.02109125830506,16489.165827091783,0.0,-6.369328914646968e-05,-0.018977634423934908,0.00013713710553797738,-4.253973275875508e-05,-0.018721503538418904,8.057165908521911e-05,-4.10107650480041e-05,-0.018721508631393758,7.936471625392171e-05,295.0694685924128,0.15417496598452515,9588.140175984736,216.64999999999998,2.359767015931662,0.001294906849738194,4.7934174057105514e-06,696.2951993928592,37374.093478811345,9.748680238202443,696.1520833230356,0.09886334394591788,14.114706063098046,-49493.7173565698,-3.60376551995134,-1348.2886994605276,0.007778989733085338,3540.3953562346073,3.1106080388380994,-0.7569142425252633,-5.5112882896248024e-05,0.020619564950137476,2.780458946988513e-06,-0.004197575745889099,4.681148011606652e-06,0.0,4.1803940204801005e-06,-0.003000816634700229,6.308244079827033e-06,0.0,0.0,0.0,0.0,0.0,0.0,0.0,0.0
1.7000000000000002,695.5735228462048,0.0038984193683941058,0.6635216899431785,1.630217817714337e-05,-0.01557863186194332,3.7266448936080875e-05,-0.23088198983938338,0.7630308352457984,0.47855444342822756,0.3680530581063497,-2216318.1929914304,-4584674.589146191,3854870.738562529,0.6511949345166476,-2.021091256302912,16487.70732025057,0.0,-6.79551284799064e-05,-0.020688144718050805,0.00014534519590943644,-4.2502344564404685e-05,-0.015469543165296036,8.374609123313707e-05,-4.0769916895220965e-05,-0.0154695488193362,8.267693525094629e-05,295.0694685924128,0.15421045919736046,9590.347498670284,216.64999999999998,2.3573223032819772,0.0009539199910427511,5.604608954481454e-06,695.5738393304556,37305.28087553045,9.748685251268029,695.4109122402352,0.10501814492464838,15.052478637727356,-49425.26316860004,-4.357326598209039,-772.1048376556058,0.08025942063886174,3759.255078803803,4.433751561967216,-0.7558673631918413,-6.663719634873585e-05,0.011807905721323004,3.126190624572673e-06,-0.003794232807080892,4.894363020856695e-06,0.0,4.1803940204801005e-06,-0.003000816634700229,6.308244079827033e-06,0.0,0.0,0.0,0.0,0.0,0.0,0.0,0.0
1.8,694.8545415510185,0.004200240360526276,0.6495610883997309,1.748367279395945e-05,-0.01266131266340108,4.114372839864241e-05,-0.2305457364788846,0.7632917229867356,0.47871257035645065,0.3675168666620526,-2216299.309904193,-4584635.552441123,3854925.0779255643,0.6512058364522201,-2.0210912541799546,16486.154828352854,0.0,-7.215841915312113e-05,-0.022082393094298807,0.00015390915351221762,-4.145803103045515e-05,-0.0125523391185183,8.756265292792619e-05,-3.952459525128088e-05,-0.012552345402681452,8.663554744137302e-05,295.0694685924128,0.15424823956546965,9592.697059528093,216.64999999999998,2.354885608763175,0.0009348156489513969,6.044773796607918e-06,694.8548451736706,37237.31861893891,9.748690551579621,694.6707546623737,0.11116330020920229,15.992206511221513,-49357.68254675004,-4.703241301256662,-894.5524947724606,0.1152740556554839,2911.753299337367,4.795863201364588,-0.7548338434255151,-7.192731758875798e-05,0.013680514621719018,3.513949026800977e-06,-0.003252127514237837,5.272464575767809e-06,0.0,4.1803940204801005e-06,-0.003000816634700229,6.308244079827033e-06,0.0,0.0,0.0,0.0,0.0,0.0,0.0,0.0
1.9000000000000001,694.1377565388351,0.004227041126957396,0.8024948165942293,1.9119989201715916e-05,-0.01075341510383695,4.493154590612216e-05,-0.23026872434051382,0.7635069163800193,0.47884185765574666,0.3670748413924135,-2216280.4128847867,-4584596.488347998,3854979.299492359,0.6512167266174546,-2.0210912519345663,16484.507257048972,0.0,-7.623064653676958e-05,-0.02322929679153551,0.00016286324622557337,-3.995682660225052e-05,-0.010644556474239425,9.132658486721905e-05,-3.78355650416271e-05,-0.010644563403317443,9.049050436547569e-05,295.0694685924128,0.15428833372018846,9595.190514760767,216.64999999999998,2.3524569442789662,0.0011561025913136278,6.089624519357234e-06,694.1382204349259,37170.20952926907,9.74869614248162,693.9318095466912,0.11730420386241493,16.925159841469405,-49291.0198604012,-4.635747268305968,-1496.0329413970055,0.13013287649779098,1497.6620196530603,4.255630403310097,-0.7538143617733507,-7.08951220384056e-05,0.02287903800945849,3.893652271839181e-06,-0.002749349143302838,5.742413085147202e-06,0.0,4.1803940204801005e-06,-0.003000816634700229,6.308244079827033e-06,0.0,0.0,0.0,0.0,0.0,0.0,0.0,0.0
2.0,693.4231263866976,0.004021876822539803,1.031702845867889,2.107945085085756e-05,-0.0101358034077555,4.7942075671804614e-05,-0.23002156900186446,0.7636991061563084,0.478956577244774,0.36668012057956073,-2216261.5024656667,-4584557.397944013,3855033.405906574,0.6512276052283928,-2.021091249568815,16482.767162026837,0.0,-8.013256099158744e-05,-0.02425178701940357,0.00017216141452930297,-3.8117908474700484e-05,-0.010027059505451458,9.439226305815833e-05,-3.582895180479379e-05,-0.010027067034927973,9.356101179338415e-05,295.0694685924128,0.15433067946806506,9597.823996557925,216.64999999999998,2.3500360684903563,0.0014878391638914123,5.800026301268659e-06,693.4238939024525,37103.92705241734,9.748702016158896,693.1941618204866,0.12344583832167721,17.846500661390376,-49224.85936766723,-4.225910479807926,-2280.0994523071845,0.1234932903200282,29.934432254087433,3.010278940536116,-0.7528025602373689,-6.462743153356611e-05,0.03486987524884857,4.237905174038098e-06,-0.002386719422977393,6.257382009409222e-06,0.0,4.1803940204801005e-06,-0.003000816634700229,6.308244079827033e-06,0.0,0.0,0.0,0.0,0.0,0.0,0.0,0.0
2.1,692.7106736278316,0.0036589216628963527,1.2531942253670947,2.28126804922925e-05,-0.010607385158131257,4.983514393927749e-05,-0.22977542655301433,0.7638904020543766,0.479070653456988,0.36628675076275513,-2216242.5791985146,-4584518.282352448,3855087.3994948096,0.6512384724567647,-2.0210912470842306,16480.9369464973,0.0,-8.385783974477145e-05,-0.025270303463022822,0.00018171130757931774,-3.6485094160051955e-05,-0.010498755840693215,9.642495172152664e-05,-3.404866570038805e-05,-0.010498763887185337,9.55137621172203e-05,295.0694685924128,0.15437521832622386,9600.593867869897,216.65,2.347622783638546,0.0018091144050265964,5.28202583636914e-06,692.7118072236667,37038.447076620934,9.748708165261057,692.4578072958229,0.12959142674344754,18.755939669599524,-49159.23797895112,-3.6429738470582955,-2978.045695570268,0.0809120903357581,-1058.8021331870468,1.580149995158616,-0.7517990032934506,-5.571250124778622e-05,0.0455436633629415,4.424568955876621e-06,-0.0022324365011832307,6.561870774233077e-06,0.0,4.1803940204801005e-06,-0.003000816634700229,6.308244079827033e-06,0.0,0.0,0.0,0.0,0.0,0.0,0.0,0.0
2.2,692.0005498932699,0.003219591254128779,1.407721352423392,2.404345336124666e-05,-0.011736740771091625,5.0474557733326325e-05,-0.22950885983695707,0.7640971194916879,0.47919437113411234,0.365860630470508,-2216223.643159292,-4584479.141760456,3855141.278677443,0.6512493280868035,-2.0210912444782436,16479.015810861252,0.0,-8.744512064087325e-05,-0.026374164413632058,0.00019140685222849234,-3.533193233602528e-05,-0.011628225927518566,9.72683017763827e-05,-3.276685955283733e-05,-0.011628234385740382,9.621764200029305e-05,295.0694685924128,0.15442196975315514,9603.501338820073,216.64999999999998,2.3452171620754934,0.0020342749883566938,4.652575193513726e-06,692.0019817474223,36973.7728317763,9.748714592226705,691.7227307081038,0.1357431616861306,19.656051919525368,-49094.68116760183,-2.9542473876187416,-3409.3876455577965,0.04772495018721977,-1516.742682586098,-0.012199328043698004,-0.7508117270779614,-4.517971255870632e-05,0.05214023526704888,4.5113067934085315e-06,-0.002304019185497403,6.834842718245502e-06,0.0,4.1803940204801005e-06,-0.003000816634700229,6.308244079827033e-06,0.0,0.0,0.0,0.0,0.0,0.0,0.0,0.0
2.3000000000000003,691.2928351403409,0.0027923194073232126,1.4712677678162562,2.4746038266396535e-05,-0.013041290813303266,4.991113719548745e-05,-0.2292119478863913,0.7643266974332403,0.479332452317639,0.36538603123121194,-2216204.6945742005,-4584439.976636849,3855195.044045067,0.6512601721431505,-2.021091241750775,16477.004524709657,0.0,-9.093935479788648e-05,-0.027604525189736773,0.00020112547087360941,-3.46829873789435e-05,-0.012932890365172181,9.69388404286255e-05,-3.2007376553629146e-05,-0.012932899123891933,9.57257994956345e-05,295.0694685924128,0.15447091502062604,9606.54524469977,216.65,2.3428191472335667,0.002128281202434448,4.039262294285526e-06,691.2944007823382,36909.89434515682,9.748721294700982,690.9888215058405,0.14190156947365962,20.55109396313649,-49031.59394388544,-2.325992466754351,-3533.0322785467047,0.0019753632216043056,-1411.5055376868065,-1.3253579677018588,-0.749846925468733,-3.557172344540289e-05,0.05403114968446616,4.45329640703723e-06,-0.0025066713605203066,6.91899779721346e-06,0.0,4.1803940204801005e-06,-0.003000816634700229,6.308244079827033e-06,0.0,0.0,0.0,0.0,0.0,0.0,0.0,0.0
2.4000000000000004,690.587541614294,0.0024503996379795106,1.4526401902445925,2.488700146911094e-05,-0.014095590904522932,4.842439896746687e-05,-0.22888608660734286,0.76457790802688,0.4794841690192009,0.364865272943776,-2216185.733428949,-4584400.786962835,3855248.695108437,0.6512710045674274,-2.021091238900901,16474.90277066268,0.0,-9.439862364857847e-05,-0.028955270492553108,0.00021075948020703435,-3.457390730564721e-05,-0.013987304782230266,9.567787786832804e-05,-3.180391557340793e-05,-0.013987313747983173,9.431738939212122e-05,295.0694685924128,0.1545220618521725,9609.726065835632,216.64999999999998,2.3404287563683615,0.002103481398435407,3.5482745767212935e-06,690.5890694200141,36846.810346437,9.748728273653688,690.2559614054034,0.14806551658909695,21.445386004816587,-48969.96532096511,-1.8454036917761443,-3420.364551403677,-0.030447955658816153,-1018.0256188619155,-2.2325238153089972,-0.7489044304425552,-2.822201305775735e-05,0.052308106601379016,4.342858635344621e-06,-0.002694912374262209,6.888926728342315e-06,0.0,4.1803940204801005e-06,-0.003000816634700229,6.308244079827033e-06,0.0,0.0,0.0,0.0,0.0,0.0,0.0,0.0
2.5,689.88455142449,0.0022370920899033734,1.3810078566061594,2.44126798382173e-05,-0.014691221100989329,4.6450777390036686e-05,-0.22854027969852184,0.7648437742921395,0.47964516630620074,0.3643127864271636,-2216166.759941363,-4584361.573159143,3855302.234358007,0.6512818256257333,-2.021091235931171,16472.712432688102,0.0,-9.787693816598439e-05,-0.030388615214845108,0.00022023877432902068,-3.5064828084218894e-05,-0.014583049227452776,9.389738647060911e-05,-3.221185568915102e-05,-0.014583058343746222,9.242668953940469e-05,295.0694685924128,0.15457536440085876,9613.040951007019,216.65,2.338045806519591,0.002001792921884478,3.242698511030866e-06,689.8859336744549,36784.50052897672,9.748735523329394,689.5240208996277,0.15423218852818799,22.34177958349604,-48909.57073370683,-1.5871239311646503,-3145.2399966699136,-0.06325939280285911,-396.1748299523651,-2.56452922582228,-0.747980807693876,-2.427210507338759e-05,0.048100588858346435,4.1171741413828075e-06,-0.002906816557826347,6.688711878096808e-06,0.0,4.1803940204801005e-06,-0.003000816634700229,6.308244079827033e-06,0.0,0.0,0.0,0.0,0.0,0.0,0.0,0.0
2.6,689.183778440588,0.0021672818859930646,1.2913020346332793,2.362727550475964e-05,-0.014796463604507008,4.43865905201809e-05,-0.22818615840266193,0.7651153764689695,0.4798098501623555,0.36374717150220875,-2216147.7739998735,-4584322.334994398,3855355.6617594073,0.6512926353386502,-2.0210912328416315,16470.433283311315,0.0,-0.00010142332153742544,-0.03185589431849461,0.00022953269255483584,-3.585894485608781e-05,-0.014688405876994137,9.198367008402884e-05,-3.292921835496906e-05,-0.014688415126002656,9.044725422602737e-05,295.0694685924128,0.15463082820234939,9616.490244476874,216.65,2.335670279499464,0.0018736664499880223,3.144702689655419e-06,689.1849881789991,36722.96210240545,9.748743044426588,688.7929414870197,0.1603987512318526,23.2414991646077,-48850.04971321752,-1.5283761823380682,-2848.238206775321,-0.0640751398857502,125.83921915065073,-2.4916342349142533,-0.7470705445222208,-2.3373667651870406e-05,0.043558499542097645,3.9557372652595225e-06,-0.0030186348635633433,6.507604771375872e-06,0.0,4.1803940204801005e-06,-0.003000816634700229,6.308244079827033e-06,0.0,0.0,0.0,0.0,0.0,0.0,0.0,0.0
2.7,688.4851815621288,0.002234700406816707,1.2132796642184298,2.2813489471745792e-05,-0.01452312675404017,4.254931046228409e-05,-0.22783414391441148,0.76538478738408,0.4799732424361279,0.3631850538173124,-2216128.775333645,-4584283.071923315,3855408.97595805,0.6513034335955346,-2.0210912296310006,16468.064014822245,0.0,-0.00010504896434308889,-0.03331362793543573,0.00023864162078740723,-3.668158060536677e-05,-0.014415183035777808,9.02584735707623e-05,-3.367529953150532e-05,-0.014415192432538316,8.869409333088951e-05,295.0694685924128,0.15468848508017158,9620.07592535015,216.64999999999998,2.333302235223952,0.0017622433143993697,3.2458170440308404e-06,688.4862506130206,36662.200979180525,9.74875084094536,688.062722836492,0.1665625606531102,24.144303234336427,-48791.260308052384,-1.6702016225003053,-2607.1712780200432,-0.06431485157483574,483.34741202228895,-1.9991058049224617,-0.7461714700445755,-2.5542623659717372e-05,0.03987182976819205,3.801109940019526e-06,-0.0030601516716120113,6.3032410819951836e-06,0.0,4.1803940204801005e-06,-0.003000816634700229,6.308244079827033e-06,0.0,0.0,0.0,0.0,0.0,0.0,0.0,0.0
2.8000000000000003,687.788761851045,0.0024091240161808716,1.1665720570734541,2.180783736150375e-05,-0.014053709478003872,4.129994351375199e-05,-0.22749155008019972,0.7656464983550294,0.4801318632155655,0.36263809176050954,-2216109.7636031085,-4584243.783267736,3855462.1748498552,0.6513142202064764,-2.0210912262972003,16465.602746190503,0.0,-0.00010876761760357746,-0.03473136229131732,0.00024760155521218115,-3.7708830436095234e-05,-0.013945879578021106,8.909709041376173e-05,-3.4614989197415024e-05,-0.01394588918056241,8.752649773111087e-05,295.0694685924128,0.1547483808097786,9623.800840402004,216.64999999999998,2.3309417760450466,0.001696118057036023,3.5027041505946836e-06,687.7897511774669,36602.22766588487,9.748758918637668,687.3334154773164,0.17272083533427376,25.0489066467013,-48733.15141980501,-1.9831799728974873,-2485.5748348055263,-0.06588865539686302,575.2691263341645,-1.1280664539046756,-0.7452828028059668,-3.0329044718192254e-05,0.038012238599349185,3.6174983134158006e-06,-0.0030115932643503766,6.024767682959205e-06,0.0,4.1803940204801005e-06,-0.003000816634700229,6.308244079827033e-06,0.0,0.0,0.0,0.0,0.0,0.0,0.0,0.0
2.9000000000000004,687.0946222123365,0.00263736493281475,1.155967267909207,2.0865941623917755e-05,-0.013609032565893324,4.085033798959334e-05,-0.22716074478187484,0.7658987694362716,0.4802845774613376,0.3621100449385169,-2216090.738059398,-4584204.467553271,3855515.252347993,0.651324994569864,-2.021091222833841,16463.044470043853,0.0,-0.00011259684655934776,-0.036099287973973895,0.00025648551356070355,-3.869565161719722e-05,-0.013501316231237827,8.873378914449555e-05,-3.5493120683230716e-05,-0.013501326130288151,8.715577213214314e-05,295.0694685924128,0.15481063724711494,9627.672567852867,216.65,2.3285892569416236,0.0016823973582371116,3.8384250364697485e-06,687.0955946157663,36543.078489342115,9.748767292809166,686.6051540562336,0.17887180238191341,25.95345351995305,-48675.81514076254,-2.351106972563649,-2479.735887743031,-0.044517821276963354,478.51140120239154,-0.2275073490752912,-0.7444059511864372,-3.595580304492236e-05,0.037922942776990286,3.5320888192672163e-06,-0.0029309894086565927,5.843567228607443e-06,0.0,4.1803940204801005e-06,-0.003000816634700229,6.308244079827033e-06,0.0,0.0,0.0,0.0,0.0,0.0,0.0,0.0
3.0,686.4025743488025,0.00286545506897188,1.1711193509481812,2.0306711743440337e-05,-0.013290670740400473,4.10649187513895e-05,-0.22683870568770526,0.7661440004580584,0.48043285786460416,0.36159603297985915,-2216071.699846415,-4584165.127019603,3855568.2185966675,0.6513357577124975,-2.0210912192517396,16460.397333329543,0.0,-0.00011650420433827938,-0.037430193763929864,0.0002653726764937918,-3.93224002317136e-05,-0.013183067745227208,8.904532002354331e-05,-3.5990194857391005e-05,-0.013183078022646594,8.744706677637004e-05,295.0694685924128,0.15487505613371202,9631.678778009811,216.64999999999998,2.3262439746568457,0.0017061681560257157,4.174592295186058e-06,686.4035734182977,36484.680941204504,9.748775938562654,685.87784573995,0.1850151389766812,26.856481119438104,-48619.230443135966,-2.695145308394787,-2549.1588746730135,-0.015417813717250584,287.06235757737505,0.5395010306829788,-0.7435405936051106,-4.121722874243489e-05,0.03898463808646523,3.559700039922998e-06,-0.0028516367688519945,5.7711225934184874e-06,0.0,4.1803940204801005e-06,-0.003000816634700229,6.308244079827033e-06,0.0,0.0,0.0,0.0,0.0,0.0,0.0,0.0
3.1,685.7124792927195,0.0030601843396922904,1.2008431795361056,2.0100596607119587e-05,-0.01313052850037959,4.178242050945632e-05,-0.22652182313595587,0.766384984603115,0.48057844020824364,0.36109024728872924,-2216052.649867203,-4584125.76343863,3855621.08133856,0.6513465104115724,-2.0210912155591116,16457.667609035037,0.0,-0.00012045285816669934,-0.03873925761564641,0.0002743136898393378,-3.9615922482958496e-05,-0.013023038648590687,8.987606677964193e-05,-3.613506116984083e-05,-0.013023049371822554,8.823997247987704e-05,295.0694685924128,0.15494148481448947,9635.809977254337,216.65,2.3239053977651225,0.0017512324599757278,4.4627737420205496e-06,685.7135307775944,36426.979078348624,9.748784836727285,685.151395173409,0.19115124108469375,27.757290359796112,-48563.38405058171,-2.9765608406055613,-2652.568572030397,0.0033015631573329097,87.78593942152962,1.1190627196609102,-0.7426865270250347,-4.552095527127052e-05,0.04056609684376831,3.6119685114610334e-06,-0.0028010902934966016,5.763431943586746e-06,0.0,4.1803940204801005e-06,-0.003000816634700229,6.308244079827033e-06,0.0,0.0,0.0,0.0,0.0,0.0,0.0,0.0
3.2,685.0245430225959,0.003188857084947014,1.2350962249276447,2.0161664732532916e-05,-0.013136685798488923,4.286735081534766e-05,-0.22620672303306028,0.7666242548658496,0.48072289352458514,0.3605872650064574,-2216033.5869696783,-4584086.374558892,3855673.8301178785,0.6513572516036854,-2.0210912117446918,16454.846945229918,0.0,-0.00012441864637257886,-0.04004057298729634,0.0002833599957787748,-3.965947222655916e-05,-0.013029308869697893,9.10938927738548e-05,-3.6012995114075973e-05,-0.013029320093545637,8.939978982919046e-05,295.0694685924128,0.1550101265362443,9640.078805503483,216.65,2.321574169409834,0.0018029936287145532,4.655091462429798e-06,685.025656465632,36370.03761621175,9.748794012828217,684.4259506677395,0.19728146556216344,28.65555236691191,-48508.393554751085,-3.1472263374640708,-2763.3669637834555,0.021074738310020234,-94.54958512705622,1.4121854708807575,-0.7418455497915434,-4.813096624193989e-05,0.04226055192303811,3.7081051461746878e-06,-0.002770005342522659,5.830100877032935e-06,0.0,4.1803940204801005e-06,-0.003000816634700229,6.308244079827033e-06,0.0,0.0,0.0,0.0,0.0,0.0,0.0,0.0
3.3000000000000003,684.3389263437884,0.0032316176220013025,1.2624167395714756,2.0520856159997874e-05,-0.013275139077209357,4.40510223902479e-05,-0.22588934010050385,0.766864851601942,0.4808681155652018,0.3600805631061922,-2216014.51028805,-4584046.958691471,3855726.456940242,0.6513679804725088,-2.021091207799754,16451.928983856924,0.0,-0.00012837161022134837,-0.04135109989937344,0.0002925465018140089,-3.94131823784093e-05,-0.013167874858489808,9.242817439952591e-05,-3.5592264828955864e-05,-0.013167886605002121,9.06587815140259e-05,295.0694685924128,0.15508113602425655,9644.494885121461,216.64999999999998,2.319250764982495,0.0018447223429393937,4.722239228222948e-06,684.3400907559317,36313.904252332286,9.748803486297032,683.7016098662638,0.20340819566137852,29.55144039681801,-48454.385637102736,-3.1828507294738335,-2845.050604949015,0.032912914881373545,-201.9746907801047,1.3882659296204536,-0.7410195992616477,-4.8675774979970826e-05,0.04350975110793886,3.839352019783205e-06,-0.002767568961922205,5.954318773762038e-06,0.0,4.1803940204801005e-06,-0.003000816634700229,6.308244079827033e-06,0.0,0.0,0.0,0.0,0.0,0.0,0.0,0.0
3.4000000000000004,683.6552291011767,0.0032059274825008807,1.2794389405672877,2.1184595095108095e-05,-0.013459753430088716,4.510300015189238e-05,-0.225568315579433,0.7671078567376014,0.48101480395066293,0.35956796410042074,-2215995.4222318353,-4584007.520557586,3855778.982950473,0.6513786991521342,-2.021091203746786,16448.93075640034,0.0,-0.0001322873701372991,-0.04267658458135488,0.0003018497469457205,-3.886113600725269e-05,-0.013352601807927763,9.363846982716205e-05,-3.486617885049305e-05,-0.013352614067001101,9.178682993212745e-05,295.0694685924128,0.15515409881211484,9649.032440444715,216.65,2.316933804041136,0.0018714658974426429,4.689383964046348e-06,683.6564263222156,36258.43528912121,9.74881320508333,682.9780640567976,0.20953194291972474,30.445488092004503,-48401.20708537093,-3.1088262338735033,-2888.6248711452354,0.040985258019741226,-228.2968823760625,1.110653543594786,-0.7402063323390465,-4.754370816405604e-05,0.04417613836783879,4.021428626375037e-06,-0.0027907898905285434,6.13391034360914e-06,0.0,4.1803940204801005e-06,-0.003000816634700229,6.308244079827033e-06,0.0,0.0,0.0,0.0,0.0,0.0,0.0,0.0
3.5,682.9738309501032,0.003118096635068328,1.2834241132174773,2.1784650228851963e-05,-0.013637273899631491,4.5843550713355684e-05,-0.22524243498448698,0.7673540885810799,0.48116348026877026,0.3590475137252197,-2215976.3205147428,-4583968.055684794,3855831.3877986567,0.6513894055821261,-2.0210911995638163,16445.835929321125,0.0,-0.00013614353485588566,-0.044022013229583455,0.0003112657091065263,-3.8363147118827136e-05,-0.013530234733600576,9.45381207141691e-05,-3.4202732792519795e-05,-0.013530247466493254,9.260447616151623e-05,295.0694685924128,0.15522941238151824,9653.716190857647,216.65,2.3146245529922367,0.001879168050589775,4.565462084083188e-06,682.9750368423703,36203.760088461255,9.748823219106038,682.2555495213144,0.21565559048358296,31.338353099611524,-48349.03306927454,-2.952766039751593,-2891.1005817359573,0.02920984991829819,-189.78524689525997,0.6882709363205046,-0.7394084279183987,-4.5157058101561765e-05,0.04421399975119353,4.090069042609864e-06,-0.0028232727101729495,6.273761239658816e-06,0.0,4.1803940204801005e-06,-0.003000816634700229,6.308244079827033e-06,0.0,0.0,0.0,0.0,0.0,0.0,0.0,0.0
3.6,682.294482060062,0.002997177050746635,1.2780075398044628,2.2194949887150397e-05,-0.013773781734593087,4.6241874091934616e-05,-0.2249128181362934,0.7676027174589429,0.48131364106021723,0.35852103394494594,-2215957.2065497297,-4583928.566840253,3855883.6840072917,0.6514001010295567,-2.0210911952641513,16442.654562737793,0.0,-0.00013996116388203584,-0.04538269278253729,0.0003207513475968702,-3.8042240646614194e-05,-0.013666854935191578,9.5091393726306e-05,-3.372821834677927e-05,-0.013666868096729509,9.308065609972579e-05,295.0694685924128,0.15530683191638686,9658.530911249765,216.64999999999998,2.312322187178451,0.001873100367620544,4.392783280137593e-06,682.2956789851912,36149.79233219298,9.748833497620943,681.5338687295038,0.22177896248835605,32.230424056491294,-48297.731616034784,-2.7619065736033432,-2867.035875788795,0.015923505583990492,-121.10573147185872,0.23616828285585534,-0.7386238677218051,-4.223821797469054e-05,0.043845974885686596,4.114801471229417e-06,-0.002852385431326378,6.361031464990344e-06,0.0,4.1803940204801005e-06,-0.003000816634700229,6.308244079827033e-06,0.0,0.0,0.0,0.0,0.0,0.0,0.0,0.0
3.7,681.6171650085861,0.002866416550825288,1.2671572546634884,2.2463670829971153e-05,-0.013840622645156987,4.627521631966009e-05,-0.22458072734096127,0.7678527759486677,0.48146469342334686,0.3579905643218202,-2215938.0803368795,-4583889.054024012,3855935.8716839305,0.6514107855082575,-2.0210911908477978,16439.38671967853,0.0,-0.0001437544267569164,-0.04675331734423292,0.000330272556676706,-3.784730759865036e-05,-0.013733808135879292,9.52707205893594e-05,-3.3394707915094856e-05,-0.013733821674594516,9.319231802986028e-05,295.0694685924128,0.15538635588291036,9663.476506233417,216.65,2.3100266730969885,0.0018590432576098092,4.2053101722371585e-06,681.6183428650277,36096.527473423346,9.74884404043689,680.8129968820141,0.22790243307194066,33.122027055567976,-48247.27476482296,-2.5638115043957916,-2828.410562131041,0.005205586122598164,-40.12658069107714,-0.20057031075118947,-0.737852224140458,-3.920872277276426e-05,0.04325527263919877,4.122235009686627e-06,-0.0028770357348535643,6.418618891249903e-06,0.0,4.1803940204801005e-06,-0.003000816634700229,6.308244079827033e-06,0.0,0.0,0.0,0.0,0.0,0.0,0.0,0.0
3.8000000000000003,680.9419187693392,0.0027489783935000342,1.2553244443886955,2.261164458707925e-05,-0.013848110978500873,4.5988490385142345e-05,-0.22424768097418402,0.7681030993408785,0.48161592176117957,0.3574585502014872,-2215918.941520415,-4583849.516539065,3855987.94782015,0.6514214587178041,-2.021091186311423,16436.029951677658,0.0,-0.0001475339958847088,-0.04812751381252278,0.00033979459303041376,-3.7757864417274737e-05,-0.013741408675450014,9.512148629855871e-05,-3.3181670856255075e-05,-0.013741422543303615,9.298401867098188e-05,295.0694685924128,0.15546804386525445,9668.556681347494,216.65,2.307738171370098,0.0018435096851902352,4.037016442187399e-06,680.9430758766014,36043.98122766371,9.748854855038422,680.0929551026352,0.23402609908045022,34.01326201049072,-48197.65188213801,-2.3938597629091234,-2791.3964502490053,-0.0040345769527069504,20.542263044235895,-0.5435524625317544,-0.7370933345547597,-3.6609627361391706e-05,0.04268921072358035,4.118395514907581e-06,-0.0028871846405121946,6.437646192341982e-06,0.0,4.1803940204801005e-06,-0.003000816634700229,6.308244079827033e-06,0.0,0.0,0.0,0.0,0.0,0.0,0.0,0.0
3.9000000000000004,680.2687312505144,0.0026630828133811318,1.2460042401107536,2.260840483724661e-05,-0.013809503341682006,4.547326629955395e-05,-0.22391492894227272,0.7683527449363463,0.4817667463118344,0.3569270068211577,-2215899.7900628275,-4583809.954311194,3856039.912235511,0.6514321206440307,-2.021091181654735,16432.584080914035,0.0,-0.00015131122826578082,-0.049500049044147267,0.0003492890060730898,-3.780736771429692e-05,-0.01370291315246922,9.473648312381303e-05,-3.31198219810437e-05,-0.013702927312739848,9.25470368617395e-05,295.0694685924128,0.15555190019075138,9673.771705708767,216.65,2.3054566628414426,0.00183163327883898,3.9147446058722626e-06,680.269872367462,35992.15081711533,9.748865941970685,679.3737379697208,0.24014940450393227,34.90406339298947,-48148.847775479866,-2.2748142018180655,-2762.7827615498973,-0.012876658496611841,65.21367558193451,-0.7565773965214294,-0.7363469666237121,-3.478904718451654e-05,0.042251617637744696,4.081832772291062e-06,-0.002894117273378522,6.426213423783066e-06,0.0,4.1803940204801005e-06,-0.003000816634700229,6.308244079827033e-06,0.0,0.0,0.0,0.0,0.0,0.0,0.0,0.0
4.0,679.5978758241323,0.0026243619444446032,1.2420021813074178,2.2319207148075834e-05,-0.013750678015903656,4.4876146400196296e-05,-0.22358347957266633,0.7686009031744392,0.48191666741643036,0.3563975661355576,-2215880.6241507614,-4583770.363789716,3856091.749142209,0.6514427696972125,-2.0210911768605975,16429.036362707615,0.0,-0.00015510192143549834,-0.05086663843064303,0.0003587318768411951,-3.813703285074448e-05,-0.013644199784101535,9.426590764753277e-05,-3.334411051397242e-05,-0.013644214221897318,9.20277387062869e-05,295.0694685924128,0.1556382350051123,9679.14086727708,216.64999999999998,2.303183091031219,0.0018275525023676725,3.8616329673395055e-06,679.5990107416126,35941.134148810124,9.748877340185949,678.6555482864401,0.24627238752034983,35.794349121064066,-48100.96567838616,-2.2380986236959415,-2753.833766353856,-0.026514366161801698,68.54648728458007,-0.7571663535678235,-0.7356146991120379,-3.422755078684304e-05,0.0421147594205416,3.959986432956056e-06,-0.002888116483756455,6.342710334255445e-06,0.0,4.1803940204801005e-06,-0.003000816634700229,6.308244079827033e-06,0.0,0.0,0.0,0.0,0.0,0.0,0.0,0.0
4.1000000000000005,678.9287525482533,0.002620776457180497,1.2421135653794257,2.195255625409216e-05,-0.013696982858075125,4.431622737883791e-05,-0.22325310476286617,0.7688478671939739,0.48206585344189246,0.35586988814860493,-2215861.4474665406,-4583730.752183217,3856143.4910070486,0.6514534091577964,-2.021091171963943,16425.41291578207,0.0,-0.00015894056704792594,-0.05222831909166077,0.00036813655137625544,-3.85445123948811e-05,-0.013590616497472719,9.383333377544974e-05,-3.3645982838592725e-05,-0.013590631219395695,9.154528223945794e-05,295.0694685924128,0.1557264127011585,9684.624637645942,216.64999999999998,2.300915415026682,0.001829517714305688,3.8601577283119215e-06,678.9298887880141,35890.71746606568,9.748888969861293,677.9379841548513,0.2523919612510626,36.68360798256516,-48053.75305831957,-2.2486345793361844,-2757.1687080281645,-0.03151245953396546,55.21808695956223,-0.6667268083485155,-0.7348926700048306,-3.438867860889085e-05,0.042165761143307535,3.85461816343915e-06,-0.0028816169090597732,6.270403495084023e-06,0.0,4.1803940204801005e-06,-0.003000816634700229,6.308244079827033e-06,0.0,0.0,0.0,0.0,0.0,0.0,0.0,0.0
4.2,678.2616621205071,0.002652989937786118,1.2461154444465197,2.1603202070082607e-05,-0.013659499623415535,4.3860045118625765e-05,-0.2229237327618503,0.7690936272317292,0.4822143011739931,0.35534385008623076,-2215842.2580939443,-4583691.115741973,3856195.120916234,0.6514640373168878,-2.0210911669464586,16421.700134748593,0.0,-0.0001628168961031889,-0.05358533543802847,0.0003775024292708765,-3.89388920031204e-05,-0.013553244989290999,9.350713104977761e-05,-3.393067857724887e-05,-0.013553260012335418,9.116621702549168e-05,295.0694685924128,0.15581676437021386,9690.243607382727,216.64999999999998,2.298654652594133,0.00183721727469886,3.911448351764174e-06,678.2628068184281,35841.00603940303,9.748900872578954,677.2212479127288,0.25850855680254115,37.571814037661596,-48007.34460100448,-2.30598068012157,-2771.710497424446,-0.020659287373199865,28.584656263628244,-0.49135376535301273,-0.7341829390694403,-3.526568043368884e-05,0.04238815073321348,3.831684298575028e-06,-0.0028760388558416923,6.225113437293099e-06,0.0,4.1803940204801005e-06,-0.003000816634700229,6.308244079827033e-06,0.0,0.0,0.0,0.0,0.0,0.0,0.0,0.0
4.3,677.5965855900464,0.002710448093811906,1.2523215725108523,2.138386684397178e-05,-0.01365037489685274,4.358431951622635e-05,-0.22259482762995844,0.7693385908959545,0.48236226047518144,0.3548185852258583,-2215823.056117205,-4583651.45463224,3856246.6395734427,0.6514746542449652,-2.021091161808825,16417.898592170328,0.0,-0.0001667242204571396,-0.05493993943051506,0.00038684426841786347,-3.921233332943175e-05,-0.013544231831836081,9.336641353996995e-05,-3.408536833582586e-05,-0.013544247186547308,9.096738775177443e-05,295.0694685924128,0.15590927607877783,9695.996909963125,216.65,2.296400729244322,0.0018481795411353671,4.000084301351844e-06,677.5977428533514,35791.99125568139,9.748913046590387,676.505329970922,0.2646214628376161,38.4588219513456,-47961.73909978615,-2.3993138206281537,-2792.8951024629573,-0.01248636946426122,-6.432619574946413,-0.24697906434604427,-0.73348548785233,-3.66930370179618e-05,0.04271212981848607,3.836074325428734e-06,-0.002870121394705494,6.18401136218873e-06,0.0,4.1803940204801005e-06,-0.003000816634700229,6.308244079827033e-06,0.0,0.0,0.0,0.0,0.0,0.0,0.0,0.0
4.4,676.9335151774907,0.0027788849495921026,1.2586475427947281,2.124096186179712e-05,-0.013670304132798076,4.352468072929063e-05,-0.22226567253266352,0.7695832961613955,0.4825100598462756,0.35429293561165287,-2215803.8415588923,-4583611.768899795,3856298.047118155,0.6514852599549991,-2.021091156551117,16414.00841092132,0.0,-0.00017065589412411478,-0.056295133012225745,0.00039618301963956714,-3.9421355241454214e-05,-0.013564272471602143,9.344744976205989e-05,-3.416349680459479e-05,-0.013564288196178012,9.098459035048278e-05,295.0694685924128,0.15600394483667285,9701.884359428008,216.65,2.294153605713218,0.0018593348743117324,4.105100550932703e-06,676.934685307167,35743.66815950839,9.74892549152137,675.7902231390095,0.2707303057824924,39.34459021814061,-47916.944346547425,-2.5108821137945934,-2814.093402713523,-0.009268551116806417,-39.19464222700816,0.03367735795032043,-0.732800435515838,-3.839926630568174e-05,0.04303631834652458,3.84316084495151e-06,-0.0028654702648604324,6.134882843266576e-06,0.0,4.1803940204801005e-06,-0.003000816634700229,6.308244079827033e-06,0.0,0.0,0.0,0.0,0.0,0.0,0.0,0.0
4.5,676.2732975769375,0.0028329398355552544,1.2622264181957423,2.1182152059652885e-05,-0.013710908197322666,4.371384262990401e-05,-0.22193507034640192,0.769828452950581,0.4826581241846144,0.3537649711156362,-2215784.60901566,-4583572.047972362,3856349.295806473,0.6514958496214389,-2.0210911511216025,16409.99119909294,0.0,-0.00017460883745533333,-0.05765571719703702,0.00040556052292477614,-3.9561250144686895e-05,-0.013604987635290645,9.378218873259213e-05,-3.415716598085884e-05,-0.013605003775883877,9.125080489865585e-05,295.0694685924128,0.15610170492281047,9707.964058577076,216.64999999999998,2.291916133328016,0.001866442098213876,4.189038531119244e-06,676.2744755194752,35696.336195772994,9.748938324707982,675.0764800493405,0.27683771980522465,40.22955134832913,-47873.35876053386,-2.5925419059182904,-2824.98671660336,-0.003410260707730523,-49.22163811865456,0.21815203337466615,-0.7321338751404108,-3.9648100763897555e-05,0.0432029112975473,3.871439398589452e-06,-0.002868188840239158,6.126781683283783e-06,0.0,4.1803940204801005e-06,-0.003000816634700229,6.308244079827033e-06,0.0,0.0,0.0,0.0,0.0,0.0,0.0,0.0
4.6000000000000005,675.6140118493543,0.0028830014114879935,1.2651325122753696,2.115978306845863e-05,-0.013753302839299594,4.397713991792131e-05,-0.22160408358266437,0.7700737125503874,0.48280625030675745,0.3532363820448165,-2215765.3705719397,-4583532.315496219,3856400.492566463,0.6515064340565067,-2.0210911456358236,16405.93290377222,0.0,-0.00017856650920035092,-0.05901777100742716,0.0004149537459322877,-3.967000211049409e-05,-0.013647493398158725,9.419212268404304e-05,-3.4114219516198126e-05,-0.013647509970851625,9.159114338706863e-05,295.0694685924128,0.1562004647883776,9714.105934002648,216.64999999999998,2.2896818149302227,0.0018725648245265802,4.267224045516089e-06,675.6151963771721,35649.31136596434,9.748951283478037,674.3628608129503,0.2829383222983187,41.11301897298991,-47830.111204307716,-2.665031655154573,-2832.264577101563,0.005816571608219397,-48.252988021921816,0.3720920312869468,-0.7314724843011221,-4.075669649209343e-05,0.04331421262144091,3.922280006247784e-06,-0.002876258235700221,6.135959408485734e-06,0.0,4.1803940204801005e-06,-0.003000816634700229,6.308244079827033e-06,0.0,0.0,0.0,0.0,0.0,0.0,0.0,0.0
4.7,674.9569132038063,0.0029090046879898038,1.2656462473222174,2.1225267663341955e-05,-0.013794285397672055,4.434704225529964e-05,-0.22127183301447156,0.770319417488798,0.4829546336314492,0.3527057548274192,-2215746.1182803763,-4583492.555923651,3856451.566870446,0.6515170061242066,-2.021091140017505,16401.776875320822,0.0,-0.00018253411187718076,-0.06038461817961905,0.00042439857471336597,-3.9698604228979966e-05,-0.013688586898069203,9.470951405426822e-05,-3.398308128356895e-05,-0.013688603926234624,9.203826115112946e-05,295.0694685924128,0.15630160301975707,9720.395719983304,216.64999999999998,2.28745489347931,0.0018751489749165814,4.309904109090152e-06,674.9580998480543,35603.03845902351,9.74896454096662,673.6501330364893,0.289036201251506,41.99558989937597,-47787.76600186367,-2.7037228331152914,-2834.2784498145566,0.0032288054465949827,-46.76516209800472,0.4509095952671559,-0.7308248932826176,-4.134840601044626e-05,0.043345011054464554,3.937815393492096e-06,-0.002878697089157922,6.140170991747353e-06,0.0,4.1803940204801005e-06,-0.003000816634700229,6.308244079827033e-06,0.0,0.0,0.0,0.0,0.0,0.0,0.0,0.0
4.800000000000001,674.3018869695611,0.0029084680620967,1.2643579771038282,2.1298617094906548e-05,-0.013828515931490199,4.473395663862448e-05,-0.22093851955607607,0.7705654484593617,0.4831031985807828,0.35217340262538854,-2215726.8527769167,-4583452.770499495,3856502.5243898374,0.6515275663994422,-2.0210911342726856,16397.527661654167,0.0,-0.0001865055401486982,-0.06175546821276243,0.00043389927472282003,-3.972184451924559e-05,-0.013722928227993408,9.524348260799452e-05,-3.384377655468032e-05,-0.013722945718897352,9.250251970300394e-05,295.0694685924128,0.156405962160943,9726.885814324796,216.64999999999998,2.2852349840408155,0.0018750599987513083,4.313294987624344e-06,674.3030723497144,35557.693781817914,9.748978083276048,672.9382224220292,0.29513170224045,42.8773121830912,-47746.56741885364,-2.6956135080650485,-2829.617507846735,0.00829701406711651,-31.28540105365757,0.4078922939646275,-0.7301948376731856,-4.122438898453619e-05,0.04327373062641322,3.978308300052764e-06,-0.0028857122131140944,6.183358398593284e-06,0.0,4.1803940204801005e-06,-0.003000816634700229,6.308244079827033e-06,0.0,0.0,0.0,0.0,0.0,0.0,0.0,0.0
4.9,673.6486760961012,0.0028869867393513347,1.2622843939489559,2.1492151128050047e-05,-0.013846051521359171,4.504747823298342e-05,-0.22060453134229874,0.7708115724906297,0.4832518053672375,0.35163994131298115,-2215707.5756133376,-4583412.9622607725,3856553.3788431115,0.6515381162693558,-2.0210911284161512,16393.19629061781,0.0,-0.00019047281719399353,-0.06312877763724624,0.0004434471501797354,-3.9621551817358835e-05,-0.013740574526460776,9.570126781009094e-05,-3.3584059772501756e-05,-0.013740592469387046,9.289342709292509e-05,295.0694685924129,0.15651303738372518,9733.544821763875,216.65,2.283021221919228,0.0018738000405745148,4.2855894674620236e-06,673.6498587369077,35513.13155209564,9.748991876704133,672.2269559363377,0.3012245646410815,43.758145769587315,-47706.32089468806,-2.6551283817808464,-2822.354741175863,0.009229020172987669,-11.533147137835428,0.29279976750157294,-0.7295793420309085,-4.060524436716631e-05,0.04316266013450177,4.029854036446595e-06,-0.0028937863952156555,6.23834938674504e-06,0.0,4.1803940204801005e-06,-0.003000816634700229,6.308244079827033e-06,0.0,0.0,0.0,0.0,0.0,0.0,0.0,0.0
5.0,672.9974071595313,0.002849375124447573,1.260414260983192,2.1636744630497126e-05,-0.013850891451091266,4.52639953485023e-05,-0.22027019556770364,0.7710575143248101,0.4834002856208211,0.3511058911518276,-2215688.285904893,-4583373.129477291,3856604.12240147,0.651548654942706,-2.021091122439351,16388.77646777779,0.0,-0.00019443107543177333,-0.06450315723265918,0.00045303604137411716,-3.956497575353253e-05,-0.01374552506368067,9.605961972096302e-05,-3.337312278045137e-05,-0.013745543442000857,9.318729440437425e-05,295.0694685924128,0.15662229921128057,9740.339814140201,216.64999999999998,2.280814042367827,0.0018728345368585727,4.233850081760926e-06,672.9985874395876,35469.24178640602,9.749005940489832,671.5164090918147,0.3073155950738686,44.63815346586234,-47666.86664280292,-2.599578033395157,-2817.306306422623,0.004060614975307861,-0.8811359579130126,0.16834549299254817,-0.7289759627178353,-3.9755705231371586e-05,0.04308545372586495,4.04847140823325e-06,-0.0028967559270211764,6.258997894221918e-06,0.0,4.1803940204801005e-06,-0.003000816634700229,6.308244079827033e-06,0.0,0.0,0.0,0.0,0.0,0.0,0.0,0.0
5.1000000000000005,672.348059425023,0.002802899360175893,1.25933867933834,2.1721355394761787e-05,-0.013848944277632577,4.536829769033188e-05,-0.21993573676386258,0.7713031076638874,0.48354853888806504,0.3505716205189338,-2215668.9837212204,-4583333.272286233,3856654.755681902,0.6515591824822341,-2.021091116342867,16384.26868733857,0.0,-0.00019838689040062722,-0.06587766175254298,0.000462655268836436,-3.956177020592553e-05,-0.013743688403661159,9.630432767903048e-05,-3.3222054191273344e-05,-0.013743707197276798,9.336885981251499e-05,295.0694685924128,0.15673373542644917,9747.270031668675,216.64999999999998,2.2786133788651957,0.0018730435657174315,4.168814655110458e-06,672.3492388293155,35426.01675185663,9.749020273124419,670.8065687117974,0.3134049510239565,45.51729381139452,-47628.19490514252,-2.5297038187671514,-2814.9326929246768,0.001387872487920851,4.992043324629354,0.01339489000034013,-0.7283845505026753,-3.868710923450646e-05,0.04304915372742469,4.05784075736171e-06,-0.0028987745205631735,6.284171929278852e-06,0.0,4.1803940204801005e-06,-0.003000816634700229,6.308244079827033e-06,0.0,0.0,0.0,0.0,0.0,0.0,0.0,0.0
5.2,671.7006216497193,0.0027560083239233217,1.2593365611393472,2.1795091368425006e-05,-0.01384418813941421,4.5340677612575896e-05,-0.21960126971241373,0.7715482647050932,0.48369651576013617,0.35003732067233384,-2215649.669075793,-4583293.390715088,3856705.278794418,0.6515696988991649,-2.0210911101267306,16379.673038115725,0.0,-0.00020234342279215397,-0.06725180258550191,0.0004722923764123607,-3.956105764134178e-05,-0.01373904269185884,9.641634999707861e-05,-3.3081770975331134e-05,-0.013739061875713563,9.341838911554503e-05,295.0694685924128,0.15684734383363344,9754.335337805098,216.65,2.2764191950827892,0.0018748457944012848,4.103023566349221e-06,671.7018021866468,35383.451960974395,9.749034874338138,670.0974280393676,0.3194927569815467,46.39552284375414,-47590.29940676364,-2.459164214866798,-2816.085118382721,-0.0021328967778202943,4.97566947836766,-0.1382897688316808,-0.7278050094218564,-3.760833734777161e-05,0.043066777928822984,4.059266626461213e-06,-0.00289976593836835,6.307446131497325e-06,0.0,4.1803940204801005e-06,-0.003000816634700229,6.308244079827033e-06,0.0,0.0,0.0,0.0,0.0,0.0,0.0,0.0
5.300000000000001,671.0550831639963,0.0027168333029866706,1.2603693040880468,2.1817592746342205e-05,-0.013841628908573645,4.520621955928424e-05,-0.21926679942737384,0.7717929780624437,0.48384421812154915,0.34950300474335433,-2215630.341983972,-4583253.484795254,3856755.6918514436,0.651580204204611,-2.02109110379097,16374.989613841288,0.0,-0.00020630027433394526,-0.06862555098869746,0.0004819350341297817,-3.960444165820048e-05,-0.013736593798515283,9.64217887184511e-05,-3.2992635812315434e-05,-0.013736613351221645,9.336096513478274e-05,295.0694685924128,0.15696312211569688,9761.535588446764,216.65,2.274231454635,0.0018781883241573644,4.048592402019567e-06,671.0562667752995,35341.542924368165,9.7490497438462,669.3889809319387,0.32557887419604264,47.272788919347185,-47553.17616088782,-2.403279328942942,-2820.4755627009627,-0.003924700297803084,0.24799602192502057,-0.24590846182428408,-0.7272372785050264,-3.67536820832878e-05,0.043133921599029644,4.061236705035234e-06,-0.002900305968219713,6.316029121806676e-06,0.0,4.1803940204801005e-06,-0.003000816634700229,6.308244079827033e-06,0.0,0.0,0.0,0.0,0.0,0.0,0.0,0.0
5.4,670.4114338459361,0.002690984350184727,1.2621051765727977,2.1821807569264593e-05,-0.013845061553245159,4.500282244052022e-05,-0.21893221951443023,0.7720373206056697,0.48399169452746565,0.3489685131430586,-2215611.0024629626,-4583213.55456189,3856805.9949677307,0.6515906984095744,-2.0210910973356184,16370.2185129961,0.0,-0.00021026466446227954,-0.06999932918185188,0.0004915745072406475,-3.966127877187529e-05,-0.01374013668627283,9.635955796136308e-05,-3.2921681401310565e-05,-0.01374015659393038,9.32345106157999e-05,295.0694685924128,0.15708106783810818,9768.870632190188,216.65,2.2720501211368136,0.001882580788216557,4.013922564180552e-06,670.4126218591667,35300.28515343159,9.749064881349307,668.6812206652188,0.3316630285711616,48.1490496010098,-47516.82237349156,-2.3676457584183392,-2827.2861872177286,-0.008015514540059982,-8.59420193099745,-0.3050314113102991,-0.7266813150227983,-3.62087329769641e-05,0.043238077418647984,4.047768419582779e-06,-0.0028998824522691326,6.316408757462688e-06,0.0,4.1803940204801005e-06,-0.003000816634700229,6.308244079827033e-06,0.0,0.0,0.0,0.0,0.0,0.0,0.0,0.0
5.5,669.769924895033,0.0026825490868071706,1.2640254785950886,2.176809309165255e-05,-0.013855341226221953,4.479405478072315e-05,-0.21859730148913287,0.7722814008350288,0.484139016057873,0.34843348349370973,-2215591.6487832614,-4583173.596633069,3856856.172867522,0.6516011799705494,-2.0210910907439397,16365.347449731082,0.0,-0.00021423615541805362,-0.07137401871132028,0.0005012054897722713,-3.977554086458263e-05,-0.013750526456923476,9.62936726305112e-05,-3.290850833687707e-05,-0.013750546718430845,9.310264258395495e-05,295.0694685924128,0.15720148471763892,9776.359357179503,216.65,2.269876042623109,0.0018872510259291268,4.005172835993002e-06,669.7711176674497,35259.77033206405,9.749080324398477,667.9743139577002,0.33774577004261,49.02440013683479,-47481.36087630059,-2.365558387335601,-2833.747411749818,-0.008556681671298449,-13.232326448294042,-0.27127807491977707,-0.7261389974576872,-3.617681052323978e-05,0.043336889816133886,4.052680928349581e-06,-0.0029025016322263256,6.286314470010792e-06,0.0,4.1803940204801005e-06,-0.003000816634700229,6.308244079827033e-06,0.0,0.0,0.0,0.0,0.0,0.0,0.0,0.0
5.6000000000000005,669.1300184373243,0.0026859844461365042,1.2658988398510436,2.1704720480179014e-05,-0.013868637278222061,4.4623144503178875e-05,-0.21826205833675738,0.7725253285923017,0.48428624753828753,0.34789793908694994,-2215572.2844779855,-4583133.617921362,3856906.256711962,0.6516116520360297,-2.02109108404979,16360.40149078425,0.0,-0.0002182204348782316,-0.07274969167949927,0.0005108331190017705,-3.990204583836248e-05,-0.013763932533680284,9.626680012951301e-05,-3.290484176081479e-05,-0.013763953157776326,9.300859198980855e-05,295.0694685924128,0.1573237530829344,9783.963226057014,216.65,2.267707394749895,0.001891855535849667,4.014137111453338e-06,669.1312158919364,35219.79990007954,9.749095996384117,667.2679096903906,0.34382480649866576,49.89862443862359,-47446.5410924958,-2.379078325575319,-2840.2146839313104,-0.008175452546173299,-18.159994398461272,-0.20914318103924018,-0.7256064937038548,-3.6383572802540385e-05,0.04343579470115581,4.056889036848493e-06,-0.002904774656812616,6.2608224396858985e-06,0.0,4.1803940204801005e-06,-0.003000816634700229,6.308244079827033e-06,0.0,0.0,0.0,0.0,0.0,0.0,0.0,0.0
5.7,668.4919754439055,0.0026997803769228676,1.2674196108213698,2.162185684737188e-05,-0.013886597214090373,4.4507588644041625e-05,-0.21792632878942014,0.7727691533210749,0.48443341867508655,0.34736162009298316,-2215552.9077712516,-4583093.614954904,3856956.230711835,0.6516221130080724,-2.0210910772359187,16355.367958593182,0.0,-0.00022221619741824485,-0.07412694508733425,0.0005204607976203715,-4.0052146034076354e-05,-0.013782002376979779,9.62969202439319e-05,-3.292048488440451e-05,-0.01378202337667313,9.296988850921154e-05,295.0694685924128,0.15744818633425728,9791.701729183116,216.65,2.2655450599887157,0.0018959361350123442,4.03860573320561e-06,668.4931769230363,35180.46897142193,9.749111936054147,666.5621648417103,0.34990092882597873,50.77183781918732,-47412.48606864118,-2.4034922094627436,-2846.0285203732856,-0.008119366804420576,-23.3394482620275,-0.13574233313381306,-0.7250856855293667,-3.675693769442392e-05,0.04352470650333345,4.045046214441858e-06,-0.0029059285238251915,6.2473974017582765e-06,0.0,4.1803940204801005e-06,-0.003000816634700229,6.308244079827033e-06,0.0,0.0,0.0,0.0,0.0,0.0,0.0,0.0
5.800000000000001,667.8557818031935,0.0027196621072918255,1.2683132737327518,2.1519051438976232e-05,-0.013908041718281097,4.445796869241135e-05,-0.2175900060490512,0.7730129518973956,0.48458057257436626,0.3468243603798029,-2215533.5187108302,-4583053.587828617,3857006.0952294664,0.651632562922167,-2.021091070302657,16350.247155159712,0.0,-0.0002262315996743319,-0.0755062121460281,0.0005300947689054772,-4.022734311661524e-05,-0.013803556669885681,9.639459200869718e-05,-3.2955866543696186e-05,-0.013803578062015341,9.299713754362982e-05,295.0694685924128,0.15757477700586217,9799.574402263139,216.65,2.2633889887333227,0.0018990802858388492,4.072222292807737e-06,667.8569861234602,35141.771625125315,9.7491281424873,665.8570656513351,0.3559739751081034,51.64405689360155,-47379.19183460973,-2.435284883899812,-2850.109916866058,-0.010240724477984239,-26.392263374948186,-0.05273719241022234,-0.7245765122185237,-3.724314744739151e-05,0.043587123862541204,4.011959956198444e-06,-0.002906812531175476,6.235910845274421e-06,0.0,4.1803940204801005e-06,-0.003000816634700229,6.308244079827033e-06,0.0,0.0,0.0,0.0,0.0,0.0,0.0,0.0
5.9,667.2214273125671,0.00274084411497076,1.2685038698164355,2.1402555347049352e-05,-0.013929368651872479,4.448100806951181e-05,-0.21725305329975445,0.7732567524917117,0.48472772420387095,0.3462860947407061,-2215514.1173150907,-4583013.536579769,3857055.85037516,0.6516430017885242,-2.0210910632500623,16345.03917820938,0.0,-0.00023026283084011734,-0.07688765613257649,0.000539742158459283,-4.0422127425257744e-05,-0.013824993272939018,9.656574882685496e-05,-3.300472663471636e-05,-0.013825015076241655,9.309707037272022e-05,295.0694685924128,0.15770352268188956,9807.581095054797,216.65,2.261239145897182,0.0019011714695816703,4.1078404401224395e-06,667.2226331402429,35103.70354987127,9.749144615386719,665.1526004502439,0.36204386866664523,52.51531583387109,-47346.65644916865,-2.470580544035447,-2851.299081538852,-0.006329814605549075,-22.420365996657875,0.03905563577001513,-0.7240789440837849,-3.778292884355385e-05,0.043605309921815376,4.010258659258727e-06,-0.0029104225886496865,6.22380515730586e-06,0.0,4.1803940204801005e-06,-0.003000816634700229,6.308244079827033e-06,0.0,0.0,0.0,0.0,0.0,0.0,0.0,0.0
6.0,666.5889014056521,0.002758544577799159,1.268159215716488,2.1338471226346787e-05,-0.013946578974857645,4.457099997310868e-05,-0.21691551925421512,0.77350052037935,0.48487484687243737,0.3457469018926994,-2215494.7036015512,-4582973.461243863,3857105.4962561647,0.6516534296171588,-2.021091056078195,16339.74412205536,0.0,-0.00023431488610291422,-0.07827107312905209,0.0005494101564694266,-4.057017510099555e-05,-0.013842313147987638,9.680380780718611e-05,-3.3000971320816824e-05,-0.0138423353811198,9.326396898319154e-05,295.0694685924128,0.1578344210308365,9815.721662561939,216.65,2.2590954967374404,0.0019024584463858078,4.138292101625642e-06,666.5901077218294,35066.26048936349,9.749161354465985,664.4487571938777,0.36811062573015274,53.38564736711028,-47314.87249206339,-2.4990510546126488,-2851.2180632649215,-0.0057158868587920495,-17.86928165684265,0.10887633263274972,-0.7235928676461744,-3.821833228663327e-05,0.04360407089818332,4.0036048226281994e-06,-0.0029131307446013566,6.218691274486296e-06,0.0,4.1803940204801005e-06,-0.003000816634700229,6.308244079827033e-06,0.0,0.0,0.0,0.0,0.0,0.0,0.0,0.0
6.1000000000000005,665.9581932433354,0.0027690911285902804,1.2676328465618256,2.1293802717919408e-05,-0.013958499814254084,4.4707042221666705e-05,-0.21657753189676818,0.7737441666978269,0.4850218841750495,0.3452069751747354,-2215475.277587138,-4582933.361855189,3857155.0329772164,0.6516638464178993,-2.021091048787114,16334.362078419887,0.0,-0.00023837823702497782,-0.07965595472913235,0.0005591044364521301,-4.0703028973982535e-05,-0.013854343428130711,9.708732887244717e-05,-3.2977620862945534e-05,-0.013854366104621128,9.347690201828186e-05,295.0694685924128,0.15796746978525036,9823.995963771697,216.65,2.2569580067932766,0.0019034698100590295,4.158047967858339e-06,665.9593996998834,35029.43823545864,9.749178359446638,663.7455253022989,0.37417437398685743,54.25506768994104,-47283.834852677996,-2.516008799556306,-2850.1778306087463,-0.0027025086000900334,-10.452994001629799,0.14907468372201987,-0.7231182047483379,-3.8477669417778484e-05,0.04358816247677043,4.0133865632185015e-06,-0.002917303208233058,6.221830248028052e-06,0.0,4.1803940204801005e-06,-0.003000816634700229,6.308244079827033e-06,0.0,0.0,0.0,0.0,0.0,0.0,0.0,0.0
6.2,665.3292920397297,0.0027705097715390436,1.267273926243643,2.128964630137983e-05,-0.013965273873773118,4.486135599937768e-05,-0.21623922009895427,0.7739875997809743,0.48516877678085824,0.34466651916828334,-2215455.8392887954,-4582893.238448114,3857204.460641812,0.6516742522004109,-2.021091041376875,16328.893138340674,0.0,-0.00024245349989355874,-0.08104177103630301,0.0005688281865390143,-4.079749639346608e-05,-0.013861226824571308,9.73884045778311e-05,-3.2913604155306405e-05,-0.01386124995182635,9.370806154535542e-05,295.0694685924128,0.15810266669460044,9832.403858723583,216.65,2.2548266417627176,0.001904729596082745,4.164110582495653e-06,665.3304989529398,34993.232613508735,9.749195630052357,663.0428952933676,0.3802352934550333,55.12357562747309,-47253.53556617655,-2.5183666134905587,-2849.9813268206767,0.0002134745555111464,-5.40608822005473,0.15338891353308676,-0.7226548335829418,-3.851372779131311e-05,0.043585157317250316,4.032466217293116e-06,-0.002920475988144722,6.232957950090432e-06,0.0,4.1803940204801005e-06,-0.003000816634700229,6.308244079827033e-06,0.0,0.0,0.0,0.0,0.0,0.0,0.0,0.0
6.300000000000001,664.7021871993406,0.0027627969585540257,1.2673456142902426,2.13312973275203e-05,-0.013968824328729836,4.5003695572657634e-05,-0.21590068874094975,0.7742307452645331,0.4853154786949208,0.344125698031535,-2215436.3887240025,-4582853.091058159,3857253.779353291,0.651684646974216,-2.021091033847528,16323.337393780239,0.0,-0.0002465372569419103,-0.08242809571403592,0.0005785816943601022,-4.084586416652072e-05,-0.013864886521268029,9.767703221882306e-05,-3.280364662485449e-05,-0.013864910099175535,9.392717807002897e-05,295.0694685924128,0.15824000948549413,9840.945206035323,216.65,2.2527013674397285,0.0019066344341690832,4.15643575425087e-06,664.7033953878424,34957.6394713216,9.749213166003997,662.3408591138757,0.38629358445914125,55.99115418307435,-47223.96864456544,-2.5067644380811256,-2851.424349617679,-0.001352544346865063,-3.7804327285331807,0.1257144672242617,-0.7222026625747743,-3.8336294123350594e-05,0.043607225663813795,4.040072074166506e-06,-0.0029226097362199488,6.246141487543095e-06,0.0,4.1803940204801005e-06,-0.003000816634700229,6.308244079827033e-06,0.0,0.0,0.0,0.0,0.0,0.0,0.0,0.0
6.4,664.07686846724,0.0027477686215968645,1.2679392383116845,2.1357614557255968e-05,-0.01397213246461969,4.511289577724973e-05,-0.21556198420573977,0.7744735701078893,0.4854619719141474,0.3435845816372302,-2215416.9259112123,-4582812.919722895,3857302.9892157535,0.6516950307487154,-2.0210910261991217,16317.694938962348,0.0,-0.000250623498582273,-0.08381474573352621,0.0005883625008275688,-4.090748648402515e-05,-0.013868303810683357,9.79325840870351e-05,-3.270889878168332e-05,-0.01386832783318106,9.411307568921406e-05,295.0694685924128,0.15837949582863875,9849.619860848223,216.65,2.2505821496693517,0.0019093236909052118,4.137719206221237e-06,664.0780789265057,34922.654670271535,9.749230967015501,661.6394096067463,0.39234940694260717,56.85777716464486,-47195.12974044803,-2.483326237994096,-2854.5237219954533,0.0008529767941939113,-4.563467090020379,0.07054383718894007,-0.7217616252384993,-3.797785049833008e-05,0.04365462479285326,4.060324268257794e-06,-0.00292453087682492,6.26664465119341e-06,0.0,4.1803940204801005e-06,-0.003000816634700229,6.308244079827033e-06,0.0,0.0,0.0,0.0,0.0,0.0,0.0,0.0
6.5,663.4533259712443,0.00272828462312087,1.2689538528722204,2.141591464261043e-05,-0.013977538894495697,4.517244634730612e-05,-0.2152230778420161,0.774716092030233,0.4856082686595727,0.3430431298547787,-2215397.4508699514,-4582772.72448215,3857352.0903342846,0.6517054035331927,-2.0210910184317012,16311.965870708227,0.0,-0.00025471660431561756,-0.08520182919827304,0.0005981665351493195,-4.0933560706836324e-05,-0.013873819311589411,9.813914337790902e-05,-3.2582039178003704e-05,-0.013873843768509432,9.424925025912969e-05,295.0694685924128,0.15852112333053017,9858.427674310273,216.64999999999998,2.2484689543544074,0.0019126474400340218,4.112240493752928e-06,663.4545395078931,34888.27408353664,9.749249032792903,660.9385394854967,0.3984028718836471,57.72341967271119,-47167.01500922693,-2.455054325013161,-2859.140811635519,-0.0004021672245971733,-8.09719130881509,0.010420735445294366,-0.7213316627781591,-3.754548423566818e-05,0.04372523458121093,4.075389592910485e-06,-0.0029257297235348737,6.2804443365541475e-06,0.0,4.1803940204801005e-06,-0.003000816634700229,6.308244079827033e-06,0.0,0.0,0.0,0.0,0.0,0.0,0.0,0.0
6.6000000000000005,662.8315500641418,0.0027078307147113995,1.2701889440178757,2.1451931608886017e-05,-0.01398626082469797,4.518122055066927e-05,-0.21488390425860796,0.7749583557756096,0.48575440091809224,0.342501236331044,-2215377.963620662,-4582732.50537766,3857401.0828146334,0.6517157653368121,-2.02109101054531,16306.150287926197,0.0,-0.0002588115377178428,-0.08658961957333144,0.0006079886907462436,-4.09780892404763e-05,-0.013882650232987489,9.82958516489134e-05,-3.247732092999013e-05,-0.013882675112821746,9.433458907944132e-05,295.0694685924128,0.15866488954606958,9867.36849436079,216.64999999999998,2.2463617475121507,0.0019163049632869317,4.085239669949913e-06,662.8327671047341,34854.493600504604,9.749267363035855,660.2382409418213,0.4044540038280223,58.58806650089515,-47139.62198144725,-2.424948335378779,-2864.490581587116,-0.002424556168802932,-12.599889620736402,-0.05303392813631926,-0.7209127374280392,-3.708506918590719e-05,0.043807049350577,4.078042913549473e-06,-0.0029268169345021923,6.293684251814585e-06,0.0,4.1803940204801005e-06,-0.003000816634700229,6.308244079827033e-06,0.0,0.0,0.0,0.0,0.0,0.0,0.0,0.0
6.7,662.211531398936,0.002689578079919638,1.2713915107429659,2.1474581742868268e-05,-0.013998673511964672,4.5144977007094266e-05,-0.21454437173239582,0.7752004228626898,0.4859004090000573,0.3419587598284506,-2215358.4641843676,-4582692.262452361,3857449.966762523,0.6517261161686054,-2.0210910025399924,16300.248290572315,0.0,-0.00026291171587828103,-0.08797848501801553,0.0006178242313868899,-4.103249242500756e-05,-0.013895171832165897,9.840868404597488e-05,-3.2385810099418586e-05,-0.013895197124660667,9.437487069587479e-05,295.0694685924128,0.15881079200425707,9876.442167328314,216.65,2.2442604958272154,0.0019199151454051893,4.061501492177964e-06,662.2127518866814,34821.30914941553,9.749285957440824,659.5385054049505,0.41050276425299437,59.45171191938641,-47112.94875157262,-2.400555482729908,-2869.5649521900386,-0.001627435509075816,-15.77434165471904,-0.09623855212993221,-0.7205048200465096,-3.671202592765413e-05,0.043884652399738426,4.097150492940574e-06,-0.0029286106059248362,6.299471197859399e-06,0.0,4.1803940204801005e-06,-0.003000816634700229,6.308244079827033e-06,0.0,0.0,0.0,0.0,0.0,0.0,0.0,0.0
6.800000000000001,661.5932556293194,0.002675894462212854,1.2723693146318935,2.1501754857228126e-05,-0.014013241641234428,4.5078697104787596e-05,-0.21420440590941361,0.7754423427766858,0.4860463253618984,0.3414155853951866,-2215338.9525823276,-4582651.995749662,3857498.7422827277,0.6517364560374351,-2.021090994415794,16294.259978453629,0.0,-0.00026701946881819744,-0.08936872447230612,0.0006276695008470713,-4.1080026217201546e-05,-0.013909848793071217,9.849235247566085e-05,-3.228960239901908e-05,-0.013909874491611,9.438509246555545e-05,295.0694685924128,0.15896107645747162,9885.788356539322,216.64999999999998,2.242165149425331,0.001923187298423329,4.044614256317849e-06,661.5944791373604,34789.20820011622,9.749304815704754,658.8393182807788,0.4165490426458044,60.314363716404365,-47087.65739396821,-2.3822340287956165,-2874.1401935555905,-0.006639663667978151,-18.458081074346257,-0.12697012414429187,-0.7201180358281075,-3.6431833406920085e-05,0.043954622196664926,4.084967702499544e-06,-0.002930119745018549,6.301854411929322e-06,0.0,4.1803940204801005e-06,-0.003000816634700229,6.308244079827033e-06,0.0,0.0,0.0,0.0,0.0,0.0,0.0,0.0
6.9,660.9767069936627,0.0026680876151446557,1.2730270976279063,2.146927237906353e-05,-0.01402886456101335,4.5001110993934636e-05,-0.21386396907895086,0.7756841404744789,0.4861921676628565,0.3408716507545781,-2215319.428835938,-4582611.705313223,3857547.40947809,0.6517467849518935,-2.021090986172762,16288.185450436547,0.0,-0.00027113123104686976,-0.09076049647671212,0.0006375223754368142,-4.1186431137860014e-05,-0.013925580462393079,9.856534140028688e-05,-3.2252868603174184e-05,-0.013925606564691374,9.438399225574105e-05,295.0694685924128,0.15911362325958822,9895.275241214484,216.64999999999998,2.2400756542606293,0.0019259763772439765,4.036575931374203e-06,660.9779329094854,34757.720846347715,9.749323937527485,658.1406633856191,0.4225927014339572,61.1760329212917,-47063.11574552804,-2.375373912252146,-2877.3239184847234,-0.0041246741294596045,-17.43645398666364,-0.12509893864174748,-0.7197427170153058,-3.6326920698914594e-05,0.0440033113409008,4.100663245282764e-06,-0.0029331642125521354,6.296892580746439e-06,0.0,4.1803940204801005e-06,-0.003000816634700229,6.308244079827033e-06,0.0,0.0,0.0,0.0,0.0,0.0,0.0,0.0
7.0,660.3618759741171,0.0026660504750892636,1.2733769514230329,2.1460583297537622e-05,-0.014043385787295774,4.492957724846189e-05,-0.21352305619647696,0.7759258162794219,0.48633793374928785,0.3403269566795122,-2215299.892966441,-4582571.391186353,3857595.9684495693,0.6517571029203735,-2.0210909778109483,16282.024803944863,0.0,-0.0002752572230877115,-0.09215380471341197,0.000647382784215744,-4.126977725438845e-05,-0.013940210352702199,9.864464144518675e-05,-3.219215931682871e-05,-0.013940236862038217,9.438892940866886e-05,295.0694685924128,0.15926833271497873,9904.896621283304,216.65,2.2379919781467703,0.001928299345358374,4.037249295327169e-06,660.3631037058502,34726.82177304342,9.749343322613294,657.442530341168,0.4286335923921093,62.03673575262554,-47039.28943070695,-2.375773309778029,-2879.885630818362,-0.007309224664734071,-16.528199482482517,-0.11067058490177868,-0.7193783378981534,-3.6333028740337156e-05,0.04404248796076579,4.090903504538061e-06,-0.0029353837056790015,6.291589766214264e-06,0.0,4.1803940204801005e-06,-0.003000816634700229,6.308244079827033e-06,0.0,0.0,0.0,0.0,0.0,0.0,0.0,0.0
7.1000000000000005,659.7487524992312,0.0026687247693970456,1.2735405251042828,2.139580024972268e-05,-0.014055956990541282,4.4880806852687294e-05,-0.21318171175320869,0.7761673394643811,0.48648360536618085,0.33978156720198316,-2215280.3449948817,-4582531.053411922,3857644.4192964756,0.6517674099511059,-2.0210909693304058,16275.778135024942,0.0,-0.00027939015797897085,-0.09354847853076051,0.0006572521176620781,-4.141150357264362e-05,-0.013952890131641681,9.874667523136981e-05,-3.218736998117895e-05,-0.013952917055285785,9.441660451186751e-05,295.0694685924128,0.15942520241167538,9914.65234674552,216.65,2.235914087739798,0.0019303392972751059,4.045054707811585e-06,659.7499816876716,34696.50698279764,9.749362970670699,656.7449090384085,0.43467158436416825,62.8964829080599,-47016.1747151314,-2.3842979890142177,-2881.578304825105,-0.0069932843199214416,-13.170499969053783,-0.07643300513411624,-0.7190248413663611,-3.6463397835071845e-05,0.04406837425769568,4.08445033283207e-06,-0.0029387252603160735,6.281728022490102e-06,0.0,4.1803940204801005e-06,-0.003000816634700229,6.308244079827033e-06,0.0,0.0,0.0,0.0,0.0,0.0,0.0,0.0
7.2,659.137326570248,0.0026742126078261232,1.2736583460760584,2.1337376698022407e-05,-0.0140662479580327,4.486137343599987e-05,-0.21283998410784222,0.7764086745609589,0.4866291568012893,0.33923556573628394,-2215260.784942329,-4582490.692032823,3857692.7621169053,0.6517777060521662,-2.02109096073119,16269.445539014414,0.0,-0.00028353877339574736,-0.09494430700130581,0.0006671330775887777,-4.1549866784531796e-05,-0.01396328958528068,9.887804775404189e-05,-3.217605713317903e-05,-0.013963316933488503,9.447358033554714e-05,295.0694685924128,0.15958422995550856,9924.542268707743,216.64999999999998,2.2338419500699467,0.0019323086548606188,4.057132721064464e-06,659.1385571265783,34666.77251632785,9.74938288141041,656.0477899295416,0.44070659075010926,63.75527783216288,-46993.76556531445,-2.396575800954672,-2883.340900815637,-0.00566027787179488,-10.549549465718174,-0.03602491186185567,-0.7186821351489814,-3.665116410564361e-05,0.04409532988116279,4.085011239898816e-06,-0.002941525914429165,6.274246920905413e-06,0.0,4.1803940204801005e-06,-0.003000816634700229,6.308244079827033e-06,0.0,0.0,0.0,0.0,0.0,0.0,0.0,0.0
7.300000000000001,658.5275882371466,0.0026803649017110224,1.273870563329912,2.1283644498235392e-05,-0.014074504494972296,4.487441250014415e-05,-0.2124979279875548,0.7766497838260408,0.4867745630553942,0.3386890369908134,-2215241.21283008,-4582450.307092406,3857740.997008192,0.6517879912314849,-2.0210909520133584,16263.027111199684,0.0,-0.0002877017730355919,-0.09634106976824136,0.0006770288302969799,-4.168695142955993e-05,-0.013971654518826497,9.904193232383373e-05,-3.215989940906682e-05,-0.01397168230299735,9.456298003869807e-05,295.0694685924128,0.15974541295359493,9934.56623835657,216.64999999999998,2.23177553233409,0.0019344200564269233,4.070231733093824e-06,658.5288203433691,34637.614442176215,9.749403054543311,655.3511642027531,0.4467385602141916,64.61311788715511,-46972.05688390628,-2.4086143965422226,-2885.626949121076,-0.00688133868229299,-9.389668875840165,-0.0006154708310827896,-0.7183501412915407,-3.6835272007553094e-05,0.04413029073304267,4.07040457570702e-06,-0.0029436767220696793,6.269220510684166e-06,0.0,4.1803940204801005e-06,-0.003000816634700229,6.308244079827033e-06,0.0,0.0,0.0,0.0,0.0,0.0,0.0,0.0
7.4,657.9195276925499,0.002685202846481601,1.2742633979948292,2.1222251196594332e-05,-0.014082000028271924,4.491509168186593e-05,-0.21215558133939202,0.7768906415514758,0.4869198069687338,0.33814203821478345,-2215221.628679884,-4582409.898634948,3857789.124067403,0.6517982654968593,-2.0210909431769686,16256.52294752933,0.0,-0.0002918769878460938,-0.09773861695337878,0.0006869423994712025,-4.183479552965167e-05,-0.013979258361353837,9.923379557378581e-05,-3.215125634101482e-05,-0.013979286591718673,9.467996265571024e-05,295.0694685924128,0.1599087489964225,9944.724105844463,216.65,2.229714801862653,0.0019368049602036348,4.0813468776360064e-06,657.9207616982501,34609.02885156357,9.749423489778279,654.6550238245947,0.4527674952282571,65.46999340944681,-46951.04464572165,-2.418726385403854,-2888.3741558302436,-0.004442358836443929,-8.38198838081472,0.029440704737564976,-0.7180287982363264,-3.698991604720937e-05,0.044172304143964086,4.073112530306826e-06,-0.002946203618680474,6.267469612984135e-06,0.0,4.1803940204801005e-06,-0.003000816634700229,6.308244079827033e-06,0.0,0.0,0.0,0.0,0.0,0.0,0.0,0.0
7.5,657.3131353305638,0.002687201179738551,1.2748369657354934,2.119350817858269e-05,-0.014089642793894611,4.497404909287627e-05,-0.21181294861011118,0.7771312442511538,0.48706488442127355,0.3375945780142235,-2215202.032514051,-4582369.466705894,3857837.1433915957,0.6518085288559605,-2.0210909342220775,16249.933144982904,0.0,-0.00029606748748011623,-0.09913692742661803,0.0006968762047117513,-4.195230325327016e-05,-0.013987009352163514,9.944454501780642e-05,-3.21098173218418e-05,-0.013987038036874422,9.481516514866791e-05,295.0694685924128,0.1600742356485888,9955.01571971376,216.65,2.227659726106087,0.0019394643112549755,4.088152177867008e-06,657.314371586843,34581.01185576486,9.749444186821064,653.9593608306067,0.45879343075216916,66.3258935902086,-46930.724083942005,-2.4239757601252,-2891.9701341478753,-0.003744645532825368,-9.449307157420018,0.04617961832861338,-0.7177180330837248,-3.707019545847916e-05,0.04422729793610175,4.075347218312971e-06,-0.0029478745423690373,6.268977432416926e-06,0.0,4.1803940204801005e-06,-0.003000816634700229,6.308244079827033e-06,0.0,0.0,0.0,0.0,0.0,0.0,0.0,0.0
7.6000000000000005,656.7084016694093,0.002685592630573623,1.27554836264133,2.1174217088517922e-05,-0.014098188845211267,4.504047657444914e-05,-0.21147002051333064,0.7773715990352722,0.4872098004648614,0.33704663641165394,-2215182.4243554454,-4582329.011351844,3857885.0550778164,0.6518187813163354,-2.0210909251487417,16243.257801551372,0.0,-0.00030026803775056794,-0.10053604893206639,0.0007068315870835559,-4.206168066596e-05,-0.01399566354904488,9.96634859800235e-05,-3.2058778172481494e-05,-0.013995692692763113,9.495778104015203e-05,295.0694685924128,0.1602418704492921,9965.440926927218,216.64999999999998,2.2256102726528018,0.0019423335461042522,4.089467346267894e-06,656.7096404454772,34553.559586588264,9.749465145374332,653.2641673184417,0.46481642473466706,67.18080983439916,-46911.09206746105,-2.423111480849089,-2895.9985560960276,-0.0035313498454633053,-10.945711990106755,0.046951580001587216,-0.7174177979492962,-3.7056977916363764e-05,0.04428890514829579,4.075973938877621e-06,-0.0029496116340368608,6.274058971089312e-06,0.0,4.1803940204801005e-06,-0.003000816634700229,6.308244079827033e-06,0.0,0.0,0.0,0.0,0.0,0.0,0.0,0.0
7.7,656.1053173726305,0.002680349017915999,1.2763025982405876,2.1164809295398077e-05,-0.014108238243466466,4.5103084560231415e-05,-0.21112676527528199,0.7776117270823525,0.4873545683033792,0.3364981626595598,-2215162.8042274048,-4582288.532620394,3857932.8592229453,0.6518290228854035,-2.021090915957016,16236.49701600708,0.0,-0.0003044787323433483,-0.10193611187528205,0.0007168087864610814,-4.2161403628582195e-05,-0.014005821017812375,9.987947975265759e-05,-3.199770095795943e-05,-0.014005850621904318,9.509652738652658e-05,295.0694685924128,0.16041165091810836,9975.999573227282,216.65,2.223566409239028,0.0019452684722607834,4.085234299460822e-06,656.1065587540995,34526.66819774225,9.749486365138374,652.5694351154614,0.47083654164866584,68.0347355312876,-46892.1454425758,-2.417128128697549,-2900.109704904646,-0.0012766178882432848,-12.146339209080487,0.037010199820383116,-0.7171280446030257,-3.696547368707104e-05,0.0443517775137713,4.091309130022167e-06,-0.0029516232767597184,6.281269483643793e-06,0.0,4.1803940204801005e-06,-0.003000816634700229,6.308244079827033e-06,0.0,0.0,0.0,0.0,0.0,0.0,0.0,0.0
7.800000000000001,655.5038731443058,0.0026720947513904927,1.2770114130232513,2.1192405604949373e-05,-0.014119300426674706,4.515143211637854e-05,-0.21078315059272548,0.7778516493870196,0.4874992014928849,0.3359491058327489,-2215143.1721535823,-4582248.030559803,3857980.55592337,0.651839253570451,-2.0210909066469545,16229.650887417607,0.0,-0.0003086999002650034,-0.10333724749050735,0.000726807031369599,-4.2223250565408474e-05,-0.014016991201173338,0.0001000819096985928,-3.189945832868261e-05,-0.014017021263757206,9.52209699165746e-05,295.0694685924128,0.1605835745671995,9986.691503895312,216.65,2.221528103779155,0.0019481346332563794,4.076390377305834e-06,655.5051170452258,34500.33386820893,9.749507845812618,651.8751554715988,0.4768538387157519,68.88767095553406,-46873.88040594181,-2.406293561168212,-2904.300450661322,-0.0039890963674070025,-14.031404865210597,0.015523630957331341,-0.7168487148798426,-3.679977915223796e-05,0.04441586716634635,4.090513176456171e-06,-0.002953075630047252,6.287980924800754e-06,0.0,4.1803940204801005e-06,-0.003000816634700229,6.308244079827033e-06,0.0,0.0,0.0,0.0,0.0,0.0,0.0,0.0
7.9,654.9040596872082,0.0026620315323755374,1.2776173508685253,2.118432197800923e-05,-0.01413122367554253,4.518191122000399e-05,-0.2104391571373921,0.778091378611971,0.48764371035703746,0.3353994305040905,-2215123.5281578205,-4582207.505218739,3858028.1452747155,0.6518494733786258,-2.0210908972186092,16222.719514737837,0.0,-0.00031292535888937837,-0.1047395433050211,0.0007368246187440286,-4.231946146119327e-05,-0.014029022382949277,0.00010026702660780616,-3.1836730022127484e-05,-0.01402905290022069,9.532750425553786e-05,295.0694685924128,0.16075763891155742,9997.516564388674,216.65,2.2194953243834115,0.001950844114015777,4.064757925097828e-06,654.9053059091582,34474.552804776984,9.749529587096825,651.181319576002,0.4828683454507922,69.7396181975484,-46856.294536650596,-2.3932046489296726,-2907.8509943331396,-0.0013297268621013732,-13.619372924384704,-0.009285651203797544,-0.7165797717564597,-3.6599608612992766e-05,0.044470166120182154,4.108082608877045e-06,-0.0029557088392485093,6.296279668375674e-06,0.0,4.1803940204801005e-06,-0.003000816634700229,6.308244079827033e-06,0.0,0.0,0.0,0.0,0.0,0.0,0.0,0.0
8.0,654.3058677104389,0.002651421638616559,1.2780898759207688,2.121790336267266e-05,-0.014143077472352305,4.5189914872390096e-05,-0.21009476909452438,0.7783309225316588,0.487788099086932,0.33484911854215876,-2215103.8722640607,-4582166.956646068,3858075.6273716483,0.6518596823169326,-2.021090887672034,16215.702996533364,0.0,-0.00031716236199723634,-0.10614305061782264,0.0007468596791725107,-4.237211124998344e-05,-0.014040984048342779,0.00010043001183732989,-3.173216859295271e-05,-0.014041015015494004,9.541152648482007e-05,295.0694685924128,0.1609338414759501,10008.474600772706,216.64999999999998,2.217468039359692,0.001953349822221807,4.052258601213205e-06,654.3071159945239,34449.321243354985,9.749551588691997,650.4879181616093,0.4888800725455505,70.59058229848563,-46839.38295620286,-2.3796514139348983,-2911.2969689256374,-0.003688312540301307,-13.979112799687886,-0.03373487003771232,-0.7163211406253146,-3.6392337121826935e-05,0.044522865884672476,4.11266970287466e-06,-0.0029575231307539594,6.3011998493460186e-06,0.0,4.1803940204801005e-06,-0.003000816634700229,6.308244079827033e-06,0.0,0.0,0.0,0.0,0.0,0.0,0.0,0.0
8.1,653.709287858259,0.0026416299626316345,1.2784629472771711,2.120935051548272e-05,-0.014154342618481853,4.5180795221118174e-05,-0.20975000043776842,0.7785702709317508,0.4879323641598375,0.3342981866065612,-2215084.2044963036,-4582126.384890787,3858123.0023077955,0.6518698803922319,-2.0210908780072807,16208.601430851035,0.0,-0.00032140331192738155,-0.10754772226321922,0.000756910109340195,-4.2465451303957286e-05,-0.01405235699925699,0.00010057596038133672,-3.1669575740480144e-05,-0.014052388412132128,9.547838508842372e-05,295.0694685924128,0.16111217979817266,10019.565459922895,216.64999999999998,2.2154462172228087,0.001955703155941172,4.040978092041025e-06,653.7105380110053,34424.63544971261,9.749573850300735,649.7949422427544,0.4948889876241488,71.44056826706026,-46823.14255539642,-2.367352864811828,-2914.2252624742828,-0.0038923308733303723,-12.667428759601885,-0.0547682074951962,-0.7160727739369499,-3.620425371466267e-05,0.04456764868159388,4.1150917809234675e-06,-0.0029601542969005384,6.305384913289762e-06,0.0,4.1803940204801005e-06,-0.003000816634700229,6.308244079827033e-06,0.0,0.0,0.0,0.0,0.0,0.0,0.0,0.0
8.200000000000001,653.1143110589719,0.0026336049793217143,1.2787758453386568,2.1203828430159264e-05,-0.014164844212098567,4.515772997434971e-05,-0.2094048631743905,0.7788094128170542,0.4880764980018196,0.3337466600225168,-2215064.524878678,-4582085.790002145,3858170.270175897,0.6518800676112453,-2.0210908682244026,16201.414915428497,0.0,-0.0003256545666457009,-0.10895349724629266,0.0007669743885779808,-4.255459158895233e-05,-0.014062966334155597,0.00010070808418190195,-3.160378957442355e-05,-0.014062998190041212,9.553125481286523e-05,295.0694685924128,0.16129265142378485,10030.788989197627,216.64999999999998,2.2134298274867814,0.0019579638503866474,4.032372107901466e-06,653.1155629631206,34400.49174274122,9.749596371626605,649.1023832805532,0.5008950460808675,72.28957752325157,-46807.56859829557,-2.3587221107999428,-2917.074414905857,-0.003510884059530511,-11.463176539527062,-0.06467143642650597,-0.7158345992640477,-3.607226240376024e-05,0.04461122116250185,4.124162007772449e-06,-0.002962581848637966,6.3062617382940805e-06,0.0,4.1803940204801005e-06,-0.003000816634700229,6.308244079827033e-06,0.0,0.0,0.0,0.0,0.0,0.0,0.0,0.0
8.3,652.5209233448919,0.002627892570171709,1.2790890047170156,2.119540353319406e-05,-0.014174271424466332,4.512910769092179e-05,-0.20905938033425236,0.7790483311041141,0.48822049045009114,0.333194575766627,-2215044.833435531,-4582045.172029827,3858217.4310678425,0.6518902439805397,-2.0210908583234555,16194.143547880463,0.0,-0.0003299159238897065,-0.1103602805394359,0.0007770515679969618,-4.264631853487199e-05,-0.014072501223867726,0.00010083469605031609,-3.154074844512885e-05,-0.014072533522601537,9.55785187958332e-05,295.0694685924128,0.1614775841406942,10042.289953712387,216.64999999999998,2.2114188232148195,0.001960224294217045,4.027284685182057e-06,652.5221770012557,34377.38204141216,9.749619152373569,648.4102281376745,0.5068981710579732,73.13761000972718,-46793.33134472544,-2.352969250529972,-2920.1617455079704,-0.0061430748889331355,-11.087993628679033,-0.06967771525023465,-0.7156168669825131,-3.598428311858698e-05,0.044658436135006106,4.114504538330193e-06,-0.0029645100390112544,6.305958667739254e-06,0.0,4.1803940204801005e-06,-0.003000816634700229,6.308244079827033e-06,0.0,0.0,0.0,0.0,0.0,0.0,0.0,0.0
8.4,651.9291076191224,0.0026245716029907004,1.2794515325643305,2.1153024241822778e-05,-0.01418323893573603,4.5102578998900104e-05,-0.20871357340883165,0.7792870104050175,0.48836433238419946,0.33264196671711194,-2215025.1301917587,-4582004.531024636,3858264.485074442,0.6519004095064285,-2.0210908483044947,16186.787426162511,0.0,-0.0003341856667598012,-0.11176798657458699,0.0007871414234557766,-4.277253292286362e-05,-0.014081576348599174,0.00010096365607001379,-3.151150819056987e-05,-0.014081609092363704,9.562782260679644e-05,295.0694685924128,0.16166524195723977,10053.960392156581,216.65,2.2094131467916767,0.0019625598473027193,4.025846549648922e-06,651.9303631249106,34354.93077428258,9.749642192244565,647.7184611302195,0.5128982835473489,73.98466034622842,-46779.92186134484,-2.351969670176113,-2923.241766990515,-0.004661041004920177,-9.895768256645404,-0.061345944908673365,-0.7154117939045999,-3.596899639843756e-05,0.044705539328137193,4.118796905940849e-06,-0.0029670887869944922,6.302982088904302e-06,0.0,4.1803940204801005e-06,-0.003000816634700229,6.308244079827033e-06,0.0,0.0,0.0,0.0,0.0,0.0,0.0,0.0
8.5,651.3388543580021,0.002623197874680926,1.279875255411621,2.113003757946481e-05,-0.014191910005603901,4.508340087905827e-05,-0.2083674470867874,0.7795254458115852,0.4885080190417658,0.33208884532067307,-2215005.4151727255,-4581963.867038326,3858311.432285886,0.6519105641950447,-2.0210908381675785,16179.34664869681,0.0,-0.00033846987568640933,-0.11317658680912161,0.0007972445484661569,-4.288050895301519e-05,-0.01409035496719326,0.00010110039190300083,-3.1462723102257486e-05,-0.01409038816059756,9.568442197701121e-05,295.0694685924128,0.16185505937817876,10065.765136384573,216.65,2.2074127660213017,0.001964988883391441,4.027385734469411e-06,651.3401118340136,34333.014153672775,9.749665490941117,647.0270739154168,0.5188953145825791,74.83072397984529,-46767.17183174667,-2.3533498184079136,-2926.8246126034114,-0.005453364058058195,-10.370732681140739,-0.049373148957906954,-0.7152168059442907,-3.599010319560779e-05,0.044760332280010924,4.116106472693149e-06,-0.002968782628417136,6.300593678046084e-06,0.0,4.1803940204801005e-06,-0.003000816634700229,6.308244079827033e-06,0.0,0.0,0.0,0.0,0.0,0.0,0.0,0.0
8.6,650.7501543901911,0.0026230697755160346,1.2803660708082378,2.1086305616301476e-05,-0.014200689507979675,4.507706770269196e-05,-0.20802100816989377,0.7797636330579973,0.4886515483431758,0.3315352178407482,-2214985.688404169,-4581923.180123414,3858358.272792032,0.6519207080523978,-2.021090827912765,16171.82131438516,0.0,-0.00034276383263241305,-0.11458606185965861,0.0008073619773757439,-4.3011056617787856e-05,-0.014099241952975343,0.0001012505062863525,-3.1434531929552066e-05,-0.01409927560215851,9.575380941329847e-05,295.0694685924128,0.16204703388048383,10077.70402948931,216.64999999999998,2.205417649862572,0.0019675207297488576,4.030832233653781e-06,650.7514139692771,34311.62851819914,9.7496890481633,646.3360587235974,0.5248892055930992,75.67579645283448,-46755.078138204066,-2.356642278579354,-2930.5336642496113,-0.005461175337486061,-10.535579165570494,-0.03364982600946975,-0.7150318554217591,-3.604045524289405e-05,0.04481705531815018,4.110826169291892e-06,-0.002970843696507798,6.297521866394099e-06,0.0,4.1803940204801005e-06,-0.003000816634700229,6.308244079827033e-06,0.0,0.0,0.0,0.0,0.0,0.0,0.0,0.0
8.700000000000001,650.1629986877075,0.0026232956010676053,1.280888767371751,2.1050929434766082e-05,-0.014210016730430071,4.5083584182893e-05,-0.20767424504564,0.7800015790107588,0.4887949230871066,0.33098106826835966,-2214965.9499122077,-4581882.470333184,3858405.0066824225,0.6519308410843749,-2.0210908175401157,16164.211522620171,0.0,-0.0003470712096173893,-0.11599645445190997,0.0008174950891914578,-4.313515871358544e-05,-0.014108676594267767,0.00010141422180924487,-3.139783123382229e-05,-0.014108710705937248,9.583599187972005e-05,295.0694685924128,0.162241162928607,10089.776913785083,216.64999999999998,2.203427767485998,0.0019701015172894883,4.03481975358685e-06,650.1642604338599,34290.770229900576,9.749712863609693,645.6454077574282,0.5308799238515699,76.51987259605195,-46743.63696864244,-2.360635733346009,-2934.39510925333,-0.0039216663359041845,-10.90346205191169,-0.016492550681982836,-0.7148568840384225,-3.610152769716102e-05,0.04487610892891427,4.11728517640506e-06,-0.00297285264647995,6.295780501570596e-06,0.0,4.1803940204801005e-06,-0.003000816634700229,6.308244079827033e-06,0.0,0.0,0.0,0.0,0.0,0.0,0.0,0.0
8.8,649.5773782638021,0.002623011582742085,1.2814119345993,2.1032869774240896e-05,-0.014219645728799165,4.5102107098897075e-05,-0.2073271476971145,0.7802392901645578,0.4889381468433182,0.3304263794084027,-2214946.1997232726,-4581841.73772157,3858451.634046154,0.6519409632967375,-2.02109080704969,16156.517373103648,0.0,-0.0003513913688284013,-0.11740780769896483,0.0008276452538912963,-4.324380502627723e-05,-0.014118412948282305,0.00010159061123145286,-3.13436578921238e-05,-0.01411844752894455,9.593012797631653e-05,295.0694685924128,0.16243744397911247,10101.983631095627,216.64999999999998,2.2014430882260423,0.001972683032509904,4.03802005242839e-06,649.5786421792984,34270.4356735484,9.74973693697798,644.9551129486584,0.5368674496443485,77.3629511305996,-46732.84450960347,-2.3630844314535517,-2938.4432312491854,-0.005536518633498317,-12.00626818980674,-0.005405372487808322,-0.7146918334745376,-3.613897597488667e-05,0.04493801741665359,4.110314031991807e-06,-0.002974400993940647,6.295165715915793e-06,0.0,4.1803940204801005e-06,-0.003000816634700229,6.308244079827033e-06,0.0,0.0,0.0,0.0,0.0,0.0,0.0,0.0
8.9,648.9932841752449,0.0026215852487345096,1.2819074117631333,2.099668315999663e-05,-0.01422982217172101,4.512935675741103e-05,-0.20697970845811733,0.7804767717140993,0.48908122316508595,0.32987113554988506,-2214926.4378640642,-4581800.982343056,3858498.154971795,0.6519510746951211,-2.021090796441548,16148.738965708762,0.0,-0.00035572089504347197,-0.11882015924010042,0.0008378135271601024,-4.337210887212892e-05,-0.014128696686011322,0.00010177642480045058,-3.130745329731496e-05,-0.014128731740839872,9.603293925666091e-05,295.0694685924128,0.16263587448419287,10114.324022972822,216.64999999999998,2.1994635815853187,0.0019752218950470795,4.039456491439723e-06,648.994550206745,34250.62125732565,9.749761267965315,644.2651663624001,0.5428517851560205,78.20503034104415,-46722.698036341615,-2.364219336443966,-2942.1692474935708,-0.0028596506127527882,-11.589328923300135,0.003302004281309235,-0.7145366620601948,-3.61563322333582e-05,0.04499499989673157,4.12159368925782e-06,-0.0029768268636610664,6.296373729903149e-06,0.0,4.1803940204801005e-06,-0.003000816634700229,6.308244079827033e-06,0.0,0.0,0.0,0.0,0.0,0.0,0.0,0.0
9.0,648.4107075273268,0.0026185978146008666,1.2823480782402268,2.100173243135937e-05,-0.01424002649023978,4.515930664383767e-05,-0.20663191567872533,0.7807140299357814,0.48922415453900997,0.32931532199122976,-2214906.6643614992,-4581760.204252577,3858544.569547279,0.6519611752850338,-2.021090785715751,16140.876400317065,0.0,-0.0003600646950958722,-0.12023354928373137,0.0008480006373874895,-4.346000868893345e-05,-0.014139008241591953,0.00010196549012053299,-3.122985242015347e-05,-0.01413904377417476,9.613840142383483e-05,295.0694685924128,0.162836451895827,10126.797930955245,216.64999999999998,2.197489217236894,0.001977676172697243,4.038478487871161e-06,648.4119755676475,34231.323413576785,9.749785856268844,643.5755596634611,0.5488329426310516,79.04611107534036,-46713.1929210746,-2.3625488378130353,-2946.040033333268,-0.004437379369937795,-12.326944925588268,0.0042023213101237775,-0.7143912990220821,-3.613078506750761e-05,0.04505419635818797,4.122117419036287e-06,-0.0029783938852670534,6.2980827752627485e-06,0.0,4.1803940204801005e-06,-0.003000816634700229,6.308244079827033e-06,0.0,0.0,0.0,0.0,0.0,0.0,0.0,0.0
9.1,647.8296394038081,0.0026140641976388126,1.282744814848698,2.0979471834801397e-05,-0.014250133395735214,4.5188653803120673e-05,-0.20628377662350394,0.7809510602345522,0.4893669397986574,0.32875894380403586,-2214886.879242675,-4581719.403505445,3858590.877859826,0.6519712650718528,-2.0210907748723588,16132.929776723497,0.0,-0.00036441532461985323,-0.12164796003433707,0.0008582066459494807,-4.357564101965562e-05,-0.01414922232924182,0.00010215432931711042,-3.117940184153664e-05,-0.014149258341241798,9.624320946026049e-05,295.0694685924128,0.16303917366820322,10139.405196718888,216.65,2.1955199650350092,0.0019800624430090933,4.035102616824006e-06,647.8309093669129,34212.53859944884,9.749810701586018,642.8862847707896,0.5548109346493216,79.88619447488163,-46704.32640877243,-2.3583756611432074,-2949.5474859268093,-0.0032137796166704967,-11.540674572580262,-0.0010661707732346325,-0.7142557022271456,-3.606696410139973e-05,0.04510783631422334,4.128208494472908e-06,-0.0029808091326914876,6.301798524694192e-06,0.0,4.1803940204801005e-06,-0.003000816634700229,6.308244079827033e-06,0.0,0.0,0.0,0.0,0.0,0.0,0.0,0.0
9.200000000000001,647.2500709569563,0.0026082088610288197,1.283098438250656,2.0980158038451756e-05,-0.014260017326466944,4.521142545752202e-05,-0.20593529022472673,0.7811878612784435,0.48950957705063186,0.3282020040797439,-2214867.0825348874,-4581678.580157385,3858637.0799960024,0.6519813440608287,-2.0210907639114315,16124.899194686674,0.0,-0.00036877819783724723,-0.1230633867454037,0.0008684312718265925,-4.3668013084926754e-05,-0.014159213390436794,0.00010233695497776011,-3.1105845092223246e-05,-0.014159249881850645,9.634139051589682e-05,295.0694685924128,0.16324403725643644,10152.14566199736,216.65,2.1935557949988573,0.0019823817949740437,4.0296692934178626e-06,647.2513427581205,34194.26329591372,9.749835803614404,642.1973335920711,0.5607857759410753,80.72528007995356,-46696.094011078305,-2.352633174351591,-2953.0799766544656,-0.002683114618901142,-11.184142538804082,-0.00878650748916627,-0.7141298030343264,-3.597914345926098e-05,0.045161859181895386,4.139029088001642e-06,-0.0029828532347790037,6.305007027351755e-06,0.0,4.1803940204801005e-06,-0.003000816634700229,6.308244079827033e-06,0.0,0.0,0.0,0.0,0.0,0.0,0.0,0.0
9.3,646.6719933358617,0.0026015292417978756,1.283436918731408,2.098396306594862e-05,-0.014269346029996473,4.522575702398668e-05,-0.2055864684869675,0.7814244242968885,0.48965206188810373,0.32764451966996827,-2214847.274265629,-4581637.734264529,3858683.1760417116,0.6519914122570852,-2.021090752833029,16116.784753927961,0.0,-0.00037315030596559785,-0.12447978449504617,0.00087867378271144,-4.375666935060672e-05,-0.014168649175004802,0.0001025113122145282,-3.1029012449717314e-05,-0.014168686144721925,9.643107699797517e-05,295.0694685924128,0.16345104011659198,10165.019168583378,216.64999999999998,2.1915966773195583,0.001984677312189794,4.022942302985013e-06,646.6732669455797,34176.494007791545,9.7498611620517,641.5086981377502,0.5667574646178911,81.56336857161754,-46688.4919192255,-2.3450160085686433,-2956.6627724284954,-0.0047151565537896295,-11.079968908594312,-0.022183250643504314,-0.7140135431956297,-3.586265309287261e-05,0.045216651371576454,4.135180026868489e-06,-0.0029847143820081147,6.308463959307174e-06,0.0,4.1803940204801005e-06,-0.003000816634700229,6.308244079827033e-06,0.0,0.0,0.0,0.0,0.0,0.0,0.0,0.0
9.4,646.0953977530163,0.002594641294119139,1.2837805240539675,2.0963879739916134e-05,-0.014278516346052105,4.5230998387027266e-05,-0.20523732116446175,0.7816607416933686,0.48979439035562095,0.3270865053952883,-2214827.4544626423,-4581596.865883529,3858729.1660823245,0.652001469665623,-2.021090741637211,16108.586554308422,0.0,-0.0003775303269960939,-0.1258971146850184,0.0008889332438748185,-4.386851291838118e-05,-0.014177926524314408,0.000102676864880343,-3.0975913100538154e-05,-0.014177963970762151,9.65116162955244e-05,295.0694685924128,0.1636601797011713,10178.025558048026,216.64999999999998,2.18964258235212,0.001986980311304225,4.015871620802156e-06,646.0966731819585,34159.22726236103,9.749886776595202,640.8203708518143,0.5727259894429376,82.400457110932,-46681.51673810996,-2.337993077799054,-2960.1283959023253,-0.0025710729448228434,-10.144360815409746,-0.03175278517126269,-0.7139068707892613,-3.575525044446221e-05,0.045269651629117696,4.1482319370104495e-06,-0.0029871137326865373,6.311216119243979e-06,0.0,4.1803940204801005e-06,-0.003000816634700229,6.308244079827033e-06,0.0,0.0,0.0,0.0,0.0,0.0,0.0,0.0
9.5,645.5202754654977,0.0025880606435088878,1.284137275843136,2.0977108319039955e-05,-0.014287322844680386,4.5226783729253726e-05,-0.20488785045198724,0.7818968099096607,0.4899365594692072,0.32652796968403713,-2214807.6231539426,-4581555.975071594,3858775.0502027357,0.6520115162913233,-2.0210907303240373,16100.304695896804,0.0,-0.00038192352965728667,-0.12731535914427988,0.0008992088454425871,-4.394625739775618e-05,-0.014186840009670154,0.00010283323425892669,-3.088934774355339e-05,-0.01418687793154132,9.658264182621187e-05,295.0694685924128,0.16387145345737775,10191.164671632896,216.64999999999998,2.1876934805207213,0.0019893032500016444,4.009255202292036e-06,645.5215527403352,34142.459605855394,9.7499126469416,640.1323440153836,0.5786913250629628,83.23654384269801,-46675.16382972913,-2.3310004197095338,-2963.9541341652957,-0.005273310563088901,-10.698575517455541,-0.042172407611558396,-0.7138097148856086,-3.564831076032138e-05,0.045328159171773144,4.1448951758859235e-06,-0.0029886265275404712,6.312889287215395e-06,0.0,4.1803940204801005e-06,-0.003000816634700229,6.308244079827033e-06,0.0,0.0,0.0,0.0,0.0,0.0,0.0,0.0
9.600000000000001,644.9466111358623,0.002582292315994827,1.2845222277223174,2.094441566373042e-05,-0.014296134066748303,4.521780365939604e-05,-0.20453806677004496,0.7821326220467372,0.4900785669857063,0.3259689232434097,-2214787.7803679076,-4581515.061886672,3858820.8284872654,0.6520215521389154,-2.0210907188935696,16091.939279070124,0.0,-0.0003863226977647272,-0.12873448624096778,0.0009094997841313845,-4.4069706483530614e-05,-0.014195758172828392,0.00010298517911392263,-3.0848551172393845e-05,-0.014195796569796066,9.66488414813519e-05,295.0694685924128,0.1640881170468429,10204.638978914614,216.65,2.1857493199482603,0.001991669553858284,4.0038774524048265e-06,644.9478903133609,34126.8645456579,9.749938772786644,639.4446038068411,0.5846534229603964,84.07162443332447,-46670.35640889888,-2.3258263276426487,-2967.7152583921124,-0.003932218159326136,-10.123571824109627,-0.04716133822300485,-0.7137361943361212,-3.5569182657064405e-05,0.04538567856306628,4.1494308501840166e-06,-0.0029909187437481403,6.31358417011965e-06,0.0,4.1803940204801005e-06,-0.003000816634700229,6.308244079827033e-06,0.0,0.0,0.0,0.0,0.0,0.0,0.0,0.0
9.700000000000001,644.3743884117462,0.0025775229738577584,1.2849171808130215,2.0937665503995895e-05,-0.014305056965914567,4.520495293847411e-05,-0.20418796223379365,0.7823681810092759,0.4902204131243991,0.32540936052304614,-2214767.926133536,-4581474.126387989,3858866.501019219,0.6520315772128658,-2.021090707345869,16083.49040472228,0.0,-0.00039073578004406533,-0.13015451506766643,0.0009198057440616458,-4.416711613394172e-05,-0.014204787969112209,0.00010313375868060066,-3.0781658659493404e-05,-0.01420482684195987,9.671111145654835e-05,295.0694685924128,0.16430706656883842,10218.255448326183,216.65,2.183810045093813,0.001994051130637429,4.000031496866152e-06,644.3756695126044,34111.790374592754,9.749965153824508,638.7571351755735,0.5906122348712086,84.90569384227153,-46666.20446071872,-2.322442819028837,-2971.719629944539,-0.004043899092633838,-10.456542178804758,-0.047392875774240714,-0.7136726980202323,-3.551743819339742e-05,0.045446917969243,4.155545691662494e-06,-0.0029926722236731152,6.31325497878195e-06,0.0,4.1803940204801005e-06,-0.003000816634700229,6.308244079827033e-06,0.0,0.0,0.0,0.0,0.0,0.0,0.0,0.0
9.8,643.8035986359927,0.002573791390665363,1.2853202048324435,2.0917455847302867e-05,-0.01431398071541489,4.519361326524636e-05,-0.20383753905727003,0.7826034851859561,0.490362097982813,0.3248492811571561,-2214748.060480197,-4581433.168635524,3858912.0678812754,0.652041591517481,-2.0210906956809995,16074.958174037747,0.0,-0.0003951582702386151,-0.13157544376284364,0.0009301266351849943,-4.4278571918954244e-05,-0.014213818571116981,0.00010328429316431339,-3.0728072252710665e-05,-0.014213857922238773,9.677483254061741e-05,295.0694685924128,0.16452817624014165,10232.006257409768,216.64999999999998,2.1818756266051977,0.0019964450336745986,3.997781725369037e-06,643.8048816771334,34097.20799704784,9.749991789748506,638.0699306336503,0.5965677061598901,85.73875067173901,-46662.66959371294,-2.3201164945366957,-2975.781830947356,-0.005622329559186531,-10.798899922338402,-0.04671074979593071,-0.7136186388118113,-3.5481861392242e-05,0.04550904176917666,4.147785192862912e-06,-0.0029944443622430795,6.3124759169819666e-06,0.0,4.1803940204801005e-06,-0.003000816634700229,6.308244079827033e-06,0.0,0.0,0.0,0.0,0.0,0.0,0.0,0.0
9.9,643.2342332424498,0.002570920417792853,1.2857129943176921,2.0889345036479676e-05,-0.014323216015192252,4.518550719058844e-05,-0.20348679146053175,0.7828385372987687,0.49050362277378456,0.3242886773151626,-2214728.1834375453,-4581392.1886898335,3858957.529155685,0.6520515950569519,-2.0210906838990246,16066.342688455246,0.0,-0.0003995919424416195,-0.13299729323264364,0.0009404627249263669,-4.439877564145299e-05,-0.014223160679092422,0.00010343867505870058,-3.068223245556127e-05,-0.014223200511801318,9.684172817746732e-05,295.0694685924128,0.16475144343200485,10245.89124268356,216.65,2.1799460353276605,0.0019988228480464104,3.996857053194099e-06,643.23551820427,34083.113999965375,9.750018680251188,637.3829828551843,0.6025197957209225,86.57079178083752,-46659.74852698173,-2.3200426540579664,-2979.7319858580186,-0.0037668097903426397,-10.493223677699618,-0.038789178531150936,-0.7135739665356052,-3.5480732139621463e-05,0.045569452032776805,4.1585091286999e-06,-0.002996591620110926,6.310947597359326e-06,0.0,4.1803940204801005e-06,-0.003000816634700229,6.308244079827033e-06,0.0,0.0,0.0,0.0,0.0,0.0,0.0,0.0
10.0,642.6662836938619,0.002568547809667082,1.2860867280690356,2.087858467047745e-05,-0.01433235374897969,4.5182541746927485e-05,-0.20313571609501252,0.7830733385292641,0.4906449875462267,0.3237275451152488,-2214708.295035478,-4581351.186611967,3859002.884924181,0.6520615878353506,-2.0210906720000086,16057.644049541093,0.0,-0.00040403880494874986,-0.13442007435203804,0.0009508145659564448,-4.450273293001241e-05,-0.014232405177052964,0.00010359869938187008,-3.0618887000593286e-05,-0.0142324454956543,9.691370578748274e-05,295.0694685924128,0.16497686551237362,10259.91024046012,216.65,2.178021242268109,0.0020011708158796542,3.996697402234797e-06,642.6675705390377,34069.504991741,9.750045825024728,636.696284213205,0.608468461477572,87.4018169588387,-46657.43707067266,-2.3198639435809407,-2983.854131999408,-0.005638665245703709,-11.084046728253574,-0.033577880629910725,-0.7135386171156232,-3.547799909566005e-05,0.04563249258197843,4.152623269533465e-06,-0.0029981388069264714,6.310006014862067e-06,0.0,4.1803940204801005e-06,-0.003000816634700229,6.308244079827033e-06,0.0,0.0,0.0,0.0,0.0,0.0,0.0,0.0
