t_s,u_b_mps,v_b_mps,w_b_mps,p_b_rps,q_b_rps,r_b_rps,q0,q1,q2,q3,x_e_m,y_e_m,z_e_m,lat_rad,long_rad,h_m,m_fuel_kg,phi_rad,theta_rad,psi_rad,phi_dot_rps,theta_dot_rps,psi_dot_rps,p_nb_rps,q_nb_rps,r_nb_rps,cs_mps,rho_kgpm3,p_kgpms2,T_K,mach,alpha_rad,beta_rad,true_airspeed_mps,qbar_kgpms2,g_mag_mps2,u_n_mps,v_n_mps,w_n_mps,Fx_b_kgmps2,Fy_b_kgmps2,Fz_b_kgmps2,l_b_kgm2ps2,m_b_kgm2ps2,n_b_kgm2ps2,n_x,n_y,n_z,dela_ach_rad,dele_ach_rad,delr_ach_rad,delt_ach_pct,dela_cmd_rad,dele_cmd_rad,delr_cmd_rad,delt_cmd_pct,dela_trim_rad,dele_trim_rad,delr_trim_rad,delt_trim_pct,W_N_mps,W_E_mps,W_D_mps
0.0,0.0,0.0,0.0,0.17453292519943295,0.3490658503988659,0.5235987755982988,0.7071067811865476,0.0,-0.7071067811865475,0.0,6387281.0,0.0,0.0,0.0,0.0,9144.0,0.0,0.0,2.220446049250313e-16,0.0,0.17446000404796605,0.3490658503988659,0.5235987755982988,0.17446000404796594,0.3490658503988659,0.5235987755982988,303.2301162993323,0.45904119204140337,30148.707841120464,228.7993742033871,0.0,0.0,0.0,0.0,0.0,9.736286875512638,0.0,0.0,0.0,0.0,0.0,0.0,0.0,0.0,0.0,0.0,0.0,-0.0,0.0,0.0,0.0,0.0,0.0,0.0,0.0,0.0,0.5,0.0,0.0,1.0,0.0,0.0,0.0
0.1,-0.033637604857542094,0.017942285704663316,0.9728787882979736,0.17453292519943295,0.3490658503988659,0.5235987755982988,0.7190677709378455,-0.012341654199420087,-0.694389390286138,0.024675623267605532,6387280.951138758,1.119014728483633e-06,-1.5195220125460945e-06,-2.3789810159132176e-13,1.7519422382217198e-13,9143.951138758412,0.0,0.018361961575931632,0.03443054911923803,0.05268364155916389,0.1927134700758589,0.3393968835003243,0.5302321170991539,0.17446014883991343,0.34906964352229747,0.5235961985827781,303.23032609794325,0.4590439008521523,30148.92767027647,228.79969089160667,0.003210852730964424,1.6052493839807025,0.018367661180594887,0.9736279250440747,0.21827189625104362,9.736287025252842,-1.69678875868301e-05,1.538494511396533e-05,0.9736276331294618,1.3800532922835723e-05,-7.362774881129024e-06,-0.00039785152581467295,0.0,0.0,0.0,9.64281266332892e-08,-5.144573710158031e-08,2.779898249365691e-06,0.0,0.0,0.0,0.0,0.0,0.0,0.0,0.0,0.5,0.0,0.0,1.0,0.0,0.0,0.0
0.2,-0.13211790353078945,0.07496708757807086,1.9413113880677364,0.17453292519943295,0.3490658503988659,0.5235987755982988,0.7302637233873006,-0.024670057735206526,-0.6809329983476529,0.04932485965023487,6387280.805094794,3.6192779337226954e-06,-3.2029156234873094e-06,-5.014521392495368e-13,5.666382995360478e-13,9143.80509479437,0.0,0.038544228965648644,0.06784148109756317,0.10608172501241353,0.21092491605057148,0.3286373598906825,0.5378940574223492,0.17446058121865934,0.3490733761397765,0.5235935660437661,303.2309531761712,0.45905199736068836,30149.584729334147,228.8006374578717,0.006421673431493791,1.6386949051947188,0.03847500659793975,1.9472501641226445,0.8710091302200468,9.736287472819322,-1.68828368099135e-05,3.683523062301038e-05,1.9472498101824316,0.00010788249411560494,-6.122101354345175e-05,-0.0015839951030774538,0.0,0.0,0.0,7.538047162570768e-07,-4.2776809269574544e-07,1.1067810296899566e-05,0.0,0.0,0.0,0.0,0.0,0.0,0.0,0.0,0.5,0.0,0.0,1.0,0.0,0.0,0.0
0.30000000000000004,-0.29196112640330674,0.1759166469869526,2.9009043307373523,0.17453292519943295,0.3490658503988659,0.5235987755982988,0.7406825514796173,-0.03697212806281804,-0.6667516683485314,0.07392156835925157,6387280.561844772,8.893213811851156e-06,-5.051592832069245e-06,-7.908831909225302e-13,1.3923317953145653e-12,9143.561844771728,0.0,0.06054238415868651,0.10012259135485696,0.16029218056174027,0.22908587443325176,0.31675739854673013,0.5464895135571363,0.17446129934882734,0.34907703241278404,0.5235908891498567,303.2319976342162,0.4590654828607407,30150.67912328399,228.80221405343255,0.009632432807686395,1.6711034192001684,0.06026412166098948,2.9208618423521076,1.9582434118829772,9.736288218283658,-1.6922078216963232e-05,7.217539503059925e-05,2.9208611574450805,0.000357059353625248,-0.00021514057381157871,-0.003547715540153606,0.0,0.0,0.0,2.4948721009174646e-06,-1.5032464768903012e-06,2.478886614579559e-05,0.0,0.0,0.0,0.0,0.0,0.0,0.0,0.0,0.5,0.0,0.0,1.0,0.0,0.0,0.0
0.4,-0.5093948126761355,0.32551907757114495,3.8472425658871523,0.17453292519943295,0.3490658503988659,0.5235987755982988,0.7503094862057121,-0.04923454791167179,-0.6518572494381661,0.09843913975730562,6387280.220922932,1.8511476854981364e-05,-6.666404667119274e-06,-1.0437000471218088e-12,2.8981782882701014e-12,9143.22092293234,0.0,0.08435867712908773,0.13115419461232558,0.21540745822644186,0.24716475992307027,0.30372210189463184,0.5559141225576671,0.17446230152580985,0.34908059630976396,0.5235881791569438,303.23346147193337,0.45908438317340244,30152.21294759505,228.80442369704429,0.012843097915176262,1.7024114257400007,0.08366357967481285,3.8944570541077272,3.4821160411787315,9.736289263073315,-1.6903126338877843e-05,0.00012200873314016647,3.894456720901738,0.0008309812598180768,-0.0005310479162650497,-0.006274851689681166,0.0,0.0,0.0,5.8062950611883085e-06,-3.710578135226708e-06,4.384411795695745e-05,0.0,0.0,0.0,0.0,0.0,0.0,0.0,0.0,0.5,0.0,0.0,1.0,0.0,0.0,0.0
0.5,-0.7795890918317496,0.5276413504960735,4.776132823029542,0.17453292519943295,0.3490658503988659,0.5235987755982988,0.7591378966730699,-0.06144443583201045,-0.6362688630409079,0.12285183395168185,6387279.782798233,3.3737853449437626e-05,-8.575462397023228e-06,-1.3425844317020656e-12,5.282037831627809e-12,9142.782798233131,0.0,0.10997368459411329,0.16082572907587123,0.27149988639896777,0.2651062851219624,0.2895102812058784,0.5660399868013177,0.17446358212148247,0.3490840530846828,0.5235854477717801,303.2353426757327,0.45910867230024377,30154.1840924068,228.8072633492193,0.016053639174234767,1.7325767952008202,0.10858614413459305,4.868030797579619,5.440611917800076,9.736290605751265,-1.6883994587842583e-05,0.00018579893119831845,4.868029897339089,0.0015895315651950795,-0.001075865031375806,-0.009737073720489483,0.0,0.0,0.0,1.1106495083433818e-05,-7.517365457254873e-06,6.803561739296239e-05,0.0,0.0,0.0,0.0,0.0,0.0,0.0,0.0,0.5,0.0,0.0,1.0,0.0,0.0,0.0
0.6000000000000001,-1.0975368696579217,0.7859422656471334,5.683461484080796,0.17453292519943295,0.3490658503988659,0.5235987755982988,0.7671585966816531,-0.07358882851722362,-0.6200032377241801,0.14713374765139328,6387279.247473398,5.611440825001123e-05,-1.0136883244070797e-05,-1.5870424403443176e-12,8.785338181700492e-12,9142.247473398224,0.0,0.13736984601912863,0.1890188122142023,0.32863240965565177,0.2828291820810699,0.27410036101924196,0.5767257699991043,0.17446513570031374,0.34908738806514,0.5235827065877809,303.23764123391743,0.45913835009024256,30156.59254546328,228.81073299230164,0.01926402476238598,1.7615588086380187,0.13495206703260595,5.8415774296177005,7.833824696895438,9.736292246309347,-1.692954870935459e-05,0.0002639623435712336,5.841577322169983,0.0026848656257629825,-0.0019226227666756697,-0.013903250811712956,0.0,0.0,0.0,1.875989601285921e-05,-1.3433895100259034e-05,9.714584482950235e-05,0.0,0.0,0.0,0.0,0.0,0.0,0.0,0.0,0.5,0.0,0.0,1.0,0.0,0.0,0.0
0.7000000000000001,-1.457970519527372,1.1039305855539254,6.565127929425035,0.17453292519943295,0.3490658503988659,0.5235987755982988,0.7743589064411821,-0.08565439657676466,-0.6030743391193778,0.17125824621959676,6387278.614483777,8.698517963865142e-05,-1.2103967494149127e-05,-1.8950116669559527e-12,1.3618504045475424e-11,9141.614483777745,0.0,0.16652851792432652,0.21560491795216563,0.38685848137911805,0.3002231743966653,0.25747238336418127,0.587811538654102,0.17446695692131844,0.34909058638661633,0.5235799672949906,303.24035914158424,0.4591734423030505,30159.44039724738,228.81483563786313,0.022474223292625575,1.7893158544389072,0.16268732629961433,6.815091572828993,10.66396094811261,9.736294186171756,-1.685181396064254e-05,0.00035618469311323364,6.815090532519277,0.004161776567339453,-0.003151250385785446,-0.018739052521814955,0.0,0.0,0.0,2.9079479763481703e-05,-2.2018654855777963e-05,0.00013093492401090076,0.0,0.0,0.0,0.0,0.0,0.0,0.0,0.0,0.5,0.0,0.0,1.0,0.0,0.0,0.0
0.8,-1.8548112375839765,1.4840670369056252,7.4174601478715045,0.17453292519943295,0.3490658503988659,0.5235987755982988,0.7807352965021717,-0.09762865626862258,-0.5855035981022318,0.19520038362267045,6387277.884300534,0.00012782599992056936,-1.362855344707722e-05,-2.1337029161392402e-12,2.0012594136959527e-11,9140.884300533993,0.0,0.1974018676638615,0.24047012591269648,0.4462036853231863,0.31715399328566296,0.2396284721077814,0.5991127404183539,0.17446903673920383,0.3490936350635881,0.5235772415654752,303.2434943756736,0.4592139228179745,30162.72552797648,228.81956823212238,0.025684204093304887,1.8158217212478978,0.19170498112344678,7.788567833776353,13.929066319754925,9.736296423894828,-1.6955350370088478e-05,0.00046275121110417317,7.788567993723119,0.006051189689259036,-0.00484176857185238,-0.024197875480446118,0.0,0.0,0.0,4.2281329924035e-05,-3.383077128877472e-05,0.00016907722434573677,0.0,0.0,0.0,0.0,0.0,0.0,0.0,0.0,0.5,0.0,0.0,1.0,0.0,0.0,0.0
0.9,-2.2818483055722094,1.9285889092100588,8.23689098191511,0.17453292519943295,0.3490658503988659,0.5235987755982988,0.786280763818304,-0.10949888682412763,-0.5673094446184058,0.21893474031508736,6387277.0569273485,0.00017997665366976733,-1.563412402136812e-05,-2.447697803309168e-12,2.8177367611535323e-11,9140.056927348487,0.0,0.22993593137586077,0.26349345822579945,0.5066796798085988,0.33346021072329374,0.22057808390785516,0.610427262310428,0.17447136633242177,0.34909652116477596,0.523574540960665,303.24704692037795,0.45925979143091544,30166.447921087245,228.8249307512181,0.028893936469803004,1.841046846527089,0.22192546669791002,8.762000908372771,17.629297890843333,9.736298959467584,-1.682884459874856e-05,0.0005833233829278806,8.761999769475533,0.00837487275348677,-0.007078334992285914,-0.030231156772966637,0.0,0.0,0.0,5.8517543846050695e-05,-4.945827721330766e-05,0.0002112334233666279,0.0,0.0,0.0,0.0,0.0,0.0,0.0,0.0,0.5,0.0,0.0,1.0,0.0,0.0,0.0
1.0,-2.73263404227041,2.43954497793983,9.019899701736083,0.17453292519943295,0.3490658503988659,0.5235987755982988,0.7909856187702374,-0.1212518841960236,-0.5485085870345243,0.24243493118955164,6387276.131901945,0.0002449637723336119,-1.7135296468431565e-05,-2.682723607945515e-12,3.835183688792774e-11,9139.131901945299,0.0,0.2640666128114121,0.2845459226535078,0.5682821328848724,0.34895216079795943,0.20034122381001512,0.6215326040864657,0.17447393691861987,0.34909923154293476,0.5235718771727668,303.25101876060086,0.45931107376991637,30170.60965638208,228.83092619133566,0.032103387778278245,1.8649561586051049,0.25327507566812213,9.735385092444346,21.76692673931913,9.736301794307074,-1.6978785912336036e-05,0.0007182991263055735,9.735385512440503,0.011145375946645957,-0.009950152720644345,-0.036787754029573766,0.0,0.0,0.0,7.78758131420013e-05,-6.952445908659213e-05,0.00025704617524213133,0.0,0.0,0.0,0.0,0.0,0.0,0.0,0.0,0.5,0.0,0.0,1.0,0.0,0.0,0.0
1.1,-3.200215934680954,3.0178153497100677,9.763576877856007,0.17453292519943295,0.3490658503988659,0.5235987755982988,0.7948486169367074,-0.1328756571012276,-0.5291237598762195,0.2656769932450483,6387275.109696349,0.0003241265007851006,-1.9159967666100492e-05,-2.999709161994109e-12,5.0745661532461306e-11,9138.109696349129,0.0,0.29969502617355714,0.30352059362036377,0.6309731852908211,0.36342830908445467,0.17896796914736463,0.632193570613345,0.17447673639245687,0.3491017554883377,0.5235692613767946,303.2554078695798,0.45936774366647354,30175.20861019835,228.8375514931042,0.03531252832676174,1.8875266224818277,0.28567024148049863,10.708715227768783,26.34005956409787,9.736304926967106,-1.6820287823904323e-05,0.0008672722644064157,10.708714054270928,0.014359046724927046,-0.013540848495226741,-0.043807244806914176,0.0,0.0,0.0,0.00010033061648173451,-9.461363997468075e-05,0.00030609329170953675,0.0,0.0,0.0,0.0,0.0,0.0,0.0,0.0,0.5,0.0,0.0,1.0,0.0,0.0,0.0
1.2000000000000002,-3.67755680418622,3.6640510153957275,10.46513739152746,0.17453292519943295,0.3490658503988659,0.5235987755982988,0.7978659062417661,-0.14435789032702387,-0.5091757364055438,0.28863631633443315,6387273.990316561,0.00041886814273120416,-2.0656017710058965e-05,-3.233933246229073e-12,6.557854624151555e-11,9136.990316561423,0.0,0.3367090865683645,0.3203074110756386,0.6946963266876827,0.3766711706528135,0.15652343612360886,0.6421662852280919,0.1744797528711013,0.34910408228743883,0.5235667046759704,303.2602142215461,0.45942980078787365,30180.244755535285,228.84480661762606,0.03852132706470117,1.9087269626307393,0.31903422840483797,11.681985897739517,31.348915538890406,9.73630835742972,-1.699863537663049e-05,0.0010305911921731918,11.681986535592436,0.01800217415485728,-0.01793606135909343,-0.05122836597991716,0.0,0.0,0.0,0.00012578615179466626,-0.00012532420347153677,0.00035794671043130254,0.0,0.0,0.0,0.0,0.0,0.0,0.0,0.0,0.5,0.0,0.0,1.0,0.0,0.0,0.0
1.3,-4.157416145544369,4.378680304120056,11.121876449490555,0.17453292519943295,0.3490658503988659,0.5235987755982988,0.8000299418081627,-0.1556855745483596,-0.4886829837092546,0.311286903298616,6387272.773301326,0.0005307237624990762,-2.2685280267404317e-05,-3.5516379326931473e-12,8.30908247404742e-11,9135.773301325427,0.0,0.3749801320080325,0.3347921004541941,0.7593749313511495,0.38844993559634045,0.1330906895682741,0.6512001873973865,0.17448297448116634,0.3491062010307141,0.5235642183011944,303.2654397970271,0.45949727070565805,30185.720167609947,228.8526945544811,0.041729751120921595,1.9285152578387952,0.35329524230354614,12.655191382178025,36.79583187883237,9.736312087108967,-1.6823707067163223e-05,0.0012079487655761352,12.65519021376147,0.0220504381638704,-0.023224318273683826,-0.05898825621341186,0.0,0.0,0.0,0.0001540724880317376,-0.0001622747118526804,0.00041216720193548836,0.0,0.0,0.0,0.0,0.0,0.0,0.0,0.0,0.5,0.0,0.0,1.0,0.0,0.0,0.0
1.4000000000000001,-4.632395950026748,5.160919018356116,11.731845729434198,0.17453292519943295,0.3490658503988659,0.5235987755982988,0.8013427336270216,-0.16684739833725806,-0.4676701346384431,0.33360614859802956,6387271.459124876,0.0006609722769605268,-2.419696038729659e-05,-3.788309381191659e-12,1.0348272831139078e-10,9134.459124876497,0.0,0.4143451260879189,0.34689271499376556,0.8248987608489738,0.39855276973821074,0.10878531356830959,0.6590622843075533,0.1744863865046465,0.3491081036774565,0.5235618125188477,303.2710825597684,0.4595701271287669,30191.63271281389,228.86121222997016,0.04493777105868156,1.9468576186845608,0.3883738282083059,13.628326536771166,42.67897442492572,9.736316114551997,-1.7010177909781987e-05,0.0013996726674938564,13.628327279079826,0.026463046397463906,-0.029482669752698833,-0.06701860541114979,0.0,0.0,0.0,0.00018490459777062863,-0.00020600353829064444,0.0004682774647549543,0.0,0.0,0.0,0.0,0.0,0.0,0.0,0.0,0.5,0.0,0.0,1.0,0.0,0.0,0.0
1.5,-5.095061935838116,6.0097554307243755,12.293236213965526,0.17453292519943295,0.3490658503988659,0.5235987755982988,0.8018026596866658,-0.17783148419222805,-0.446159320636538,0.35557031551359536,6387270.047794207,0.0008111016202568241,-2.6207646084690503e-05,-4.103106004378366e-12,1.2698721271960806e-10,9133.047794207,0.0,0.45462677708173127,0.3565285021121471,0.8911400497387588,0.40677718882243274,0.08373982208663103,0.6655352579724619,0.1744899744688819,0.3491097821569962,0.5235594975336941,303.2771424797463,0.45964836966955125,30197.9823596881,228.87035959877315,0.04814535602383617,1.9637062414556883,0.4241958225204031,14.601385998579074,48.99862493188485,9.736320439737934,-1.6842081303813927e-05,0.0016053340061000787,14.601384895757056,0.031188824248969068,-0.036788013230955416,-0.07525160411329977,0.0,0.0,0.0,0.00021792490993203002,-0.00025704798635361466,0.000525803695507172,0.0,0.0,0.0,0.0,0.0,0.0,0.0,0.0,0.5,0.0,0.0,1.0,0.0,0.0,0.0
1.6,-5.5378186940660825,6.923928719371612,12.804350820985126,0.17453292519943295,0.3490658503988659,0.5235987755982988,0.8014053380809443,-0.18862523992498248,-0.42417134106646054,0.37715423924982805,6387268.538850385,0.0009825411566272632,-2.7752434644087558e-05,-4.344961304995437e-12,1.5382806449956143e-10,9131.538850385075,0.0,0.4956312564557302,0.363620887649876,0.9579525998150067,0.41293710816561946,0.058104991362191404,0.6704236144002887,0.17449372384591189,0.3491112282010133,0.5235572837005004,303.28362152750583,0.459732023770663,30204.77117298984,228.8801396354013,0.05135247238420383,1.9789961631001376,0.46069029723494415,15.574363867782747,55.757186496889894,9.73632506407383,-1.701520119408902e-05,0.0018254563271895285,15.574364621513409,0.03616515336447194,-0.04521778873237651,-0.08361913689318819,0.0,0.0,0.0,0.0002526958928210034,-0.00031594915082938516,0.0005842699529349674,0.0,0.0,0.0,0.0,0.0,0.0,0.0,0.0,0.5,0.0,0.0,1.0,0.0,0.0,0.0
1.7000000000000002,-5.953282102086354,7.901000551641902,13.264348680529935,0.17453292519943295,0.3490658503988659,0.5235987755982988,0.8001550968191702,-0.1992180360460878,-0.40173178653789837,0.398336675670902,6387266.932768629,0.001176704786425546,-2.9722656996626615e-05,-4.653423335892408e-12,1.842266495171425e-10,9129.932768628621,0.0,0.5371420767665276,0.3681315410191409,1.0251680713928335,0.4169035445503197,0.0320543352491417,0.6735877721133996,0.17449761788648965,0.3491124367578083,0.5235551799702457,303.2905176625736,0.4598210630865712,30211.997014690154,228.89054925978738,0.054559091588638677,1.9926655075576698,0.497779770151186,16.547255203932323,62.952884113031466,9.736329986103948,-1.6879568164836677e-05,0.002059477819547274,16.54725428007911,0.041314884496574895,-0.05483238136152632,-0.09205199200928096,0.0,0.0,0.0,0.00028867848338546827,-0.0003831289590842568,0.000643192635527118,0.0,0.0,0.0,0.0,0.0,0.0,0.0,0.0,0.5,0.0,0.0,1.0,0.0,0.0,0.0
1.8,-6.3340790039180135,8.938315048237826,13.672537240210913,0.17453292519943295,0.3490658503988659,0.5235987755982988,0.7980534310243858,-0.20959865829291763,-0.37886458276212664,0.419095212170897,6387265.22955804,0.0013949035853160138,-3.132511410022673e-05,-4.904307708291963e-12,2.1838823583853783e-10,9128.229558040388,0.0,0.5789355280757598,0.37002818296528306,1.0926092189244994,0.41858470730647995,0.00577046021993749,0.6749306347515626,0.17450164006324273,0.34911340269763586,0.5235531952717972,303.2978308458646,0.4599154871126301,30219.65984383533,228.90158841293297,0.05776518211007988,2.004630786153397,0.5353896617627847,17.520054432403573,70.58605996942035,9.73633520580106,-1.7010754460144994e-05,0.0023079164195901336,17.52005507341348,0.04655075087101619,-0.0656899411516339,-0.10048293910607307,0.0,0.0,0.0,0.0003252629246249927,-0.0004589937214251788,0.0007021019862626098,0.0,0.0,0.0,0.0,0.0,0.0,0.0,0.0,0.5,0.0,0.0,1.0,0.0,0.0,0.0
1.9000000000000001,-6.672725511634261,10.032948419667989,14.028365145392046,0.17453292519943295,0.3490658503988659,0.5235987755982988,0.7950983497763002,-0.21975493893235012,-0.3555920748204804,0.439405530689383,6387263.428761027,0.0016387700328035933,-3.3233781535967316e-05,-5.20313306435566e-12,2.565684117024506e-10,9126.428761026511,0.0,0.6207805667413149,0.36928420556277464,1.1600913115155447,0.4179295542600594,-0.020556150767085335,0.6744012521461781,0.17450577376789494,0.3491141207187809,0.5235513386757987,303.30556304217873,0.4600153212173143,30227.7617191629,228.9132600606774,0.06097071077647883,2.014781823332368,0.5734457795791604,18.49275584266945,78.6591863080848,9.736340724568251,-1.6933471759017493e-05,0.0025702874262322575,18.492755194977622,0.051773842246727805,-0.07784674777844063,-0.10884599654247819,0.0,0.0,0.0,0.0003617581034279045,-0.0005439366794559078,0.0007605369732321882,0.0,0.0,0.0,0.0,0.0,0.0,0.0,0.0,0.5,0.0,0.0,1.0,0.0,0.0,0.0
2.0,-6.96231645490846,11.18091384292879,14.332183568994626,0.17453292519943295,0.3490658503988659,0.5235987755982988,0.7912971988494495,-0.2296771430834921,-0.3319410854710324,0.45924817351969416,6387261.530854665,0.0019095208066265584,-3.492187783553224e-05,-5.467425698669615e-12,2.9895766717540494e-10,9124.530854664743,0.0,0.6624443571312629,0.3659177194100705,1.2274278119765207,0.4149648902076703,-0.04673321187836262,0.672025004831591,0.17451000084280796,0.34911458894439845,0.5235496174859646,303.3137122030568,0.46012053895198485,30236.300494276344,228.9255611108989,0.06417564824248839,2.0230044235960802,0.6118673805475355,19.46535418709082,87.17054209053049,9.736346540944199,-1.6991611781591587e-05,0.002847085385894177,19.465354514792562,0.056874825694731554,-0.09133732563040112,-0.1170785663160358,0.0,0.0,0.0,0.00039740008048985606,-0.0006381990645926834,0.0008180602069421284,0.0,0.0,0.0,0.0,0.0,0.0,0.0,0.0,0.5,0.0,0.0,1.0,0.0,0.0,0.0
2.1,-7.196004265445765,12.37802395582437,14.584496128822297,0.17453292519943295,0.3490658503988659,0.5235987755982988,0.7866539243549007,-0.23935472438778818,-0.3079366591969658,0.47860206128349925,6387259.535849405,0.002208616403079961,-3.673894054537458e-05,-5.751909772754972e-12,3.4578466565884576e-10,9122.535849405453,0.0,0.7036997120112349,0.35995291048539996,1.294437844076964,0.40976008491067517,-0.07257425821992242,0.6678751764138822,0.17451430335509088,0.34911480538774603,0.5235480390044688,303.3222782836276,0.46023113973728536,30245.276122158924,228.93849149586467,0.06737996453145374,2.0291507742762827,0.6505728509869139,20.43784435235057,96.12053497496845,9.73635265489766,-1.7006531212615528e-05,0.003137736151596293,20.43784411009043,0.061735110383909185,-0.10619208203042285,-0.1251215876469141,0.0,0.0,0.0,0.0004313602289929876,-0.0007419933411802014,0.0008742590134479873,0.0,0.0,0.0,0.0,0.0,0.0,0.0,0.0,0.5,0.0,0.0,1.0,0.0,0.0,0.0
2.2,-7.366884524140418,13.619813405868463,14.785972241745974,0.17453292519943295,0.3490658503988659,0.5235987755982988,0.7811694962457231,-0.24877614643267948,-0.28360284300293953,0.4974441360355764,6387257.443289646,0.0025376012493920287,-3.8538200258088774e-05,-6.033606849726895e-12,3.972912118061701e-10,9120.443289646259,0.0,0.7443248292523732,0.35142016974496443,1.3609472624604935,0.4024242274557098,-0.09789987673426122,0.6620701024355042,0.17451866323603982,0.34911476791220647,0.5235466106785931,303.33126324013983,0.4603471488312852,30254.690652588422,228.9520541685064,0.07058362406498885,2.0330305918851845,0.689476387007406,21.4102199460199,105.51169951049692,9.736359067825761,-1.6959527923058697e-05,0.003442866329794292,21.410219784832798,0.06622490863380459,-0.12243719634474266,-0.13291897165407163,0.0,0.0,0.0,0.00046273168664752814,-0.0008555024316647744,0.000928741484281155,0.0,0.0,0.0,0.0,0.0,0.0,0.0,0.0,0.5,0.0,0.0,1.0,0.0,0.0,0.0
2.3000000000000003,-7.468980107697955,14.90094354073676,14.938173712036425,0.17453292519943295,0.3490658503988659,0.5235987755982988,0.7748537715122751,-0.25793259046274997,-0.2589671421107807,0.515756769358751,6387255.253653833,0.0028977156389300733,-4.0244127012546744e-05,-6.3006918332789435e-12,4.536714949184181e-10,9118.2536538324,0.0,0.7841180725090056,0.3403913790320376,1.4268017280877632,0.3931285306302595,-0.12255094281689295,0.6547888981568944,0.17452306162787046,0.34911447789065525,0.5235453378790221,303.3406650182628,0.4604685397095332,30264.541933015895,228.96624602783922,0.07378660023546316,2.0344382150248643,0.7284838518864905,22.382476483269233,115.34237668810745,9.736365778263083,-1.709010947574067e-05,0.0037618673588066067,22.382476745158716,0.07021011669225183,-0.14007379895961994,-0.14042223334846404,0.0,0.0,0.0,0.0004905774335812627,-0.0009787342343667048,0.0009811688414618595,0.0,0.0,0.0,0.0,0.0,0.0,0.0,0.0,0.5,0.0,0.0,1.0,0.0,0.0,0.0
2.4000000000000004,-7.4964107506598845,16.21589669612285,15.04281344348717,0.17453292519943295,0.3490658503988659,0.5235987755982988,0.7677134168179907,-0.2668143265148581,-0.23405569231546347,0.5335205118202839,6387252.96695408,0.003290456601579895,-4.217565010794275e-05,-6.6030968753152804e-12,5.151599002895029e-10,9115.966954080388,0.0,0.8228934033917922,0.32694099870780163,1.4918640623040735,0.38206488836663255,-0.1463856343998959,0.6462368909686813,0.17452747986707348,0.3491139365533902,0.5235442260067528,303.3504835659713,0.4605953117003043,30274.829908928583,228.98106699533142,0.07698886038524601,2.033113728179945,0.7674939390327615,23.354608027057427,125.61302742951395,9.736372786173417,-1.6912598475471438e-05,0.004095222092039387,23.354607173684,0.07354873371905375,-0.1590972943970336,-0.1475879480380726,0.0,0.0,0.0,0.0005139052707916507,-0.0011116566394146537,0.0010312376647001445,0.0,0.0,0.0,0.0,0.0,0.0,0.0,0.0,0.5,0.0,0.0,1.0,0.0,0.0,0.0
2.5,-7.4433012559977545,17.55887932269224,15.101789295442384,0.17453292519943295,0.3490658503988659,0.5235987755982988,0.7597521850535746,-0.2754105429237871,-0.2088938777256162,0.5507137521888148,6387250.582736655,0.0037172471077493354,-4.375411063733667e-05,-6.850226098397125e-12,5.819792194060527e-10,9113.582736655138,0.0,0.8604786330018028,0.31114588122811476,1.5560140124059567,0.36943931904325755,-0.16927862019587536,0.6366394993662612,0.17453189912409384,0.3491131450118528,0.5235432805972822,303.3607208314961,0.4607274899581469,30285.556621703174,228.99652001181195,0.08019037147013766,2.0287280601469546,0.8063931521496683,24.326609000008638,136.3262632578154,9.736380092948286,-1.71795928090764e-05,0.004442576184840045,24.326609819918716,0.07608872687750094,-0.1794967367247854,-0.15437749408189605,0.0,0.0,0.0,0.0005316529029519388,-0.0012541931645639111,0.0010786780939471207,0.0,0.0,0.0,0.0,0.0,0.0,0.0,0.0,0.5,0.0,0.0,1.0,0.0,0.0,0.0
2.6,-7.305005144067692,18.923476494427618,15.117824196632972,0.17453292519943295,0.3490658503988659,0.5235987755982988,0.7509823726667305,-0.2837134034514931,-0.1835096813564243,0.5673208239533934,6387248.101481337,0.004179566061864183,-4.582535264544022e-05,-7.174506441663205e-12,6.543610011802452e-10,9111.10148133679,0.0,0.8967348986752177,0.29311610328998144,1.6191638850057415,0.3554821320803684,-0.19113645788223768,0.6262452550639156,0.17453630055736166,0.3491121078353428,0.5235425048850285,303.3713747547751,0.46086504788460464,30296.71991278497,229.012601967644,0.083391104021817,2.020917571207662,0.8450544405531419,25.29847398057644,147.48046897107585,9.736387697118301,-1.685914592523356e-05,0.004804179716112689,25.29847229174141,0.07768139894679538,-0.20123460792735304,-0.16076337698712273,0.0,0.0,0.0,0.0005427813416029636,-0.0014060816611009427,0.0011232980176046794,0.0,0.0,0.0,0.0,0.0,0.0,0.0,0.0,0.5,0.0,0.0,1.0,0.0,0.0,0.0
2.7,-7.0770116791458415,20.30312475840897,15.093784734588716,0.17453292519943295,0.3490658503988659,0.5235987755982988,0.7414134327398683,-0.2917141466435658,-0.15793009183756948,0.5833242116319785,6387245.523202093,0.004678513062070473,-4.727605277242712e-05,-7.401633865598828e-12,7.324774106577654e-10,9108.523202093318,0.0,0.9315404921286996,0.272958906139317,1.6812464524374262,0.34041434614755756,-0.21188433413972638,0.6152996029763356,0.1745406654882371,0.34911082942490296,0.52354190216205,303.38244527583294,0.4610079847053092,30308.319719331357,229.0293127722958,0.08659102886019338,2.0092306581864077,0.8833321763538117,26.270198074555687,159.07617745062393,9.736395598641689,-1.7265695621659916e-05,0.0051798253325512356,26.27019943912943,0.07817203836394303,-0.22426650109949042,-0.1667245968812328,0.0,0.0,0.0,0.0005462095744192275,-0.0015670118457412978,0.0011649507037764547,0.0,0.0,0.0,0.0,0.0,0.0,0.0,0.0,0.5,0.0,0.0,1.0,0.0,0.0,0.0
2.8000000000000003,-6.754874178142941,21.690992363027302,15.03273697597691,0.17453292519943295,0.3490658503988659,0.5235987755982988,0.7310515816761171,-0.29940268587721575,-0.13218151031044098,0.5987037511099814,6387242.84744675,0.005216072174659927,-4.9473117372486065e-05,-7.745613961621251e-12,8.166390882580851e-10,9105.847446749918,0.0,0.9647874917673436,0.25077847358049377,1.7422133519873702,0.3244435931107634,-0.23146323471956942,0.6040419295248133,0.17454497504901978,0.3491093140963873,0.5235414758405036,303.39393433620137,0.46115632548830915,30320.358075699263,229.04665535648368,0.08979010882460496,1.993103998927423,0.9210532679592159,27.241774500583826,171.11605595204543,9.736403798905336,-1.6810083325916974e-05,0.005569641650783552,27.24177197347599,0.07739765780945136,-0.24853979459098122,-0.17224677743934066,0.0,0.0,0.0,0.0005407987640839746,-0.0017366160365136292,0.0012035357011186947,0.0,0.0,0.0,0.0,0.0,0.0,0.0,0.0,0.5,0.0,0.0,1.0,0.0,0.0,0.0
2.9000000000000004,-6.335619208816055,23.079936142206524,14.938447084421648,0.17453292519943295,0.3490658503988659,0.5235987755982988,0.7199118691072603,-0.30677239246024507,-0.10629226104381591,0.6134461876506563,6387240.074696886,0.005793010421608947,-5.083222310138278e-05,-7.958401830713451e-12,9.069661316474684e-10,9103.074696886353,0.0,0.9964032493189382,0.22670301279934874,1.802050322319349,0.3077693609920061,-0.24984511244436738,0.5927023170373202,0.1745492111289794,0.34910756944266363,0.5235412268951958,303.40583986809065,0.46131004353537897,30332.832815237394,229.0646265989066,0.0929883185541615,1.971915786700372,0.9580192986336982,28.213199012723702,183.5985550068018,9.73641229643444,-1.7321005048624254e-05,0.005973638202698696,28.213200678897145,0.07520738603460907,-0.2739759836996524,-0.17732913198621153,0.0,0.0,0.0,0.0005254947316059003,-0.0019143456994298092,0.001239047512914745,0.0,0.0,0.0,0.0,0.0,0.0,0.0,0.0,0.5,0.0,0.0,1.0,0.0,0.0,0.0
3.0,-5.816437411638936,24.46269268104907,14.814815392945633,0.17453292519943295,0.3490658503988659,0.5235987755982988,0.7080058744754372,-0.31381536087113054,-0.08028975046842318,0.6275357144939114,6387237.204967714,0.006411255695993732,-5.309800514852249e-05,-8.31314126039114e-12,1.0037603881389182e-09,9100.204967713915,0.0,1.0263264454818302,0.20085262011489488,1.8607599134435173,0.29056370609705817,-0.26701377055802666,0.5814912829057696,0.17455335575892011,0.3491056028640461,0.5235411563825386,303.41816180618724,0.4614691380032223,30345.743869509377,229.08322640097447,0.09618562523969176,1.9449154007602998,0.993991439012308,29.184465602406082,196.5242541578668,9.736421091183539,-1.6784170371764162e-05,0.006391577067318188,29.184462451185986,0.0714465389955933,-0.30048887366627836,-0.18197862553572206,0.0,0.0,0.0,0.0004992166569435396,-0.002099598567953885,0.001271534805635955,0.0,0.0,0.0,0.0,0.0,0.0,0.0,0.0,0.5,0.0,0.0,1.0,0.0,0.0,0.0
3.1,-5.194646077242102,25.83175446903671,14.665946362605558,0.17453292519943295,0.3490658503988659,0.5235987755982988,0.6953429100665692,-0.32052256777055016,-0.054201352486242034,0.6409542908395207,6387234.237809368,0.007071855750278519,-5.4427065888375043e-05,-8.52122591171473e-12,1.1071859098965856e-09,9097.23780936872,0.0,1.0545030863292597,0.17334122882170516,1.9183594003756383,0.2729725180873367,-0.2829615850196932,0.5706021624997323,0.17455739074136636,0.34910342172030207,0.5235412654615995,303.43089388230777,0.46163434318713126,30359.168503003883,229.102457959659,0.09938199736704875,1.9112030332332106,1.0286751424239753,30.155568429303965,209.8962246316336,9.736430184532574,-1.7341084790345462e-05,0.006823892325797054,30.155570072314816,0.06595465525684266,-0.32798324705472476,-0.18621084593894888,0.0,0.0,0.0,0.00046084335182723743,-0.0022917093316199067,0.001301106495893442,0.0,0.0,0.0,0.0,0.0,0.0,0.0,0.0,0.5,0.0,0.0,1.0,0.0,0.0,0.0
3.2,-4.469199299072681,27.17964265489205,14.496472509522365,0.17453292519943295,0.3490658503988659,0.5235987755982988,0.6819398486575349,-0.3268883763629872,-0.028055233689328114,0.6536906424530984,6387231.173704417,0.007776594963813035,-5.664933206350977e-05,-8.869153241051457e-12,1.2175220770088772e-09,9094.173704417111,0.0,1.0809093984115057,0.14429790403583656,1.9748949843826764,0.25511821584389366,-0.29770430550375976,0.5602043520960432,0.17456129940561635,0.34910103633119505,0.5235415528096896,303.44404132796126,0.46180500051313583,30373.037528079567,229.12231789677097,0.10257740464562312,1.8698425020314027,1.0617286373764543,31.126502351062616,223.71271299463186,9.73643957500383,-1.6848464601556163e-05,0.007270025259261459,31.126499369119564,0.05859233531802504,-0.35634001739164617,-0.19005552402533377,0.0,0.0,0.0,0.0004094007935329583,-0.002489845900421186,0.0013279703211856303,0.0,0.0,0.0,0.0,0.0,0.0,0.0,0.0,0.5,0.0,0.0,1.0,0.0,0.0,0.0
3.3000000000000003,-3.6392393122241318,28.49879550156123,14.311143556060653,0.17453292519943295,0.3490658503988659,0.5235987755982988,0.667811129384803,-0.33290611936780296,-0.0018791867718243073,0.6657314356846812,6387228.012670155,0.008526328494435274,-5.80715644752517e-05,-9.091825806133249e-12,1.3349027899930689e-09,9091.012670154683,0.0,1.105523981472774,0.11384205402843549,2.0304232077084365,0.2370939010084383,-0.3112605075491249,0.550447752369787,0.17456506516103198,0.3490984568209905,0.5235420172072729,303.45760467739944,0.46198105638039716,30387.34528324562,229.14280607934052,0.10577181674763415,1.8198123907171277,1.0927353886287092,32.0972621526139,237.97435072447607,9.736449262545571,-1.731266095461592e-05,0.0077305296525551626,32.09726329658153,0.04921896778859481,-0.3854325526473385,-0.19355135875173365,0.0,0.0,0.0,0.0003439064915257764,-0.0026931234614693783,0.0013523966817885998,0.0,0.0,0.0,0.0,0.0,0.0,0.0,0.0,0.5,0.0,0.0,1.0,0.0,0.0,0.0
3.4000000000000004,-2.7040931137242126,29.781434977207798,14.114914109863644,0.17453292519943295,0.3490658503988659,0.5235987755982988,0.6529682013808482,-0.33856760032520217,0.02429892794556079,0.6770602802138252,6387224.754258226,0.00932317391787606,-6.015413387771421e-05,-9.417882757187762e-12,1.4596595983289616e-09,9087.75425822536,0.0,1.1283247268101515,0.08208497908775395,2.085010601595594,0.21896594765990443,-0.323649415442605,0.5414676991147286,0.17456867119611555,0.3490956933025989,0.5235426575164517,303.4715858544263,0.4621625357603993,30402.09379789129,229.16392541337873,0.10896519689469367,1.7600743692703762,1.1211852239197206,33.06784124962496,252.6839512168946,9.736459248533265,-1.699634168161879e-05,0.00820485335765664,33.067839056959436,0.037690929086707445,-0.41512386141227514,-0.1967469374650826,0.0,0.0,0.0,0.0002633569082600718,-0.0029005848180345202,0.0013747250708849058,0.0,0.0,0.0,0.0,0.0,0.0,0.0,0.0,0.5,0.0,0.0,1.0,0.0,0.0,0.0
3.5,-1.664799304757128,31.02017576590318,13.91304922327447,0.17453292519943295,0.3490658503988659,0.5235987755982988,0.6374304458152008,-0.34386854943040807,0.05045116683139519,0.6876686323473066,6387221.398952955,0.010167937153134967,-6.177764896893824e-05,-9.67206945156544e-12,1.5919186950811217e-09,9084.398952955691,0.0,1.149312253160112,0.04914792636788889,2.138744892553606,0.20077661366238808,-0.33490507174697554,0.5333753799512894,0.17457210289838115,0.349092758438055,0.5235434701665315,303.485982780896,0.46234941167825927,30417.28087981458,229.18567275973257,0.11215751882872609,1.6898817895825264,1.146511034697126,34.038234977090944,267.8400636460487,9.736469531483893,-1.7223297433588414e-05,0.008693547674195834,34.038234962204534,0.0238947606558955,-0.44525921428111265,-0.19970494672257552,0.0,0.0,0.0,0.00016695927753530385,-0.0031111488331217007,0.0013953934967246059,0.0,0.0,0.0,0.0,0.0,0.0,0.0,0.0,0.5,0.0,0.0,1.0,0.0,0.0,0.0
3.6,-0.5226008618889512,32.20758389560644,13.710913663373821,0.17453292519943295,0.3490658503988659,0.5235987755982988,0.6212142476943059,-0.34880330202333254,0.07654979369686497,0.6975451603435359,6387217.946773028,0.011062257522785574,-6.363433620672821e-05,-9.962762620129122e-12,1.7319367547767e-09,9080.946773028001,0.0,1.1684815471458785,0.015142343480801767,2.1917197284092773,0.18254401984774618,-0.34505731797943207,0.5262711601236388,0.17457534570889444,0.34908966467780006,0.5235444517103103,303.50079537664647,0.46254168309345245,30432.906444453856,229.20804799731286,0.11534875180702044,1.6088935693250674,1.1680674399232687,35.00843791913409,283.4433984870049,9.736480111341601,-1.719440667535821e-05,0.009196019718879178,35.00843694498816,0.007718332083576345,-0.4756762689165997,-0.2024975321331376,0.0,0.0,0.0,5.393011325826016e-05,-0.0033236811760828265,0.0014149060605588887,0.0,0.0,0.0,0.0,0.0,0.0,0.0,0.0,0.5,0.0,0.0,1.0,0.0,0.0,0.0
3.7,0.7210212047265908,33.33604886282672,13.514068250227636,0.17453292519943295,0.3490658503988659,0.5235987755982988,0.6043337508192976,-0.35336482809665415,0.10256658340551078,0.706675803317631,6387214.3972722115,0.012007719205974208,-6.552380594116704e-05,-1.0258588779147988e-11,1.8799618207362057e-09,9077.397272211188,0.0,1.1858195070742974,-0.019827341496130906,2.244035471526238,0.16426452438701075,-0.35413054897182267,0.5202499417911342,0.17457838482892962,0.3490864245110743,0.5235455987544884,303.51602555636384,0.4627393748591116,30448.97251158014,229.23105401835787,0.11853885826666477,1.5174907256662407,1.1851513651361132,35.97844329273528,299.4968363684471,9.736490989475476,-1.709654391746085e-05,0.00971282167833761,35.978441644578254,-0.010950273849762436,-0.5062021023707756,-0.20520792847616004,0.0,0.0,0.0,-7.651258102553903e-05,-0.003536973586627008,0.0014338443467289035,0.0,0.0,0.0,0.0,0.0,0.0,0.0,0.0,0.5,0.0,0.0,1.0,0.0,0.0,0.0
3.8000000000000003,2.062896986131552,34.398714333481294,13.328135870422749,0.17453292519943295,0.3490658503988659,0.5235987755982988,0.5868101378069726,-0.35755006241883386,0.12847419767408894,0.7150544233677645,6387210.750936139,0.013005367521725595,-6.713288290817588e-05,-1.0510516331493551e-11,2.036157570299729e-09,9073.750936139064,0.0,1.20132921416449,-0.05565037207278506,2.295807365927341,0.14591502326011946,-0.36215742352518765,0.5153881387648225,0.17458120827668194,0.349083052449023,0.5235469056188785,303.5316712362931,0.4629424599275444,30465.47688307437,229.25468767524143,0.12172781351992616,1.4172380353468457,1.1971348241182127,36.94824683531144,315.99898058473735,9.736502164398598,-1.737850639867607e-05,0.010243540442194998,36.9482470534416,-0.03218496902485043,-0.5366534395037705,-0.20793112839922206,0.0,0.0,0.0,-0.0002248852479951227,-0.003749745470845668,0.0014528720950410196,0.0,0.0,0.0,0.0,0.0,0.0,0.0,0.0,0.5,0.0,0.0,1.0,0.0,0.0,0.0
3.9000000000000004,3.49964345525906,35.38870942295198,13.158819221867015,0.17453292519943295,0.3490658503988659,0.5235987755982988,0.5686619285348116,-0.361354526868601,0.15424513596649597,0.7226720584290287,6387207.007785161,0.01405690729438782,-6.928072612150201e-05,-1.0846795169947985e-11,2.2007909368295576e-09,9070.007785161026,0.0,1.2150017747547952,-0.09222365594401817,2.347154833474578,0.12745412949703497,-0.3691618182112771,0.51176185057127,0.17458380407213542,0.3490795627985047,0.5235483667590195,303.54773232911907,0.46315093716537803,30482.41946682929,229.27894883606933,0.12491558490863586,1.3108592035889288,1.203494514162852,37.91784253158195,332.95059001025845,9.736513636050125,-1.6962738829562337e-05,0.01078830054921376,37.91783906518763,-0.05605568909444488,-0.5668401704995406,-0.21077195108047933,0.0,0.0,0.0,-0.0003916765473289225,-0.003960668479064328,0.001472721705978704,0.0,0.0,0.0,0.0,0.0,0.0,0.0,0.0,0.5,0.0,0.0,1.0,0.0,0.0,0.0
4.0,5.027593761294311,36.29903581004119,13.011999507535075,0.17453292519943295,0.3490658503988659,0.5235987755982988,0.5499056693461695,-0.36477238057636335,0.17985114610348543,0.7295170223968799,6387203.167375101,0.015163523893803144,-7.068423047687122e-05,-1.1066538612888596e-11,2.37404752888873e-09,9066.167375101088,0.0,1.2268143311749817,-0.12944892268668273,2.3982038822263068,0.10882257378362986,-0.37515810533469196,0.5094515446939654,0.17458616000140198,0.34907596994374623,0.5235499766565416,303.5642107407099,0.4633648313112839,30499.802273313853,229.3038403797596,0.12810213683820157,1.202096102326764,1.203896190540705,38.887224233681195,350.3546268682908,9.736525405792984,-1.7501361836499047e-05,0.011347273060967685,38.88722518519559,-0.08262871165194426,-0.5965621433249032,-0.21384713458717233,0.0,0.0,0.0,-0.0005773495788365552,-0.004168344093869957,0.0014942088605880248,0.0,0.0,0.0,0.0,0.0,0.0,0.0,0.0,0.5,0.0,0.0,1.0,0.0,0.0,0.0
4.1000000000000005,6.641514255674181,37.12378667564107,12.893354568335958,0.17453292519943295,0.3490658503988659,0.5235987755982988,0.5305641109940529,-0.367801749006506,0.20526570102319497,0.7355855554633286,6387199.230192824,0.01632697821428475,-7.29642679873825e-05,-1.1423515278208892e-11,2.5562030599394197e-09,9062.230192824267,0.0,1.2367551972698259,-0.16722326634424878,2.44909087123459,0.08994697006392127,-0.38016437461102937,0.5085254805732004,0.1745882671696717,0.34907228968991577,0.523551727739842,303.58110438202755,0.46358411524899695,30517.623098836193,229.3293591507061,0.13128744225211578,1.095148128143513,1.1983479404786257,39.856386884586726,368.2097264343302,9.736537472136584,-1.690903563004535e-05,0.011920039725845065,39.85638236695688,-0.11192623763101629,-0.6256179657347216,-0.21728105822474433,0.0,0.0,0.0,-0.0007820594665596111,-0.004371365132146835,0.001518202631352118,0.0,0.0,0.0,0.0,0.0,0.0,0.0,0.0,0.5,0.0,0.0,1.0,0.0,0.0,0.0
4.2,8.335958478689566,37.8570773100885,12.808617433336327,0.17453292519943295,0.3490658503988659,0.5235987755982988,0.5106579330110583,-0.37043951211375015,0.23046185453576296,0.7408714083299114,6387195.196260555,0.01754796545654495,-7.432017148711079e-05,-1.1635807142800685e-11,2.747366397510221e-09,9058.196260554716,0.0,1.2447957310061033,-0.20544840143527493,2.4999575528663724,0.07073859517436383,-0.38418685084003223,0.5090607344658933,0.174590116632887,0.34906853765667134,0.5235536125768963,303.59841315771286,0.46380878774072865,30535.881842803377,229.35550500486335,0.13447147133176496,0.9938528749349377,1.1871179037750828,40.82532531130672,386.5167199082095,9.736549835014454,-1.752382819386611e-05,0.012507132746796046,40.82532612093617,-0.14396399806374932,-0.6538007858966152,-0.2212078887012421,0.0,0.0,0.0,-0.001005916127554393,-0.004568286263138628,0.0015456404780332866,0.0,0.0,0.0,0.0,0.0,0.0,0.0,0.0,0.5,0.0,0.0,1.0,0.0,0.0,0.0
4.3,10.105157086481885,38.49294658800306,12.763678560687344,0.17453292519943295,0.3490658503988659,0.5235987755982988,0.4902055792739324,-0.37268087087194873,0.255411538045975,0.7453649751080729,6387191.065135897,0.01882887345792687,-7.652071011424514e-05,-1.198033835784779e-11,2.947911416561674e-09,9054.065135896826,0.0,1.2508882286428564,-0.24402741925999985,2.5509550518827497,0.05109199272727041,-0.3872190191520529,0.511147245760491,0.17459169923336032,0.349064729565574,0.5235556237394997,303.6161389659946,0.4640388734259911,30554.580507625862,229.38228080960997,0.13765418534525248,0.901148550366652,1.1706819595489377,41.794032449721584,405.27862406608944,9.736562495784215,-1.7031674170849456e-05,0.013107935814646272,41.794028424391385,-0.1787505279539694,-0.6808948367488302,-0.22577413422367149,0.0,0.0,0.0,-0.0012489791982446792,-0.00475759986292455,0.0015775460938480875,0.0,0.0,0.0,0.0,0.0,0.0,0.0,0.0,0.5,0.0,0.0,1.0,0.0,0.0,0.0
4.4,11.941996803128994,39.02682568070814,12.763950389547828,0.17453292519943295,0.3490658503988659,0.5235987755982988,0.4692315926109618,-0.3745254146799488,0.28008935876833385,0.7490654206340006,6387186.837307304,0.020170214176048,-7.806231543094139e-05,-1.2221705333598443e-11,3.1579182968582118e-09,9049.837307303833,0.0,1.2549925718964872,-0.28285951355995803,2.6022417264500954,0.03089201207166052,-0.3892547427903893,0.5148671800372061,0.17459300949774,0.3490608819214163,0.523557752048667,303.6342790520772,0.4642744024100885,30573.722969825885,229.40968342169444,0.14083556013337462,0.8186736373128929,1.1497033266837837,42.7625039525812,424.49418335161346,9.736575452950499,-1.7421715826415604e-05,0.013723087713977124,42.76250339812783,-0.21624675299960103,-0.7066937326317719,-0.23112811635304992,0.0,0.0,0.0,-0.001510975655713912,-0.004937863858025992,0.0016149558424172746,0.0,0.0,0.0,0.0,0.0,0.0,0.0,0.0,0.5,0.0,0.0,1.0,0.0,0.0,0.0
4.5,13.839155761236078,39.45419825178247,12.814878797504866,0.17453292519943295,0.3490658503988659,0.5235987755982988,0.44775812597375486,-0.375971129428644,0.3044691070380989,0.7519687042126232,6387182.512798492,0.02157381317260117,-7.999972079323645e-05,-1.2525040678410992e-11,3.377672883054782e-09,9045.512798491865,0.0,1.2570472265321868,-0.32184434078342616,2.653985254837826,0.010008655424427554,-0.3902730813632562,0.5203182967063968,0.17459404186681107,0.3490570110468846,0.5235599884758606,303.65282199862105,0.4645163575182943,30593.413656892466,229.4377130763319,0.1440155697403423,0.7469884732924706,1.1248607491498785,43.73073416339415,444.16522477831444,9.736588706442378,-1.7293397011286515e-05,0.014351908113106049,43.730731755639496,-0.2564053644155616,-0.7309888157201098,-0.2374280429171215,0.0,0.0,0.0,-0.0017915749404435338,-0.005107620298716193,0.0016589751654316417,0.0,0.0,0.0,0.0,0.0,0.0,0.0,0.0,0.5,0.0,0.0,1.0,0.0,0.0,0.0
4.6000000000000005,15.788963829925978,39.77053014203583,12.9220364058588,0.17453292519943295,0.3490658503988659,0.5235987755982988,0.4258058228074096,-0.3770145810349186,0.3285232424991196,0.7540679463767306,6387178.09116925,0.023041185469062527,-8.187626936289015e-05,-1.2818848668402421e-11,3.607412403966301e-09,9041.091169249887,0.0,1.2569664402048082,-0.36087874398647773,2.7063673792061245,-0.011705602624540217,-0.3902366213549061,0.527617445103994,0.1745947905828087,0.349053133412237,0.5235623239600702,303.6717812043043,0.4647637622283449,30613.54823205814,229.46637223113444,0.14719417026922893,0.6858875647906997,1.0967944606352116,44.698716063533475,464.29397074710215,9.736602257610926,-1.7240739575245336e-05,0.014994991476286877,44.69871324259154,-0.2991675869677357,-0.7535613799236612,-0.24484336659740583,0.0,0.0,0.0,-0.0020903663736757117,-0.005265341025272805,0.0017107880754741302,0.0,0.0,0.0,0.0,0.0,0.0,0.0,0.0,0.5,0.0,0.0,1.0,0.0,0.0,0.0
4.7,17.782717807868792,39.97291919274372,13.09025456223875,0.17453292519943295,0.3490658503988659,0.5235987755982988,0.40340036869514156,-0.37765658796806206,0.35222768653011666,0.7553647670697035,6387173.572909304,0.024573345495549494,-8.349608140733247e-05,-1.30724616228197e-11,3.847295712042548e-09,9036.57290930363,0.0,1.2546699204056009,-0.39985522980597954,2.7595750864099187,-0.034402445138326875,-0.38910546152244546,0.536874095410021,0.17459525380908755,0.34904926557863697,0.5235647480727265,303.6911547462644,0.46501657374436367,30634.12283013667,229.49565770582075,0.15037133795871474,0.6345718509461695,1.0661098031020664,45.66644546437355,484.87915046102586,9.736616104956974,-1.7544074798851266e-05,0.015651948808838394,45.666444695637686,-0.3444268035444884,-0.7742146103558427,-0.2535385124793255,0.0,0.0,0.0,-0.00240660499227029,-0.00540965083784573,0.0017715434559282632,0.0,0.0,0.0,0.0,0.0,0.0,0.0,0.0,0.5,0.0,0.0,1.0,0.0,0.0,0.0
4.800000000000001,19.81151763975876,40.05854393877527,13.324375263311003,0.17453292519943295,0.3490658503988659,0.5235987755982988,0.38056548696243103,-0.3778964345569368,0.37555725451670097,0.7558577192977417,6387168.958044083,0.026172037356089816,-8.569705700332699e-05,-1.341706436235713e-11,4.0975959032880156e-09,9031.958044082858,0.0,1.2500515385324737,-0.43866179066473393,2.8138098226120913,-0.058247389217597555,-0.38682101995290497,0.5482158795579367,0.17459542957936294,0.349045423956805,0.5235672505288962,303.71094251546276,0.46527479064347155,30655.13733532968,229.5255693355656,0.15354704021428148,0.5920694616525812,1.0333136539518104,46.63391630393909,505.9216964879136,9.736630248404456,-1.7057585271373906e-05,0.01632279171157692,46.63391103910605,-0.3920657330081394,-0.792750090032271,-0.26368656099327287,0.0,0.0,0.0,-0.0027394713205983814,-0.005539163342286039,0.0018424506674580773,0.0,0.0,0.0,0.0,0.0,0.0,0.0,0.0,0.5,0.0,0.0,1.0,0.0,0.0,0.0
4.9,21.86610216440763,40.02462596239591,13.62933086838504,0.17453292519943295,0.3490658503988659,0.5235987755982988,0.3573236485531914,-0.3777319998956902,0.3984852032389868,0.755542546602451,6387164.246135492,0.027838388604190918,-8.708439856122455e-05,-1.3634282008371353e-11,4.358489548017409e-09,9027.246135491567,0.0,1.2429758561822424,-0.4771780847528769,2.8692931492041738,-0.08342143538033789,-0.3833032388695185,0.5617900676305139,0.17459531575940904,0.349041625129736,0.5235698209844416,303.7311463903817,0.46553843743858186,30676.59374257532,229.55610995992447,0.1567212398218436,0.5573895901410437,0.9988268983710124,47.60112204216224,527.4247852108554,9.736644689298116,-1.7674085897034786e-05,0.01700788263750693,47.601121954713776,-0.44195351648654635,-0.8089649255084678,-0.27547217973350535,0.0,0.0,0.0,-0.0030880510116587075,-0.005652460866184513,0.0019248000334346838,0.0,0.0,0.0,0.0,0.0,0.0,0.0,0.0,0.5,0.0,0.0,1.0,0.0,0.0,0.0
5.0,23.93656359238634,39.87018332662379,14.009074152577439,0.17453292519943295,0.3490658503988659,0.5235987755982988,0.3337014688262207,-0.37716531291066935,0.42098894439437046,0.7544232869870869,6387159.437674509,0.029574212074980878,-8.937384902197955e-05,-1.3992738070458573e-11,4.630260504355227e-09,9022.437674509672,0.0,1.2333132199472219,-0.5152779815085731,2.9262487113806115,-0.11009688627643541,-0.37846713304193297,0.577727428177233,0.17459491421742207,0.3490378850830378,0.5235724481598374,303.7517642657816,0.4658074866577524,30698.489816120345,229.58727639657045,0.15989391118446789,0.5295152868598634,0.9630145398924015,48.56805782893313,549.3871860010082,9.736659426135024,-1.7048578421885452e-05,0.017706572802673883,48.56805179990543,-0.4939138642650037,-0.8226877442062794,-0.2890661435042421,0.0,0.0,0.0,-0.003451112280633333,-0.005748345982111351,0.0020197848044766703,0.0,0.0,0.0,0.0,0.0,0.0,0.0,0.0,0.5,0.0,0.0,1.0,0.0,0.0,0.0
5.1000000000000005,26.01281807344815,39.59434003505469,14.467544695388792,0.17453292519943295,0.3490658503988659,0.5235987755982988,0.3097241102601994,-0.37619706550339344,0.4430446684256322,0.7525013056193552,6387154.532688386,0.03138012406817055,-9.080464674746788e-05,-1.4216760575111332e-11,4.913005299554337e-09,9017.532688385807,0.0,1.220905138035939,-0.552825016599527,2.984919060882181,-0.13844972117416823,-0.3722043223164,0.5961679708502036,0.17459422665673305,0.34903421969022946,0.5235751209046667,303.7727960248248,0.46608193677633236,30720.825431883863,229.61906846888934,0.16306502406410334,0.5075677830101961,0.9261711050978256,49.53471829380801,571.809901387519,9.736674458833669,-1.7632145029367052e-05,0.018419591046146877,49.53471733342789,-0.5477584708080072,-0.8337480041192217,-0.3046467374783048,0.0,0.0,0.0,-0.003827339384853124,-0.0058256270660698925,0.0021286507082177316,0.0,0.0,0.0,0.0,0.0,0.0,0.0,0.0,0.5,0.0,0.0,1.0,0.0,0.0,0.0
5.2,28.08441646840845,39.196322952156926,15.008733874146756,0.17453292519943295,0.3490658503988659,0.5235987755982988,0.2854154541327191,-0.37482629127236633,0.46462652933612714,0.7497746518244114,6387149.530741011,0.033258535033418246,-9.288478407367929e-05,-1.4542447085218282e-11,5.2071013647317384e-09,9012.530741011104,0.0,1.2055611472784207,-0.5896664768185167,3.045571106790026,-0.16865358574216824,-0.36437944021526614,0.6172547342486869,0.17459325464724945,0.3490306450061943,0.5235778279926306,303.79424353747316,0.46636181219604844,30743.602575755307,229.65148900355675,0.1662345387226819,0.4908021087068164,0.8885387975174844,50.5010961607088,594.6961628242096,9.73668978873284,-1.730622823714612e-05,0.019146205027912092,50.501091616490385,-0.6032828142557993,-0.8419737197542179,-0.32240269096433444,0.0,0.0,0.0,-0.0042153032737225525,-0.005883102408024865,0.0022527164483466893,0.0,0.0,0.0,0.0,0.0,0.0,0.0,0.0,0.5,0.0,0.0,1.0,0.0,0.0,0.0
5.300000000000001,30.14071465012273,38.67723420583107,15.635450577933621,0.17453292519943295,0.3490658503988659,0.5235987755982988,0.2608030506335529,-0.3730564314793399,0.4857138284721092,0.7462501856875964,6387144.432324798,0.03521005918133089,-9.465526639149315e-05,-1.4819653352339443e-11,5.512644900944932e-09,9007.432324797846,0.0,1.1871035493072202,-0.6256429703753975,3.1084646891457566,-0.2008388612949579,-0.35485266897354567,0.6410816138632124,0.17459200369162287,0.3490271758382844,0.5235805577177707,303.8161046923453,0.46664708536481236,30766.819005458896,229.68453480896179,0.16940243130901414,0.47853572458935417,0.8503272811080073,51.46718702928921,618.0447877593492,9.736705414325318,-1.7428202174318834e-05,0.01988702114127724,51.46718352644018,-0.6602434615921097,-0.8472347175046584,-0.3424997735519959,0.0,0.0,0.0,-0.0046133030136725406,-0.00591986244911411,0.0023931403026687214,0.0,0.0,0.0,0.0,0.0,0.0,0.0,0.0,0.5,0.0,0.0,1.0,0.0,0.0,0.0
5.4,32.170913665281795,38.03830163285568,16.350470160081098,0.17453292519943295,0.3490658503988659,0.5235987755982988,0.2359129866883706,-0.3708893498561637,0.5062841748168068,0.7419316132470963,6387139.237468635,0.03723620108429875,-9.636638325936814e-05,-1.50875657593399e-11,5.829871512094402e-09,9002.237468634732,0.0,1.1653296880799808,-0.6605766986134212,-3.1093087237362815,-0.23509873998192934,-0.34345873100638413,0.6677113587015087,0.1745904790965059,0.3490238269056879,0.5235832984984728,303.8383793655712,0.46693775466620674,30790.474589445465,229.71820569786004,0.1725686710451847,0.47021600584758944,0.8117099357791765,52.43298533963929,641.8568287103298,9.736721335524676,-1.763345608774003e-05,0.020641577090607655,52.43298292982489,-0.718384082097897,-0.849404237858863,-0.3651098510918225,0.0,0.0,0.0,-0.005019547551330444,-0.005935021485697587,0.0025511231452436797,0.0,0.0,0.0,0.0,0.0,0.0,0.0,0.0,0.5,0.0,0.0,1.0,0.0,0.0,0.0
5.5,34.16386175008582,37.28091422817142,17.1565766583293,0.17453292519943295,0.3490658503988659,0.5235987755982988,0.21077057054088819,-0.36832544390298905,0.5263130223516927,0.7368197086087426,6387133.945738598,0.03933894763287404,-9.853513925543935e-05,-1.5427128990714176e-11,6.159092321033175e-09,8996.945738598084,0.0,1.1400130263926143,-0.694265597269199,-3.0410839764868007,-0.27146455155646393,-0.33000531136704286,0.6971502483968869,0.17458868607696526,0.34902061313023647,0.5235860386485603,303.8610603892678,0.4672346338137621,30814.65527476479,229.75250479374893,0.17573322244335524,0.4653945944209814,0.7728348353503331,53.39848354898196,666.1367069855806,9.736737553663158,-1.7194032146505837e-05,0.021410048804482308,53.398477015395514,-0.7774315342837615,-0.8483590164124936,-0.3904142192500162,0.0,0.0,0.0,-0.005432128371838474,-0.005927718235413422,0.0027279317388521278,0.0,0.0,0.0,0.0,0.0,0.0,0.0,0.0,0.5,0.0,0.0,1.0,0.0,0.0,0.0
5.6000000000000005,36.10870212380462,36.40831956583634,18.055219575167175,0.17453292519943295,0.3490658503988659,0.5235987755982988,0.18540384559517448,-0.36536939989663214,0.5457816694171714,0.7309238195815216,6387128.5576284155,0.04151877396391068,-9.995716485270411e-05,-1.5649781267979207e-11,6.500381759243132e-09,8991.557628415836,0.0,1.1109638470363759,-0.726500911366074,-2.9697844259208845,-0.30984058119967867,-0.3143081868133856,0.7292729304678882,0.17458663355911583,0.3490175475674574,0.5235887664887899,303.8841477759705,0.467537508976931,30839.339006774575,229.7874288231377,0.17889606232926064,0.4636669095827241,0.7338330528881732,54.363677677020576,690.8831342083513,9.7367540672296,-1.7808251832877413e-05,0.022192623248210218,54.36367622171853,-0.8370825147916614,-0.8440244277686446,-0.41856137026758444,0.0,0.0,0.0,-0.005848926211050737,-0.005897431270048435,0.002924603639702945,0.0,0.0,0.0,0.0,0.0,0.0,0.0,0.0,0.5,0.0,0.0,1.0,0.0,0.0,0.0
5.7,37.9944475556449,35.42390611790671,19.047796553576838,0.17453292519943295,0.3490658503988659,0.5235987755982988,0.15983966609236666,-0.36202428635336875,0.5646693670502406,0.7242500592223047,6387123.073168675,0.04377781961399181,-0.00010226847479287117,-1.601166497362253e-11,6.85407484911254e-09,8986.073168675415,0.0,1.0779919853060784,-0.7570488395286755,-2.895153926601931,-0.3499921937170054,-0.2961708411715067,0.763821059833568,0.1745843302494815,0.34901464322305437,0.5235914704467928,303.90764800863093,0.46784580011846066,30864.46413040271,229.82297735994874,0.18205715424772767,0.46471188756046633,0.6948188386310621,55.32856155057145,716.0964130694132,9.736770876132486,-1.7142348758047987e-05,0.02298869710734408,55.32855373911027,-0.8970196941538918,-0.8363311872105335,-0.4497038314288245,0.0,0.0,0.0,-0.006267723800527864,-0.005843676478193232,0.003142204597964439,0.0,0.0,0.0,0.0,0.0,0.0,0.0,0.0,0.5,0.0,0.0,1.0,0.0,0.0,0.0
5.800000000000001,39.809786397872315,34.33127684515963,20.13566882665354,0.17453292519943295,0.3490658503988659,0.5235987755982988,0.13410451926806774,-0.3582919001583982,0.5829531886777598,0.716801997653902,6387117.491927687,0.0461170350917942,-0.0001037160020202763,-1.623831128177071e-11,7.2203204586104455e-09,8980.49192768739,0.0,1.0409198704003917,-0.7856464458253691,-2.8169535057716675,-0.3914927099165733,-0.27539279087578317,0.800349226831523,0.174581784810719,0.34901191331439935,0.5235941388231241,303.9315629369849,0.4681595315043745,30890.03262328253,229.8591532022568,0.18521645914670817,0.46827369391544216,0.6558957506364306,56.29312815398151,741.7799315752675,9.736787981697365,-1.775153988396264e-05,0.023799125092028348,56.293125562869584,-0.9569074787777746,-0.8252169258423491,-0.484001219078747,0.0,0.0,0.0,-0.006686176255356131,-0.005766018071185386,0.003381849897025699,0.0,0.0,0.0,0.0,0.0,0.0,0.0,0.0,0.5,0.0,0.0,1.0,0.0,0.0,0.0
5.9,41.5442043351123,33.1357787536799,21.318772176623067,0.17453292519943295,0.3490658503988659,0.5235987755982988,0.10822660134376691,-0.3541780086345728,0.6006164424191874,0.7085911427368139,6387111.814400429,0.04853812283491934,-0.00010577506098937294,-1.6560702875706255e-11,7.599385176339046e-09,8974.814400429217,0.0,0.9996644535957695,-0.8120311995022117,-2.7350356141710863,-0.43365485249860336,-0.2518266751664264,0.8381479099288804,0.17457900924747619,0.34900936864298326,0.5235967604155151,303.9558904401151,0.4684786753111178,30916.042217848855,229.8959531417742,0.18837395341887092,0.47411813691849486,0.6171575934801897,57.25737299489702,767.9325820729609,9.736805382409324,-1.7461723206009996e-05,0.024622995900443815,57.25736707193922,-1.016394786068674,-0.8106758934622222,-0.5215723777077023,0.0,0.0,0.0,-0.007101830464696732,-0.005664415870779816,0.003644369936091543,0.0,0.0,0.0,0.0,0.0,0.0,0.0,0.0,0.5,0.0,0.0,1.0,0.0,0.0,0.0
6.0,43.18708796861937,31.84290868272281,22.59697401831693,0.17453292519943295,0.3490658503988659,0.5235987755982988,0.082233395666897,-0.3496870225320882,0.61764043512217,0.6996262898034568,6387106.040619272,0.05104206294334085,-0.0001076226825037628,-1.684999150152329e-11,7.991422503201777e-09,8969.040619271807,0.0,0.954205260214801,-0.8359194459658039,-2.649319969567949,-0.47551679601385854,-0.225364961849381,0.876238237896948,0.1745760153377268,0.34900702000834466,0.5235993240981202,303.9806303793164,0.4688032297190647,30942.492765805757,229.93337696868292,0.19152960552632914,0.48206196206015,0.5786914829750589,58.22129022419533,794.5555220501742,9.736823078171499,-1.7501388282464836e-05,0.025460954971180172,58.221284515640335,-1.0751178467736784,-0.7927109936853252,-0.5625387400008649,0.0,0.0,0.0,-0.0075121446725333494,-0.005538890165335897,0.003930613198797269,0.0,0.0,0.0,0.0,0.0,0.0,0.0,0.0,0.5,0.0,0.0,1.0,0.0,0.0,0.0
6.1000000000000005,44.72753662340982,30.458425803406456,23.97006099255428,0.17453292519943295,0.3490658503988659,0.5235987755982988,0.05615217540966038,-0.34482193769015596,0.6340038521298901,0.6899134043434366,6387100.170154721,0.05363066242940249,-0.00010927706369722584,-1.7109026129230814e-11,8.396715412076059e-09,8963.170154720856,0.0,0.9046136313326926,-0.8570055879904616,-2.5598210578370524,-0.5158036066716535,-0.19596650601061627,0.9133332585304429,0.17457281485513348,0.3490048784117479,0.5236018186122297,304.0057845949185,0.46913321887084636,30969.38623473037,229.97142746682943,0.19468337552436055,0.491962081822123,0.5405816782317653,59.1848725798084,821.6522040966222,9.736841070302864,-1.7813559094840652e-05,0.026312718318372678,59.184868922616246,-1.1326935086369798,-0.7713349215177779,-0.6070258528138165,0.0,0.0,0.0,-0.007914441688466924,-0.005389529658359835,0.004241456915620579,0.0,0.0,0.0,0.0,0.0,0.0,0.0,0.0,0.5,0.0,0.0,1.0,0.0,0.0,0.0
6.2,46.155943414374846,28.989620466855172,25.436370881688973,0.17453292519943295,0.3490658503988659,0.5235987755982988,0.030011149911137798,-0.3395897068559421,0.6496923604253622,0.6794663634262826,6387094.203503053,0.0563052750741941,-0.00011153247582420945,-1.7462162335113395e-11,8.815475909451296e-09,8957.203503052393,0.0,0.8511413985021725,-0.8750133254101028,-2.4667318840765025,-0.5529819263320322,-0.16373033367008152,0.9478843329982877,0.17456942242831264,0.3490029519931565,0.5236042336551234,304.0313509604402,0.46946861486991326,30996.72035110855,230.01010141950923,0.19783523968980488,0.5036830586939931,0.5029054862696081,60.148115450257116,849.2215490663442,9.73685935728461,-1.725173214839337e-05,0.027178131052301307,60.14810641369464,-1.188739399339544,-0.7466200608392625,-0.6551109574733357,0.0,0.0,0.0,-0.00830604977173157,-0.005216840115966259,0.004577440792997564,0.0,0.0,0.0,0.0,0.0,0.0,0.0,0.0,0.5,0.0,0.0,1.0,0.0,0.0,0.0
6.300000000000001,47.46263392641307,27.44393670898948,26.99415993007337,0.17453292519943295,0.3490658503988659,0.5235987755982988,0.003838072736304668,-0.3339959431290195,0.6646894021663602,0.6682963652028425,6387088.1406983975,0.05906656941124841,-0.0001129266935873695,-1.768046582413712e-11,9.247808721297803e-09,8951.140698397532,0.0,0.7941831224460496,-0.8896700271047947,-2.3703912889653114,-0.5853339512755783,-0.1288803208871924,0.9781632148843442,0.17456585245331668,0.34900124892844103,0.5236065589772884,304.0573293296337,0.46980941579769536,31024.49495858064,230.04939860549516,0.2009851677525389,0.5171211609387003,0.4657391187348555,61.1110133417054,877.2647749542689,9.736877939014594,-1.79503129218439e-05,0.028057694424713737,61.11101019607077,-1.2428615905046916,-0.7186498516017462,-0.7068719489324072,0.0,0.0,0.0,-0.008684216436202059,-0.005021404556093647,0.004939109104430741,0.0,0.0,0.0,0.0,0.0,0.0,0.0,0.0,0.5,0.0,0.0,1.0,0.0,0.0,0.0
6.4,48.63769488753086,25.829120986890523,28.64156064412604,0.17453292519943295,0.3490658503988659,0.5235987755982988,-0.022339205342049848,-0.3280448365564142,0.6789754739358119,0.6564117613336795,6387081.981313508,0.06191720213486405,-0.00011519738960298247,-1.803599671077888e-11,9.694129858521351e-09,8944.981313508004,0.0,0.7342967832213866,-0.9007139944190058,-2.271303008875523,-0.6110699870188414,-0.09178826121946937,1.0023748072764604,0.17456211936474517,0.3489997775842784,0.5236087841897136,304.08370672918403,0.47015694702790567,31052.850633298734,230.0893223050912,0.20413312741453277,0.5321981409519668,0.4291604771133286,62.073558318174555,905.7878930613829,9.736896816805054,-1.7342092266225965e-05,0.028950655387019946,62.07354914753369,-1.294651089933205,-0.6875233157218954,-0.7623901170937083,0.0,0.0,0.0,-0.00904608394067385,-0.004803914872161852,0.005327029844871694,0.0,0.0,0.0,0.0,0.0,0.0,0.0,0.0,0.5,0.0,0.0,1.0,0.0,0.0,0.0
6.5,49.67297066493392,24.154145004324356,30.375306167034903,0.17453292519943295,0.3490658503988659,0.5235987755982988,-0.04849274399916126,-0.3217445085574617,0.6925388507554765,0.6438287650286741,6387075.725845952,0.06485735566644131,-0.00011679227958038536,-1.8285720195234555e-11,1.0154467938028604e-08,8938.725845952207,0.0,0.6722373114081334,-0.9079652355013972,-2.170166779521006,-0.6286429841921066,-0.05300505276786979,1.0189632583668735,0.17455823985804914,0.3489985431271747,0.5236109002826244,304.1104921828609,0.47051019993428217,31081.68063753285,230.12986890813272,0.20727908991582872,0.5488350002284927,0.3932410509764967,63.03574632507632,934.7881557882558,9.736915989133303,-1.7780728996127003e-05,0.029857807527339016,63.035740829242755,-1.3437121786538737,-0.6533949728058835,-0.8216893376054617,0.0,0.0,0.0,-0.009388887287644277,-0.004565450735241168,0.005741369840054121,0.0,0.0,0.0,0.0,0.0,0.0,0.0,0.0,0.5,0.0,0.0,1.0,0.0,0.0,0.0
6.6000000000000005,50.56026710358493,22.428135189784502,32.19203767792861,0.17453292519943295,0.3490658503988659,0.5235987755982988,-0.07459481068253547,-0.31510160763087086,0.70536506772087,0.6305606436325191,6387069.374331625,0.06788889409088454,-0.00011868487039571087,-1.85820543726489e-11,1.0629114874455042e-08,8932.37433162611,0.0,0.6088809954530655,-0.9112873663436198,-2.067805245372683,-0.6368837293690606,-0.013201657529621214,1.0267555875099996,0.1745542303914483,0.3489975507952245,0.5236128982780803,304.1376889017701,0.4708688767039358,31110.95329913347,230.1710380658009,0.21042302139575736,0.5669730345067471,0.3580546391757405,63.99757141903337,964.2662741139826,9.736935455891912,-1.7756692948900366e-05,0.03077841370487988,63.99756484802559,-1.3896408373076203,-0.6164337008055634,-0.8847929956885703,0.0,0.0,0.0,-0.009709803482513263,-0.00430719214211997,0.006182292488960889,0.0,0.0,0.0,0.0,0.0,0.0,0.0,0.0,0.5,0.0,0.0,1.0,0.0,0.0,0.0
6.7,51.29121300057346,20.660548052367947,34.08823350198579,0.17453292519943295,0.3490658503988659,0.5235987755982988,-0.10061719752076663,-0.30812161779279634,0.7174368533550826,0.616618334943071,6387062.926345585,0.071013576874914,-0.00012077109156614612,-1.8908705451528946e-11,1.1118346210795306e-08,8925.926345585534,0.0,0.5451954268628428,-0.9105967322700969,-1.965132507492493,-0.6351674993578389,0.0268622857968246,1.0251278620813387,0.17455010751479555,0.34899680600270966,0.5236147690499011,304.1652987054913,0.47123300133391605,31140.670576570083,230.21283253249302,0.2135648796411928,0.5865700291119677,0.32367955555957306,64.9590256887024,994.225831822763,9.736955218386202,-1.7461973888484764e-05,0.03171288911136472,64.95901618268229,-1.4320170483046049,-0.5768261117500936,-0.951723231281125,0.0,0.0,0.0,-0.010005897746633649,-0.0040304430024718655,0.006649952489440681,0.0,0.0,0.0,0.0,0.0,0.0,0.0,0.0,0.5,0.0,0.0,1.0,0.0,0.0,0.0
6.800000000000001,51.85959654581971,18.861680549592258,36.05909539941072,0.17453292519943295,0.3490658503988659,0.5235987755982988,-0.12653255380829767,-0.30081362095432596,0.728744995232621,0.6020199722746525,6387056.382386669,0.07423194772243118,-0.00012226436854231499,-1.9142522192977356e-11,1.1622247133736732e-08,8919.382386669517,0.0,0.48217451998711536,-0.9059260592632647,-1.8630888844804512,-0.6236632370802657,0.0664017990060479,1.0142467591720956,0.17454588934542076,0.34899631074241033,0.5236165052303351,304.1933194580323,0.47160254565425225,31170.83017080887,230.25524907484115,0.21670464385630636,0.6075774667596971,0.2901869702437265,65.92010524004456,1024.6658359493063,9.736975275089671,-1.8042819040312946e-05,0.03266126798717532,65.9201003345163,-1.4704596535885743,-0.534813194527633,-1.0224446177834612,0.0,0.0,0.0,-0.010274506823628226,-0.003736887172069276,0.007144102306078906,0.0,0.0,0.0,0.0,0.0,0.0,0.0,0.0,0.5,0.0,0.0,1.0,0.0,0.0,0.0
6.9,52.25919734394208,17.041979971053635,38.09972600821119,0.17453292519943295,0.3490658503988659,0.5235987755982988,-0.15231338257625196,-0.2931853292294809,0.7392773929555894,0.5867809490299889,6387049.742492555,0.07754610019250179,-0.00012460997624127152,-1.9509786406116557e-11,1.2141145492666745e-08,8912.74249255564,0.0,0.42075968159190996,-0.8973645184534914,-1.7625623490986662,-0.6031638638400219,0.1046823461972057,0.9949078118811618,0.17454159377865333,0.3489960671166139,0.5236180994530041,304.2217509980604,0.471977507537251,31201.431908202543,230.29828744862724,0.2198422812660364,0.6299597128521661,0.2576524859440222,66.88080375016168,1055.5875859588923,9.736995625889545,-1.7327031716973806e-05,0.03362297694677707,66.8807919322075,-1.5045798822012029,-0.49065086186777146,-1.0969185173674991,0.0,0.0,0.0,-0.01051291426367506,-0.003428312783677357,0.007664471965723098,0.0,0.0,0.0,0.0,0.0,0.0,0.0,0.0,0.5,0.0,0.0,1.0,0.0,0.0,0.0
7.0,52.48368782331348,15.21223913032343,40.20503143786064,0.17453292519943295,0.3490658503988659,0.5235987755982988,-0.17793143288267327,-0.2852434394420466,0.749019159157465,0.5709146272135237,6387043.006240633,0.08095698482385744,-0.00012606955251979432,-1.97383284260167e-11,1.2675190186840353e-08,8906.006240633627,0.0,0.36180027394655623,-0.885053515153562,-1.664347591164713,-0.5749697566682545,0.14106210921341647,0.9684184681692404,0.17453723884505443,0.34899607737815846,0.5236195442055017,304.2505951351619,0.47235791084816425,31232.477736464225,230.3419503931207,0.22297775078665003,0.6536913926763175,0.2261580189017036,67.84111367017914,1086.9947461507743,9.737016272084148,-1.7992912596890658e-05,0.03459893728756332,67.8411074530214,-1.5339750754176302,-0.4446154476231159,-1.175101601960975,0.0,0.0,0.0,-0.010718306579300304,-0.003106650658075368,0.008210758723192152,0.0,0.0,0.0,0.0,0.0,0.0,0.0,0.0,0.5,0.0,0.0,1.0,0.0,0.0,0.0
7.1000000000000005,52.52921808777481,13.383643006563577,42.368834164892185,0.17453292519943295,0.3490658503988659,0.5235987755982988,-0.20336017319992716,-0.2769978709542726,0.757963577780265,0.5544408145222178,6387036.1741310125,0.08446627946363036,-0.00012813708049021062,-2.0062056484438756e-11,1.3224643977748888e-08,8899.174131013453,0.0,0.30596995548054734,-0.8692257591227187,-1.5690643408510094,-0.5407828079185747,0.17506233033094692,0.9364849299994742,0.1745328433886394,0.3489963402710565,0.5236208340441092,304.27984729691076,0.4727439421839749,31263.988267252094,230.38623475080976,0.22611103223930512,0.678736540411045,0.19577660574092348,68.80103065692009,1118.8868441081831,9.737037212143164,-1.77095702262875e-05,0.03558815569128508,68.80102104811229,-1.5583018341606467,-0.3970289787506638,-1.2568927964163126,0.0,0.0,0.0,-0.010888284346518808,-0.002774150886354885,0.008782256338576027,0.0,0.0,0.0,0.0,0.0,0.0,0.0,0.0,0.5,0.0,0.0,1.0,0.0,0.0,0.0
7.2,52.39195974884618,11.567515806485368,44.58485479965246,0.17453292519943295,0.3490658503988659,0.5235987755982988,-0.22857262791464802,-0.26845740772690585,0.7661012157596191,0.5373770473883679,6387029.24620315,0.08807495375964275,-0.00013006984418364293,-2.0364685860952424e-11,1.3789658754420141e-08,8892.2462031506,0.0,0.25377840552250813,-0.8501362894671993,-1.477167181074065,-0.5023633596584308,0.20635656667762514,0.9008763634347523,0.17452842606205243,0.34899685468060754,0.5236219634942553,304.3094917835999,0.47313697184652925,31296.10972459408,230.4311408032002,0.22924210554676977,0.7050665476905307,0.16658687194280603,69.76054863433988,1151.2686145572811,9.737058445948474,-1.7667745604299512e-05,0.036591263620252334,69.76053832926581,-1.577215900030492,-0.3482303380385491,-1.3421895693090826,0.0,0.0,0.0,-0.011020442137021948,-0.002433181335944705,0.009378248396556993,0.0,0.0,0.0,0.0,0.0,0.0,0.0,0.0,0.5,0.0,0.0,1.0,0.0,0.0,0.0
7.300000000000001,52.068051122676096,9.775532836133069,46.84658899684728,0.17453292519943295,0.3490658503988659,0.5235987755982988,-0.2535407620243889,-0.2596297868251389,0.7734194839958403,0.5197387671853966,6387022.22203684,0.09178477319317829,-0.00013167562857336509,-2.061612187982767e-11,1.4370511016829264e-08,8885.222036841014,0.0,0.205583178811374,-0.8280517602305908,-1.3889558029346607,-0.4613761141228054,0.23475627990757958,0.8632713303919448,0.17452400568023524,0.34899761961226655,0.5236229269473051,304.3395480729825,0.473535461231672,31328.677393158614,230.47667066242244,0.23237091572198454,0.7326579900471797,0.13867472778761064,70.71965977907877,1184.140197982487,9.737079974791191,-1.8105692001076555e-05,0.03760811648767871,70.71965261252866,-1.5903531588380038,-0.2985789714888975,-1.4308739111282585,0.0,0.0,0.0,-0.011112235784628765,-0.002086253555116523,0.009997910332160867,0.0,0.0,0.0,0.0,0.0,0.0,0.0,0.0,0.5,0.0,0.0,1.0,0.0,0.0,0.0
7.4,51.556325924149704,8.01926489148234,49.14670751883365,0.17453292519943295,0.3490658503988659,0.5235987755982988,-0.27823911542362834,-0.25052577027046347,0.7799144260181924,0.5015474669374894,6387015.102133435,0.0955971620176427,-0.00013401418182301499,-2.0982286668694875e-11,1.4967423828319402e-08,8878.102133435197,0.0,0.16154611566266733,-0.8032779448279883,-1.3045359213756396,-0.4192871189091676,0.26023192301898745,0.8251465618049237,0.17451960109926973,0.3489986306094496,0.5236237210891428,304.37001401978796,0.47393938189718765,31361.688948425424,230.5228210787786,0.23549744069384623,0.7614732324521862,0.11211441196453635,71.67835963227951,1217.5006403447796,9.73710179713726,-1.741791585037807e-05,0.03863831117152827,71.67834577268509,-1.5974318175180984,-0.24846823827014522,-1.5227757828860495,0.0,0.0,0.0,-0.011161696323537992,-0.0017361160527807132,0.010640054036121225,0.0,0.0,0.0,0.0,0.0,0.0,0.0,0.0,0.5,0.0,0.0,1.0,0.0,0.0,0.0
7.5,50.85566627157813,6.310408041320677,51.477779540108095,0.17453292519943295,0.3490658503988659,0.5235987755982988,-0.30264151193750466,-0.24115507053263302,0.7855792678404275,0.4828225398218947,6387007.886534197,0.09951261935627508,-0.00013543788870738668,-2.1205217077143735e-11,1.558047541573867e-08,8870.886534197256,0.0,0.12171672560191497,-0.7761045312082652,-1.2238983004497905,-0.37725702683027684,0.28284127568680956,0.7876781119226632,0.17451523101161207,0.3489998833823671,0.5236243425485028,304.40088944744804,0.47434873150211365,31395.14419907276,230.56959178479957,0.23862164986602197,0.7914773645797033,0.08698602910617725,72.6366424606346,1251.351361195682,9.737123912863144,-1.815773660851505e-05,0.039682613919634235,72.63663480336385,-1.5981685595085573,-0.1983082017931397,-1.6177188267473794,0.0,0.0,0.0,-0.011166844142854047,-0.0013856340549926727,0.011303447247644323,0.0,0.0,0.0,0.0,0.0,0.0,0.0,0.0,0.5,0.0,0.0,1.0,0.0,0.0,0.0
7.6000000000000005,49.96499836042744,4.661002704643647,53.832127894989455,0.17453292519943295,0.3490658503988659,0.5235987755982988,-0.3267203657683371,-0.23152640089190163,0.7904038242789305,0.46358137893412854,6387000.574821376,0.10353389317533016,-0.00013761291032396493,-2.1545780169498186e-11,1.6210096112799796e-08,8863.574821376862,0.0,0.08606324271678142,-0.7468020619687785,-1.1469480902302809,-0.33615577561773774,0.3026998841809725,0.7517568479556355,0.17451091429762178,0.349001373728356,0.5236247878340278,304.4321761435093,0.4747635337459276,31429.045082007244,230.61698548829594,0.24174349931131398,0.8226360874059718,0.06337699235242916,73.59449987844026,1285.6961453667561,9.737146323252581,-1.7713243195771614e-05,0.04074010622843953,73.59448739209552,-1.5922745468295352,-0.14853374269506628,-1.7155163127487032,0.0,0.0,0.0,-0.011125661052014815,-0.0010378461926072635,0.011986785233016502,0.0,0.0,0.0,0.0,0.0,0.0,0.0,0.0,0.5,0.0,0.0,1.0,0.0,0.0,0.0
7.7,48.88604392159039,3.0824619025257776,56.20156589061863,0.17453292519943295,0.3490658503988659,0.5235987755982988,-0.35045158036327484,-0.22165129864141503,0.7943870562684404,0.44384702837343143,6386993.167497519,0.10766125549868982,-0.00013945219520357803,-2.18337786744012e-11,1.6856328587005477e-08,8856.167497520024,0.0,0.05444140855022559,-0.7156468046301028,-1.0734807768889993,-0.2965703039335675,0.31999276427365914,0.7179868192079236,0.17450666910630866,0.34900309415891834,0.5236250558881592,304.46387195758575,0.4751837601185915,31463.38926716563,230.6649989318209,0.24486296862024887,0.8548981522718876,0.04135920013817351,74.55192784339201,1320.5340735902143,9.737169026767935,-1.7838862458319223e-05,0.04181150622987673,74.55191609136449,-1.579554629613678,-0.09959519664636204,-1.815931388266636,0.0,0.0,0.0,-0.011036783485118391,-0.0006958990850557213,0.01268841303768717,0.0,0.0,0.0,0.0,0.0,0.0,0.0,0.0,0.5,0.0,0.0,1.0,0.0,0.0,0.0
7.800000000000001,47.62059657073874,1.586309610598553,58.57780687729865,0.17453292519943295,0.3490658503988659,0.5235987755982988,-0.37380997625587975,-0.21154023866676547,0.797524714212763,0.42364040619587606,6386985.664605757,0.11189616957661556,-0.00014113555593716544,-2.2097365384626578e-11,1.7519402023508763e-08,8848.664605758153,0.0,0.026680524147531227,-0.6828850034529222,-1.003261204168242,-0.25885930239084276,0.33491188915737724,0.6867490801735291,0.17450251344986942,0.349005037375378,0.5236251455726733,304.4959727825932,0.47560975667410765,31498.213780930848,230.71363197178115,0.24798002966557342,0.8882111525571109,0.02100978680961281,75.5089203636751,1355.8675938693823,9.737192023280045,-1.8181287021690202e-05,0.04289641910864717,75.50891078145887,-1.5598167403918846,-0.0519597078625546,-1.9187211073033361,0.0,0.0,0.0,-0.0108988694138289,-0.0003630567977058671,0.013406633131019224,0.0,0.0,0.0,0.0,0.0,0.0,0.0,0.0,0.5,0.0,0.0,1.0,0.0,0.0,0.0
7.9,46.170572284302835,0.1843919085313774,60.952306465521495,0.17453292519943295,0.3490658503988659,0.5235987755982988,-0.396768723683505,-0.2012029076974568,0.7998093187347738,0.40298085225019514,6386978.065730788,0.11624093471545305,-0.00014346543448429604,-2.24621774203076e-11,1.8199676519324456e-08,8841.065730789056,0.0,0.002600164564448517,-0.6487377490448418,-0.9360385636574898,-0.22321187130979186,0.34764423100188463,0.6582607919572605,0.1744984655575121,0.3490071961258101,0.5236250556459179,304.5284659200673,0.47604283306710504,31533.65792756541,230.762887801933,0.25109464973615553,0.9225194149352706,0.0024121507072238594,76.4654688107194,1391.7043854550407,9.737215314065317,-1.752107499678838e-05,0.04399470843432359,76.4654527349763,-1.5328715567963835,-0.0061199302302574025,-2.023634158629852,0.0,0.0,0.0,-0.010710595990589945,-4.276163902726268e-05,0.014139689532200525,0.0,0.0,0.0,0.0,0.0,0.0,0.0,0.0,0.5,0.0,0.0,1.0,0.0,0.0,0.0
8.0,44.540653932328176,-1.112594232714936,63.3163682871655,0.17453292519943295,0.3490658503988659,0.5235987755982988,-0.4193053057105969,-0.1906514482193059,0.8012426243009164,0.38189262192905,6386970.371376381,0.12069555963270186,-0.00014489400426515324,-2.2685873872685234e-11,1.8897153522285207e-08,8833.371376381876,0.0,-0.018026148264614784,-0.613420235725824,-0.8715199776218396,-0.1896631927703687,0.3583910770175302,0.6325808005317038,0.17449454217236918,0.3490095601772009,0.5236247873485723,304.5613673319925,0.4764813510407072,31569.547427915844,230.81276252883004,0.2542067950710197,0.9577493198085596,-0.014370470413446459,77.42156942140112,1428.0390940031998,9.737238897582424,-1.8278760556711404e-05,0.0451070162363294,77.42155963304903,-1.4986268253543544,0.037436482474012454,-2.1303664126555213,0.0,0.0,0.0,-0.010471318614964045,0.0002615790196576857,0.014885457203970179,0.0,0.0,0.0,0.0,0.0,0.0,0.0,0.0,0.5,0.0,0.0,1.0,0.0,0.0,0.0
8.1,42.73561702012448,-2.293857563102791,65.66120015506968,0.17453292519943295,0.3490658503988659,0.5235987755982988,-0.441395763506486,-0.17989702354975073,0.8018229820523395,0.3603980106522032,6386962.581587558,0.12526230722316975,-0.00014711443810850694,-2.303355252661271e-11,1.9612187424469654e-08,8825.581587558612,0.0,-0.03540582754772814,-0.577121215327741,-0.8094258280412051,-0.15816380426621107,0.3673288663181378,0.6096888337173101,0.174490759939519,0.34901211950145383,0.5236243418180068,304.59467682585284,0.47692530802901273,31605.882071981825,230.86325586064007,0.25731643303014423,0.9938235323554905,-0.029271072400154245,78.37721576079798,1464.8732102350173,9.737262773696528,-1.776913144624359e-05,0.04623234684516575,78.37720053835268,-1.4570011973423758,0.07820533430931367,-2.2386115824611355,0.0,0.0,0.0,-0.010180468881002864,0.0005464422223651097,0.015641796035218217,0.0,0.0,0.0,0.0,0.0,0.0,0.0,0.0,0.5,0.0,0.0,1.0,0.0,0.0,0.0
8.200000000000001,40.760434468578346,-3.3483207910279655,67.977751119313,0.17453292519943295,0.3490658503988659,0.5235987755982988,-0.4630143310637675,-0.16895021281300912,0.8015457644857195,0.3385181434322911,6386954.695951477,0.12994241309462784,-0.00014892437383940766,-2.3316961046410248e-11,2.0344971790051938e-08,8817.695951477624,0.0,-0.04972427458630363,-0.5400100089326244,-0.749490885884431,-0.12861139212823852,0.37460946603126777,0.5895175934795487,0.17448713574010327,0.34901486407311155,0.523623720110559,304.62839616697795,0.4773747275607635,31642.663785419398,230.9143704733984,0.26042351972400957,1.030659075885287,-0.04221831250087549,79.33239947490554,1502.2106655540633,9.737286943676649,-1.7965042695540945e-05,0.047371607392091654,79.33238554412793,-1.4079189389216051,0.11565705483973328,-2.3480490338820386,0.0,0.0,0.0,-0.009837517615503954,0.0008081277145221611,0.01640646566667698,0.0,0.0,0.0,0.0,0.0,0.0,0.0,0.0,0.5,0.0,0.0,1.0,0.0,0.0,0.0
8.3,38.62268514961596,-4.266550627719066,70.25720199050181,0.17453292519943295,0.3490658503988659,0.5235987755982988,-0.48414021268036284,-0.15782360091539382,0.8004153358235621,0.31627816173574147,6386946.714973183,0.13473687460487363,-0.00015064367214064634,-2.3586179573501974e-11,2.109566286321261e-08,8809.714973183969,0.0,-0.06118293698505288,-0.5022484141501035,-0.6914392279012717,-0.10084671095027253,0.3803814790291522,0.5719375158701766,0.17448368426762395,0.34901778130897276,0.5236229257172857,304.6625231957721,0.4778295808523445,31679.890212499457,230.96610309340815,0.2635280356847267,1.0681569434567668,-0.05316583405618567,80.28711662537732,1540.0505879181596,9.737311405977618,-1.8272823864388488e-05,0.04852426640873968,80.28710448773525,-1.3514191821687447,0.14928944280539092,-2.45832932765957,0.0,0.0,0.0,-0.009442738245071107,0.0010431264775312315,0.01717702446994898,0.0,0.0,0.0,0.0,0.0,0.0,0.0,0.0,0.5,0.0,0.0,1.0,0.0,0.0,0.0
8.4,36.33005716187767,-5.039039878750355,72.49064569563758,0.17453292519943295,0.3490658503988659,0.5235987755982988,-0.504750969533925,-0.1465289905716361,0.798432849719635,0.29370164084683736,6386938.638699526,0.13964741276331827,-0.0001529874614462041,-2.395317539442567e-11,2.186453020186718e-08,8801.638699526899,0.0,-0.06995169975221385,-0.4639805862859174,-0.6350191363765353,-0.07470021260367535,0.38476566728910655,0.5568140515653365,0.17448042016752852,0.3490208588321044,0.5236219620077823,304.6970577119057,0.47828986523371525,31717.561134698622,231.018453416993,0.2666299481782912,1.1062140351053398,-0.06206538698043506,81.24136070780322,1578.3945050982063,9.737336160459108,-1.7604116138159043e-05,0.049690151040273633,81.2413419102989,-1.28755022107573,0.1785853757671081,-2.569094413352051,0.0,0.0,0.0,-0.008996468213134663,0.0012478252344030312,0.01795097064792795,0.0,0.0,0.0,0.0,0.0,0.0,0.0,0.0,0.5,0.0,0.0,1.0,0.0,0.0,0.0
8.5,33.89050543348129,-5.656041542301991,74.6689239642694,0.17453292519943295,0.3490658503988659,0.5235987755982988,-0.5248221075756722,-0.13507770438241462,0.7955964411640597,0.27081119348767657,6386930.466720218,0.14467510172782283,-0.00015441502550811545,-2.4176719368129862e-11,2.265174210094076e-08,8793.46672021939,0.0,-0.07617152336257833,-0.4253385917875761,-0.5799983813587711,-0.050000602599084135,0.38785846015890485,0.5440166816464522,0.17447735832327457,0.3490240842290738,0.5236208322962226,304.7319823196069,0.4787573145630732,31755.86143270071,231.07142476891144,0.26972923040127894,1.1447215994124567,-0.06886658754872739,82.19512341798848,1617.2521946009792,9.737361208382465,-1.8392019659548474e-05,0.05087005870531294,82.19511113170842,-1.2163763535442853,0.2030044041723428,-2.679980382726109,0.0,0.0,0.0,-0.008499156786852955,0.0014184477151787968,0.018725761473502793,0.0,0.0,0.0,0.0,0.0,0.0,0.0,0.0,0.5,0.0,0.0,1.0,0.0,0.0,0.0
8.6,31.314299007102434,-6.109898485333409,76.78350495978127,0.17453292519943295,0.3490658503988659,0.5235987755982988,-0.5443347493383606,-0.12348267526480135,0.7919130926011951,0.24763265883110663,6386922.199541557,0.14982167138464092,-0.00015664413111585217,-2.4525761583769557e-11,2.3457569503049075e-08,8785.199541558512,0.0,-0.079989886555593,-0.3864483710167963,-0.5261454337227455,-0.026562872944629588,0.389751045088187,0.5333939519712837,0.17447451081895024,0.34902744304731054,0.5236195421899693,304.7673089217454,0.4792306434616879,31794.654336479805,231.1250133786313,0.27282584994687237,1.1835603794698395,-0.07354800963925719,83.14840044444455,1656.6188428493829,9.73738654819875,-1.7880672932809206e-05,0.0520628829941394,83.14838263930001,-1.1380712704776808,0.22205639024618704,-2.790593808176147,0.0,0.0,0.0,-0.00795201759243225,0.0015515691921548335,0.01949864795957383,0.0,0.0,0.0,0.0,0.0,0.0,0.0,0.0,0.5,0.0,0.0,1.0,0.0,0.0,0.0
8.700000000000001,28.611827846806975,-6.392901543317247,78.82577960700259,0.17453292519943295,0.3490658503988659,0.5235987755982988,-0.5632682401916428,-0.1117562344801942,0.7873868030010456,0.2241906708206468,6386913.837212219,0.15508779148541033,-0.0001584845246485802,-2.481394436937574e-11,2.4282117379103945e-08,8776.837212220766,0.0,-0.08152398348319137,-0.34742615917397673,-0.47325023975835107,-0.004215704812285337,0.3905118698524373,0.5248125679371661,0.17447188973972352,0.3490309210331667,0.5236180971628137,304.80304211363386,0.4797094201154475,31833.893725233233,231.17921876375866,0.27591977095224485,1.2226091174202074,-0.07608779983403063,84.1011855655413,1696.4946221176958,9.737412179762142,-1.8052288215386625e-05,0.05326947801536974,84.10116876050813,-1.0528238086182224,0.23523834223361928,-2.9005367272404645,0.0,0.0,0.0,-0.00735637008422999,0.00164367512332614,0.02026684943275209,0.0,0.0,0.0,0.0,0.0,0.0,0.0,0.0,0.5,0.0,0.0,1.0,0.0,0.0,0.0
8.8,25.79381112127329,-6.497156759945474,80.78690345940579,0.17453292519943295,0.3490658503988659,0.5235987755982988,-0.5815995061980246,-0.09991030934663464,0.782018340686193,0.2005090527161986,6386905.379324593,0.16047554592445093,-0.0001601928131911758,-2.508144456245623e-11,2.5125712127687054e-08,8768.379324594202,0.0,-0.08086428388222441,-0.3083823397869915,-0.42111833277796273,0.017199447857022383,0.3901896924699359,0.5181568350571183,0.17446950740006217,0.34903450386327,0.5236165026589201,304.8391836370449,0.4801936678617594,31873.58151163904,231.23404356647146,0.27901094853782266,1.2617433378430942,-0.07646359958483309,85.05347013749116,1736.883596015801,9.73743810432595,-1.8401278777465307e-05,0.054489474793883864,85.05345544084841,-0.9608416858666544,0.24202575395921894,-3.0093976382389775,0.0,0.0,0.0,-0.0067136656444608325,0.0016911006395035188,0.021027490617398666,0.0,0.0,0.0,0.0,0.0,0.0,0.0,0.0,0.5,0.0,0.0,1.0,0.0,0.0,0.0
8.9,22.872865458348976,-6.417234618278597,82.65904731541362,0.17453292519943295,0.3490658503988659,0.5235987755982988,-0.5993118558537479,-0.08795809773747731,0.7758174082711824,0.17661417583053085,6386896.826386139,0.16598612089667064,-0.00016256184232082467,-2.5452398363250745e-11,2.5988539572915858e-08,8759.82638614159,0.0,-0.078106491047658,-0.26942279117196577,-0.36955993896743494,0.0378387924821992,0.38883017403749764,0.5133028286638683,0.17446737281521518,0.3490381757649734,0.5236147661884478,304.87573132353197,0.4806833576463592,31913.71531447927,231.2894844973496,0.2820993628426976,1.3008364771991094,-0.07468396062805079,86.00524991553976,1777.7849134926018,9.73746432033772,-1.7696846590808942e-05,0.055722566641390976,86.00522817564276,-0.8624465517546896,0.24196985565813267,-3.1167686020429533,0.0,0.0,0.0,-0.00602615172704188,0.0016907100626695757,0.0217777211304027,0.0,0.0,0.0,0.0,0.0,0.0,0.0,0.0,0.5,0.0,0.0,1.0,0.0,0.0,0.0
9.0,19.861736527770226,-6.147674494457187,84.4343158334264,0.17453292519943295,0.3490658503988659,0.5235987755982988,-0.6163865657609205,-0.07591230647077134,0.768790691237664,0.15253142713598133,6386888.178447424,0.17161996963029935,-0.00016400562276904624,-2.567848664119151e-11,2.687067079230093e-08,8751.178447427228,0.0,-0.07332093306874934,-0.23064952358278507,-0.3184007340863266,0.0578409452820907,0.3864615203333068,0.5101465530302045,0.17446549504493744,0.3490419211557605,0.5236128951195141,304.912684957028,0.48117848657423956,31954.294896486037,231.34554122863065,0.28518498290237193,1.3397635818366447,-0.07075728642274359,86.95651884618634,1819.2002062673855,9.737490827645956,-1.8496327474082364e-05,0.056969558381819496,86.9565036558666,-0.7579757177527586,0.23461130807627545,-3.2222339198449403,0.0,0.0,0.0,-0.005296185220172118,0.0016392938628729513,0.022514636369639737,0.0,0.0,0.0,0.0,0.0,0.0,0.0,0.0,0.5,0.0,0.0,1.0,0.0,0.0,0.0
9.1,16.77355104453031,-5.682894834496862,86.10460346044118,0.17453292519943295,0.3490658503988659,0.5235987755982988,-0.6328022059588393,-0.06378537393662823,0.7609416281306081,0.1282856536158806,6386879.43510354,0.17737998116620549,-0.00016621322072367674,-2.6024167579295165e-11,2.7772558257002854e-08,8742.435103542792,0.0,-0.06655551026693837,-0.1921639211127048,-0.26747661229868336,0.07732971948952974,0.3830963678868533,0.5086006739466433,0.17446388336551663,0.3490457243493435,0.52361089681789,304.9500241403183,0.48168106473552375,31995.534992081873,231.40221715531723,0.2882677830236485,1.3784001562566386,-0.0646918393056237,87.90726776215202,1861.1412572520683,9.737517627495844,-1.8034473591536454e-05,0.05822943351484551,87.90724739107392,-0.647792695224133,0.21947349292178106,-3.325376177599148,0.0,0.0,0.0,-0.004526306077921885,0.001533521776763615,0.023235319748142372,0.0,0.0,0.0,0.0,0.0,0.0,0.0,0.0,0.5,0.0,0.0,1.0,0.0,0.0,0.0
9.200000000000001,13.622805371691264,-5.020059604914356,87.66318336460598,0.17453292519943295,0.3490658503988659,0.5235987755982988,-0.6485444819401898,-0.051590635095713946,0.7522825972067511,0.10390350343459419,6386870.596863068,0.18326628546420737,-0.00016813514985013702,-2.6325122344835053e-11,2.8694222422589168e-08,8733.596863070192,0.0,-0.05786512057596333,-0.1540635414847409,-0.2166303659656942,0.0964201999344246,0.37874708162719395,0.5085706274222254,0.1744625433777154,0.34904956885525357,0.5236087804100749,304.9877651030583,0.48218941054605685,32037.2562052386,231.4595083400524,0.29134772764298256,1.416628664507551,-0.056526042984969965,88.85749269540734,1903.6012102557272,9.737544718331558,-1.8097949002537906e-05,0.059502934871237485,88.85747226376591,-0.5323585244316326,0.1961769024070475,-3.4257761811894327,0.0,0.0,0.0,-0.003719735715659327,0.0013707420788461946,0.023936842241101097,0.0,0.0,0.0,0.0,0.0,0.0,0.0,0.0,0.5,0.0,0.0,1.0,0.0,0.0,0.0
9.3,10.424130939403392,-4.156321424546652,89.10327371173649,0.17453292519943295,0.3490658503988659,0.5235987755982988,-0.6635966869814682,-0.03934103204741955,0.7428227754312254,0.07941083634352628,6386861.663778576,0.18928023654246398,-0.00016978776087034266,-2.6583910816990085e-11,2.9635875412163305e-08,8724.663778578863,0.0,-0.04728445396282305,-0.11644646811618634,-0.16571490661671565,0.11521065332630184,0.3734125259674944,0.5099763456703921,0.17446148076846624,0.34905343836136515,0.5236065548752035,305.02591106774275,0.48270321146495965,32079.4251327944,231.51741432206705,0.294424781933919,1.454336396224984,-0.04629703597137695,89.80718735031513,1946.5805634243866,9.737572099995566,-1.8562312099845713e-05,0.060789771937184156,89.80717004554738,-0.41215528263567036,0.1643350262402558,-3.5230164676467632,0.0,0.0,0.0,-0.002879842540052075,0.0011482541151986295,0.024616286919708335,0.0,0.0,0.0,0.0,0.0,0.0,0.0,0.0,0.5,0.0,0.0,1.0,0.0,0.0,0.0
9.4,7.192577437748091,-3.088782952922157,90.41791731047898,0.17453292519943295,0.3490658503988659,0.5235987755982988,-0.6779393337486119,-0.02704942176848017,0.7325683855956865,0.05483333864361791,6386852.635447828,0.19542435794070667,-0.0001722032845173731,-2.6962150898756348e-11,3.0597912481075227e-08,8715.635447831204,0.0,-0.03483024497442751,-0.079414536467606,-0.1145892575834199,0.13378431119747006,0.3670790798986901,0.5127483028881122,0.17446070142252684,0.34905731641495213,0.5236042292203641,305.06446375200244,0.4832224906275835,32122.043673525466,231.57593770874317,0.2974988987059766,1.4914140603207353,-0.034040824927678216,90.75634238167659,1990.0834901511782,9.73759977372502,-1.7785290728156156e-05,0.062089578915387765,90.75631729207207,-0.2876942532584102,0.12354784404822482,-3.616667552548435,0.0,0.0,0.0,-0.0020101990292684425,0.0008632628332373207,0.025270652857946885,0.0,0.0,0.0,0.0,0.0,0.0,0.0,0.0,0.5,0.0,0.0,1.0,0.0,0.0,0.0
9.5,3.94394659658719,-1.8174616043094427,91.6018546011866,0.17453292519943295,0.3490658503988659,0.5235987755982988,-0.6915606121008654,-0.014729125186471528,0.721534266736206,0.030197633409036168,6386843.512380566,0.20169839764224592,-0.00017368543520147195,-2.7194252509265923e-11,3.1580294284708734e-08,8706.512380569553,0.0,-0.020529489073574984,-0.043065281969800376,-0.0631219844532151,0.15221127392436223,0.3597360214175201,0.5168059558359055,0.17446020731014214,0.34906118644107975,0.523601813838428,305.1034209791411,0.4837472187152667,32165.10942117586,231.63507519583223,0.30057006076728116,1.5277663616018895,-0.019820382193009096,91.70495416859781,2034.1091887975156,9.737627737960603,-1.8561836658825825e-05,0.06340323187728991,91.70493536691002,-0.1595728314865432,0.0735350343152744,-3.706341948576801,0.0,0.0,0.0,-0.001114979348105865,0.0005138095492822117,0.02589723257514596,0.0,0.0,0.0,0.0,0.0,0.0,0.0,0.0,0.5,0.0,0.0,1.0,0.0,0.0,0.0
9.600000000000001,0.6941779409545618,-0.3423828611843535,92.64978289226369,0.17453292519943295,0.3490658503988659,0.5235987755982988,-0.704445986379962,-0.0023932097871409304,0.7097320220534484,0.005529833779178975,6386834.2946313685,0.2081045875858842,-0.00017581939586438963,-2.752841043835745e-11,3.2583370412602104e-08,8697.294631372206,0.0,-0.00439403350291266,-0.007500317723086668,-0.011188561583516048,0.17054430773956533,0.3513623677810688,0.5220751503083837,0.17446000052923524,0.34906503202133404,0.5235993189760301,305.14277461945954,0.4842781054228199,32208.698582655015,231.69482670504723,0.3036382432558067,1.5633039730092175,-0.0036953318423759854,92.65301602765524,2078.6624030401395,9.737655992538729,-1.823959608404649e-05,0.06472963953825076,92.652993173092,-0.028408933745350036,0.014011871373432587,-3.791652526566888,0.0,0.0,0.0,-0.0001985010489109751,9.790480662750278e-05,0.02649332109314624,0.0,0.0,0.0,0.0,0.0,0.0,0.0,0.0,0.5,0.0,0.0,1.0,0.0,0.0,0.0
9.700000000000001,-2.540349795264038,1.3364033171812157,93.55626659466799,0.17453292519943295,0.3490658503988659,0.5235987755982988,-0.7165781596815145,0.009945174329682834,0.697170655679259,-0.019143785064327592,6386824.981800659,0.2146444581386714,-0.0001778729131746331,-2.784997454836768e-11,3.3607380628294914e-08,8687.981800662354,0.0,0.013577430814226235,0.027171598182060445,0.04133127903764779,0.1888187946075659,0.3419275863595816,0.5284835889385159,0.17446008334697322,0.3490688365647162,0.5235967549379419,305.1825149894942,0.48481620188995306,32252.923332961484,231.75519522389038,0.3067034107117443,1.5979417580445205,0.014277615404815052,93.60051862851456,2123.7520603281196,9.737684538688558,-1.8107775125564257e-05,0.06606952229416609,93.6004938667075,0.1051473771161565,-0.0553150752712562,-3.87220326393645,0.0,0.0,0.0,0.0007346937000481837,-0.0003865016744505983,0.02705615129303108,0.0,0.0,0.0,0.0,0.0,0.0,0.0,0.0,0.5,0.0,0.0,1.0,0.0,0.0,0.0
9.8,-5.743187497163,3.215887040307006,94.31782532773788,0.17453292519943295,0.3490658503988659,0.5235987755982988,-0.7279478184790555,0.022272858144097282,0.6838672038646433,-0.04379690066340891,6386815.574399436,0.22131848662901787,-0.00017945503621041574,-2.809773260675191e-11,3.465239978872379e-08,8678.574399439307,0.0,0.03337129063152383,0.06084756934576749,0.09454415122240964,0.2070518810825112,0.33140823545410636,0.5359419156210914,0.17446045402776925,0.3490725840489789,0.5235941329841386,305.2226589175132,0.4853597626525974,32297.5971795162,231.8161767767277,0.30976552714081457,1.631612101137551,0.03401939467361698,94.54745822997542,2169.370151943017,9.73771337484697,-1.87141736915919e-05,0.0674227837015026,94.5474378939623,0.2403836604498676,-0.13460266675660965,-3.9476374890703543,0.0,0.0,0.0,0.0016796268796314328,-0.0009405059259492542,0.02758323101193526,0.0,0.0,0.0,0.0,0.0,0.0,0.0,0.0,0.5,0.0,0.0,1.0,0.0,0.0,0.0
9.9,-8.897750609701,5.29303168818837,94.93094875117862,0.17453292519943295,0.3490658503988659,0.5235987755982988,-0.7385428293226916,0.034576758039064286,0.6698357088496025,-0.06840336452322732,6386806.072484229,0.22812874118043386,-0.00018189337453721963,-2.8479551824949927e-11,3.571875184425323e-08,8669.072484233417,0.0,0.054983423866202974,0.09341798699253953,0.14855021240056954,0.22523996067567792,0.31977438388254753,0.5443575026674918,0.17446111100072176,0.3490762585742295,0.5235914642384434,305.26320616228605,0.48590878444442254,32342.719853867962,231.8777709971129,0.3128245594178138,1.6642519537391698,0.05545641868771334,95.49382797418639,2215.518396450661,9.737742500844508,-1.7893967379833953e-05,0.06878874464593343,95.49379938507707,0.37656505185086514,-0.22400838588775693,-4.0176084054058085,0.0,0.0,0.0,0.0026311637897303087,-0.0015652083236264503,0.0280721370867056,0.0,0.0,0.0,0.0,0.0,0.0,0.0,0.0,0.5,0.0,0.0,1.0,0.0,0.0,0.0
10.0,-11.98700997259066,7.564701498449329,95.39204159301177,0.17453292519943295,0.3490658503988659,0.5235987755982988,-0.7483482157912306,0.046843571917706626,0.6550878039749157,-0.09293659448052122,6386796.4756582165,0.23507619460701723,-0.0001834514228302195,-2.8723542944075452e-11,3.680658927161414e-08,8659.475658220239,0.0,0.0784169179365214,0.12476386629296984,0.2034443913849059,0.2433567530325183,0.30699066889662324,0.5536292144363789,0.1744620528276425,0.3490798440479254,0.5235887599082486,305.3041584171702,0.4864632901939922,32388.293240455827,231.9399804573791,0.31588046112167445,1.695800806078925,0.07851975374182396,96.43961874547894,2262.2011123530406,9.737771917902057,-1.8594452371919118e-05,0.07016852795769511,96.43959566065753,0.5129204809308454,-0.32369192604368807,-4.08176039292316,0.0,0.0,0.0,0.0035839167490529173,-0.002261724689128919,0.028520384702264295,0.0,0.0,0.0,0.0,0.0,0.0,0.0,0.0,0.5,0.0,0.0,1.0,0.0,0.0,0.0
10.100000000000001,-14.994584657831776,10.024886367827786,95.69964640838425,0.17453292519943295,0.3490658503988659,0.5235987755982988,-0.7573572245246577,0.05906039853545518,0.6396425544959475,-0.11737080014487923,6386786.784433653,0.24216229413461263,-0.0001854700536858724,-2.9039650132485944e-11,3.791613879450654e-08,8649.784433657614,0.0,0.10365366776598776,0.15477503810490692,0.2593019225329941,0.2613525014233526,0.29303491290863526,0.5636326726996619,0.17446327413465484,0.3490833256132589,0.523586031689684,305.3455123213507,0.48702335692157755,32434.326359461902,232.00280187799603,0.3189332157199269,1.726215827755558,0.10312294821620473,97.38482655583414,2309.4179999758667,9.737801624452686,-1.848701129721539e-05,0.07156104784319488,97.38480123453957,0.6486467598845015,-0.4336647537956528,-4.139817536033697,0.0,0.0,0.0,0.0045322736630639595,-0.003030135142549898,0.028926045960357184,0.0,0.0,0.0,0.0,0.0,0.0,0.0,0.0,0.5,0.0,0.0,1.0,0.0,0.0,0.0
10.200000000000001,-17.903965332658967,12.667532806975506,95.85228903135481,0.17453292519943295,0.3490658503988659,0.5235987755982988,-0.7655603142880187,0.07121426756556343,0.6235163729178356,-0.1416800560984371,6386776.998868963,0.2493881832228478,-0.00018769670269670364,-2.93883288441013e-11,3.904757959562577e-08,8639.998868967406,0.0,0.13067805662663884,0.18333345671596743,0.3161890562755865,0.27915170538768513,0.2778840150343061,0.5742306222674262,0.17446476974091235,0.3490866884957395,0.5235832911592853,305.38724201923446,0.48759130499999825,32481.068546632283,232.06623577551193,0.32198281744205076,1.7554554415509074,0.12918649797086953,98.32944459621054,2357.1820700824005,9.737831620321245,-1.8084678661267617e-05,0.07296668856906408,98.32941480053849,0.7829219987459596,-0.5539381874431042,-4.191522063322642,0.0,0.0,0.0,0.005470491760078384,-0.003870518767966724,0.029287319741073493,0.0,0.0,0.0,0.0,0.0,0.0,0.0,0.0,0.5,0.0,0.0,1.0,0.0,0.0,0.0
10.3,-20.698207337585853,15.486415334629552,95.84846192252431,0.17453292519943295,0.3490658503988659,0.5235987755982988,-0.7729448721872961,0.08329185572942403,0.60672330318932,-0.16583773456316464,6386767.118570231,0.25675532422951974,-0.00018919516941744543,-2.962299484468711e-11,4.020114081191342e-08,8630.118570235869,0.0,0.15947394702100853,0.21031099815503937,0.3741627964060077,0.29665016909284253,0.2615159424381331,0.585267670727991,0.17446653455866282,0.34908991771965,0.5235805499966063,305.42937515000506,0.48816480150153013,32528.268628498437,232.13028379583074,0.325029192158519,1.78347722259125,0.15663661375817373,99.27346347902447,2405.4867604614265,9.73786190671987,-1.8859423226066003e-05,0.07438586254245917,99.27343968207423,0.914879870388599,-0.6845151610245622,-4.236571261371998,0.0,0.0,0.0,0.006392517773723162,-0.004782896066315087,0.029602090902340995,0.0,0.0,0.0,0.0,0.0,0.0,0.0,0.0,0.5,0.0,0.0,1.0,0.0,0.0,0.0
10.4,-23.3617409693159,18.472652736127902,95.68889214504148,0.17453292519943295,0.3490658503988659,0.5235987755982988,-0.7795068497374854,0.0952806448707949,0.5892843536390584,-0.1898188074872199,6386757.144050892,0.2642652958111221,-0.00019159878781971722,-2.999938521290107e-11,4.13770697536738e-08,8620.14405089772,0.0,0.18999661781133367,0.23559345175984103,0.4332529973678154,0.31371918288443723,0.2439300545943633,0.596563455035387,0.1744685597810438,0.34909300015931605,0.5235778198880531,305.47191007117164,0.4887437669863115,32575.918820271825,232.19494259154118,0.3280723214076038,1.8102543211057787,0.18538621639687947,100.2168790777354,2454.331030520046,9.73789248207806,-1.8107497867940015e-05,0.07581753922361431,100.2168474623975,1.04365916629388,-0.8252462514132675,-4.274775790043432,0.0,0.0,0.0,0.007292334202750501,-0.005766222977030828,0.029869036472435485,0.0,0.0,0.0,0.0,0.0,0.0,0.0,0.0,0.5,0.0,0.0,1.0,0.0,0.0,0.0
10.5,-25.8788775934841,21.617306121968593,95.37430270395475,0.17453292519943295,0.3490658503988659,0.5235987755982988,-0.7852393761985902,0.1071679130953903,0.5712181149604515,-0.21359784253855604,6386747.075371313,0.2719184598565698,-0.00019331642280198498,-3.02683698791604e-11,4.2575423239342985e-08,8610.075371318497,0.0,0.2221956744826177,0.2590596419879654,0.493475713385267,0.33020270768104243,0.22513251093930908,0.6079199204952279,0.17447083681474526,0.3490959227322482,0.5235751124193792,305.5148465253138,0.48932819795045807,32624.0188335747,232.2602117713298,0.33111217354587047,1.8357568306548566,0.21535564755656922,101.15968488352969,2503.716682346329,9.737923346214824,-1.857956353745749e-05,0.07726279286318061,101.15965666536455,1.168376670519097,-0.9759757184653607,-4.305948348949428,0.0,0.0,0.0,0.008163769773975229,-0.006819411300810494,0.030086847731933822,0.0,0.0,0.0,0.0,0.0,0.0,0.0,0.0,0.5,0.0,0.0,1.0,0.0,0.0,0.0
10.600000000000001,-28.233518281687825,24.91119585099999,94.90543732691151,0.17453292519943295,0.3490658503988659,0.5235987755982988,-0.7901322695121223,0.11894043347875978,0.5525408739345717,-0.2371484011056066,6386736.912140576,0.2797173267749881,-0.0001951824115300783,-3.0560584257894665e-11,4.3796594515043156e-08,8599.912140582688,0.0,0.2560113275617141,0.2805798286984236,0.5548316840389853,0.3459157185682,0.205139293026596,0.6191181889244077,0.17447335711844658,0.3490986721528735,0.523572439294936,305.5581853027608,0.4899181970630963,32672.579139051344,232.32609389998183,0.33414870114128664,1.8599496542138285,0.24647108927237296,102.10187116470561,2553.648552485871,9.737954500333254,-1.8754252787781918e-05,0.07872090946647693,102.10184317255751,1.288110681422025,-1.1365369355199149,-4.329901611236011,0.0,0.0,0.0,0.009000384304023881,-0.007941296771255806,0.030254215776484406,0.0,0.0,0.0,0.0,0.0,0.0,0.0,0.0,0.5,0.0,0.0,1.0,0.0,0.0,0.0
10.700000000000001,-30.4116411948762,28.342834765195647,94.28527625529338,0.17453292519943295,0.3490658503988659,0.5235987755982988,-0.7941843123461618,0.1305861978016948,0.5332754544460939,-0.26044647086555583,6386726.654873191,0.2876627047363862,-0.00019757177333895246,-3.093474701958457e-11,4.5040710260908885e-08,8589.65487319821,0.0,0.2913490857049816,0.30004596677298195,0.6172881282202571,0.360659860312651,0.18399609875983297,0.6299251012605689,0.17447610878756048,0.34910123752728556,0.5235698117455846,305.6018967696584,0.49051623778176073,32721.866556826568,232.39258660364692,0.3371819169986781,1.8828099869870938,0.2786486928724172,103.04343381713791,2604.1391419764136,9.737985942859622,-1.8083802248251377e-05,0.08019180895323016,103.0433988046938,1.40198802089722,-1.3066176365768658,-4.346575506868942,0.0,0.0,0.0,0.009796076656846427,-0.009129697499771171,0.030370720880204132,0.0,0.0,0.0,0.0,0.0,0.0,0.0,0.0,0.5,0.0,0.0,1.0,0.0,0.0,0.0
10.8,-32.3991157559433,31.9006653211701,93.51680745574325,0.17453292519943295,0.3490658503988659,0.5235987755982988,-0.797391283632603,0.14209285347068595,0.5134423626576459,-0.28346735414379004,6386716.303631578,0.2957550444679665,-0.00019903298743481637,-3.116358672791575e-11,4.630784121408302e-08,8579.30363158416,0.0,0.3281016772415838,0.31734629507002526,0.6807939418066351,0.3742192348670087,0.16176320911876135,0.6400974757376487,0.1744790801462302,0.3491036079676501,0.5235672409215445,305.64600808186367,0.49111981478299427,32771.61168510531,232.45968851692808,0.3402117597157342,1.9043071482139735,0.3118114961534331,103.98436625962036,2655.1775022379925,9.738017673606734,-1.8962202140926365e-05,0.08167625290218172,103.98433822319426,1.5091012984187941,-1.485884238916926,-4.355869975542597,0.0,0.0,0.0,0.010544506644783057,-0.0103822826519694,0.030435663894163353,0.0,0.0,0.0,0.0,0.0,0.0,0.0,0.0,0.5,0.0,0.0,1.0,0.0,0.0,0.0
10.9,-34.181443195120366,35.57282796046736,92.60309447632301,0.17453292519943295,0.3490658503988659,0.5235987755982988,-0.7997455809216882,0.1534473916605102,0.49306003345770644,-0.3061850446255564,6386705.858027831,0.30399740977747736,-0.00020134055759471378,-3.152494604813205e-11,4.759846728170685e-08,8568.858027838482,0.0,0.3661454321482159,0.33236464338301597,0.7452778845831184,0.38636295773274826,0.13851857461809672,0.6493837648047218,0.17448225952587815,0.3491057723849729,0.5235647381053751,305.690521513699,0.4917288940045955,32821.81029099743,232.527402132632,0.34323817893963715,1.924400201569951,0.34588757942654835,104.92465835631899,2706.767807471452,9.738049693768616,-1.839087387385992e-05,0.083173117323818,104.92462390790736,1.6085113351939213,-1.6739902121812484,-4.357710602814998,0.0,0.0,0.0,0.011239111966792767,-0.011696630924737628,0.030448524864149087,0.0,0.0,0.0,0.0,0.0,0.0,0.0,0.0,0.5,0.0,0.0,1.0,0.0,0.0,0.0
11.0,-35.746845455764394,39.345623274996385,91.5493404381681,0.17453292519943295,0.3490658503988659,0.5235987755982988,-0.8012488455728507,0.16463844008191372,0.4721528816230733,-0.3285767975238394,6386695.318577519,0.31238965094202087,-0.0002032879092976761,-3.18299056356137e-11,4.8912565169383316e-08,8558.318577526448,0.0,0.4053218978946007,0.34501624355767174,0.810634770710758,0.39687616508486073,0.11437289801533353,0.657547166623905,0.174485632378749,0.3491077225346723,0.5235623136424483,305.7354348681081,0.49234344538414726,32872.459896842585,232.59572410860724,0.3462611587909748,1.943056553448295,0.38079722706513014,105.86430639698355,2758.9092675628553,9.73808200176834,-1.850685662674323e-05,0.08468327061395975,105.86427204901518,1.6993614348816302,-1.8704463519917365,-4.352136513904504,0.0,0.0,0.0,0.011873906649455878,-0.013069324112272905,0.03040957716884401,0.0,0.0,0.0,0.0,0.0,0.0,0.0,0.0,0.5,0.0,0.0,1.0,0.0,0.0,0.0
11.100000000000001,-37.0834467410563,43.205269844492726,90.36076750023275,0.17453292519943295,0.3490658503988659,0.5235987755982988,-0.801899467439769,0.17565412039349984,0.45074307994845075,-0.3506188595855782,6386684.685345212,0.32093313506468696,-0.00020497204194151194,-3.2093652973323914e-11,5.025034910539656e-08,8547.68534522038,0.0,0.4454580292272634,0.3552174553567228,0.8767413556166216,0.4055513254888796,0.08945410295536843,0.6643644595129072,0.17448918439501565,0.3491094501408236,0.5235599778200375,305.78074115604863,0.492964080898263,32923.626518942336,232.66465426199235,0.3492806748821049,1.960230147355478,0.4164661690802859,106.8033036369349,2811.607243482682,9.738114597412215,-1.9016557686768475e-05,0.08620637772127007,106.80327255328571,1.7807780141259482,-2.0747530608655578,-4.33919935295037,0.0,0.0,0.0,0.01244278672512524,-0.014496871389285399,0.03031918166008099,0.0,0.0,0.0,0.0,0.0,0.0,0.0,0.0,0.5,0.0,0.0,1.0,0.0,0.0,0.0
11.200000000000001,-38.17906124691383,47.137633806239634,89.04272609019765,0.17453292519943295,0.3490658503988659,0.5235987755982988,-0.8016925915444156,0.18648177675956384,0.42885110944088495,-0.3722859262226483,6386673.957945955,0.3296305129137481,-0.0002074700981086198,-3.2484842577427615e-11,5.1612234338505634e-08,8536.957945963368,0.0,0.48636395933384946,0.3628860087550758,0.9434556260503295,0.41219473400556855,0.06390872837108551,0.6696319145750093,0.17449290122311537,0.34911094673383136,0.5235577410686023,305.82642432992185,0.49359244520043916,32975.48674853817,232.73419570931037,0.3522966970548808,1.9758583017089928,0.4528235010689674,107.7416396061668,2864.87584132762,9.738147481885399,-1.8153358910903236e-05,0.08774197193868999,107.74159965965515,1.851856909779832,-2.286392434549796,-4.318968745327166,0.0,0.0,0.0,0.012939434556726422,-0.015975654016037778,0.030177824829539276,0.0,0.0,0.0,0.0,0.0,0.0,0.0,0.0,0.5,0.0,0.0,1.0,0.0,0.0,0.0
11.3,-39.024776543856355,51.1273115635207,87.60251062148862,0.17453292519943295,0.3490658503988659,0.5235987755982988,-0.8006326394107556,0.19711078021921913,0.4065026821442786,-0.39355673492636284,6386663.13689644,0.3384812779851009,-0.00020900018768350197,-3.27244733624064e-11,5.2998141717895956e-08,8526.136896449141,0.0,0.5278257042203596,0.3679799108895609,1.010611910719347,0.41666769154113653,0.037907395011384674,0.6731993920118187,0.17449676622983626,0.34911220703543167,0.5235556124510173,305.87250631816573,0.49422629512658756,33027.79971823667,232.80434425386343,0.3553091829490057,1.9898818263064069,0.4897917460483992,108.67931075229444,2918.7018785336995,9.73818065360755,-1.897166270955115e-05,0.08929108610004989,108.67927718733839,1.9118030426808945,-2.5047045587821883,-4.291595546430371,0.0,0.0,0.0,0.013358294707046752,-0.017501060989722813,0.02998656074543926,0.0,0.0,0.0,0.0,0.0,0.0,0.0,0.0,0.5,0.0,0.0,1.0,0.0,0.0,0.0
11.4,-39.61159544261554,55.15880771324698,86.04744537064151,0.17453292519943295,0.3490658503988659,0.5235987755982988,-0.7987206388232934,0.2075298333515834,0.3837214509682731,-0.41440869001929537,6386652.222263416,0.3474876558111075,-0.00021112376538593138,-3.305703176540107e-11,5.440841989169065e-08,8515.222263425589,0.0,0.5696213587546892,0.3704625282295056,1.078034903544235,0.4188669377304677,0.011630692842937274,0.6749577555688927,0.17450076301882814,0.3491132256971525,0.5235536009987263,305.918986836531,0.49486562676690765,33080.56510535375,232.87509946295165,0.35831809959685024,2.002220585110784,0.5272965143176624,109.61630999385963,2973.087219017848,9.738214112378406,-1.874115785938102e-05,0.09085254308972424,109.6162728817116,1.9598125368239114,-2.729022188194472,-4.257260034965125,0.0,0.0,0.0,0.01369375027290846,-0.019068430083075353,0.0297466490647743,0.0,0.0,0.0,0.0,0.0,0.0,0.0,0.0,0.5,0.0,0.0,1.0,0.0,0.0,0.0
11.5,-39.93028236035603,59.21623725302625,84.38503155876258,0.17453292519943295,0.3490658503988659,0.5235987755982988,-0.7959545751192071,0.21772676903495253,0.360529764254981,-0.4348174598417655,6386641.213664884,0.3566513640012682,-0.0002133435407249248,-3.340465412151838e-11,5.584333801144201e-08,8504.213664893372,0.0,0.6115206301087253,0.3703031500443755,1.145540564481959,0.4187293094054674,-0.01473175232207283,0.6748431774740008,0.1745048751031999,0.3491139971932159,0.5235517158910813,305.96586751178125,0.4955104624972561,33133.78475661601,232.94646381292426,0.36132339687342946,2.012768565973921,0.5652640635529566,110.55262702923572,3028.0364429738565,9.73824785937423,-1.841304269826576e-05,0.09242694146700668,110.55258589535055,1.9950513683012363,-2.9586485591104057,-4.216157069180973,0.0,0.0,0.0,0.013939973699431498,-0.020672892816277866,0.029459451315832334,0.0,0.0,0.0,0.0,0.0,0.0,0.0,0.0,0.5,0.0,0.0,1.0,0.0,0.0,0.0
11.600000000000001,-39.975308506533565,63.28309587034078,82.62442533583423,0.17453292519943295,0.3490658503988659,0.5235987755982988,-0.7923415163951283,0.22769178626568393,0.3369543281282501,-0.4547634334360816,6386630.111618743,0.3659724850039069,-0.000214882565497916,-3.364568821944947e-11,5.7302909149319476e-08,8493.111618753212,0.0,0.6532897866601021,0.3675155534246884,1.2129414845313393,0.4162692552743684,-0.040986794372313624,0.6728680430831755,0.17450908440296242,0.3491145194142503,0.5235499645608563,306.0131261997159,0.49616261025130814,33187.65445915129,233.01843464797895,0.36432508374348965,2.0214163979362163,0.6036141508083437,111.48825828471085,3083.5601764240073,9.73828189301101,-1.9200814170024692e-05,0.09401448152548605,111.48822302405168,2.0168551269321964,-3.1927983731040155,-4.168608083383715,0.0,0.0,0.0,0.014092322569587729,-0.022308962092818345,0.029127213448687683,0.0,0.0,0.0,0.0,0.0,0.0,0.0,0.0,0.5,0.0,0.0,1.0,0.0,0.0,0.0
11.700000000000001,-39.74107557062041,67.34278070434472,80.77482200475875,0.17453292519943295,0.3490658503988659,0.5235987755982988,-0.7878852037791269,0.23741428823412117,0.3130201114082791,-0.4742254118875705,6386618.91619384,0.3754532584466384,-0.00021736123776388487,-3.4033851184191646e-11,5.878748417173332e-08,8481.91619385127,0.0,0.6946997615648512,0.36211980580586695,1.2800547892421958,0.4115446625403565,-0.06694597956240878,0.6690934793775469,0.17451337306030457,0.34911479014284047,0.5235483544392691,306.0607700789346,0.49682137712688196,33242.09957303219,233.0910112589195,0.3673231178540768,2.028022114181973,0.6422659804281257,112.42319631821398,3139.6564999751436,9.738316213082154,-1.8365804812958686e-05,0.09561416417938595,112.42315228833361,2.0245362117235577,-3.4306544595611204,-4.11492516989283,0.0,0.0,0.0,0.01414599242575081,-0.023970928116422558,0.02875211613838184,0.0,0.0,0.0,0.0,0.0,0.0,0.0,0.0,0.5,0.0,0.0,1.0,0.0,0.0,0.0
11.8,-39.22182823203391,71.37827593868968,78.84563654528465,0.17453292519943295,0.3490658503988659,0.5235987755982988,-0.7825864526506489,0.2468827154259776,0.28875108144761163,-0.49318027412682347,6386607.627011221,0.3850947018732478,-0.00021908984106476872,-3.430457198520943e-11,6.029722262877083e-08,8470.627011231767,0.0,0.7355260152754923,0.35414240927463736,1.346703363578629,0.40465448576422264,-0.09242690776537249,0.6636269603501542,0.17451772308444854,0.349114807009533,0.5235468931025048,306.10881295876385,0.4974856609416696,33297.00064545457,233.1641956732663,0.3703174349360429,2.0324027665334756,0.6811350008233286,113.35743088822048,3196.323192900027,9.738350820754768,-1.8903031749080865e-05,0.09722722698551857,113.35739059531039,2.017380941233596,-3.6713611670274804,-4.055436807035753,0.0,0.0,0.0,0.014095996579013632,-0.025652812214582363,0.02833645455350946,0.0,0.0,0.0,0.0,0.0,0.0,0.0,0.0,0.5,0.0,0.0,1.0,0.0,0.0,0.0
11.9,-38.41580947136247,75.37265228857993,76.84756574697576,0.17453292519943295,0.3490658503988659,0.5235987755982988,-0.776454879037841,0.25608817457592076,0.2641746798976677,-0.511610220315534,6386596.244590048,0.39489789356649135,-0.00022098562169123851,-3.460147052274621e-11,6.183229352529971e-08,8459.244590059543,0.0,0.7755628323044019,0.3436517581262269,1.412728590090268,0.39576217248084866,-0.1172661643538328,0.6566391517141213,0.17452211564119838,0.3491145711538814,0.523545586069153,306.15725262981664,0.4981554311467103,33352.35515163813,233.23798452542806,0.37330801995838586,2.0343609873925983,0.7201285170896633,114.29095824024152,3253.5594379849817,9.738385714440989,-1.9093610096850483e-05,0.09885275410757426,114.29091810501009,1.9948771319150396,-3.9140014522107087,-3.9905821394728047,0.0,0.0,0.0,0.013938756261785703,-0.027348206753098347,0.027883297118830135,0.0,0.0,0.0,0.0,0.0,0.0,0.0,0.0,0.5,0.0,0.0,1.0,0.0,0.0,0.0
12.0,-37.32120934746997,79.308878742758,74.79135323030637,0.17453292519943295,0.3490658503988659,0.5235987755982988,-0.7694969702395423,0.26502089004115104,0.23931698288324588,-0.5294956892979055,6386584.769001197,0.40486432227341873,-0.000223453786179252,-3.4987993467782254e-11,6.339293016801768e-08,8447.769001210108,0.0,0.8146196729828192,0.3307192820428475,1.4779884694616392,0.3850542127510581,-0.14131716990885745,0.6483292255105884,0.1745265320925185,0.3491140835746707,0.5235444388861007,306.2060823462132,0.4988312808396078,33408.22726269277,233.31237758315953,0.3762948477170349,2.033647085161517,0.7591472612906257,115.22377112649815,3311.37109799952,9.738420893928113,-1.8344874241904563e-05,0.10049068512251225,115.22372300186174,1.9565060805615881,-4.157644037149797,-3.920819821409241,0.0,0.0,0.0,0.013670647151822233,-0.029050604636218707,0.027395848577670256,0.0,0.0,0.0,0.0,0.0,0.0,0.0,0.0,0.5,0.0,0.0,1.0,0.0,0.0,0.0
12.100000000000001,-35.93614898763099,83.16950154119485,72.68799774021771,0.17453292519943295,0.3490658503988659,0.5235987755982988,-0.7617162851044594,0.27367000444415834,0.21420330082432762,-0.5468149596172771,6386573.199868897,0.4149951058849923,-0.0002249259575405422,-3.5218567221602897e-11,6.497930783177874e-08,8436.199868910635,0.0,0.8525195522527863,0.3154191752217355,1.542357487798517,0.3727335186166335,-0.16444954603523407,0.6389186802318914,0.17453095363423118,0.34911334514980596,0.523543457235813,306.2552831780977,0.4995151348064216,33464.824329436364,233.3873780063214,0.37927789310697013,2.029944548634253,0.7980805080679182,116.15585902797365,3369.7758831788233,9.73845636037364,-1.9291053291681227e-05,0.10214197020027588,116.1558182975199,1.901737167655131,-4.401332866038672,-3.8466426409668686,0.0,0.0,0.0,0.013287961664323953,-0.030753325638559967,0.02687755217643768,0.0,0.0,0.0,0.0,0.0,0.0,0.0,0.0,0.5,0.0,0.0,1.0,0.0,0.0,0.0
12.200000000000001,-34.26287957619219,86.9378873056452,70.54933481427052,0.17453292519943295,0.3490658503988659,0.5235987755982988,-0.7531249481833018,0.2820276237956348,0.18886158803078534,-0.5635522256206467,6386561.537713505,0.4252918470009094,-0.00022725095757616465,-3.558267719485332e-11,6.659167762658663e-08,8424.537713519298,0.0,0.8891183536872506,0.29785959096065084,1.6057422776755252,0.3590302290287446,-0.18656452054600806,0.6286550556077678,0.17453536139689485,0.34911236022353115,0.5235426445123443,306.3048796155805,0.5002044873887522,33521.87647215303,233.46298148000366,0.3822571080664227,2.022904022534705,0.8368045425222327,117.08721794283,3428.7567878506866,9.738492112186096,-1.874477405057937e-05,0.10380524448117968,117.08717076916348,1.830248203683024,-4.644045351630028,-3.768593917239438,0.0,0.0,0.0,0.01278844857237819,-0.03244922466122427,0.026332204235366374,0.0,0.0,0.0,0.0,0.0,0.0,0.0,0.0,0.5,0.0,0.0,1.0,0.0,0.0,0.0
12.3,-32.303615973170885,90.59730005568814,68.38725289307573,0.17453292519943295,0.3490658503988659,0.5235987755982988,-0.7437321382825466,0.2900848972365028,0.16331876563805017,-0.5796897711436443,6386549.782607949,0.43575509495925674,-0.00022929870470551818,-3.590337702055514e-11,6.823012577869789e-08,8412.78260796424,0.0,0.9242893602832665,0.27814618573904126,1.668070039586974,0.3441670590295565,-0.20758226202162813,0.6177846277422925,0.1745397366752128,0.3491111329735266,0.5235420041654107,306.354871348515,0.5008993342758007,33579.38333407281,233.53918753142744,0.38523246016270934,2.0120910061583057,0.8751781206405235,118.01784077241875,3488.3157438057874,9.738528149146571,-1.876437594461322e-05,0.1054814300418947,118.01779258336416,1.7417226002042918,-4.884758571781417,-3.6872535888453504,0.0,0.0,0.0,0.012169895785303537,-0.03413115426530911,0.025763856945400506,0.0,0.0,0.0,0.0,0.0,0.0,0.0,0.0,0.5,0.0,0.0,1.0,0.0,0.0,0.0
12.4,-30.060596893608942,94.13058622468039,66.21392312905988,0.17453292519943295,0.3490658503988659,0.5235987755982988,-0.733544056930557,0.29783175040067517,0.1376012242589188,-0.595207436089255,6386537.9341798015,0.4463868754174746,-0.000230960601066918,-3.61636622936399e-11,6.989496971314922e-08,8400.934179817326,0.0,0.9579199447817178,0.25638212431187335,1.7292869590847628,0.32835502914493925,-0.22743912665989877,0.6065490981781382,0.17454406057284583,0.34910966749077993,0.5235415397664704,306.40525994388884,0.5015996990529925,33637.346907086816,233.6159985755673,0.3882038983102438,1.9969628144778846,0.9130340328213681,118.94771685372217,3548.457496884169,9.738564472402487,-1.9388977648304717e-05,0.10717038490158377,118.94767278554743,1.6358357852759258,-5.122410236978977,-3.603230307596571,0.0,0.0,0.0,0.011430035429489822,-0.03579169194123921,0.02517676312448037,0.0,0.0,0.0,0.0,0.0,0.0,0.0,0.0,0.5,0.0,0.0,1.0,0.0,0.0,0.0
12.5,-27.540150380513914,97.52214365583276,64.04185250305508,0.17453292519943295,0.3490658503988659,0.5235987755982988,-0.7225753027837076,0.3052613872298248,0.11173719868364297,-0.6100916063325258,6386525.99295048,0.45718840737282845,-0.0002335207768882172,-3.656460134281884e-11,7.158640048483937e-08,8388.992950497195,0.0,0.9899330662550548,0.23269492912706216,1.7893737176869204,0.3117985304884136,-0.2461029369073196,0.5951825224638199,0.17454831490457012,0.349107971158496,0.5235412524553936,306.45601150703067,0.5023085022705611,33696.08388460372,233.69341235143725,0.39117144756363337,1.9769196114470031,0.9501808418510207,119.87684211919255,3609.2023825342703,9.73860108035914,-1.8461739036486808e-05,0.10887132286159229,119.87678835605594,1.5125183379076994,-5.355983620656868,-3.5172158595754914,0.0,0.0,0.0,0.010568382441347541,-0.03742373354031316,0.024575756472603565,0.0,0.0,0.0,0.0,0.0,0.0,0.0,0.0,0.5,0.0,0.0,1.0,0.0,0.0,0.0
12.600000000000001,-24.748584460341227,100.75626784075227,61.88360597039217,0.17453292519943295,0.3490658503988659,0.5235987755982988,-0.710837605717619,0.31236595651815197,0.08575416444407341,-0.6243265605398908,6386513.958995048,0.4681597971821871,-0.00023511968523028993,-3.6815027218273965e-11,7.33044349684399e-08,8376.95899506472,0.0,1.0202635494062116,0.20720473209742304,1.8483280895388747,0.29467543885969827,-0.2635539915754918,0.5838999762245878,0.17455248161519452,0.3491060511736676,0.5235411434521763,306.50715443586967,0.5030230639090361,33755.304486741654,233.77142735775254,0.3941350395908562,1.9512350287596942,0.9863887899357993,120.80520944846216,3670.533801591774,9.738637972791187,-1.9261325412855937e-05,0.11058547871811089,120.8051616612196,1.3716826768278112,-5.584385135257041,-3.429879814954664,0.0,0.0,0.0,0.009584324866395289,-0.039019637864895935,0.023965515461083463,0.0,0.0,0.0,0.0,0.0,0.0,0.0,0.0,0.5,0.0,0.0,1.0,0.0,0.0,0.0
12.700000000000001,-21.69232539576312,103.816857588962,59.75204874901273,0.17453292519943295,0.3490658503988659,0.5235987755982988,-0.698339758759464,0.3191362580415795,0.059679358528670394,-0.6378938822250447,6386501.831944486,0.47930402489217117,-0.00023720061611303886,-3.7140929786165315e-11,7.504954004135473e-08,8364.831944504442,0.0,1.0488542626238078,0.18002519635381942,1.9061631908971286,0.277137508644804,-0.2797818641728321,0.5728994341264144,0.17455654243859153,0.34910391468324076,0.5235412140812278,306.5586930083126,0.5037431534229823,33814.98322166522,233.85004589106478,0.39709461847653116,1.919034096546524,1.0213748920749386,121.73280773049376,3732.4547376569935,9.738675150835745,-1.9171537935847048e-05,0.11231173261500992,121.73275740375294,1.2132513982826436,-5.806504655975588,-3.3419419040255796,0.0,0.0,0.0,0.008477321863275888,-0.04057164816705842,0.023351069043807404,0.0,0.0,0.0,0.0,0.0,0.0,0.0,0.0,0.5,0.0,0.0,1.0,0.0,0.0,0.0
12.8,-18.381670159509795,106.69005936827998,57.65984519977415,0.17453292519943295,0.3490658503988659,0.5235987755982988,-0.6850987329049304,0.32556667755772883,0.03354102615710384,-0.6507823166951245,6386489.612321219,0.4906213768695894,-0.00023958082991512038,-3.75136960170768e-11,7.682176073583792e-08,8352.612321238033,0.0,1.0756787560847585,0.15128604583860644,1.9629214477986658,0.25931368293379436,-0.2948001324969314,0.56235538771682,0.17456048056868292,0.34910157182791784,0.5235414631840459,306.6106250041273,0.5044687397916362,33875.11751847195,233.92926456456314,0.4000501702304036,1.8793988783387792,1.0548107702672467,122.65963321997556,3794.964319680339,9.738712612895068,-1.8629152336302458e-05,0.1140503625549331,122.65957664369148,1.0374049166002122,-6.021295599902511,-3.254158402882801,0.0,0.0,0.0,0.007248634036617113,-0.04207245168359488,0.022737701530259963,0.0,0.0,0.0,0.0,0.0,0.0,0.0,0.0,0.5,0.0,0.0,1.0,0.0,0.0,0.0
12.9,-14.826912340095959,109.36191811006792,55.61972247514068,0.17453292519943295,0.3490658503988659,0.5235987755982988,-0.6711286237472922,0.33165041279683827,0.007366912893352985,-0.6629782361727897,6386477.300202567,0.5021123861855772,-0.0002410816219803828,-3.77487636216503e-11,7.862118075165633e-08,8340.300202586688,0.0,1.1007136900069954,0.12110711118189359,2.018656222084919,0.241303125688663,-0.3086258673387966,0.5524222953761662,0.17456427929317103,0.349099032547821,0.5235418897044162,306.662922193175,0.5052024316844745,33935.990059975215,234.0090838649192,0.4030016992583983,1.8313145595163576,1.0862957949649337,123.5856787433955,3858.084459660783,9.738750358736974,-1.9572089009045612e-05,0.11580195588338782,123.58562930474015,0.844333515278833,-6.227725006898633,-3.1673213356277734,0.0,0.0,0.0,0.00589959094965935,-0.043514830837353434,0.0221309470111011,0.0,0.0,0.0,0.0,0.0,0.0,0.0,0.0,0.5,0.0,0.0,1.0,0.0,0.0,0.0
13.0,-11.038555600221581,111.81811915779512,53.644713520342606,0.17453292519943295,0.3490658503988659,0.5235987755982988,-0.6564407983334788,0.33737924506469297,-0.018815130599778344,-0.6744651825692206,6386464.895222879,0.5137802794312126,-0.00024355837370060028,-3.813664957096722e-11,8.044830558591154e-08,8327.895222899815,0.0,1.1239355668502033,0.08960027817558865,2.073431097895347,0.22317804740269442,-0.3212773003257665,0.5432395051278727,0.17456792167284882,0.3490963067729758,0.5235424926691201,306.71560624948626,0.5059423663665058,33997.39852596468,234.08950545020042,0.4059491255992273,1.7737253978341279,1.11533784468235,124.51093266307903,3921.8062250543685,9.738788389488434,-1.8796813463950443e-05,0.11756530727953654,124.5108746522329,0.634229085255786,-6.424668444932744,-3.082228007187036,0.0,0.0,0.0,0.004431533397261988,-0.04489092891186506,0.021536376475570985,0.0,0.0,0.0,0.0,0.0,0.0,0.0,0.0,0.5,0.0,0.0,1.0,0.0,0.0,0.0
13.100000000000001,-7.030580433106277,114.04722399070747,51.74710054060834,0.17453292519943295,0.3490658503988659,0.5235987755982988,-0.641054418459594,0.34274879660327995,-0.04497714009243471,-0.6852343701940695,6386452.397905596,0.5256244826429756,-0.00024546827449989015,-3.843577924427089e-11,8.230304556725869e-08,8315.397905617332,0.0,1.1453442032725154,0.056887611498384776,2.1273314856627112,0.20498619096849668,-0.3327880798471738,0.5349218574799484,0.174571392924758,0.34909340701401,0.5235432686650421,306.7686824643669,0.506687808819704,34059.26409146116,234.17052566087295,0.4088924266442096,1.7058229998025907,1.1413862605121075,125.43539149263854,3986.1234466104092,9.738826703548604,-1.910807507717511e-05,0.11934152759065361,125.43533493797045,0.4075437968946354,-6.611122977633825,-2.9996865026099777,0.0,0.0,0.0,0.0028476208183627395,-0.04619373811431984,0.02095963623659887,0.0,0.0,0.0,0.0,0.0,0.0,0.0,0.0,0.5,0.0,0.0,1.0,0.0,0.0,0.0
13.200000000000001,-2.8169813125309195,116.03769484057759,49.9392328006049,0.17453292519943295,0.3490658503988659,0.5235987755982988,-0.6249857765742509,0.3477533593545926,-0.0710913598688815,-0.6952743555541703,6386439.808330408,0.537646526879441,-0.00024725402668674036,-3.8715471233945366e-11,8.418564067230994e-08,8302.80833043065,0.0,1.1649342902805695,0.02308132731234407,2.1804489023447036,0.18675067247619737,-0.34318805913909656,0.5275725776638006,0.174574678319409,0.3490903455728785,0.5235442144008365,306.8221504993667,0.5074387542906202,34121.58636196768,234.25214398029678,0.41183156975854396,1.6271447942733916,1.163808300400377,126.35904787684642,4051.0380856153834,9.738865300678127,-1.956683593817843e-05,0.12113003940084255,126.35899371020992,0.164741748979032,-6.786077248896256,-2.9205293331715723,0.0,0.0,0.0,0.0011510959990576543,-0.047416191820901926,0.020406543279883477,0.0,0.0,0.0,0.0,0.0,0.0,0.0,0.0,0.5,0.0,0.0,1.0,0.0,0.0,0.0
13.3,1.5879521229914322,117.77768676533007,48.23375865900005,0.17453292519943295,0.3490658503988659,0.5235987755982988,-0.6082487648143318,0.352385801281007,-0.09712958529469033,-0.7045708492995104,6386427.126134978,0.5498490687073624,-0.0002498554692672129,-3.9122887389727725e-11,8.609650715901306e-08,8290.12613500127,0.0,1.1826929278408818,-0.01171356859683217,2.232881758651367,0.16847240832906493,-0.3525020124498554,0.5212886591041441,0.17457776289115184,0.3490871347840904,0.5235453266422301,306.8759835500451,0.5081978929677248,34184.65658627906,234.3343637632057,0.4147665390039998,1.537876857302723,1.1819042626117855,127.28189010754991,4116.576584272677,9.738904181993986,-1.8624763898837198e-05,0.12293043052674572,127.28182595430762,-0.09369168790375854,-6.948521514594928,-2.845639698894311,0.0,0.0,0.0,-0.0006546496426033548,-0.04855123467114749,0.019883268767371058,0.0,0.0,0.0,0.0,0.0,0.0,0.0,0.0,0.5,0.0,0.0,1.0,0.0,0.0,0.0
13.4,6.167011297427264,119.25876095706296,46.642036370420136,0.17453292519943295,0.3490658503988659,0.5235987755982988,-0.5908644958119986,0.3566430033499018,-0.12306441811457171,-0.7131175795276623,6386414.351843833,0.5622313134426572,-0.0002513915607096781,-3.936349050932311e-11,8.803552080212812e-08,8277.351843857827,0.0,1.19862381216347,-0.047385513671290444,2.2847437118797,0.15013242016117237,-0.36076336924232194,0.5161481011877902,0.1745806344474518,0.3490837890487981,0.5235465998522301,306.930199406239,0.5089633088764256,34248.26773951119,234.41718089880524,0.4176972953578551,1.4393324365906073,1.1950315066440143,128.20391466549813,4182.723480640774,9.738943345892022,-1.9572825631068245e-05,0.1247438537000806,128.20385769392175,-0.36702984345010836,-7.097541428691811,-2.7758411650556907,0.0,0.0,0.0,-0.0025645386609556404,-0.04959247787731662,0.019395567176610645,0.0,0.0,0.0,0.0,0.0,0.0,0.0,0.0,0.5,0.0,0.0,1.0,0.0,0.0,0.0
13.5,10.902956248014975,120.47238405260637,45.17549398517067,0.17453292519943295,0.3490658503988659,0.5235987755982988,-0.5728513322637172,0.3605204114576495,-0.14886833907318647,-0.7209054067043476,6386401.485539036,0.5747955859043796,-0.00025361575398571187,-3.971184000254014e-11,9.000304587895216e-08,8264.485539061017,0.0,1.2127190696017265,-0.08383086111917393,2.336152645572179,0.13169305696259828,-0.36799703742098094,0.512227841523892,0.17458328080391494,0.34908032256030697,0.5235480286304954,306.98480578108814,0.509734238101937,34312.33708604251,234.50059456904785,0.42062379451673926,1.333978384078624,1.202631957382691,129.12511386662553,4249.474669655386,9.738982792125707,-1.927177737215402e-05,0.12656894340802793,129.12505231886715,-0.6545284396953265,-7.232222139264731,-2.7119842470213285,0.0,0.0,0.0,-0.004573370580754451,-0.05053352911691747,0.018949381292843792,0.0,0.0,0.0,0.0,0.0,0.0,0.0,0.0,0.5,0.0,0.0,1.0,0.0,0.0,0.0
13.600000000000001,15.778177129381577,121.40978065248602,43.845840156669446,0.17453292519943295,0.3490658503988659,0.5235987755982988,-0.5542255733090109,0.3640120631076403,-0.1745130739833899,-0.7279223761721498,6386388.526861582,0.5875435834461733,-0.0002559173526428866,-4.007231185294941e-11,9.19993484672339e-08,8251.526861608649,0.0,1.2249572390261334,-0.12095097283190075,2.38723293166079,0.11309858619675556,-0.3742186612326141,0.5096085059458605,0.174585689541264,0.34907674958654505,0.5235496076046728,307.0398041982474,0.510510702155119,34376.86641356857,234.5846071013843,0.42354598273722127,1.2253721944249927,1.2043173431135434,130.0454761243787,4316.835036992804,9.73902252180196,-1.8921547235114134e-05,0.1284063835014801,130.045409924935,-0.9554113896676817,-7.351629246317321,-2.6549594870513826,0.0,0.0,0.0,-0.006675722668457032,-0.05136785947967682,0.01855093358025466,0.0,0.0,0.0,0.0,0.0,0.0,0.0,0.0,0.5,0.0,0.0,1.0,0.0,0.0,0.0
13.700000000000001,20.772848043410452,122.06598744599407,42.6629886715733,0.17453292519943295,0.3490658503988659,0.5235987755982988,-0.535010023616306,0.36711609800198314,-0.19997204990603892,-0.7341647301733009,6386375.4763371935,0.6004751624510448,-0.0002574786725378052,-4.0316870422787946e-11,9.402440629451948e-08,8238.47633722114,0.0,1.2353283214619928,-0.15864254615705223,2.438119510494733,0.09427873556392222,-0.3794478652320289,0.5083581039436733,0.17458785152492978,0.34907308586677477,0.5235513293266294,307.09515941594157,0.5112957938395224,34442.1924597813,234.66921626126722,0.42646389366189263,1.117687613728136,1.2000317768081505,130.96499792744777,4384.8304368473155,9.739062533312987,-1.980961979578903e-05,0.13025642973737916,130.96493813651463,-1.2686918161279077,-7.455073406678933,-2.605602555003159,0.0,0.0,0.0,-0.008864699340832536,-0.05209065233489462,0.018206063094427165,0.0,0.0,0.0,0.0,0.0,0.0,0.0,0.0,0.5,0.0,0.0,1.0,0.0,0.0,0.0
13.8,25.86709552754398,122.43595346025221,41.63692353871695,0.17453292519943295,0.3490658503988659,0.5235987755982988,-0.5152250018548834,0.3698291867912095,-0.2252182405099602,-0.7396257749685595,6386362.334050207,0.6135926262787572,-0.0002600606220390334,-4.072124449508062e-11,9.60785802908895e-08,8225.33405023627,0.0,1.2438057024571665,-0.19680708654673268,2.4889526473673187,0.07514780846267884,-0.38369261352867456,0.508552875943768,0.17458975758027692,0.34906934694409353,0.5235531864928905,307.1508994500832,0.512086822640429,34508.0231153241,234.7544204930364,0.42937745404213973,1.0148954698292205,1.1899846138408234,131.88367121263,4453.440565759908,9.739102826405372,-1.8889196503835137e-05,0.13211790929711142,131.8836014484671,-1.5933530818411337,-7.5417707243675745,-2.564737906818923,0.0,0.0,0.0,-0.01113319707335967,-0.052696430385321465,0.01792053053623052,0.0,0.0,0.0,0.0,0.0,0.0,0.0,0.0,0.5,0.0,0.0,1.0,0.0,0.0,0.0
13.9,31.04061425751358,122.51446051907318,40.777880218492,0.17453292519943295,0.3490658503988659,0.5235987755982988,-0.4948890279818876,0.372146586421765,-0.25022358861056015,-0.7442959906628775,6386349.099645059,0.6268969481503667,-0.0002618680832158951,-4.1004348361118094e-11,9.816202316193631e-08,8212.099645089047,0.0,1.2503440230983052,-0.23534789441431242,2.5398815383659783,0.05560328880776163,-0.386948344886742,0.5102814254244129,0.17459139831081286,0.3490655484735842,0.5235551717984854,307.20703018255006,0.5128833959953079,34574.315197331096,234.84022194637475,0.43228660432439686,0.9201723071496888,1.1746088512215562,132.80148442619907,4522.666863704237,9.739143402175657,-1.9435184834530144e-05,0.13399220592675576,132.80141806739462,-1.9283399291691312,-7.610946310149936,-2.5332365011528664,0.0,0.0,0.0,-0.013473842490116014,-0.05317977926634301,0.01770042153379723,0.0,0.0,0.0,0.0,0.0,0.0,0.0,0.0,0.5,0.0,0.0,1.0,0.0,0.0,0.0
14.0,36.271705979930665,122.30036343590595,40.09385137870819,0.17453292519943295,0.3490658503988659,0.5235987755982988,-0.47402637071880155,0.3740676995322376,-0.2749625835152456,-0.7481741423970516,6386335.773648714,0.640389018478778,-0.0002637761224947807,-4.130320294013745e-11,1.0027487455516326e-07,8198.773648746,0.0,1.254905726763731,-0.2741642243491052,2.591062958661233,0.03553267643055664,-0.38921109401926585,0.5136243683734746,0.17459276798896153,0.3490617069298734,0.5235572761697492,307.2635458726127,0.5136858157249091,34641.10234450274,234.92661732976092,0.43519133746829786,0.8354215743049725,1.1545472869389886,133.71843400990937,4592.511338326554,9.73918425901224,-1.9727913631584215e-05,0.1358783831801927,133.71836833800225,-2.2724183013086567,-7.662073498732046,-2.511864463240564,0.0,0.0,0.0,-0.015878012896140346,-0.05353701902241372,0.017551089215274308,0.0,0.0,0.0,0.0,0.0,0.0,0.0,0.0,0.5,0.0,0.0,1.0,0.0,0.0,0.0
14.100000000000001,41.53861057630428,121.79243822998127,39.59289847707499,0.17453292519943295,0.3490658503988659,0.5235987755982988,-0.45265914771442134,0.3755904786673164,-0.2994089637188905,-0.7512560968235655,6386322.3561477065,0.6540703977845881,-0.000266394927990129,-4.1713354436874944e-11,1.0241737909689977e-07,8185.356147740036,0.0,1.2574321235542787,-0.31315622628438017,2.642662558088206,0.01480854053110174,-0.39046230966817286,0.5186775956975148,0.1745938608006645,0.3490578386125115,0.5235594906784462,307.3204148086394,0.5144970587877014,34708.70848755164,235.0136071990423,0.4380916639107731,0.7614205592852954,1.1304762690664707,134.63451187726582,4663.003065702057,9.739225396655076,-1.8816390497278238e-05,0.13777620667376314,134.63443629849596,-2.624345387983267,-7.69465851470773,-2.501418296703317,0.0,0.0,0.0,-0.018337024433541967,-0.053764699508697826,0.017478098970961402,0.0,0.0,0.0,0.0,0.0,0.0,0.0,0.0,0.5,0.0,0.0,1.0,0.0,0.0,0.0
14.200000000000001,46.81908821123393,120.98937525820236,39.283295757338806,0.17453292519943295,0.3490658503988659,0.5235987755982988,-0.43080787268914567,0.3767114197696288,-0.32353515574574715,-0.7535348082307416,6386308.84679007,0.6679420639921074,-0.00026789331154781414,-4.194806702801874e-11,1.045896902438015e-07,8171.846790104173,0.0,1.2578406588957411,-0.35222160073411196,2.69485969287056,-0.006714094430051601,-0.3906672667774636,0.5255558354182847,0.17459467073270743,0.34905395996344074,0.5235618063672923,307.37767307117383,0.5153138556457749,34776.77746436207,235.10119260367898,0.44098748065152676,0.6981111953393769,1.1030453097102897,135.54970618820803,4734.117996769647,9.739266816189833,-1.987403284194517e-05,0.13968688983143926,135.54963864290227,-2.9828018462773844,-7.708099061011179,-2.5026954262182315,0.0,0.0,0.0,-0.02084165848978992,-0.05385861230961763,0.01748702262682889,0.0,0.0,0.0,0.0,0.0,0.0,0.0,0.0,0.5,0.0,0.0,1.0,0.0,0.0,0.0
14.3,52.090419818839045,119.89403772138881,39.17070392689726,0.17453292519943295,0.3490658503988659,0.5235987755982988,-0.40849808313615843,0.37743120821604537,-0.3473169466343855,-0.7550116046410578,6386295.24610396,0.6820055548360359,-0.0002702448556645455,-4.231637361821332e-11,1.0679204901290541e-07,8158.246103997032,0.0,1.2560542961688703,-0.3912536572116444,2.7478391731250604,-0.029184905401783773,-0.38978893187946767,0.5343666755422024,0.17459519568256424,0.34905008756329403,0.5235642128838212,307.4353184216606,0.5161361743658351,34845.30661372557,235.18937011945275,0.443878775492167,0.6447740893285937,1.0728764460838334,136.46401321871087,4805.855108640337,9.739308516001273,-1.939078032009435e-05,0.14160887264974065,136.46393932609226,-3.346348774113009,-7.702108804876954,-2.5163645212360155,0.0,0.0,0.0,-0.02338186105953775,-0.05381675673923448,0.017582532360598393,0.0,0.0,0.0,0.0,0.0,0.0,0.0,0.0,0.5,0.0,0.0,1.0,0.0,0.0,0.0
14.4,57.32981174587537,118.50922033422785,39.260849934260804,0.17453292519943295,0.3490658503988659,0.5235987755982988,-0.3857534823799704,0.3777491067975216,-0.37072911033970285,-0.7556849701931,6386281.554178112,0.6962614270572338,-0.000272481305584296,-4.266666028935544e-11,1.0902454286590516e-07,8144.554178150371,0.0,1.2519704221075707,-0.43014178672020836,2.8017998428774042,-0.05276783519201658,-0.3877718928608461,0.5452360778051775,0.17459543342006753,0.3490462378447145,0.5235667000160891,307.49333494844524,0.516965495386669,34914.45731918613,235.27813972580446,0.44676553796002083,0.6004681753887495,1.040494118108117,137.37742520736302,4878.230378142118,9.739350495822684,-1.921309017660633e-05,0.1435430215470319,137.3773480555962,-3.713532034609285,-7.676421266800821,-2.543117088594918,0.0,0.0,0.0,-0.025947471687673085,-0.05363727083181679,0.017769459921111744,0.0,0.0,0.0,0.0,0.0,0.0,0.0,0.0,0.5,0.0,0.0,1.0,0.0,0.0,0.0
14.5,62.513958627372375,116.8377182877148,39.559626331329355,0.17453292519943295,0.3490658503988659,0.5235987755982988,-0.36259634416168435,0.3776628542902467,-0.39374479904752785,-0.7555503413749477,6386267.770664323,0.7107115180139908,-0.0002741011004054261,-4.2920389539297e-11,1.1128745984932479e-07,8130.770664363478,0.0,1.2454573892918497,-0.4687672990567894,2.8569603395071708,-0.07764276218838664,-0.384539639765258,0.5583100650808985,0.17459538154527066,0.3490424274060819,0.5235692574984107,307.5517158775621,0.5178026287606108,34984.3172713938,235.36750397479727,0.44964772493162164,0.5642041293937535,1.0063354716002082,138.28992988300823,4951.256873208433,9.739392756728366,-2.0050863675180608e-05,0.14548947237929846,138.28985846029434,-4.0828412408429635,-7.630753788460055,-2.583668855521864,0.0,0.0,0.0,-0.02852793688453616,-0.05331817957576973,0.018052806291741007,0.0,0.0,0.0,0.0,0.0,0.0,0.0,0.0,0.5,0.0,0.0,1.0,0.0,0.0,0.0
14.600000000000001,67.62004506809757,114.88642795153481,40.07003707331623,0.17453292519943295,0.3490658503988659,0.5235987755982988,-0.33905327906744365,0.3771744437124813,-0.4163413436643758,-0.7546116593330032,6386253.896091804,0.7253571216620144,-0.0002767622083839799,-4.333717589311348e-11,1.1358100281742785e-07,8116.896091845197,0.0,1.2363891048852849,-0.5070060280614862,2.913541729612487,-0.10398254554326372,-0.3800108277412711,0.5737195567001036,0.1745950416608036,0.34903867230141244,0.5235718740942562,307.6104824915939,0.5186452925315335,35054.63874297318,235.45745859539423,0.4525252901273302,0.5349479990964903,0.9707804545990331,139.20152337813718,5024.912574043908,9.739435297099863,-1.9040222506797977e-05,0.14744708481543256,139.20144102653757,-4.45266968620634,-7.565065509829826,-2.6385424808603224,0.0,0.0,0.0,-0.0311120301482885,-0.05285919747083976,0.018436223433857955,0.0,0.0,0.0,0.0,0.0,0.0,0.0,0.0,0.5,0.0,0.0,1.0,0.0,0.0,0.0
14.700000000000001,72.62516904293722,112.66218845663123,40.795148933619764,0.17453292519943295,0.3490658503988659,0.5235987755982988,-0.31514931620510495,0.376284440761109,-0.43849479939895536,-0.7528700114477963,6386239.930551585,0.74019816738698,-0.00027850254212797925,-4.3609783715708735e-11,1.1590516100810593e-07,8102.930551627651,0.0,1.224610632260889,-0.5447237649339626,2.9717838987673506,-0.13196519575381732,-0.3740809940632399,0.5916062252046498,0.17459441520659685,0.34903498846671754,0.5235745386991946,307.66963440496846,0.5194934811706562,35125.421272539745,235.54800299739622,0.45539820136625564,0.5117981952320256,0.9341356509493062,140.11219812303608,5099.199452365542,9.739478116663506,-1.9756906986856393e-05,0.1494172856740974,140.1121205686469,-4.8213974550252345,-7.479351798564937,-2.7082846048818627,0.0,0.0,0.0,-0.03368843268170404,-0.05226029214955442,0.018923530873681215,0.0,0.0,0.0,0.0,0.0,0.0,0.0,0.0,0.5,0.0,0.0,1.0,0.0,0.0,0.0
14.8,77.5059031972817,110.17192791529088,41.73813977193046,0.17453292519943295,0.3490658503988659,0.5235987755982988,-0.2909082828280148,0.37499184257332874,-0.4601792822462712,-0.7503233478331549,6386225.873699318,0.7552375729967842,-0.0002805194705676697,-4.3925704496522115e-11,1.182603916679695e-07,8088.87369936239,0.0,1.2099349421245333,-0.5817708692415281,3.0319510391654227,-0.16176904569837922,-0.3666189655236843,0.612117322280337,0.17459350348697109,0.3490313920218904,0.5235772401321503,307.72914140114574,0.5203502607765431,35196.998737233385,235.63914054671974,0.458266449356275,0.49398593004542374,0.8966528373999956,141.0219415408272,5174.152771332397,9.739521216481933,-1.9906007993360692e-05,0.15139902530982377,141.02186318082587,-5.187375546557403,-7.373656315765127,-2.793480115270546,0.0,0.0,0.0,-0.03624562246217101,-0.05152176868404955,0.01951881538264057,0.0,0.0,0.0,0.0,0.0,0.0,0.0,0.0,0.5,0.0,0.0,1.0,0.0,0.0,0.0
14.9,82.24029531310313,107.42642881376636,42.89913489423594,0.17453292519943295,0.3490658503988659,0.5235987755982988,-0.26635762586110034,0.3732999524348406,-0.48137390963289406,-0.7469782285106722,6386211.7260651635,0.7704757435176702,-0.00028312928794158905,-4.433446620712517e-11,1.206467584659056e-07,8074.726065210377,0.0,1.1921867315327646,-0.61799079839728,3.0943014904125685,-0.19353297023448832,-0.35748874681112974,0.6353547460208471,0.1745923117491545,0.3490278978809084,0.5235799667014435,307.789024308324,0.5212133808816696,35269.126508151945,235.73086698051176,0.46112998822756335,0.4808045478076133,0.8585497377218725,141.9307497058506,5249.750227495101,9.73956459493379,-1.9067759309265846e-05,0.15339222680895404,141.93066193281123,-5.54890248971247,-7.2482412092612485,-2.894480728785888,0.0,0.0,0.0,-0.03877171084229564,-0.05064545877346108,0.020224534502659597,0.0,0.0,0.0,0.0,0.0,0.0,0.0,0.0,0.5,0.0,0.0,1.0,0.0,0.0,0.0
15.0,86.80629436750566,104.4364291651185,44.27831804092849,0.17453292519943295,0.3490658503988659,0.5235987755982988,-0.2415234236067762,0.3712106045649553,-0.5020562263723634,-0.7428382757891137,6386197.487742597,0.7859127834288728,-0.0002846286639867865,-4.456934890176647e-11,1.2306427806802363e-07,8060.487742645666,0.0,1.1711648541767052,-0.6532094592976301,-3.1240740983824757,-0.22736377229329502,-0.34652864613793116,0.6613942688561404,0.17459084504803685,0.3490245208720535,0.5235827068362294,307.8492910737318,0.5220820337134315,35341.716628675094,235.8231813942157,0.46398877344747724,0.4716805466362213,0.8200058647579326,142.83861497197623,5325.985912568746,9.739608251737993,-2.017650217922551e-05,0.15539793830452453,142.83853551320277,-5.904257979419046,-7.1033975673428005,-3.011655024710605,0.0,0.0,0.0,-0.041254677576468626,-0.0496333963318848,0.021043263598758404,0.0,0.0,0.0,0.0,0.0,0.0,0.0,0.0,0.5,0.0,0.0,1.0,0.0,0.0,0.0
15.100000000000001,91.18133109755826,101.21284289631548,45.87592377567189,0.17453292519943295,0.3490658503988659,0.5235987755982988,-0.21643086362818925,0.3687240847428181,-0.5222015666920851,-0.7379040143975198,6386183.158391122,0.801552157989589,-0.0002870953969339877,-4.49557098221855e-11,1.25513493462806e-07,8046.158391172066,0.0,1.146642794722193,-0.6872288119563817,-3.056509975194506,-0.26331303898573977,-0.33354930030937097,0.6902619370221794,0.17458910834200744,0.34902127602132654,0.5235854488668417,307.90993222460304,0.5229572947693477,35414.88602947371,235.91608638677303,0.46684276451402984,0.4661478027312044,0.7811739740053766,143.74552453594967,5402.875728524899,9.739652187945543,-1.953320233797724e-05,0.15741464869432542,143.7454371406436,-6.251680133485879,-6.939458112672441,-3.1453975043288405,0.0,0.0,0.0,-0.04368221190828651,-0.04848790618425523,0.02197775916012455,0.0,0.0,0.0,0.0,0.0,0.0,0.0,0.0,0.5,0.0,0.0,1.0,0.0,0.0,0.0
15.200000000000001,95.34527036198789,97.77002119025039,47.689092576643425,0.17453292519943295,0.3490658503988659,0.5235987755982988,-0.19110795404921938,0.365844977131272,-0.541791051492624,-0.7321845649900283,6386168.7385418145,0.8173932465996803,-0.0002892744555653578,-4.529702665764551e-11,1.2799430772664583e-07,8031.738541867274,0.0,1.1184280239009146,-0.719843868097669,-2.985925990572693,-0.30131353299584046,-0.31836757122294346,0.7218603254113292,0.17458711032306745,0.349018176531637,0.5235881810937066,307.970926374303,0.5238409812105302,35488.83400809502,236.00957920116437,0.46969197982313265,0.4637858137055907,0.7421890529615861,144.65147469404505,5480.438272537525,9.739696401932273,-1.951540729342818e-05,0.15944336716342633,144.65138531377988,-6.589488516990622,-6.757053999242543,-3.2958814614299325,0.0,0.0,0.0,-0.0460425721758586,-0.047213398377448236,0.02302923203821982,0.0,0.0,0.0,0.0,0.0,0.0,0.0,0.0,0.5,0.0,0.0,1.0,0.0,0.0,0.0
15.3,99.27786637144844,94.12228533865272,49.71501736794133,0.17453292519943295,0.3490658503988659,0.5235987755982988,-0.1655815563059712,0.3625763418118939,-0.5608038964421138,-0.7256859999467973,6386154.228290732,0.8334371054078369,-0.000290953227285237,-4.5560006364442096e-11,1.3050688655712335e-07,8017.228290786035,0.0,1.0863244773437262,-0.7508252403533864,-2.91205956945094,-0.3411692367913144,-0.30078588061752876,0.7559690460481803,0.17458485946674476,0.3490152355554899,0.5235908919232999,308.0323029121521,0.5247302077112805,35563.24558577971,236.1036581462653,0.4725363413421393,0.4642605219005804,0.7031682331973478,145.55645743330194,5558.646102135702,9.739740893409271,-2.030503263839023e-05,0.16148395901454649,145.55637312727194,-6.915915970357628,-6.556766781274742,-3.463258177760695,0.0,0.0,0.0,-0.04832341074824237,-0.04581393639107302,0.024198739280298875,0.0,0.0,0.0,0.0,0.0,0.0,0.0,0.0,0.5,0.0,0.0,1.0,0.0,0.0,0.0
15.4,102.95838317916981,90.28421376317254,51.95087842652942,0.17453292519943295,0.3490658503988659,0.5235987755982988,-0.13987800708454168,0.3589197810015001,-0.5792169214820517,-0.718411474701358,6386139.627301164,0.849686857988331,-0.00029369248828690594,-4.59890490086715e-11,1.3305171945754494e-07,8002.627301220472,0.0,1.0501443335863134,-0.7799136036138778,-2.8346609988520775,-0.38250257613039335,-0.2805993608312017,0.7921914385327585,0.1745823641966242,0.3490124664513895,0.5235935696424204,308.09406326238224,0.5256249949059463,35638.122489235655,236.19832540516165,0.47537579147367764,0.46730545454928846,0.6642172294033313,146.46045973416113,5637.504239939775,9.739785663416091,-1.9207226491217238e-05,0.1635354711066436,146.46036355368915,-7.22916665463938,-6.339244313344751,-3.6477035427388995,0.0,0.0,0.0,-0.05051217960382063,-0.04429404696358352,0.025487509874194677,0.0,0.0,0.0,0.0,0.0,0.0,0.0,0.0,0.5,0.0,0.0,1.0,0.0,0.0,0.0
15.5,106.36940960333942,86.2732472723474,54.3908486891905,0.17453292519943295,0.3490658503988659,0.5235987755982988,-0.11402557980694528,0.3548810973102208,-0.5970134225391149,-0.7103725462246492,6386124.936105178,0.8661413259474969,-0.00029538542227254,-4.62542504651278e-11,1.3562862216691653e-07,7987.936105236721,0.0,1.0097887621009767,-0.8068498479203793,-2.753566485578668,-0.4246847410966852,-0.2576512871189447,0.8298757008332645,0.1745796363170237,0.3490098802048567,0.5235962029921388,308.15617097151113,0.5265286327619203,35713.8253725955,236.29357875706583,0.4782103738278251,0.47267706268585435,0.6254316355897818,147.36347828211828,5717.047579727594,9.739830710325533,-2.0063696475336457e-05,0.16559936863723124,147.36338799277667,-7.527637300971202,-6.105443676052774,-3.849177557235205,0.0,0.0,0.0,-0.05259767626121281,-0.042660417480882215,0.026895264334967698,0.0,0.0,0.0,0.0,0.0,0.0,0.0,0.0,0.5,0.0,0.0,1.0,0.0,0.0,0.0
15.600000000000001,109.49341370939909,82.10681300650138,57.029145601932285,0.17453292519943295,0.3490658503988659,0.5235987755982988,-0.0880516764662695,0.35046454748323874,-0.614174470868732,-0.7015776790677245,6386110.154801444,0.8828026191889125,-0.0002974917641674409,-4.658418927267747e-11,1.3823792540207989e-07,7973.154801505618,0.0,0.9652154426726931,-0.8313519074595668,-2.6686734628063378,-0.46681757934081586,-0.23181909563910932,0.8681062274240666,0.17457668739925047,0.34900748779002244,0.5235987807996211,308.21865212083026,0.5274385410729255,35790.07219962703,236.38941661012439,0.48104001337297025,0.4801845554571976,0.586899841953505,148.26550453800306,5797.251016377016,9.73987603384074,-2.01044292132526e-05,0.1676743581375604,148.26541227677245,-7.809616479069062,-5.856267497525026,-4.067603157045852,0.0,0.0,0.0,-0.054567942485394545,-0.04091935485442999,0.028421464193789183,0.0,0.0,0.0,0.0,0.0,0.0,0.0,0.0,0.5,0.0,0.0,1.0,0.0,0.0,0.0
15.700000000000001,112.31242127976017,77.80266712342471,59.8599101580646,0.17453292519943295,0.3490658503988659,0.5235987755982988,-0.06198353376651093,0.345673052519792,-0.6306786266008935,-0.69203266460956,6386095.283057013,0.8996729161693856,-0.00030010428291058096,-4.699339261770243e-11,1.4087997068932658e-07,7958.283057075304,0.0,0.9164671849660182,-0.8531146209024295,-2.579967614743372,-0.5076904518293541,-0.20303988432418674,0.9056598473947597,0.17457352901100393,0.34900530038690586,0.5236012917556118,308.28151556652426,0.5283540167374849,35866.78554953601,236.485840855466,0.483864640954092,0.48967869469663494,0.5487069667297172,149.16652541184956,5878.111840071771,9.739921634989917,-1.9321405208660978e-05,0.169760636625945,149.16642406055726,-8.07335736115359,-5.592680498375901,-4.3029145355402125,0.0,0.0,0.0,-0.056410772709286836,-0.039077599853013865,0.030065649641596196,0.0,0.0,0.0,0.0,0.0,0.0,0.0,0.0,0.5,0.0,0.0,1.0,0.0,0.0,0.0
15.8,114.81256471078476,73.38071538762772,62.8744909697199,0.17453292519943295,0.3490658503988659,0.5235987755982988,-0.03584939859485943,0.3405135483911176,-0.6465114827778456,-0.6817513264927629,6386080.321405083,0.916751356861138,-0.0003016201277973382,-4.723086974102852e-11,1.4355462362687805e-07,7943.321405148755,0.0,0.8637619667140616,-0.8718593629021838,-2.4876077575616065,-0.5458188237979651,-0.17138448284449423,0.9410360917433905,0.17457017561626856,0.3490033263423963,0.5236037254738573,308.34474015885155,0.5292768720822323,35944.16474861256,236.5828487163035,0.4866842778343262,0.5010186534663958,0.5109310383554001,150.06653775963935,5959.649603098431,9.739967512142377,-2.0455635506936666e-05,0.17185911062914272,150.0664447631782,-8.3173726864068,-5.315912318479032,-4.554823332611045,0.0,0.0,0.0,-0.05811577503170041,-0.037143744309290676,0.03182580582685419,0.0,0.0,0.0,0.0,0.0,0.0,0.0,0.0,0.5,0.0,0.0,1.0,0.0,0.0,0.0
15.9,116.9798490873556,68.86086676852467,66.06427173105183,0.17453292519943295,0.3490658503988659,0.5235987755982988,-0.00967697672707312,0.3349914719195959,-0.6616561704578126,-0.6707444888228709,6386065.269946854,0.9340404555604457,-0.0003041790416507243,-4.7631683797878324e-11,1.4626227826954427e-07,7928.269946922548,0.0,0.8074566305336459,-0.8873074192225554,-2.3918947278915716,-0.5795064960265763,-0.13704354946297054,0.9725280351349874,0.17456664144011752,0.3490015740335047,0.5236060716284734,308.4083206764251,0.5302075689670109,36022.26053896379,236.68043970910242,0.48949889669249763,0.5140963803422834,0.4736487217052374,150.96553270189608,6041.872206777465,9.740013664993597,-1.9693987360014376e-05,0.17396817421093402,150.96543055104758,-8.540130618373306,-5.0271974300330005,-4.82303160922674,0.0,0.0,0.0,-0.05967224608918346,-0.035126413820703334,0.033699850967444316,0.0,0.0,0.0,0.0,0.0,0.0,0.0,0.0,0.5,0.0,0.0,1.0,0.0,0.0,0.0
16.0,118.79990203845836,64.26341926531475,69.42049797893672,0.17453292519943295,0.3490658503988659,0.5235987755982988,0.016505872440114075,0.32911103216858256,-0.676093206455803,-0.6590205180586794,6386050.128353203,0.9515413962630248,-0.0003063127798590692,-4.796592161490415e-11,1.4900312043783635e-07,7913.128353274117,0.0,0.748070366902271,-0.8991890150222034,-2.29329338780464,-0.6069478803137751,-0.10035317247208665,0.9983239730155715,0.17456294075231382,0.34900005203320666,0.5236083197471991,308.47228194493374,0.5311438393155304,36100.82400473435,236.77861512403575,0.49230840309345614,0.5288301121227684,0.4369380787083507,151.86349709916604,6124.759267674333,9.740060094560203,-1.981876195304248e-05,0.17608910131493852,151.86339407779573,-8.740001727085415,-4.727791869930792,-5.107207959564589,0.0,0.0,0.0,-0.061068800605519266,-0.033034384663157286,0.035685469439555716,0.0,0.0,0.0,0.0,0.0,0.0,0.0,0.0,0.5,0.0,0.0,1.0,0.0,0.0,0.0
16.1,120.26309539356836,59.60999549544858,72.93196069919647,0.17453292519943295,0.3490658503988659,0.5235987755982988,0.04267119847608942,0.32288021241858567,-0.6898105791511323,-0.646595332934619,6386034.89715856,0.9692543594322413,-0.0003080615910928158,-4.823988532260085e-11,1.5177717866838966e-07,7897.897158633918,0.0,0.6863249771658956,-0.907311115335256,-2.1924701042953227,-0.6265249769433405,-0.06183229814656286,1.0167967661212114,0.17455909012186954,0.34899876573044275,0.5236104607144537,308.5366157694373,0.5320862328695746,36179.91628604461,236.87737171017352,0.4951127980828066,0.545137819956026,0.40087079146336746,152.76042772274184,6208.316296030387,9.740106799207737,-2.0540051250369162e-05,0.17822150843601753,152.76032894419092,-8.91569336429557,-4.419171816593965,-5.406809191014819,0.0,0.0,0.0,-0.06229640649117875,-0.0308779713020839,0.03777886580673281,0.0,0.0,0.0,0.0,0.0,0.0,0.0,0.0,0.5,0.0,0.0,1.0,0.0,0.0,0.0
16.2,121.35967075723904,54.922237998657955,76.58747567242874,0.17453292519943295,0.3490658503988659,0.5235987755982988,0.06879124587744642,0.3163056046542846,-0.7027936842483397,-0.6334820678886821,6386019.576466553,0.9871813789704447,-0.00031086557421880154,-4.867908256410369e-11,1.545847718050144e-07,7882.576466629282,0.0,0.6230723887792319,-0.9115222582230582,-2.0902230797746,-0.6369527789611749,-0.02212777854947523,1.02665712507712,0.174555105884945,0.3489977205850287,0.5236124854452792,308.60129032884953,0.5330378236693278,36259.87467109895,236.97670992793346,0.4979120971876749,0.5629584156105658,0.3655206568509895,153.65631566246,6292.581694295967,9.740153778624302,-1.937938867513367e-05,0.1803644760216372,153.65620427344726,-9.065934177370943,-4.10285716385757,-5.7213158945210845,0.0,0.0,0.0,-0.06334618045496156,-0.028667793654555598,0.039976410814762026,0.0,0.0,0.0,0.0,0.0,0.0,0.0,0.0,0.5,0.0,0.0,1.0,0.0,0.0,0.0
16.3,122.07957131104088,50.22222479005641,80.37566288513608,0.17453292519943295,0.3490658503988659,0.5235987755982988,0.09483781750183991,0.3093926456497268,-0.7150251600031978,-0.6196915443120447,6386004.165952034,1.0053231806465524,-0.00031251315785205456,-4.8937199186922165e-11,1.5742601393027394e-07,7867.165952113457,0.0,0.5592681341976639,-0.9117219783817351,-1.9874543766563448,-0.6374574564101926,0.01801292310582693,1.0271314499736681,0.17455100446670077,0.34899692223401996,0.5236143847060782,308.6663440637804,0.5339949934778643,36340.30183804212,237.07663054811835,0.5007061831952405,0.5822478245204834,0.33096580373019235,154.55114759984008,6377.5185938384875,9.740201033814497,-2.037737061755249e-05,0.18251965420546415,154.55104320147433,-9.189295217603737,-3.7803684044597956,-6.050123448586424,0.0,0.0,0.0,-0.06420813803846175,-0.02641447582234603,0.04227387980662468,0.0,0.0,0.0,0.0,0.0,0.0,0.0,0.0,0.5,0.0,0.0,1.0,0.0,0.0,0.0
16.400000000000002,122.41794754842672,45.532451717364715,84.28313832586554,0.17453292519943295,0.3490658503988659,0.5235987755982988,0.12078351011282006,0.30215029467232213,-0.726495498665258,-0.6052416339434777,6385988.666150652,1.0236809874500545,-0.00031471485889376867,-4.9282088546312405e-11,1.6030109684032705e-07,7851.6661507335175,0.0,0.4959117552236993,-0.9079251238931253,-1.88510985711864,-0.628049260729747,0.05779999705378092,1.018227406200754,0.1745468039072141,0.34899637290299995,0.5236161510001864,308.7317747130567,0.5349577090253533,36421.19499134277,237.1771300976328,0.5034950473596359,0.6029560130223596,0.29727733379503524,155.44492011558867,6463.125624098756,9.74024856314012,-2.0299123221434514e-05,0.18468550737903425,155.44481249032302,-9.284763268588675,-3.453390466821175,-6.3924438158645165,0.0,0.0,0.0,-0.06487519961943707,-0.02412979086465601,0.04466576654821749,0.0,0.0,0.0,0.0,0.0,0.0,0.0,0.0,0.5,0.0,0.0,1.0,0.0,0.0,0.0
16.5,122.36981982201272,40.875450635846086,88.296532009575,0.17453292519943295,0.3490658503988659,0.5235987755982988,0.14660079346340885,0.29458624834989083,-0.7371925350843123,-0.5901476811398292,6385973.0771684125,1.042255790867726,-0.000317331739317289,-4.969199454533122e-11,1.6321017615844076e-07,7836.077168497257,0.0,0.4339642236128553,-0.9002050722329031,-1.7840971331032283,-0.6093845243718377,0.09648023024927382,1.0006033258877807,0.17454252202985168,0.3489960749251224,0.5236177768309849,308.79754259851353,0.5359298344082672,36502.9786472381,237.27820930752384,0.5062787196421812,0.6250462769806617,0.26453063662478343,156.33762449542735,6549.451884709616,9.740296366282056,-1.9572649964771927e-05,0.18686234665669588,156.33750808481764,-9.35137542752546,-3.1236597816443044,-6.747529913593315,0.0,0.0,0.0,-0.06534063713066857,-0.021825871701323933,0.04714685096640367,0.0,0.0,0.0,0.0,0.0,0.0,0.0,0.0,0.5,0.0,0.0,1.0,0.0,0.0,0.0
16.6,121.93000083497402,36.274220894977525,92.4022261690648,0.17453292519943295,0.3490658503988659,0.5235987755982988,0.17226140601913098,0.286707091744982,-0.7471011438983931,-0.5744228039133169,6385957.398684355,1.061048800959121,-0.0003188554227157802,-4.993071560450837e-11,1.6615344182012748e-07,7820.398684443595,0.0,0.3743055075096487,-0.8886889181397085,-1.6852416316222714,-0.5826655026699804,0.1333825146466055,0.9754681564798617,0.1745381767851241,0.34899603078572067,0.5236192545577669,308.86368335877626,0.5369080069694576,36585.283012086664,237.37986901934312,0.5090570854190293,0.6484925679631774,0.23280733150139288,157.22924703159453,6636.462239231257,9.740344444232226,-2.0747964012931174e-05,0.18905110883043602,157.2291391667107,-9.388008645927432,-2.7929280111991144,-7.114524202139,0.0,0.0,0.0,-0.06559660352289426,-0.019514957679346613,0.049711141195444015,0.0,0.0,0.0,0.0,0.0,0.0,0.0,0.0,0.5,0.0,0.0,1.0,0.0,0.0,0.0
16.7,121.0987748321132,31.751225047956044,96.58514776218327,0.17453292519943295,0.3490658503988659,0.5235987755982988,0.19773874214420412,0.27852269963948995,-0.7562144511730962,-0.5580867066756997,6385941.631235215,1.0800615167913863,-0.0003215031840004326,-5.034546235667731e-11,1.6913112886281417e-07,7804.6312353070825,0.0,0.31764854103270207,-0.8735992308101045,-1.5892024511508827,-0.5495519667975821,0.16799170992004991,0.9444854754567621,0.17453378699548575,0.34899623946231006,0.5236205785885375,308.9301994243425,0.5378917300164381,36668.05440006149,237.48210558314975,0.5118301283126809,0.6732585259286364,0.20218031074613574,158.11978420232114,6724.149646070816,9.740392795349086,-1.9878020367514155e-05,0.1912500820972269,158.11966604262727,-9.393998486101676,-2.4630308262240437,-7.49241155489209,0.0,0.0,0.0,-0.06563845618685042,-0.01720987513604109,0.05235154426597311,0.0,0.0,0.0,0.0,0.0,0.0,0.0,0.0,0.5,0.0,0.0,1.0,0.0,0.0,0.0
16.8,119.87629832242537,27.328977800608193,100.83022620804955,0.17453292519943295,0.3490658503988659,0.5235987755982988,0.22300577670890354,0.27004179254298705,-0.7645228496820109,-0.541156782778333,6385925.774929422,1.0992939300636364,-0.0003236033264832817,-5.067445784504963e-11,1.7214323636196274e-07,7788.774929516949,0.0,0.2645431695389913,-0.8551842593154216,-1.4964745264553878,-0.5118091620879142,0.19994530272047878,0.9094288784937327,0.1745293712894547,0.34899670007126204,0.5236217433024762,308.9970587734265,0.5388841272057592,36751.63648733084,237.58491943947084,0.5145978676160633,0.6993155082508552,0.17272799756326995,159.00922754444065,6812.55547266665,9.740441419306169,-2.0124746558991546e-05,0.19346063192895713,159.00910944250717,-9.368731070009472,-2.135850430945947,-7.8802172430337745,0.0,0.0,0.0,-0.06546190578751017,-0.014923775551031502,0.055061249479121666,0.0,0.0,0.0,0.0,0.0,0.0,0.0,0.0,0.5,0.0,0.0,1.0,0.0,0.0,0.0
16.900000000000002,118.262620498029,23.030476995755205,105.12209890641745,0.17453292519943295,0.3490658503988659,0.5235987755982988,0.24803444083615384,0.2612720272218688,-0.7720135547522214,-0.5236482942299249,6385909.829450369,1.1187484110832033,-0.0003254144241567833,-5.095819278084438e-11,1.751901359584846e-07,7772.82945046698,0.0,0.21538459945190966,-0.8337068891989792,-1.407395492165464,-0.4711417585618788,0.22902245399120613,0.872016433291952,0.17452494845504343,0.3489974118517678,0.5236227429442136,309.0642810324563,0.5398834042854228,36835.831453901934,237.688311978509,0.5173602128795708,0.7266403986689836,0.1445360706586465,159.89756282374393,6901.662882482927,9.7404903170822,-2.079167657124497e-05,0.19568231284853257,159.89744825498659,-9.31148409157949,-1.8133123061262602,-8.276867662539766,0.0,0.0,0.0,-0.0650619053733026,-0.012670112789015087,0.057832755267712026,0.0,0.0,0.0,0.0,0.0,0.0,0.0,0.0,0.5,0.0,0.0,1.0,0.0,0.0,0.0
17.0,116.26330954108498,18.877219592484458,109.44457525341494,0.17453292519943295,0.3490658503988659,0.5235987755982988,0.2727991873733125,0.25222412195318283,-0.7786824435567669,-0.5055826347117794,6385893.795335729,1.1384258334230453,-0.0003282635588937169,-5.1404481413125806e-11,1.7827196475048599e-07,7756.795335830189,0.0,0.1703674256570239,-0.8094728501820164,-1.3221040439132508,-0.42908078400875965,0.2551675268989643,0.8337893628849911,0.1745205373786827,0.34899837057188426,0.5236235740398502,309.13187695754897,0.5408882360122736,36920.49443214242,237.79227924210343,0.5201171342989666,0.7551961054508807,0.11767876067398081,160.78478656097832,6991.454215735906,9.740539487032743,-1.9613301461163243e-05,0.19791424021801635,160.784659005449,-9.221991590922178,-1.4973317955586072,-8.681142375322004,0.0,0.0,0.0,-0.06443659660918714,-0.010462269884901485,0.06065753409449895,0.0,0.0,0.0,0.0,0.0,0.0,0.0,0.0,0.5,0.0,0.0,1.0,0.0,0.0,0.0
17.1,113.88381092845064,14.890771280018406,113.7814543535656,0.17453292519943295,0.3490658503988659,0.5235987755982988,0.29727376089662405,0.24290771751041818,-0.784522524468792,-0.48697903988081676,6385877.67269649,1.15832581365499,-0.0003298913838880334,-5.165952133698305e-11,1.8138866308190094e-07,7740.67269659508,0.0,0.1295667678677041,-0.7827735278552779,-1.2406168781228515,-0.386856811981708,0.2784196091130762,0.7959931972930122,0.17451615677999427,0.34899957216476535,0.52362423306023,309.1998199064912,0.541901224718529,37005.91216483524,237.89682146085758,0.5228686436138625,0.7849485710195259,0.09223618501632307,161.67089044015762,7081.965348743637,9.740588928823561,-2.070086189576159e-05,0.2001580388134414,161.67077055004063,-9.100048015518352,-1.1898682747928366,-9.091869067706858,0.0,0.0,0.0,-0.06358454324306684,-0.008313937535615181,0.06352739468078279,0.0,0.0,0.0,0.0,0.0,0.0,0.0,0.0,0.5,0.0,0.0,1.0,0.0,0.0,0.0
17.2,111.129569553802,11.093178243782722,118.11620916931786,0.17453292519943295,0.3490658503988659,0.5235987755982988,0.32143053975575525,0.23333147815089272,-0.7895234801231562,-0.4678547879182334,6385861.461220443,1.1784517752532984,-0.00033218583418807406,-5.201895409305159e-11,1.845407675338125e-07,7724.4612205522135,0.0,0.09296979632959208,-0.7538826251546186,-1.1628585341659392,-0.3454063363264908,0.2988820707112975,0.7595848201158169,0.1745118255662885,0.34900101265311456,0.5236247163548979,309.2681180514044,0.5429217065106754,37092.011039533565,238.0019404102711,0.5256146676728072,0.8158646602263538,0.06829579371093797,162.55585969260878,7173.193362507738,9.740638643420045,-2.050882474691201e-05,0.20241214405943228,162.55573535224204,-8.945383019248995,-0.8929397995671097,-9.507787171009893,0.0,0.0,0.0,-0.0625038562921071,-0.006239216452727278,0.06643352908578239,0.0,0.0,0.0,0.0,0.0,0.0,0.0,0.0,0.5,0.0,0.0,1.0,0.0,0.0,0.0
17.3,108.01137069140283,7.504052555784275,122.43216667891967,0.17453292519943295,0.3490658503988659,0.5235987755982988,0.3452452979588807,0.22350686979877704,-0.7936840101249624,-0.4482327706873179,6385845.161446113,1.198803459650097,-0.00033479393742599263,-5.242750630318541e-11,1.8772823792460863e-07,7708.161446225519,0.0,0.060444607963781094,-0.7230807635845239,-1.0886371975270221,-0.30537480491074925,0.3167338146384455,0.7252263889177836,0.17450756196600276,0.34900268475645413,0.5236250227012526,309.33678819261013,0.5439477465129865,37178.57886492184,238.10763190612056,0.5283551671791232,0.8478944351589929,0.04592983573877704,163.43969104334877,7265.112112165182,9.740688629175144,-1.985963479474627e-05,0.20467697517627903,163.43955843229838,-8.758175161136641,-0.6084650251909787,-9.927510374339628,0.0,0.0,0.0,-0.06119578339740504,-0.004251512809621781,0.06936625077326437,0.0,0.0,0.0,0.0,0.0,0.0,0.0,0.0,0.5,0.0,0.0,1.0,0.0,0.0,0.0
17.400000000000002,104.5398854969383,4.14309214175643,126.7126291848308,0.17453292519943295,0.3490658503988659,0.5235987755982988,0.368692786895616,0.21344433931452936,-0.7969997474321169,-0.42813383829129137,6385828.773487238,1.2193810724068923,-0.0003363403138902386,-5.266979836456848e-11,1.9095110684293928e-07,7691.773487354629,0.0,0.03182776258744307,-0.6906189838462045,-1.0177254606792414,-0.2671672597888279,0.33216482098992295,0.6933447812723093,0.17450338407201332,0.34900458138105583,0.5236251507972071,309.40580681279556,0.5449816460768551,37265.86959116159,238.21389604903038,0.5310901489917348,0.8809870482258271,0.02521586731804717,164.3223760391155,7357.754495417734,9.740738885746241,-2.1056232263561014e-05,0.20695331110815118,164.3222519597696,-8.53867201325645,-0.33840198648576514,-10.349710786495407,0.0,0.0,0.0,-0.05966205441327481,-0.0023645079351834832,0.07231628140147427,0.0,0.0,0.0,0.0,0.0,0.0,0.0,0.0,0.5,0.0,0.0,1.0,0.0,0.0,0.0
17.5,100.72589329944569,1.0304531747534875,130.9405513267559,0.17453292519943295,0.3490658503988659,0.5235987755982988,0.39174610064255105,0.20315349814531103,-0.7994629903942071,-0.40757716515039644,6385812.2970359335,1.2401882558250383,-0.0003390817144026327,-5.309922976702537e-11,1.942099451582602e-07,7675.297036053302,0.0,0.006942294864772151,-0.6567227200116764,-0.9498765537011589,-0.2310074706907205,0.3453628613779542,0.6641913673218816,0.1744993101893535,0.34900669548483215,0.5236250992363134,309.47517514346623,0.5460234311569088,37353.885578306035,238.32073483779254,0.5338195508777602,0.9150886212367546,0.006237814437355034,165.20389960980157,7451.126575769582,9.74078941408564,-2.006893531595706e-05,0.20923951101216198,165.20376400516858,-8.287089838321835,-0.08477357092171767,-10.772978809690938,0.0,0.0,0.0,-0.05790418042689193,-0.0005923363016270977,0.07527377172222732,0.0,0.0,0.0,0.0,0.0,0.0,0.0,0.0,0.5,0.0,0.0,1.0,0.0,0.0,0.0
17.6,96.58510968669056,-1.8170038002652085,135.0994509699462,0.17453292519943295,0.3490658503988659,0.5235987755982988,0.41438257850536864,0.1926464404805199,-0.8010752666253292,-0.38658690308416244,6385795.732631593,1.261223740675392,-0.0003411510203048022,-5.3423415752535564e-11,1.9750455442952775e-07,7658.732631717187,0.0,-0.014438254132761612,-0.6216118117604696,-0.8847981080796768,-0.19695533681803595,0.35653238343985943,0.6378493049050142,0.1744953571902854,0.3490090170167989,0.5236248690946962,309.54491376960215,0.5470707773955952,37442.371404072765,238.4281439432772,0.5365433276007417,0.9501273139788121,-0.010940199595283162,166.08425868461768,7545.196128417423,9.740840212543594,-2.0435692701899615e-05,0.2115370362594931,166.08412402660272,-8.00408080406938,0.1505818230779232,-11.195812658568556,0.0,0.0,0.0,-0.055926718313953974,0.0010521566946449414,0.07822822834737293,0.0,0.0,0.0,0.0,0.0,0.0,0.0,0.0,0.5,0.0,0.0,1.0,0.0,0.0,0.0
17.7,92.1331491069885,-4.382316109427928,139.17280606766667,0.17453292519943295,0.3490658503988659,0.5235987755982988,0.4365781980902952,0.18193431209766386,-0.8018348389539743,-0.36518530280027345,6385779.080390822,1.2824889357945495,-0.0003430185799314962,-5.371601109484293e-11,2.0083515568722765e-07,7642.080390951596,0.0,-0.03252305657805133,-0.5854793035412393,-0.8222093754778379,-0.16497789462701506,0.3658538349794669,0.6143143320836166,0.1744915418482017,0.3490115361287214,0.5236244613468627,309.61500006684395,0.5481259067199159,37531.57259971626,238.53612341626592,0.5392614843880345,0.9860277004098356,-0.026250173806872997,166.96344452484766,7639.995892992053,9.740891280768762,-2.1060128958083624e-05,0.213845225199222,166.96331280658134,-7.690372386305213,0.3657928022938781,-11.61678196264118,0.0,0.0,0.0,-0.05373475114839352,0.0025558951134976885,0.08116965688414146,0.0,0.0,0.0,0.0,0.0,0.0,0.0,0.0,0.5,0.0,0.0,1.0,0.0,0.0,0.0
17.8,87.38583984057128,-6.648103876672014,143.14373892679868,0.17453292519943295,0.3490658503988659,0.5235987755982988,0.4583070480401538,0.17102759602358142,-0.8017367495169152,-0.34339328441863803,6385762.340009996,1.303986800440418,-0.0003459249353111535,-5.417128244157339e-11,2.0420221285908762e-07,7625.340010128294,0.0,-0.047500390796972033,-0.5484977588850416,-0.761842946439329,-0.13498288411678183,0.3734834574816992,0.5935288622307714,0.17448788116684266,0.34901424298191336,0.5236238768842801,309.6854327949754,0.5491890919972249,37621.518796779084,238.64467531740002,0.5419739629401333,1.0227087972792697,-0.03961959795705322,167.84144188906558,7735.535379927324,9.740942619700554,-1.983995540655315e-05,0.21616335786999724,167.84129659803492,-7.346683905044083,0.5589227668553252,-12.034373248063755,0.0,0.0,0.0,-0.051333305017381266,0.003905347397952454,0.08408748227369982,0.0,0.0,0.0,0.0,0.0,0.0,0.0,0.0,0.5,0.0,0.0,1.0,0.0,0.0,0.0
17.900000000000002,82.36332789331296,-8.60103420939867,146.99664239017915,0.17453292519943295,0.3490658503988659,0.5235987755982988,0.4795482418129607,0.15993888107314633,-0.8007852955856789,-0.3212359928855849,6385745.512029483,1.3257157556559043,-0.0003475402459126106,-5.442438087846765e-11,2.0760547900682484e-07,7608.512029620198,0.0,-0.05957576268345847,-0.510832601270938,-0.7034194820769378,-0.1068165013798895,0.37957465657205963,0.5753683837887912,0.17448439001528068,0.34901712513996336,0.5236231190410067,309.75623408609516,0.5502578407498309,37711.93566763329,238.75379525294284,0.5446807155747936,1.0600733481294369,-0.051000626296487155,168.71824784992626,7831.778978786514,9.740994227686194,-2.1008138458474415e-05,0.21849305912506628,168.7181107878937,-6.974150342987338,0.7283008036953753,-12.447029261091055,0.0,0.0,0.0,-0.048730310357826,0.005088838417946646,0.0869708235549877,0.0,0.0,0.0,0.0,0.0,0.0,0.0,0.0,0.5,0.0,0.0,1.0,0.0,0.0,0.0
18.0,77.08567509320991,-10.227658390634296,150.71585448908235,0.17453292519943295,0.3490658503988659,0.5235987755982988,0.5002792057238636,0.14867991597500999,-0.7989814006766686,-0.29873688813037,6385728.596568747,1.34767821574499,-0.0003499080565432488,-5.479532229591742e-11,2.1104533262956397e-07,7591.596568889916,0.0,-0.0689232640593569,-0.47263064931726867,-0.6466837571921964,-0.0803113047425302,0.3842526867087038,0.5597001983057198,0.174481083206688,0.34902017037694616,0.523622191030424,309.82737999980515,0.5513345182288618,37803.084929639284,238.86348330445054,0.5473817496473932,1.098019943648285,-0.06034339018653289,169.5938533529611,7928.7624079112165,9.741046104365651,-2.0737380687307905e-05,0.22083259204433858,169.59371094237093,-6.57398488662609,0.8722304319746033,-12.853279787562496,0.0,0.0,0.0,-0.045934244038066695,0.006094514394345087,0.08980940793650874,0.0,0.0,0.0,0.0,0.0,0.0,0.0,0.0,0.5,0.0,0.0,1.0,0.0,0.0,0.0
18.1,71.57325518616601,-11.514168233246437,154.2853632556929,0.17453292519943295,0.3490658503988659,0.5235987755982988,0.520475294198385,0.1372619568801035,-0.7963229253541476,-0.2759184396974136,6385711.5933284145,1.3698759851419022,-0.0003525206911880413,-5.5204605792746896e-11,2.1452205683134882e-07,7574.593328561944,0.0,-0.07568801526648047,-0.4340260515562376,-0.5914002018170754,-0.055296125080685356,0.38761811679477914,0.5463937150552169,0.17447797579292743,0.3490233664329718,0.5236210960083548,309.8988712479716,0.5524191988981061,37894.9743223647,238.97374143321233,0.5500770035028664,1.1364414237826048,-0.067595726883418,170.46824310255394,8026.492478228382,9.741098250665448,-2.014416445443125e-05,0.22318259544021168,170.46809274082057,-6.14740727721778,0.9889526778478697,-13.251558023771599,0.0,0.0,0.0,-0.04295362872640102,0.006910084892160073,0.09259228772899164,0.0,0.0,0.0,0.0,0.0,0.0,0.0,0.0,0.5,0.0,0.0,1.0,0.0,0.0,0.0
18.2,65.84994720298491,-12.451409623835586,157.69110309938424,0.17453292519943295,0.3490658503988659,0.5235987755982988,0.540117564914738,0.1256979512966219,-0.7928168347325047,-0.2528065141722055,6385694.502849992,1.3923081740003773,-0.00035410094254234163,-5.5452220961106455e-11,2.180355125934311e-07,7557.50285014386,0.0,-0.08002189395678767,-0.39514702972833715,-0.5373335981048902,-0.03158444323171329,0.3897661385535211,0.5352958415453033,0.1744750800698299,0.34902669896341454,0.5236198394390191,309.97072929445585,0.5535094447107077,37987.33516964633,239.08456526053428,0.5527664303229551,1.1752196362807115,-0.07273421829197318,171.34141415598967,8124.9331822087825,9.741150664929297,-2.1341416079678766e-05,0.22554371569715193,171.341272124658,-5.696022414113422,1.0770509576604872,-13.640318911102183,0.0,0.0,0.0,-0.039799678296866946,0.007525651851019257,0.0953086671821034,0.0,0.0,0.0,0.0,0.0,0.0,0.0,0.0,0.5,0.0,0.0,1.0,0.0,0.0,0.0
18.3,59.93956568782424,-13.03010255821866,160.91894022998733,0.17453292519943295,0.3490658503988659,0.5235987755982988,0.5591851290108141,0.1140001563472644,-0.7884667602777491,-0.22942559218664232,6385677.325255674,1.4149773060252449,-0.0003569185616727988,-5.5893610574583716e-11,2.2158609556247314e-07,7540.325255830772,0.0,-0.08204612989455846,-0.3561111186903768,-0.48427056106120914,-0.009002486903077644,0.390768735347984,0.5262709736116994,0.1744724083250918,0.3490301538311225,0.5236184266517976,310.04292669679455,0.554607988157835,38080.47020925255,239.19595497979535,0.5554500440760715,1.2142341868484292,-0.07573493371199341,172.21335729920872,8224.126686024641,9.741203346788863,-2.0268645698706678e-05,0.22791424758782597,172.21320279256088,-5.221511935707681,1.1350905741556698,-14.01812237793693,0.0,0.0,0.0,-0.03648414282034786,0.007931190645820742,0.09794848411860406,0.0,0.0,0.0,0.0,0.0,0.0,0.0,0.0,0.5,0.0,0.0,1.0,0.0,0.0,0.0
18.400000000000002,53.8663242606216,-13.240679155979103,163.95440923413042,0.17453292519943295,0.3490658503988659,0.5235987755982988,0.5776548487031657,0.10218048340670612,-0.7832733873824539,-0.2057994574590462,6385660.060250446,1.437884204049915,-0.00035896050918478393,-5.6213532482209684e-11,2.2517393514262918e-07,7523.0602506082505,0.0,-0.08185487644178559,-0.31702993841974086,-0.4320138248550761,0.012610862879942805,0.3906778140993228,0.5192010068883024,0.17446997308174417,0.34903371682407464,0.5236168629465415,310.11547049734617,0.5557142576476869,38174.315666514296,239.30791229163978,0.5581277715962629,1.2533612386319912,-0.07657336225283773,173.08405710872793,8324.070309368406,9.741256297157436,-2.0752849145821953e-05,0.23029586953487546,173.08390441831875,-4.725574086029961,1.1615786593287791,-14.383402190194031,0.0,0.0,0.0,-0.03301888839587323,0.0081162701964169,0.10050079482934683,0.0,0.0,0.0,0.0,0.0,0.0,0.0,0.0,0.5,0.0,0.0,1.0,0.0,0.0,0.0
18.5,47.656963706857844,-13.0786602998779,166.78560740067033,0.17453292519943295,0.3490658503988659,0.5235987755982988,0.5955098798257599,0.0902521131335658,-0.7772462518263381,-0.1819544475020342,6385642.708377029,1.461029240032279,-0.00036089552360599165,-5.651671101868025e-11,2.287990899206386e-07,7505.708377196143,0.0,-0.07954743315785336,-0.27801037915290433,-0.38037062170860947,0.03341509798528839,0.3895419570500902,0.5139592512047962,0.17446778359207357,0.3490373722391796,0.5236151557080823,310.18837929915554,0.5568260932886369,38268.63330347529,239.42043291226204,0.5607995706711228,1.2924742184774312,-0.07525585489701676,173.9535105623203,8424.73095690177,9.741309514374992,-2.1314828750007544e-05,0.23268770828551288,173.95336004053058,-4.210247341746822,1.1554350144656018,-14.734698350478366,0.0,0.0,0.0,-0.0294181584216684,0.008073342856714233,0.10295539791019116,0.0,0.0,0.0,0.0,0.0,0.0,0.0,0.0,0.5,0.0,0.0,1.0,0.0,0.0,0.0
18.6,41.33818172807696,-12.539434424530505,169.4005519560088,0.17453292519943295,0.3490658503988659,0.5235987755982988,0.6127312512079279,0.07822770313553049,-0.770391710252342,-0.15791584840134004,6385625.269760241,1.4844141551024692,-0.00036385979970793785,-5.698107614159917e-11,2.3246183300671156e-07,7488.269760413095,0.0,-0.0751972836439445,-0.23915495331255873,-0.3291640768178752,0.05355212542252648,0.3873919214832309,0.5104392433218692,0.17446584914867855,0.3490411045673978,0.5236133121784805,310.2616199941183,0.5579468198618518,38363.79193912486,239.533517227478,0.5634654659739365,1.3314478693588991,-0.07178863301169731,174.82170828381427,8526.161020314154,9.741362998065199,-2.0053761140559345e-05,0.23508907130926815,174.82154359974203,-3.677640434774384,1.1155674763879,-15.070675426524089,0.0,0.0,0.0,-0.025696687188748093,0.007794777381611974,0.10530296232788193,0.0,0.0,0.0,0.0,0.0,0.0,0.0,0.0,0.5,0.0,0.0,1.0,0.0,0.0,0.0
18.7,34.937149166520705,-11.618184913011014,171.7869591687936,0.17453292519943295,0.3490658503988659,0.5235987755982988,0.6292975332283498,0.06611969250071621,-0.7627132183008987,-0.13370850348403418,6385607.744109626,1.5080395399046296,-0.0003654493957945103,-5.723016672314302e-11,2.3616225746168913e-07,7470.744109804432,0.0,-0.06885512143961581,-0.20056550777360918,-0.27822801781976764,0.07314883950606632,0.3842426169041507,0.5085516082570712,0.17446417926550067,0.34904489818947687,0.5236113395987108,310.335210288117,0.5590747697833853,38459.60620773291,239.64716651606855,0.5661253651723102,1.370157161677569,-0.06617780926950653,175.6886348774305,8628.340913497292,9.74141674912753,-2.1331676104334034e-05,0.2375017394085503,175.6884792380995,-3.129889388598907,1.0408320540208487,-15.389822993373913,0.0,0.0,0.0,-0.021869399681848516,0.007272580390213356,0.1075329343270051,0.0,0.0,0.0,0.0,0.0,0.0,0.0,0.0,0.5,0.0,0.0,1.0,0.0,0.0,0.0
18.8,28.482454682754373,-10.315424219466179,173.9356381251813,0.17453292519943295,0.3490658503988659,0.5235987755982988,0.6451941419644093,0.053941379362101693,-0.7542228131460927,-0.10935899025342499,6385590.131969052,1.5319067583680646,-0.0003679028205480877,-5.7614537255233225e-11,2.399005772247807e-07,7453.131969236459,0.0,-0.0605784093213848,-0.16233973846310412,-0.22740291733789153,0.0923238743497425,0.38010843992597204,0.5081998872886955,0.17446277979831595,0.3490487366441087,0.5236092469915897,310.40916375388474,0.5602082861940039,38555.89332453236,239.76137666956305,0.5687792344291184,1.4084833957829455,-0.05845979543259345,176.55428714854986,8731.244080726,9.741470765898406,-2.0961920110806853e-05,0.2399237721535243,176.55412507560658,-2.5694061945222906,0.9305575671146911,-15.690841175908046,0.0,0.0,0.0,-0.017953149148883952,0.006502062161151881,0.10963623132188371,0.0,0.0,0.0,0.0,0.0,0.0,0.0,0.0,0.5,0.0,0.0,1.0,0.0,0.0,0.0
18.900000000000002,22.002666908476733,-8.631528919039146,175.83730762205911,0.17453292519943295,0.3490658503988659,0.5235987755982988,0.6604042311782172,0.04170569835634787,-0.744929536981757,-0.0848931538245138,6385572.433465911,1.5560163157143292,-0.0003705205826302506,-5.8024646418290066e-11,2.4367687187438825e-07,7435.433466101065,0.0,-0.050404005029854884,-0.12457575907400265,-0.17653977498455867,0.11117886383997697,0.3749900207298343,0.509302711615951,0.17446165668844432,0.3490526036429856,0.5236070432353568,310.48343947641473,0.5613515123204837,38653.11347466084,239.87614834610903,0.5714271138270977,1.4463125245912045,-0.048669839633310064,177.41865571111802,8834.937263449261,9.741525047993662,-2.0426806599971314e-05,0.2423559040669474,177.41848600548838,-1.9986614449787965,0.7840642288256767,-15.972574997155935,0.0,0.0,0.0,-0.013965198300029614,0.005478472836417041,0.11160478317014014,0.0,0.0,0.0,0.0,0.0,0.0,0.0,0.0,0.5,0.0,0.0,1.0,0.0,0.0,0.0
19.0,15.526886234569435,-6.566762178258071,177.48242706599456,0.17453292519943295,0.3490658503988659,0.5235987755982988,0.6749082405583487,0.02942548881312888,-0.7348395218851642,-0.0603366425715937,6385554.648314565,1.580369640282794,-0.00037212336638503985,-5.82758095266195e-11,2.474913656746588e-07,7417.648314760998,0.0,-0.0383504520885352,-0.0873751595009706,-0.12549593924885782,0.12980044363371715,0.36887528217536214,0.511789849013246,0.17446081607640687,0.3490564827589202,0.5236047372343957,310.5580701128134,0.5625012324186285,38750.90917439733,239.99148224169872,0.5740688824499169,1.4835337911078572,-0.036842167593689815,178.2817248771935,8939.375848150388,9.74157959629815,-2.164450755041495e-05,0.24479879916062924,178.2815634840907,-1.4201703312365694,0.6006314135139492,-16.233624240740912,0.0,0.0,0.0,-0.009923121469803425,0.004196777206075726,0.11342880617408398,0.0,0.0,0.0,0.0,0.0,0.0,0.0,0.0,0.5,0.0,0.0,1.0,0.0,0.0,0.0
19.1,9.084431252904873,-4.126746796690454,178.86496922091004,0.17453292519943295,0.3490658503988659,0.5235987755982988,0.6886940225345302,0.01711405119491683,-0.7239672522240062,-0.035716044143799384,6385536.777059842,1.6049680819464516,-0.00037501444905219545,-5.872872745925358e-11,2.513442703727259e-07,7399.777060043998,0.0,-0.024446232315438163,-0.050835173208276165,-0.07413799650563645,0.1482624897656719,0.3617547631897355,0.515580443941523,0.17446026019813665,0.3490603574003512,0.5236023393049576,310.63306032638366,0.5636566977089807,38849.198237071876,240.10737456789735,0.576704522816678,1.5200500076867356,-0.02303825768504278,179.1434914596759,9044.546675986618,9.741634409145298,-2.0496409851134044e-05,0.24725067660947536,179.1433167195812,-0.8366358158909767,0.38005567137700436,-16.472928307153506,0.0,0.0,0.0,-0.00584580500273197,0.0026555537102918706,0.11510088963266632,0.0,0.0,0.0,0.0,0.0,0.0,0.0,0.0,0.5,0.0,0.0,1.0,0.0,0.0,0.0
19.200000000000003,2.704625819225108,-1.3169694002292047,179.9788076272208,0.17453292519943295,0.3490658503988659,0.5235987755982988,0.7017470138163532,0.004784463630902046,-0.7123243465817654,-0.011057495975812343,6385518.819831798,1.6298111769560815,-0.0003770389670190219,-5.904594092621299e-11,2.5523551381514483e-07,7381.819832005537,0.0,-0.008704301395383559,-0.015057055154479106,-0.022339695672422853,0.1666215739153867,0.35360850124431725,0.5206007156352264,0.17445999141531385,0.3490642111235341,0.5235998596217953,310.7083644739139,0.5648225599607071,38948.49800849722,240.22382614236682,0.5793340851448738,1.5557699895725872,-0.007316401548358725,180.0039460793549,9150.526665996782,9.741689486142844,-2.1076801292263427e-05,0.24971327460712053,180.00377384968394,-0.25080199093460603,0.12212356520062799,-16.68957049736224,0.0,0.0,0.0,-0.0017524226257745019,0.0008533110044314977,0.11661462831713362,0.0,0.0,0.0,0.0,0.0,0.0,0.0,0.0,0.5,0.0,0.0,1.0,0.0,0.0,0.0
19.3,-3.5826343668627865,1.8570988984855943,180.81760843189048,0.17453292519943295,0.3490658503988659,0.5235987755982988,0.7140496829260746,-0.007550153900995477,-0.6999195337945243,0.01361278729672719,6385500.776349755,1.6549017009296358,-0.00037903826106848676,-5.935920679638617e-11,2.5916553127478463e-07,7363.776349969518,0.0,0.008875972359814736,0.019851112470423718,0.030021013553688525,0.18491720703322606,0.3444067139538379,0.5267794750589593,0.1744600122607845,0.34906802732238323,0.5235973084115862,310.7840292087965,0.565994138065999,39048.28762714984,240.34083711026824,0.5819574208286162,1.5906067612889792,0.010267887565717063,180.86307270904064,9257.246027467632,9.741744828160565,-2.1582241159260717e-05,0.2521856760092353,180.8629019167966,0.3345111144226621,-0.17339787170933174,-16.882328181507347,0.0,0.0,0.0,0.002337321339845995,-0.0012115787139975586,0.11796147937572769,0.0,0.0,0.0,0.0,0.0,0.0,0.0,0.0,0.5,0.0,0.0,1.0,0.0,0.0,0.0
19.400000000000002,-9.748478534732309,5.384814256160992,181.37884113115146,0.17453292519943295,0.3490658503988659,0.5235987755982988,0.7255924759470822,-0.019876623535864692,-0.6867696527426488,0.03826845735520753,6385482.647159339,1.6802401005458656,-0.00038203145109918634,-5.982812454918266e-11,2.631343930634836e-07,7345.647159559962,0.0,0.028280698172435472,0.05378689711443704,0.08305286174881021,0.20317100911209013,0.3341263361416216,0.5340289457902597,0.1744603212646568,0.34907178990848187,0.5235946968901143,310.8600413410911,0.5671725295068575,39148.690205623934,240.45840433571146,0.5845745465258775,1.6244907257534775,0.029636390865189613,181.72086833698143,9364.721308841008,9.741800433529415,-2.033104619414415e-05,0.25466723002755776,181.72068327038497,0.9164156370259111,-0.5062056068768657,-17.0504709645838,0.0,0.0,0.0,0.006403248598439133,-0.0035369980735768178,0.11913633933726883,0.0,0.0,0.0,0.0,0.0,0.0,0.0,0.0,0.5,0.0,0.0,1.0,0.0,0.0,0.0
19.5,-15.764002615199107,9.255665355148041,181.65986863340623,0.17453292519943295,0.3490658503988659,0.5235987755982988,0.7363632180255693,-0.032181856715916654,-0.6728887375466852,0.06288335032271386,6385464.432393448,1.7058257654892481,-0.00038362528660408775,-6.00778989008135e-11,2.6714200408596073e-07,7327.43239367567,0.0,0.04950592926316943,0.0866412860062414,0.13685814726154716,0.22138416006399192,0.3227374830973412,0.5422588134937374,0.1744609171182044,0.3490754829132879,0.5235920361387748,310.93637405983316,0.5683604524792,39250.00855272982,240.57652792582513,0.5871854776538217,1.6573570575120702,0.05071623454296725,182.5773233222705,9472.999781390738,9.741856301848456,-2.166500231481905e-05,0.25715966050138306,182.57714762718018,1.4919934437935414,-0.8760079762048095,-17.19330677731017,0.0,0.0,0.0,0.01042496934999511,-0.006120909136883647,0.12013437252296968,0.0,0.0,0.0,0.0,0.0,0.0,0.0,0.0,0.5,0.0,0.0,1.0,0.0,0.0,0.0
19.6,-21.599712467147775,13.459055897933927,181.65790775214128,0.17453292519943295,0.3490658503988659,0.5235987755982988,0.7463465858513383,-0.044452569724282846,-0.6582880593064909,0.08743091867228682,6385446.131776366,1.7316624506364429,-0.0003861615874747556,-6.047527134564113e-11,2.711889529938644e-07,7309.131776601386,0.0,0.07255548494949542,0.11829600256535594,0.1915342392940089,0.23953560764305243,0.31020442375227947,0.5513710436656852,0.17446179865034264,0.349079090186115,0.5235893373156104,311.01306655562536,0.5695539744584931,39351.80444100875,240.69520826483367,0.5897900781068293,1.689143624430374,0.07343908602718077,183.43242145603776,9582.021627277107,9.741912433972402,-2.1199705521723933e-05,0.25966103311948,183.43223826625302,2.058217146203921,-1.2825029592266568,-17.30991873938057,0.0,0.0,0.0,0.014381330396636402,-0.008961201603688846,0.12094917243746242,0.0,0.0,0.0,0.0,0.0,0.0,0.0,0.0,0.5,0.0,0.0,1.0,0.0,0.0,0.0
19.700000000000003,-27.22837480853928,17.97961979071485,181.37412183989196,0.17453292519943295,0.3490658503988659,0.5235987755982988,0.7555357338208045,-0.05667583934919313,-0.6429866617004223,0.11188531726541068,6385427.745854446,1.757749313714928,-0.0003887781838399525,-6.088522168721321e-11,2.752751082491094e-07,7290.745854688187,0.0,0.09741245601413684,0.14864128393597553,0.24715919672903805,0.25758107155466803,0.29650410532004357,0.5612446746995012,0.1744629607405607,0.34908259675705655,0.5235866121071664,311.0900910406902,0.5707557217084551,39454.3715466924,240.81444275263934,0.5923883931483138,1.7198060709659524,0.09771876557148051,184.28615979686012,9691.829728525288,9.741968828229941,-2.07321047097271e-05,0.2621721644101409,184.28596938321658,2.612139445030664,-1.7248672408933188,-17.39995151503393,0.0,0.0,0.0,0.01825173814646208,-0.012052122744858219,0.12157825625186232,0.0,0.0,0.0,0.0,0.0,0.0,0.0,0.0,0.5,0.0,0.0,1.0,0.0,0.0,0.0
19.8,-32.62269278302916,22.802114800221396,180.80956345527935,0.17453292519943295,0.3490658503988659,0.5235987755982988,0.7639209413152258,-0.06883869214518008,-0.6270008088249428,0.1362206066893829,6385409.274763644,1.7840866405125306,-0.0003904086025100813,-6.114073283493908e-11,2.794005151030076e-07,7272.274763892405,0.0,0.12406301453182285,0.17755951244559126,0.3038024286877024,0.27545082313874086,0.2816120419826418,0.5717464592968723,0.17446439846041317,0.3490859877451512,0.523583872076694,311.1674470477724,0.5719656746620516,39557.70792079676,240.93423050376833,0.5949803886153375,1.7493015784884902,0.12347597000350677,185.1385285689261,9802.426309193394,9.742025484210801,-2.1965564727111087e-05,0.264693580625357,185.13834640014812,3.150767155849473,-2.2022754183499296,-17.4629616809173,0.0,0.0,0.0,0.02201527839504854,-0.015387905243183255,0.12201852564500526,0.0,0.0,0.0,0.0,0.0,0.0,0.0,0.0,0.5,0.0,0.0,1.0,0.0,0.0,0.0
19.900000000000002,-37.75478509467037,27.91111521440892,179.96520652107282,0.17453292519943295,0.3490658503988659,0.5235987755982988,0.7714892866995967,-0.08092780331353004,-0.6103442621830448,0.16041015137860803,6385390.7182330815,1.810678146578656,-0.00039338129691723813,-6.160645672036908e-11,2.8356575607150626e-07,7253.718233337626,0.0,0.15249346289489993,0.20492289120965923,0.3615245254236736,0.2930466881584523,0.2655042250230915,0.5827255243248101,0.1744661069793363,0.3490892480712717,0.5235811288876566,311.24516087230427,0.5731812243662621,39661.52228696974,241.05457234434988,0.5975659515752714,1.777586738734714,0.1506370569002107,185.98951137354265,9913.77191989139,9.742082402755015,-2.0725007483216997e-05,0.2672235644134406,185.98931482792247,3.67099154547721,-2.7138703278835914,-17.498412499652172,0.0,0.0,0.0,0.02565022956695164,-0.018962559859587832,0.12226623028491547,0.0,0.0,0.0,0.0,0.0,0.0,0.0,0.0,0.5,0.0,0.0,1.0,0.0,0.0,0.0
20.0,-42.600207930212264,33.28703329710157,178.84595854269122,0.17453292519943295,0.3490658503988659,0.5235987755982988,0.7782366869773928,-0.09293063540539732,-0.5930380619352331,0.18442887147328596,6385372.076809888,1.8375220115475792,-0.0003953946644466902,-6.192194592991863e-11,2.8777054644528687e-07,7235.076810152581,0.0,0.1826619823211069,0.23061716604979018,0.4203593459698617,0.31024570185312705,0.2481774332593592,0.5940057399176805,0.17446807772149664,0.34909236445779646,0.5235783942498627,311.32318918764787,0.57440664074997,39766.29218417289,241.1754662469089,0.6001451585857991,1.8046339473145785,0.17911483334895878,186.83910539101328,10025.939290940274,9.742139582188825,-2.1393600945884858e-05,0.2697639283428099,186.83891195183355,4.169939151839186,-3.258318984048552,-17.506367453782648,0.0,0.0,0.0,0.02913651399079714,-0.022766772657423124,0.12232181374162288,0.0,0.0,0.0,0.0,0.0,0.0,0.0,0.0,0.5,0.0,0.0,1.0,0.0,0.0,0.0
20.1,-47.13442346711499,38.91039114658648,177.45661540604368,0.17453292519943295,0.3490658503988659,0.5235987755982988,0.7841559430554881,-0.10483444765114151,-0.5751005340344661,0.20825128696782236,6385353.350633181,1.8646198874651807,-0.00039744191388974947,-6.224274399009126e-11,2.9201514545475066e-07,7216.350633453578,0.0,0.2145217291522775,0.25452083798895764,0.48032743729639515,0.3268972453301088,0.22963460608152542,0.605393226011565,0.17447030232818386,0.3490953236807567,0.523575679765803,311.40156198915463,0.5756387062025364,39871.6587090716,241.29691017606035,0.6027179160358267,1.8304128493318417,0.2088295200306597,187.68730049240457,10138.874994553531,9.742197022092327,-2.187415802978876e-05,0.27231358294262265,187.68710805154035,4.644647988100857,-3.8342480221763946,-17.486657332213206,0.0,0.0,0.0,0.03245343544831835,-0.026790947559283986,0.12218409369057247,0.0,0.0,0.0,0.0,0.0,0.0,0.0,0.0,0.5,0.0,0.0,1.0,0.0,0.0,0.0
20.200000000000003,-51.33233862706076,44.76143536173663,175.8019654975348,0.17453292519943295,0.3490658503988659,0.5235987755982988,0.7892367044540655,-0.11662600567510488,-0.5565478366870994,0.23185093688553363,6385334.539436839,1.8919745534287409,-0.0004004873723375541,-6.271987315378702e-11,2.96299988983088e-07,7197.539437119228,0.0,0.24801705028309817,0.27650366570362295,0.5414344002804261,0.342821258971302,0.2098878662972149,0.6166729398797093,0.17447277249299956,0.3490981123086048,0.5235729971588328,311.4802838625281,0.5768770775408156,39977.583206242125,241.41890572951186,0.6052841525563899,1.8548882345272566,0.23970720022195932,188.5340803025206,10252.577838358866,9.74225472329111,-2.059515049050257e-05,0.2748720077588001,188.5338731073636,5.092073519208124,-4.440257197381024,-17.43919862834716,0.0,0.0,0.0,0.03557972093409022,-0.0310253006682768,0.12185248664816078,0.0,0.0,0.0,0.0,0.0,0.0,0.0,0.0,0.5,0.0,0.0,1.0,0.0,0.0,0.0
20.3,-55.173364631758524,50.81704248433866,173.89055822142402,0.17453292519943295,0.3490658503988659,0.5235987755982988,0.7934776459133047,-0.1282932792083336,-0.537402758353354,0.25520374948154073,6385315.643768931,1.9195840947141942,-0.00040208790024391726,-6.297071636023426e-11,3.0062477754730824e-07,7178.643769219518,0.0,0.2830578264606028,0.2964565137290147,0.6036525651992614,0.3578228575386882,0.18897859859871258,0.6276140658204884,0.17447547651336948,0.3491007192654313,0.5235703577132002,311.55931416467536,0.5781257631529123,40084.514630380145,241.54145077699073,0.6078439403348765,1.8780374597495149,0.27166373870377375,189.37944181784104,10367.118113511026,9.74231268410848,-2.1978987395717335e-05,0.27744091995767184,189.37924427291347,5.509535411948206,-5.07452501492638,-17.36444041625955,0.0,0.0,0.0,0.03849664222131843,-0.03545710469871972,0.12133013041870432,0.0,0.0,0.0,0.0,0.0,0.0,0.0,0.0,0.5,0.0,0.0,1.0,0.0,0.0,0.0
20.400000000000002,-58.63679083119196,57.05418054898593,171.73083481708073,0.17453292519943295,0.3490658503988659,0.5235987755982988,0.7968741793545696,-0.13982387688361825,-0.517685542585494,0.27828493739378946,6385296.663771667,1.9474510991750356,-0.0004046888459438066,-6.337823710523517e-11,3.0498991694845624e-07,7159.663771963678,0.0,0.31954156518013843,0.31426602415284793,0.6669362157340758,0.37168814435450254,0.16696230851485203,0.6379745135958362,0.1744784029201044,0.34910313348904626,0.5235677726273451,311.63869717065563,0.579380021516088,40191.92327809107,241.6645427299828,0.610397157652871,1.8998303430225838,0.304621940413912,190.223374967612,10482.413451619961,9.742370904115099,-2.1453118932868165e-05,0.2800182510918159,190.22316918119157,5.894233292599796,-5.735147604546974,-17.26256825444035,0.0,0.0,0.0,0.04118463232709524,-0.04007305678440602,0.12061832155050806,0.0,0.0,0.0,0.0,0.0,0.0,0.0,0.0,0.5,0.0,0.0,1.0,0.0,0.0,0.0
20.5,-61.70140188106703,63.44945996886935,169.33129999203322,0.17453292519943295,0.3490658503988659,0.5235987755982988,0.7994186451384862,-0.15120478949691446,-0.4974145941802873,0.3010684834756672,6385277.599183694,1.975577037558291,-0.0004073154596311998,-6.378978099845884e-11,3.0939563819143523e-07,7140.599184000243,0.0,0.3573496029676011,0.3298142382555532,0.7312195311365279,0.3841866502513915,0.1439118437941363,0.6475022268763068,0.17448154024772472,0.3491053437096974,0.5235652532360002,311.71840822749834,0.5806425989924507,40300.11606193818,241.78818424147187,0.6129437900278155,1.920226859780031,0.3385097513613162,191.0658632103892,10598.518307598319,9.742429384122062,-2.1034598011245455e-05,0.28260499929662747,191.06565044901888,6.243342971728634,-6.420230227265685,-17.13400323411884,0.0,0.0,0.0,0.04362395786156346,-0.044859917861957185,0.11972000232403382,0.0,0.0,0.0,0.0,0.0,0.0,0.0,0.0,0.5,0.0,0.0,1.0,0.0,0.0,0.0
20.6,-64.35139796543723,69.97706890815199,166.70389164431748,0.17453292519943295,0.3490658503988659,0.5235987755982988,0.8011124329233423,-0.16242460206081294,-0.4766141903566333,0.3235315403767369,6385258.450554198,2.003960973092768,-0.0004089862361378822,-6.405163382595266e-11,3.1384179495396763e-07,7121.450554512751,0.0,0.3963281239133123,0.3430137707690409,0.7964024348364651,0.3951010870333433,0.11993298322769061,0.6559571393738539,0.17448487411600958,0.3491073414778186,0.5235628099654357,311.79844408794366,0.5819135600248487,40409.10114805464,241.91237178517187,0.6154838368680019,1.9391956274397277,0.37324719345895824,191.90690334781348,10715.433127571592,9.742488122449217,-2.2259732877690424e-05,0.28520157435954496,191.9066985445372,6.554463517692428,-7.127470423715266,-16.979480811011403,0.0,0.0,0.0,0.045797842853698256,-0.049801600013270754,0.11864031157104621,0.0,0.0,0.0,0.0,0.0,0.0,0.0,0.0,0.5,0.0,0.0,1.0,0.0,0.0,0.0
20.700000000000003,-66.57083334980778,76.61126558665008,163.86044605354152,0.17453292519943295,0.3490658503988659,0.5235987755982988,0.8019536641511423,-0.17347139429125766,-0.45530634706020967,0.3456502565355113,6385239.218028311,2.0326053664204515,-0.00041202491817489065,-6.452771839957758e-11,3.1832877313060614e-07,7102.218028633854,0.0,0.436308512844944,0.3537779566177842,0.8623664426494131,0.40421925559824334,0.09514890859678216,0.6631106093653137,0.1744883903827818,0.34910911831499436,0.5235604531825138,311.8788306115986,0.583190089552073,40518.563733380535,242.03710343500646,0.6180172121961852,1.9566922338901518,0.4087598564862197,192.74648543758641,10833.10805776035,9.742547118658292,-2.0953694757963705e-05,0.2878062062250334,192.74626547480435,6.825120539908337,-7.854507688017816,-16.799658946162157,0.0,0.0,0.0,0.047688998054613636,-0.054881609733278075,0.11738384664667909,0.0,0.0,0.0,0.0,0.0,0.0,0.0,0.0,0.5,0.0,0.0,1.0,0.0,0.0,0.0
20.8,-68.34332698506935,83.3258808931945,160.8129318772346,0.17453292519943295,0.3490658503988659,0.5235987755982988,0.8019374248672295,-0.1843325109907825,-0.4335115124387272,0.36739931619178684,6385219.901349595,2.061510736735904,-0.00041402594783124106,-6.484129822720022e-11,3.2285665472256464e-07,7082.901349927299,0.0,0.47710494483961996,0.3620212768604491,0.9289737619473298,0.4113405903895696,0.06970180459711232,0.6687512541975722,0.17449207486217397,0.34911066554555215,0.5235581933990563,311.9595221362335,0.5844771836096674,40629.063264157674,242.16238259662833,0.6205439432630567,1.972656186574063,0.44497686425175836,193.58459265782838,10951.640950012412,9.742606373545463,-2.1716347996895484e-05,0.2904208908068752,193.58437644931865,7.05284622020991,-8.59901571359514,-16.595444371968952,0.0,0.0,0.0,0.0492801801387081,-0.06008369247684205,0.11595694314007018,0.0,0.0,0.0,0.0,0.0,0.0,0.0,0.0,0.5,0.0,0.0,1.0,0.0,0.0,0.0
20.900000000000002,-69.65862927553603,90.09339268402168,157.57627739154177,0.17453292519943295,0.3490658503988659,0.5235987755982988,0.8010677850046085,-0.1949972528981451,-0.41125521641634977,0.3887572973473408,6385200.501068404,2.090677552657978,-0.000416134650403775,-6.517174368228471e-11,3.274255135126184e-07,7063.50106874605,0.0,0.5185062753632406,0.367697741346647,0.9960618108697384,0.4163167921272469,0.043759091011811774,0.6727186733921755,0.17449591104729806,0.34911197766917446,0.5235560397845537,312.040556804767,0.5857704968737284,40740.11373130713,242.28820419276406,0.6230639472494529,1.987030859586206,0.4818206986351048,194.42122167866765,11070.949915970072,9.742665885426916,-2.2145453750492128e-05,0.2930443612239896,194.42100580544084,7.235623665770554,-9.358247512671465,-16.367846744150466,0.0,0.0,0.0,0.05055729651999415,-0.06538865428336832,0.1143666557939633,0.0,0.0,0.0,0.0,0.0,0.0,0.0,0.0,0.5,0.0,0.0,1.0,0.0,0.0,0.0
21.0,-70.50632464970471,96.88632516803433,154.16531848525662,0.17453292519943295,0.3490658503988659,0.5235987755982988,0.799345639190759,-0.2054542944249471,-0.38856106331283435,0.4097015313646148,6385181.017332659,2.1201072655125315,-0.00041923360636000374,-6.565727819179527e-11,3.3203557734031253e-07,7044.017333010212,0.0,0.5602925682296512,0.3707667029415005,1.0634573450262248,0.41903360437687465,0.017499121418363073,0.6748920175341752,0.17449988266254157,0.3491130491154382,0.5235540014779974,312.1219237426371,0.5870711210540013,40851.83800074488,242.41456764774364,0.6255772120567124,1.9997393275014057,0.5192171390059507,195.25636287669667,11191.057112837854,9.742725653855887,-2.083653433260224e-05,0.2956761127973677,195.2561317259524,7.3714634800792265,-10.129502725373406,-16.11804360466848,0.0,0.0,0.0,0.051506446736818354,-0.07077762699426604,0.11262121241854815,0.0,0.0,0.0,0.0,0.0,0.0,0.0,0.0,0.5,0.0,0.0,1.0,0.0,0.0,0.0
21.1,-70.87564765910237,103.67671933676684,150.595088085145,0.17453292519943295,0.3490658503988659,0.5235987755982988,0.796768816863319,-0.2156914503928587,-0.36545130982573865,0.4302076358956703,6385161.449891094,2.149800360064781,-0.0004208234337091639,-6.590646721231813e-11,3.3668692283334774e-07,7024.449891455782,0.0,0.602234604015527,0.3711932415869062,1.1309773825487357,0.4194157535587103,-0.008889667250416065,0.6751946476997798,0.1745039733456064,0.3491138741356108,0.5235520877654095,312.20360326297254,0.588381293361137,40964.48668569959,242.54147536591321,0.6280837118048289,2.0106796039967647,0.5570928597371934,196.0899986319024,11312.010493273552,9.742785679612817,-2.2303484006632343e-05,0.29831799913365636,196.08977771992835,7.458321466876508,-10.91002831354876,-15.847276351083915,0.0,0.0,0.0,0.052113347426583884,-0.07623137437329335,0.11072928700068281,0.0,0.0,0.0,0.0,0.0,0.0,0.0,0.0,0.5,0.0,0.0,1.0,0.0,0.0,0.0
21.200000000000003,-70.76245231362907,110.43641503024773,146.88297502378092,0.17453292519943295,0.3490658503988659,0.5235987755982988,0.7933440573115087,-0.22569883865604157,-0.34195252434595763,0.4502558171237294,6385141.799295111,2.1797582231955164,-0.00042349152008678415,-6.632452863310053e-11,3.413797675931026e-07,7004.799295482846,0.0,0.644098023952622,0.36898672412100286,1.198433923954559,0.4174651750601507,-0.03521356691017666,0.6736258194766728,0.17450816509377892,0.34911445038813466,0.523550306209352,312.28562989118103,0.589697033417947,41077.61408606871,242.66892239513572,0.6305833717522503,2.0197469243839725,0.5953680574018373,196.92212610314596,11433.732580697764,9.742845961010632,-2.1713574213322392e-05,0.30096778654723033,196.9218961704479,7.494730705872895,-11.696772662814933,-15.55694911525511,0.0,0.0,0.0,0.052367748812979314,-0.08172857394980614,0.10870069059660711,0.0,0.0,0.0,0.0,0.0,0.0,0.0,0.0,0.5,0.0,0.0,1.0,0.0,0.0,0.0
21.3,-70.16240985230324,117.13727166171496,143.0462867459835,0.17453292519943295,0.3490658503988659,0.5235987755982988,0.7890750355933983,-0.2354658458813725,-0.31808967113087094,0.46982482448732193,6385122.065695396,2.209980948293129,-0.00042613934744996086,-6.6739420650923e-11,3.461141268021091e-07,6985.065695777535,0.0,0.6856521123371565,0.3641631843906467,1.2656423292636811,0.4132280862335418,-0.061282397493209906,0.670234255944257,0.17451244011998143,0.3491147754244301,0.5235486643709473,312.3679623433471,0.591022706553745,41191.71099018898,242.79690928016007,0.6330762406652474,2.026804985513914,0.6339627140385864,197.75273530458972,11556.309629576013,9.742906497594111,-2.132372183893949e-05,0.30362652688111424,197.75249844708335,7.479298947780687,-12.486809881952839,-15.248705741369964,0.0,0.0,0.0,0.052259922866560435,-0.08724878171555,0.1065469091986666,0.0,0.0,0.0,0.0,0.0,0.0,0.0,0.0,0.5,0.0,0.0,1.0,0.0,0.0,0.0
21.400000000000002,-69.07094172299045,123.75062643381607,139.1025877023484,0.17453292519943295,0.3490658503988659,0.5235987755982988,0.783962288648676,-0.24498085994868607,-0.29388657294145254,0.48889141519662827,6385102.248846137,2.240470099676826,-0.00042783279116642584,-6.700484573565194e-11,3.5089024617992995e-07,6965.248846529983,0.0,0.7266698346782997,0.35674504339552515,1.332422785172216,0.4067927954267884,-0.08691102240185414,0.6651161173210767,0.17451678051322655,0.3491148466427637,0.5235471699548404,312.4506290089479,0.5923553842854227,41306.447896787264,242.9254365907877,0.635562195849116,2.0316778601994776,0.6727934447078066,198.58180852545422,11679.69006019108,9.74296729012711,-2.2572171848385857e-05,0.30629467722086134,198.5815796328374,7.41048696502932,-13.276983749855047,-14.924043191322315,0.0,0.0,0.0,0.051779114580116886,-0.09276994428386721,0.10427840249214093,0.0,0.0,0.0,0.0,0.0,0.0,0.0,0.0,0.5,0.0,0.0,1.0,0.0,0.0,0.0
21.5,-67.490322395689,130.24880480664763,135.0710833208282,0.17453292519943295,0.3490658503988659,0.5235987755982988,0.7780152203813971,-0.2542349209918351,-0.26937062096280023,0.5074376340254084,6385082.349299534,2.271226846859011,-0.00043092701617341846,-6.748965676718496e-11,3.5570830929326505e-07,6945.349299937798,0.0,0.7669415581177307,0.34679713589668004,1.3986125720692533,0.3983144613941364,-0.11193190475303215,0.6584330878733177,0.1745211674618001,0.3491146649495062,0.5235458286278921,312.53362801432536,0.5936949901026707,41421.81738924364,243.05450073046487,0.6380412362948289,2.034176196160975,0.7117689141557735,199.40934306051062,11803.870711558959,9.743028336920043,-2.1225153886916787e-05,0.30897039058469267,199.40909842571,7.287522225567683,-14.064128198668515,-14.584808929158632,0.0,0.0,0.0,0.05091992605931592,-0.09826993946617495,0.10190807921744027,0.0,0.0,0.0,0.0,0.0,0.0,0.0,0.0,0.5,0.0,0.0,1.0,0.0,0.0,0.0
21.6,-65.42263114750605,136.6041224359161,130.970912359339,0.17453292519943295,0.3490658503988659,0.5235987755982988,0.7712402257307224,-0.26321822982216225,-0.2445678744274067,0.5254438524392282,6385062.36720917,2.3022503438835153,-0.00043293790054312737,-6.780480371914219e-11,3.605681842211512e-07,6925.3672095853835,0.0,0.8062723272601326,0.3343878353274424,1.464064954971569,0.38797365234613534,-0.136193797512528,0.6503776371560644,0.17452558234840998,0.34911423111247303,0.5235446460833896,312.6169297014798,0.5950446524352292,41538.171744294916,243.18410179164107,0.6405133873741463,2.034060112641096,0.7507917832712361,200.2353285936002,11928.915729593602,9.74308963750884,-2.2036501150068943e-05,0.3116556889971811,200.23508797071537,7.109646329979196,-14.845122868060656,-14.232947377034646,0.0,0.0,0.0,0.04967705815843692,-0.1037269644449317,0.09944952558800366,0.0,0.0,0.0,0.0,0.0,0.0,0.0,0.0,0.5,0.0,0.0,1.0,0.0,0.0,0.0
21.700000000000003,-62.86980900843728,142.78835268846072,126.82152194746863,0.17453292519943295,0.3490658503988659,0.5235987755982988,0.7636405290524094,-0.2719198490024869,-0.21950349828564736,0.5428881705161038,6385042.3023347985,2.333543617670666,-0.0004350948609792408,-6.814283138483056e-11,3.6547034576953254e-07,6905.3023352244245,0.0,0.8444804616797533,0.31958842703601587,1.5286493053649433,0.37596950685518415,-0.15956134460348326,0.641166745855675,0.17453000639905908,0.3491135457758338,0.5235436281502179,312.7005765000545,0.5963999062978079,41655.008145005726,243.31423977839248,0.6429784973097302,2.0310252255152954,0.7897539557760344,201.05974744615267,12054.741046323294,9.743151192640433,-2.2439765018589265e-05,0.3143493129252638,201.05950670482054,6.875973398987089,-15.61656820910784,-13.87027625990962,0.0,0.0,0.0,0.04804432099484565,-0.1091172656349725,0.09691544254904355,0.0,0.0,0.0,0.0,0.0,0.0,0.0,0.0,0.5,0.0,0.0,1.0,0.0,0.0,0.0
21.8,-59.84061293966851,148.7754366433306,122.64320099666688,0.17453292519943295,0.3490658503988659,0.5235987755982988,0.7552281509881789,-0.2803318404924933,-0.19420545885815,0.5597546709092556,6385022.155229255,2.3651067499136187,-0.000438224440471034,-6.863319027642478e-11,3.7041480714318686e-07,6885.155229692658,0.0,0.8814165535324325,0.30250509074036347,1.5922665412982129,0.3625315232661315,-0.18193039528628496,0.631046473121598,0.17453442071135417,0.34911261305974467,0.5235427783825662,312.7845258556869,0.5977650901170973,41772.81638011445,243.44491261808415,0.6454366485817906,2.0247359184489473,0.8285348651323188,201.8825967571667,12181.432590711138,9.743213000623204,-2.113220860640772e-05,0.31705075389474635,201.88234057035643,6.586500440287761,-16.375356223610403,-13.499023341426915,0.0,0.0,0.0,0.04602169366049224,-0.11441912659638534,0.09432139609905527,0.0,0.0,0.0,0.0,0.0,0.0,0.0,0.0,0.5,0.0,0.0,1.0,0.0,0.0,0.0
21.900000000000002,-56.343598065474374,154.5392739266219,118.45619085304598,0.17453292519943295,0.3490658503988659,0.5235987755982988,0.7460120943244191,-0.2884453018293996,-0.16870063249310951,0.576025512544928,6385001.9260492325,2.3969389036962587,-0.0004398333946110804,-6.8885397327233e-11,3.7540143784721925e-07,6864.926049682312,0.0,0.9169488252400222,0.2832418637561263,1.6548382559915125,0.34788373004303397,-0.2032160231112238,0.620263521994693,0.17453880655171025,0.3491114369192582,0.5235421003876961,312.8688027657052,0.5991374046953603,41891.28135031868,243.57611833022267,0.6478877549540526,2.0147742577668937,0.8669974570894813,202.70386621903504,12308.935686318773,9.743275060983578,-2.2636841222833937e-05,0.3197618314831203,202.7036204011692,6.2411234444802,-17.118159271184407,-13.1212726070078,0.0,0.0,0.0,0.043608449413029285,-0.11960929618878838,0.09168194761847444,0.0,0.0,0.0,0.0,0.0,0.0,0.0,0.0,0.5,0.0,0.0,1.0,0.0,0.0,0.0
22.0,-52.38729993917465,160.05322263305297,114.28108039572456,0.17453292519943295,0.3490658503988659,0.5235987755982988,0.7359982727884005,-0.2962500784518986,-0.14301531130898293,0.5916803548166615,6384981.614559992,2.429044034465501,-0.0004425643049599125,-6.931332487445198e-11,3.8043085813361126e-07,6844.614560453842,0.0,0.9509599000039637,0.26190056474398016,1.7163051929229989,0.33224005148790364,-0.22334986805608809,0.6090615404660191,0.1745431450001728,0.34911002121937956,0.5235415978962203,312.9534080118811,0.6005168952874733,42010.40797376683,243.70785844580303,0.6503317495701669,2.0006175378016606,0.904980076790148,203.5235380280783,12437.255917805607,9.743337374451729,-2.1989369666168043e-05,0.32248032870625915,203.52328245990375,5.83975904673503,-17.84162205140016,-12.73924334543609,0.0,0.0,0.0,0.040804005759420545,-0.12466433000343774,0.08901260388961725,0.0,0.0,0.0,0.0,0.0,0.0,0.0,0.0,0.5,0.0,0.0,1.0,0.0,0.0,0.0
22.1,-47.98675713120425,165.29392928498498,110.13844831793429,0.17453292519943295,0.3490658503988659,0.5235987755982988,0.7252012180791196,-0.30373933917213747,-0.11717776027662113,0.6067054886359091,6384961.221314955,2.461420826220819,-0.00044523541376113504,-6.973189004118274e-11,3.8550286230975054e-07,6824.221315429545,0.0,0.9833681598334646,0.23860824802225925,1.7766427610790176,0.3158097565694812,-0.24229544049892401,0.5976784174832392,0.17454741778670638,0.3491083731372802,0.5235412722130606,313.03831325087356,0.6019063693554892,42130.51397670342,243.840130356093,0.652768686037888,1.981687432078025,0.9422979703349655,204.34160908273412,12566.450044323732,9.743399939334175,-2.162246674212528e-05,0.32520732952242315,204.3413465849689,5.383144645155783,-18.542686873805806,-12.355323345282033,0.0,0.0,0.0,0.03761351510342493,-0.12956286311451884,0.08633004904924221,0.0,0.0,0.0,0.0,0.0,0.0,0.0,0.0,0.5,0.0,0.0,1.0,0.0,0.0,0.0
22.200000000000003,-43.15680693983381,170.23796621741891,106.0488486288758,0.17453292519943295,0.3490658503988659,0.5235987755982988,0.7136324039305971,-0.3109051452739244,-0.09121540125125736,0.6210849947533664,6384940.746474137,2.494069535041448,-0.00044694808797168616,-7.000035015492723e-11,3.906174910735992e-07,6803.746474623679,0.0,1.014104510492301,0.21348469386209562,1.835843983231438,0.2987762134825371,-0.26002942429203474,0.586333615610468,0.17455160677970918,0.3491064996633329,0.5235411247216729,313.1235582057536,0.6033014028733333,42251.100537941005,243.97293150191592,0.6551984479651666,1.9572815321306025,0.9787299920379661,205.15806935774026,12696.42777527835,9.743462755147183,-2.2904279674662565e-05,0.3279432240507988,205.15781492974452,4.871940468593567,-19.21803988098527,-11.97177719850937,0.0,0.0,0.0,0.03404159064596864,-0.13428174068704468,0.08365010642546818,0.0,0.0,0.0,0.0,0.0,0.0,0.0,0.0,0.5,0.0,0.0,1.0,0.0,0.0,0.0
22.3,-37.91238760202602,174.86138604133166,102.03320752704916,0.17453292519943295,0.3490658503988659,0.5235987755982988,0.7013004339042079,-0.31773823868106604,-0.06515542608905137,0.6348003192123577,6384920.189808169,2.526993917633208,-0.00045010842425137677,-7.04955443263851e-11,3.957753335755382e-07,6783.18980866981,0.0,1.043108484782546,0.18664347552349136,1.8939175926775755,0.2812971362407095,-0.2765384053123664,0.5752297689540306,0.17455569363517656,0.3491044077359757,0.5235411569116469,313.2090984344657,0.6047069967839458,42372.732188407885,244.10626508434973,0.657621061467213,1.9265500325238707,1.0140042507135103,205.97290043706082,12827.298894349451,9.743525822604576,-2.1492083670674857e-05,0.33068618449284065,205.97262946982292,4.3068991298924075,-19.864560425163557,-11.59113649556171,0.0,0.0,0.0,0.030093491100395223,-0.13879915789503444,0.08099046493837123,0.0,0.0,0.0,0.0,0.0,0.0,0.0,0.0,0.5,0.0,0.0,1.0,0.0,0.0,0.0
22.400000000000002,-32.27435853091436,179.14454503213062,98.11157096408027,0.17453292519943295,0.3490658503988659,0.5235987755982988,0.688222183576656,-0.3242329570595251,-0.03902610645647576,0.6478400856277491,6384899.551871146,2.560191694970459,-0.00045214015921420927,-7.081398157994409e-11,4.009760332980543e-07,6762.551871659854,0.0,1.070350843932404,0.15821479757087495,1.9509021916454392,0.263507935723255,-0.29183365837900344,0.5645464918896449,0.17455966141560303,0.34910210731517455,0.5235413677882178,313.29496669003055,0.6061192631951288,42494.97072298975,244.240126186272,0.6600364541132078,1.8885947230373026,1.0478052467916257,206.78609956959448,12958.980042539668,9.743589140010746,-2.233566004861125e-05,0.3334382832592506,206.78583269225342,3.6894805034258864,-20.4791986413635,-11.215769017563577,0.0,0.0,0.0,0.025779417011259857,-0.1430938044914217,0.07836766892717308,0.0,0.0,0.0,0.0,0.0,0.0,0.0,0.0,0.5,0.0,0.0,1.0,0.0,0.0,0.0
22.5,-26.26338604189135,183.06769261693148,94.30398475844994,0.17453292519943295,0.3490658503988659,0.5235987755982988,0.6744114780812168,-0.33038239185898327,-0.01285515664295209,0.6601904297353416,6384878.83282646,2.593664589325829,-0.00045432019958018135,-7.115564938278167e-11,4.062198605854392e-07,6741.832826986909,0.0,1.095806156794868,0.12831892796660813,2.0068478289550873,0.2455139292265267,-0.30593060615794654,0.5544429057606848,0.17456349328506945,0.34909960815852964,0.5235417564586404,313.3811503981523,0.6075395093068887,42617.96447299069,244.37451419849077,0.6624446187569445,1.8424108457435988,1.0797478137857366,207.59765670111665,13091.500433935726,9.743652706871622,-2.2760414239542115e-05,0.33619817021038045,207.5973896977888,3.021185695870332,-21.059032275125105,-10.848176596930724,0.0,0.0,0.0,0.021109857024579643,-0.14714526187899016,0.0757991993844086,0.0,0.0,0.0,0.0,0.0,0.0,0.0,0.0,0.5,0.0,0.0,1.0,0.0,0.0,0.0
22.6,-19.90035467685627,186.61060088168014,90.63087674980922,0.17453292519943295,0.3490658503988659,0.5235987755982988,0.6598795659364735,-0.3361782871121929,0.013329588636572947,0.6718347957103241,6384858.032450047,2.6274152725248032,-0.00045750713960948885,-7.165502150705027e-11,4.1150723469893377e-07,6721.032450587489,0.0,1.1194494110044546,0.0970683026336325,2.0618150610528296,0.2273932418513822,-0.31884636823620527,0.5450624952640709,0.17456717217637635,0.34909692001343984,0.5235423221138806,313.4676384543031,0.6089690789432591,42741.86504157017,244.5094310295336,0.6648455103104375,1.7869317916468488,1.109357658103754,208.407552718719,13224.893997808238,9.743716523884888,-2.1407903512719404e-05,0.33896538032055906,208.40726965037663,2.303543447971709,-21.601052063770975,-10.490936896518585,0.0,0.0,0.0,0.016095492873231535,-0.15093250351013096,0.0733030671507918,0.0,0.0,0.0,0.0,0.0,0.0,0.0,0.0,0.5,0.0,0.0,1.0,0.0,0.0,0.0
22.700000000000003,-13.211237674544837,189.7582111959168,87.110941465495,0.17453292519943295,0.3490658503988659,0.5235987755982988,0.6446454561544204,-0.34161618720282544,0.039500137944606335,0.6827642161154815,6384837.151296823,2.6614414810795,-0.00045914117191277507,-7.191117973216229e-11,4.168378015556809e-07,6700.151297378664,0.0,1.1412794899987753,0.06458582579983042,2.1158868775661284,0.20919923097791862,-0.3306140865049294,0.5365239120285491,0.1745706831341865,0.3490940552411015,0.5235430614976727,313.55446115152944,0.6104043365677208,42866.26221390585,244.6448718472518,0.66723906330152,1.7212978754363872,1.1361009422984467,209.21578561791637,13359.080282548419,9.743780589352328,-2.293589745742486e-05,0.3417417624207768,209.21551293556723,1.538795244642647,-22.102556737372076,-10.146451134676772,0.0,0.0,0.0,0.010751986430000469,-0.15443665486744362,0.07089605020065058,0.0,0.0,0.0,0.0,0.0,0.0,0.0,0.0,0.5,0.0,0.0,1.0,0.0,0.0,0.0
22.8,-6.221830428385889,192.49532728578654,83.76289762212602,0.17453292519943295,0.3490658503988659,0.5235987755982988,0.6287252267000001,-0.34669028730648915,0.06562873098520142,0.6929670291285168,6384816.189533477,2.695745851022389,-0.0004619030498890085,-7.234398550833105e-11,4.2221197462838794e-07,6679.189534045756,0.0,1.1612906953787667,0.030984438398039237,2.169152642046786,0.19096009317871143,-0.3412635428582058,0.5289333913581679,0.17457401126104538,0.3490910259932062,0.5235439714753531,313.6415655079278,0.6118510708404672,42991.81196376916,244.7808375519562,0.6696253547585643,1.6449392421018922,1.1593588718911447,210.02234457027765,13494.187290117638,9.743844902769796,-2.2289428713406778e-05,0.34452500634058936,210.02206194332777,0.7292209325615877,-22.561145581318204,-9.817313252285766,0.0,0.0,0.0,0.0050952676119006895,-0.1576409414963664,0.06859627311374582,0.0,0.0,0.0,0.0,0.0,0.0,0.0,0.0,0.5,0.0,0.0,1.0,0.0,0.0,0.0
22.900000000000002,1.0417438308196048,194.80633755118996,80.60584181686666,0.17453292519943295,0.3490658503988659,0.5235987755982988,0.6121326681570455,-0.3513934212769445,0.09168716929982763,0.7024288528380991,6384795.146941283,2.730329654746976,-0.00046461970862098805,-7.276971272679936e-11,4.2762995402004373e-07,6658.146941866726,0.0,1.179470207861504,-0.0036302123125296496,2.221708708998613,0.172681433250558,-0.3508198006113938,0.5223901813422653,0.17457714141989075,0.3490878444539163,0.5235450489695205,313.72900409739094,0.6133035659367444,43117.866472177324,244.91732760452086,0.6720042053169731,1.557862317238873,1.1784377783740416,210.82721074920096,13630.094461101065,9.743909464818719,-2.1904275975259646e-05,0.3473162756200002,210.8269208201319,-0.12287226521793547,-22.973918093918254,-9.506006068215257,0.0,0.0,0.0,-0.0008585423777764944,-0.1605250967922736,0.06642108402972632,0.0,0.0,0.0,0.0,0.0,0.0,0.0,0.0,0.5,0.0,0.0,1.0,0.0,0.0,0.0
23.0,8.549327592913357,196.6814760357437,77.65633502090297,0.17453292519943295,0.3490658503988659,0.5235987755982988,0.5948886973908081,-0.35572236123719936,0.11764801003267158,0.7111431713458586,6384774.024076127,2.765191739563175,-0.0004663594972327702,-7.304244371028599e-11,4.330915596240532e-07,6637.024076726599,0.0,1.1958222684083195,-0.03914578027361438,2.27366716762257,0.1543484764858836,-0.3593170034085045,0.5169740128988881,0.17458006121076705,0.34908452491165326,0.5235462885877112,313.8167414125615,0.6147654853190447,43244.842290414694,245.05433965994027,0.6743756898935175,1.46113780036344,1.192684359226742,211.63038215610092,13766.881012053142,9.743974273797834,-2.3204120215799165e-05,0.3501159495825376,211.6301002669644,-1.0145111882701885,-23.338920600615673,-9.21496756402492,0.0,0.0,0.0,-0.007088669247803579,-0.163075469892652,0.06438751779759982,0.0,0.0,0.0,0.0,0.0,0.0,0.0,0.0,0.5,0.0,0.0,1.0,0.0,0.0,0.0
23.1,16.270919676274747,198.11081307812066,74.93098629457941,0.17453292519943295,0.3490658503988659,0.5235987755982988,0.5770115423918275,-0.35967248236334504,0.14348370304583472,0.7191006782186521,6384752.821107837,2.800334526284419,-0.000469563286363682,-7.354447376745299e-11,4.385971712211633e-07,6615.821108451113,0.0,1.2103399350112647,-0.075458013237989,2.3251443207032962,0.13592740351377056,-0.3667810285922755,0.5127628043103106,0.17458275824318847,0.3490810814484203,0.5235476850726453,313.90478949606154,0.6162353960588695,43372.57721098392,245.1918721325943,0.6767397456656564,1.356970454064995,1.201510256983202,212.4318474067961,13904.516649222931,9.744039329193376,-2.176371271644939e-05,0.35292210791947554,212.4315485250073,-1.942710541096616,-23.653977312252533,-8.946588135488465,0.0,0.0,0.0,-0.013574253915855115,-0.16527685795905897,0.0625122767713739,0.0,0.0,0.0,0.0,0.0,0.0,0.0,0.0,0.5,0.0,0.0,1.0,0.0,0.0,0.0
23.200000000000003,24.17609309663931,199.08408134435572,72.4467643694834,0.17453292519943295,0.3490658503988659,0.5235987755982988,0.5585173761492791,-0.36323777076634245,0.16916597146719778,0.726289290789688,6384731.537823154,2.8357583142005702,-0.00047162531873755446,-7.386768198292162e-11,4.441468365242345e-07,6594.537823782613,0.0,1.223003062384189,-0.11246789505591546,2.3762628723509773,0.11736607301851054,-0.37322873666929757,0.5098374709517696,0.17458521989062648,0.3490775282188161,0.5235492331961273,313.9931564697692,0.6177125144110219,43500.98219711449,245.32992613211977,0.6790962898776124,1.2487096640064417,1.2044767290694793,213.23158827184693,14042.988247575524,9.744104631670142,-2.2625505126920077e-05,0.355736951038125,213.23129342869584,-2.904401332605448,-23.91686491651406,-8.70334901326208,0.0,0.0,0.0,-0.020293852495431336,-0.16711372609565872,0.060812697993412025,0.0,0.0,0.0,0.0,0.0,0.0,0.0,0.0,0.5,0.0,0.0,1.0,0.0,0.0,0.0
23.3,32.23162493267819,199.59731611058174,70.21738390870905,0.17453292519943295,0.3490658503988659,0.5235987755982988,0.5394288183390394,-0.3664162479585775,0.19466817010316295,0.7327049885469109,6384710.174778996,2.871463441531157,-0.00047382950468402406,-7.421315795489799e-11,4.4974060894077926e-07,6573.174779641753,0.0,1.233803290115404,-0.15007165617387322,2.4271564229942557,0.09859740315172585,-0.37868125030321786,0.5082658778199932,0.1745874367825336,0.34907388089133723,0.5235509256363655,314.081812054042,0.6191999352256199,43630.40975407198,245.4684991101385,0.6814453846761578,1.1404680253284611,1.2014646580179733,214.02960190154576,14182.364343233148,9.744170179523602,-2.3068760635661997e-05,0.3585590633270475,214.0293069137639,-3.895998977493398,-24.126215204967007,-8.487482220738572,0.0,0.0,0.0,-0.02722241850119099,-0.16857651425308215,0.059304377226252716,0.0,0.0,0.0,0.0,0.0,0.0,0.0,0.0,0.5,0.0,0.0,1.0,0.0,0.0,0.0
23.400000000000002,40.404422124296595,199.64636913484864,68.25663093056166,0.17453292519943295,0.3490658503988659,0.5235987755982988,0.5197661020938299,-0.36920453186105384,0.21996323019317757,0.7383409464364482,6384688.732148186,2.9074512355062248,-0.000477085269002947,-7.472334032521862e-11,4.553786969858726e-07,6551.732148848474,0.0,1.2427159509207422,-0.18817061178327713,2.4779636715868616,0.07953873658283463,-0.3831482191479909,0.5081235393568945,0.17458939950917546,0.3490701549406384,0.5235527552136806,314.17079791901466,0.6206928973311776,43760.31948510172,245.60758833290976,0.6837869052712022,1.0363179532352074,1.1926223861864163,214.82587763562728,14322.537548146967,9.744235972230827,-2.164928996251092e-05,0.36138789152689554,214.82556572857823,-4.913851181708673,-24.280326145468905,-8.301144006608713,0.0,0.0,0.0,-0.0343344323481081,-0.16965332986370996,0.05800238077370971,0.0,0.0,0.0,0.0,0.0,0.0,0.0,0.0,0.5,0.0,0.0,1.0,0.0,0.0,0.0
23.5,48.660881660486844,199.22684276652714,66.57861903918749,0.17453292519943295,0.3490658503988659,0.5235987755982988,0.4995475860430799,-0.3715977992474903,0.24502307079416472,0.7431874583656243,6384667.209723169,2.943721979654859,-0.0004787237618827727,-7.498022155211859e-11,4.610611459224357e-07,6530.209723847298,0.0,1.2496979851621233,-0.2266681569384083,2.5288320033276723,0.060090569500910004,-0.38662699660701155,0.5094977927745639,0.17459109843878656,0.34906636594923124,0.5235547147497075,314.26006200967015,0.6221973737216411,43891.39024084799,245.74719716413523,0.6861208979929899,0.9396587823396506,1.178335805865832,215.6203966162107,14463.649958485823,9.744302010439243,-2.3239273905536136e-05,0.36422546842356,215.62009548771186,-5.954278912956138,-24.37786009627113,-8.14671163603042,0.0,0.0,0.0,-0.041604187623682,-0.17033482645602194,0.05692331924255959,0.0,0.0,0.0,0.0,0.0,0.0,0.0,0.0,0.5,0.0,0.0,1.0,0.0,0.0,0.0
23.6,56.965982569898905,198.34085979217028,65.19360409853276,0.17453292519943295,0.3490658503988659,0.5235987755982988,0.47879740731395015,-0.3735953499334543,0.2698220883474831,0.7472430576054988,6384645.608061791,2.980276971207418,-0.0004815099834174249,-7.54168693117247e-11,4.667881593681719e-07,6508.608062487406,0.0,1.2547143381079746,-0.26546361003140684,2.579916580451909,0.04014306378661803,-0.38911574143401034,0.5124677716535622,0.1745925275876365,0.3490625303668714,0.5235567952731901,314.3496500839395,0.6237079123933195,44023.00306787998,245.88732015255567,0.6884472601809495,0.852661742030138,1.1592227702469935,216.41315600617105,14605.573621491103,9.744368292441381,-2.260829489131319e-05,0.36706935135357105,216.41284486551447,-7.01312340856208,-24.41781494235406,-8.026006065784589,0.0,0.0,0.0,-0.04900262590705455,-0.17061400197621673,0.05607991615964324,0.0,0.0,0.0,0.0,0.0,0.0,0.0,0.0,0.5,0.0,0.0,1.0,0.0,0.0,0.0
23.700000000000003,65.28480217684506,196.99034297455867,64.1119347504371,0.17453292519943295,0.3490658503988659,0.5235987755982988,0.45753761135260657,-0.37519508510319394,0.29433397017649204,0.7505034821115772,6384623.927339795,3.0171161012259256,-0.0004842976634529424,-7.585374940864762e-11,4.725597209110493e-07,6486.927340507506,0.0,1.2577091168918646,-0.3044575583539148,2.63138108368739,0.019571400434365175,-0.3905982450211676,0.5171275312086451,0.1745936808875117,0.3490586644692331,0.5235589879561094,314.439531159226,0.6252279273850676,44155.54712269814,246.0279573142693,0.6907660262785438,0.7763342925797188,1.1359537890686804,217.2041454437469,14748.389287509232,9.744434817705377,-2.2156400895312257e-05,0.3699206522103823,217.20382616913466,-8.086271152107248,-24.399512206898507,-7.940998075998075,0.0,0.0,0.0,-0.0565010049254163,-0.17048611571978653,0.0554859419088075,0.0,0.0,0.0,0.0,0.0,0.0,0.0,0.0,0.5,0.0,0.0,1.0,0.0,0.0,0.0
23.8,73.58184037869884,195.1770647009601,63.344242945551684,0.17453292519943295,0.3490658503988659,0.5235987755982988,0.43578853098217557,-0.3763933941647535,0.3185310873936719,0.7529614468563903,6384602.167355664,3.0542407859825222,-0.00048603654143212463,-7.612636288366921e-11,4.783760532497934e-07,6465.1673563945415,0.0,1.2586029162940262,-0.3435484448891744,2.6834025394972327,-0.0017667560825168893,-0.3910424167711305,0.5235896696923152,0.17459455207023128,0.34905478466931705,0.5235612839456594,314.52971777382345,0.6267561084479822,44288.872833146794,246.16910950938413,0.69307709988223,0.7107813499056135,1.1091856193083587,217.99334528852032,14892.070875821388,9.744501586860242,-2.352567894566467e-05,0.37277992251024256,217.99303450888127,-9.169447023573909,-24.322053914844155,-7.893663756740687,0.0,0.0,0.0,-0.0640694532370811,-0.16994489328752405,0.05515520397593395,0.0,0.0,0.0,0.0,0.0,0.0,0.0,0.0,0.5,0.0,0.0,1.0,0.0,0.0,0.0
23.900000000000002,81.82164536591813,192.90928088567324,62.896840188634435,0.17453292519943295,0.3490658503988659,0.5235987755982988,0.41357563376090334,-0.3771908861982267,0.34238912785599046,0.7546181014431816,6384580.328667877,3.091652107294185,-0.0004892713899875952,-7.663328908280761e-11,4.842373262693081e-07,6443.328668625714,0.0,1.2573219214886757,-0.3826304038193497,2.736163586145377,-0.024019027296334743,-0.3904140401647032,0.5319598597551526,0.17459513876714056,0.34905090757025775,0.5235636729632236,314.62021281652926,0.6282918375534593,44422.911172950095,246.31077291776745,0.6953804741641306,0.6553761979041755,1.079556199474197,218.78075343679862,15036.601551745593,9.744568598196484,-2.2087119263621525e-05,0.375645099998567,218.78042545032085,-10.258156590125255,-24.185400677011117,-7.885496836312831,0.0,0.0,0.0,-0.07167656700125848,-0.16899005945637474,0.05509813945229384,0.0,0.0,0.0,0.0,0.0,0.0,0.0,0.0,0.5,0.0,0.0,1.0,0.0,0.0,0.0
24.0,89.96882614642979,190.19503477378564,62.77615004571682,0.17453292519943295,0.3490658503988659,0.5235987755982988,0.39092254028443946,-0.37758675709245076,0.3658827958008312,0.7554717703749163,6384558.4114552345,3.1293489472343765,-0.0004913962444197347,-7.696636364670233e-11,4.901433655332244e-07,6421.411456000991,0.0,1.2537670082729968,-0.42159407905034235,2.789860520197074,-0.04734759147655601,-0.38866081787202267,0.5423622664844404,0.17459543848479142,0.34904704962539523,0.5235661448704184,314.7109927097225,0.6298376994018849,44557.95718068108,246.45294725369575,0.6976761662333774,0.6092173026889578,1.0476075061655528,219.56635886521957,15182.044366692227,9.744635851172864,-2.290064906063094e-05,0.3785183681514823,219.56603429159483,-11.347919216582717,-23.989619320977535,-7.918061288111392,0.0,0.0,0.0,-0.07929103878519836,-0.16762208116904323,0.05532567625100539,0.0,0.0,0.0,0.0,0.0,0.0,0.0,0.0,0.5,0.0,0.0,1.0,0.0,0.0,0.0
24.1,97.98736789081502,187.04232753473912,62.98882410866481,0.17453292519943295,0.3490658503988659,0.5235987755982988,0.3678513626109572,-0.3775786348414503,0.38898516202979666,0.7555176421595436,6384536.415522377,3.1673342611361694,-0.000493603258664085,-7.731231001834524e-11,4.960946348205724e-07,6399.415523162732,0.0,1.2478103108049865,-0.4603224149323168,2.8447090565534086,-0.07193101435356652,-0.38570973219754395,0.55494148097791,0.174595448557739,0.3490432274500726,0.5235686894791634,314.8020965778952,0.6313893512586387,44693.515374745046,246.59563231799902,0.6999640219305148,0.5713218494114144,1.0137933038937728,220.35014229951835,15328.29923116134,9.74470334639962,-2.3403919295598547e-05,0.3813984411788051,220.34981792191545,-12.434006788758161,-23.734499443323774,-7.992890845961933,0.0,0.0,0.0,-0.08687983195211148,-0.16583948827885422,0.05584853099296866,0.0,0.0,0.0,0.0,0.0,0.0,0.0,0.0,0.5,0.0,0.0,1.0,0.0,0.0,0.0
24.200000000000003,105.84280019049666,183.46534469817576,63.53689304478571,0.17453292519943295,0.3490658503988659,0.5235987755982988,0.34438867608258084,-0.37716845104334223,0.4116734557975097,0.7547595099426894,6384514.341428212,3.205608019309398,-0.000496904918624104,-7.782971297126135e-11,5.020911299288999e-07,6377.341429016863,0.0,1.2393293193664772,-0.4986930705621712,2.9009276814659013,-0.09794233440658734,-0.381483037154023,0.569828236615208,0.17459517032347122,0.3490394571665003,0.5235712955956965,314.8934681181518,0.6329529245361338,44830.286823304545,246.73882655574437,0.7022441645748845,0.5406413174419967,0.978509025931471,221.1321011154311,15475.512546863301,9.744771082165856,-2.1945223783366882e-05,0.38428463143708086,221.13175930164599,-13.511851961118168,-23.421074425468497,-8.11108611095767,0.0,0.0,0.0,-0.09441103320010312,-0.16364950130655553,0.056674393881321686,0.0,0.0,0.0,0.0,0.0,0.0,0.0,0.0,0.5,0.0,0.0,1.0,0.0,0.0,0.0
24.3,113.50067127129162,179.4780554457766,64.42251707495208,0.17453292519943295,0.3490658503988659,0.5235987755982988,0.3205594170039193,-0.376356683280364,0.43392363238184406,0.7531982594290483,6384492.18935484,3.244169040819687,-0.0004985834267075954,-7.809288693920596e-11,5.081326665617292e-07,6355.189355663955,0.0,1.2281727183411055,-0.5365741096755464,2.9587535429774388,-0.1255611666331461,-0.3758801632810596,0.5871654209538374,0.17459460495917178,0.34903575477500515,0.5235739521601088,314.98516191047133,0.6345220816759385,44967.5483240366,246.8825266634093,0.704516439299534,0.5162521091114034,0.9420738381633667,221.91222470135247,15623.531209918838,9.744839057920217,-2.3544175100198572e-05,0.3871790123455767,221.9118935122478,-14.576596331877944,-23.049900369401776,-8.273616495540612,0.0,0.0,0.0,-0.10185069553704197,-0.16105600589000035,0.057810038467943976,0.0,0.0,0.0,0.0,0.0,0.0,0.0,0.0,0.5,0.0,0.0,1.0,0.0,0.0,0.0
24.400000000000002,120.92588253255717,175.09449642042924,65.64801846051911,0.17453292519943295,0.3490658503988659,0.5235987755982988,0.2963872918976288,-0.3751422323416441,0.45570971630406093,0.7508316216960451,6384469.959112968,3.2830213165218076,-0.0005013825095016558,-7.853157939829434e-11,5.142198707147055e-07,6332.959113812384,0.0,1.2141570224562825,-0.5738187115114374,3.0184480470652577,-0.15496970914129915,-0.36877412854905006,0.6071037433095754,0.17459375350346945,0.3490321364585122,0.523576648038245,315.0771340585128,0.6361019687697301,45105.8878173727,247.0267355860157,0.7067808755037545,0.49736162027546926,0.9047495669540969,222.69049332744285,15772.485612321032,9.744907274254441,-2.2948356064015764e-05,0.3900791827254461,222.69015223177905,-15.623485386231486,-22.6219707511783,-8.481642395347883,0.0,0.0,0.0,-0.10916559785774632,-0.15806594372016136,0.059263572756929804,0.0,0.0,0.0,0.0,0.0,0.0,0.0,0.0,0.5,0.0,0.0,1.0,0.0,0.0,0.0
24.5,128.0863463155005,170.33433700840814,67.2109774880218,0.17453292519943295,0.3490658503988659,0.5235987755982988,0.27189972572888643,-0.3735283407655029,0.4770107139912471,0.747666011032005,6384447.6512619145,3.3221633528667467,-0.0005042492048828792,-7.898086607842239e-11,5.203525089049623e-07,6310.6512627791,0.0,1.1971095456277292,-0.6102733308151482,3.080267783530197,-0.1863145323365466,-0.36003283160199984,0.6297522332245928,0.1745926209498095,0.3490286172414491,0.5235793715490514,315.169413481014,0.6376889583542704,45244.89168219216,247.17144849496347,0.7090374069492883,0.48323858642641765,0.8667623987155001,223.46690435062828,15922.28407215211,9.744975729456273,-2.240983009234776e-05,0.3929861566307195,223.46655411375602,-16.647734584476474,-22.138786687482774,-8.735590668099162,0.0,0.0,0.0,-0.11632230926480974,-0.15468980351298697,0.06103797932079847,0.0,0.0,0.0,0.0,0.0,0.0,0.0,0.0,0.5,0.0,0.0,1.0,0.0,0.0,0.0
24.6,134.94994727784783,165.2170343515131,69.10911750929527,0.17453292519943295,0.3490658503988659,0.5235987755982988,0.24712270822982385,-0.37151673939095364,0.49780403781700105,0.7437048181467546,6384425.265987246,3.361595028245808,-0.0005059821648045166,-7.925257853671573e-11,5.265305627672159e-07,6288.265988131054,0.0,1.1768309484666928,-0.6457672830433255,-3.138697657454077,-0.21971460609355203,-0.3494982997977183,0.6551983229933702,0.17459121210051054,0.3490252120579591,0.5235821111354244,315.2619821099121,0.639285042303005,45384.788516614266,247.31666485370323,0.7112860425624676,0.473288020833322,0.8282983124006033,224.24144762535883,16072.977039091405,9.745044422963728,-2.3862812870589778e-05,0.39590059006097533,224.24110647734298,-17.64464317559579,-21.60205080821942,-9.035985142856006,0.0,0.0,0.0,-0.12328798431545947,-0.15093948201282265,0.06313691829755803,0.0,0.0,0.0,0.0,0.0,0.0,0.0,0.0,0.5,0.0,0.0,1.0,0.0,0.0,0.0
24.700000000000003,141.4839255104515,159.76221988471607,71.34025021819326,0.17453292519943295,0.3490658503988659,0.5235987755982988,0.2220813457185455,-0.3691076369565071,0.518064931901787,0.7389483876876395,6384402.803105641,3.4013202371814977,-0.000509252948462874,-7.976516585460029e-11,5.327546432340567e-07,6265.803106547333,0.0,1.1530952135912167,-0.6801065946027884,-3.0717824183240467,-0.2552401802150118,-0.3369843902204555,0.6834861976520099,0.1745895316587816,0.34902193604073317,0.5235848551417875,315.35484336473723,0.6408899264429487,45525.5442966725,247.46238574897905,0.7135267026789188,0.46702542728701546,0.7895150064612777,225.01410222564073,16224.56137505689,9.74511335535034,-2.2410124719485262e-05,0.3988203417786546,225.01374352406972,-18.609315354350418,-21.013418988108825,-9.383348146509096,0.0,0.0,0.0,-0.1300284146693221,-0.14682654927266114,0.06556403932913463,0.0,0.0,0.0,0.0,0.0,0.0,0.0,0.0,0.5,0.0,0.0,1.0,0.0,0.0,0.0
24.8,147.65990916220136,153.99437170257167,73.89751266814632,0.17453292519943295,0.3490658503988659,0.5235987755982988,0.19680362820565112,-0.36630554646223434,0.5377743841287563,0.7334056748984218,6384380.263176831,3.441336399010181,-0.00051146046094621,-8.011121517069483e-11,5.390243465466807e-07,6243.263177758704,0.0,1.1257076463751858,-0.7130901765913698,-3.0019034809307885,-0.2928506859874953,-0.3223094855730643,0.7145445007369885,0.1745875880836335,0.34901880254067946,0.5235875918472225,315.448005330434,0.6425023805364601,45667.01957953294,247.60860715065292,0.7157593720740592,0.46401376106498604,0.7505515828413191,225.78486688259136,16377.003652585208,9.74518252490249,-2.314166437796439e-05,0.40174759316553826,225.78451062268277,-19.53719648204922,-20.375292145513466,-9.777536271735956,0.0,0.0,0.0,-0.13651177581071158,-0.14236778117073753,0.06831834038904645,0.0,0.0,0.0,0.0,0.0,0.0,0.0,0.0,0.5,0.0,0.0,1.0,0.0,0.0,0.0
24.900000000000002,153.44944912996706,147.937765984728,76.77419238310407,0.17453292519943295,0.3490658503988659,0.5235987755982988,0.1713163531304646,-0.36311342694205295,0.556911460225952,0.7270825260595275,6384357.646389973,3.4816449244143173,-0.0005136362813242512,-8.045230386092323e-11,5.453398943561164e-07,6220.646390922368,0.0,1.0944671038996823,-0.7444926892065161,-2.9287926102108024,-0.33238615114538217,-0.3052755724269046,0.7481883628947456,0.17458538961800688,0.3490158248544599,0.5235903096399418,315.54144306536125,0.6441251939838817,45809.53444488231,247.75532876379063,0.7179840720131989,0.46390547340793037,0.7115282387133178,226.55373018098902,16530.375726479382,9.745251931047164,-2.376847680807259e-05,0.40468113757648894,226.55337507285955,-20.42380082308492,-19.690207321142964,-10.218484474699252,0.0,0.0,0.0,-0.14270672466877693,-0.13758090470963857,0.07139936699807752,0.0,0.0,0.0,0.0,0.0,0.0,0.0,0.0,0.5,0.0,0.0,1.0,0.0,0.0,0.0
25.0,158.8234816161555,141.6169558653455,79.96358856200767,0.17453292519943295,0.3490658503988659,0.5235987755982988,0.14564579913017253,-0.359532812285326,0.5754528866764914,0.7199819345537649,6384334.952567598,3.522248672267672,-0.0005170135966868102,-8.098159018161625e-11,5.517017354039832e-07,6197.952568569532,0.0,1.059176650850438,-0.7740590994357137,-2.8521905368177984,-0.3735164540810456,-0.28567433219772675,0.7840680246313649,0.1745829444507485,0.34901301648610816,0.5235929967878987,315.6351936610598,0.6457541644690865,45952.60698414737,247.9025503372665,0.7202006489271439,0.466423006373236,0.6725529520372524,227.3206719634665,16684.573974112318,9.745321574340066,-2.221992191131505e-05,0.40762015230347964,227.32029838323558,-21.264289010233167,-18.960542927052156,-10.70603127140534,0.0,0.0,0.0,-0.1485794472511061,-0.1324825385098257,0.07480599082306302,0.0,0.0,0.0,0.0,0.0,0.0,0.0,0.0,0.5,0.0,0.0,1.0,0.0,0.0,0.0
25.1,163.75855731124855,135.06034422095735,83.45458029209742,0.17453292519943295,0.3490658503988659,0.5235987755982988,0.11982022969904632,-0.3555694220725421,0.5933817971651087,0.7121152695658228,6384312.182269984,3.563144893617381,-0.0005187427764339881,-8.125272725799352e-11,5.581094395699482e-07,6175.182270978888,0.0,1.0197228775510618,-0.8015333811554479,-2.7719183522774156,-0.41566906651813734,-0.2633408016825052,0.8215874043873078,0.1745802641825507,0.34901038860114747,0.5235956419798489,315.72920555206156,0.6473949940615196,46096.892697040304,248.0502701404384,0.722409222076731,0.4713130804190693,0.6337232272897501,228.08569043408207,16839.743010988346,9.745391453065775,-2.3800545609760774e-05,0.41056682313163156,228.08532712106108,-22.05471027089897,-18.189659368589343,-11.239517067616742,0.0,0.0,0.0,-0.1541023384208382,-0.12709616264951593,0.07853360309729712,0.0,0.0,0.0,0.0,0.0,0.0,0.0,0.0,0.5,0.0,0.0,1.0,0.0,0.0,0.0
25.200000000000003,168.23110376678224,128.29615236904505,87.23619989353044,0.17453292519943295,0.3490658503988659,0.5235987755982988,0.09386701439764246,-0.35122742644813915,0.6106791129068729,0.703490799511422,6384289.335689835,3.6043361035721957,-0.000521511426435769,-8.168668414200803e-11,5.645634015085498e-07,6152.335690853185,0.0,0.9760430332237018,-0.8266357225801363,-2.6878526482159653,-0.4580094117956732,-0.2381387809570836,0.8598939507459086,0.17457736018150177,0.3490079523509345,0.5235982339928568,315.823532391313,0.6490413205799551,46241.66177998619,248.19848481817306,0.7246096346890566,0.47837705933782704,0.5951288086142825,228.84877443227674,16995.71864172627,9.745461566640419,-2.3323511886830355e-05,0.4135187230998981,228.8484020679456,-22.790663100754365,-17.38058135681863,-11.818093072251996,0.0,0.0,0.0,-0.15924464365428284,-0.12144291161845319,0.08257627308358682,0.0,0.0,0.0,0.0,0.0,0.0,0.0,0.0,0.5,0.0,0.0,1.0,0.0,0.0,0.0
25.3,172.21698566526572,121.35296866700281,91.29741313427951,0.17453292519943295,0.3490658503988659,0.5235987755982988,0.0678133457787233,-0.34650967633972357,0.6273232857372794,0.6941141510857182,6384266.412655467,3.6458237055335023,-0.0005244878760394493,-8.215319383360422e-11,5.710638420078229e-07,6129.412656508386,0.0,0.9281527556321676,-0.8490619446533596,-2.599951648076605,-0.49939281641790995,-0.20998509446528243,0.8978299231919719,0.17457424380977615,0.3490057190937881,0.5236007614670796,315.9181207012301,0.6506995054663266,46387.64494502214,248.3471975832765,0.7268019395979076,0.48745929711649133,0.5568557267942383,229.60990354316178,17152.67077798505,9.745531915602035,-2.2636470259277734e-05,0.4164767537801121,229.60952048912208,-23.46804940147435,-16.536773083225278,-12.441125788735206,0.0,0.0,0.0,-0.16397772840910407,-0.11554699067719452,0.08692957436677962,0.0,0.0,0.0,0.0,0.0,0.0,0.0,0.0,0.5,0.0,0.0,1.0,0.0,0.0,0.0
25.400000000000002,175.69870926844027,114.2620641546148,95.62320175653127,0.17453292519943295,0.3490658503988659,0.5235987755982988,0.04168747811570363,-0.3414230200973882,0.6432997226780292,0.6839989525063053,6384243.413727969,3.6876059271356425,-0.0005262233165594262,-8.242532160629966e-11,5.776104839126337e-07,6106.413729034053,0.0,0.8762371284123549,-0.8685312863712011,-2.5083408996971124,-0.5383875379860663,-0.17892361638973958,0.9339471392034232,0.1745709293648373,0.34900369738209647,0.5236032139348086,316.01301600430446,0.6523639029428314,46534.19448016833,248.49640294259515,0.7289860337834841,0.4984133649172732,0.518982806285603,230.36907582401238,17310.44869752125,9.745602498232621,-2.415767111093222e-05,0.41944176225415225,230.36870232044825,-24.08310970656167,-15.661934386435162,-13.107126849864741,0.0,0.0,0.0,-0.1682753242568652,-0.10943425161780716,0.09158310731507881,0.0,0.0,0.0,0.0,0.0,0.0,0.0,0.0,0.5,0.0,0.0,1.0,0.0,0.0,0.0
25.5,178.65861533552902,107.05455430388753,100.19869794577956,0.17453292519943295,0.3490658503988659,0.5235987755982988,0.015517111350682518,-0.33597282262591993,0.6585914102219842,0.6731558624187148,6384220.3391033225,3.729685289748385,-0.000529496108517401,-8.293825720176811e-11,5.842037228733561e-07,6083.339104412124,0.0,0.8206157563154418,-0.8847603368164023,-2.413283752289766,-0.5733276086920973,-0.14511259542057095,0.9665683900371344,0.17456743090598442,0.34900189579612345,0.5236055809900884,316.10817987343904,0.654038932020219,46681.81936483335,248.64610108529334,0.7311619728178538,0.5111267059103923,0.4815871864246547,231.12628042012466,17469.16976452852,9.74567331393823,-2.2752113499890925e-05,0.42241144502560246,231.1258895653556,-24.632394076759915,-14.76004929497985,-13.814804335874921,0.0,0.0,0.0,-0.1721133255212598,-0.10313253194554552,0.09652784492905897,0.0,0.0,0.0,0.0,0.0,0.0,0.0,0.0,0.5,0.0,0.0,1.0,0.0,0.0,0.0
25.6,181.07855402077087,99.76199823390714,105.00889095569467,0.17453292519943295,0.3490658503988659,0.5235987755982988,-0.01066992590187973,-0.3301632156988438,0.6731787317184076,0.6615930692443805,6384197.188615841,3.7720620357953796,-0.0005318078032041554,-8.330065434130691e-11,5.908435978474685e-07,6060.188616955653,0.0,0.7617685122511153,-0.8974714063916549,-2.3152056063169675,-0.6024010322707937,-0.10885229004601578,0.9938750645664697,0.17456376253419445,0.3490003231129789,0.5236078520805589,316.2036397109953,0.6557214585227206,46830.158630724734,248.79629204920326,0.7333296220739208,0.5255138978180568,0.4447471384817252,231.8814962696164,17628.754374106466,9.745744363238614,-2.3361678068193667e-05,0.4253879952849834,231.88110653011515,-25.11206024441816,-13.835019530638704,-14.562692613156301,0.0,0.0,0.0,-0.1754648852193725,-0.09666909406570448,0.10175354642279685,0.0,0.0,0.0,0.0,0.0,0.0,0.0,0.0,0.5,0.0,0.0,1.0,0.0,0.0,0.0
25.700000000000003,182.9478012626082,92.417343235117,110.03538955698045,0.17453292519943295,0.3490658503988659,0.5235987755982988,-0.036845651925035555,-0.32400210244077726,0.6870494833176204,0.6493263129543676,6384173.962827409,3.81473593443678,-0.0005339523758853751,-8.363687753684375e-11,5.975300731382731e-07,6036.962828547693,0.0,0.7003824844740825,-0.9064594891846796,-2.214737897807827,-0.6239305830997802,-0.0706284112969096,1.0141803229768345,0.17455994069587305,0.34899898494506243,0.5236100179827351,316.2993758680914,0.6574135023925225,46979.446414748374,248.94697286440962,0.7354890315888867,0.5414897472354089,0.4085345599099954,232.6347223105726,17789.253953268057,9.745815644413216,-2.4113379249494504e-05,0.42837035534877077,232.63433470094733,-25.5193825524372,-12.891270847880673,-15.34884353756053,0.0,0.0,0.0,-0.17831095843392436,-0.09007486194439218,0.10724659957626533,0.0,0.0,0.0,0.0,0.0,0.0,0.0,0.0,0.5,0.0,0.0,1.0,0.0,0.0,0.0
25.8,184.2554277367926,85.05341097344031,115.25994395829268,0.17453292519943295,0.3490658503988659,0.5235987755982988,-0.06298229806469832,-0.317496009049544,0.700188912221306,0.6363685763174686,6384150.661937169,3.857708547798652,-0.0005374037922763297,-8.417780543311379e-11,6.042633941579979e-07,6013.661938333884,0.0,0.6372825938010451,-0.9115585096868373,-2.1126517210826834,-0.6365246470467297,-0.031061260425293113,1.0260877685256466,0.17455598160494726,0.34899788697325057,0.5236120695050444,316.395394794825,0.659114188718553,47129.582302641036,249.0981419561501,0.7376401502543664,0.5589906707830978,0.373023261371904,233.38594655624428,17950.645389118163,9.745887156858375,-2.246272023143092e-05,0.431357442202156,233.38553937327669,-25.851478206135717,-11.933197448480607,-16.171246436955002,0.0,0.0,0.0,-0.18063140228404673,-0.08338053908034787,0.11299295526918006,0.0,0.0,0.0,0.0,0.0,0.0,0.0,0.0,0.5,0.0,0.0,1.0,0.0,0.0,0.0
25.900000000000002,184.99010642805757,77.70352949006279,120.66409091229623,0.17453292519943295,0.3490658503988659,0.5235987755982988,-0.08905167971999542,-0.3106502900447408,0.7125794977392436,0.6227304940481373,6384127.2857856145,3.900979798331599,-0.0005391778985003315,-8.445600697029009e-11,6.110435497623279e-07,5990.285786806606,0.0,0.5734089353218673,-0.9126511667663493,-2.0098336980223923,-0.639264629041912,0.009117156309904149,1.0286785687667277,0.17455190156092054,0.34899703505694735,0.5236139973073378,316.49169844199065,0.6608233909422017,47280.55185247351,249.2498003109138,0.7397829061157538,0.5779706390793469,0.3382912167828767,234.13514909479315,18112.928852055808,9.745958901074982,-2.4048088728060642e-05,0.434351670788729,234.1347519851242,-26.10539599870241,-10.965331123608456,-17.02786411615855,0.0,0.0,0.0,-0.1824055958744661,-0.07661779034733078,0.11897837905740728,0.0,0.0,0.0,0.0,0.0,0.0,0.0,0.0,0.5,0.0,0.0,1.0,0.0,0.0,0.0
26.0,185.14843797433898,70.40103884176871,126.22673455273,0.17453292519943295,0.3490658503988659,0.5235987755982988,-0.11502633994921738,-0.3034738373520335,0.7242115459020327,0.6084297866672337,6384103.834935357,3.944550685730751,-0.000541905040762222,-8.488349418846863e-11,6.178706970051937e-07,5966.834936574723,0.0,0.5097632062561778,-0.9097347153859183,-1.9072317778399617,-0.6320009723644635,0.04911564413948846,1.0218001107432462,0.17454771853020137,0.3489964316545403,0.5236157937625523,316.5882739660278,0.6625423196367062,47432.49583853762,249.40194468880895,0.7419173295354882,0.5983780117132163,0.3044094566934079,234.88232744250402,18276.134627222124,9.746030875340137,-2.3709280165225698e-05,0.43735057403005345,234.8819223518491,-26.27929763037682,-9.992449114700825,-17.916179782959563,0.0,0.0,0.0,-0.183620694498164,-0.06981999564775354,0.1251852854201959,0.0,0.0,0.0,0.0,0.0,0.0,0.0,0.0,0.5,0.0,0.0,1.0,0.0,0.0,0.0
26.1,184.7267869507535,63.17919019480598,131.92690879062698,0.17453292519943295,0.3490658503988659,0.5235987755982988,-0.1408787177379932,-0.2959742820439956,0.7350727287221466,0.5934816490533144,6384080.309588605,3.98842131190014,-0.0005450176806761941,-8.537136975822428e-11,6.247448525841991e-07,5943.309589850716,0.0,0.4473228743810532,-0.902865915358028,-1.8057701068066518,-0.6152452784961204,0.0881652805845897,1.0059655153177025,0.17454345026183565,0.34899607932943366,0.523617451245225,316.6851388101487,0.6642687968797284,47585.16371049756,249.5545730670912,0.7440433486116229,0.6201749371145304,0.27145317479827935,235.62747113583967,18440.203153478622,9.74610307904076,-2.2825406624349398e-05,0.4403548172588927,235.6270532967283,-26.371168912841924,-9.019315086381948,-18.833580409722614,0.0,0.0,0.0,-0.18426262446630667,-0.06302044001909932,0.1315954164133684,0.0,0.0,0.0,0.0,0.0,0.0,0.0,0.0,0.5,0.0,0.0,1.0,0.0,0.0,0.0
26.200000000000003,183.72122447547827,56.071784587359254,137.7433674584461,0.17453292519943295,0.3490658503988659,0.5235987755982988,-0.16658054290807256,-0.2881581287719376,0.7451477471174952,0.5778990177088179,6384056.709592326,4.032592460618964,-0.0005467311297727461,-8.564008038767799e-11,6.316661402904975e-07,5919.709593599351,0.0,0.3869964218456794,-0.8921571139523671,-1.7063027645080826,-0.5900909366205493,0.12556757982227312,0.9822744008785831,0.17453911462881241,0.3489959807991909,0.523618961985603,316.7822669170492,0.6660060231984555,47738.92488412388,249.70768748063756,0.7461609523766458,0.643334619621665,0.23950369133644603,236.3705586367303,18605.226474330306,9.746175512657976,-2.4459447968657355e-05,0.44336560375877815,236.37015125059622,-26.379135190581387,-8.050904119492447,-19.77754202111946,0.0,0.0,0.0,-0.1843182870441906,-0.0562538857222165,0.1381911363257582,0.0,0.0,0.0,0.0,0.0,0.0,0.0,0.0,0.5,0.0,0.0,1.0,0.0,0.0,0.0
26.3,182.13595073981654,49.11123333097206,143.65310203176276,0.17453292519943295,0.3490658503988659,0.5235987755982988,-0.19210513740059554,-0.2800351950044652,0.7544295450924452,0.5617014679790504,6384033.035509614,4.0770652777431255,-0.0005499827481557576,-8.61497340483822e-11,6.386347400765806e-07,5896.035510916263,0.0,0.32953518516863833,-0.8778198160333057,-1.609527326310492,-0.5581435204954874,0.16077160891310366,0.9523356756016804,0.1745347304316249,0.34899613527434076,0.5236203202438677,316.87968960078973,0.667749944072403,47893.312293121875,249.86128296379277,0.7482700718045698,0.6678202362877133,0.2086337531039852,237.11158874791508,18771.08870205264,9.74624817446727,-2.3149477006730456e-05,0.44638042595397087,237.1111646394747,-26.30219401477734,-7.092120463292227,-20.74491791302888,0.0,0.0,0.0,-0.18378067784567403,-0.049554600098179497,0.1449504582685129,0.0,0.0,0.0,0.0,0.0,0.0,0.0,0.0,0.5,0.0,0.0,1.0,0.0,0.0,0.0
26.400000000000002,179.9749011194933,42.32989876248194,149.63321422568447,0.17453292519943295,0.3490658503988659,0.5235987755982988,-0.21742542551872673,-0.27161413537973217,0.7629083349604442,0.5449062450029855,6384009.287545779,4.121838620119418,-0.000552442511075496,-8.653535516514854e-11,6.456504736232009e-07,5872.287547109649,0.0,0.27552937844565134,-0.8600946454920674,-1.515979271754535,-0.521163328342588,0.19337827185510012,0.9179175202637048,0.17453031627509713,0.34899654210193265,0.523621520253121,316.9773647853382,0.6695054960177828,48048.897347549406,250.015359797585,0.7503707724260247,0.6936030454631394,0.17892157834103462,237.85055005554,18937.92843592544,9.746321063846056,-2.3546619530634416e-05,0.4494013405291355,237.85012492763764,-26.139662722017217,-6.148019917364837,-21.732817895945473,0.0,0.0,0.0,-0.1826450269133675,-0.04295790941193769,0.15185318769109027,0.0,0.0,0.0,0.0,0.0,0.0,0.0,0.0,0.5,0.0,0.0,1.0,0.0,0.0,0.0
26.5,177.2418380555511,35.760718183181474,155.66047073801832,0.17453292519943295,0.3490658503988659,0.5235987755982988,-0.24251331003477553,-0.2629025343828332,0.770571157643249,0.5275284472088476,6383985.465554492,4.166914811178647,-0.0005545270015813659,-8.686219675724377e-11,6.527137059133802e-07,5848.465555851348,0.0,0.2254128514321931,-0.8392400598495635,-1.426035163585818,-0.4808885537771268,0.22313317262058446,0.8807710422401289,0.1745258909211484,0.3489972007543609,0.523622556111285,317.07534045256057,0.6712670021261049,48205.02318746001,250.16991707809242,0.7524628709693891,0.7206601771867406,0.15045259925743898,238.58742164575511,19105.588816481748,9.746394181254963,-2.447860544189475e-05,0.4524276464873272,238.5870001353632,-25.890395978845536,-5.223689825747247,-22.73794604723164,0.0,0.0,0.0,-0.18090333148679066,-0.036499360338229446,0.15887629507374276,0.0,0.0,0.0,0.0,0.0,0.0,0.0,0.0,0.5,0.0,0.0,1.0,0.0,0.0,0.0
26.6,173.94853201727992,29.433864581766205,161.71083115839954,0.17453292519943295,0.3490658503988659,0.5235987755982988,-0.26734315305304296,-0.25391105714331663,0.7774137010527253,0.5095893497886421,6383961.570099031,4.212294125029421,-0.0005580151202702904,-8.740890968197045e-11,6.598244803515838e-07,5824.570100420465,0.0,0.17941447973020222,-0.8155610959925427,-1.3398681904727539,-0.4389122520076794,0.2499529158964367,0.8424990265279029,0.1745214732864327,0.3489981072239018,0.5236234241850245,317.1735601083082,0.6730409591981253,48362.443395559654,250.32495327447464,0.7545465043356754,0.7489550254767844,0.12330102765599561,239.32220170197857,19274.251160045595,9.7464675249688,-2.2797687970902803e-05,0.45545794821228947,239.32176015399557,-25.554937951839165,-4.3241409530209785,-23.757111237331934,0.0,0.0,0.0,-0.1785593938077755,-0.030213964470034417,0.16599748311486645,0.0,0.0,0.0,0.0,0.0,0.0,0.0,0.0,0.5,0.0,0.0,1.0,0.0,0.0,0.0
26.700000000000003,170.10647045025146,23.37950720241355,167.76034238529994,0.17453292519943295,0.3490658503988659,0.5235987755982988,-0.2918886283939449,-0.24464928303315878,0.7834287846245763,0.4911080511727862,6383937.601388046,4.257974944635352,-0.0005598917287084578,-8.770319568703134e-11,6.669825443953146e-07,5800.601389465853,0.0,0.13763662581812644,-0.7893505103092939,-1.2575226090021927,-0.39653494389095845,0.27385625376754885,0.8044164782025964,0.17451708211861788,0.3489992576660088,0.5236241207874189,317.27208087287306,0.6748203546328824,48520.346201692344,250.48046476030243,0.7566215052349944,0.778454331484679,0.09754696954194193,240.05487939907206,19443.715326152113,9.746541094354702,-2.4275356430791705e-05,0.4584947164029388,240.05444672611785,-25.13328607391247,-3.4543297572987073,-24.786644892854593,0.0,0.0,0.0,-0.17561319593938732,-0.024136353946068834,0.17319111848120075,0.0,0.0,0.0,0.0,0.0,0.0,0.0,0.0,0.5,0.0,0.0,1.0,0.0,0.0,0.0
26.8,165.72709452393758,17.628392437201352,173.7846716911864,0.17453292519943295,0.3490658503988659,0.5235987755982988,-0.3161220687044656,-0.23512581168335253,0.7886059173317744,0.4721016831226757,6383913.559281846,4.3039609504692535,-0.0005625523601405806,-8.81202972015112e-11,6.741884756205757e-07,5776.559283296888,0.0,0.10008691433430969,-0.7608847922707211,-1.1789438469941516,-0.3547612285965191,0.29493295760446064,0.7675478828761734,0.17451273635128814,0.3490006483285587,0.5236246421093054,317.3708424611662,0.6766125797595715,48679.58848601805,250.6364548322437,0.7586879457725569,0.8091260716474018,0.07327789169370394,240.7854331676314,19614.196735952497,9.746614889853031,-2.4124077562248695e-05,0.46153567665038514,240.78499401300442,-24.625968136925415,-2.619450684039356,-25.823301088690986,0.0,0.0,0.0,-0.17206842570879866,-0.018302823788220873,0.18043452099951127,0.0,0.0,0.0,0.0,0.0,0.0,0.0,0.0,0.5,0.0,0.0,1.0,0.0,0.0,0.0
26.900000000000002,160.82941331653043,12.207212786818989,179.75968637718412,0.17453292519943295,0.3490658503988659,0.5235987755982988,-0.34001913649696275,-0.2253520584967525,0.7929435967411059,0.4525930266373996,6383889.444343835,4.350250982258391,-0.0005657987776834556,-8.862916293628557e-11,6.814420927471418e-07,5752.44434531716,0.0,0.0666471414983776,-0.7304489501222261,-1.1039541377073485,-0.3142979172034716,0.3133546762472076,0.7326163089190106,0.1745084542940009,0.34900227213794444,0.5236249867631472,317.4699016661661,0.6784104240905233,48839.33519683624,250.7929175132897,0.760745694943896,0.8409215783586425,0.05056636068736517,241.51386161869826,19785.48386360172,9.746688909738076,-2.303032544640846e-05,0.46458115951753604,241.51340761450686,-24.03419281122171,-1.8242209583870594,-26.86314627820432,0.0,0.0,0.0,-0.1679335284287821,-0.012746334548528613,0.18770020589545405,0.0,0.0,0.0,0.0,0.0,0.0,0.0,0.0,0.5,0.0,0.0,1.0,0.0,0.0,0.0
27.0,155.4321434200504,7.142705183199804,185.66131190743963,0.17453292519943295,0.3490658503988659,0.5235987755982988,-0.36355449690867303,-0.21533841886846,0.796437273953383,0.432602816634355,6383865.256786142,4.396844064455233,-0.0005675067008987035,-8.889703621098535e-11,6.887432437237971e-07,5728.256787655875,0.0,0.037162149497757105,-0.6982986279676594,-1.032334819035447,-0.27559901954234933,0.32930860053553773,0.7000971225775605,0.17450425411861117,0.3490041222057368,0.523625153283476,317.56920283537437,0.6802205491672197,49000.360323437395,250.94985358306832,0.7627948547435911,0.8737915237901891,0.029490323888050424,242.2401539478474,19957.770287576885,9.74676315336628,-2.4757570486144687e-05,0.46763267580587353,242.23971109503805,-23.359656207593748,-1.0734661042461178,-27.902751141300666,0.0,0.0,0.0,-0.16322035529285214,-0.007500603492311993,0.19496421156449303,0.0,0.0,0.0,0.0,0.0,0.0,0.0,0.0,0.5,0.0,0.0,1.0,0.0,0.0,0.0
27.1,149.55408498089957,2.4621625051523983,191.4650644010205,0.17453292519943295,0.3490658503988659,0.5235987755982988,-0.3867011786186625,-0.20509444270014984,0.7990790629150986,0.41215008929845753,6383840.9964756565,4.443744282662743,-0.0005707241342176258,-8.940137051359477e-11,6.960925696126573e-07,5703.996477203133,0.0,0.011459212474610375,-0.6646637315534645,-0.9638439423803129,-0.23892559509202885,0.34298276535302946,0.6702784896354221,0.17450015420745318,0.3490061916984456,0.5236251400992401,317.6687963356077,0.6820368931172758,49161.95969837477,251.1072619446165,0.7648352313335662,0.9076837958783214,0.0101341997358125,242.9642879826182,20130.88154893292,9.746837621157887,-2.3565862804275683e-05,0.47068760376380686,242.96382923327437,-22.603620679408078,-0.37211957375187754,-28.93808772953273,0.0,0.0,0.0,-0.15793772671185577,-0.002600102009183749,0.20219839362081934,0.0,0.0,0.0,0.0,0.0,0.0,0.0,0.0,0.5,0.0,0.0,1.0,0.0,0.0,0.0
27.200000000000003,143.2208573834333,-1.8123271592227221,197.14767801585984,0.17453292519943295,0.3490658503988659,0.5235987755982988,-0.40943638923492803,-0.19463217972793972,0.8008702837627709,0.3912589001962309,6383816.663975799,4.490949120873351,-0.0005733589593879295,-8.981444637640485e-11,7.034896767624709e-07,5679.6639773796,0.0,-0.010687572879012662,-0.6297688588809043,-0.8981901770096313,-0.20436443384618536,0.35458447316035396,0.643270037638485,0.17449617156189193,0.3490084707466097,0.5236249481224207,317.76863359387363,0.6838650831141512,49324.788853696125,251.265140766863,0.7668669491152962,0.9425283204870469,-0.007437046799252635,243.6862632172718,20304.97996344635,9.746912311387014,-2.369471542825362e-05,0.4737478150137331,243.68580079269094,-21.768932366447284,0.275477047678056,-29.96560899391186,0.0,0.0,0.0,-0.15210552944878286,0.0019248340471047498,0.2093779678556663,0.0,0.0,0.0,0.0,0.0,0.0,0.0,0.0,0.5,0.0,0.0,1.0,0.0,0.0,0.0
27.3,136.4577884755987,-5.658582531576439,202.6859107724252,0.17453292519943295,0.3490658503988659,0.5235987755982988,-0.43173600936592915,-0.18396273452381484,0.8018090298511726,0.36995140763249973,6383792.259502432,4.538459057467845,-0.0005753593791246426,-9.012814887076888e-11,7.109346408808138e-07,5655.25950404536,0.0,-0.029488798038320843,-0.5938112917446025,-0.835091959042173,-0.17190059597215793,0.3642980342349035,0.6190850817780186,0.17449232308212273,0.3490109496823836,0.5236245781648968,317.86875579599325,0.6856999503477613,49488.24725929497,251.4234869902957,0.7688898749108549,0.9782515693353144,-0.02315445043382945,244.40606788205034,20479.91219215079,9.746987223398628,-2.485512837324677e-05,0.4768129769743723,244.40561104318363,-20.858071884935253,0.8649350288390891,-30.981282521010524,0.0,0.0,0.0,-0.14574109625278908,0.006043539402196181,0.2164747586851776,0.0,0.0,0.0,0.0,0.0,0.0,0.0,0.0,0.5,0.0,0.0,1.0,0.0,0.0,0.0
27.400000000000002,129.29041774126222,-9.05391003256462,208.05609910526962,0.17453292519943295,0.3490658503988659,0.5235987755982988,-0.4535740370487038,-0.1730965296803852,0.8018901387066028,0.34824839789857526,6383767.782928796,4.58627750605924,-0.0005788885933123706,-9.068133632247056e-11,7.184279977903691e-07,5630.782930442442,0.0,-0.0451353980164062,-0.5569671753976685,-0.7742799416301143,-0.14145326448707574,0.3722840102736044,0.5976770511920272,0.17448862589711933,0.349013618851254,0.5236240309538499,317.96912419396375,0.687546343347212,49652.89930485528,251.58230298959427,0.7709040315439685,1.0147745668056023,-0.03694438270786516,245.12368039396083,20655.825313951478,9.74706235759356,-2.3126875954441582e-05,0.4798813680930939,245.12320290629725,-19.87388990831288,1.3917328558229516,-31.981412060912792,0.0,0.0,0.0,-0.1388643455647843,0.009724420992390851,0.22346293939259138,0.0,0.0,0.0,0.0,0.0,0.0,0.0,0.0,0.5,0.0,0.0,1.0,0.0,0.0,0.0
27.5,121.75007028358866,-11.981784221750537,213.23678316978584,0.17453292519943295,0.3490658503988659,0.5235987755982988,-0.47492944165192713,-0.1620461209343046,0.8011177129798078,0.3261749449879006,6383743.234818507,4.634401273982877,-0.0005809020833777192,-9.099709403442705e-11,7.259692478387851e-07,5606.234820189576,0.0,-0.05783685131993552,-0.5194054428072957,-0.7154714150350634,-0.11287477796249791,0.3787006450544371,0.578927247497397,0.1744850950483792,0.34901646596573604,0.523623309666356,318.0697723186852,0.6893998084382992,49818.22765702803,251.74158369165724,0.7729093444318829,1.0520018252186578,-0.04875754263537868,245.8390998518161,20832.582498801286,9.74713771224519,-2.443407572627624e-05,0.4829555318776689,245.83862943483643,-18.820041798272864,1.8521455027904565,-32.962046171555166,0.0,0.0,0.0,-0.13150081840424693,0.012941451035621084,0.23031490016328568,0.0,0.0,0.0,0.0,0.0,0.0,0.0,0.0,0.5,0.0,0.0,1.0,0.0,0.0,0.0
27.6,113.86779374056728,-14.425539975307935,218.20649272414124,0.17453292519943295,0.3490658503988659,0.5235987755982988,-0.49577953916258577,-0.1508232215426695,0.7994925073467559,0.3037544302316552,6383718.615391067,4.682832284431609,-0.0005834428583242788,-9.139545357112832e-11,7.335586930696661e-07,5581.615392784588,0.0,-0.0677714201230503,-0.4812757976839493,-0.6584077005554743,-0.08600046536137845,0.3836777447435217,0.5627054318390097,0.17448174551845258,0.3490194789487345,0.5236224173601723,318.1706654828494,0.6912645158406514,49984.71913817961,251.9013290108268,0.7749058663482546,1.0898336619377784,-0.05854247679978891,246.55231518258813,21010.308944410703,9.74721328668729,-2.4573111701897687e-05,0.486033410866753,246.5518407531615,-17.700436831907723,2.2424107002622047,-33.919601969066406,0.0,0.0,0.0,-0.12367782996752694,0.015668341518241563,0.2370056064002939,0.0,0.0,0.0,0.0,0.0,0.0,0.0,0.0,0.5,0.0,0.0,1.0,0.0,0.0,0.0
27.700000000000003,105.6749650656432,-16.368063695923603,222.94333718959584,0.17453292519943295,0.3490658503988659,0.5235987755982988,-0.5160995652900914,-0.13943903057447024,0.7970121590923771,0.2810091983794299,6383693.924526046,4.731572621775131,-0.0005868452982931704,-9.192879628476498e-11,7.411966611058848e-07,5556.924527798779,0.0,-0.07508839761559767,-0.44271462564017805,-0.6028498791059794,-0.06065969314449497,0.38732009555158164,0.5488813069785868,0.17447859252773637,0.34902264569302555,0.5236213570333542,318.27183529711345,0.6931366262944054,50151.92596103598,252.0615384967138,0.7768934467565881,1.1281645655131765,-0.0662452835897155,247.26330377243815,21188.890711551645,9.74728908130135,-2.3218994385842945e-05,0.48911492042808885,247.26281193946022,-16.518848011355608,2.5586233402953336,-34.850010553292535,0.0,0.0,0.0,-0.11542174326031403,0.017877806374899857,0.2435066275769472,0.0,0.0,0.0,0.0,0.0,0.0,0.0,0.0,0.5,0.0,0.0,1.0,0.0,0.0,0.0
27.8,97.20746921314074,-17.799144088624143,227.42854723441354,0.17453292519943295,0.3490658503988659,0.5235987755982988,-0.5358704339572739,-0.12790647694843804,0.7936834703553999,0.25796507662982643,6383669.162787374,4.7806194666839215,-0.0005885789508569954,-9.220072906193841e-11,7.488827107712031e-07,5532.162789164422,0.0,-0.07994411601264861,-0.40385232996864845,-0.5485589541020651,-0.03666454310617045,0.38972698834374986,0.5373002898357188,0.17447564858129122,0.34902595196425623,0.5236201340065387,318.37324964878627,0.6950198104854381,50320.27803427886,252.22220967347474,0.7788721739912743,1.1668775396319264,-0.07184056779268552,247.9720657361442,21368.436213340094,9.747365094359646,-2.4984286383755733e-05,0.4922019536855515,247.97158523683828,-15.280185841740185,2.7978814988657263,-35.749898184377514,0.0,0.0,0.0,-0.10676686933512665,0.01954956906273762,0.24979439044314838,0.0,0.0,0.0,0.0,0.0,0.0,0.0,0.0,0.5,0.0,0.0,1.0,0.0,0.0,0.0
27.900000000000002,88.50093599786517,-18.708388336364635,231.64330589032568,0.17453292519943295,0.3490658503988659,0.5235987755982988,-0.5550711214200232,-0.11623778328643963,0.7895098835243725,0.23464647135717714,6383644.330398097,4.829975400656902,-0.0005917028320918693,-9.26904447470682e-11,7.566172472448466e-07,5507.330399923958,0.0,-0.08246390172226657,-0.364808054065454,-0.4953182022061712,-0.01383905361759985,0.3909740277127726,0.5278246120445071,0.17447292617195126,0.3490293837373507,0.5236187534662479,318.4749355018726,0.6969105868847711,50489.36946077127,252.3833399881389,0.780841947938459,1.2058531368423604,-0.075302344780068,248.6785890068573,21548.83795966296,9.747441325185044,-2.402456749450721e-05,0.49529178136241114,248.67809447849044,-13.989205494062114,2.9572058865731403,-36.61549757509707,0.0,0.0,0.0,-0.09774643388215944,0.020662812465693462,0.25584257192488585,0.0,0.0,0.0,0.0,0.0,0.0,0.0,0.0,0.5,0.0,0.0,1.0,0.0,0.0,0.0
28.0,79.5914316217946,-19.08503606620555,235.56839579909237,0.17453292519943295,0.3490658503988659,0.5235987755982988,-0.5736783505250657,-0.10444481286900241,0.7844918607066474,0.21107706192168482,6383619.427244089,4.879641075133343,-0.0005945486964574117,-9.313661368584749e-11,7.644003737018172e-07,5482.427245953431,0.0,-0.08274566421943183,-0.3256945501766944,-0.44292744796741423,0.007980499047372198,0.3911163502885356,0.5203337407930949,0.1744704380284767,0.34903292691515925,0.5236172205672176,318.57686603122386,0.6988123833871417,50659.60094904723,252.5449312672354,0.7828027642264428,1.2449682315396546,-0.07660396048966396,249.3828519867134,21730.20401397951,9.74751777413976,-2.3812759863517426e-05,0.4983859933511591,249.3823504605742,-12.650927420262201,3.033541528750709,-37.44329568736982,0.0,0.0,0.0,-0.08839551618264094,0.02119619063389101,0.26162662545697457,0.0,0.0,0.0,0.0,0.0,0.0,0.0,0.0,0.5,0.0,0.0,1.0,0.0,0.0,0.0
28.1,70.51805223666814,-18.925701758082376,239.18852680368994,0.17453292519943295,0.3490658503988659,0.5235987755982988,-0.591675136304149,-0.09254073835411154,0.7786388009522203,0.18728317019437096,6383594.453889789,4.929615001511988,-0.0005964741330738374,-9.343860068347438e-11,7.722318574194124e-07,5457.453891692062,0.0,-0.08089238100741651,-0.28661983800006696,-0.3911908795197786,0.028956836911853648,0.39020553873309116,0.5146981973439965,0.17446819364073932,0.34903656586223175,0.5236155425696958,318.6790650305669,0.7007218968980196,50830.58764877265,252.70697881083788,0.7847545713067817,1.284096317357691,-0.07574955943126564,250.08485370025366,21912.428135429476,9.747594439494371,-2.5186182564122354e-05,0.5014847461059991,250.0843596166268,-11.270991715058837,3.0249252050339597,-38.22990986067697,0.0,0.0,0.0,-0.07875352513264565,0.02113598600562645,0.26712291545818817,0.0,0.0,0.0,0.0,0.0,0.0,0.0,0.0,0.5,0.0,0.0,1.0,0.0,0.0,0.0
28.200000000000003,61.31967167366601,-18.226782676429515,242.4883284492629,0.17453292519943295,0.3490658503988659,0.5235987755982988,-0.6090423399498509,-0.08053818508777062,0.7719568458166606,0.16329001495241022,6383569.410561513,4.9798993254573425,-0.0006000053109478894,-9.399213392353935e-11,7.801120353163496e-07,5432.410563454962,0.0,-0.0769807742155836,-0.24768707933185224,-0.33992903591046203,0.04923510384605899,0.38827497303218667,0.5108089943619887,0.17446620253459577,0.34904028514068725,0.523613726590911,318.7815053326488,0.702642414638396,51002.715055779336,252.86948219677285,0.7866974056312313,1.3231119286441309,-0.07274317698382875,250.78458320841332,22095.61208054143,9.747671320561672,-2.3488101788871185e-05,0.5045859323511267,250.7840685387875,-9.855184234031183,2.929374805296014,-38.97227571908294,0.0,0.0,0.0,-0.06886088809955056,0.02046834903122048,0.27231003028939516,0.0,0.0,0.0,0.0,0.0,0.0,0.0,0.0,0.5,0.0,0.0,1.0,0.0,0.0,0.0
28.3,52.0356898556463,-16.984402928052173,245.45206055116543,0.17453292519943295,0.3490658503988659,0.5235987755982988,-0.6257583898026213,-0.06844955731000305,0.7644492540474447,0.13912236422103688,6383544.297151661,5.030493787119754,-0.0006021861521761466,-9.433413856038498e-11,7.880408678300352e-07,5407.297153642711,0.0,-0.07106440227171466,-0.20899845716862636,-0.288973569909411,0.06894536436153843,0.385341894729208,0.5085746086156245,0.17446447445911664,0.34904406920332515,0.5236117797452318,318.8842131593052,0.7045707094340165,51175.605302829295,253.03244109664965,0.7886311294784774,1.3618895597867018,-0.06758875414874492,251.48201783157944,22279.656638465865,9.747748417683919,-2.4564517931461632e-05,0.5076921310149725,251.48150789437963,-8.409326348814176,2.7448009699300675,-39.66687888124333,0.0,0.0,0.0,-0.05875828061120169,0.019178680779322114,0.2771634139996615,0.0,0.0,0.0,0.0,0.0,0.0,0.0,0.0,0.5,0.0,0.0,1.0,0.0,0.0,0.0
28.400000000000002,42.70691658415238,-15.202250592159725,248.06857870893495,0.17453292519943295,0.3490658503988659,0.5235987755982988,-0.6418085506948977,-0.056288149617120024,0.7561279264515091,0.11480679130090725,6383519.114225105,5.081398448271034,-0.0006046056155177094,-9.471352786994258e-11,7.96018365103993e-07,5382.114227128525,0.0,-0.06320338412575097,-0.17065201427543283,-0.23816265232619116,0.08820971943023494,0.38142279834349146,0.5078965946862186,0.17446301552651053,0.3490479016120464,0.5236097109544334,318.98715956839465,0.7065101079635207,51349.649727054144,253.19585290904925,0.7905558246886969,1.4003094246423868,-0.060320664176400314,252.17715763103377,22464.66290985763,9.747825729130216,-2.4999305987686732e-05,0.5108016012723601,252.17664623225207,-6.939855203138019,2.4703627220374624,-40.311197408366816,0.0,0.0,0.0,-0.048490680764766994,0.017261105112587036,0.2816654451076654,0.0,0.0,0.0,0.0,0.0,0.0,0.0,0.0,0.5,0.0,0.0,1.0,0.0,0.0,0.0
28.5,33.37397848018135,-12.883767115703401,250.3266232351091,0.17453292519943295,0.3490658503988659,0.5235987755982988,-0.6571757768341421,-0.04406687115509762,0.7470016739024729,0.09036909007438984,6383493.862011322,5.1326142461356445,-0.0006081565221814047,-9.527016635833174e-11,8.040446747633193e-07,5356.8620133847,0.0,-0.05343682115342144,-0.13274585027135022,-0.18734530318938647,0.10713320423719899,0.3765201347960086,0.508692158423744,0.1744618319309193,0.3490517661057568,0.5236075289947085,319.0903705136539,0.7084572013939787,51524.44940282867,253.35971507204496,0.7924713938866412,1.4382561951493067,-0.05097223203359967,252.8699906967601,22650.521664470285,9.747903254203624,-2.339202494994197e-05,0.5139137405002394,252.8694593846385,-5.453164800372582,2.1051522332967547,-40.90229551842178,0.0,0.0,0.0,-0.0381027652238283,0.014709278784357233,0.2857956104953196,0.0,0.0,0.0,0.0,0.0,0.0,0.0,0.0,0.5,0.0,0.0,1.0,0.0,0.0,0.0
28.6,24.078101223860518,-10.03222615933481,252.21461270876165,0.17453292519943295,0.3490658503988659,0.5235987755982988,-0.6718403849603471,-0.031798540037348104,0.7370764803575592,0.06583486350185971,6383468.540409446,5.184140969091512,-0.0006099219025226596,-9.55470993100297e-11,8.121197648160056e-07,5331.540411550241,0.0,-0.041785143590782496,-0.09538133010327965,-0.13637717195903729,0.12580584104382256,0.37062342510783514,0.510890236780571,0.1744609300680916,0.349055646283251,0.5236052426675903,319.1938179616661,0.7104156134791786,51700.42960529862,253.52402937866174,0.7943778370856853,1.475617678979988,-0.03957586273301154,253.56049535381567,22837.35044676337,9.747980993225799,-2.5187120458032998e-05,0.5170308848066044,253.5599754879722,-3.955880228360497,1.6482336268991014,-41.43755528958854,0.0,0.0,0.0,-0.02764082530286006,0.01151666256546374,0.2895356180214324,0.0,0.0,0.0,0.0,0.0,0.0,0.0,0.0,0.5,0.0,0.0,1.0,0.0,0.0,0.0
28.700000000000003,14.86021625235682,-6.65835845871465,253.72605642060174,0.17453292519943295,0.3490658503988659,0.5235987755982988,-0.6857900407295701,-0.01949645443812669,0.7263666624309226,0.04123069997041835,6383443.149984641,5.235979636681429,-0.0006129274000706324,-9.601830637137264e-11,8.202437954437915e-07,5306.149986788319,0.0,-0.028278419480048566,-0.05865548709478455,-0.08512290732784403,0.14430521431704635,0.3637245363577901,0.5144095253843631,0.17446031243946608,0.3490595255317825,0.5236028622151861,319.2975290186539,0.712381573120109,51877.149112044804,253.68879098566265,0.7962750942725042,1.5122948418616187,-0.02619149768944368,254.2486706493012,23025.024140494053,9.748058944464798,-2.4512133281954692e-05,0.5201502349820035,254.24813911675554,-2.4548307321154548,1.0999277230261746,-41.9146859981539,0.0,0.0,0.0,-0.017152578818751815,0.007685498114926382,0.29286946176815043,0.0,0.0,0.0,0.0,0.0,0.0,0.0,0.0,0.5,0.0,0.0,1.0,0.0,0.0,0.0
28.8,5.761119441371481,-2.7726262707230305,254.8543197246353,0.17453292519943295,0.3490658503988659,0.5235987755982988,-0.6990099696378742,-0.00717367912375283,0.7148836219901702,0.016582712533491986,6383417.69096944,5.288129698664813,-0.0006160134172845755,-9.650213210328262e-11,8.284166812622444e-07,5280.690971629694,0.0,-0.01293078210045712,-0.0226691493440499,-0.03345447016122548,0.16269170047228954,0.35580457917540625,0.5191764813685346,0.17445998166959645,0.34906338738893916,0.5236003977372636,319.40147107016014,0.7143591050038738,52055.08153017115,253.85399965371275,0.7981632173553439,1.5481946364736592,-0.010876051967383522,254.9345057773888,23213.671403024604,9.748137107214262,-2.3893413265696495e-05,0.523272949419535,254.93396330981108,-0.9569336244692926,0.46053884727481625,-42.3318194263462,0.0,0.0,0.0,-0.006686358942507902,0.0032179118395552443,0.29578408798306616,0.0,0.0,0.0,0.0,0.0,0.0,0.0,0.0,0.5,0.0,0.0,1.0,0.0,0.0,0.0
28.900000000000002,-3.177742900767324,1.6145631998572443,255.59250221678496,0.17453292519943295,0.3490658503988659,0.5235987755982988,-0.7114825307874885,0.005156679494555709,0.702635970766722,-0.00808291170338554,6383392.163270035,5.340592086839074,-0.0006178552298623873,-9.679104997728815e-11,8.366385694180262e-07,5255.163272268759,0.0,0.004257612715138148,0.012470201325772163,0.018751892199488873,0.18100884453165644,0.34683459890646,0.5251208742381814,0.1744599405563629,0.3490672152283086,0.5235978593852038,319.5056778359517,0.7163439715792521,52233.72887678007,254.0196546563392,0.800042049076334,1.5832282540369231,0.006316203705969631,255.61797781317202,23403.15639705442,9.748215481774242,-2.5498393210051276e-05,0.5263998314829842,255.61744483341354,0.5307408952115005,-0.2696618702205775,-42.68653178000337,0.0,0.0,0.0,0.003708432894517797,-0.0018842017996835712,0.29826256094842885,0.0,0.0,0.0,0.0,0.0,0.0,0.0,0.0,0.5,0.0,0.0,1.0,0.0,0.0,0.0
29.0,-11.916939274768636,6.485749220537965,255.93910102864632,0.17453292519943295,0.3490658503988659,0.5235987755982988,-0.7231979400588084,0.017481440345121425,0.6896403489114796,-0.03273981026942056,6383366.567451554,5.393367648615833,-0.000621330561277511,-9.733587359026326e-11,8.449095931283764e-07,5229.567453832055,0.0,0.02327249744679846,0.04666061298995053,0.07160700300461013,0.1992826875908246,0.3367919846045146,0.5321563640479355,0.17446018789482917,0.3490709928965498,0.5235952583302342,319.6101107360759,0.7183407796854062,52413.63451861232,254.18575378314873,0.8019116971981087,1.6173241095391524,0.025307942314743554,256.29908696607987,23593.62511418634,9.748294066412768,-2.39492535053879e-05,0.5295283925027269,256.2985345119726,2.0011402189341894,-1.0891141839407177,-42.977778695686894,0.0,0.0,0.0,0.013982518176747592,-0.007609940937379923,0.3002975834090916,0.0,0.0,0.0,0.0,0.0,0.0,0.0,0.0,0.5,0.0,0.0,1.0,0.0,0.0,0.0
29.1,-20.417119502222306,11.823753036520081,255.89244032725088,0.17453292519943295,0.3490658503988659,0.5235987755982988,-0.7341438297427582,0.029787515402959132,0.6759106196732615,-0.05736181539140012,6383340.903749719,5.446454734214803,-0.0006237494180373496,-9.771519764371631e-11,8.532294947641149e-07,5203.903752042912,0.0,0.0441100110262269,0.07979366911760251,0.12521529564114883,0.21751912266816362,0.32564697648312924,0.5401948152227117,0.17446072263871468,0.3490747043605332,0.5235926056091832,319.71480744679684,0.7203445672236317,52594.21532233179,254.35229395393267,0.8037720363948063,1.6504155541245942,0.04602704128739096,256.9778218470853,23784.913528060406,9.748372860413633,-2.4642420836329393e-05,0.5326610246743577,256.9772704354119,3.447149580108778,-1.996277942670302,-43.203916112215545,0.0,0.0,0.0,0.024086184069355285,-0.013948544112563133,0.30187766785651654,0.0,0.0,0.0,0.0,0.0,0.0,0.0,0.0,0.5,0.0,0.0,1.0,0.0,0.0,0.0
29.200000000000003,-28.638255156682753,17.61133427245491,255.45064833225652,0.17453292519943295,0.3490658503988659,0.5235987755982988,-0.7443047516418824,0.04206163113840035,0.6614579302771282,-0.08192239781146832,6383315.172077828,5.499855850405356,-0.0006260181279417337,-9.807100402989175e-11,8.615986682208432e-07,5178.1720801973715,0.0,0.06677455712769081,0.11175181407077542,0.17967643447955747,0.23570224944843376,0.3133635927173416,0.5491411502115452,0.17446154388167384,0.3490783334049631,0.5235899123346464,319.8197260701994,0.7223607813388523,52776.112860676985,254.5192774311934,0.8056231003551999,1.6824388192447746,0.06840581161022692,257.654159892057,23977.202471638746,9.748451864055147,-2.5428752556659165e-05,0.5357965740565376,257.65361011630944,4.861493743805377,-2.9896192949016482,-43.36387136956483,0.0,0.0,0.0,0.03396859650100255,-0.020889293882055727,0.302995319319513,0.0,0.0,0.0,0.0,0.0,0.0,0.0,0.0,0.5,0.0,0.0,1.0,0.0,0.0,0.0
29.3,-36.54400194721011,23.824888809181,254.61734626714141,0.17453292519943295,0.3490658503988659,0.5235987755982988,-0.7536735952620458,0.054290850282515755,0.6463011139626829,-0.10639567413139805,6383289.3730008,5.553570811960725,-0.0006296470978962777,-9.86399113582711e-11,8.700170849447781e-07,5152.37300321584,0.0,0.09125033072363478,0.14242570951716887,0.23507129891826417,0.25379320987825127,0.29991800073996683,0.5588777253412343,0.17446264675778236,0.34908186495303306,0.5235871901801377,319.9249096026845,0.7243835536208368,52958.63723310426,254.6866987275387,0.8074647908058187,1.7133479695252933,0.09235837673619479,258.3281008250436,24170.293149687874,9.74853107560583,-2.3679480269341486e-05,0.5389338523079736,258.32752974257505,6.237171237982771,-4.0663323733982635,-43.456818629844946,0.0,0.0,0.0,0.043580834257096836,-0.028412584878245477,0.3036447674411632,0.0,0.0,0.0,0.0,0.0,0.0,0.0,0.0,0.5,0.0,0.0,1.0,0.0,0.0,0.0
29.400000000000002,-44.098036436215764,30.441097925191965,253.3959611502651,0.17453292519943295,0.3490658503988659,0.5235987755982988,-0.7622404934662985,0.06646219131252173,0.6304563291079975,-0.13075568123796594,6383263.506757664,5.607597685994881,-0.000631538001883461,-9.89365394699181e-11,8.784844429588306e-07,5126.50676012598,0.0,0.11752515694662412,0.1716981857315005,0.2914723460850889,0.2717280050261527,0.2852844574677897,0.5692752167065166,0.17446402658978408,0.34908528401550504,0.5235844506968158,320.0303074868179,0.7264192771353635,53142.54301767145,254.8545582900531,0.8092972068386817,1.7430988897586175,0.11780566162407974,258.99963395280616,24364.3968957392,9.748610494339273,-2.534324563185919e-05,0.5420754355425075,258.999072856661,7.567204874862846,-5.22367985587926,-43.48264248138008,0.0,0.0,0.0,0.05287414580388403,-0.03649929067601436,0.3038252058082837,0.0,0.0,0.0,0.0,0.0,0.0,0.0,0.0,0.5,0.0,0.0,1.0,0.0,0.0,0.0
29.5,-51.26335556832041,37.436465539412445,251.78979967639256,0.17453292519943295,0.3490658503988659,0.5235987755982988,-0.76999234582912,0.07856233454322521,0.6139371712909276,-0.1549757892693759,6383237.573268858,5.661940215020194,-0.0006343902105242376,-9.938376932625574e-11,8.870013297701952e-07,5100.573271369251,0.0,0.1455876297440869,0.19944187215753525,0.34894362197226303,0.2894145112364293,0.26943712235839656,0.5801872320261559,0.1744656788021889,0.3490885754077645,0.5235817055336162,320.1359720873443,0.7284612357799111,53327.038105881424,255.022854538659,0.8111201430428314,1.7716471523118458,0.14467420215981494,259.6687360880347,24559.29003640348,9.748690120511915,-2.5021379897793805e-05,0.5452187353078545,259.6681663209852,8.844308750213434,-6.4588042824456675,-43.44041128852779,0.0,0.0,0.0,0.061797622520670586,-0.045129445415599705,0.3035301248259039,0.0,0.0,0.0,0.0,0.0,0.0,0.0,0.0,0.5,0.0,0.0,1.0,0.0,0.0,0.0
29.6,-58.00819031996594,44.78208510094072,249.8075436079419,0.17453292519943295,0.3490658503988659,0.5235987755982988,-0.7769248024903428,0.09057871557121035,0.5967644951347576,-0.1790308519199405,6383211.573098859,5.716596741232114,-0.0006377109745313482,-9.99044081936657e-11,8.955674861284467e-07,5074.573101418403,0.0,0.17539875033852798,0.2255424405537109,0.40752298065550396,0.3067355235860136,0.2523703043317489,0.5914419047742945,0.17446759505325166,0.34909172570634656,0.5235789664199341,320.24184665467016,0.7305164572254144,53512.953601497036,255.19158600843159,0.8129337553023301,1.7989643191595224,0.17287670104253466,260.33540761957636,24755.204408126392,9.748769952393488,-2.398812578026836e-05,0.5483643360215318,260.3348229392365,10.061972849054694,-7.7678091298916625,-43.33097561606132,0.0,0.0,0.0,0.07030577713878573,-0.0542758230155725,0.30276546762449,0.0,0.0,0.0,0.0,0.0,0.0,0.0,0.0,0.5,0.0,0.0,1.0,0.0,0.0,0.0
29.700000000000003,-64.30072770240908,52.44932728733687,247.45766347890012,0.17453292519943295,0.3490658503988659,0.5235987755982988,-0.7830305532379852,0.10249858258955004,0.5789565634875862,-0.20289535712850454,6383185.506490298,5.771566127129457,-0.0006394980057857665,-1.0018477531873013e-10,9.041827346642941e-07,5048.5064929071805,0.0,0.20691506802165233,0.24987822995768974,0.46723529135445846,0.32354602449362263,0.23408388023891313,0.6028496300157548,0.17446976721434268,0.34909472154048793,0.523576244978713,320.3479852744946,0.7325777752749131,53699.44399675415,255.3607489021017,0.8147378769704061,1.8250195394000983,0.20233327843419532,260.9996374142886,24951.895987396314,9.74884998924647,-2.5782504238236416e-05,0.5515136705114224,260.99906387443446,11.213450243507825,-9.146675984196893,-43.15432026893511,0.0,0.0,0.0,0.0783514670138461,-0.06391034570979241,0.30153112803207127,0.0,0.0,0.0,0.0,0.0,0.0,0.0,0.0,0.5,0.0,0.0,1.0,0.0,0.0,0.0
29.8,-70.10850134598134,60.40927609276016,244.7485914824803,0.17453292519943295,0.3490658503988659,0.5235987755982988,-0.7882990035008451,0.11430869482555374,0.5605293278760569,-0.22654282420190472,6383159.373370515,5.826852365450717,-0.0006428863964813905,-1.0071601833605593e-10,9.128477021089979e-07,5022.373373174729,0.0,0.2400849844088135,0.27231856172761837,0.5280909802673635,0.3396711189707323,0.21458622861834648,0.614199390915488,0.17447218721540805,0.3490975493359324,0.5235735529502384,320.4543325745458,0.7346524587774437,53887.36850729193,255.53034594272066,0.8165325757565536,1.8497774296988527,0.23296993080237965,261.6614021993086,25149.612518083442,9.748930231306172,-2.4443732821547856e-05,0.554663963832257,261.66081084843324,12.292001717885219,-10.591463378664143,-42.91127842925439,0.0,0.0,0.0,0.08588760338867339,-0.07400547338427073,0.29983292772162234,0.0,0.0,0.0,0.0,0.0,0.0,0.0,0.0,0.5,0.0,0.0,1.0,0.0,0.0,0.0
29.900000000000002,-75.40564475638185,68.6287874001814,241.69380240123562,0.17453292519943295,0.3490658503988659,0.5235987755982988,-0.7927286029632807,0.12599698674277507,0.5415054504980503,-0.24994909598488008,6383133.174303625,5.882452489119206,-0.00064558197937521,-1.0113872949361457e-10,9.215619240926713e-07,4996.174306336169,0.0,0.2748227018146191,0.2927532233751318,0.5900674752155542,0.35491965087309874,0.19391450619599931,0.6252629919080185,0.17447484355743612,0.3491001978369226,0.5235709016707553,320.56093861112043,0.736733640167843,54075.91667798954,255.70037135289778,0.8183177386996651,1.8732154281718887,0.26470223020387335,262.3207030075738,25348.114996075416,9.749010676843266,-2.4673707874474744e-05,0.5578173141296622,262.3201082461901,13.29159691498912,-12.09706558826555,-42.602807799256844,0.0,0.0,0.0,0.0928720504957027,-0.08452553093122035,0.2976775584225981,0.0,0.0,0.0,0.0,0.0,0.0,0.0,0.0,0.5,0.0,0.0,1.0,0.0,0.0,0.0
