t_s,u_b_mps,v_b_mps,w_b_mps,p_b_rps,q_b_rps,r_b_rps,q0,q1,q2,q3,x_e_m,y_e_m,z_e_m,lat_rad,long_rad,h_m,m_fuel_kg,phi_rad,theta_rad,psi_rad,phi_dot_rps,theta_dot_rps,psi_dot_rps,p_nb_rps,q_nb_rps,r_nb_rps,cs_mps,rho_kgpm3,p_kgpms2,T_K,mach,alpha_rad,beta_rad,true_airspeed_mps,qbar_kgpms2,g_mag_mps2,u_n_mps,v_n_mps,w_n_mps,Fx_b_kgmps2,Fy_b_kgmps2,Fz_b_kgmps2,l_b_kgm2ps2,m_b_kgm2ps2,n_b_kgm2ps2,n_x,n_y,n_z,dela_ach_rad,dele_ach_rad,delr_ach_rad,delt_ach_pct,dela_cmd_rad,dele_cmd_rad,delr_cmd_rad,delt_cmd_pct,dela_trim_rad,dele_trim_rad,delr_trim_rad,delt_trim_pct,W_N_mps,W_E_mps,W_D_mps
0.0,304.8,0.0,-304.8,7.292113023867705e-05,0.0,0.0,0.7071067811865476,0.0,-0.7071067811865475,0.0,6378137.0,0.0,0.0,0.0,0.0,0.0,0.0,0.0,2.220446049250313e-16,0.0,-2.1228322946058656e-11,4.81103178886034e-05,-1.619174826816838e-20,-2.1228322946058656e-11,4.81103178886034e-05,-1.619174826816838e-20,340.29395929052214,1.2250002250105425,101325.0,288.15,1.2667056879587844,-0.7853981633974483,0.0,431.0522938113194,113806.24490416344,9.780281599762754,304.79999999999995,0.0,-304.80000000000007,-146.79485050420496,0.0,146.79485050420496,0.0,0.0,0.0,-1.0256960736720333,0.0,-1.0256960736720333,0.0,0.0,0.0,0.0,0.0,0.0,0.0,0.0,0.5,0.0,0.0,1.0,0.0,0.0,0.0
0.1,303.7997164404095,-0.004423498907550788,-302.82330403107653,7.292113023867705e-05,0.0,0.0,0.7071067811865476,-7.505345548463387e-13,-0.7071067811865475,-7.505345559912679e-13,6378167.380729098,-0.00022224501537152608,30.429733013909605,4.803074428808748e-06,-3.484464976405182e-11,30.38080240910252,0.0,3.272181746944595e-11,4.803074429030792e-06,-1.6191669427080895e-21,6.723077146312559e-10,4.795197136074395e-05,-1.6191566027638413e-20,6.72307714631256e-10,4.795197136074395e-05,-1.5690572791361559e-15,340.17732203008853,1.2214339182189158,100960.90864773102,287.9525263375965,1.2609535643742023,-0.7837885527457835,-1.0312601998294659e-05,428.9478088633214,112369.63242498726,9.780187791916525,303.7982619842423,-0.004423488999054283,-302.8247631849623,-145.17491428040069,0.0021137777789996667,144.70833370155353,0.0,0.0,0.0,-1.0143771328600901,1.476954784918047e-05,-1.0111170057770802,0.0,0.0,0.0,0.0,0.0,0.0,0.0,0.0,0.5,0.0,0.0,1.0,0.0,0.0,0.0
0.2,302.8104195457689,-0.0088040407020459,-300.8607706592972,7.292113023867705e-05,0.0,0.0,0.7071067811865476,-1.5010691096926771e-12,-0.7071067811865475,-1.5010691119825362e-12,6378197.564815559,-0.0008839784801121062,60.760148816293245,9.590426862740997e-06,-1.3859377323605086e-10,60.56510714845111,0.0,1.3434810864683908e-10,9.590426862963042e-06,-3.2383195280872e-21,1.3590989760390642e-09,4.779536569111359e-05,-1.6191479046026267e-20,1.3590989760390645e-09,4.779536569111359e-05,-6.421166105722803e-15,340.0614168911258,1.2178952481598788,100599.78114320282,287.75633098029135,1.2552503665603414,-0.7821684956391105,-2.0625177895501135e-05,426.8622203064191,110957.19016999647,9.780094592131217,302.8075341785304,-0.008804000282812445,-300.8636747115817,-143.581423215326,0.004174496566996498,142.6569838337785,0.0,0.0,0.0,-1.0032429716598528,2.9168357906417427e-05,-0.9967836589472865,0.0,0.0,0.0,0.0,0.0,0.0,0.0,0.0,0.5,0.0,0.0,1.0,0.0,0.0,0.0
0.30000000000000004,301.8319289176534,-0.013142187228283269,-298.9121605135122,7.292113023867705e-05,0.0,0.0,0.7071067811865476,-2.2516036645390163e-12,-0.7071067811865475,-2.251603667973804e-12,6378227.553658734,-0.0019809472908220377,90.99233339549694,1.4362229379228562e-05,-3.1057958878963315e-10,90.55431216023864,0.0,3.0421109190581547e-10,1.4362229379450607e-05,-4.8574546733507894e-21,2.03923380158249e-09,4.764047230165377e-05,-1.619124147176008e-20,2.0392338015824906e-09,4.764047230165377e-05,-1.4492776289036325e-14,339.94621983486564,1.214387883153013,100242.11136226948,287.56140574737094,1.2495954124298758,-0.7805379484315127,-3.093769913722372e-05,424.7952367785262,109568.74981626394,9.780001996064694,301.8276358415099,-0.013142096295888537,-298.91649546208436,-142.01426557382246,0.006183501109213359,140.6404918745102,0.0,0.0,0.0,-0.9922928093469775,4.320582627716309e-05,-0.9826938739302468,0.0,0.0,0.0,0.0,0.0,0.0,0.0,0.0,0.5,0.0,0.0,1.0,0.0,0.0,0.0
0.4,300.86411572093147,-0.017438295374099695,-296.97730093362395,7.292113023867705e-05,0.0,0.0,0.7071067811865476,-3.0021382193853546e-12,-0.7071067811865475,-3.002138223965071e-12,6378257.3477182975,-0.0035109809153043635,121.12690038742485,1.9118579278650176e-05,-5.504608387203112e-10,120.34887641233702,0.0,5.419695095418877e-10,1.911857927887222e-05,-6.476576224088156e-21,2.712768348674056e-09,4.7487270786226336e-05,-1.619122082277499e-20,2.7127683486740566e-09,4.7487270786226336e-05,-2.573653615648135e-14,339.8317274875882,1.2109120624556968,99887.93154191939,287.3677477301757,1.2439881855565507,-0.778896815193032,-4.1250149277375264e-05,422.7466561107293,108203.93192843247,9.779910002280543,300.8584379111568,-0.017438134423139327,-296.98305295917294,-140.4730335903402,0.008141865956603,138.65829644016634,0.0,0.0,0.0,-0.9815237967511969,5.688946114504523e-05,-0.9688437281841678,0.0,0.0,0.0,0.0,0.0,0.0,0.0,0.0,0.5,0.0,0.0,1.0,0.0,0.0,0.0
0.5,299.9067543166884,-0.021693105704428388,-295.0558950034564,7.292113023867705e-05,0.0,0.0,0.7071067811865476,-3.752672774231693e-12,-0.7071067811865475,-3.7526727799563386e-12,6378286.949284798,-0.005467844139570898,151.16537226287014,2.3859717729134497e-05,-8.572590338216099e-10,149.95108840614557,0.0,8.466448723485804e-10,2.385971772935654e-05,-8.095682378191054e-21,3.3798190129131576e-09,4.7335725399029825e-05,-1.6191040130049226e-20,3.379819012913158e-09,4.7335725399029825e-05,-4.0076402972773137e-14,339.7179528886389,1.207463055494007,99536.6203728878,287.1753409964232,1.2384276531414964,-0.7772451020312061,-5.1562495388886195e-05,420.71610913633214,106861.73198102995,9.779818603681361,299.8997143099524,-0.02169285589893081,-295.06305059555456,-138.95654966250882,0.010051072322093978,136.70899992900203,0.0,0.0,0.0,-0.9709277056402296,7.022961215298303e-05,-0.9552234562805116,0.0,0.0,0.0,0.0,0.0,0.0,0.0,0.0,0.5,0.0,0.0,1.0,0.0,0.0,0.0
0.6000000000000001,298.95967679924394,-0.025907138151241824,-293.1477202800113,7.292113023867705e-05,0.0,0.0,0.7071067811865476,-4.5032073290780326e-12,-0.7071067811865475,-4.5032073359476084e-12,6378316.359680093,-0.007847467074580873,181.10877608563052,2.8585807477366708e-05,-1.2303351906763159e-09,179.36226866301152,0.0,1.2175981969086805e-09,2.8585807477588752e-05,-9.71477489323703e-21,4.0404675469789654e-09,4.71858095410504e-05,-1.619103355190345e-20,4.040467546978966e-09,4.71858095410504e-05,-5.745337280789293e-14,339.60485359448126,1.204048295447479,99189.17018228088,286.98417876804865,1.232913255626102,-0.7755827652087922,-6.187468925931684e-05,418.7033256715976,105542.34330414311,9.779727796165266,298.9512968128035,-0.025906781215106187,-293.15626616403364,-137.46516646192597,0.011912406036296522,134.79276067483286,0.0,0.0,0.0,-0.9605070002277162,8.323526375379476e-05,-0.9418341645412811,0.0,0.0,0.0,0.0,0.0,0.0,0.0,0.0,0.5,0.0,0.0,1.0,0.0,0.0,0.0
0.7000000000000001,298.02276617162084,-0.0300807118449555,-291.2526199115074,7.292113023867705e-05,0.0,0.0,0.7071067811865476,-5.2537418839243705e-12,-0.7071067811865475,-5.253741891938876e-12,6378345.579300068,-0.010647818807385058,210.95767697338692,3.329693814531685e-05,-1.6693700005644457e-09,208.5828124151255,0.0,1.6545101745022041e-09,3.3296938145538895e-05,-1.1333853032443644e-20,4.6947641758549744e-09,4.703750468037792e-05,-1.6190687040274565e-20,4.694764175854975e-09,4.703750468037792e-05,-7.782382409013245e-14,339.49246751415103,1.2006596967723833,98844.50696532817,286.7942565683976,1.2274443808673403,-0.7739097088405262,-7.218668346513933e-05,416.70812354960407,104244.68937925153,9.779637578493462,298.01306821435855,-0.03008022996737737,-291.26254298168,-135.99756165812317,0.013726768337020237,132.90813270881017,0.0,0.0,0.0,-0.9502524410262705,9.591271314441602e-05,-0.9286657495836554,0.0,0.0,0.0,0.0,0.0,0.0,0.0,0.0,0.5,0.0,0.0,1.0,0.0,0.0,0.0
0.8,297.09581118948546,-0.03421452344607048,-289.37031600080695,7.292113023867705e-05,0.0,0.0,0.7071067811865476,-6.004276438770709e-12,-0.7071067811865475,-6.004276447930143e-12,6378374.610346907,-0.013862887115323574,240.71352983077492,3.79933401984943e-05,-2.173420018836507e-09,237.61491988475123,0.0,2.1564373604796596e-09,3.7993340198716346e-05,-1.295291431275563e-20,5.342818392829464e-09,4.6890777351381175e-05,-1.619032326661504e-20,5.342818392829465e-09,4.6890777351381175e-05,-1.011167913592296e-13,339.3807627471011,1.1973017521184357,98503.23517127635,286.6055612279563,1.2220202236257498,-0.7722259390000806,-8.249843388934894e-05,414.7301575117995,102968.6275076739,9.779547943842633,297.0848168583454,-0.03421389944031007,-289.38160344040415,-134.5536687355242,0.015495593562341838,131.05482929122982,0.0,0.0,0.0,-0.9401635632732313,0.00010827198244025856,-0.9157162078783034,0.0,0.0,0.0,0.0,0.0,0.0,0.0,0.0,0.5,0.0,0.0,1.0,0.0,0.0,0.0
0.9,296.17865302984,-0.03830906413246671,-287.5005982454405,7.292113023867705e-05,0.0,0.0,0.7071067811865476,-6.754810993617048e-12,-0.7071067811865475,-6.754811003921412e-12,6378403.454084846,-0.01748873581696914,270.37731830745486,4.2675169503040836e-05,-2.741867293729912e-09,266.4598540449515,0.0,2.7227618030784585e-09,4.267516950326288e-05,-1.4571964526045792e-20,5.984707427669614e-09,4.674560239505027e-05,-1.6191170544150122e-20,5.984707427669615e-09,4.674560239505027e-05,-1.2727715685430632e-13,339.2697432250494,1.1939725037233675,98165.09832416623,286.41808411078,1.2166400953487528,-0.7705314101013975,-9.280989646727387e-05,412.769172746271,101713.55642620422,9.779458888289705,296.16638362338546,-0.03830828133681945,-287.5132374579685,-133.13279921681476,0.01721998831164218,129.23199909707222,0.0,0.0,0.0,-0.9302355563878751,0.00012032080375614911,-0.9029795909827079,0.0,0.0,0.0,0.0,0.0,0.0,0.0,0.0,0.5,0.0,0.0,1.0,0.0,0.0,0.0
1.0,295.2711815226531,-0.042364631253507826,-285.64331894779076,7.292113023867705e-05,0.0,0.0,0.7071067811865476,-7.505345548463386e-12,-0.7071067811865475,-7.50534555991268e-12,6378432.110870183,-0.02152341137893349,299.9495781370217,4.734251102414487e-05,-3.3744047038512455e-09,295.1179705861335,0.0,3.353176380905186e-09,4.7342511024366915e-05,-1.6190999432385722e-20,6.620478079316193e-09,4.660196236200178e-05,-1.6190405550214207e-20,6.620478079316194e-09,4.660196236200178e-05,-1.5626431245875153e-13,339.1594166226764,1.19067008586719,97829.85023390684,286.2318224693346,1.2113035252341104,-0.7688260238590701,-0.00010312102552758875,410.82499884130044,100478.98501836845,9.779370410718744,295.25765814737497,-0.042363673445006175,-285.6572974935192,-131.7343844370241,0.018900813368998813,127.43895180491545,0.0,0.0,0.0,-0.9204644469513412,0.0001320651916276493,-0.8904510754308576,0.0,0.0,0.0,0.0,0.0,0.0,0.0,0.0,0.5,0.0,0.0,1.0,0.0,0.0,0.0
1.1,294.37319684610947,-0.046381885476320106,-283.7982154500255,7.292113023867705e-05,0.0,0.0,0.7071067811865476,-8.255880103309726e-12,-0.7071067811865475,-8.25588011590395e-12,6378460.582828923,-0.025961092852256215,329.43170637794,5.199558606111737e-05,-4.070118871034983e-09,323.59139363933355,0.0,4.0467677157943175e-09,5.199558606133942e-05,-1.781002085027239e-20,7.2502341805734646e-09,4.645982559696082e-05,-1.6190334442878487e-20,7.250234180573465e-09,4.645982559696082e-05,-1.880118109530285e-13,339.0497508970984,1.1873990255146423,97498.09745279563,286.04676364365275,1.206009757382079,-0.7671097853906252,-0.00011343177815614674,408.8973096649,99264.79847264107,9.779282504542808,294.3584402209931,-0.04638073701512403,-283.8135211601745,-130.35838884622567,0.020539420975718477,125.67544041048141,0.0,0.0,0.0,-0.9108499865664959,0.00014351459453741517,-0.878128935335793,0.0,0.0,0.0,0.0,0.0,0.0,0.0,0.0,0.5,0.0,0.0,1.0,0.0,0.0,0.0
1.2000000000000002,293.48454925989415,-0.050361289224690964,-281.9650895902036,7.292113023867705e-05,0.0,0.0,0.7071067811865476,-9.006414658156062e-12,-0.7071067811865475,-9.006414671895218e-12,6378488.8711676905,-0.03079797776312352,358.8246432657326,5.663454360134992e-05,-4.828412871007397e-09,351.88132862467324,0.0,4.802938883472126e-09,5.6634543601571966e-05,-1.9429030527939293e-20,7.874048439435026e-09,4.6319168380469576e-05,-1.619037808463905e-20,7.874048439435027e-09,4.6319168380469576e-05,-2.22468151055028e-13,338.9407775614934,1.1841519171576649,97168.86302236121,285.8628980599397,1.2007580459926344,-0.7653826476354957,-0.00012374210897395557,406.98586577196295,98069.97859210418,9.779195166017578,293.4685798250705,-0.0503599349635984,-281.9817105017405,-129.00356764417168,0.022136722350558594,123.94009360960752,0.0,0.0,0.0,-0.9013834774709701,0.00015467537942201516,-0.8660035890174308,0.0,0.0,0.0,0.0,0.0,0.0,0.0,0.0,0.5,0.0,0.0,1.0,0.0,0.0,0.0
1.3,292.60513555232575,-0.0543031176509297,-280.14380300051647,7.292113023867705e-05,0.0,0.0,0.7071067811865476,-9.7569492130024e-12,-0.7071067811865475,-9.756949227886487e-12,6378516.976202353,-0.03603219189213535,388.1288945218106,6.125946385551101e-05,-5.648992069810211e-09,379.9880908528964,0.0,5.621395249980334e-09,6.125946385573306e-05,-2.10480236841553e-20,8.491964164315995e-09,4.61799743660504e-05,-1.6189716034908024e-20,8.491964164315997e-09,4.61799743660504e-05,-2.5959552796938803e-13,338.83245394344135,1.180937008598557,96843.23924373795,285.68022565860514,1.1955481306907665,-0.7636445102895778,-0.00013405196839226958,405.09050872198003,96894.90428633396,9.779108394152518,292.58797357094335,-0.054301542856826174,-280.161727295952,-127.67048917993026,0.023693682886986183,122.23332733685865,0.0,0.0,0.0,-0.8920688908763266,0.00016555429175164308,-0.8540779427251978,0.0,0.0,0.0,0.0,0.0,0.0,0.0,0.0,0.5,0.0,0.0,1.0,0.0,0.0,0.0
1.4000000000000001,291.7347671927032,-0.05820799584479027,-278.3341080867927,7.292113023867705e-05,0.0,0.0,0.7071067811865476,-1.050748376784874e-11,-0.7071067811865475,-1.0507483783877756e-11,6378544.899983577,-0.041658103629603545,417.3457999865653,6.587055905799238e-05,-6.530972847511332e-09,407.91372919237864,0.0,6.5012531953868495e-09,6.587055905821443e-05,-2.266700590050924e-20,9.10407959413374e-09,4.604221368751637e-05,-1.6189297400636302e-20,9.104079594133742e-09,4.604221368751637e-05,-2.993317062273473e-13,338.7248114985488,1.1777461792657902,96520.1582317435,285.4987312327077,1.1903790800761398,-0.7618953779656056,-0.00014436130890543042,403.21093127956266,95738.44475604426,9.779022182594407,291.7164325630778,-0.058206186329529834,-278.35332420276416,-126.35777426486946,0.025211327484923392,120.55361669574835,0.0,0.0,0.0,-0.8828965900115221,0.0001761584927844932,-0.8423413415871175,0.0,0.0,0.0,0.0,0.0,0.0,0.0,0.0,0.5,0.0,0.0,1.0,0.0,0.0,0.0
1.5,290.87330352339404,-0.062076357475967604,-276.53581882761983,7.292113023867705e-05,0.0,0.0,0.7071067811865476,-1.1258018322695078e-11,-0.7071067811865475,-1.1258018339869028e-11,6378572.643660369,-0.04767204420932776,446.4762564813825,7.046797131916738e-05,-7.473779303385179e-09,435.65939150750637,0.0,7.441936818966089e-09,7.046797131938942e-05,-2.428597568938991e-20,9.710462916084058e-09,4.5905864064528134e-05,-1.6189914879747827e-20,9.71046291608406e-09,4.5905864064528134e-05,-3.4162855617817903e-13,338.61782038241813,1.1745843609520528,96200.27596417088,285.31840854045424,1.1852504067982998,-0.7601352025843834,-0.00015467007787069642,401.3469093574147,94600.6377877111,9.778936527777635,290.85381588306035,-0.06207429951387571,-276.55631539307336,-125.06555934130904,0.026690707863392962,118.90093192000897,0.0,0.0,0.0,-0.8738675282366448,0.00018649533117120633,-0.8307935776180752,0.0,0.0,0.0,0.0,0.0,0.0,0.0,0.0,0.5,0.0,0.0,1.0,0.0,0.0,0.0
1.6,290.02064842247177,-0.06590845508371411,-274.74880636064194,7.292113023867705e-05,0.0,0.0,0.7071067811865476,-1.2008552877541419e-11,-0.7071067811865475,-1.2008552895860293e-11,6378600.207507338,-0.054072220660323474,475.52073908739106,7.505177599741067e-05,-8.477129591183241e-09,463.225351888376,0.0,8.443164274469545e-09,7.505177599763271e-05,-2.5904921265848365e-20,1.031115388374968e-08,4.577091027390492e-05,-1.618974237073387e-20,1.0311153883749681e-08,4.577091027390492e-05,-3.8645088717510986e-13,338.51149396503354,1.1714486247433518,95883.20540233752,285.1392551066488,1.1801616846134444,-0.7583638822949691,-0.00016497821553607592,399.4982966979323,93480.96324257166,9.778851428839602,290.00002724588984,-0.065906135340292,-274.77057213969067,-123.7932241137341,0.028132509385889494,117.2745580756646,0.0,0.0,0.0,-0.8649773713759936,0.00019656959573538933,-0.8194296553773619,0.0,0.0,0.0,0.0,0.0,0.0,0.0,0.0,0.5,0.0,0.0,1.0,0.0,0.0,0.0
1.7000000000000002,289.1766245189446,-0.06970487859641399,-272.9728379797043,7.292113023867705e-05,0.0,0.0,0.7071067811865476,-1.2759087432387756e-11,-0.7071067811865475,-1.2759087451851564e-11,6378627.593500645,-0.06085318877774743,504.4805310550071,7.962217636338904e-05,-9.540169541233381e-09,490.6135847745464,0.0,9.50408139222508e-09,7.962217636361108e-05,-2.752386759197621e-20,1.0906245208473586e-08,4.563732421730343e-05,-1.61895195264053e-20,1.0906245208473588e-08,4.5637324217303426e-05,-4.337403966350101e-13,338.40582262959265,1.16833914288276,95568.97623377029,284.96125819499525,1.1751121772733293,-0.756581421735767,-0.0001752856636054561,397.66480472812816,92379.01040985994,9.778766879658162,289.1548889367265,-0.06970228424651705,-272.9958619749846,-122.54032904833203,0.02953782125179953,115.67388692456677,0.0,0.0,0.0,-0.8562230482856945,0.0002063888970133136,-0.8082453249374184,0.0,0.0,0.0,0.0,0.0,0.0,0.0,0.0,0.5,0.0,0.0,1.0,0.0,0.0,0.0
1.8,288.34110023786286,-0.07346603292966959,-271.2077398039232,7.292113023867705e-05,0.0,0.0,0.7071067811865476,-1.3509621987234093e-11,-0.7071067811865475,-1.3509622007842831e-11,6378654.802731677,-0.06801141350301275,533.3564857914793,8.417930765213086e-05,-1.0662344272633575e-08,517.8251804681495,0.0,1.0624133291330668e-08,8.41793076523529e-05,-2.9142792172859976e-20,1.1495800557656661e-08,4.550508505308678e-05,-1.618948823044639e-20,1.1495800557656663e-08,4.550508505308678e-05,-4.834521052268211e-13,338.3007946592003,1.1652572483778478,95257.7671679103,284.78441107577885,1.1701013741447404,-0.7547877723520566,-0.00018559235573402773,395.8462247049879,91294.54574839174,9.778682876846377,288.31826913650815,-0.07346315158249228,-271.23201119795056,-121.30664765874947,0.03090755415767559,114.09855101329812,0.0,0.0,0.0,-0.8476029764431822,0.00021595959829275813,-0.797238018799956,0.0,0.0,0.0,0.0,0.0,0.0,0.0,0.0,0.5,0.0,0.0,1.0,0.0,0.0,0.0
1.9000000000000001,287.51398667845933,-0.07719214759367404,-269.45339265203955,7.292113023867705e-05,0.0,0.0,0.7071067811865476,-1.426015654208043e-11,-0.7071067811865475,-1.4260156563834104e-11,6378681.8354329495,-0.07554518504797776,562.1490471095564,8.872324027190918e-05,-1.1843385027280019e-08,544.8603710023066,0.0,1.1803051213682505e-08,8.872324027213122e-05,-3.076171230121244e-20,1.2079856065588911e-08,4.537417870177333e-05,-1.6189576925808996e-20,1.2079856065588913e-08,4.537417870177333e-05,-5.355532673117943e-13,338.19642759697643,1.162199274019239,94949.0953605507,284.6087113602883,1.1651288687813703,-0.7529828313153483,-0.00019589821517595,394.0424227605649,90227.02285693589,9.778599419672114,287.490078794147,-0.07718896722824764,-269.4789007529425,-120.09151720983411,0.032242296754369154,112.54780963058691,0.0,0.0,0.0,-0.8391125251353135,0.00022528581263944042,-0.7864025614111966,0.0,0.0,0.0,0.0,0.0,0.0,0.0,0.0,0.5,0.0,0.0,1.0,0.0,0.0,0.0
2.0,286.6951174980471,-0.08088377777144419,-267.70957853027124,7.292113023867705e-05,0.0,0.0,0.7071067811865476,-1.5010691096926772e-11,-0.7071067811865475,-1.501069111982537e-11,6378708.693506951,-0.08344924467821678,590.8594422977774,9.325416863077854e-05,-1.3082466778052295e-08,571.7210572119802,0.0,1.3040010132160176e-08,9.325416863100059e-05,-3.2380610927385194e-20,1.265849898234693e-08,4.524457881164212e-05,-1.6187159475591512e-20,1.2658498982346932e-08,4.524457881164212e-05,-5.899892603394578e-13,338.0926876263725,1.159170193623685,94643.62207018632,284.43414795604434,1.1601940576468797,-0.7511666039038667,-0.00020620316624678545,392.25312874532256,89176.43446085168,9.778516502241688,286.6701512424717,-0.08088028684286465,-267.7363128702672,-118.89502775111328,0.03354318855234303,111.0215643205174,0.0,0.0,0.0,-0.8307523235629513,0.00023437550212698638,-0.7757382648325246,0.0,0.0,0.0,0.0,0.0,0.0,0.0,0.0,0.5,0.0,0.0,1.0,0.0,0.0,0.0
2.1,285.88436989534245,-0.08454130061907866,-265.976135284671,7.292113023867705e-05,0.0,0.0,0.7071067811865476,-1.5761225651773107e-11,-0.7071067811865475,-1.5761225675816634e-11,6378735.377989106,-0.09172018694693648,619.48848261692,9.777222129008616e-05,-1.4379055018245833e-08,598.4082734892145,0.0,1.4334475540059107e-08,9.77722212903082e-05,-3.3999491401333054e-20,1.3231788612420748e-08,4.5116265930574226e-05,-1.6189037501654217e-20,1.323178861242075e-08,4.5116265930574226e-05,-6.467180266296558e-13,337.98960667484926,1.156162827847376,94340.4051184295,284.2607124278109,1.1552963198349204,-0.7493390414871618,-0.0002165071247998915,390.4781487339056,88141.91416136302,9.77843412134165,285.8583634513842,-0.08453748799067319,-266.004085564428,-117.71610373811534,0.034810831097460394,109.5186642924735,0.0,0.0,0.0,-0.8225148566004775,0.00024323286992211394,-0.7652370881727748,0.0,0.0,0.0,0.0,0.0,0.0,0.0,0.0,0.5,0.0,0.0,1.0,0.0,0.0,0.0
2.2,285.0816561386845,-0.08816494227058586,-264.2529452811171,7.292113023867705e-05,0.0,0.0,0.7071067811865476,-1.6511760206619446e-11,-0.7071067811865475,-1.6511760231807904e-11,6378761.889102292,-0.1003563059306894,648.036605292717,0.00010227746760412797,-1.5732881640430985e-08,624.92224226892,0.0,1.5686179329949657e-08,0.00010227746760435001,-3.56183667073914e-20,1.3799760552959507e-08,4.4989226167018394e-05,-1.6188746366683834e-20,1.3799760552959508e-08,4.498922616701839e-05,-7.057085271853577e-13,337.88714137982873,1.1531854627570277,94040.53528301344,284.0884053522741,1.1504354622554882,-0.7475000360586819,-0.00022681004732413046,388.71735126585924,87123.85375897585,9.778352276270116,285.05462755033017,-0.08816079715909018,-264.2821013186642,-116.55532827563277,0.03604610604602713,108.03954132004975,0.0,0.0,0.0,-0.8144041985617672,0.00025186407640039586,-0.7549020483530389,0.0,0.0,0.0,0.0,0.0,0.0,0.0,0.0,0.5,0.0,0.0,1.0,0.0,0.0,0.0
2.3000000000000003,284.2868181839634,-0.0917552324673259,-262.5398014740954,7.292113023867705e-05,0.0,0.0,0.7071067811865476,-1.7262294761465785e-11,-0.7071067811865475,-1.726229478779917e-11,6378788.2286908645,-0.1093524947662797,676.504992673311,0.00010677009485935278,-1.7143145488615856e-08,651.2648063205803,0.0,1.7094320345839916e-08,0.00010677009485957482,-3.7237230561189036e-20,1.4362498052529668e-08,4.486343448451855e-05,-1.6188762159918556e-20,1.436249805252967e-08,4.486343448451854e-05,-7.669093621303412e-13,337.78533177504306,1.1502286574732565,93742.77656496331,283.9172125089091,1.1456106647467637,-0.7456495917598769,-0.00023711186104693774,386.9704800384544,86121.16984039471,9.778270961313813,284.25878518861384,-0.0917507445357014,-262.57015329832984,-115.41134844629087,0.03724965229558265,106.58276472219362,0.0,0.0,0.0,-0.8064108962402912,0.00026027358571500524,-0.7447231488105407,0.0,0.0,0.0,0.0,0.0,0.0,0.0,0.0,0.5,0.0,0.0,1.0,0.0,0.0,0.0
2.4000000000000004,283.49974131924046,-0.09531252329397431,-260.83655240593185,7.292113023867705e-05,0.0,0.0,0.7071067811865476,-1.801282931631212e-11,-0.7071067811865475,-1.801282934379044e-11,6378814.397738784,-0.11870547240102347,704.8944162330255,0.00011125022531719262,-1.8609331609194206e-08,677.4369486160577,0.0,1.8558383634123665e-08,0.00011125022531741466,-3.8856083077163005e-20,1.492005647488518e-08,4.473887271211264e-05,-1.6188006274989353e-20,1.4920056474885182e-08,4.4738872712112636e-05,-8.302811793376194e-13,337.6841284172965,1.1473011954644252,93448.28671810184,283.7471296782654,1.1408216209065878,-0.7437876595131936,-0.0002474124668720685,385.23735473544855,85134.23435488185,9.778190173418889,283.47072143969075,-0.09530768258916895,-260.86809020359834,-114.28473734228079,0.0384224925193701,105.14872691686253,0.0,0.0,0.0,-0.7985389539891197,0.0002684685435657165,-0.7347031314776901,0.0,0.0,0.0,0.0,0.0,0.0,0.0,0.0,0.5,0.0,0.0,1.0,0.0,0.0,0.0
2.5,282.72034885730704,-0.09883700579213578,-259.1430951644308,7.292113023867705e-05,0.0,0.0,0.7071067811865476,-1.8763363871158456e-11,-0.7071067811865475,-1.8763363899781707e-11,6378840.3964066915,-0.12841367126973907,733.205265495759,0.0001157179207908039,-2.0131193627845072e-08,703.4388293884695,0.0,2.0078122820479922e-08,0.00011571792079102595,-4.0474920001893003e-20,1.5472465907693417e-08,4.461552870495107e-05,-1.6188324991419783e-20,1.547246590769342e-08,4.4615528704951054e-05,-8.957954731867002e-13,337.58357542664504,1.144394332165631,93155.91672886604,283.57815369252916,1.1360678922286667,-0.7419141339521873,-0.00025771175996101576,383.51786250530046,84162.17569131881,9.778109912076031,282.69035948840803,-0.09883180269360865,-259.17580923115565,-113.17438263974539,0.039564918458918116,103.73629773515262,0.0,0.0,0.0,-0.7907805996949326,0.00027645098843098726,-0.7248340995529076,0.0,0.0,0.0,0.0,0.0,0.0,0.0,0.0,0.5,0.0,0.0,1.0,0.0,0.0,0.0
2.6,281.94849236598253,-0.1023291792579914,-257.4592355337517,7.292113023867705e-05,0.0,0.0,0.7071067811865476,-1.9513898426004798e-11,-0.7071067811865475,-1.9513898455772976e-11,6378866.226472992,-0.13847215364233367,761.4386723152037,0.00012017336057036162,-2.1707956961940256e-08,729.2722255165378,0.0,2.165276332228049e-08,0.00012017336057058366,-4.209374904685947e-20,1.6019804814444252e-08,4.44933789487712e-05,-1.6188947236584188e-20,1.6019804814444255e-08,4.449337894877119e-05,-9.634039971386936e-13,337.4836256828658,1.1415156795262893,92866.6720193255,283.4102749135998,1.1313489975609679,-0.740029020082579,-0.0002680096486737518,381.81176310885286,83205.2160813451,9.778030171776486,281.91755061251706,-0.10232360456270193,-257.4931163637105,-112.08067388117165,0.040678046864655794,102.34566894206725,0.0,0.0,0.0,-0.7831385551984354,0.0002842287233538158,-0.715117392951118,0.0,0.0,0.0,0.0,0.0,0.0,0.0,0.0,0.5,0.0,0.0,1.0,0.0,0.0,0.0
2.7,281.184062475233,-0.10578937876337133,-255.78482921278587,7.292113023867705e-05,0.0,0.0,0.7071067811865476,-2.0264432980851134e-11,-0.7071067811865475,-2.0264433011764246e-11,6378891.888883832,-0.1488777252545358,789.5953795836696,0.00012461666238694274,-2.3339120312413094e-08,754.9380822051316,0.0,2.3281803840458727e-08,0.00012461666238716479,-4.371256386111724e-20,1.656212588243015e-08,4.4372406119693025e-05,-1.618735319940337e-20,1.6562125882430153e-08,4.4372406119693005e-05,-1.0330696713952161e-12,337.3843134916709,1.138657755812741,92579.57328019291,283.2434853974197,1.1266643711586142,-0.7381322671316192,-0.0002783060358024615,380.11888539887417,82262.53853338791,9.777950949583785,281.1521852403119,-0.10578342363115222,-255.81986744845892,-111.00258338853223,0.04176230414494589,100.9757686274079,0.0,0.0,0.0,-0.7756056398300469,0.0002918047277669407,-0.7055455219403707,0.0,0.0,0.0,0.0,0.0,0.0,0.0,0.0,0.5,0.0,0.0,1.0,0.0,0.0,0.0
2.8000000000000003,280.42698628216465,-0.10921778310595452,-254.1197783913459,7.292113023867705e-05,0.0,0.0,0.7071067811865476,-2.1014967535697472e-11,-0.7071067811865475,-2.101496756775552e-11,6378917.383775555,-0.15962885951806047,817.6757588585813,0.00012904788520603984,-2.5024443769216552e-08,780.4365354192754,0.0,2.496500446496758e-08,0.0001290478852062619,-4.5331373114507476e-20,1.7099457273007454e-08,4.4252598673149326e-05,-1.618608578038444e-20,1.7099457273007457e-08,4.425259867314931e-05,-1.1047656869375776e-12,337.2856046036941,1.1358270622156048,92295.47351222335,283.0777858572824,1.1220138560177515,-0.7362237673704757,-0.0002886008158787517,378.4391232591784,81334.41162601931,9.777872245064062,280.39419035074155,-0.10921143901364268,-254.15596477686094,-109.94052707587906,0.04281845980444583,99.62687657762353,0.0,0.0,0.0,-0.7681847596958644,0.0002991843784114608,-0.6961204414656873,0.0,0.0,0.0,0.0,0.0,0.0,0.0,0.0,0.5,0.0,0.0,1.0,0.0,0.0,0.0
2.9000000000000004,279.6771223035538,-0.11261486964263084,-252.4638981309785,7.292113023867705e-05,0.0,0.0,0.7071067811865476,-2.176550209054381e-11,-0.7071067811865475,-2.1765502123746786e-11,6378942.7128748875,-0.17072075210633963,845.6809025314298,0.0001334672020639682,-2.6763173718305534e-08,805.769310418206,0.0,2.6701611581761956e-08,0.00013346720206419024,-4.6950162972689717e-20,1.7631873998984813e-08,4.41339341963446e-05,-1.6188308029895973e-20,1.7631873998984816e-08,4.413393419634458e-05,-1.1784465186162475e-12,337.18752460903374,1.1330171614490623,92013.53409224057,282.91316355271243,1.1173967575892834,-0.7343035249921284,-0.00029889389829647464,376.7722481378526,80420.0544161342,9.777794052868959,279.6434241858524,-0.1126081284589971,-252.5012235976907,-108.89353760448664,0.0438470712976781,98.2979555144068,0.0,0.0,0.0,-0.7608691557336369,0.000306371570375746,-0.686834903777685,0.0,0.0,0.0,0.0,0.0,0.0,0.0,0.0,0.5,0.0,0.0,1.0,0.0,0.0,0.0
3.0,278.93436651127155,-0.11598095643238515,-250.81705128714066,7.292113023867705e-05,0.0,0.0,0.7071067811865476,-2.2516036645390147e-11,-0.7071067811865475,-2.2516036679738053e-11,6378967.877090165,-0.1821502955435143,873.6115249125119,0.00013787472616257068,-2.8554822512541648e-08,830.9373146425933,0.0,2.8491137543703468e-08,0.00013787472616279273,-4.8568936775208685e-20,1.815942607192504e-08,4.40163962122262e-05,-1.6185077471122287e-20,1.8159426071925043e-08,4.401639621222619e-05,-1.2540772148457625e-12,337.09004052282194,1.1302336229333094,91734.48761627641,282.7496139799062,1.1128127590895291,-0.7323714877698589,-0.00030918518429630035,375.11809805580265,79519.61389181939,9.777716370179355,278.89978252792446,-0.11597381036927858,-250.85550690577742,-107.86188241981321,0.04484898882168357,96.98912196867863,0.0,0.0,0.0,-0.7536606966584828,0.00031337224422081503,-0.6776897231100213,0.0,0.0,0.0,0.0,0.0,0.0,0.0,0.0,0.5,0.0,0.0,1.0,0.0,0.0,0.0
3.1,278.1986498640232,-0.11931620978283575,-249.17914525519126,7.292113023867705e-05,0.0,0.0,0.7071067811865476,-2.3266571200236485e-11,-0.7071067811865475,-2.3266571235729326e-11,6378992.876532885,-0.19391600547381563,901.4679791792654,0.0001422705135552638,-3.039915690108328e-08,855.9406592392673,0.0,3.0333349099950496e-08,0.00014227051355548585,-5.0187709652775285e-20,1.8682139688637253e-08,4.38999737885084e-05,-1.61887495760487e-20,1.8682139688637256e-08,4.389997378850838e-05,-1.3316325536099716e-12,336.99318135016784,1.1274707604663012,91457.5892837822,282.5871350241322,1.108261511005987,-0.7304275458510743,-0.0003194745642030659,373.4765737631034,78632.49941359273,9.777639196638503,278.16319622662087,-0.11930865135460428,-249.21872219136995,-106.84481239888909,0.04582448402729065,95.69960644524313,0.0,0.0,0.0,-0.7465541481417721,0.0003201882980458667,-0.6686795227877079,0.0,0.0,0.0,0.0,0.0,0.0,0.0,0.0,0.5,0.0,0.0,1.0,0.0,0.0,0.0
3.2,277.46983775025774,-0.12262108535771617,-247.55000427052622,7.292113023867705e-05,0.0,0.0,0.7071067811865476,-2.4017105755082824e-11,-0.7071067811865475,-2.4017105791720592e-11,6379017.712878645,-0.20601320971858095,929.2513186744933,0.00014665473109113272,-3.229544403842248e-08,880.7810183928037,0.0,3.222751340499509e-08,0.00014665473109135477,-5.180646668937651e-20,1.9200086450668665e-08,4.378464560136169e-05,-1.6189099360920167e-20,1.9200086450668668e-08,4.378464560136167e-05,-1.4110695642355975e-12,336.8969125355709,1.1247337660154564,91183.52404854546,282.42571713058726,1.1037425486573085,-0.7284717029143606,-0.00032976194481424364,371.84745825981696,77758.77822487819,9.7775625270567,277.4335304099845,-0.12261310744661363,-247.59069386649858,-105.84250251247812,0.046774504696210355,94.42941405921174,0.0,0.0,0.0,-0.73955073275245,0.0003268263542629021,-0.659804338551438,0.0,0.0,0.0,0.0,0.0,0.0,0.0,0.0,0.5,0.0,0.0,1.0,0.0,0.0,0.0
3.3000000000000003,276.7478314837508,-0.12589588420316597,-245.92949834516799,7.292113023867705e-05,0.0,0.0,0.7071067811865476,-2.476764030992916e-11,-0.7071067811865475,-2.4767640347711862e-11,6379042.386997969,-0.21843888759036384,956.9622291264793,0.0001510274874438728,-3.42432099268685e-08,905.4592617731541,0.0,3.4173156461146496e-08,0.00015102748744409486,-5.3425214452699135e-20,1.9713313694286126e-08,4.3670396020315737e-05,-1.6187918309931775e-20,1.971331369428613e-08,4.367039602031571e-05,-1.4923552921103966e-12,336.8012601548305,1.1220168933004517,90911.54269909434,282.2653532575231,1.0992553844995667,-0.7265039055731021,-0.00034004722208484455,370.2305987314368,76897.81837720575,9.777486358732155,276.7106862134555,-0.12588748001594055,-245.9712920742157,-104.85415895314962,0.0476994055671983,93.17771551271089,0.0,0.0,0.0,-0.7326449039392435,0.0003332888915293644,-0.6510583758684342,0.0,0.0,0.0,0.0,0.0,0.0,0.0,0.0,0.5,0.0,0.0,1.0,0.0,0.0,0.0
3.4000000000000004,276.0325659620918,-0.1291407598906079,-244.31754018356017,7.292113023867705e-05,0.0,0.0,0.7071067811865476,-2.55181748647755e-11,-0.7071067811865475,-2.5518174903703132e-11,6379066.898976959,-0.23119159822153082,984.6010449191609,0.00015538883569039247,-3.6242228169810374e-08,929.9754751604052,0.0,3.617005187179377e-08,0.0001553888356906145,-5.50439465307699e-20,2.022184561377734e-08,4.355721473737094e-05,-1.6187185248078045e-20,2.0221845613777343e-08,4.3557214737370914e-05,-1.5754660033999456e-12,336.7061943704071,1.1193257601699467,90642.37969056069,282.1060442373401,1.0947998811418396,-0.7245240421481298,-0.00035033027820625224,368.6259029223429,76049.83160485346,9.777410691386887,275.9945984340365,-0.12913192292291414,-244.36042960756325,-103.88011902575579,0.048599879834865675,91.9447212812025,0.0,0.0,0.0,-0.7258390185441081,0.00033958075338703,-0.6424431053887508,0.0,0.0,0.0,0.0,0.0,0.0,0.0,0.0,0.5,0.0,0.0,1.0,0.0,0.0,0.0
3.5,275.32391336811753,-0.13235614663675402,-242.71396309140954,7.292113023867705e-05,0.0,0.0,0.7071067811865476,-2.6268709419621834e-11,-0.7071067811865475,-2.6268709459694402e-11,6379091.250440633,-0.24426680032570516,1012.1687807601664,0.0001597389365591269,-3.82917864903954e-08,954.3312822114676,0.0,3.8217487360084185e-08,0.00015973893655934893,-5.666267169828409e-20,2.072575043856326e-08,4.344508150517568e-05,-1.6186482344128614e-20,2.0725750438563262e-08,4.344508150517565e-05,-1.6603611294369975e-12,336.6117411742809,1.1166540225198132,90375.21114308904,281.94777799765944,1.0903754059107347,-0.7225321161532576,-0.00036061101350738216,367.03316524641895,75214.10839995238,9.777335519988128,275.2851390075066,-0.13234687072954116,-242.75793993899015,-102.91949465491113,0.049476341320789034,90.72949850015011,0.0,0.0,0.0,-0.7191268713395929,0.00034570483132129366,-0.633952008930796,0.0,0.0,0.0,0.0,0.0,0.0,0.0,0.0,0.5,0.0,0.0,1.0,0.0,0.0,0.0
3.6,274.62178035750856,-0.13554232847489867,-241.11864423730407,7.292113023867705e-05,0.0,0.0,0.7071067811865476,-2.701924397446817e-11,-0.7071067811865475,-2.701924401568567e-11,6379115.442221699,-0.2576615600038532,1039.666093795766,0.00016407789419667633,-4.0391424538025836e-08,978.5275148153305,0.0,4.0315002575420015e-08,0.00016407789419689838,-5.828139005754824e-20,2.1225072830197532e-08,4.3333981539605744e-05,-1.6184972320037875e-20,2.1225072830197535e-08,4.333398153960571e-05,-1.7470095935573806e-12,336.5178635764625,1.1140080006132649,90110.86485473189,281.79055072043224,1.0859817014264075,-0.7205280733925573,-0.00037088931462875296,365.4522420471464,74390.85932034561,9.777260841951401,274.5822144216644,-0.13553260777613518,-241.1637003603433,-101.97263651446445,0.05032961542927046,89.53224261259443,0.0,0.0,0.0,-0.7125109125805168,0.0003516668926594762,-0.625586452108955,0.0,0.0,0.0,0.0,0.0,0.0,0.0,0.0,0.5,0.0,0.0,1.0,0.0,0.0,0.0
3.7,273.9261058440225,-0.13869944599413403,-239.53150173831025,7.292113023867705e-05,0.0,0.0,0.7071067811865476,-2.776977852931451e-11,-0.7071067811865475,-2.7769778571676944e-11,6379139.474380323,-0.2713744811320961,1067.0932992028847,0.00016840575863899122,-4.2540922965437736e-08,1002.564232846722,0.0,4.246237817053731e-08,0.00016840575863921327,-5.990008873267506e-20,2.1719834942282532e-08,4.322390516895791e-05,-1.6186197485276874e-20,2.1719834942282535e-08,4.322390516895787e-05,-1.8353890617005366e-12,336.4245992869314,1.1113804783148453,89848.39891387285,281.6343602320145,1.0816184300004066,-0.7185118007205801,-0.00038116505134721645,363.8830481879626,73579.4386452213,9.77718665707913,273.8857634974906,-0.13868927492793057,-239.57762907145116,-101.03870665013069,0.05115980125568213,88.35213118076655,0.0,0.0,0.0,-0.7059852872493696,0.0003574676298082513,-0.6173406883238918,0.0,0.0,0.0,0.0,0.0,0.0,0.0,0.0,0.5,0.0,0.0,1.0,0.0,0.0,0.0
3.8000000000000003,273.23676872759967,-0.1418279122102858,-237.95237786690748,7.292113023867705e-05,0.0,0.0,0.7071067811865476,-2.852031308416085e-11,-0.7071067811865475,-2.852031312766821e-11,6379163.348491485,-0.2854011520607239,1094.4513734674886,0.00017272268456038843,-4.473958986470938e-08,1026.4430099685367,0.0,4.465892223751434e-08,0.00017272268456061047,-6.151877649383438e-20,2.221010167130687e-08,4.311483320988244e-05,-1.6186690251278223e-20,2.2210101671306874e-08,4.311483320988239e-05,-1.925461228327555e-12,336.331901373614,1.108779002412883,89588.80254712363,281.47919822311025,1.0772852250956029,-0.7164833018902287,-0.00039143811341314186,362.3253893551839,72780.08956338861,9.77711296049378,273.19566490027546,-0.14181728552473746,-237.99956850231743,-100.11811577923197,0.051967881322823796,87.1893848787446,0.0,0.0,0.0,-0.6995528651412652,0.0003631139079251808,-0.609216259486203,0.0,0.0,0.0,0.0,0.0,0.0,0.0,0.0,0.5,0.0,0.0,1.0,0.0,0.0,0.0
3.9000000000000004,272.5536810058256,-0.14492799414380286,-236.38115694824927,7.292113023867705e-05,0.0,0.0,0.7071067811865476,-2.9270847639007186e-11,-0.7071067811865475,-2.927084768365949e-11,6379187.065350084,-0.2997387256791153,1121.740945153835,0.00017702877158139274,-4.698697853010299e-08,1050.1646403018385,0.0,4.690418807061335e-08,0.0001770287715816148,-6.313746636499889e-20,2.269591500472085e-08,4.300675172437356e-05,-1.6187268105140726e-20,2.2695915004720852e-08,4.300675172437351e-05,-2.0171967873734596e-12,336.239813148318,1.1061947144826725,89330.92339368924,281.3250573558279,1.0729815950768598,-0.7144425223071769,-0.0004017083738290627,360.7791310402275,71992.02668345284,9.777039749728111,272.51183046939815,-0.14491690687756087,-236.42940309413672,-99.20984438228788,0.05275395178147122,86.04300521349307,0.0,0.0,0.0,-0.6932065225926384,0.00036860639884223203,-0.6012061888498882,0.0,0.0,0.0,0.0,0.0,0.0,0.0,0.0,0.5,0.0,0.0,1.0,0.0,0.0,0.0
4.0,271.8767856859105,-0.14799981915531207,-234.8177626155633,7.292113023867705e-05,0.0,0.0,0.7071067811865476,-3.002138219385352e-11,-0.7071067811865475,-3.002138223965075e-11,6379210.624989795,-0.31438585186276574,1148.9623098183215,0.0001813240666325292,-4.9282876858906336e-08,1073.729157248512,0.0,4.919796356712209e-08,0.00018132406663275125,-6.475612608162665e-20,2.3177295017142062e-08,4.289965168904007e-05,-1.6187574405998417e-20,2.3177295017142065e-08,4.289965168904002e-05,-2.1105747260941235e-12,336.14828380179426,1.103637150839976,89076.00351533934,281.17193978782666,1.0687075062243918,-0.7123893477878557,-0.0004119756853177966,359.24419534658364,71215.72293063159,9.776967024666673,271.834203126468,-0.1479882666111522,-234.86705655750825,-98.31458793183643,0.05351885459761151,84.91351525829477,0.0,0.0,0.0,-0.6869511190617678,0.00037395098560778274,-0.5933141312721211,0.0,0.0,0.0,0.0,0.0,0.0,0.0,0.0,0.5,0.0,0.0,1.0,0.0,0.0,0.0
4.1000000000000005,271.2059683076138,-0.15104377930588758,-233.26204600456333,7.292113023867705e-05,0.0,0.0,0.7071067811865476,-3.0771916748699863e-11,-0.7071067811865475,-3.077191679564203e-11,6379234.02893611,-0.32933824734301265,1176.116406138767,0.0001856087184004814,-5.1626613112556016e-08,1097.1380850343655,0.0,5.1539576988477173e-08,0.00018560871840070346,-6.63747881046849e-20,2.3654303311402013e-08,4.2793514972069635e-05,-1.6185759979708387e-20,2.3654303311402017e-08,4.2793514972069574e-05,-2.2055588761044722e-12,336.0573587950177,1.1010964739928724,88822.76679349283,281.01983320740334,1.0644623261440227,-0.7103237827854159,-0.0004222399227080876,357.72039908800235,70450.29915816331,9.776894780585412,271.1626681880954,-0.15103175709045225,-233.31238017710083,-97.43120783878025,0.054262710376134934,83.79979622849729,0.0,0.0,0.0,-0.6807786989128621,0.0003791485109214373,-0.5855322694962246,0.0,0.0,0.0,0.0,0.0,0.0,0.0,0.0,0.5,0.0,0.0,1.0,0.0,0.0,0.0
4.2,270.5411462104257,-0.1540601246031329,-231.71389859696836,7.292113023867705e-05,0.0,0.0,0.7071067811865476,-3.15224513035462e-11,-0.7071067811865475,-3.15224513516333e-11,6379257.277946119,-0.34459315179764705,1203.203834097414,0.00018988282198068707,-5.401775422805846e-08,1120.3921799985692,0.0,5.3928595271684997e-08,0.00018988282198090912,-6.79934460680698e-20,2.4126979201254222e-08,4.268832848135568e-05,-1.618768859987191e-20,2.4126979201254226e-08,4.2688328481355616e-05,-2.302121605683461e-12,335.96699063458,1.0985809524020018,88572.29131549118,280.8687347841003,1.0602458777783061,-0.7082457727823325,-0.0004325009407470328,356.2076168898962,69696.09935883807,9.776823015134323,270.49714284448453,-0.15404762859807644,-231.76526554399334,-96.56023670441455,0.054986394146565636,82.70220337879141,0.0,0.0,0.0,-0.674692983577943,0.00038420508885561816,-0.5778630857846232,0.0,0.0,0.0,0.0,0.0,0.0,0.0,0.0,0.5,0.0,0.0,1.0,0.0,0.0,0.0
4.3,269.88226657229404,-0.15704896893307457,-230.17324964570557,7.292113023867705e-05,0.0,0.0,0.7071067811865476,-3.2272985858392534e-11,-0.7071067811865475,-3.2272985907624567e-11,6379280.37202646,-0.360149262357158,1230.2248692166236,0.00019414642113376186,-5.645609554254363e-08,1143.4914485324794,0.0,5.636481375387556e-08,0.0001941464211339839,-6.96120784761685e-20,2.4595340644167612e-08,4.258408385383937e-05,-1.6185672225711506e-20,2.4595340644167615e-08,4.25840838538393e-05,-2.4002431545170262e-12,335.8772179364714,1.0960833433704913,88323.63494648851,280.71864266896813,1.0560578630398774,-0.706155203057894,-0.00044275857010221226,354.7057782125451,68952.52275075784,9.776751728281722,269.8375741945349,-0.157035995272827,-230.22564198353052,-95.70088517319411,0.05568990828446913,81.61998176606069,0.0,0.0,0.0,-0.6686884576122887,0.00038912073600905634,-0.5703013051417176,0.0,0.0,0.0,0.0,0.0,0.0,0.0,0.0,0.5,0.0,0.0,1.0,0.0,0.0,0.0
4.4,269.22922149551243,-0.16001068364817012,-228.63995904618474,7.292113023867705e-05,0.0,0.0,0.7071067811865476,-3.302352041323887e-11,-0.7071067811865475,-3.302352046361583e-11,6379303.312653688,-0.3760024228783109,1257.180412779576,0.0001983996586251953,-5.894098528737938e-08,1166.4373659649864,0.0,5.8847580666416714e-08,0.00019839965862541734,-7.123070701493046e-20,2.5059445988438182e-08,4.2480763996792594e-05,-1.6186405985060973e-20,2.5059445988438185e-08,4.248076399679252e-05,-2.4998893775750046e-12,335.7880052430849,1.0936090287071574,88077.50163223197,280.5695486631363,1.0518979360572207,-0.7040520792870911,-0.0004530126661100945,353.21471084812174,68219.68477078322,9.776680915455307,269.1838541280185,-0.15999722875199915,-228.69336953213278,-94.8533840443014,0.056374074861366766,80.55320161622517,0.0,0.0,0.0,-0.6627667336733895,0.00039390119642201504,-0.5628474182553638,0.0,0.0,0.0,0.0,0.0,0.0,0.0,0.0,0.5,0.0,0.0,1.0,0.0,0.0,0.0
4.5,268.5819336614761,-0.1629455017431778,-227.1139254366904,7.292113023867705e-05,0.0,0.0,0.7071067811865476,-3.3774054968085205e-11,-0.7071067811865475,-3.377405501960711e-11,6379326.100547074,-0.39214995982730916,1284.0710361865022,0.0002026426250262968,-6.147200404031374e-08,1189.230650848709,0.0,6.137647658705646e-08,0.00020264262502651885,-7.284933823991915e-20,2.5519331874583473e-08,4.237835666379655e-05,-1.6185236179090708e-20,2.5519331874583476e-08,4.237835666379647e-05,-2.6010342317586713e-12,335.6993718274472,1.091153813298523,87833.34864765347,280.4214470673642,1.0477657334388337,-0.70193634757278,-0.0004632630603525158,351.7342985377409,67497.14730807114,9.77661057442229,268.53590518522975,-0.16293156229065034,-227.16834693128348,-94.01717984975049,0.05703911776286964,79.50129214974389,0.0,0.0,0.0,-0.6569239445279053,0.0003985480344449566,-0.5554974369316158,0.0,0.0,0.0,0.0,0.0,0.0,0.0,0.0,0.5,0.0,0.0,1.0,0.0,0.0,0.0
4.6000000000000005,267.940351400638,-0.16585353281824863,-225.59507970412471,7.292113023867705e-05,0.0,0.0,0.7071067811865476,-3.452458952293153e-11,-0.7071067811865475,-3.452458957559838e-11,6379348.735703628,-0.40859057641714697,1310.8970078136444,0.00020687536296181235,-6.404894812266005e-08,1211.871299969343,0.0,6.395129783710816e-08,0.0002068753629620344,-7.44679592717681e-20,2.5975015583869066e-08,4.2276853675579106e-05,-1.6185613432722734e-20,2.597501558386907e-08,4.227685367557902e-05,-2.7036588370699593e-12,335.61130591923506,1.0887198748948008,87591.45821797368,280.2743384505694,1.0436611219049579,-0.6998078899969419,-0.0004735095897770025,350.26447320869244,66784.9161558475,9.776540705181047,267.89367562388645,-0.16583910573271404,-225.65050513569838,-93.1923207436599,0.05768548583068527,78.46422079709316,0.0,0.0,0.0,-0.6511604266419322,0.0004030643862585815,-0.5482511335982361,0.0,0.0,0.0,0.0,0.0,0.0,0.0,0.0,0.5,0.0,0.0,1.0,0.0,0.0,0.0
4.7,267.30436670582753,-0.16873514800666264,-224.08328164207592,7.292113023867705e-05,0.0,0.0,0.7071067811865476,-3.5275124077777864e-11,-0.7071067811865475,-3.5275124131589646e-11,6379371.219590078,-0.42532015419674046,1337.6592199883917,0.00021109801376381046,-6.667117171376356e-08,1234.3607788747177,0.0,6.657139859591707e-08,0.0002110980137640325,-7.608655517512795e-20,2.642655542281755e-08,4.2176237925226454e-05,-1.6184799191072417e-20,2.6426555422817552e-08,4.217623792522636e-05,-2.8077303153936955e-12,335.5238045670734,1.0863065451919018,87351.74839829752,280.1282131621485,1.0395836507661962,-0.6976667068135922,-0.0004837521591362012,348.8050628052252,66082.73519666691,9.776471303190235,267.2570572349996,-0.16872023048195312,-224.13970407238017,-92.37851846676826,0.058313663218122765,77.4416208433413,0.0,0.0,0.0,-0.6454741658685734,0.0004074536347754819,-0.541105945916939,0.0,0.0,0.0,0.0,0.0,0.0,0.0,0.0,0.5,0.0,0.0,1.0,0.0,0.0,0.0
4.800000000000001,266.6739062467764,-0.17159056772284587,-222.57843516931396,7.292113023867705e-05,0.0,0.0,0.7071067811865476,-3.60256586326242e-11,-0.7071067811865475,-3.602565868758092e-11,6379393.552896424,-0.44233609173375443,1364.3582208311223,0.000215310664316669,-6.933826672802161e-08,1256.699776876718,0.0,6.923637077788052e-08,0.00021531066431689104,-7.770514542774115e-20,2.687398605394158e-08,4.20764977982222e-05,-1.618799847210448e-20,2.6873986053941584e-08,4.20764977982221e-05,-2.9132240187803816e-12,335.43687398613116,1.0839120853128654,87113.99535566322,279.98306630739296,1.0355330164375136,-0.695512743291169,-0.0004939905902799304,347.35595794322853,65390.33581876721,9.776402366307929,266.6259765550798,-0.17157515719978095,-222.63584775743863,-91.57545029725023,0.05892396345459977,76.43312656254169,0.0,0.0,0.0,-0.639862907261501,0.0004117179707121001,-0.5340593184597501,0.0,0.0,0.0,0.0,0.0,0.0,0.0,0.0,0.5,0.0,0.0,1.0,0.0,0.0,0.0
4.9,266.0489237276594,-0.17441988478753376,-221.08047828915647,7.292113023867705e-05,0.0,0.0,0.7071067811865476,-3.6776193187470535e-11,-0.7071067811865475,-3.677619324357219e-11,6379415.735586277,-0.4596371600542173,1390.9942529134805,0.00021951335316598388,-7.205004014658896e-08,1278.8882573793333,0.0,7.194602136415325e-08,0.00021951335316620593,-7.932373007257164e-20,2.7317322123877383e-08,4.1977625965221295e-05,-1.618794934611956e-20,2.7317322123877386e-08,4.197762596522119e-05,-3.020122330021149e-12,335.3504950151599,1.0815400697422726,86878.66234160092,279.83889902225167,1.0315091339624758,-0.6933458825141302,-0.0005042246804856144,345.91709979157383,64707.81419377404,9.77633389463585,266.00038722107377,-0.1744039789397869,-221.13887425772603,-90.78328928260233,0.05951689150869426,75.43881227288685,0.0,0.0,0.0,-0.6343278599512608,0.0004158609224230479,-0.527111770508361,0.0,0.0,0.0,0.0,0.0,0.0,0.0,0.0,0.5,0.0,0.0,1.0,0.0,0.0,0.0
5.0,265.4293214138719,-0.1772234386395918,-219.58928440075678,7.292113023867705e-05,0.0,0.0,0.7071067811865476,-3.752672774231687e-11,-0.7071067811865475,-3.752672779956346e-11,6379437.769056671,-0.47721941938173557,1417.5681553630084,0.00022370621323111468,-7.480587419495217e-08,1300.9276162693277,0.0,7.469973258022188e-08,0.00022370621323133672,-8.094230709273763e-20,2.7756616963174573e-08,4.187960694353126e-05,-1.6183961284221333e-20,2.7756616963174576e-08,4.187960694353114e-05,-3.1283945887036277e-12,335.264693919848,1.0791844836476674,86644.97410255959,279.69570076194105,1.0275115106345585,-0.6911661305950278,-0.0005144542673233202,344.48833320298894,64034.61193856897,9.77626588384845,265.3801913053008,-0.1772070353919812,-219.6486570989876,-90.00131805861204,0.060092597032863106,74.45796378922797,0.0,0.0,0.0,-0.6288640115164115,0.000419883535571282,-0.5202583118543243,0.0,0.0,0.0,0.0,0.0,0.0,0.0,0.0,0.5,0.0,0.0,1.0,0.0,0.0,0.0
5.1000000000000005,264.81502908692397,-0.18000143968563487,-218.10476161695487,7.292113023867705e-05,0.0,0.0,0.7071067811865476,-3.8277262297163206e-11,-0.7071067811865475,-3.827726235555474e-11,6379459.653973038,-0.4950803236945947,1444.0804575600737,0.00022788932842668675,-7.76053695059055e-08,1322.8185183200985,0.0,7.749710505888059e-08,0.0002278893284269088,-8.256087657699861e-20,2.819190366008426e-08,4.17824296119902e-05,-1.6186702008518808e-20,2.8191903660084263e-08,4.1782429611990074e-05,-3.238017353442386e-12,335.17942585576753,1.0768530377767676,86413.93119724901,279.55346916982364,1.023540014127133,-0.6889734318245573,-0.0005246791669533569,343.06955427553663,63371.03473388318,9.776198331880057,264.7653184633077,-0.1799845371980095,-218.16510448604063,-89.23001668819377,0.06065188793259918,73.49088752990409,0.0,0.0,0.0,-0.6234747162888298,0.000423791455215121,-0.5135010835270163,0.0,0.0,0.0,0.0,0.0,0.0,0.0,0.0,0.5,0.0,0.0,1.0,0.0,0.0,0.0
5.2,264.2060023783767,-0.18275397429231344,-216.62685058408434,7.292113023867705e-05,0.0,0.0,0.7071067811865476,-3.902779685200954e-11,-0.7071067811865475,-3.9027796911546005e-11,6379481.390284995,-0.5132186603166785,1470.5313916983978,0.00023206273565369424,-8.044833564365228e-08,1344.5609129611403,0.0,8.033794836433276e-08,0.00023206273565391629,-8.417942348893145e-20,2.8623195845697593e-08,4.168608694708203e-05,-1.6186711582945863e-20,2.8623195845697597e-08,4.168608694708189e-05,-3.348973838064555e-12,335.0947356439506,1.0745375196987403,86184.47009528904,279.4122025018495,1.019594372823709,-0.6867676673709973,-0.0005348991695117383,341.660707887377,62716.48492572046,9.776131238875875,264.1557242647672,-0.18273657094908613,-216.68815712479915,-88.46858116918281,0.06119459463056893,72.53685257981502,0.0,0.0,0.0,-0.618154356483827,0.00042758349647100373,-0.5068349784212093,0.0,0.0,0.0,0.0,0.0,0.0,0.0,0.0,0.5,0.0,0.0,1.0,0.0,0.0,0.0
5.300000000000001,263.6021475127969,-0.1854813693562539,-215.15543000308637,7.292113023867705e-05,0.0,0.0,0.7071067811865476,-3.9778331406855877e-11,-0.7071067811865475,-3.977833146753728e-11,6379502.979356324,-0.5316305794390588,1496.9217712098823,0.0002362265637590278,-8.333416897198016e-08,1366.1561628657705,0.0,8.322165886036603e-08,0.00023622656375924984,-8.579797165790761e-20,2.9050544877718294e-08,4.1590564093692235e-05,-1.618513667049195e-20,2.9050544877718297e-08,4.1590564093692086e-05,-3.4612348688973605e-12,335.0105829765073,1.0722442009833193,85957.4062843931,279.2718935270351,1.0156743155240464,-0.6845488431058924,-0.0005451141099953848,340.26164560702745,62071.144636864585,9.776064600613594,263.5513147500057,-0.1854634637781014,-215.2176938362854,-87.71733113091054,0.06172151995404866,71.59600930825938,0.0,0.0,0.0,-0.6129051654396236,0.0004312652689143501,-0.500261047208631,0.0,0.0,0.0,0.0,0.0,0.0,0.0,0.0,0.5,0.0,0.0,1.0,0.0,0.0,0.0
5.4,263.0033972014099,-0.18818382582967927,-213.6904119408969,7.292113023867705e-05,0.0,0.0,0.7071067811865476,-4.052886596170221e-11,-0.7071067811865475,-4.052886602352855e-11,6379524.421828945,-0.5503135879278298,1523.2521075212312,0.0002403808938122741,-8.626247844507179e-08,1387.6049093212932,0.0,8.614784550116305e-08,0.00024038089381249616,-8.74165082461404e-20,2.9473982357210894e-08,4.149585039514649e-05,-1.6184403883095926e-20,2.9473982357210897e-08,4.149585039514633e-05,-3.5747781249648537e-12,334.92698929915025,1.0699686233217163,85732.16522601167,279.13253696862114,1.0117795207549172,-0.6823169023447879,-0.0005553237985867425,338.8722687209815,61434.61020059626,9.77599841510055,262.95202251111994,-0.18816541686108562,-213.75362677436013,-86.9757455384413,0.06223276476264772,70.667843422353,0.0,0.0,0.0,-0.6077235025415395,0.00043483747727904505,-0.4937756963831725,0.0,0.0,0.0,0.0,0.0,0.0,0.0,0.0,0.5,0.0,0.0,1.0,0.0,0.0,0.0
5.5,262.4097090455491,-0.19086142348837307,-212.2317397440717,7.292113023867705e-05,0.0,0.0,0.7071067811865476,-4.127940051654854e-11,-0.7071067811865475,-4.127940057951982e-11,6379545.717638137,-0.5692664901698904,1549.5226221884984,0.00024452576102931383,-8.923307632905449e-08,1408.9070874359459,0.0,8.911632055285114e-08,0.0002445257610295359,-8.903503975776931e-20,2.989352087848015e-08,4.140193914034727e-05,-1.6186331833398058e-20,2.989352087848016e-08,4.1401939140347106e-05,-3.68958760145949e-12,334.8439471869128,1.06771218546562,85508.92707567105,278.99413360258876,1.0079098866954042,-0.6800717245275113,-0.0005655280158787375,337.492525891357,60806.858835811974,9.775932682526477,262.3578050925509,-0.1908425101905482,-212.29589934144423,-86.24382683347886,0.062728678534399,69.75229362915647,0.0,0.0,0.0,-0.6026093848504316,0.0004383025634644123,-0.4873784976741753,0.0,0.0,0.0,0.0,0.0,0.0,0.0,0.0,0.5,0.0,0.0,1.0,0.0,0.0,0.0
5.6000000000000005,261.82099318656685,-0.1935144768235047,-210.77929735813362,7.292113023867705e-05,0.0,0.0,0.7071067811865476,-4.202993507139488e-11,-0.7071067811865475,-4.20299351355111e-11,6379566.868114773,-0.5884855255586183,1575.7341032076902,0.0002486612902263717,-9.224537300413478e-08,1430.0640270120155,0.0,9.212649439563681e-08,0.00024866129022659374,-9.065354693672663e-20,3.030920984818088e-08,4.130881609490894e-05,-1.618329427673465e-20,3.030920984818089e-08,4.1308816094908765e-05,-3.805635531333408e-12,334.7614440766442,1.0654760935654481,85287.85190715709,278.85667513054403,1.0040650745931745,-0.677813315512375,-0.0005757265920109032,336.1222753263521,60187.783511395886,9.775867398771215,261.76857245970933,-0.19349505847980172,-210.84439559701286,-85.5214844954961,0.06320975239063818,68.84917759300454,0.0,0.0,0.0,-0.5975621798744316,0.0004416639590705659,-0.48106817705209914,0.0,0.0,0.0,0.0,0.0,0.0,0.0,0.0,0.5,0.0,0.0,1.0,0.0,0.0,0.0
5.7,261.23718526540387,-0.19614317733290548,-209.33300080411453,7.292113023867705e-05,0.0,0.0,0.7071067811865476,-4.278046962624121e-11,-0.7071067811865475,-4.2780469691502363e-11,6379587.873877259,-0.6079682538479172,1601.8870440518476,0.00025278755962862944,-9.529898574442184e-08,1451.0763458479196,0.0,9.517798430362929e-08,0.0002527875596288515,-9.227206217981836e-20,3.072107938047565e-08,4.1216471066517824e-05,-1.61887062412837e-20,3.0721079380475655e-08,4.121647106651764e-05,-3.922900652408724e-12,334.67950254545656,1.0632557193790293,85068.343748917,278.7201563819803,1.0002447743381144,-0.6755416178645387,-0.0005859193287726513,334.76142349917257,59576.988090527535,9.775802561915103,261.18426014080916,-0.19612325343983986,-209.39903164427471,-84.80820251327137,0.06367604323996094,67.95799574578108,0.0,0.0,0.0,-0.5925782821009334,0.00044492206173354617,-0.4748412438968471,0.0,0.0,0.0,0.0,0.0,0.0,0.0,0.0,0.5,0.0,0.0,1.0,0.0,0.0,0.0
5.800000000000001,260.6582448955517,-0.19874759806470954,-207.89279618599866,7.292113023867705e-05,0.0,0.0,0.7071067811865476,-4.353100418108755e-11,-0.7071067811865475,-4.353100424749364e-11,6379608.734846197,-0.6277134972528597,1627.9816553796104,0.0002569046027263325,-9.839372963689052e-08,1471.9439643900844,0.0,9.827060536380334e-08,0.00025690460272655456,-9.38905596788142e-20,3.1129141011713766e-08,4.112489766308696e-05,-1.618467375265034e-20,3.112914101171377e-08,4.112489766308676e-05,-4.0413676965637205e-12,334.59808151099026,1.0610585939231665,84851.37408836225,278.58457978611733,0.9964489946884216,-0.6732565095227293,-0.0005961059946105496,333.40992292849637,58974.7976814427,9.775738172193412,260.60482769710757,-0.19872716832809573,-207.95975363959835,-84.10447704109825,0.06412825278762674,67.07908478361361,0.0,0.0,0.0,-0.5876611582967146,0.0004480817744613746,-0.46870005079704785,0.0,0.0,0.0,0.0,0.0,0.0,0.0,0.0,0.5,0.0,0.0,1.0,0.0,0.0,0.0
5.9,260.08408609276216,-0.20132804124141157,-206.45857263668427,7.292113023867705e-05,0.0,0.0,0.7071067811865476,-4.4281538735933883e-11,-0.7071067811865475,-4.428153880348491e-11,6379629.452319892,-0.64771758360397,1654.0187000108353,0.00026101254034681615,-1.0152902895637356e-07,1492.668179908457,0.0,1.0140378185099179e-07,0.0002610125403470382,-9.550905248630273e-20,3.153344221923486e-08,4.103408226411664e-05,-1.6185219299808314e-20,3.153344221923487e-08,4.103408226411643e-05,-4.16101023003462e-12,334.517220004796,1.0588765671923153,84635.89545110428,278.4499348774884,0.9926772601107565,-0.6709579965937083,-0.000606286412391223,332.06763838398876,58380.591990152236,9.775674225587084,260.03018897619415,-0.2013071055757896,-206.52645082407454,-83.40948315499605,0.06456628403123445,66.21168054615632,0.0,0.0,0.0,-0.5828050444905926,0.000451142419471543,-0.4626392583537806,0.0,0.0,0.0,0.0,0.0,0.0,0.0,0.0,0.5,0.0,0.0,1.0,0.0,0.0,0.0
6.0,259.51464742769144,-0.20388468890645126,-205.03025013129917,7.292113023867705e-05,0.0,0.0,0.7071067811865476,-4.503207329078021e-11,-0.7071067811865475,-4.503207335947618e-11,6379650.026893234,-0.6679781255429611,1679.998653464901,0.00026511144787147255,-1.0470450929551242e-07,1513.249586706981,0.0,1.0457713935783604e-07,0.0002651114478716946,-9.712754068549838e-20,3.1934011630665455e-08,4.094401514153109e-05,-1.618175199788392e-20,3.193401163066546e-08,4.0944015141530865e-05,-4.28180799350699e-12,334.4368863520368,1.0567148882016246,84422.58622402094,278.3162191487648,0.9889294363705475,-0.6686460211547932,-0.0006164603729309157,330.73448152164065,57794.536086404936,9.775610720249427,259.4602824419787,-0.20386324742940962,-205.0990432505561,-82.72350105511151,0.06499076427881896,65.35592607655065,0.0,0.0,0.0,-0.5780118985182091,0.00045410837993816236,-0.456659866048894,0.0,0.0,0.0,0.0,0.0,0.0,0.0,0.0,0.5,0.0,0.0,1.0,0.0,0.0,0.0
6.1000000000000005,258.9498905683753,-0.206417607243531,-203.60777758846217,7.292113023867705e-05,0.0,0.0,0.7071067811865476,-4.5782607845626554e-11,-0.7071067811865475,-4.578260791546746e-11,6379670.458471809,-0.6884939638782392,1705.9217152432868,0.000269201357024382,-1.0791998868109995e-07,1533.6880902365472,0.0,1.0779049591112896e-07,0.00026920135702460405,-9.874601139221567e-20,3.233085970303161e-08,4.085469022884816e-05,-1.6181756862326956e-20,3.2330859703031614e-08,4.0854690228847926e-05,-4.403746415803524e-12,334.35709434973694,1.054571137261552,84211.13425367889,278.1834325949458,0.9852053789473578,-0.6663204599135174,-0.0006266276297241005,329.41040878692513,57216.40488653429,9.775547656462305,258.89506971458775,-0.2063956602749016,-203.67747988679548,-82.04624121734732,0.06540178123812787,64.51153288558744,0.0,0.0,0.0,-0.5732796973949101,0.0004569802686994353,-0.4507598581287828,0.0,0.0,0.0,0.0,0.0,0.0,0.0,0.0,0.5,0.0,0.0,1.0,0.0,0.0,0.0
6.2,258.3897333625789,-0.20892708634325313,-202.19104927124084,7.292113023867705e-05,0.0,0.0,0.7071067811865476,-4.653314240047288e-11,-0.7071067811865475,-4.6533142471458735e-11,6379690.748321692,-0.7092615141123154,1731.7886232494463,0.0002732823846857395,-1.1117490516088932e-07,1553.9849555647622,0.0,1.1104328955862373e-07,0.00027328238468596154,-1.0036448627244806e-19,3.2724032006231535e-08,4.0766094512617224e-05,-1.618486473147192e-20,3.272403200623154e-08,4.076609451261697e-05,-4.526800329433168e-12,334.27784645895065,1.0524438357073487,84001.35274125333,278.05156665504086,0.9815047391655766,-0.6639813195225406,-0.0006367879958218259,328.0952914304135,56645.96414352173,9.775485030306678,258.334468480901,-0.2089046343988249,-202.26165509864947,-81.37742412449774,0.06579960931044235,63.67818134535645,0.0,0.0,0.0,-0.568606488056951,0.0004597600030727318,-0.444937001265156,0.0,0.0,0.0,0.0,0.0,0.0,0.0,0.0,0.5,0.0,0.0,1.0,0.0,0.0,0.0
6.300000000000001,257.8341173106741,-0.21141329879466575,-200.77998910885879,7.292113023867705e-05,0.0,0.0,0.7071067811865476,-4.728367695531921e-11,-0.7071067811865475,-4.728367702745001e-11,6379710.897014261,-0.7302784417747124,1757.5998350490963,0.0002773546033937462,-1.1446889264472523e-07,1574.140753506683,0.0,1.1433515421016503e-07,0.00027735460339396826,-1.0198293955816718e-19,3.311355568153191e-08,4.067821872888142e-05,-1.618076815901706e-20,3.3113555681531916e-08,4.067821872888116e-05,-4.6509504275422386e-12,334.1991134046334,1.0503377958066964,83793.86297841447,277.92061886566705,0.9778273884551103,-0.6616285418740798,-0.0006469412483240744,326.78904628446594,56083.35419468177,9.775422840008815,257.7784201401137,-0.2113903425836473,-200.85149288890264,-80.71729468627768,0.06618483898639835,62.85598553460499,0.0,0.0,0.0,-0.5639939817560012,0.00046245170897885084,-0.43919209255765873,0.0,0.0,0.0,0.0,0.0,0.0,0.0,0.0,0.5,0.0,0.0,1.0,0.0,0.0,0.0
6.4,257.2830061776265,-0.2138763037802571,-199.37454889177587,7.292113023867705e-05,0.0,0.0,0.7071067811865476,-4.803421151016555e-11,-0.7071067811865475,-4.803421158344129e-11,6379730.904439743,-0.7515436070323284,1783.3555387268073,0.000281418043065778,-1.1780177221823485e-07,1594.1553741677976,0.0,1.1766591095138006e-07,0.00028141804306600006,-1.0360139283036872e-19,3.34994400855026e-08,4.059105714336029e-05,-1.6185417837342522e-20,3.3499440085502605e-08,4.059105714336001e-05,-4.77618280078671e-12,334.12093182034715,1.0482465072439617,83587.82653638173,277.7905882740586,0.9741731268005669,-0.6592620027599709,-0.0006570871227649322,325.49163378889386,55528.14081126479,9.77536108589821,257.226888413279,-0.2138528442073785,-199.44694509412435,-80.06525916861071,0.06655728066731602,62.04442593391838,0.0,0.0,0.0,-0.5594380299084494,0.0004650540616395671,-0.4335215019809733,0.0,0.0,0.0,0.0,0.0,0.0,0.0,0.0,0.5,0.0,0.0,1.0,0.0,0.0,0.0
6.5,256.73632160082917,-0.21631637939551956,-197.97462795602246,7.292113023867705e-05,0.0,0.0,0.7071067811865476,-4.8784746065011884e-11,-0.7071067811865475,-4.8784746139432554e-11,6379750.771832325,-0.7730535122945028,1809.0564475293781,0.0002854728166766137,-1.2117299558046946e-07,1614.030050759514,0.0,1.2103501148132005e-07,0.00028547281667683574,-1.0521983328615287e-19,3.3881728902311586e-08,4.0504597342820665e-05,-1.6181807287817668e-20,3.388172890231159e-08,4.0504597342820373e-05,-4.902473487040756e-12,334.0432656945256,1.0461754356587434,83383.95006671878,277.6614683018476,0.9705417351283218,-0.656881709713876,-0.0006672254197149677,324.2029315920074,54980.46918115195,9.775299764154756,256.6797947836947,-0.21629241754929662,-198.04791114807497,-79.42158105728238,0.06691762349117826,61.243611099637704,0.0,0.0,0.0,-0.5549404735620898,0.00046757187625187744,-0.4279259880481703,0.0,0.0,0.0,0.0,0.0,0.0,0.0,0.0,0.5,0.0,0.0,1.0,0.0,0.0,0.0
6.6000000000000005,256.19400801036903,-0.21873368877510946,-196.58015418491823,7.292113023867705e-05,0.0,0.0,0.7071067811865476,-4.9535280619858216e-11,-0.7071067811865475,-4.9535280695423834e-11,6379770.499739869,-0.7948058759785679,1834.7030010688625,0.00028951899392184484,-1.2458220495721147e-07,1633.7653306033462,0.0,1.2444209802576747e-07,0.0002895189939220669,-1.0683827392973652e-19,3.426044778705541e-08,4.0418830527309806e-05,-1.6182279596632793e-20,3.4260447787055415e-08,4.0418830527309494e-05,-5.0298040867486354e-12,333.96613139858835,1.044121204332305,83181.80110615725,277.53325454260886,0.9669329651512545,-0.6544876047883281,-0.0006773558996546747,322.9228616933305,54440.04868726316,9.775238873077669,256.1370835854409,-0.21870922592829078,-196.65431900375134,-78.78588277112375,0.0672659243507122,60.453174151190765,0.0,0.0,0.0,-0.5504986744532425,0.0004700055503409445,-0.4224029872635882,0.0,0.0,0.0,0.0,0.0,0.0,0.0,0.0,0.5,0.0,0.0,1.0,0.0,0.0,0.0
6.7,255.65603131052794,-0.22112828396351883,-195.1910822979701,7.292113023867705e-05,0.0,0.0,0.7071067811865476,-5.028581517470455e-11,-0.7071067811865475,-5.0285815251415113e-11,6379790.088036906,-0.8167995783750732,1860.295375753177,0.00029355660287159574,-1.2802922461198335e-07,1653.3610881213099,0.0,1.2788699484824472e-07,0.0002935566028718178,-1.084567018755499e-19,3.4635604974633557e-08,4.03337513013477e-05,-1.6183728797402942e-20,3.463560497463356e-08,4.033375130134737e-05,-5.158161321804308e-12,333.88953493210596,1.042082832441317,82981.25294407763,277.40594755841585,0.9633467181999666,-0.6520795632236713,-0.0006874782769477477,321.65138859151534,53906.750045949564,9.775178413045108,255.59872068255933,-0.22110332157794907,-195.2661234239684,-78.15800616314102,0.06760232295428045,59.672940914437774,0.0,0.0,0.0,-0.5461115275652804,0.0004723560600875982,-0.41695128262451414,0.0,0.0,0.0,0.0,0.0,0.0,0.0,0.0,0.5,0.0,0.0,1.0,0.0,0.0,0.0
6.800000000000001,255.1223168859406,-0.22350043119791227,-193.80731664696518,7.292113023867705e-05,0.0,0.0,0.7071067811865476,-5.103634972955089e-11,-0.7071067811865475,-5.1036349807406386e-11,6379809.537926076,-0.8390312080350275,1885.8342604322113,0.00029758575263692794,-1.3151351977359275e-07,1672.8185250010963,0.0,1.3136916717755956e-07,0.00029758575263715,-1.1007512155061706e-19,3.500724228518586e-08,4.024934784509273e-05,-1.618204914451155e-20,3.5007242285185863e-08,4.024934784509238e-05,-5.287522380326855e-12,333.8134432330466,1.0400652595283464,82782.94372600158,277.2795408434988,0.9597827825065379,-0.6496575938092339,-0.000697592336902926,320.3883962465612,53380.69135030461,9.775118380334854,255.06463131190915,-0.2234749709075993,-193.88322885351673,-77.53817518443162,0.06792746195927976,58.90298926171494,0.0,0.0,0.0,-0.5417805977062365,0.0004746278959161709,-0.41157141824642085,0.0,0.0,0.0,0.0,0.0,0.0,0.0,0.0,0.5,0.0,0.0,1.0,0.0,0.0,0.0
6.9,254.59281209640932,-0.22585028415855435,-192.428789069319,7.292113023867705e-05,0.0,0.0,0.7071067811865476,-5.178688428439722e-11,-0.7071067811865475,-5.178688436339766e-11,6379828.849931724,-0.8614985362635713,1911.3200767643552,0.0003016065100713879,-1.3503474098255563e-07,1692.1381650734693,0.0,1.3488826555422776e-07,0.00030160651007160995,-1.1169352010791266e-19,3.5375383887936873e-08,4.016561182248503e-05,-1.6181129356354273e-20,3.537538388793688e-08,4.016561182248466e-05,-5.417869729840503e-12,333.7378904124257,1.0380619749878808,82586.0389260563,277.15402933599574,0.9562408733945709,-0.647221639148478,-0.0007076978203216577,319.13381181283955,52861.43229248619,9.775058773319028,254.5347627420648,-0.22582432777295205,-192.50556719587797,-76.92579085149744,0.06824117138214073,58.14279146320849,0.0,0.0,0.0,-0.5375016996133443,0.00047681987010461966,-0.4062597067356696,0.0,0.0,0.0,0.0,0.0,0.0,0.0,0.0,0.5,0.0,0.0,1.0,0.0,0.0,0.0
7.0,254.06748502791788,-0.22817788761515861,-191.055457270792,7.292113023867705e-05,0.0,0.0,0.7071067811865476,-5.253741883924355e-11,-0.7071067811865475,-5.253741891938893e-11,6379848.023912347,-0.8842004642400663,1936.7529892211264,0.0003056189013572937,-1.3859271579939433e-07,1711.319866733315,0.0,1.384441175387719e-07,0.00030561890135751577,-1.1331192343522793e-19,3.57400368748021e-08,4.008253818344593e-05,-1.6184279771124783e-20,3.574003687480211e-08,4.008253818344554e-05,-5.549190697299728e-12,333.66285176686586,1.0360774832028152,82391.11592918445,277.02941511242,0.9527209918216546,-0.6447715743463746,-0.0007177944169874375,317.88760390892895,52349.1298635867,9.774999592425507,254.0090830221218,-0.2281514371266529,-191.13309619753832,-76.3211091449946,0.06854393630410649,57.392490788776286,0.0,0.0,0.0,-0.5332766218939898,0.00047893537204926726,-0.40101714915823916,0.0,0.0,0.0,0.0,0.0,0.0,0.0,0.0,0.5,0.0,0.0,1.0,0.0,0.0,0.0
7.1000000000000005,253.54626476995682,-0.23048349608334417,-189.68723056172166,7.292113023867705e-05,0.0,0.0,0.7071067811865476,-5.3287953394089884e-11,-0.7071067811865475,-5.328795347538021e-11,6379867.061039371,-0.9071336658920301,1962.1336625152512,0.00030962303178366384,-1.4218692286120898e-07,1730.364800487645,0.0,1.4203620176829197e-07,0.0003096230317838859,-1.14930335956608e-19,3.6101241223608904e-08,4.000011569470465e-05,-1.618230312010693e-20,3.610124122360891e-08,4.000011569470425e-05,-5.681463571352118e-12,333.5883307396959,1.0341102370274595,82197.97990639106,276.9056902011988,0.9492228375803773,-0.6423074098640443,-0.000727881894056197,316.64966271729344,51843.57514025749,9.774940834028868,253.4875210996599,-0.2304565536453639,-189.76572525743376,-75.7238767935906,0.06883595777611883,56.65180617559562,0.0,0.0,0.0,-0.5291035948715778,0.0004809758065484489,-0.39584178165073286,0.0,0.0,0.0,0.0,0.0,0.0,0.0,0.0,0.5,0.0,0.0,1.0,0.0,0.0,0.0
7.2,253.02910161204386,-0.23276725378898383,-188.32404473361944,7.292113023867705e-05,0.0,0.0,0.7071067811865476,-5.403848794893622e-11,-0.7071067811865475,-5.4038488031371485e-11,6379885.961813632,-0.9302959654124131,1987.4625003514557,0.0003136189653625492,-1.458170210221043e-07,1749.273466669023,0.0,1.4566417709689263e-07,0.00031361896536277127,-1.165487060490874e-19,3.645901961800803e-08,3.991833648398659e-05,-1.6187204024068707e-20,3.6459019618008035e-08,3.991833648398617e-05,-5.814671651203957e-12,333.51434291466967,1.0321570666092148,82006.22578271135,276.78285054868127,0.9457461942261414,-0.639829089294244,-0.000737959969439374,315.4199205313811,51344.51201127806,9.774882496574152,252.97002717736584,-0.2327398217219777,-188.40339022979634,-75.13375790557336,0.06911726114943542,55.920418223310946,0.0,0.0,0.0,-0.5249802715781516,0.000482941350738388,-0.3907313724748475,0.0,0.0,0.0,0.0,0.0,0.0,0.0,0.0,0.5,0.0,0.0,1.0,0.0,0.0,0.0
7.300000000000001,252.51596586425055,-0.23502919809023035,-186.96586053570545,7.292113023867705e-05,0.0,0.0,0.7071067811865476,-5.4789022503782555e-11,-0.7071067811865475,-5.478902258736277e-11,6379904.726077247,-0.9536862856345468,2012.7396550051124,0.00031760672634789845,-1.494828412587496e-07,1768.045707308377,0.0,1.4932787450124336e-07,0.0003176067263481205,-1.1816709837379267e-19,3.6813377985508935e-08,3.983719585321731e-05,-1.6183823158929297e-20,3.681337798550894e-08,3.983719585321686e-05,-5.948802846849691e-12,333.44084857497825,1.0302251264050886,81816.76977315047,276.6608990248184,0.9422911160488817,-0.6373364880778664,-0.0007480283047338245,314.1983501469631,50852.227771452635,9.774824580539981,252.45657153145865,-0.2350012788916423,-187.04605190220605,-74.55119960862444,0.0693885032808408,55.19861082748526,0.0,0.0,0.0,-0.5209097762180405,0.0004848365942584526,-0.38568790528711644,0.0,0.0,0.0,0.0,0.0,0.0,0.0,0.0,0.5,0.0,0.0,1.0,0.0,0.0,0.0
7.4,252.00679027853295,-0.23726957191795317,-185.61259217965556,7.292113023867705e-05,0.0,0.0,0.7071067811865476,-5.5539557058628874e-11,-0.7071067811865475,-5.5539557143354025e-11,6379923.3549707765,-0.9773013850972276,2037.9657673115507,0.0003215864162483412,-1.5318387549513727e-07,1786.6826620682455,0.0,1.530267859053364e-07,0.00032158641624856324,-1.1978546134479293e-19,3.716435448348221e-08,3.975668314888046e-05,-1.6182217016554988e-20,3.716435448348222e-08,3.975668314887999e-05,-6.083836502949186e-12,333.367882274628,1.0283073944272338,81628.71567355502,276.53982644252034,0.9388572316687104,-0.6348296188072954,-0.0007580866459501096,312.98484787625205,50366.251537475575,9.774767082396657,251.94708677740675,-0.23724116823560856,-185.69362457084287,-73.97556148096017,0.06964949681300735,54.48582172479565,0.0,0.0,0.0,-0.5168876339877567,0.00048666022799136307,-0.38070745139875606,0.0,0.0,0.0,0.0,0.0,0.0,0.0,0.0,0.5,0.0,0.0,1.0,0.0,0.0,0.0
7.5,251.5015245180191,-0.23948852111445518,-184.26417472743046,7.292113023867705e-05,0.0,0.0,0.7071067811865476,-5.6290091613475194e-11,-0.7071067811865475,-5.629009169934529e-11,6379941.848995284,-1.0011390842182943,2063.141240454051,0.0003255580989845032,-1.5691978201587306e-07,1805.184831536375,0.0,1.5676056959377762e-07,0.00032555809898472524,-1.2140383381213274e-19,3.751197204551433e-08,3.967679040125076e-05,-1.6182758797598288e-20,3.751197204551434e-08,3.967679040125027e-05,-6.219756279135731e-12,333.29543206832824,1.0264055771851117,81442.28338137305,276.41963000527,0.9354444000649007,-0.6323084211762353,-0.0007681347341491283,311.7793454955292,49886.57516340752,9.774710000588842,251.44152249655008,-0.23945963575746626,-184.34604335683545,-73.4068681351053,0.0699005794219774,53.782003914936055,0.0,0.0,0.0,-0.5129140168617933,0.0004884146113726829,-0.3757896824056758,0.0,0.0,0.0,0.0,0.0,0.0,0.0,0.0,0.5,0.0,0.0,1.0,0.0,0.0,0.0
7.6000000000000005,251.00013676358006,-0.24168608931331018,-182.92056619008434,7.292113023867705e-05,0.0,0.0,0.7071067811865476,-5.704062616832153e-11,-0.7071067811865475,-5.704062625533658e-11,6379960.208006003,-1.0251982603684457,2088.2662355589378,0.0003295218002019251,-1.6069038469240418e-07,1823.5520708719268,0.0,1.6052904943801412e-07,0.00032952180020214716,-1.2302218996563251e-19,3.7856237580615864e-08,3.959751257727583e-05,-1.6185462234559258e-20,3.785623758061587e-08,3.9597512577275316e-05,-6.356550113603416e-12,333.22348061581425,1.0245228446116597,81257.87813940385,276.300311471091,0.9320526023643743,-0.6297727644325404,-0.000778172262059691,310.5818130523989,49413.285683297065,9.774653335554891,250.93984684000552,-0.24165672526494342,-183.00326630679368,-72.84527387675756,0.0701421364458594,53.08722220582485,0.0,0.0,0.0,-0.5089900030165833,0.000490102436865966,-0.37093505113866077,0.0,0.0,0.0,0.0,0.0,0.0,0.0,0.0,0.5,0.0,0.0,1.0,0.0,0.0,0.0
7.7,250.50256268271005,-0.2438625104192664,-181.58168461859444,7.292113023867705e-05,0.0,0.0,0.7071067811865476,-5.779116072316786e-11,-0.7071067811865475,-5.7791160811327844e-11,6379978.433118426,-1.049475748009789,2113.3413729422327,0.0003334776181589436,-1.644951873724044e-07,1841.785494696349,0.0,1.643317292857197e-07,0.00033347761815916567,-1.2464055145666597e-19,3.819718782684642e-08,3.951883948525001e-05,-1.6183286867587396e-20,3.819718782684643e-08,3.951883948524947e-05,-6.494198290231782e-12,333.1520533694819,1.0226538287877438,81074.81639175396,276.1818622385173,0.92868150703815,-0.6272226620570607,-0.0007881989646826418,309.3921517615772,48946.0082042572,9.774597083842922,250.4419953441712,-0.24383267080335788,-181.66521155218942,-72.29027374792861,0.0703740671608471,52.4010246698302,0.0,0.0,0.0,-0.5051120641715076,0.0004917230006862208,-0.36614039985480684,0.0,0.0,0.0,0.0,0.0,0.0,0.0,0.0,0.5,0.0,0.0,1.0,0.0,0.0,0.0
7.800000000000001,250.00875724197303,-0.24601791367652512,-180.24747207791893,7.292113023867705e-05,0.0,0.0,0.7071067811865476,-5.85416952780142e-11,-0.7071067811865475,-5.854169536731913e-11,6379996.524795044,-1.0739694615219557,2138.367025866093,0.00033742561204789325,-1.6833386309037943e-07,1859.885565039702,0.0,1.6816828217140013e-07,0.0003374256120481153,-1.2625887958381506e-19,3.853484311264437e-08,3.9440763993632133e-05,-1.6186114435929124e-20,3.853484311264438e-08,3.944076399363157e-05,-6.632685544522809e-12,333.08112634557773,1.0208023717201262,80893.59067747687,276.0642803160262,0.9253310316061506,-0.6246580585751597,-0.0007982145243216606,308.21030224989204,48484.8411958849,9.774541244016962,249.94792289702335,-0.24598760176877657,-180.3318212144858,-71.74204836899446,0.07059684331592367,51.72347962070524,0.0,0.0,0.0,-0.5012814623709083,0.0004932795990735957,-0.36140620588113276,0.0,0.0,0.0,0.0,0.0,0.0,0.0,0.0,0.5,0.0,0.0,1.0,0.0,0.0,0.0
7.9,249.51869362055595,-0.24815232679098995,-178.91789324881057,7.292113023867705e-05,0.0,0.0,0.7071067811865476,-5.929222983286052e-11,-0.7071067811865475,-5.929222992331041e-11,6380014.482856432,-1.0986783454281013,2163.343329483441,0.00034136580341352304,-1.7220624626443299e-07,1877.8521024038396,0.0,1.7203854251315908e-07,0.0003413658034137451,-1.278772303909779e-19,3.88692078479388e-08,3.936328185899758e-05,-1.6183732004942652e-20,3.886920784793881e-08,3.9363281858996994e-05,-6.772000695630321e-12,333.01070429505404,1.018967781811044,80714.11203977473,275.9475666853217,0.9220011201255999,-0.6220788282345588,-0.0008082185631264235,307.0362431190085,48029.689921149526,9.774485816622496,249.45760264978384,-0.24812154603391295,-179.003060008307,-71.20048270841829,0.07081057481097233,51.05445779369562,0.0,0.0,0.0,-0.49749739385773745,0.0004947729999288606,-0.35673156600917755,0.0,0.0,0.0,0.0,0.0,0.0,0.0,0.0,0.5,0.0,0.0,1.0,0.0,0.0,0.0
8.0,249.0323097089113,-0.2502659766242501,-177.5928691840888,7.292113023867705e-05,0.0,0.0,0.7071067811865476,-6.004276438770686e-11,-0.7071067811865475,-6.004276447930168e-11,6380032.308397029,-1.123599295489828,2188.270887469705,0.0003452982878763955,-1.761118503723108e-07,1895.6862003824986,0.0,1.7594202378874232e-07,0.0003452982878766175,-1.2949556521213178e-19,3.920031766262628e-08,3.928638324203725e-05,-1.6185687425870642e-20,3.920031766262629e-08,3.928638324203664e-05,-6.912124830164401e-12,332.940801356973,1.017146715485012,80535.95641941323,275.83171340300896,0.9186914833364582,-0.6194849852385137,-0.0008182108097634546,305.8698793973969,47580.28816808024,9.774430798273064,248.97097236689936,-0.25023473059202267,-177.6788490632072,-70.66522780406234,0.0710152790946203,50.39362886784697,0.0,0.0,0.0,-0.4937574203373729,0.0004962033251703823,-0.3521141721954044,0.0,0.0,0.0,0.0,0.0,0.0,0.0,0.0,0.5,0.0,0.0,1.0,0.0,0.0,0.0
8.1,248.5495620199319,-0.2523589873264749,-176.27234407894102,7.292113023867705e-05,0.0,0.0,0.7071067811865476,-6.079329894255317e-11,-0.7071067811865475,-6.079329903529296e-11,6380050.001865144,-1.1487302567814575,2213.150061986344,0.00034922312286963684,-1.800503532802447e-07,1913.3883068384603,0.0,1.7987840386438156e-07,0.0003492231228698589,-1.3111389704357632e-19,3.952819208359451e-08,3.921006125644133e-05,-1.6187343155579173e-20,3.952819208359452e-08,3.92100612564407e-05,-7.053043250420599e-12,332.87138569216955,1.0153443803348547,80359.79008574174,275.71671892746764,0.9154020673499333,-0.616876474070323,-0.0008281909354008337,304.71115462424905,47136.79819989237,9.774376187576758,248.48798848653928,-0.2523272797385725,-176.35913262799988,-70.13655881577039,0.07121151537532051,49.74112819838695,0.0,0.0,0.0,-0.4900634644274707,0.0004975744821417262,-0.3475549702040897,0.0,0.0,0.0,0.0,0.0,0.0,0.0,0.0,0.5,0.0,0.0,1.0,0.0,0.0,0.0
8.200000000000001,248.0704246571388,-0.2544313832821069,-174.95628394685,7.292113023867705e-05,0.0,0.0,0.7071067811865476,-6.154383349739951e-11,-0.7071067811865475,-6.154383359128423e-11,6380067.563073593,-1.1740701749331157,2237.9809822737907,0.0003531403290016851,-1.840215895996333e-07,1930.9582345308738,0.0,1.838475173514756e-07,0.00035314032900190715,-1.3273221299744545e-19,3.985283499806969e-08,3.9134311805501566e-05,-1.6181097317598677e-20,3.9852834998069695e-08,3.91343118055009e-05,-7.194745122445354e-12,332.8024787221088,1.0135571829461796,80185.15366171625,275.6025835344757,0.9121327760518604,-0.6142531681995953,-0.0008381585457315747,303.5600495095566,46698.99436392615,9.774321985103198,248.00862508698575,-0.25439921802041104,-175.04387674797454,-69.61416435254507,0.07139918033668853,49.09668988927248,0.0,0.0,0.0,-0.48641335035332023,0.0004988857489428423,-0.34305210214630577,0.0,0.0,0.0,0.0,0.0,0.0,0.0,0.0,0.5,0.0,0.0,1.0,0.0,0.0,0.0
8.3,247.59483769362612,-0.25648338443896573,-173.64461278808793,7.292113023867705e-05,0.0,0.0,0.7071067811865476,-6.229436805224584e-11,-0.7071067811865475,-6.229436814727551e-11,6380084.993096083,-1.1996160062730277,2262.7642356157776,0.00035704999929507466,-1.88025082322222e-07,1948.397056340861,0.0,1.8784888724176966e-07,0.0003570499992952967,-1.3435053041262601e-19,4.0174280948199945e-08,3.905912539586028e-05,-1.618465620948123e-20,4.017428094819995e-08,3.905912539585959e-05,-7.337212295463456e-12,332.73408593225827,1.0117833215310392,80011.82036556222,275.48929981382264,0.9088833543132201,-0.6116150827277739,-0.0008481133619615359,302.41647282297345,46266.69166629176,9.774268187530314,247.53282212014076,-0.2564507655085064,-173.73300549657313,-69.09781248041611,0.07157838134848704,48.46007370938546,0.0,0.0,0.0,-0.4828054575283556,0.0005001378757958516,-0.3386038894610284,0.0,0.0,0.0,0.0,0.0,0.0,0.0,0.0,0.5,0.0,0.0,1.0,0.0,0.0,0.0
8.4,247.12275918861562,-0.25851510985318893,-172.33727692807133,7.292113023867705e-05,0.0,0.0,0.7071067811865476,-6.304490260709216e-11,-0.7071067811865475,-6.30449027032668e-11,6380102.292366743,-1.225365726570207,2287.500173073061,0.0003609521894240868,-1.9206051414508496e-07,1965.7052059629932,0.0,1.9188219623233798e-07,0.00036095218942430886,-1.3596884935964646e-19,4.049254865947141e-08,3.8984495386374315e-05,-1.6179542360012808e-20,4.0492548659471416e-08,3.89844953863736e-05,-7.480430609926446e-12,332.6661702694541,1.010028897825595,79840.56966423123,275.376866552632,0.9056537692710973,-0.6089621623054619,-0.0008580550425700334,301.28037101351174,45840.09181462991,9.77421479351028,247.06053757414443,-0.2584820413979946,-172.42646525011264,-68.58783757017228,0.0717497345135769,47.831455087496,0.0,0.0,0.0,-0.47924212229342267,0.000501335167581226,-0.3342115579174183,0.0,0.0,0.0,0.0,0.0,0.0,0.0,0.0,0.5,0.0,0.0,1.0,0.0,0.0,0.0
8.5,246.65416419233404,-0.2605265805140594,-171.0342437438324,7.292113023867705e-05,0.0,0.0,0.7071067811865476,-6.379543716193849e-11,-0.7071067811865475,-6.379543725925807e-11,6380119.460690424,-1.251318283005826,2312.1889178129854,0.0003648469190357635,-1.961277199419301e-07,1982.882488206029,0.0,1.9594727919688858e-07,0.00036484691903598555,-1.375871483341175e-19,4.080764148492385e-08,3.891041783053432e-05,-1.618270408711271e-20,4.080764148492386e-08,3.891041783053357e-05,-7.624389558702151e-12,332.5987645378513,1.0082883618946639,79670.69318501005,275.26528356483334,0.9024439001391426,-0.6062942798456328,-0.0008679831750236376,300.15172693846426,45418.88715703942,9.774161803637444,246.59174647654132,-0.2604930668363327,-171.1242234154807,-68.08380284973374,0.07191298566722454,47.210485715966946,0.0,0.0,0.0,-0.47572029280163547,0.0005024758483799302,-0.3298726737940294,0.0,0.0,0.0,0.0,0.0,0.0,0.0,0.0,0.5,0.0,0.0,1.0,0.0,0.0,0.0
8.6,246.1889949381455,-0.2625180095293258,-169.73544015227665,7.292113023867705e-05,0.0,0.0,0.7071067811865476,-6.454597171678482e-11,-0.7071067811865475,-6.454597181524934e-11,6380136.499120304,-1.2774706920306562,2336.8310408881875,0.00036873427858041634,-2.002262321477478e-07,1999.9299554436775,0.0,2.0004366857041168e-07,0.0003687342785806384,-1.3920542743989703e-19,4.111959289075223e-08,3.883688357732342e-05,-1.6183550139373568e-20,4.111959289075224e-08,3.883688357732264e-05,-7.76907171880486e-12,332.5318672999523,1.0065611383751312,79502.12071979915,275.15454389199107,0.8992535206093238,-0.6036114515733948,-0.0008778974716395978,299.0304530628589,45002.955691599236,9.774109214653524,246.12639094404403,-0.26248405504624706,-169.8262069793784,-67.58556763220285,0.07206831392167816,46.59699441016276,0.0,0.0,0.0,-0.4722389860348704,0.0005035611696986017,-0.32558604097663874,0.0,0.0,0.0,0.0,0.0,0.0,0.0,0.0,0.5,0.0,0.0,1.0,0.0,0.0,0.0
8.700000000000001,245.72721103160058,-0.26448951086109396,-168.4408146090498,7.292113023867705e-05,0.0,0.0,0.7071067811865476,-6.529650627163116e-11,-0.7071067811865475,-6.529650637124063e-11,6380153.408076335,-1.303820960108403,2361.426882258723,0.0003726143219738348,-2.0435573828960592e-07,2016.8480272106826,0.0,2.0417105187997513e-07,0.00037261432197405685,-1.4082372552053412e-19,4.142842080116304e-08,3.876388623070218e-05,-1.618106592799342e-20,4.142842080116305e-08,3.8763886230701375e-05,-7.914463442859158e-12,332.4654416657079,1.004853284427807,79335.62509164908,275.04464640546246,0.8960826041004842,-0.6009136225424953,-0.0008877975765795388,297.91649874122515,44592.4948971014,9.77405702525471,245.66443051454567,-0.26445512012279027,-168.53236444577584,-67.09346055024979,0.07221632674873597,45.99115052248272,0.0,0.0,0.0,-0.4688004982401572,0.0005045953761100995,-0.32135284277712955,0.0,0.0,0.0,0.0,0.0,0.0,0.0,0.0,0.5,0.0,0.0,1.0,0.0,0.0,0.0
8.8,245.26878849200358,-0.2664411020297885,-167.15033588555275,7.292113023867705e-05,0.0,0.0,0.7071067811865476,-6.604704082647747e-11,-0.7071067811865475,-6.604704092723191e-11,6380170.187355193,-1.3303680364153632,2385.976558858247,0.0003764870678765767,-2.0851607357255916e-07,2033.6365001493446,0.0,2.083292643306338e-07,0.00037648706787679875,-1.4244200814686823e-19,4.1734128023544217e-08,3.86914219978439e-05,-1.6179480521845567e-20,4.173412802354422e-08,3.869142199784306e-05,-8.060554532648322e-12,332.3995238111561,1.003158697744804,79170.42837901102,274.93559082352834,0.8929310275540946,-0.598200665361229,-0.0008976830572155277,296.8098490152351,44187.181411311714,9.774005236060766,245.2058411870573,-0.26640627974048353,-167.24266461408982,-66.60701772220234,0.07235671733641881,45.392593885608456,0.0,0.0,0.0,-0.46540158814841737,0.0005055763238345748,-0.31717056260719484,0.0,0.0,0.0,0.0,0.0,0.0,0.0,0.0,0.5,0.0,0.0,1.0,0.0,0.0,0.0
8.9,244.81367169061673,-0.26837298937678566,-165.86393378450506,7.292113023867705e-05,0.0,0.0,0.7071067811865476,-6.679757538132381e-11,-0.7071067811865475,-6.679757548322318e-11,6380186.837989741,-1.3571089970807757,2410.480625668899,0.00038035260419252065,-2.1270677980413493e-07,2050.2964063330246,0.0,2.1251784772991494e-07,0.0003803526041927427,-1.4406027542067443e-19,4.203674695985139e-08,3.8619482066464476e-05,-1.6179781044741115e-20,4.2036746959851396e-08,3.86194820664636e-05,-8.207328261169443e-12,332.3341093117536,1.001477337457255,79006.52845284807,274.82737045872966,0.8897985823920412,-0.5954725976279728,-0.0009075536154986027,295.71041999764236,43786.92253698431,9.773953843876496,244.75056722046548,-0.26833774034783153,-165.95703735364646,-66.12614017494185,0.07248968997306864,44.80118602584516,0.0,0.0,0.0,-0.46204156420719605,0.0005065054402909701,-0.31303823291296884,0.0,0.0,0.0,0.0,0.0,0.0,0.0,0.0,0.5,0.0,0.0,1.0,0.0,0.0,0.0
9.0,244.36182177931965,-0.2702852817701592,-164.58155889178175,7.292113023867705e-05,0.0,0.0,0.7071067811865476,-6.754810993617013e-11,-0.7071067811865475,-6.754811003921446e-11,6380203.360385744,-1.3840418792630373,2434.9394115500345,0.00038421098307930927,-2.1692754934058046e-07,2066.82815113198,0.0,2.167364944340659e-07,0.0003842109830795313,-1.4567854033503297e-19,4.233629473313342e-08,3.854806028556726e-05,-1.618030182623044e-20,4.233629473313343e-08,3.854806028556636e-05,-8.354771469707123e-12,332.2691629001801,0.9998149649222752,78844.65954259435,274.71998420070224,0.8866852444887838,-0.592729365063341,-0.0009174088795724646,294.6181639422297,43391.9007526909,9.773902847442137,244.2985697022031,-0.2702496109400302,-164.67543329621492,-65.65113445509888,0.07261582535897075,44.21707930051357,0.0,0.0,0.0,-0.4587225683422782,0.0005073867829922061,-0.3089569182570376,0.0,0.0,0.0,0.0,0.0,0.0,0.0,0.0,0.5,0.0,0.0,1.0,0.0,0.0,0.0
9.1,243.91321576886565,-0.2721779931877776,-163.3031814039715,7.292113023867705e-05,0.0,0.0,0.7071067811865476,-6.829864449101646e-11,-0.7071067811865475,-6.829864459520574e-11,6380219.754331508,-1.4111656345776493,2459.3530270410197,0.0003880622221859229,-2.2117821778735722e-07,2083.2315228205794,0.0,2.2098504004854804e-07,0.00038806222218614497,-1.4729681585125414e-19,4.2632773593665487e-08,3.8477153019492664e-05,-1.6180811298807438e-20,4.263277359366549e-08,3.847715301949173e-05,-8.502874253256098e-12,332.20472004300206,0.9981656339045283,78684.06447830205,274.6134318585286,0.8835908997273602,-0.5899708402552027,-0.0009272483947520712,293.53306810999624,43001.80855737413,9.773852247403461,243.84982562495355,-0.27214190564510315,-163.3978226646706,-65.1815570616718,0.07273481549877013,43.63993434987639,0.0,0.0,0.0,-0.45544150168994685,0.0005082181998898609,-0.3049242474393972,0.0,0.0,0.0,0.0,0.0,0.0,0.0,0.0,0.5,0.0,0.0,1.0,0.0,0.0,0.0
9.200000000000001,243.46780014604357,-0.27405132327834264,-162.02873397878875,7.292113023867705e-05,0.0,0.0,0.7071067811865476,-6.904917904586279e-11,-0.7071067811865475,-6.904917915119703e-11,6380236.020839774,-1.43847739838824,2483.722011214099,0.0003919064068955842,-2.2545833625386753e-07,2099.5075333754844,0.0,2.2526303568276374e-07,0.00039190640689580624,-1.489150762196498e-19,4.2926214890923004e-08,3.840675179108415e-05,-1.6180761778389246e-20,4.292621489092301e-08,3.8406751791083174e-05,-8.651620551738683e-12,332.14077730566225,0.9965291492343075,78524.72146089129,274.50770683416283,0.8805153464113046,-0.587197042449943,-0.0009370718511010783,292.45505221175256,42616.5514033193,9.773802040627746,243.4042813671481,-0.2740148242113301,-162.12413818032476,-64.71730410506997,0.07284684142591132,43.06961297959682,0.0,0.0,0.0,-0.4521976383450028,0.0005090009559145001,-0.3009392548581332,0.0,0.0,0.0,0.0,0.0,0.0,0.0,0.0,0.5,0.0,0.0,1.0,0.0,0.0,0.0
9.3,243.02553760906204,-0.2759053758158964,-160.7581693323377,7.292113023867705e-05,0.0,0.0,0.7071067811865476,-6.979971360070911e-11,-0.7071067811865475,-6.979971370718831e-11,6380252.1603021305,-1.4659752385478961,2508.0466818279256,0.0003957435876081241,-2.2976760192475693e-07,2115.656574001536,0.0,2.2957017852135857e-07,0.00039574358760834615,-1.5053333443222753e-19,4.321663494689204e-08,3.833685069432867e-05,-1.6176844542263338e-20,4.321663494689205e-08,3.833685069432766e-05,-8.800997674020466e-12,332.07729842721704,0.9949114277491883,78367.38356420585,274.40280815388496,0.8774585699538895,-0.5844079183280445,-0.0009468788589790593,291.38407139209687,42236.316738688845,9.773752225899244,242.96189956555122,-0.2758684705342568,-160.85433260288818,-64.25869011446473,0.07295248976668664,42.50627110272111,0.0,0.0,0.0,-0.44899317600944305,0.0005097391499856887,-0.29700302992066585,0.0,0.0,0.0,0.0,0.0,0.0,0.0,0.0,0.5,0.0,0.0,1.0,0.0,0.0,0.0
9.4,242.58640618249495,-0.2777401611620525,-159.4914591172143,7.292113023867705e-05,0.0,0.0,0.7071067811865476,-7.055024815555544e-11,-0.7071067811865475,-7.055024826317959e-11,6380268.172498302,-1.4936581095554016,2532.327142866976,0.0003995737809358487,-2.3410585087497532e-07,2131.678424397173,0.0,2.3390630463928234e-07,0.00039957378093607077,-1.5215158190903032e-19,4.350403544329216e-08,3.826744625421915e-05,-1.618219323780113e-20,4.3504035443292163e-08,3.82674462542181e-05,-8.95099599470256e-12,332.0143181705764,0.9933066772161805,78211.31405953804,274.2987357185823,0.8744204652249736,-0.5816033407753243,-0.0009566689395914281,290.3201151639223,41860.81206560165,9.773702803890378,242.5226582287253,-0.2777028551218305,-159.58837760962302,-63.80529100110099,0.07305145241312687,41.949588894389144,0.0,0.0,0.0,-0.4458251514582668,0.0005104306292681382,-0.2931133379225612,0.0,0.0,0.0,0.0,0.0,0.0,0.0,0.0,0.5,0.0,0.0,1.0,0.0,0.0,0.0
9.5,242.15035444628626,-0.2795558723465369,-158.2285388153085,7.292113023867705e-05,0.0,0.0,0.7071067811865476,-7.130078271040176e-11,-0.7071067811865475,-7.130078281917087e-11,6380284.058421118,-1.521523205564695,2556.563917654199,0.00040339706976708686,-2.384726434451819e-07,2147.5740766503536,0.0,2.3827097437719422e-07,0.0004033970697673089,-1.5376982305594728e-19,4.378844668875113e-08,3.819853032512396e-05,-1.6177776785586426e-20,4.3788446688751134e-08,3.8198530325122876e-05,-9.101600094236799e-12,331.9518339859375,0.9917145667048538,78056.47385617418,274.19548302305327,0.8714008376189916,-0.5787833309870112,-0.0009664417695566648,289.26310678421584,41489.94165140946,9.773653771530231,242.08650583202518,-0.2795181710960801,-158.32620874318044,-63.35699904208485,0.0731438891497852,41.3994290596539,0.0,0.0,0.0,-0.44269281200192856,0.0005110765102205549,-0.28926921954618917,0.0,0.0,0.0,0.0,0.0,0.0,0.0,0.0,0.5,0.0,0.0,1.0,0.0,0.0,0.0
9.600000000000001,241.71734664497336,-0.28135260804935985,-156.9693632729536,7.292113023867705e-05,0.0,0.0,0.7071067811865476,-7.20513172652481e-11,-0.7071067811865475,-7.205131737516215e-11,6380299.818447987,-1.549568625123556,2580.757312847548,0.00040721350274418555,-2.4286768164767205e-07,2163.3439077949156,0.0,2.4266388974738985e-07,0.0004072135027444076,-1.5538804501451731e-19,4.4069884204354904e-08,3.813009724595617e-05,-1.6178994963409995e-20,4.406988420435491e-08,3.813009724595505e-05,-9.252797730328866e-12,331.88981414038864,0.9901402241280528,77903.5149539868,274.09304898128994,0.8683996675946177,-0.5759478369271098,-0.0009761969396243383,288.21300427755295,41123.85821847422,9.773605127647082,241.65340656134242,-0.2813145172530886,-157.0677808913517,-62.914076206179004,0.07323032322385763,40.85591133637146,0.0,0.0,0.0,-0.4395979880883656,0.0005116804489152915,-0.28547151143294724,0.0,0.0,0.0,0.0,0.0,0.0,0.0,0.0,0.5,0.0,0.0,1.0,0.0,0.0,0.0
9.700000000000001,241.28736183932264,-0.28313037494218174,-155.71390562957217,7.292113023867705e-05,0.0,0.0,0.7071067811865476,-7.280185182009441e-11,-0.7071067811865475,-7.280185193115344e-11,6380315.452349847,-1.5777933260581278,2604.9074257160087,0.00041102309541767533,-2.4729080209598745e-07,2178.9876887528226,0.0,2.470848873634106e-07,0.0004110230954178974,-1.570062865952239e-19,4.4348349091765806e-08,3.8062143705847565e-05,-1.618322782727514e-20,4.434834909176581e-08,3.8062143705846406e-05,-9.404579545557194e-12,331.828284571397,0.9885793970776324,77751.89691951704,273.9914339531613,0.8654168803800493,-0.5730967321336826,-0.0009859339447538557,287.16979943864135,40762.34150983128,9.773556872940619,241.22333946332725,-0.2830919004071317,-155.813067216713,-62.47620554686142,0.07331054975024999,40.318792143675445,0.0,0.0,0.0,-0.4365384651248856,0.0005122410137637336,-0.28171851161619677,0.0,0.0,0.0,0.0,0.0,0.0,0.0,0.0,0.5,0.0,0.0,1.0,0.0,0.0,0.0
9.8,240.86035068006134,-0.284889359509451,-154.46210416041038,7.292113023867705e-05,0.0,0.0,0.7071067811865476,-7.355238637494075e-11,-0.7071067811865475,-7.355238648714472e-11,6380330.961099823,-1.6061945608685817,2629.014763993834,0.0004148259282067408,-2.517415742914685e-07,2194.5063919235645,0.0,2.5153353672659703e-07,0.00041482592820696286,-1.5862452204429157e-19,4.462387063056373e-08,3.7994661887091274e-05,-1.6179294974736034e-20,4.462387063056374e-08,3.799466188709007e-05,-9.556930737083925e-12,331.7672469539582,0.9870310494140139,77601.4911270428,273.8906313745866,0.8624522796276751,-0.5702300400786429,-0.0009956524465319849,286.13341901635096,40405.27076003278,9.773509004401097,240.7962550876432,-0.2848505071279405,-154.56200605260454,-62.04323912350882,0.07338466580896329,39.78791129598995,0.0,0.0,0.0,-0.43351320940958465,0.0005127588830906015,-0.27800910083517555,0.0,0.0,0.0,0.0,0.0,0.0,0.0,0.0,0.5,0.0,0.0,1.0,0.0,0.0,0.0
9.9,240.43627895805574,-0.28662965533714607,-153.2139158420307,7.292113023867705e-05,0.0,0.0,0.7071067811865476,-7.430292092978707e-11,-0.7071067811865475,-7.4302921043136e-11,6380346.34506114,-1.6347704587973881,2653.0796232382786,0.00041862204799656343,-2.562197050733438e-07,2209.900380170904,0.0,2.560095446761778e-07,0.0004186220479967855,-1.6024273850218665e-19,4.489646354093447e-08,3.792764637347065e-05,-1.618535883790388e-20,4.4896463540934476e-08,3.79276463734694e-05,-9.709839494896556e-12,331.70667737661245,0.9854989671834073,77452.77863880218,273.7906398998602,0.8595058325523445,-0.5673477103651466,-0.001005352014220078,285.1038239017572,40052.74284544712,9.773461520900808,240.37211916910925,-0.2865904311123039,-153.3145544150343,-61.61535331889201,0.07345308936656532,39.26333246749579,0.0,0.0,0.0,-0.43052345337748954,0.0005132369773434858,-0.2743437239989321,0.0,0.0,0.0,0.0,0.0,0.0,0.0,0.0,0.5,0.0,0.0,1.0,0.0,0.0,0.0
10.0,240.01512679263627,-0.28835126533327593,-151.96931533150152,7.292113023867705e-05,0.0,0.0,0.7071067811865476,-7.505345548463338e-11,-0.7071067811865475,-7.505345559912728e-11,6380361.603995748,-1.6635199814421295,2677.1020938422357,0.00042241146925079337,-2.6072503166287047e-07,2225.169415432649,0.0,2.605127484334099e-07,0.0004224114692510154,-1.6186094462162918e-19,4.516612833308097e-08,3.7861094021743416e-05,-1.6182860627235218e-20,4.516612833308098e-08,3.786109402174213e-05,-9.863296719908302e-12,331.64658706747093,0.9839814245701103,77305.53995451157,273.69146061242526,0.8565775096659024,-0.5644496175755014,-0.0010150321143180356,284.08100819837364,39704.64695437145,9.77341442316734,239.95091181467302,-0.2883116754072156,-152.07068698281776,-61.19239674924936,0.07351579479075847,38.74492304720622,0.0,0.0,0.0,-0.4275681392685397,0.0005136751174224596,-0.27072145451795754,0.0,0.0,0.0,0.0,0.0,0.0,0.0,0.0,0.5,0.0,0.0,1.0,0.0,0.0,0.0
10.100000000000001,239.5968468829418,-0.29005436951070984,-150.72824366660586,7.292113023867705e-05,0.0,0.0,0.7071067811865476,-7.580399003947973e-11,-0.7071067811865475,-7.580399015511857e-11,6380376.738857269,-1.6924404392051318,2701.0826681118656,0.00042619426994520765,-2.652571326515368e-07,2240.314450625641,0.0,2.650427265897815e-07,0.0004261942699454297,-1.6347916203738354e-19,4.543289326913167e-08,3.779499733852982e-05,-1.618034787645922e-20,4.543289326913168e-08,3.779499733852849e-05,-1.0017288204562282e-11,331.58698475264856,0.9824762059435722,77159.49699782669,273.5930867614996,0.8536671056311536,-0.561535787813979,-0.0010246923917745165,283.0649020900361,39360.81891342945,9.77336770825146,239.53258562569934,-0.29001442010404105,-150.83034484932892,-60.774152653915,0.07357278101515115,38.232482518141,0.0,0.0,0.0,-0.42464575251622866,0.0005140732958763509,-0.26714089132485314,0.0,0.0,0.0,0.0,0.0,0.0,0.0,0.0,0.5,0.0,0.0,1.0,0.0,0.0,0.0
10.200000000000001,239.1814065661676,-0.29173905636139436,-149.49065995413554,7.292113023867705e-05,0.0,0.0,0.7071067811865476,-7.655452459432605e-11,-0.7071067811865475,-7.655452471110985e-11,6380391.74999475,-1.721529992023556,2725.0216305037197,0.0004299704952081319,-2.698157197048176e-07,2255.3358344417065,0.0,2.6959919081076777e-07,0.00042997049520835393,-1.650973649641455e-19,4.5696772268561936e-08,3.77293511524293e-05,-1.6179410323461203e-20,4.569677226856194e-08,3.772935115242793e-05,-1.0171802556689533e-11,331.5278569203485,0.9809853310781065,77014.90655521504,273.4955166271996,0.8507745682008188,-0.5586061727117572,-0.001034332392440585,282.0554693179523,39021.28515709828,9.773321375069479,239.1171078857385,-0.2916987538004264,-149.59348715892506,-60.36068833893941,0.07362432770230767,37.72600581549681,0.0,0.0,0.0,-0.4217567634064791,0.0005144334667845649,-0.26360199903044246,0.0,0.0,0.0,0.0,0.0,0.0,0.0,0.0,0.5,0.0,0.0,1.0,0.0,0.0,0.0
10.3,238.76878704257976,-0.29340532495598853,-148.25654039962396,7.292113023867705e-05,0.0,0.0,0.7071067811865476,-7.730505914917237e-11,-0.7071067811865475,-7.730505926710113e-11,6380406.637160943,-1.7507876057105018,2748.9190643740017,0.0004337401583912278,-2.744006307208304e-07,2270.233319632709,0.0,2.7418197899448594e-07,0.00043374015839144986,-1.6671556636271805e-19,4.595776523860473e-08,3.766415249131346e-05,-1.617604454295526e-20,4.5957765238604736e-08,3.766415249131204e-05,-1.0326830927819272e-11,331.4691949294569,0.9795104515919272,76871.97704077652,273.39875224715865,0.8478999257907739,-0.5556606483268148,-0.0010439515520743801,281.05270631820474,38686.073644959215,9.773275424377486,238.70445978424647,-0.29336467570245744,-148.3600901375858,-59.95206519040627,0.07367065557541924,37.225496818480984,0.0,0.0,0.0,-0.4189016008607743,0.0005147571724008649,-0.260104804739816,0.0,0.0,0.0,0.0,0.0,0.0,0.0,0.0,0.5,0.0,0.0,1.0,0.0,0.0,0.0
10.4,238.35894303735714,-0.2950533489094809,-147.0258287725718,7.292113023867705e-05,0.0,0.0,0.7071067811865476,-7.805559370401869e-11,-0.7071067811865475,-7.805559382309241e-11,6380421.401290175,-1.7802106481263704,2772.7754467613763,0.00043750333505258816,-2.790114533107172e-07,2285.0078398287296,0.0,2.787906787520781e-07,0.0004375033350528102,-1.6833375770823186e-19,4.6215899435614764e-08,3.7599394182534355e-05,-1.6178949395417485e-20,4.621589943561477e-08,3.759939418253289e-05,-1.0482359686493975e-11,331.4110171391751,0.9780477458750981,76730.22727760476,273.30278656779456,0.8450429576517168,-0.5526992437800258,-0.0010535494973701513,280.0565466498354,38354.9615321145,9.77322985328616,238.29459595168854,-0.29501235949704685,-147.13009760805815,-59.547973358616595,0.07371163287683782,36.73070102076744,0.0,0.0,0.0,-0.4160780998738801,0.0005150434920982545,-0.2566475301471377,0.0,0.0,0.0,0.0,0.0,0.0,0.0,0.0,0.5,0.0,0.0,1.0,0.0,0.0,0.0
10.5,237.9518434340239,-0.2966832116197862,-145.79848631000004,7.292113023867705e-05,0.0,0.0,0.7071067811865476,-7.880612825886501e-11,-0.7071067811865475,-7.880612837908369e-11,6380436.0427173115,-1.8097973099030151,2796.5910510216954,0.0004412600685639852,-2.836479039655426e-07,2299.659729557112,0.0,2.834250065746089e-07,0.0004412600685642072,-1.6995195198840548e-19,4.6471187978506096e-08,3.753507129945477e-05,-1.6179908003915784e-20,4.64711879785061e-08,3.7535071299453265e-05,-1.0638377846006148e-11,331.3533222322313,0.9765971808087737,76589.65405617612,273.2076174162353,0.8422035880149575,-0.5497219131538814,-0.0010631257488124555,279.0669568846616,38027.896548258184,9.773184660755778,237.88748522015425,-0.2966418886828334,-145.90347084317887,-59.14835705446282,0.07374737795556281,36.24153863155579,0.0,0.0,0.0,-0.4132858706319278,0.0005152932528138067,-0.2532296177320966,0.0,0.0,0.0,0.0,0.0,0.0,0.0,0.0,0.5,0.0,0.0,1.0,0.0,0.0,0.0
10.600000000000001,237.5474705361535,-0.2982949082465153,-144.57449079672648,7.292113023867705e-05,0.0,0.0,0.7071067811865476,-7.955666281371134e-11,-0.7071067811865475,-7.9556662935075e-11,6380450.561185703,-1.8395465615131312,2820.3659533138716,0.00044501037113997994,-2.883098213294492e-07,2314.1887321705,0.0,2.880848011062209e-07,0.000445010371140202,-1.715701449309455e-19,4.6723630159940715e-08,3.7471181044549036e-05,-1.6179870872297695e-20,4.672363015994072e-08,3.747118104454748e-05,-1.0794876802571742e-11,331.29607888088526,0.9751642299994299,76450.94891635551,273.1132479087654,0.8393819094930149,-0.5467285344545357,-0.001072679709076345,278.0839358115542,37705.05698554379,9.773139847571615,237.48310988381942,-0.2982532585513537,-144.68018764701506,-58.753510770033664,0.07377839506568819,35.75815730102716,0.0,0.0,0.0,-0.4105269708322964,0.0005155099779098368,-0.24985209916719725,0.0,0.0,0.0,0.0,0.0,0.0,0.0,0.0,0.5,0.0,0.0,1.0,0.0,0.0,0.0
10.700000000000001,237.14578107259317,-0.2998886060804742,-143.3537887031502,7.292113023867705e-05,0.0,0.0,0.7071067811865476,-8.030719736855766e-11,-0.7071067811865475,-8.030719749106627e-11,6380464.957610587,-1.8694558278311164,2844.100615569675,0.00044875431594669203,-2.9299680196277744e-07,2328.595762227041,0.0,2.927696589072546e-07,0.0004487543159469141,-1.7318831508429544e-19,4.697325224228131e-08,3.740771656230787e-05,-1.6178459414599548e-20,4.6973252242281315e-08,3.7407716562306266e-05,-1.0951843483818868e-11,331.23931532467947,0.9737434385283192,76313.42460781148,273.01967067803685,0.8365776856063326,-0.5437191402328959,-0.0010822109849865779,277.10742030193154,37386.16261168082,9.77309541090355,237.08142657965598,-0.299846636458963,-143.46019454102156,-58.36303263894961,0.07380441889299635,35.28025131789791,0.0,0.0,0.0,-0.4077985925238472,0.0005156918135627921,-0.24651283836345397,0.0,0.0,0.0,0.0,0.0,0.0,0.0,0.0,0.5,0.0,0.0,1.0,0.0,0.0,0.0
10.8,236.74674547319597,-0.3014643834255458,-142.13634339652137,7.292113023867705e-05,0.0,0.0,0.7071067811865476,-8.105773192340398e-11,-0.7071067811865475,-8.105773204705755e-11,6380479.232312649,-1.8995233301835155,2867.795300044257,0.00045249194459963464,-2.9770856718155386e-07,2342.881140078418,0.0,2.9747930129373636e-07,0.0004524919445998567,-1.7480648835980025e-19,4.7220066543880586e-08,3.734467317080634e-05,-1.618086451280807e-20,4.722006654388059e-08,3.734467317080469e-05,-1.1109267298075113e-11,331.18303107696113,0.972334644145773,76177.06154730625,272.9268836085301,0.8337908462197045,-0.5406936874815529,-0.0010917190696818492,276.1373797352661,37071.15892673003,9.773051349755876,236.68240568810378,-0.3014221008054105,-142.24345492664168,-57.976862111021454,0.07382555124174155,34.807740083581855,0.0,0.0,0.0,-0.4051003126257222,0.0005158394711070517,-0.24321127215633406,0.0,0.0,0.0,0.0,0.0,0.0,0.0,0.0,0.5,0.0,0.0,1.0,0.0,0.0,0.0
10.9,236.35034714966397,-0.30302223151232544,-140.92213424916474,7.292113023867705e-05,0.0,0.0,0.7071067811865476,-8.18082664782503e-11,-0.7071067811865475,-8.180826660304883e-11,6380493.385025769,-1.9297480438225514,2891.4500756356715,0.00045622326816645254,-3.02444956394321e-07,2357.044599614727,0.0,3.022135676742088e-07,0.0004562232681666746,-1.7642466910146275e-19,4.7464071740186835e-08,3.728204824784223e-05,-1.618301057870687e-20,4.746407174018684e-08,3.7282048247840524e-05,-1.1267139879348603e-11,331.1272111017732,0.970940570738592,76042.2030625777,272.8348891482297,0.8310214489358845,-0.5376520566320634,-0.0011012033306742478,275.17381524291926,36760.11777604552,9.773007664943211,236.2860306127295,-0.3029796429497747,-141.02994819435173,-57.59512775948537,0.07384208437349805,34.34066972739136,0.0,0.0,0.0,-0.4024330295145542,0.0005159549926547757,-0.23994772286405508,0.0,0.0,0.0,0.0,0.0,0.0,0.0,0.0,0.5,0.0,0.0,1.0,0.0,0.0,0.0
11.0,235.95654136027025,-0.30456232236071973,-139.7111059446823,7.292113023867705e-05,0.0,0.0,0.7071067811865476,-8.255880103309662e-11,-0.7071067811865475,-8.255880115904011e-11,6380507.4166731695,-1.960127386911093,2915.0654083713143,0.00045994836044953573,-3.0720556512097326e-07,2371.0870634003854,0.0,3.069720535685665e-07,0.0004599483604497578,-1.7804282724149035e-19,4.770529483218903e-08,3.7219834706906456e-05,-1.618046174808455e-20,4.7705294832189036e-08,3.72198347069047e-05,-1.1425448163000724e-11,331.07185187092864,0.969561109428615,75908.83808629836,272.74368130007775,0.8282693308658012,-0.5345942765348898,-0.0011106634145923722,274.21666170169874,36452.96853694192,9.772964353611131,235.8922565241832,-0.3045194349740694,-139.81961907588885,-57.21775260606892,0.0738541499470594,33.87893518922232,0.0,0.0,0.0,-0.3997962053219402,0.0005160392981422364,-0.23672145640271774,0.0,0.0,0.0,0.0,0.0,0.0,0.0,0.0,0.5,0.0,0.0,1.0,0.0,0.0,0.0
11.100000000000001,235.56529702888508,-0.3060847389648637,-138.50321998916564,7.292113023867705e-05,0.0,0.0,0.7071067811865476,-8.330933558794295e-11,-0.7071067811865475,-8.330933571503142e-11,6380521.32758558,-1.9906595574128458,2938.6415660721163,0.00046366726393627,-3.119901110284442e-07,2385.0088618500163,0.0,3.1175447664374277e-07,0.00046366726393649204,-1.7966098869203798e-19,4.794374887144516e-08,3.715802762924063e-05,-1.6184045687049507e-20,4.7943748871445166e-08,3.715802762923883e-05,-1.1584181472851505e-11,331.0169683358234,0.9681935016768916,75776.61910048926,272.65325719086314,0.8255343767145851,-0.5315203004024878,-0.001120098841224214,273.2658866370655,36149.55927877275,9.77292141473317,235.50105230030627,-0.3060415599659877,-138.6124291092018,-56.84452264930863,0.07386164726361377,33.42236536950897,0.0,0.0,0.0,-0.3971883447606813,0.0005160916839590854,-0.23353127725250483,0.0,0.0,0.0,0.0,0.0,0.0,0.0,0.0,0.5,0.0,0.0,1.0,0.0,0.0,0.0
11.200000000000001,235.17659824641163,-0.3075894701041969,-137.29845671647348,7.292113023867705e-05,0.0,0.0,0.7071067811865476,-8.405987014278926e-11,-0.7071067811865475,-8.40598702710227e-11,6380535.117491403,-2.02134353029675,2962.1786124606097,0.0004673799888761964,-3.1679843349559793e-07,2398.8097233784697,0.0,3.1656067627860194e-07,0.00046737998887641844,-1.8127917072181385e-19,4.817943214782957e-08,3.709662450029185e-05,-1.6184160960249697e-20,4.817943214782958e-08,3.709662450028999e-05,-1.1743331612078784e-11,330.96256156712036,0.9668377741625863,75645.54868446608,272.5636185845711,0.8228166082986913,-0.528430009906449,-0.0011295089512954179,272.3214928519983,35849.86153359231,9.772878849140989,235.11240202534435,-0.30754600683042277,-137.4083586450976,-56.47540842375318,0.07386465883484032,32.970913489877724,0.0,0.0,0.0,-0.3946092419475491,0.0005161127266371633,-0.23037685856002924,0.0,0.0,0.0,0.0,0.0,0.0,0.0,0.0,0.5,0.0,0.0,1.0,0.0,0.0,0.0
11.3,234.7904050030672,-0.3090766729227383,-136.09676695655563,7.292113023867705e-05,0.0,0.0,0.7071067811865476,-8.481040469763558e-11,-0.7071067811865475,-8.481040482701398e-11,6380548.787274281,-2.052176833391511,2985.676983251124,0.000471086604282528,-3.216301452429085e-07,2412.490530979199,0.0,3.213902651936179e-07,0.00047108660428275004,-1.8289730448510877e-19,4.841236932801235e-08,3.703561898099913e-05,-1.6178588827755116e-20,4.8412369328012356e-08,3.703561898099722e-05,-1.1902886480031829e-11,330.90859951408254,0.9654986102369089,75516.22033126267,272.4747610217823,0.8201159551433285,-0.5253234435075936,-0.0011388933222161684,271.38342261863,35553.987696207456,9.772836654102603,234.7262656031674,-0.3090329327652902,-136.20735856037055,-56.11061906663969,0.07386367315912624,32.52464551739126,0.0,0.0,0.0,-0.39206035818205265,0.0005161058394493202,-0.22725866125533672,0.0,0.0,0.0,0.0,0.0,0.0,0.0,0.0,0.5,0.0,0.0,1.0,0.0,0.0,0.0
11.4,234.40668985418225,-0.3105464187413604,-134.89811701429744,7.292113023867705e-05,0.0,0.0,0.7071067811865476,-8.55609392524819e-11,-0.7071067811865475,-8.556093938300527e-11,6380562.337234771,-2.0831577343820387,3009.136923610465,0.00047478714906509393,-3.264849748783695e-07,2426.0515848957,0.0,3.262429719967843e-07,0.000474787149065316,-1.8451546759044156e-19,4.864257163191389e-08,3.697500672617538e-05,-1.6176055076628985e-20,4.8642571631913895e-08,3.697500672617341e-05,-1.2062836100124385e-11,330.8551071141839,0.9641716191425124,75388.08089543585,272.3866813859602,0.8174322946253064,-0.5222005624856345,-0.0011482514071389372,270.4516493968489,35261.73009023429,9.77279482868485,234.34261554383897,-0.3105024091787324,-135.0093951908624,-55.74985080829763,0.07385845738725222,32.08334157419176,0.0,0.0,0.0,-0.3895395709417921,0.0005160693954138926,-0.22417514899124175,0.0,0.0,0.0,0.0,0.0,0.0,0.0,0.0,0.5,0.0,0.0,1.0,0.0,0.0,0.0
11.5,234.0254372690246,-0.3119986947500083,-133.7024878700409,7.292113023867705e-05,0.0,0.0,0.7071067811865476,-8.631147380732821e-11,-0.7071067811865475,-8.631147393899655e-11,6380575.767097472,-2.114285199707061,3032.5584939749515,0.00047848163295356895,-3.313627604581539e-07,2439.492609745823,0.0,3.311186347442741e-07,0.000478481632953791,-1.8613360837508917e-19,4.887003709895332e-08,3.691478528140617e-05,-1.6180801162127573e-20,4.887003709895333e-08,3.6914785281404145e-05,-1.2223172381722764e-11,330.8020881762197,0.9628563732637264,75261.07562343901,272.29938134415187,0.8147656450432846,-0.5190612500498526,-0.0011575825218998088,269.52617720342306,34973.04495061811,9.772753373731266,233.96143631135408,-0.31195442338342094,-133.814449532726,-55.39304929149189,0.07384905515545472,31.646941526528376,0.0,0.0,0.0,-0.3870465004177863,0.00051600369942929,-0.22112590159665552,0.0,0.0,0.0,0.0,0.0,0.0,0.0,0.0,0.5,0.0,0.0,1.0,0.0,0.0,0.0
11.600000000000001,233.64660841029286,-0.31343365443952426,-132.5098319751935,7.292113023867705e-05,0.0,0.0,0.7071067811865476,-8.706200836217455e-11,-0.7071067811865475,-8.706200849498784e-11,6380589.077733531,-2.1455567987899298,3055.942119678751,0.00048217012331550356,-3.362631212326392e-07,2452.814476038019,0.0,3.360168726864648e-07,0.0004821701233157256,-1.8775174415654757e-19,4.9094789820739906e-08,3.6854948493487165e-05,-1.6179844763100135e-20,4.909478982073991e-08,3.6854948493485085e-05,-1.2383883614900623e-11,330.7495328173059,0.9615538593318738,75135.33138027767,272.21285552982397,0.812115885873598,-0.515905547406526,-0.0011668862345937216,268.60695028875784,34687.91054414284,9.772712286548737,233.5826889847212,-0.31338912891887905,-132.62247408220446,-55.04021084987907,0.07383566543404953,31.21538959900306,0.0,0.0,0.0,-0.3845811209922834,0.0005159101417559405,-0.21811052935350156,0.0,0.0,0.0,0.0,0.0,0.0,0.0,0.0,0.5,0.0,0.0,1.0,0.0,0.0,0.0
11.700000000000001,233.270176605167,-0.31485136652152496,-131.32011676338553,7.292113023867705e-05,0.0,0.0,0.7071067811865476,-8.781254291702087e-11,-0.7071067811865475,-8.781254305097913e-11,6380602.269435387,-2.1769708157715866,3079.2880390869695,0.00048585265798305037,-3.4118578840115355e-07,2466.0174759123474,0.0,3.4093741702268453e-07,0.0004858526579832724,-1.8936987499456857e-19,4.9316840606389814e-08,3.6795492139646184e-05,-1.617970315878336e-20,4.931684060638982e-08,3.679549213964404e-05,-1.2544960064348918e-11,330.69742252985145,0.9602669333902607,75011.20894810394,272.1271028190902,0.809483006091088,-0.5127334180999277,-0.0011761619809786139,267.69394369603884,34406.38702564983,9.77267156622935,233.20634684780956,-0.3148065945800943,-131.43343630235483,-54.69145376698743,0.07381860470200961,30.78871118101175,0.0,0.0,0.0,-0.38214425914489175,0.0005157909337196422,-0.21512920966448598,0.0,0.0,0.0,0.0,0.0,0.0,0.0,0.0,0.5,0.0,0.0,1.0,0.0,0.0,0.0
11.8,232.8961267124464,-0.3162518165587117,-130.13332387777243,7.292113023867705e-05,0.0,0.0,0.7071067811865476,-8.856307747186717e-11,-0.7071067811865475,-8.856307760697041e-11,6380615.341923726,-2.2085262087986264,3102.5963092513075,0.0004895292461506246,-3.461305987341226e-07,2479.1013300769655,0.0,3.45880104523359e-07,0.0004895292461508466,-1.909880267749062e-19,4.9536187238994215e-08,3.6736413827346646e-05,-1.6184272607285672e-20,4.953618723899422e-08,3.673641382734445e-05,-1.2706393737110301e-11,330.6457824928886,0.9589916208475808,74888.20661404528,272.0421239527613,0.8068669747651143,-0.5095447471788015,-0.0011854090510058713,266.7871626677154,34128.30362087956,9.772631213628866,232.83239475544755,-0.31620680604981843,-130.2473178510568,-54.346521606184986,0.07379764047430415,30.366732147663395,0.0,0.0,0.0,-0.3797341230821956,0.0005156444508834173,-0.21218072587101036,0.0,0.0,0.0,0.0,0.0,0.0,0.0,0.0,0.5,0.0,0.0,1.0,0.0,0.0,0.0
11.9,232.5244210561441,-0.3176351544264996,-128.94940737488926,7.292113023867705e-05,0.0,0.0,0.7071067811865476,-8.931361202671349e-11,-0.7071067811865475,-8.93136121629617e-11,6380628.296057306,-2.2402205886509683,3125.8673452241737,0.0004931999535559013,-3.5109717797379587e-07,2492.066896665531,0.0,3.508445609307377e-07,0.0004931999535561233,-1.926061564983534e-19,4.975285324115498e-08,3.6677707587438425e-05,-1.6176077839007376e-20,4.9752853241154983e-08,3.667770758743616e-05,-1.2868173298890772e-11,330.5946093194908,0.9577278380596265,74766.31631072017,271.9579133573094,0.8042676603915654,-0.5063395788372916,-0.001194627002968834,265.88655339792723,33853.60265597404,9.772591226092674,232.46079495047633,-0.3175899132470928,-129.06407282776658,-54.005352264563726,0.07377288288095046,29.94936587673486,0.0,0.0,0.0,-0.3773502788740626,0.0005154714627560461,-0.20926447271973053,0.0,0.0,0.0,0.0,0.0,0.0,0.0,0.0,0.5,0.0,0.0,1.0,0.0,0.0,0.0
12.0,232.15503373528966,-0.3190014462272496,-127.76833581711105,7.292113023867705e-05,0.0,0.0,0.7071067811865476,-9.006414658155981e-11,-0.7071067811865475,-9.006414671895299e-11,6380641.132120461,-2.2720522559255856,3149.101378568977,0.0004968648169535503,-3.560852599103038e-07,2504.9144597221166,0.0,3.558305200349509e-07,0.0004968648169537724,-1.94224264224086e-19,4.996684901119763e-08,3.6619369319533224e-05,-1.6169187388377898e-20,4.996684901119764e-08,3.6619369319530906e-05,-1.3030289244490344e-11,330.54389060736275,0.9564774239462867,74645.77033109759,271.874469689812,0.8016850410214298,-0.5031178791643226,-0.0012038152545026327,264.9920925009466,33582.309291971585,9.772551602738089,232.09152149046176,-0.31895598235385164,-127.883669822828,-53.66800757028139,0.07374456523986332,29.53660708340968,0.0,0.0,0.0,-0.3749931585308693,0.0005152735995940963,-0.20638041328417756,0.0,0.0,0.0,0.0,0.0,0.0,0.0,0.0,0.5,0.0,0.0,1.0,0.0,0.0,0.0
12.100000000000001,231.78795000938075,-0.32035067585866944,-126.59009152673701,7.292113023867705e-05,0.0,0.0,0.7071067811865476,-9.081468113640613e-11,-0.7071067811865475,-9.081468127494429e-11,6380653.849829834,-2.30402016071502,3172.2984628543936,0.0005005238449873321,-3.610946800652781e-07,2517.6437359138704,0.0,3.6083781735763077e-07,0.0005005238449875541,-1.9584241030399895e-19,5.017817207004875e-08,3.656139669471213e-05,-1.6175561986982672e-20,5.0178172070048754e-08,3.6561396694709746e-05,-1.3192733671109027e-11,330.4936208169654,0.9552415077359107,74526.7100066208,271.7917950867206,0.7991191642140121,-0.4998795353725544,-0.0012129730686873809,264.103786454714,33314.43658198851,9.772512344433482,231.7245596321496,-0.3203049973852204,-126.7060911722279,-53.33452273782527,0.0737128437579771,29.12844644480085,0.0,0.0,0.0,-0.3726630081059426,0.0005150519528584648,-0.20352848242277072,0.0,0.0,0.0,0.0,0.0,0.0,0.0,0.0,0.5,0.0,0.0,1.0,0.0,0.0,0.0
12.200000000000001,231.4231333525781,-0.32168298961849673,-125.4146301490995,7.292113023867705e-05,0.0,0.0,0.7071067811865476,-9.156521569125245e-11,-0.7071067811865475,-9.156521583093557e-11,6380666.450031924,-2.336121954917678,3195.45900294948,0.0005041771017808258,-3.6612507063483374e-07,2530.2555711328364,0.0,3.658660850948917e-07,0.0005041771017810479,-1.9746051727158714e-19,5.038684537719817e-08,3.65037839260779e-05,-1.617663692077828e-20,5.038684537719818e-08,3.6503783926075454e-05,-1.335549560627022e-11,330.4438148183027,0.954016994153606,74408.74813897029,271.70988324387304,0.79656985894045,-0.4966245949010737,-0.0012220999935607846,263.22158336078775,33049.822936809855,9.772473448562346,231.35987277091203,-0.3216371046776589,-125.5312925623975,-53.00466853402775,0.07367759029695242,28.72470685801582,0.0,0.0,0.0,-0.37035822588396927,0.000514805627211263,-0.20070744266879437,0.0,0.0,0.0,0.0,0.0,0.0,0.0,0.0,0.5,0.0,0.0,1.0,0.0,0.0,0.0
12.3,231.06055863576088,-0.3229984509998367,-124.24192137531837,7.292113023867705e-05,0.0,0.0,0.7071067811865476,-9.231575024609876e-11,-0.7071067811865475,-9.231575038692686e-11,6380678.933002947,-2.3683559555865648,3218.5832236159445,0.0005078246230114081,-3.7117616799938774e-07,2542.750241311267,0.0,3.709150596271511e-07,0.0005078246230116302,-1.9907863688424558e-19,5.059287892035697e-08,3.6446527035596036e-05,-1.6174578692359955e-20,5.059287892035698e-08,3.644652703559353e-05,-1.3518565764784945e-11,330.3944715216775,0.9528038564084429,74291.88214727798,271.62873236913373,0.7940370799246487,-0.49335302668226416,-0.0012311954279313286,262.3454613903203,32788.429934732085,9.772434914267254,230.9974357379038,-0.3229523678001394,-124.3592437110373,-52.678404147437206,0.07363888948086443,28.325328151657118,0.0,0.0,0.0,-0.36807852670408997,0.0005145352139442238,-0.1979168735881126,0.0,0.0,0.0,0.0,0.0,0.0,0.0,0.0,0.5,0.0,0.0,1.0,0.0,0.0,0.0
12.4,230.7002115302918,-0.324297042197654,-123.07194822316684,7.292113023867705e-05,0.0,0.0,0.7071067811865476,-9.306628480094508e-11,-0.7071067811865475,-9.306628494291814e-11,6380691.298455395,-2.4007211049982478,3241.6711748410366,0.0005114664167567862,-3.7624780646874055e-07,2555.1274589685104,0.0,3.759845752642093e-07,0.0005114664167570083,-2.006967347130148e-19,5.079626995234206e-08,3.638962375970524e-05,-1.6177200282112703e-20,5.079626995234207e-08,3.638962375970267e-05,-1.3681936327415552e-11,330.34558027111007,0.9516040646066555,74176.35890678446,271.5483448533121,0.7915208905146272,-0.49006472044035254,-0.0012402586070384863,261.4754282642928,32530.301278559415,9.77239674242951,230.6372342028731,-0.32425076906244793,-123.18992764862145,-52.355813150048085,0.0735969588431536,27.93032841170761,0.0,0.0,0.0,-0.36582449450686055,0.0005142422330234434,-0.19515690155247176,0.0,0.0,0.0,0.0,0.0,0.0,0.0,0.0,0.5,0.0,0.0,1.0,0.0,0.0,0.0
12.5,230.34205664931247,-0.3255789059697582,-121.90466791044425,7.292113023867705e-05,0.0,0.0,0.7071067811865476,-9.38168193557914e-11,-0.7071067811865475,-9.381681949890943e-11,6380703.547223619,-2.4332150959315424,3264.723251408865,0.0005151025455422167,-3.8133962465489036e-07,2567.3880578652024,0.0,3.810742706180645e-07,0.0005151025455424387,-2.023148539204848e-19,5.0997040875629914e-08,3.6333068491961254e-05,-1.617405476373843e-20,5.099704087562992e-08,3.6333068491958625e-05,-1.3845596670916379e-11,330.2971331616228,0.9504182975141613,74062.2661361872,271.4687154861076,0.7890211794281508,-0.48675972713105187,-0.0012492890682507802,260.61143395346556,32275.408773314382,9.772358930470368,230.2792327024243,-0.32553245125635216,-122.02330163231515,-52.03687882629997,0.07355195563651686,27.53964805347466,0.0,0.0,0.0,-0.3635960124960538,0.0005139277832168497,-0.19242711022720424,0.0,0.0,0.0,0.0,0.0,0.0,0.0,0.0,0.5,0.0,0.0,1.0,0.0,0.0,0.0
12.600000000000001,229.98606963555164,-0.32684410319999896,-120.74005125701531,7.292113023867705e-05,0.0,0.0,0.7071067811865476,-9.456735391063771e-11,-0.7071067811865475,-9.456735405490074e-11,6380715.679575725,-2.465836261895486,3287.739671279438,0.0005187330439679672,-3.864513615280418e-07,2579.5323058255017,0.0,3.8618388465892137e-07,0.0005187330439681893,-2.039329687152828e-19,5.119520126722226e-08,3.6276857376653936e-05,-1.6189393718933447e-20,5.119520126722227e-08,3.627685737665123e-05,-1.4009537721122908e-11,330.2491458067203,0.9492437831437174,73949.2560860024,271.38984178765287,0.7865378653289213,-0.4834380188479034,-0.0012582861908793561,259.7534581695175,32023.621361174064,9.772321477557641,229.92340684119588,-0.3267974753379463,-120.85933650724434,-51.72141054146839,0.07350374773330198,27.15314788307807,0.0,0.0,0.0,-0.3613917486543154,0.0005135909413121262,-0.18972652702631057,0.0,0.0,0.0,0.0,0.0,0.0,0.0,0.0,0.5,0.0,0.0,1.0,0.0,0.0,0.0
12.700000000000001,229.63223658340397,-0.32809261434284803,-119.57808199245744,7.292113023867705e-05,0.0,0.0,0.7071067811865476,-9.531788846548403e-11,-0.7071067811865475,-9.531788861089203e-11,6380727.69521993,-2.49858353758875,3310.7204807601734,0.0005223579195302925,-3.9158285022313535e-07,2591.559911102988,0.0,3.913132505217203e-07,0.0005223579195305145,-2.0555107051810778e-19,5.1390748106048465e-08,3.6220988217319996e-05,-1.6186887973495303e-20,5.139074810604847e-08,3.6220988217317224e-05,-1.4173751736655965e-11,330.2016193592231,0.9480805497111808,73837.33147111845,271.3117256527641,0.7840709867261536,-0.48009948819795506,-0.0012672491813803524,258.9015098815738,31774.917652319175,9.772284384585934,229.56974271302337,-0.32804582187395515,-119.69801601474991,-51.409386410915396,0.07345239914701648,26.770790712970527,0.0,0.0,0.0,-0.3592115500676493,0.0005132321545892899,-0.18705489211014964,0.0,0.0,0.0,0.0,0.0,0.0,0.0,0.0,0.5,0.0,0.0,1.0,0.0,0.0,0.0
12.8,229.28052323382505,-0.3293245786539368,-118.41871889070681,7.292113023867705e-05,0.0,0.0,0.7071067811865476,-9.606842302033034e-11,-0.7071067811865475,-9.606842316688331e-11,6380739.594978558,-2.531454656432479,3333.6660646486343,0.0005259772331718916,-3.967337357300942e-07,2603.4716954402006,0.0,3.964620131963845e-07,0.0005259772331721136,-2.071691594078029e-19,5.158370324349408e-08,3.616545558616939e-05,-1.6178996398492165e-20,5.158370324349409e-08,3.616545558616655e-05,-1.4338228432086243e-11,330.1545425740814,0.9469298291698933,73726.64932959729,271.2343620989965,0.7816204451133416,-0.47674418993966144,-0.0012761775660887775,258.0555408893555,31529.290984990497,9.77224764901389,229.21820598444828,-0.32927763014933487,-118.53929896648796,-51.10082297576767,0.07339810418316868,26.392537056280926,0.0,0.0,0.0,-0.35705553231346576,0.0005128527807144737,-0.18441192957307143,0.0,0.0,0.0,0.0,0.0,0.0,0.0,0.0,0.5,0.0,0.0,1.0,0.0,0.0,0.0
12.9,228.93090600139328,-0.33054005440785916,-117.26193390037295,7.292113023867705e-05,0.0,0.0,0.7071067811865476,-9.681895757517666e-11,-0.7071067811865475,-9.68189577228746e-11,6380751.379111601,-2.5644479683917427,3356.5766341031313,0.0005295910184161031,-4.0190375960842646e-07,2615.2679185569286,0.0,4.0162991424242224e-07,0.0005295910184163252,-2.087872612912148e-19,5.1774075845973466e-08,3.611025574978757e-05,-1.618510281104341e-20,5.177407584597347e-08,3.6110255749784657e-05,-1.4502958936243827e-11,330.10790324523094,0.9457934295505365,73617.43744571056,271.15774993514765,0.779186229404904,-0.47337209966436067,-0.0012850707041902902,257.2155324264104,31286.766314500732,9.772211270034546,228.86877303348908,-0.33049295850737626,-117.38315733507692,-50.795780718374395,0.07334108100825396,26.01838076410533,0.0,0.0,0.0,-0.3549241179986062,0.0005124543440771022,-0.18179759645098958,0.0,0.0,0.0,0.0,0.0,0.0,0.0,0.0,0.5,0.0,0.0,1.0,0.0,0.0,0.0
13.0,228.583371414702,-0.3317390202808445,-116.10771147916772,7.292113023867705e-05,0.0,0.0,0.7071067811865476,-9.756949213002297e-11,-0.7071067811865475,-9.75694922788659e-11,6380763.047322887,-2.597562400825397,3379.452231652847,0.0005331992821623282,-4.070927538551946e-07,2626.948284321154,0.0,4.068167856568957e-07,0.0005331992821625502,-2.1040535897282975e-19,5.196186261257439e-08,3.605538658055006e-05,-1.618737004967683e-20,5.1961862612574394e-08,3.605538658054708e-05,-1.4667935580899905e-11,330.06172198750295,0.9446681911520195,73509.29819325879,271.08189022251867,0.7767683353719272,-0.4699831132570644,-0.001293927772451966,256.381494712474,31047.216632640004,9.772175248556183,228.52143038915415,-0.331691785734015,-116.22957558910358,-50.49406620523723,0.07328114349828704,25.648196247768134,0.0,0.0,0.0,-0.3528159555499119,0.0005120355441775989,-0.1792110152212184,0.0,0.0,0.0,0.0,0.0,0.0,0.0,0.0,0.5,0.0,0.0,1.0,0.0,0.0,0.0
13.100000000000001,228.23788633135405,-0.33292161206409543,-114.95601194083383,7.292113023867705e-05,0.0,0.0,0.7071067811865476,-9.83200266848693e-11,-0.7071067811865475,-9.83200268348572e-11,6380774.600422828,-2.630795727558837,3402.2932322072024,0.0005368020837864668,-4.1230036980031e-07,2638.513602573114,0.0,4.120222787697165e-07,0.0005368020837866888,-2.1202344391361562e-19,5.214708484962685e-08,3.600084282752338e-05,-1.6184623582355263e-20,5.214708484962686e-08,3.600084282752032e-05,-1.4833148408086948e-11,330.0159955989906,0.9435540359576648,73402.22407457285,271.00677770149264,0.7743666500812606,-0.466577289579201,-0.0013027482858694688,255.55338133383614,30810.593867056097,9.772139582074459,228.17614483663036,-0.33287424764526624,-115.07851407846934,-50.19562763238618,0.07321837908635655,25.281910700508902,0.0,0.0,0.0,-0.3507306829987686,0.0005115969919350488,-0.17665167716285887,0.0,0.0,0.0,0.0,0.0,0.0,0.0,0.0,0.5,0.0,0.0,1.0,0.0,0.0,0.0
13.200000000000001,227.89442793777744,-0.3340878854229503,-113.80680836272572,7.292113023867705e-05,0.0,0.0,0.7071067811865476,-9.90705612397156e-11,-0.7071067811865475,-9.907056139084848e-11,6380786.0386633035,-2.664146315013163,3425.0998401228094,0.0005403994557351036,-4.1752635159211733e-07,2649.9641249272972,0.0,4.1724613772922927e-07,0.0005403994557353257,-2.1364151617044589e-19,5.232975131303917e-08,3.594662087956059e-05,-1.618997228496573e-20,5.2329751313039173e-08,3.594662087955746e-05,-1.499858874260306e-11,329.97072308487304,0.9424509397279677,73296.21276015356,270.9324107379254,0.7719811401548905,-0.46315460807540204,-0.001311531582927455,254.73117502479394,30576.864872515194,9.772104269807635,227.8328935272141,-0.33404039997168467,-113.92994590335105,-49.900429861112464,0.07315285961509803,24.919471308758,0.0,0.0,0.0,-0.34866805482133456,0.0005111391893337443,-0.17411921325294583,0.0,0.0,0.0,0.0,0.0,0.0,0.0,0.0,0.5,0.0,0.0,1.0,0.0,0.0,0.0
13.3,227.55298320793096,-0.3352378172176464,-112.66008594701987,7.292113023867705e-05,0.0,0.0,0.7071067811865476,-9.982109579456191e-11,-0.7071067811865475,-9.982109594683977e-11,6380797.361743636,-2.697613083445493,3447.8720940522103,0.0005439914042953832,-4.2277053012678954e-07,2661.299550752466,0.0,4.2248819343160683e-07,0.0005439914042956052,-2.152596016303812e-19,5.250985841613052e-08,3.589271867961714e-05,-1.617933852040827e-20,5.2509858416130524e-08,3.5892718679613936e-05,-1.5164248985441672e-11,329.92587955540677,0.9413631881378441,73191.80093872451,270.85879243827907,0.7696119118041996,-0.4597149683278092,-0.0013202768098462781,253.9148872553258,30346.147854519237,9.772069312678012,227.49166343617256,-0.33519021968068147,-112.78385627596016,-49.608677895849006,0.07308497354452523,24.560955042677133,0.0,0.0,0.0,-0.3466295034400771,0.0005106648506508519,-0.17161416130321025,0.0,0.0,0.0,0.0,0.0,0.0,0.0,0.0,0.5,0.0,0.0,1.0,0.0,0.0,0.0
13.4,227.21352010489795,-0.33637153981270723,-111.51580653093535,7.292113023867705e-05,0.0,0.0,0.7071067811865476,-1.0057163034940823e-10,-0.7071067811865475,-1.0057163050283107e-10,6380808.570462443,-2.7311938468473964,3470.6103591150904,0.0005475779872921576,-4.2803256303631313e-07,2672.5206780989342,0.0,4.2774810350883583e-07,0.0005475779872923796,-2.168776745200565e-19,5.268742692613847e-08,3.5839131151819514e-05,-1.6189038538685345e-20,5.2687426926138477e-08,3.5839131151816234e-05,-1.533011949688763e-11,329.88148811465834,0.940286418049775,73088.44361083562,270.7859164575271,0.7672587948739683,-0.4562584336147167,-0.0013289834700447474,253.10447335362218,30118.25690356512,9.772034708217902,227.1524224560491,-0.3363238391571933,-111.64020706819558,-49.32009419189007,0.07301447073807846,24.206177287169293,0.0,0.0,0.0,-0.34461308957365244,0.0005101722281132974,-0.16913523135709377,0.0,0.0,0.0,0.0,0.0,0.0,0.0,0.0,0.5,0.0,0.0,1.0,0.0,0.0,0.0
13.5,226.87601658695604,-0.3374891062642157,-110.37394432057144,7.292113023867705e-05,0.0,0.0,0.7071067811865476,-1.0132216490425454e-10,-0.7071067811865475,-1.0132216505882236e-10,6380819.665063489,-2.764886988096003,3493.314832866363,0.0005511592360954293,-4.3331219705741664e-07,2683.627750479616,0.0,4.3302561469764474e-07,0.0005511592360956513,-2.1849576074516807e-19,5.2862465188505965e-08,3.578585480726118e-05,-1.6180198076396146e-20,5.286246518850597e-08,3.5785854807257825e-05,-1.5496191791574646e-11,329.8375478820728,0.9392205925817751,72986.13683839736,270.7137812105031,0.7649217596693716,-0.45278498760816094,-0.0013376508807943649,252.29991753098574,29893.160055086286,9.772000455670781,226.81514851131823,-0.33744131151909806,-110.49897250785702,-49.03464464231428,0.07294141815988452,23.85508710417374,0.0,0.0,0.0,-0.34261857490760184,0.0005096617896178886,-0.16668206749632863,0.0,0.0,0.0,0.0,0.0,0.0,0.0,0.0,0.5,0.0,0.0,1.0,0.0,0.0,0.0
13.600000000000001,226.54046008459628,-0.33859049157866705,-109.23448527889943,7.292113023867705e-05,0.0,0.0,0.7071067811865476,-1.0207269945910087e-10,-0.7071067811865475,-1.0207269961481366e-10,6380830.645241476,-2.7986914205847766,3515.9855499835257,0.0005547351563646807,-4.3860926202238243e-07,2694.620462640499,0.0,4.3832055683031593e-07,0.0005547351563649028,-2.201138258777511e-19,5.303496932491534e-08,3.5732887661218844e-05,-1.6180366129477237e-20,5.3034969324915345e-08,3.5732887661215415e-05,-1.5662458336714578e-11,329.794060065253,0.9381657410257666,72884.88343309151,270.64238867968925,0.7626008550135241,-0.4492945340305784,-0.0013462781569710993,251.50123250423673,29670.83942694517,9.771966555973346,226.47982903459152,-0.3385426118775404,-109.3601385671589,-48.7523111568174,0.07286587097884542,23.507651860307544,0.0,0.0,0.0,-0.3406458330399844,0.0005091339206449467,-0.16425444170247536,0.0,0.0,0.0,0.0,0.0,0.0,0.0,0.0,0.5,0.0,0.0,1.0,0.0,0.0,0.0
13.700000000000001,226.20681965521567,-0.33967582473165564,-108.09739275028465,7.292113023867705e-05,0.0,0.0,0.7071067811865476,-1.0282323401394718e-10,-0.7071067811865475,-1.0282323417080494e-10,6380841.51178334,-2.832604998233373,3538.6228658949312,0.0005583058043894613,-4.4392342182737865e-07,2705.4996009667716,0.0,4.4363259380301756e-07,0.0005583058043896834,-2.2173188722537803e-19,5.320495956955165e-08,3.568022481108358e-05,-1.6178794733632356e-20,5.320495956955166e-08,3.568022481108007e-05,-1.5828909802504483e-11,329.75100883775843,0.9371238540322444,72784.93498673476,270.57173431951725,0.7602960059624355,-0.44578714090405536,-0.0013548647902580015,250.7083752963971,29451.315999529157,9.77193300669419,226.14643301448345,-0.3396278692242324,-108.22366862374776,-48.47315323250173,0.07278806751076364,23.163855694934483,0.0,0.0,0.0,-0.33869527969344987,0.0005085902863726583,-0.16185224315289784,0.0,0.0,0.0,0.0,0.0,0.0,0.0,0.0,0.5,0.0,0.0,1.0,0.0,0.0,0.0
13.8,225.87507402894138,-0.3407451561700086,-106.96264206957116,7.292113023867705e-05,0.0,0.0,0.7071067811865476,-1.0357376856879348e-10,-0.7071067811865475,-1.0357376872679625e-10,6380852.264924737,-2.866626120374958,3561.2269713537944,0.0005618712104633578,-4.492544257970808e-07,2716.26540086139,0.0,4.489614749404251e-07,0.0005618712104635799,-2.2334997069316987e-19,5.337244385736534e-08,3.562786289016265e-05,-1.617667942351936e-20,5.337244385736535e-08,3.562786289015906e-05,-1.59955378883188e-11,329.7083938079626,0.9360948213267548,72686.27834612384,270.5018165773192,0.7580071853275611,-0.4422627965203514,-0.001363410076276001,249.92133156924478,29234.55578541843,9.771899807102002,225.81493914854804,-0.34069713406442725,-107.08953803310942,-48.197133105438795,0.07270806536561517,22.823645855124234,0.0,0.0,0.0,-0.3367666510010231,0.0005080312893378013,-0.15947510324833444,0.0,0.0,0.0,0.0,0.0,0.0,0.0,0.0,0.5,0.0,0.0,1.0,0.0,0.0,0.0
13.9,225.54521110396365,-0.3417984590087299,-105.83021997685536,7.292113023867705e-05,0.0,0.0,0.7071067811865476,-1.0432430312363979e-10,-0.7071067811865475,-1.0432430328278754e-10,6380862.904355624,-2.900753693777414,3583.7978969641636,0.0005654313796027835,-4.546021027368862e-07,2726.9175523336357,0.0,4.543070290479359e-07,0.0005654313796030055,-2.249680332369239e-19,5.3537418012551744e-08,3.557579998779573e-05,-1.6182035666715334e-20,5.353741801255175e-08,3.557579998779206e-05,-1.616233512527102e-11,329.6662286407829,0.9350766515338861,72588.66316751963,270.4326369169333,0.7557344166041801,-0.4387214092091476,-0.0013719130978317087,249.14011527980338,29020.478062115035,9.77186695814822,225.48533533782754,-0.3417503796152549,-105.9577335438394,-47.92412883229698,0.07262576007888401,22.486940431434796,0.0,0.0,0.0,-0.3348590949110414,0.0005074561996180145,-0.1571224496649416,0.0,0.0,0.0,0.0,0.0,0.0,0.0,0.0,0.5,0.0,0.0,1.0,0.0,0.0,0.0
14.0,225.2172010208263,-0.34283585887223417,-104.70009130731847,7.292113023867705e-05,0.0,0.0,0.7071067811865476,-1.050748376784861e-10,-0.7071067811865475,-1.0507483783877883e-10,6380873.430851382,-2.934985612050413,3606.3359885614645,0.000568986366577723,-4.5996612276927476e-07,2737.4568302181237,0.0,4.5966892624802984e-07,0.000568986366577945,-2.265860921628287e-19,5.369990174212971e-08,3.552403137284404e-05,-1.6185962653774728e-20,5.369990174212972e-08,3.552403137284029e-05,-1.632929248621721e-11,329.6245102691365,0.934069270592243,72492.08235042043,270.36419030624995,0.7534775996931455,-0.43516305207548195,-0.0013803733348028513,248.36468509633306,28809.04083350382,9.77183445743735,225.15759165572513,-0.3427877315130488,-104.8282200230796,-47.65409515034764,0.0725412250522888,22.15367527048723,0.0,0.0,0.0,-0.33297229516034643,0.0005068655300913339,-0.1547938341453815,0.0,0.0,0.0,0.0,0.0,0.0,0.0,0.0,0.5,0.0,0.0,1.0,0.0,0.0,0.0
14.100000000000001,224.89102328150608,-0.34385740359809275,-103.57223252454939,7.292113023867705e-05,0.0,0.0,0.7071067811865476,-1.0582537223333241e-10,-0.7071067811865475,-1.0582537239477014e-10,6380883.84463955,-2.9693202909831506,3628.8414300972127,0.0005725362006055107,-4.653462378064446e-07,2747.8834618115798,0.0,4.6504691845290506e-07,0.0005725362006057328,-2.2820417337543037e-19,5.385990257076049e-08,3.547255380080281e-05,-1.6178918725510275e-20,5.3859902570760495e-08,3.5472553800798976e-05,-1.6496401850896554e-11,329.58323779329874,0.9330726567760118,72396.53381190337,270.29647526910617,0.7512367126415875,-0.43158771844075894,-0.0013887900608090381,247.5950281016084,28600.215539300436,9.771802304263291,224.83168757277716,-0.34380923765048277,-103.70097395406408,-47.387001873133734,0.07245452126382715,21.82380383632268,0.0,0.0,0.0,-0.3311060408278441,0.0005062597068278329,-0.15248893153008541,0.0,0.0,0.0,0.0,0.0,0.0,0.0,0.0,0.5,0.0,0.0,1.0,0.0,0.0,0.0
14.200000000000001,224.56666626305918,-0.3448630643720687,-102.44663116209985,7.292113023867705e-05,0.0,0.0,0.7071067811865476,-1.0657590678817872e-10,-0.7071067811865475,-1.0657590695076143e-10,6380894.14540523,-3.0037566309560098,3651.314248003604,0.000576080886044082,-4.707422756639231e-07,2758.197132266437,0.0,4.704408334780889e-07,0.0005760808860443041,-2.2982221659781335e-19,5.401741601909441e-08,3.5421365436816636e-05,-1.6189702265825346e-20,5.401741601909442e-08,3.542136543681272e-05,-1.666365581290941e-11,329.5423934730445,0.9320899112685304,72302.40471121695,270.22949468735436,0.7490118542664973,-0.427995321732223,-0.0013971623259486712,246.83115948277475,28394.079922010937,9.771770499592606,224.5076114695431,-0.34481486931291744,-102.57598287814723,-47.12298842677435,0.07236593716748767,21.497366921547027,0.0,0.0,0.0,-0.32926130612225113,0.0005056407453350209,-0.1502080268482321,0.0,0.0,0.0,0.0,0.0,0.0,0.0,0.0,0.5,0.0,0.0,1.0,0.0,0.0,0.0
14.3,224.2441011780094,-0.34585296350514655,-101.32325352963676,7.292113023867705e-05,0.0,0.0,0.7071067811865476,-1.0732644134302504e-10,-0.7071067811865475,-1.0732644150675272e-10,6380904.333912357,-3.0382925650305963,3673.75477862154,0.0005796204761595886,-4.7615391265265036e-07,2768.398604984395,0.0,4.758503476345216e-07,0.0005796204761598107,-2.31440256367723e-19,5.417246127310536e-08,3.537046171942354e-05,-1.6178793852779034e-20,5.417246127310537e-08,3.537046171941954e-05,-1.683104564133945e-11,329.5019886305259,0.9311186409464349,72209.39774024679,270.163242970723,0.746802895608316,-0.4243859404882619,-0.0014054895983250176,246.07303950109363,28190.521822612198,9.771739041065324,224.18533449293506,-0.34580474881914636,-101.45321313571208,-46.8618926213351,0.07227536172741104,21.174247187545326,0.0,0.0,0.0,-0.32743695777780013,0.0005050078697747502,-0.14795030022258315,0.0,0.0,0.0,0.0,0.0,0.0,0.0,0.0,0.5,0.0,0.0,1.0,0.0,0.0,0.0
14.4,223.9233083001831,-0.3468271462256419,-100.2020772194939,7.292113023867705e-05,0.0,0.0,0.7071067811865476,-1.0807697589787133e-10,-0.7071067811865475,-1.0807697606274402e-10,6380914.41038036,-3.0729265254521376,3696.163199100837,0.00058315499909327,-4.815809032719381e-07,2778.488099154085,0.0,4.812752154215147e-07,0.0005831549990934921,-2.330583185891304e-19,5.4325045447029846e-08,3.53198395262815e-05,-1.61826669875725e-20,5.432504544702985e-08,3.531983952627741e-05,-1.6998563392846468e-11,329.46202730001113,0.9301580319713483,72117.41167928404,270.09771847958683,0.7446098072005037,-0.4207595734866412,-0.001413771129304743,245.32065662774838,27989.4897820397,9.77170792800056,223.8648368863766,-0.34677892144930234,-100.33264233780189,-46.60364552377622,0.07218279107887537,20.85438145288213,0.0,0.0,0.0,-0.32563251414034605,0.0005043610531431437,-0.14571531018703784,0.0,0.0,0.0,0.0,0.0,0.0,0.0,0.0,0.5,0.0,0.0,1.0,0.0,0.0,0.0
14.5,223.6042764966692,-0.34778558175232727,-99.08309057500847,7.292113023867705e-05,0.0,0.0,0.7071067811865476,-1.0882751045271765e-10,-0.7071067811865475,-1.0882751061873531e-10,6380924.374489362,-3.1076574064515965,3718.539531603435,0.0005866844585291748,-4.870230743844669e-07,2788.465294952815,0.0,4.867152637017489e-07,0.0005866844585293968,-2.3467636021826395e-19,5.447516375227664e-08,3.526949710008227e-05,-1.6183574981106605e-20,5.447516375227665e-08,3.526949710007809e-05,-1.716620172276041e-11,329.42251074821803,0.9292081147932155,72026.4494441567,270.03292329097945,0.7424326480849764,-0.41711613976521295,-0.001422005935739412,244.5740272662761,27790.968977144876,9.771677161380342,223.54610752103062,-0.3477373565192162,-99.21425883490728,-46.34823237635197,0.07208827283286637,20.53774089778606,0.0,0.0,0.0,-0.3238478720934524,0.0005037006281112791,-0.14350285536991148,0.0,0.0,0.0,0.0,0.0,0.0,0.0,0.0,0.5,0.0,0.0,1.0,0.0,0.0,0.0
14.600000000000001,223.2869780408047,-0.34872838912050663,-97.96626136400289,7.292113023867705e-05,0.0,0.0,0.7071067811865476,-1.0957804500756397e-10,-0.7071067811865475,-1.0957804517472663e-10,6380934.226991978,-3.1424831803044344,3740.884103074115,0.0005902089062453456,-4.924801084518053e-07,2798.3309444676465,0.0,4.921701749367928e-07,0.0005902089062455677,-2.362944244079682e-19,5.4622834859588694e-08,3.521943004724838e-05,-1.6183245434837305e-20,5.46228348595887e-08,3.521943004724411e-05,-1.7333952190919515e-11,329.3834359963649,0.9282688178067047,71936.50417807639,269.9688525206003,0.7402713260626708,-0.4134557236561443,-0.0014301934741005017,243.83311321594437,27594.920987914647,9.771646738879875,223.22911860604162,-0.34868017306797333,-98.0980304243963,-46.09561177229459,0.07199187220545224,20.22426641958377,0.0,0.0,0.0,-0.32208274231662215,0.0005030270503617968,-0.14131252280453813,0.0,0.0,0.0,0.0,0.0,0.0,0.0,0.0,0.5,0.0,0.0,1.0,0.0,0.0,0.0
14.700000000000001,222.97139397826564,-0.34965561094924014,-96.8515683075558,7.292113023867705e-05,0.0,0.0,0.7071067811865476,-1.1032857956241028e-10,-0.7071067811865475,-1.1032857973071792e-10,6380943.968099519,-3.177402295711909,3763.1970838609955,0.0005937283693070829,-4.979517625599829e-07,2808.0852587772533,0.0,4.976397062126758e-07,0.000593728369307305,-2.379124595134433e-19,5.476806547292684e-08,3.516963536757587e-05,-1.617932928465109e-20,5.4768065472926846e-08,3.516963536757151e-05,-1.7501807028105992e-11,329.34478344724107,0.9273431417775803,71847.95149227093,269.90550562328775,0.7381258684470194,-0.40977832983603885,-0.001438332973362124,243.09790430049037,27401.409218052344,9.771616659843485,222.91385115762637,-0.3496074137631981,-96.98393584518111,-45.84590579852153,0.0718938780239492,19.91397998570208,0.0,0.0,0.0,-0.32033797786479185,0.0005023423380107495,-0.1391444659833826,0.0,0.0,0.0,0.0,0.0,0.0,0.0,0.0,0.5,0.0,0.0,1.0,0.0,0.0,0.0
14.8,222.6575136773404,-0.35056721445255973,-95.73900057512013,7.292113023867705e-05,0.0,0.0,0.7071067811865476,-1.1107911411725657e-10,-0.7071067811865475,-1.1107911428670921e-10,6380953.597487018,-3.212413640993643,3785.478491757354,0.0005972428507091346,-5.034378626558637e-07,2817.7279129695767,0.0,5.031236834762618e-07,0.0005972428507093567,-2.395305000393171e-19,5.49108504884455e-08,3.512011138304623e-05,-1.6185337149605652e-20,5.4910850488445506e-08,3.512011138304178e-05,-1.7669758951506842e-11,329.3065695351047,0.9264286786613299,71760.48953484806,269.84288404251333,0.7359963034037307,-0.40608388348823365,-0.0014464234167052836,242.36841812226004,27210.34650976363,9.771586925269018,222.6002945486379,-0.3505190459134249,-95.871964273266,-45.59897866902882,0.07179414635148912,19.606799429583152,0.0,0.0,0.0,-0.31861262996373235,0.0005016454853315739,-0.13699811078606214,0.0,0.0,0.0,0.0,0.0,0.0,0.0,0.0,0.5,0.0,0.0,1.0,0.0,0.0,0.0
14.9,222.34531046101245,-0.35146331542783876,-94.62852737634357,7.292113023867705e-05,0.0,0.0,0.7071067811865476,-1.1182964867210288e-10,-0.7071067811865475,-1.1182964884270052e-10,6380963.11589588,-3.247515227400872,3807.7286444102574,0.0006007524007571549,-5.089380973138327e-07,2827.25964792942,0.0,5.086217953019364e-07,0.0006007524007573769,-2.4114855467121032e-19,5.50512080677553e-08,3.507085386617514e-05,-1.6176244657599834e-20,5.5051208067755305e-08,3.507085386617061e-05,-1.7837799806908173e-11,329.2687951967329,0.9255247345935659,71674.03365033779,269.78098279636225,0.7338825337612661,-0.4023724751077095,-0.0014544642492357032,241.6446179606656,27021.677596799716,9.771557532866497,222.28842203917912,-0.3514151853158563,-94.76208494674562,-45.354759840050626,0.07169269024854986,19.302654439154086,0.0,0.0,0.0,-0.31690620570471145,0.0005009365835814279,-0.1348729659227471,0.0,0.0,0.0,0.0,0.0,0.0,0.0,0.0,0.5,0.0,0.0,1.0,0.0,0.0,0.0
15.0,222.03476614680733,-0.3523439538848816,-93.52012856104957,7.292113023867705e-05,0.0,0.0,0.7071067811865476,-1.1258018322694919e-10,-0.7071067811865475,-1.1258018339869181e-10,6380972.523529307,-3.282705520090886,3829.947705366124,0.0006042570454406549,-5.144522262062549e-07,2836.6806666282937,0.0,5.141338013620639e-07,0.0006042570454408769,-2.4276657176374795e-19,5.518914450448723e-08,3.5021859938872785e-05,-1.6167254486244516e-20,5.5189144504487237e-08,3.5021859938868156e-05,-1.80059219973089e-11,329.2314596277481,0.9246312903254428,71588.58199772362,269.7198005666917,0.7317845482480054,-0.3986441157268654,-0.0014624546775205553,240.9264949527231,26835.37790350685,9.771528482005436,221.9782154181674,-0.3522958720256341,-93.65427773245985,-45.11322344628932,0.0715895613889937,19.001503817248025,0.0,0.0,0.0,-0.3152185243597669,0.0005002159938198271,-0.13276874353747967,0.0,0.0,0.0,0.0,0.0,0.0,0.0,0.0,0.5,0.0,0.0,1.0,0.0,0.0,0.0
15.100000000000001,221.72587061537985,-0.3532090949952303,-92.41379414113705,7.292113023867705e-05,0.0,0.0,0.7071067811865476,-1.133307177817955e-10,-0.7071067811865475,-1.1333071795468313e-10,6380981.820057119,-3.317983401710047,3852.1356879511673,0.0006077567870496687,-5.19980074401216e-07,2845.9906389464936,0.0,5.196595267247304e-07,0.0006077567870498907,-2.4438462028761845e-19,5.532465437367309e-08,3.4973128004153134e-05,-1.617937250333345e-20,5.5324654373673094e-08,3.497312800414841e-05,-1.8174118302493448e-11,329.1945641364172,0.9237483771639312,71504.13757129684,269.65933949737365,0.7297024125071888,-0.3948987372300749,-0.001470393650776644,240.2140678779507,26651.43441540305,9.771499773699878,221.66966457123254,-0.35316107130622504,-92.54853264830358,-44.874356711405454,0.07148480293724159,18.703320904277017,0.0,0.0,0.0,-0.31354949665709403,0.0004994840176484762,-0.13068525735237202,0.0,0.0,0.0,0.0,0.0,0.0,0.0,0.0,0.5,0.0,0.0,1.0,0.0,0.0,0.0
15.200000000000001,221.4185980041481,-0.3540588521078192,-91.30949448363161,7.292113023867705e-05,0.0,0.0,0.7071067811865476,-1.140812523366418e-10,-0.7071067811865475,-1.1408125251067443e-10,6380991.006211728,-3.353346917749447,3874.2929019574567,0.0006112516746450657,-5.2552133584307e-07,2855.1902967824913,0.0,5.251986653342898e-07,0.0006112516746452877,-2.4600271754371516e-19,5.545775545155287e-08,3.492465396349806e-05,-1.617269477639645e-20,5.545775545155288e-08,3.492465396349324e-05,-1.8342380807042424e-11,329.15809375678396,0.9228778596007093,71420.93513354854,269.5995953653053,0.7276360673779393,-0.39113643597268505,-0.0014782806081933848,239.5073011257503,26469.867358192194,9.771471405687818,221.3627435742645,-0.35401089650271456,-91.44482008863096,-44.638215166499045,0.07137862233223985,18.408089650631347,0.0,0.0,0.0,-0.31189951060779175,0.0004987421045004581,-0.1286223952243782,0.0,0.0,0.0,0.0,0.0,0.0,0.0,0.0,0.5,0.0,0.0,1.0,0.0,0.0,0.0
15.3,221.11292720890526,-0.3548932749786177,-90.2072061274571,7.292113023867705e-05,0.0,0.0,0.7071067811865476,-1.1483178689148809e-10,-0.7071067811865475,-1.1483178706666573e-10,6381000.082222886,-3.3887944761480884,3896.419526231457,0.0006147417366243607,-5.310757612413709e-07,2864.279869677499,0.0,5.307509679002959e-07,0.0006147417366245828,-2.4762073434045585e-19,5.5588455557975414e-08,3.487643447835962e-05,-1.6184072854801657e-20,5.558845555797543e-08,3.4876434478354705e-05,-1.851070137248382e-11,329.1220505802996,0.9220192348336722,71338.91255701035,269.54056654796017,0.7255854829154849,-0.3873572184214403,-0.0014861148175745705,238.80618200844128,26290.637438494683,9.771443377257027,221.0574312976267,-0.3548453974166041,-90.34311660712059,-44.404748013053755,0.07127103171161053,18.11575789626653,0.0,0.0,0.0,-0.3102682112686275,0.0004979903391846833,-0.12657979269689335,0.0,0.0,0.0,0.0,0.0,0.0,0.0,0.0,0.5,0.0,0.0,1.0,0.0,0.0,0.0
15.4,220.80884709960776,-0.3557123317266305,-89.10691803918968,7.292113023867705e-05,0.0,0.0,0.7071067811865476,-1.155823214463344e-10,-0.7071067811865475,-1.1558232162265703e-10,6381009.047769716,-3.4243249248995946,3918.515578544442,0.0006182269759775521,-5.366431702423666e-07,2873.2590368144834,0.0,5.363162540689971e-07,0.0006182269759777741,-2.492387999649975e-19,5.5716749729015944e-08,3.482846779256917e-05,-1.6181994167065008e-20,5.571674972901596e-08,3.482846779256416e-05,-1.8679072544714865e-11,329.08644519932744,0.9211710392825466,71257.88626102816,269.48225471934484,0.7235507010352233,-0.38356101836644985,-0.0014938952296402253,238.11072835460487,26113.68891459242,9.771415689392995,220.75371661769327,-0.355664542257685,-89.24341117515675,-44.17387010066746,0.07116195677345752,17.826269201547678,0.0,0.0,0.0,-0.30865500367027626,0.0004972282025333274,-0.12455705541063505,0.0,0.0,0.0,0.0,0.0,0.0,0.0,0.0,0.5,0.0,0.0,1.0,0.0,0.0,0.0
15.5,220.50633277676897,-0.3565161326401971,-88.00860184033665,7.292113023867705e-05,0.0,0.0,0.7071067811865476,-1.163328560011807e-10,-0.7071067811865475,-1.1633285617864834e-10,6381017.903574575,-3.459936348349512,3940.581359782655,0.0006217074403551175,-5.4222326288312e-07,2882.128520051328,0.0,5.41894223877456e-07,0.0006217074403553395,-2.5085681108635027e-19,5.5842655259560315e-08,3.478074996001893e-05,-1.6179342484454897e-20,5.584265525956033e-08,3.4780749960013825e-05,-1.8847486671101965e-11,329.0512747514611,0.9203332047587532,71177.84973169377,269.4246551916244,0.7215316390900551,-0.37974793804526336,-0.0015016212758927152,237.42090584113524,25938.988091328465,9.771388339864924,220.45157457473795,-0.3564684413067648,-88.14567544051827,-43.94554508710647,0.07105145189137496,17.539571101920274,0.0,0.0,0.0,-0.30705963387953616,0.0004964560744696769,-0.1225538167813029,0.0,0.0,0.0,0.0,0.0,0.0,0.0,0.0,0.5,0.0,0.0,1.0,0.0,0.0,0.0
15.600000000000001,220.2053671507275,-0.35730471392751456,-86.9122390162748,7.292113023867705e-05,0.0,0.0,0.7071067811865476,-1.17083390556027e-10,-0.7071067811865475,-1.1708339073463966e-10,6381026.649829019,-3.4956272370850017,3962.6170224269126,0.0006251831539952535,-5.478158028345358e-07,2890.8885107217357,0.0,5.474846409965772e-07,0.0006251831539954755,-2.5247487115464397e-19,5.596617784485478e-08,3.473327827569121e-05,-1.617063450315986e-20,5.5966177844854795e-08,3.4733278275686004e-05,-1.9015936403570696e-11,329.01653847799906,0.9195057131884116,71098.80124244826,269.3677667222539,0.7195282905787881,-0.3759180003297096,-0.0015092921302758007,236.73670750322472,25766.5126211183,9.77136132807861,220.15098805236556,-0.357257130811485,-87.049890903878,-43.71974946432195,0.0709395632697709,17.255625348013904,0.0,0.0,0.0,-0.3054819376391917,0.0004956742778366637,-0.12056980955000518,0.0,0.0,0.0,0.0,0.0,0.0,0.0,0.0,0.5,0.0,0.0,1.0,0.0,0.0,0.0
15.700000000000001,219.90594053616311,-0.35807803857574383,-85.81782047695677,7.292113023867705e-05,0.0,0.0,0.7071067811865476,-1.1783392511087333e-10,-0.7071067811865475,-1.1783392529063095e-10,6381035.286198344,-3.531396452121222,3984.6225741704957,0.0006286541182989819,-5.534206117939719e-07,2899.5386741800858,0.0,5.530873271237186e-07,0.000628654118299204,-2.5409285957905575e-19,5.6087311715588536e-08,3.4686051211475124e-05,-1.6175338051953e-20,5.608731171558855e-08,3.468605121146982e-05,-1.918441452379693e-11,328.982237530366,0.9186886241938379,71020.7473053397,269.31159149216154,0.7175407253652053,-0.37207114930100554,-0.001516906689685506,236.0581535656752,25596.25174942952,9.771334655062287,219.85194737138767,-0.3580305738463674,-85.95604847987579,-43.496473321728566,0.07082633221079118,16.97440750805529,0.0,0.0,0.0,-0.303921845701252,0.0004948831012237628,-0.11860486300520921,0.0,0.0,0.0,0.0,0.0,0.0,0.0,0.0,0.5,0.0,0.0,1.0,0.0,0.0,0.0
15.8,219.60802864025277,-0.3588362151778372,-84.72531873442567,7.292113023867705e-05,0.0,0.0,0.7071067811865476,-1.1858445966571962e-10,-0.7071067811865475,-1.1858445984662224e-10,6381043.813398,-3.5672421075908414,4006.598309425789,0.0006321203798900326,-5.590373944695396e-07,2908.0797253840915,0.0,5.587019869669917e-07,0.0006321203798902547,-2.557108970556831e-19,5.620607389944581e-08,3.4639064917412244e-05,-1.6181166049783375e-20,5.6206073899445825e-08,3.4639064917406836e-05,-1.9352913569230857e-11,328.94835078395135,0.9178847884255226,70944.04529590641,269.2561256602781,0.7155689021667986,-0.36820749295278227,-0.0015244643859673034,235.38521045175312,25428.253905819216,9.771308318606705,219.55442818005935,-0.35878887899349016,-84.86412070574409,-43.27581922082402,0.07071203469868763,16.695920010941382,0.0,0.0,0.0,-0.3023800746911651,0.0004940844730089962,-0.11665899411828728,0.0,0.0,0.0,0.0,0.0,0.0,0.0,0.0,0.5,0.0,0.0,1.0,0.0,0.0,0.0
15.9,219.3116147310961,-0.35957927877584855,-83.63471589386259,7.292113023867705e-05,0.0,0.0,0.7071067811865476,-1.1933499422056592e-10,-0.7071067811865475,-1.1933499440261356e-10,6381052.231615421,-3.6031627019939365,4028.5443764254487,0.0006355819623336702,-5.64665915778185e-07,2916.511851552874,0.0,5.643283854433425e-07,0.0006355819623338922,-2.5732895778738266e-19,5.6322469907602434e-08,3.4592316745231304e-05,-1.6174059654577708e-20,5.632246990760245e-08,3.4592316745225795e-05,-1.9521426273754102e-11,328.9148949652565,0.9170914009541344,70868.34602297151,269.2013672448089,0.7136127777176092,-0.36432706031209955,-0.0015319643818533129,234.71787182885237,25262.41953725374,9.77128231813052,219.25841372065466,-0.35953208133160397,-83.77408970111401,-43.057632032277745,0.07059649937348726,16.420073448902595,0.0,0.0,0.0,-0.3008555406775483,0.0004932771958530101,-0.11473157817251467,0.0,0.0,0.0,0.0,0.0,0.0,0.0,0.0,0.5,0.0,0.0,1.0,0.0,0.0,0.0
16.0,219.01668924071996,-0.36030719169237124,-82.54600322899903,7.292113023867705e-05,0.0,0.0,0.7071067811865476,-1.200855287754122e-10,-0.7071067811865475,-1.2008552895860485e-10,6381060.5405144775,-3.639157082572128,4050.460780739498,0.000639038866695835,-5.703059952678691e-07,2924.8347166155777,0.0,5.699663421007319e-07,0.000639038866696057,-2.589469814990737e-19,5.6436493865710995e-08,3.454580518551138e-05,-1.6182475823839177e-20,5.643649386571101e-08,3.454580518550577e-05,-1.968994539487021e-11,328.8818726575983,0.9163082939732108,70793.62763980565,269.14731837340037,0.7116724201320218,-0.3604298021604805,-0.0015394055512216388,234.05615845458038,25098.73221651489,9.771256654666495,218.9638944318526,-0.36026014326844225,-82.68594674377398,-42.841891747968894,0.07047974814750166,16.1468399392416,0.0,0.0,0.0,-0.29934810385814753,0.000492461422863164,-0.1128224203438013,0.0,0.0,0.0,0.0,0.0,0.0,0.0,0.0,0.5,0.0,0.0,1.0,0.0,0.0,0.0
16.1,218.72322847778895,-0.36102006084184135,-81.45915413344676,7.292113023867705e-05,0.0,0.0,0.7071067811865476,-1.208360633302585e-10,-0.7071067811865475,-1.2083606351459617e-10,6381068.740803768,-3.6752233931307248,4072.347810367924,0.0006424911385833418,-5.759573422993543e-07,2933.049028683454,0.0,5.756155662999226e-07,0.0006424911385835638,-2.605650113376213e-19,5.654816253678391e-08,3.449952648360725e-05,-1.6177333983256907e-20,5.6548162536783926e-08,3.449952648360154e-05,-1.985846365473257e-11,328.84928105143103,0.9155354008558314,70719.8837893518,269.0939744475621,0.709747749827613,-0.35651583244803303,-0.0015467873274983333,233.400037457356,24937.160835121245,9.77123132602672,218.67084656464493,-0.3609731717042948,-81.59966525148758,-42.62856470165412,0.07036182914457362,15.876170681895443,0.0,0.0,0.0,-0.2978575289976428,0.0004916374902940092,-0.11093117965265917,0.0,0.0,0.0,0.0,0.0,0.0,0.0,0.0,0.5,0.0,0.0,1.0,0.0,0.0,0.0
16.2,218.4312160681637,-0.3617179201001698,-80.37415133219127,7.292113023867705e-05,0.0,0.0,0.7071067811865476,-1.215865978851048e-10,-0.7071067811865475,-1.2158659807058746e-10,6381076.832666609,-3.711360140082717,4094.205609295221,0.0006459388008886196,-5.816197230352649e-07,2941.1549708656967,0.0,5.812758242035384e-07,0.0006459388008888417,-2.621830473550041e-19,5.6657481248048556e-08,3.445347804797905e-05,-1.618335262104567e-20,5.665748124804857e-08,3.445347804797323e-05,-2.002697386519976e-11,328.8171194202397,0.914772704373063,70647.11282775021,269.041334278179,0.7078387631232588,-0.35258518664462396,-0.00155410886331778,232.74950310417535,24777.68495483171,9.771206331642711,218.37925371992029,-0.3616712005490485,-80.51522796287608,-42.41762934331591,0.07024278369102771,15.608029938946864,0.0,0.0,0.0,-0.29638366552012313,0.0004908056869039642,-0.10905760638841185,0.0,0.0,0.0,0.0,0.0,0.0,0.0,0.0,0.5,0.0,0.0,1.0,0.0,0.0,0.0
16.3,218.140642566394,-0.36240073110851084,-79.2909864717099,7.292113023867705e-05,0.0,0.0,0.7071067811865476,-1.2233713243995112e-10,-0.7071067811865475,-1.2233713262657878e-10,6381084.815765384,-3.7475661570106715,4116.034180906696,0.0006493818543328895,-5.872929548918224e-07,2949.1522056066124,0.0,5.869469332278014e-07,0.0006493818543331115,-2.6380107235894685e-19,5.676444401739686e-08,3.4407658388701635e-05,-1.6175123931597264e-20,5.676444401739687e-08,3.4407658388695706e-05,-2.0195468756778686e-11,328.7853891033308,0.9140202362858701,70575.31778540155,268.9894000573452,0.7059455321406813,-0.34863782261347,-0.0015613690105574663,232.1045766606953,24620.294318733166,9.771181672551947,218.0891064593582,-0.3623541915267651,-79.4326265278637,-42.20907572350546,0.07012264730612788,15.34239418031925,0.0,0.0,0.0,-0.2949264439060479,0.0004899662608759145,-0.10720153613992972,0.0,0.0,0.0,0.0,0.0,0.0,0.0,0.0,0.5,0.0,0.0,1.0,0.0,0.0,0.0
16.400000000000002,217.85148487745624,-0.3630685991196559,-78.20963381821612,7.292113023867705e-05,0.0,0.0,0.7071067811865476,-1.230876669947974e-10,-0.7071067811865475,-1.230876671825701e-10,6381092.6908019,-3.7838396172780526,4137.833806851396,0.0006528203435158802,-5.929767518640584e-07,2957.041434234319,0.0,5.926286073677428e-07,0.0006528203435161022,-2.654190777964853e-19,5.686906734593413e-08,3.436206384560732e-05,-1.6177689520724862e-20,5.686906734593414e-08,3.4362063845601285e-05,-2.0363941231534094e-11,328.75407089012015,0.9132805398173147,70504.8172797204,268.9381679496285,0.7040680138342034,-0.344673860455196,-0.0015685672055781533,231.46522591770136,24465.028904869036,9.771157346587659,217.8003816314446,-0.3630222498728818,-78.35183523582153,-42.00299140083066,0.07000166517061397,15.07925936502364,0.0,0.0,0.0,-0.29348647595153954,0.0004891209253552552,-0.10536294067170933,0.0,0.0,0.0,0.0,0.0,0.0,0.0,0.0,0.5,0.0,0.0,1.0,0.0,0.0,0.0
16.5,217.56372698497208,-0.3637215568433727,-77.1300767164997,7.292113023867705e-05,0.0,0.0,0.7071067811865476,-1.238382015496437e-10,-0.7071067811865475,-1.238382017385614e-10,6381100.457955354,-3.820179035210769,4159.6046268656555,0.0006562542906572801,-5.986708813599187e-07,2964.8228357387707,0.0,5.983206140313085e-07,0.0006562542906575022,-2.670371154181201e-19,5.697135637693929e-08,3.4316691883873024e-05,-1.6165429402216307e-20,5.6971356376939305e-08,3.431669188386688e-05,-2.0532384175646328e-11,328.7231787720146,0.9125512631100403,70435.31893463206,268.88763614921464,0.702206174111161,-0.3406933423672792,-0.0015757025921640494,230.83144570715558,24311.805804463376,9.771133353194239,217.51306319562832,-0.36367540832844636,-77.27283744439231,-41.79924731217786,0.06987969694192929,14.818550852012725,0.0,0.0,0.0,-0.2920628598570562,0.0004882686997298677,-0.10354129844618377,0.0,0.0,0.0,0.0,0.0,0.0,0.0,0.0,0.5,0.0,0.0,1.0,0.0,0.0,0.0
16.6,217.27735957119017,-0.36435956522250523,-76.05230719475098,7.292113023867705e-05,0.0,0.0,0.7071067811865476,-1.2458873610449002e-10,-0.7071067811865475,-1.245887362945527e-10,6381108.116886584,-3.856583230846809,4181.346642088602,0.0006596836961239504,-6.043751586815459e-07,2972.4960710223145,0.0,6.040227685206411e-07,0.0006596836961241724,-2.6865512494971254e-19,5.707130501783763e-08,3.4271541033875264e-05,-1.617607185198815e-20,5.7071305017837644e-08,3.427154103386901e-05,-2.0700790290386902e-11,328.6927160731684,0.9118321237932318,70366.78665887497,268.83780677160775,0.7003600820480265,-0.33669623367674834,-0.001582774001363051,230.20325777545426,24160.60691207628,9.771109693414042,217.22714184172315,-0.36431362791696165,-76.19562518462317,-41.59781961462616,0.06975675230130494,14.560240501878734,0.0,0.0,0.0,-0.290655429025539,0.00048740965164518167,-0.10173641284555644,0.0,0.0,0.0,0.0,0.0,0.0,0.0,0.0,0.5,0.0,0.0,1.0,0.0,0.0,0.0
16.7,216.99236013222273,-0.36498272786507147,-74.97630038281804,7.292113023867705e-05,0.0,0.0,0.7071067811865476,-1.253392706593363e-10,-0.7071067811865475,-1.25339270850544e-10,6381115.668290667,-3.8930504069933143,4203.060127879805,0.0006631086035183606,-6.10089302439871e-07,2980.061834691713,0.0,6.097347894466717e-07,0.0006631086035185827,-2.7027313230313814e-19,5.7168929510573985e-08,3.42266077290888e-05,-1.6178141994734313e-20,5.7168929510574e-08,3.422660772908244e-05,-2.086915265326214e-11,328.66268003599686,0.9111230567680075,70299.21424867974,268.78867530608693,0.698529660660738,-0.332682660820655,-0.0015897808739437002,229.58063053140575,24011.40349832833,9.771086365101274,216.9425950104677,-0.3649370122259447,-75.12017360856807,-41.39867709515787,0.06963287363414032,14.304282864909991,0.0,0.0,0.0,-0.2892639653630318,0.00048654407725966307,-0.09994796630016696,0.0,0.0,0.0,0.0,0.0,0.0,0.0,0.0,0.5,0.0,0.0,1.0,0.0,0.0,0.0
16.8,216.7087130094524,-0.36559107631469606,-73.90204024529487,7.292113023867705e-05,0.0,0.0,0.7071067811865476,-1.260898052141826e-10,-0.7071067811865475,-1.2608980540653532e-10,6381123.11234268,-3.9295790858891144,4224.745219727442,0.0006665290343875501,-6.158130812878119e-07,2987.5203016186133,0.0,6.154564454623179e-07,0.0006665290343877722,-2.7189118922862087e-19,5.726423481447884e-08,3.418188949139296e-05,-1.6175940524298518e-20,5.7264234814478855e-08,3.418188949138648e-05,-2.1037464221733074e-11,328.6330699662607,0.910424045645313,70232.60014220815,268.74024061704955,0.696714908693621,-0.328652673004267,-0.001596722346225157,228.96355933524765,23864.176884577577,9.77106336771318,216.6594070198177,-0.3655455928276251,-74.04646669292194,-41.20179999824978,0.06950809775150094,14.050644477393178,0.0,0.0,0.0,-0.2878883308322497,0.0004856722337823708,-0.09817572498982856,0.0,0.0,0.0,0.0,0.0,0.0,0.0,0.0,0.5,0.0,0.0,1.0,0.0,0.0,0.0
16.900000000000002,216.42640901800274,-0.3661845707990414,-72.82951920105194,7.292113023867705e-05,0.0,0.0,0.7071067811865476,-1.2684033976902893e-10,-0.7071067811865475,-1.2684033996252664e-10,6381130.448701855,-3.966168074142098,4246.401916462997,0.0006699449887343803,-6.215463084310958e-07,2994.8711311010024,0.0,6.211875497733071e-07,0.0006699449887346023,-2.735091579042875e-19,5.7357214723985534e-08,3.413738487227188e-05,-1.6167374716316816e-20,5.735721472398555e-08,3.413738487226529e-05,-2.1205717665773522e-11,328.60388721654465,0.9097351223559048,70166.94738238586,268.69250491698733,0.6949159005771323,-0.3246062433992993,-0.0016035972297561197,228.35206638420775,23718.91799602109,9.7710407022972,216.3775686928546,-0.3661393300280567,-72.97449685884185,-41.007179552988184,0.06938245677195945,13.79930306177978,0.0,0.0,0.0,-0.2865284641484016,0.0004847943456346232,-0.09641953325517061,0.0,0.0,0.0,0.0,0.0,0.0,0.0,0.0,0.5,0.0,0.0,1.0,0.0,0.0,0.0
17.0,216.14542623994572,-0.3667633132982231,-71.7587132346048,7.292113023867705e-05,0.0,0.0,0.7071067811865476,-1.275908743238752e-10,-0.7071067811865475,-1.2759087451851793e-10,6381137.678056597,-4.002815603888604,4268.030487218026,0.0006733565091738838,-6.272887070781952e-07,3002.115011080168,0.0,6.26927825588112e-07,0.0006733565091741058,-2.751271934879907e-19,5.744788522442634e-08,3.409309039800827e-05,-1.6167250891653157e-20,5.7447885224426355e-08,3.409309039800157e-05,-2.13739062345566e-11,328.57512411236814,0.9090570039845816,70102.34703167934,268.64546395442534,0.6931325708607046,-0.32054350495512646,-0.0016104049713062693,227.746120659235,23575.619467870976,9.7710183667283,216.0970580573298,-0.3667183257837652,-71.90424011213894,-40.814820757573024,0.06925604991844186,13.550226352892238,0.0,0.0,0.0,-0.285184400235288,0.0004839111061143479,-0.09467916565050599,0.0,0.0,0.0,0.0,0.0,0.0,0.0,0.0,0.5,0.0,0.0,1.0,0.0,0.0,0.0
17.1,215.86574937442512,-0.3673273341897229,-70.68960693035179,7.292113023867705e-05,0.0,0.0,0.7071067811865476,-1.2834140887872152e-10,-0.7071067811865475,-1.2834140907450925e-10,6381144.800577864,-4.039520205280379,4289.631063232544,0.0006767636165805398,-6.330400471266579e-07,3009.2521123150364,0.0,6.326770428042802e-07,0.0006767636165807619,-2.7674519263327803e-19,5.753625109122393e-08,3.404900364716966e-05,-1.6176014952517443e-20,5.7536251091223943e-08,3.404900364716285e-05,-2.154202295409803e-11,328.5467731811821,0.9083907487792131,70038.93117542956,268.59911691730656,0.6913649335549217,-0.3164645141583764,-0.0016171447012554249,227.1457180100919,23434.290829739475,9.770996360476603,215.81785978965354,-0.36728261049817973,-70.83568104859073,-40.6247523105176,0.06912899342107573,13.30339704559737,0.0,0.0,0.0,-0.28385633961732987,0.00048302332735347626,-0.09295450126010027,0.0,0.0,0.0,0.0,0.0,0.0,0.0,0.0,0.5,0.0,0.0,1.0,0.0,0.0,0.0
17.2,215.58736937461524,-0.3678765929691503,-69.62219310681051,7.292113023867705e-05,0.0,0.0,0.7071067811865476,-1.290919434335678e-10,-0.7071067811865475,-1.2909194363050054e-10,6381151.815923223,-4.076280671609695,4311.203640968933,0.0006801663105835693,-6.388001397034615e-07,3016.2820924374582,0.0,6.384350125487891e-07,0.0006801663105837914,-2.7836321569747027e-19,5.7622306003122755e-08,3.4005123193154114e-05,-1.6169985617283992e-20,5.762230600312277e-08,3.400512319314718e-05,-2.1710060461519982e-11,328.5188477705524,0.9077344934318293,69976.4671309651,268.55346550520574,0.6896130387500043,-0.31236925240294605,-0.001623815213147555,226.55088105229973,23294.87416031514,9.770974684594792,215.53996485130813,-0.3678321437430124,-69.768812488451,-40.436880570846995,0.06900117321460245,13.058764698728808,0.0,0.0,0.0,-0.2825436279992302,0.0004821302123466127,-0.09124518763762364,0.0,0.0,0.0,0.0,0.0,0.0,0.0,0.0,0.5,0.0,0.0,1.0,0.0,0.0,0.0
17.3,215.31026490337192,-0.3684111900055901,-68.55644859419687,7.292113023867705e-05,0.0,0.0,0.7071067811865476,-1.2984247798841408e-10,-0.7071067811865475,-1.2984247818649186e-10,6381158.724774469,-4.113095264227612,4332.748483392197,0.0006835646328203868,-6.445687125962746e-07,3023.2056327834725,0.0,6.442014626093075e-07,0.0006835646328206089,-2.799812541245362e-19,5.770606569165241e-08,3.3961445654218026e-05,-1.616951821143284e-20,5.770606569165242e-08,3.396144565421098e-05,-2.1878012174203726e-11,328.4913451739865,0.9070881743390616,69914.94884435633,268.5085052936506,0.6878768115514928,-0.30825785931442784,-0.0016304159614674307,225.96157929155882,23157.342918115002,9.77095333697842,215.26335185181966,-0.3683670258607228,-68.70361128236145,-40.25117657156955,0.06887262639671604,12.816286926241546,0.0,0.0,0.0,-0.28124606298063565,0.00048123202030556875,-0.08955092862009903,0.0,0.0,0.0,0.0,0.0,0.0,0.0,0.0,0.5,0.0,0.0,1.0,0.0,0.0,0.0
17.400000000000002,215.03442101759998,-0.36893115451038083,-67.49235859671359,7.292113023867705e-05,0.0,0.0,0.7071067811865476,-1.305930125432604e-10,-0.7071067811865475,-1.3059301274248318e-10,6381165.527298437,-4.149962521198787,4354.265717494189,0.0006869586034929985,-6.503455369469394e-07,3030.0228999946266,0.0,6.499761641276778e-07,0.0006869586034932206,-2.8159925626654525e-19,5.7787534748287095e-08,3.39179686656035e-05,-1.6184761855772834e-20,5.778753474828711e-08,3.391796866559634e-05,-2.2045871184454942e-11,328.46426472952874,0.9064517759447628,69854.37483492983,268.46423520050126,0.6861562526807509,-0.30413039892565413,-0.0016369460723237629,225.37780902635157,23021.680046064615,9.770932317110478,214.9880058260008,-0.36888728608595434,-67.64006264521201,-40.06762219857307,0.0687433855763745,12.575932321655605,0.0,0.0,0.0,-0.27996351799325253,0.00048032897907811993,-0.08787150476179596,0.0,0.0,0.0,0.0,0.0,0.0,0.0,0.0,0.5,0.0,0.0,1.0,0.0,0.0,0.0
17.5,214.7598288137005,-0.36943644523020774,-66.42991634149247,7.292113023867705e-05,0.0,0.0,0.7071067811865476,-1.313435470981067e-10,-0.7071067811865475,-1.3134354729847447e-10,6381172.223150973,-4.18688122261436,4375.7553373067285,0.0006903482218473425,-6.561304218213518e-07,3036.733549981378,0.0,6.557589261697957e-07,0.0006903482218475645,-2.8321727386481007e-19,5.7866706733444165e-08,3.3874690823428594e-05,-1.6183388644161405e-20,5.786670673344418e-08,3.3874690823421316e-05,-2.221363009536238e-11,328.437607804017,0.9058253303700193,69794.74816005188,268.42065746021257,0.684451438478088,-0.29998686122452933,-0.0016434043229179845,224.7995932553048,22887.877563367012,9.77091162604908,214.7139178788682,-0.36939288323918124,-66.57815980533988,-39.886209756950755,0.0686134796547173,12.33767970755379,0.0,0.0,0.0,-0.2786959392706465,0.0004794212906044925,-0.08620676809026451,0.0,0.0,0.0,0.0,0.0,0.0,0.0,0.0,0.5,0.0,0.0,1.0,0.0,0.0,0.0
17.6,214.48646753013722,-0.36992716093999617,-65.36909949548276,7.292113023867705e-05,0.0,0.0,0.7071067811865476,-1.3209408165295298e-10,-0.7071067811865475,-1.3209408185446581e-10,6381178.813007316,-4.223849658925627,4397.217599689726,0.0006937335285530303,-6.619230995680424e-07,3043.3382575328774,0.0,6.615494810841916e-07,0.0006937335285532524,-2.848352897458176e-19,5.794359712748873e-08,3.38316088370899e-05,-1.6185333849454074e-20,5.794359712748874e-08,3.383160883708249e-05,-2.2381282489530108e-11,328.41137171696516,0.9052087746226207,69736.06282396453,268.37776769082654,0.6827622948853678,-0.2958273926626806,-0.001649790177283608,224.22690196001935,22755.909937239667,9.770891261710181,214.44106719648565,-0.36988391606571985,-65.51788044928992,-39.70691130592588,0.06848294322747693,12.101488103976415,0.0,0.0,0.0,-0.27744313158291073,0.00047850919661460297,-0.0845564322672332,0.0,0.0,0.0,0.0,0.0,0.0,0.0,0.0,0.5,0.0,0.0,1.0,0.0,0.0,0.0
17.7,214.21432258157606,-0.37040332968494144,-64.30989388269153,7.292113023867705e-05,0.0,0.0,0.7071067811865476,-1.3284461620779925e-10,-0.7071067811865475,-1.328446164104571e-10,6381185.297030185,-4.260866376110161,4418.652627386873,0.0006971145431396807,-6.677233425728198e-07,3049.837185175158,0.0,6.673476012566744e-07,0.0006971145431399027,-2.8645332980956153e-19,5.801821033804142e-08,3.3788720398490586e-05,-1.6187812198773867e-20,5.801821033804143e-08,3.3788720398483064e-05,-2.254882152365129e-11,328.38555582276587,0.9046020935306069,69678.3173825622,268.33556483692877,0.6810888234242827,-0.291652065073031,-0.0016561027590697645,223.6597318448567,22625.760859051465,9.770871223589621,214.1694391720171,-0.3703604126314393,-64.45921041109361,-39.52970948069806,0.06835180690382216,11.867327036217324,0.0,0.0,0.0,-0.2762049735973996,0.00047759291098314866,-0.08292028435753201,0.0,0.0,0.0,0.0,0.0,0.0,0.0,0.0,0.5,0.0,0.0,1.0,0.0,0.0,0.0
17.8,213.94338521282066,-0.3708649094459336,-63.25229314783175,7.292113023867705e-05,0.0,0.0,0.7071067811865476,-1.3359515076264557e-10,-0.7071067811865475,-1.3359515096644843e-10,6381191.674873639,-4.2979301411724515,4440.0604119379705,0.000700491264460306,-6.735309578581692e-07,3056.229987033022,0.0,6.731530937097291e-07,0.000700491264460528,-2.8807134240020666e-19,5.809053980451358e-08,3.3746024127275e-05,-1.618925872633999e-20,5.8090539804513596e-08,3.374602412726735e-05,-2.2716239765994118e-11,328.3601469077244,0.9040076151908015,69621.80010644824,268.2940517806901,0.6794311314016636,-0.28746087740121,-0.0016623408309676708,223.09810625370696,22497.479987539886,9.770851512751147,213.89902505914688,-0.37082233098867784,-63.402143336158204,-39.354697020261746,0.06822027129010354,11.63520535348346,0.0,0.0,0.0,-0.27498211330702405,0.0004766738354019833,-0.08129838619300854,0.0,0.0,0.0,0.0,0.0,0.0,0.0,0.0,0.5,0.0,0.0,1.0,0.0,0.0,0.0
17.900000000000002,213.67363523276688,-0.37131199742060933,-62.19627578561905,7.292113023867705e-05,0.0,0.0,0.7071067811865476,-1.3434568531749187e-10,-0.7071067811865475,-1.3434568552243974e-10,6381197.9472064255,-4.335039273549544,4461.44120415929,0.0007038637322265258,-6.793456823151593e-07,3062.5173314080266,0.0,6.789656953344245e-07,0.0007038637322267479,-2.896893275761634e-19,5.8160600758784746e-08,3.370351682314683e-05,-1.6183144304391342e-20,5.816060075878476e-08,3.3703516823139067e-05,-2.2883530961797457e-11,328.335156770448,0.9034230025442949,69566.22248585243,268.253223552018,0.6777891154060908,-0.28325398305846133,-0.0016685038685107553,222.54199559381584,22370.98558011973,9.770832127130928,213.62980461524094,-0.3712697683025273,-62.34665773800339,-39.1817471902353,0.06808819646656258,11.405053012761535,0.0,0.0,0.0,-0.2737736651837345,0.0004757509922131958,-0.07969024836382668,0.0,0.0,0.0,0.0,0.0,0.0,0.0,0.0,0.5,0.0,0.0,1.0,0.0,0.0,0.0
18.0,213.40505841384163,-0.3717446204880211,-61.14182823986479,7.292113023867705e-05,0.0,0.0,0.7071067811865476,-1.3509621987233813e-10,-0.7071067811865475,-1.3509622007843106e-10,6381204.114187145,-4.37219232713193,4482.795122546364,0.0007072319652956546,-6.85167289573245e-07,3068.699376712553,0.0,6.847851797602158e-07,0.0007072319652958767,-2.9130738878534996e-19,5.8228397424567755e-08,3.3661196234657106e-05,-1.6182086671540636e-20,5.822839742456777e-08,3.366119623464922e-05,-2.305068833067385e-11,328.31058516253296,0.9028481808627162,69511.57566710855,268.2130791056032,0.6761627768434061,-0.27903146191839,-0.001674590994842817,221.99139693058186,22246.260573272786,9.77081306623765,213.36176359176415,-0.3717027514700919,-61.29274006983093,-39.01084075253148,0.06795560657398095,11.17683967995996,0.0,0.0,0.0,-0.2725794948057139,0.0004748245500950802,-0.07809565891732917,0.0,0.0,0.0,0.0,0.0,0.0,0.0,0.0,0.5,0.0,0.0,1.0,0.0,0.0,0.0
18.1,213.1376461544272,-0.37216273584639203,-60.08894458183032,7.292113023867705e-05,0.0,0.0,0.7071067811865476,-1.3584675442718445e-10,-0.7071067811865475,-1.3584675463442238e-10,6381210.175468011,-4.4093880559519265,4504.122156085512,0.000710595962118135,-6.909955846291707e-07,3074.7757752261437,0.0,6.906113519838469e-07,0.000710595962118357,-2.929253795912453e-19,5.82939231177517e-08,3.3619061005782834e-05,-1.6190585777659418e-20,5.829392311775171e-08,3.3619061005774825e-05,-2.3217704405578087e-11,328.2864334660544,0.902283182477964,69457.86272392701,268.1736206994434,0.6745521934973144,-0.2747933222373883,-0.0016806009601483122,221.44633391267098,22123.297998824826,9.770794331140873,213.0948933962016,-0.37212123775867245,-60.24038440310486,-38.84197099083032,0.06782252744213571,10.950545138581463,0.0,0.0,0.0,-0.2713995552441838,0.00047389468952740705,-0.07651447659527838,0.0,0.0,0.0,0.0,0.0,0.0,0.0,0.0,0.5,0.0,0.0,1.0,0.0,0.0,0.0
18.2,212.8713788286755,-0.37256643913294196,-59.037604125030455,7.292113023867705e-05,0.0,0.0,0.7071067811865476,-1.3659728898203072e-10,-0.7071067811865475,-1.3659728919041367e-10,6381216.131711338,-4.446624808317851,4525.422549610832,0.0007139557614574034,-6.968303088982341e-07,3080.7471888232976,0.0,6.964439534206156e-07,0.0007139557614576254,-2.9454339483238923e-19,5.835719282432357e-08,3.3577108025702255e-05,-1.6181951039502978e-20,5.835719282432358e-08,3.357710802569411e-05,-2.3384573092225027e-11,328.2626990502778,0.9017279458473292,69405.07780560081,268.1348440355137,0.6729572925616212,-0.27053972450144453,-0.0016865332535256766,220.90677732138738,22002.074254376796,9.770775919796783,212.82917435198743,-0.3725253227700533,-59.18957006939027,-38.675111927720984,0.06768898895142561,10.726131092488773,0.0,0.0,0.0,-0.27023366498781587,0.00047296161929275655,-0.07494643381200967,0.0,0.0,0.0,0.0,0.0,0.0,0.0,0.0,0.5,0.0,0.0,1.0,0.0,0.0,0.0
18.3,212.6062425667744,-0.3729557560605801,-57.987793933080795,7.292113023867705e-05,0.0,0.0,0.7071067811865476,-1.3734782353687701e-10,-0.7071067811865475,-1.3734782374640502e-10,6381221.9830716085,-4.483901146033116,4546.696417369697,0.0007173113814985501,-7.026712372532207e-07,3086.613771798089,0.0,7.022827589433078e-07,0.0007173113814987721,-2.9616146040822194e-19,5.841821058416974e-08,3.353533509960126e-05,-1.6175214078280725e-20,5.841821058416975e-08,3.353533509959299e-05,-2.3551287672009593e-11,328.2393813019345,0.901182456624172,69353.21954823175,268.09674811187216,0.6713780767630056,-0.2662707568497145,-0.0016923869997083035,220.37272453637163,21882.57446698445,9.770757831726918,212.56459256883753,-0.3729150322325798,-58.140284141087406,-38.51024762932863,0.06755501789259777,10.503568836366846,0.0,0.0,0.0,-0.26908171270223563,0.00047202552658546186,-0.07339132999557633,0.0,0.0,0.0,0.0,0.0,0.0,0.0,0.0,0.5,0.0,0.0,1.0,0.0,0.0,0.0
18.400000000000002,212.3422289258608,-0.37333064302799174,-56.93950851275822,7.292113023867705e-05,0.0,0.0,0.7071067811865476,-1.3809835809172333e-10,-0.7071067811865475,-1.3809835830239633e-10,6381227.72919913,-4.521215810272342,4567.943745733479,0.0007206628202798025,-7.085181726828086e-07,3092.37517452954,0.0,7.08127571540601e-07,0.0007206628202800245,-2.9777942126619975e-19,5.847696958689233e-08,3.3493740896596054e-05,-1.618457483154288e-20,5.847696958689234e-08,3.349374089658766e-05,-2.3717840642457563e-11,328.21648161065366,0.900646747317105,69302.29104233008,268.0593351988581,0.6698146244095452,-0.26198643718901876,-0.0016981609385479544,219.84419946795953,21764.792137237997,9.770740068006834,212.30113961317088,-0.3732903226116123,-57.09252112470383,-38.34737182372611,0.06742063860798442,10.282838570040374,0.0,0.0,0.0,-0.2679436545637597,0.0004710865814921064,-0.07184902679669704,0.0,0.0,0.0,0.0,0.0,0.0,0.0,0.0,0.5,0.0,0.0,1.0,0.0,0.0,0.0
18.5,212.0793188401668,-0.3736911941288507,-55.89272798740966,7.292113023867705e-05,0.0,0.0,0.7071067811865476,-1.388488926465696e-10,-0.7071067811865475,-1.3884889285838763e-10,6381233.370749848,-4.558567178100644,4589.164773615566,0.0007240101156262194,-7.143708611082238e-07,3098.032052523146,0.0,7.139781371337214e-07,0.0007240101156264414,-2.993974325591298e-19,5.85334845753731e-08,3.345232239450715e-05,-1.6176040260137757e-20,5.853348457537311e-08,3.345232239449863e-05,-2.3884226067983906e-11,328.19399737101537,0.9001207569756257,69252.28649348822,268.022601039805,0.6682668630922965,-0.2576869331745038,-0.0017038545748819342,219.32117321868427,21648.704552875388,9.770722626612551,212.03879636925717,-0.373651287962541,-56.046261160919734,-38.18645942852284,0.06728587873205076,10.063903230638962,0.0,0.0,0.0,-0.2668193153148128,0.000470144977102314,-0.07031926524688266,0.0,0.0,0.0,0.0,0.0,0.0,0.0,0.0,0.5,0.0,0.0,1.0,0.0,0.0,0.0
18.6,211.81749879764124,-0.3740374339099234,-54.84744004045499,7.292113023867705e-05,0.0,0.0,0.7071067811865476,-1.395994272014159e-10,-0.7071067811865475,-1.3959942741437897e-10,6381238.90787412,-4.595953819234346,4610.359611015171,0.0007273532850507457,-7.202290786452739e-07,3103.5845559556037,0.0,7.198342318384769e-07,0.0007273532850509678,-3.0101546848737377e-19,5.858775940565838e-08,3.3411077455142766e-05,-1.617363415097424e-20,5.858775940565839e-08,3.341107745513411e-05,-2.4050437290990104e-11,328.17191957755233,0.8996057889279935,69203.36801726921,267.98654502550494,0.6667348130071791,-0.253372341417525,-0.0017094670372652027,218.80364343374637,21534.32903663429,9.770705507078459,211.7775493050139,-0.37399795284495674,-55.001491941361785,-38.02755084465898,0.06715086155088608,9.846749332218124,0.0,0.0,0.0,-0.26570897724789766,0.0004692015748499651,-0.06880195111612268,0.0,0.0,0.0,0.0,0.0,0.0,0.0,0.0,0.5,0.0,0.0,1.0,0.0,0.0,0.0
18.7,211.55676051935157,-0.3743693179534856,-53.80363962315367,7.292113023867705e-05,0.0,0.0,0.7071067811865476,-1.403499617562622e-10,-0.7071067811865475,-1.4034996197037026e-10,6381244.340220296,-4.633374462104859,4631.528241627261,0.0007306923261697479,-7.260926262922459e-07,3109.032333239913,0.0,7.256956566531544e-07,0.00073069232616997,-3.026334687799656e-19,5.86397871384206e-08,3.337000477356485e-05,-1.6178703904124763e-20,5.863978713842061e-08,3.337000477355606e-05,-2.4216466773770168e-11,328.15025366557273,0.8991012432906422,69155.46023479522,267.9511692633091,0.6652185445464144,-0.24904268979882963,-0.001714997057559265,218.29163423947045,21421.64402637436,9.770688710486283,211.5173901509273,-0.37433027290537313,-53.958208416567516,-37.870612981554224,0.06701556236197902,9.631349761901964,0.0,0.0,0.0,-0.2646124091500105,0.0004682562021318056,-0.06729689495928154,0.0,0.0,0.0,0.0,0.0,0.0,0.0,0.0,0.5,0.0,0.0,1.0,0.0,0.0,0.0
18.8,211.29708549443396,-0.37468693882653675,-52.76130765971754,7.292113023867705e-05,0.0,0.0,0.7071067811865476,-1.4110049631110846e-10,-0.7071067811865475,-1.4110049652636158e-10,6381249.668438002,-4.670827512419612,4652.670898505975,0.0007340272758797089,-7.319612544580061e-07,3114.376033573101,0.0,7.315621619866199e-07,0.0007340272758799309,-3.0425148519111167e-19,5.868958227608354e-08,3.33291014154045e-05,-1.6168466503742797e-20,5.868958227608355e-08,3.3329101415395584e-05,-2.4382308738025637e-11,328.1290016695711,0.8986063367352314,69108.4677055841,267.91646933664776,0.6637179761524926,-0.24469815321413976,-0.001720444158616168,217.7851170056506,21310.610299111453,9.770672234831697,211.25830034687095,-0.37464834066969804,-52.916391527401125,-37.71559096912229,0.06687995259068327,9.417660594583383,0.0,0.0,0.0,-0.2635292276287376,0.00046730865928890715,-0.06580378985953121,0.0,0.0,0.0,0.0,0.0,0.0,0.0,0.0,0.5,0.0,0.0,1.0,0.0,0.0,0.0
18.900000000000002,211.03846056859842,-0.37499031990970005,-51.720432453370904,7.292113023867705e-05,0.0,0.0,0.7071067811865476,-1.4185103086595477e-10,-0.7071067811865475,-1.4185103108235293e-10,6381254.892673479,-4.708311547807844,4673.7876874023605,0.0007373581510215045,-7.378347405010808e-07,3119.6158030191436,0.0,7.374335251974003e-07,0.0007373581510217265,-3.058694919208963e-19,5.87371484908535e-08,3.32883652990798e-05,-1.618438115801661e-20,5.8737148490853514e-08,3.3288365299070754e-05,-2.4547956586741385e-11,328.1081630086482,0.8981210557340529,69062.38914514847,267.8824442970379,0.6622331111793545,-0.24033883693288946,-0.001725807475176106,217.2840895925599,21201.21430433207,9.77065607966194,211.00026671891558,-0.3749521795287693,-51.876029584743215,-37.56247017346458,0.06674405541528063,9.205654723570829,0.0,0.0,0.0,-0.26245933043299674,0.00046635910827431195,-0.06432244641494787,0.0,0.0,0.0,0.0,0.0,0.0,0.0,0.0,0.5,0.0,0.0,1.0,0.0,0.0,0.0
19.0,210.78087763201876,-0.37527941595197084,-50.68100940882279,7.292113023867705e-05,0.0,0.0,0.7071067811865476,-1.4260156542080104e-10,-0.7071067811865475,-1.4260156563834422e-10,6381260.012573055,-4.745825284072236,4694.878589273522,0.0007406849487799922,-7.437128834470446e-07,3124.7512879654146,0.0,7.433095453110692e-07,0.0007406849487802143,-3.0748751486346145e-19,5.878247871189822e-08,3.324779514640516e-05,-1.6176790090312027e-20,5.8782478711898234e-08,3.324779514639598e-05,-2.4713402747490572e-11,328.08773908912804,0.8976454330369233,69017.22766315965,267.8490964407034,0.6607640285544039,-0.23596477911421368,-0.0017310857336170773,216.7885762943185,21093.45044527603,9.770640246065092,210.7432811667473,-0.3752417442933459,-50.83711799214769,-37.41124516442088,0.06660789225998608,8.995313125902841,0.0,0.0,0.0,-0.261402679620762,0.00046540769878491425,-0.0628527317068575,0.0,0.0,0.0,0.0,0.0,0.0,0.0,0.0,0.5,0.0,0.0,1.0,0.0,0.0,0.0
19.1,210.52431872355942,-0.3755543180105454,-49.64302024218299,7.292113023867705e-05,0.0,0.0,0.7071067811865476,-1.4335209997564734e-10,-0.7071067811865475,-1.4335210019433556e-10,6381265.0287801,-4.783367155448047,4715.9438313758055,0.0007440077051328784,-7.495954381741235e-07,3129.7831313610077,0.0,7.491899772058535e-07,0.0007440077051331004,-3.0910551960734914e-19,5.882558720382174e-08,3.3207388109990945e-05,-1.6177596846946904e-20,5.8825587203821754e-08,3.320738810998163e-05,-2.4878641598209613e-11,328.06772735399016,0.8971794090971427,68972.97760551989,267.8164215925811,0.6593106562046407,-0.23157616194055147,-0.0017362784771752656,216.29854869299504,20987.297711309304,9.770624732056284,210.48732568061385,-0.37551712597676257,-49.79963848173101,-37.26189256796631,0.06647148650935107,8.786601094939913,0.0,0.0,0.0,-0.26035911187128036,0.00046445459421501925,-0.06139440323040552,0.0,0.0,0.0,0.0,0.0,0.0,0.0,0.0,0.5,0.0,0.0,1.0,0.0,0.0,0.0
19.200000000000003,210.26877104669146,-0.3758150482999037,-48.606453876480145,7.292113023867705e-05,0.0,0.0,0.7071067811865476,-1.4410263453049363e-10,-0.7071067811865475,-1.4410263475032688e-10,6381269.941436738,-4.820935747477436,4736.983515212102,0.0007473264362490444,-7.55482183283268e-07,3134.7114751469344,0.0,7.550745994827034e-07,0.0007473264362492664,-3.107235579005707e-19,5.886647745501743e-08,3.316714216485308e-05,-1.6168477433591953e-20,5.8866477455017446e-08,3.316714216484362e-05,-2.5043666602278413e-11,328.04812723873243,0.8967229707688508,68929.63772399916,267.78441883096076,0.6578729975638209,-0.22717309950195066,-0.0017413848492643116,215.8140048117426,20882.743162730374,9.770609537195613,210.232387444691,-0.3757783468011036,-48.76357998365457,-37.11439834010194,0.0663348595960073,8.579492247428828,0.0,0.0,0.0,-0.2593285290552609,0.0004634999443203308,-0.059947276638531145,0.0,0.0,0.0,0.0,0.0,0.0,0.0,0.0,0.5,0.0,0.0,1.0,0.0,0.0,0.0
19.3,210.014226665871,-0.37606156071888924,-47.57130617883993,7.292113023867705e-05,0.0,0.0,0.7071067811865476,-1.448531690853399e-10,-0.7071067811865475,-1.448531693063182e-10,6381274.750187212,-4.858529763448831,4757.997618940187,0.0007506411388721911,-7.613729158450181e-07,3139.5359636337184,0.0,7.609632092121589e-07,0.0007506411388724132,-3.123415694730309e-19,5.8905142260406214e-08,3.312705606036505e-05,-1.6184958621257724e-20,5.890514226040623e-08,3.312705606035546e-05,-2.520847015355381e-11,328.0289401579385,0.8962761509942117,68887.21114653263,267.75309046555265,0.6564511316359435,-0.22275564051843108,-0.0017464035734437412,215.33496906185277,20779.78162103208,9.770594662577693,209.97845853299768,-0.37602536072446285,-47.728938363475145,-36.96875743038344,0.06619803151328114,8.37396789359205,0.0,0.0,0.0,-0.25831089588385747,0.00046254388879973015,-0.058511221340608245,0.0,0.0,0.0,0.0,0.0,0.0,0.0,0.0,0.5,0.0,0.0,1.0,0.0,0.0,0.0
19.400000000000002,209.7606681645149,-0.3762939448317664,-46.537559648303045,7.292113023867705e-05,0.0,0.0,0.7071067811865476,-1.456037036401862e-10,-0.7071067811865475,-1.4560370386230952e-10,6381279.455668698,-4.896147666010844,4778.986364080078,0.0007539518480710433,-7.67267395188692e-07,3144.2572335746763,0.0,7.668555657235382e-07,0.0007539518480712653,-3.1395959746048595e-19,5.894159564954613e-08,3.308712703528578e-05,-1.6176363735573125e-20,5.894159564954614e-08,3.308712703527605e-05,-2.537304678529252e-11,328.0101635792287,0.8958388908003471,68845.69227350825,267.7224323615265,0.6550449862714438,-0.21832397447776353,-0.0017513342157865449,214.86141318180154,20678.39286024619,9.77058010623693,209.72552148092691,-0.3762582572645093,-46.69569613562878,-36.82494724135522,0.06606102360711179,8.169994411760513,0.0,0.0,0.0,-0.2573060544624204,0.0004615865768031769,-0.05708600241276969,0.0,0.0,0.0,0.0,0.0,0.0,0.0,0.0,0.5,0.0,0.0,1.0,0.0,0.0,0.0
19.5,209.50808310385514,-0.3765122216868721,-45.50520382770245,7.292113023867705e-05,0.0,0.0,0.7071067811865476,-1.4635423819503248e-10,-0.7071067811865475,-1.4635423841830084e-10,6381284.058019202,-4.9337880486185455,4799.9498478865025,0.00075725857934256,-7.731654011573725e-07,3148.8754227990285,0.0,7.727514488599239e-07,0.000757258579342782,-3.155775902130646e-19,5.897584092699053e-08,3.304735312121703e-05,-1.6180171177428756e-20,5.897584092699054e-08,3.3047353121207165e-05,-2.5537390021583616e-11,327.99179695445343,0.89541117742221,68805.07989285508,267.6924436238726,0.6536545648231986,-0.21387822442722998,-0.0017561759309834932,214.39333530384218,20578.56452742935,9.770565867746265,209.47356383071198,-0.3764770574745712,-45.66384284958424,-36.68295429025875,0.0659238556013935,7.96754610729289,0.0,0.0,0.0,-0.25631391058320047,0.0004606281461469554,-0.05567144031947575,0.0,0.0,0.0,0.0,0.0,0.0,0.0,0.0,0.5,0.0,0.0,1.0,0.0,0.0,0.0
19.6,209.25646372780625,-0.37671634431602674,-44.474235055547474,7.292113023867705e-05,0.0,0.0,0.7071067811865476,-1.4710477274987878e-10,-0.7071067811865475,-1.4710477297429218e-10,6381288.556880822,-4.971449602160605,4820.888045656454,0.0007605613289796374,-7.790667288842482e-07,3153.3901734693595,0.0,7.786506537545052e-07,0.0007605613289798594,-3.171956253245762e-19,5.900787075084756e-08,3.3007733095898335e-05,-1.618101994000428e-20,5.900787075084757e-08,3.300773309588833e-05,-2.5701492223609468e-11,327.97383373967455,0.8949942864119288,68765.53111702124,267.6631269223904,0.6522799620522837,-0.20941844990531627,-0.0017609274425908956,213.93075990348476,20480.320276798615,9.770551948207046,209.2225778358375,-0.37668171444316534,-44.63337484188751,-36.54282461327027,0.06578663739268126,7.766615379531536,0.0,0.0,0.0,-0.2553347859136475,0.0004596693647085805,-0.05426748195283685,0.0,0.0,0.0,0.0,0.0,0.0,0.0,0.0,0.5,0.0,0.0,1.0,0.0,0.0,0.0
19.700000000000003,209.0057931591614,-0.3769064008074339,-43.44463660484274,7.292113023867705e-05,0.0,0.0,0.7071067811865476,-1.4785530730472505e-10,-0.7071067811865475,-1.478553075302835e-10,6381292.952884604,-5.009130817584492,4841.801173235077,0.0007638601311518097,-7.849711421314685e-07,3157.802116212125,0.0,7.84552944169431e-07,0.0007638601311520317,-3.188136683815865e-19,5.903769891816811e-08,3.2968264283406656e-05,-1.6175755319212973e-20,5.903769891816812e-08,3.296826428339651e-05,-2.58653480795986e-11,327.9562769927382,0.8945872914050848,68726.93283857193,267.6344779202178,0.6509210944258783,-0.20494484769402307,-0.001765588342042406,213.47365881901825,20383.62049505361,9.77053834567276,208.9725465716143,-0.37687231620919986,-43.604275400360876,-36.40450052663286,0.06564932420611497,7.56716149223906,0.0,0.0,0.0,-0.2543682774014555,0.00045870991963376564,-0.0528738426775364,0.0,0.0,0.0,0.0,0.0,0.0,0.0,0.0,0.5,0.0,0.0,1.0,0.0,0.0,0.0
19.8,208.75605931691365,-0.3770824110432875,-42.4163986382255,7.292113023867705e-05,0.0,0.0,0.7071067811865476,-1.4860584185957134e-10,-0.7071067811865475,-1.4860584208627482e-10,6381297.24616443,-5.046830296258204,4862.68932362894,0.0007671550006841851,-7.908784219839659e-07,3162.1113847345114,0.0,7.904581011896336e-07,0.0007671550006844071,-3.204316677339473e-19,5.9065328549760374e-08,3.2928944771918075e-05,-1.6176180798082772e-20,5.906532854976039e-08,3.292894477190779e-05,-2.6028951174762143e-11,327.9391288243825,0.894189767938889,68689.23281478701,267.6064956343048,0.6495779597885163,-0.20045754990603135,-0.0017701577980140826,213.0220302365658,20288.443939980956,9.77052505972919,208.72345793828617,-0.3770488826572429,-42.5765346938066,-36.26795222134364,0.06551190375971504,7.36915577083797,0.0,0.0,0.0,-0.2534141767629068,0.0004577497251049349,-0.051490322136399445,0.0,0.0,0.0,0.0,0.0,0.0,0.0,0.0,0.5,0.0,0.0,1.0,0.0,0.0,0.0
19.900000000000002,208.50725462961174,-0.37724432717151357,-41.38951797455589,7.292113023867705e-05,0.0,0.0,0.7071067811865476,-1.4935637641441763e-10,-0.7071067811865475,-1.4935637664226616e-10,6381301.436360199,-5.084546716785114,4883.552469212788,0.0007704459334092036,-7.967883616552573e-07,3166.31761899963,0.0,7.963659180286305e-07,0.0007704459334094256,-3.22049718208829e-19,5.9090752164209225e-08,3.288977336834499e-05,-1.618590129114993e-20,5.909075216420924e-08,3.288977336833455e-05,-2.6192293839154874e-11,327.9223906673271,0.8938017492261967,68652.43419548163,267.579182402555,0.6482506367995748,-0.19595662712801457,-0.0017746345370142596,212.57589864069666,20194.78623699592,9.7705120914846,208.47530437393604,-0.37721136598931965,-41.550149538746396,-36.133175360424424,0.06537439321274016,7.172580146780552,0.0,0.0,0.0,-0.25247245369433957,0.0004567889010185574,-0.05011679407950383,0.0,0.0,0.0,0.0,0.0,0.0,0.0,0.0,0.5,0.0,0.0,1.0,0.0,0.0,0.0
20.0,208.25936275424925,-0.3773922358211263,-40.36397865183531,7.292113023867705e-05,0.0,0.0,0.7071067811865476,-1.5010691096926387e-10,-0.7071067811865475,-1.5010691119825745e-10,6381305.524096879,-5.122278598297087,4904.3908202183575,0.0007737329626070004,-8.027007293220772e-07,3170.4214435604713,0.0,8.022761628631559e-07,0.0007737329626072224,-3.2366774230947863e-19,5.9113983328827634e-08,3.285074748125244e-05,-1.617299924951552e-20,5.911398332882765e-08,3.2850747481241866e-05,-2.6355370915702802e-11,327.9060600362453,0.8934231776529447,68616.53151669772,267.55253416942634,0.6469390526713197,-0.1914422833932827,-0.0017790181784184066,212.13523591236185,20102.62865801146,9.77049943901137,208.22806948856606,-0.3773598527824814,-40.52510398745444,-36.00014882456553,0.0652368100354645,6.977403075230882,0.0,0.0,0.0,-0.2515429606293172,0.0004558275694442531,-0.04875303809438794,0.0,0.0,0.0,0.0,0.0,0.0,0.0,0.0,0.5,0.0,0.0,1.0,0.0,0.0,0.0
20.1,208.01237196758035,-0.37752615570817644,-39.33977145250521,7.292113023867705e-05,0.0,0.0,0.7071067811865476,-1.5085744552411017e-10,-0.7071067811865475,-1.508574457542488e-10,6381309.509504234,-5.160024550075033,4925.2044654040565,0.0007770161024308992,-8.086153073109271e-07,3174.4229880077764,0.0,8.081886180197113e-07,0.0007770161024311213,-3.2528579178307864e-19,5.913502498057021e-08,3.281186525537945e-05,-1.6176817462764906e-20,5.913502498057022e-08,3.281186525536874e-05,-2.651817605156803e-11,327.89013641544784,0.893054041264584,68581.523644699,267.5265500934198,0.6456432100988766,-0.18691465995715026,-0.001783307907687488,211.7000402350283,20011.959972521847,9.77048710190813,207.98174154038452,-0.3774943617525298,-39.50138882809224,-35.86886019392232,0.06509917064335011,6.783600172160375,0.0,0.0,0.0,-0.2506256107869625,0.00045486584508137916,-0.04739888380312438,0.0,0.0,0.0,0.0,0.0,0.0,0.0,0.0,0.5,0.0,0.0,1.0,0.0,0.0,0.0
20.200000000000003,207.76627488796393,-0.3776460380798244,-38.31689368474374,7.292113023867705e-05,0.0,0.0,0.7071067811865476,-1.5160798007895646e-10,-0.7071067811865475,-1.5160798031024014e-10,6381313.392219904,-5.19778323855152,4945.993374160923,0.0007802953482432341,-8.14531886933337e-07,3178.32189003968,0.0,8.141030748098264e-07,0.0007802953482434562,-3.269038149772778e-19,5.91538694959552e-08,3.277312552761831e-05,-1.6186099593508936e-20,5.915386949595521e-08,3.2773125527607446e-05,-2.6680701547410348e-11,327.8746212466673,0.892694373482911,68547.41374911598,267.5012325271468,0.6443631873046736,-0.18237383865343446,-0.0017875024573646868,211.27033604510225,19922.7761787278,9.770475081290234,207.73631315720493,-0.37761484419808283,-38.479001366143756,-35.73930545050769,0.06496149078948385,6.591153632532943,0.0,0.0,0.0,-0.24972037609249226,0.0004539038380010946,-0.046054206797019374,0.0,0.0,0.0,0.0,0.0,0.0,0.0,0.0,0.5,0.0,0.0,1.0,0.0,0.0,0.0
20.3,207.52105570141808,-0.3777519681227663,-37.29533014258192,7.292113023867705e-05,0.0,0.0,0.7071067811865476,-1.5235851463380273e-10,-0.7071067811865475,-1.5235851486623146e-10,6381317.172862838,-5.2355532109283205,4966.757751168742,0.0007835707324445262,-8.204502407623861e-07,3182.1187681999677,0.0,8.200193058065809e-07,0.0007835707324447482,-3.2852180332608314e-19,5.9170530215123595e-08,3.27345257901925e-05,-1.6183757032901538e-20,5.917053021512361e-08,3.27345257901815e-05,-2.6842942400960806e-11,327.85951206849,0.8923441172482021,68514.19641856263,267.47657745408594,0.6430989109282069,-0.1778200306900397,-0.0017916014773900072,210.84609520867585,19835.059239072565,9.770463375248776,207.49176847849574,-0.37772138525123683,-37.457926409400045,-35.61146414460067,0.06482378607161753,6.400032870874147,0.0,0.0,0.0,-0.2488271136580707,0.0004529416571891896,-0.04471879336693438,0.0,0.0,0.0,0.0,0.0,0.0,0.0,0.0,0.5,0.0,0.0,1.0,0.0,0.0,0.0
20.400000000000002,207.27670304245797,-0.3778439633869098,-36.27507222826551,7.292113023867705e-05,0.0,0.0,0.7071067811865476,-1.5310904918864902e-10,-0.7071067811865475,-1.5310904942222278e-10,6381320.8515586825,-5.27333308439926,4987.497680937766,0.0007868422685163831,-8.263701523658712e-07,3185.8137479592115,0.0,8.259370945777714e-07,0.0007868422685166052,-3.301398344258029e-19,5.918500989128484e-08,3.269606424439292e-05,-1.6179502693705075e-20,5.918500989128485e-08,3.269606424438177e-05,-2.700489232231847e-11,327.8448083816223,0.8920032609859878,68481.87055534835,267.4525840594926,0.6418503830750548,-0.1732533865088437,-0.0017956041728854019,210.4273158489122,19748.79844156619,9.77045198339523,207.2480961203838,-0.3778140024590192,-36.43815536540732,-35.48532433535977,0.06468607128605212,6.2102140974566264,0.0,0.0,0.0,-0.24794574004974768,0.00045197940603149676,-0.04339247728748842,0.0,0.0,0.0,0.0,0.0,0.0,0.0,0.0,0.5,0.0,0.0,1.0,0.0,0.0,0.0
20.5,207.033209256482,-0.3779219772429536,-35.25611708454015,7.292113023867705e-05,0.0,0.0,0.7071067811865476,-1.538595837434953e-10,-0.7071067811865475,-1.5385958397821407e-10,6381324.427950901,-5.311121503473894,5008.2131340881515,0.0007901099520146875,-8.322914096237766e-07,3189.4064728443823,0.0,8.318562290033822e-07,0.0007901099520149095,-3.3175787385778203e-19,5.9197301232772744e-08,3.265773968411115e-05,-1.618829799449399e-20,5.919730123277276e-08,3.2657739684099855e-05,-2.7166543472920116e-11,327.83051160460167,0.891671837580363,68450.43927810954,267.4292546581286,0.6406176796635201,-0.16867399661450685,-0.0017995093050132212,210.01402172224346,19663.99001945893,9.770440906827096,207.00528843809963,-0.3778926492415053,-35.41968537365049,-35.36088209847689,0.06454836107021698,6.021679615938265,0.0,0.0,0.0,-0.24707622784730107,0.00045101718680376853,-0.04207513490946245,0.0,0.0,0.0,0.0,0.0,0.0,0.0,0.0,0.5,0.0,0.0,1.0,0.0,0.0,0.0
20.6,206.79055669509987,-0.3779861083637874,-34.23844693552806,7.292113023867705e-05,0.0,0.0,0.7071067811865476,-1.5461011829834156e-10,-0.7071067811865475,-1.5461011853420541e-10,6381327.902692951,-5.348916993289658,5028.904330923401,0.0007933738177960869,-8.382137816435047e-07,3192.8975959215313,0.0,8.377764781908157e-07,0.000793373817796309,-3.33375904440329e-19,5.920741969210198e-08,3.2619549312545544e-05,-1.618342219282151e-20,5.920741969210199e-08,3.26195493125341e-05,-2.7327890437061583e-11,327.8166191386376,0.8913497867869778,68419.89687343904,267.4065850093019,0.6394007181805855,-0.16408206544924447,-0.0018033166528196136,209.60618176178937,19580.615981553365,9.770430143529202,206.76332773962378,-0.37795742421743184,-34.4024986703431,-35.23811659200941,0.06441067058573352,5.834399097059653,0.0,0.0,0.0,-0.24621843142233416,0.00045005510544443204,-0.04076655431396295,0.0,0.0,0.0,0.0,0.0,0.0,0.0,0.0,0.5,0.0,0.0,1.0,0.0,0.0,0.0
20.700000000000003,206.5487338671903,-0.37803637524523914,-33.22205318876565,7.292113023867705e-05,0.0,0.0,0.7071067811865476,-1.5536065285318785e-10,-0.7071067811865475,-1.5536065309019676e-10,6381331.275913278,-5.386718168072443,5049.571355059571,0.0007966338791987151,-8.441370515277365e-07,3196.2872454682365,0.0,8.436976252427528e-07,0.0007966338791989371,-3.3499395207105057e-19,5.9215368169770856e-08,3.2581491311314256e-05,-1.6173340967851036e-20,5.921536816977087e-08,3.2581491311302655e-05,-2.7488926862393294e-11,327.8031304732662,0.8910370967724206,68390.24221908889,267.3845742800405,0.6381994984087456,-0.1594777497959962,-0.0018070254595132177,209.20379344485508,19498.6660067951,9.770419693104515,206.52220251608165,-0.3780083458777236,-33.3865866676213,-35.11701614035654,0.06427301316533379,5.648349211357658,0.0,0.0,0.0,-0.24537226919420685,0.0004490932551129602,-0.039466572491601945,0.0,0.0,0.0,0.0,0.0,0.0,0.0,0.0,0.5,0.0,0.0,1.0,0.0,0.0,0.0
20.8,206.3077335384489,-0.378072727764992,-32.206933887689836,7.292113023867705e-05,0.0,0.0,0.7071067811865476,-1.5611118740803412e-10,-0.7071067811865475,-1.5611118764618808e-10,6381334.547247477,-5.424523664358597,5070.214170832157,0.0007998901307882547,-8.500610059123266e-07,3199.575057138068,0.0,8.496194567950484e-07,0.0007998901307884768,-3.366119737150993e-19,5.9221138825674034e-08,3.2543564540625913e-05,-1.618032142560036e-20,5.922113882567405e-08,3.254356454061416e-05,-2.764964492589082e-11,327.7900470583565,0.8907338011470957,68361.47850257666,267.36322483623223,0.6370140964553799,-0.15486115297056233,-0.001810634484638821,208.8068807024441,19418.136755684885,9.77040955667493,206.2819055426033,-0.37804536414640577,-32.37194740537605,-34.99757722483449,0.06413540172552845,5.463512587312292,0.0,0.0,0.0,-0.24453771657690568,0.00044813172606057255,-0.03817506806278211,0.0,0.0,0.0,0.0,0.0,0.0,0.0,0.0,0.5,0.0,0.0,1.0,0.0,0.0,0.0
20.900000000000002,206.06754066368015,-0.37809524890573476,-31.193075009291153,7.292113023867705e-05,0.0,0.0,0.7071067811865476,-1.5686172196288039e-10,-0.7071067811865475,-1.5686172220217942e-10,6381337.717305709,-5.462332078770954,5090.832973308115,0.0008031426034410108,-8.559854251087524e-07,3202.7616406893358,0.0,8.555417531591795e-07,0.0008031426034412328,-3.382300297365009e-19,5.9224744652470214e-08,3.250576661438183e-05,-1.6185787539348518e-20,5.922474465247023e-08,3.2505766614369934e-05,-2.7810039858056814e-11,327.77735996564223,0.8904408529280874,68333.72531101666,267.342533000365,0.6358444491622051,-0.1502324985246968,-0.0018141434534021921,208.4154149416581,19339.03335870754,9.770399732358955,206.04242172848203,-0.37806856194671956,-31.35856687321075,-34.879820080242055,0.06399792078432404,5.279866393930624,0.0,0.0,0.0,-0.2437149149565462,0.000447171108837872,-0.03689188150106417,0.0,0.0,0.0,0.0,0.0,0.0,0.0,0.0,0.5,0.0,0.0,1.0,0.0,0.0,0.0
21.0,205.8281442438713,-0.3781039549521329,-30.180468793399857,7.292113023867705e-05,0.0,0.0,0.7071067811865476,-1.5761225651772665e-10,-0.7071067811865475,-1.5761225675817074e-10,6381340.786209655,-5.500142036413896,5111.427840437357,0.0008063913096001281,-8.619100939254916e-07,3205.84711763449,0.0,8.614642991436242e-07,0.0008063913096003502,-3.398480684842748e-19,5.9226188203143817e-08,3.246809579191694e-05,-1.61770989512332e-20,5.922618820314383e-08,3.2468095791904893e-05,-2.7970105402085417e-11,327.76507445097616,0.8901573499885607,68306.87130830153,267.32249773449894,0.6346905447375367,-0.14559195317014914,-0.0018175516281468843,208.02939364922935,19261.326493858694,9.770390219780564,205.80374005687602,-0.3780779555555957,-30.34643731523262,-34.76369837694283,0.06386051768271,5.097382177071873,0.0,0.0,0.0,-0.2429035406151914,0.00044621103550184014,-0.03561681398952516,0.0,0.0,0.0,0.0,0.0,0.0,0.0,0.0,0.5,0.0,0.0,1.0,0.0,0.0,0.0
21.1,205.5895370652204,-0.3780987958772129,-29.16911355856125,7.292113023867705e-05,0.0,0.0,0.7071067811865476,-1.5836279107257295e-10,-0.7071067811865475,-1.5836279131416208e-10,6381343.753595407,-5.537952158251422,5131.998734902267,0.0008096362435708352,-8.678347965621735e-07,3208.8311241210126,0.0,8.673868789480113e-07,0.0008096362435710573,-3.414661158558542e-19,5.922546165151698e-08,3.2430550936698504e-05,-1.6181239206301478e-20,5.922546165151699e-08,3.24305509366863e-05,-2.812983366539456e-11,327.753192963574,0.8898831704612027,68280.90043905975,267.3031213578913,0.6335524557582568,-0.14093963071579774,-0.0018208577911962714,207.64884032688812,19185.009735989028,9.770381020060247,205.56585332341035,-0.37807349498985454,-29.335557046031226,-34.64920269484627,0.06372319284278004,4.916041800426828,0.0,0.0,0.0,-0.24210352773207272,0.0004452515090017619,-0.03434973880477471,0.0,0.0,0.0,0.0,0.0,0.0,0.0,0.0,0.5,0.0,0.0,1.0,0.0,0.0,0.0
21.200000000000003,205.35170442129288,-0.3780798542878068,-28.158995781416394,7.292113023867705e-05,0.0,0.0,0.7071067811865476,-1.5911332562741922e-10,-0.7071067811865475,-1.591133258701534e-10,6381346.620070103,-5.57576106511687,5152.545847861184,0.0008128774356089484,-8.737593171205571e-07,3211.71426689066,0.0,8.733092766741002e-07,0.0008128774356091704,-3.4308413743327883e-19,5.9222577930332676e-08,3.239312971625026e-05,-1.617462718705426e-20,5.922257793033269e-08,3.239312971623791e-05,-2.8289219989819926e-11,327.7417130875579,0.8896182585967487,68255.80742260219,267.2843999307193,0.6324301048450235,-0.13627576032788316,-0.001824061712902525,207.2737260103159,19110.066883824253,9.770372131325985,205.32874677663764,-0.3780552627945567,-28.32591255433192,-34.53631426861625,0.06358595663004933,4.735817295442316,0.0,0.0,0.0,-0.24131474518861543,0.0004442926017643484,-0.033090460522824314,0.0,0.0,0.0,0.0,0.0,0.0,0.0,0.0,0.5,0.0,0.0,1.0,0.0,0.0,0.0
21.3,205.11463549187985,-0.3780471463289701,-27.15010808738981,7.292113023867705e-05,0.0,0.0,0.7071067811865476,-1.5986386018226548e-10,-0.7071067811865475,-1.5986386042614475e-10,6381349.385754163,-5.6135673864137985,5173.06925449597,0.0008161148977191901,-8.796834410828809e-07,3214.496666194871,0.0,8.792312778041294e-07,0.0008161148977194121,-3.447022108124305e-19,5.921753956965801e-08,3.235583041821281e-05,-1.6185419355353273e-20,5.921753956965802e-08,3.23558304182003e-05,-2.844825813920071e-11,327.73063434412006,0.8893626033461334,68231.59121233776,267.26633267214106,0.6313234897299769,-0.13160051664862646,-0.0018271626909428372,206.90404776554888,19036.488569386096,9.770363553205755,205.09240957874968,-0.3780232751045978,-27.31749646937664,-34.42502227335182,0.06344881924950257,4.55668642752362,0.0,0.0,0.0,-0.24053711734825337,0.0004433343850946401,-0.03183882378443337,0.0,0.0,0.0,0.0,0.0,0.0,0.0,0.0,0.5,0.0,0.0,1.0,0.0,0.0,0.0
21.400000000000002,204.87832308626867,-0.37800062206705237,-26.142449075713905,7.292113023867705e-05,0.0,0.0,0.7071067811865476,-1.6061439473711178e-10,-0.7071067811865475,-1.606143949821361e-10,6381352.050284161,-5.6513697275960535,5193.568915795845,0.0008193486239400273,-8.856069502219999e-07,3217.1779586626217,0.0,8.851526641109538e-07,0.0008193486239402493,-3.463202412607351e-19,5.9210338757039304e-08,3.231865190971374e-05,-1.6172950292468273e-20,5.921033875703932e-08,3.2318651909701085e-05,-2.8606940151270376e-11,327.71995818010333,0.8891162380969837,68208.2549708137,267.2489219416735,0.6302326831881933,-0.12691402391722942,-0.0018301595339942239,206.53982861443583,18964.27203401636,9.7703552868187,204.85683454842703,-0.3779774820275389,-26.310307386040538,-34.3153235655713,0.06331179098945282,4.378632166485671,0.0,0.0,0.0,-0.23977062224661386,0.0004423769308799152,-0.030594709595005664,0.0,0.0,0.0,0.0,0.0,0.0,0.0,0.0,0.5,0.0,0.0,1.0,0.0,0.0,0.0
21.5,204.64275283419877,-0.37794036373504913,-25.136005717101593,7.292113023867705e-05,0.0,0.0,0.7071067811865476,-1.6136492929195802e-10,-0.7071067811865475,-1.613649295381274e-10,6381354.614264226,-5.68916673364528,5214.045019050581,0.0008225786439131681,-8.915296324199124e-07,3219.758748031532,0.0,8.910732234765719e-07,0.0008225786439133902,-3.479382891405344e-19,5.920098836557939e-08,3.2281591911482154e-05,-1.61771756356676e-20,5.9200988365579405e-08,3.2281591911469334e-05,-2.8765261478686508e-11,327.7096821915915,0.8888791073760638,68185.79344348685,267.23216381900085,0.6291576061156186,-0.12221651660941488,-0.0018330520600913069,206.1810391830185,18893.401623171267,9.770347330302217,204.62200727086218,-0.37791796573231484,-25.304332286613803,-34.207199861207016,0.06317488060933402,4.201627334026701,0.0,0.0,0.0,-0.23901513212787742,0.00044142030032475306,-0.029357928052257055,0.0,0.0,0.0,0.0,0.0,0.0,0.0,0.0,0.5,0.0,0.0,1.0,0.0,0.0,0.0
21.6,204.40791409426515,-0.3778663873384053,-24.130771022571587,7.292113023867705e-05,0.0,0.0,0.7071067811865476,-1.6211546384680429e-10,-0.7071067811865475,-1.6211546409411875e-10,6381357.077813523,-5.726957038264215,5234.497636673993,0.0008258049692049488,-8.974512738323264e-07,3222.239153297618,0.0,8.96992742056691e-07,0.0008258049692051708,-3.495563803487549e-19,5.918949090246869e-08,3.2244648739456664e-05,-1.6180026652419147e-20,5.9189490902468705e-08,3.2244648739443694e-05,-2.8923215905636206e-11,327.69980590477564,0.8886512002496607,68164.2055946926,267.2160575314333,0.6280982544511627,-0.11750817709566252,-0.0018358396052588113,205.8276760727744,18823.868373243393,9.770339683288302,204.38791708725125,-0.3778447422117859,-24.29956418548773,-34.100640652265206,0.06303809686768935,4.025650156203489,0.0,0.0,0.0,-0.23827057356979583,0.00044046455462750815,-0.02812832701564588,0.0,0.0,0.0,0.0,0.0,0.0,0.0,0.0,0.5,0.0,0.0,1.0,0.0,0.0,0.0
21.700000000000003,204.17379970143136,-0.37777864303477426,-23.12674387762211,7.292113023867705e-05,0.0,0.0,0.7071067811865476,-1.6286599840165058e-10,-0.7071067811865475,-1.628659986501101e-10,6381359.440569082,-5.76473923145875,5254.926727922086,0.0008290275935807684,-9.033716538147735e-07,3224.618811548067,0.0,9.029109992068437e-07,0.0008290275935809904,-3.5117440292042254e-19,5.917583856857567e-08,3.220782126482713e-05,-1.6166272659036005e-20,5.9175838568575685e-08,3.2207821264814007e-05,-2.9080795400415182e-11,327.6903307646739,0.8884325500632992,68143.49458299018,267.2006054355125,0.6270546990658821,-0.11278913994124147,-0.0018385210080879007,205.47976177514934,18755.669797240018,9.77033234689479,204.15455684189084,-0.377757761662198,-23.29600196341009,-33.99564295541349,0.06290144873162842,3.8506837449560916,0.0,0.0,0.0,-0.23753692572700363,0.0004395097564438465,-0.026905788483643348,0.0,0.0,0.0,0.0,0.0,0.0,0.0,0.0,0.5,0.0,0.0,1.0,0.0,0.0,0.0
21.8,203.940395619024,-0.37767721268533444,-22.12391174145925,7.292113023867705e-05,0.0,0.0,0.7071067811865476,-1.6361653295649682e-10,-0.7071067811865475,-1.6361653320610142e-10,6381361.703132045,-5.802511982296635,5275.332476256115,0.0008322465460746055,-9.092905640194569e-07,3226.8983235340565,0.0,9.088277865792325e-07,0.0008322465460748275,-3.527924602993789e-19,5.916004417771086e-08,3.217110726111101e-05,-1.6174475579510702e-20,5.9160044177710876e-08,3.217110726109772e-05,-2.9237995526070184e-11,327.68125437926153,0.8882231016181474,68123.6551798285,267.1858036303148,0.6260268590259916,-0.10805964459058784,-0.0018410961367217597,205.13726646975428,18688.790766816146,9.770325319268437,203.9219124539944,-0.37765710587841406,-22.29363309067832,-33.89218894467027,0.06276494339103635,3.676701688657481,0.0,0.0,0.0,-0.236814064044455,0.00043855595601147683,-0.025690127910933003,0.0,0.0,0.0,0.0,0.0,0.0,0.0,0.0,0.5,0.0,0.0,1.0,0.0,0.0,0.0
21.900000000000002,203.70769138444194,-0.37756211215592045,-21.12226801069601,7.292113023867705e-05,0.0,0.0,0.7071067811865476,-1.6436706751134312e-10,-0.7071067811865475,-1.6436706776209276e-10,6381363.865620321,-5.840273928779788,5295.714951321845,0.0008354618378144444,-9.152077912752645e-07,3229.0778069961816,0.0,9.147428910027454e-07,0.0008354618378146664,-3.5441050083419103e-19,5.914211021429643e-08,3.213450507253754e-05,-1.6171961768417243e-20,5.914211021429644e-08,3.2134505072524095e-05,-2.939481008716323e-11,327.672576279728,0.8880228440958434,68104.68636046934,267.17165135130233,0.6250147283478342,-0.10331988090163859,-0.0018435643684722794,204.80018625050917,18623.22270826423,9.770318600045249,203.6899734437334,-0.37754279071125796,-21.292450966847717,-33.79026841062895,0.06262858817321476,3.5036826575963556,0.0,0.0,0.0,-0.23610191718621254,0.0004376032045282748,-0.02448119626094401,0.0,0.0,0.0,0.0,0.0,0.0,0.0,0.0,0.5,0.0,0.0,1.0,0.0,0.0,0.0
22.0,203.47567986091175,-0.37743329169346956,-20.121811862675003,7.292113023867705e-05,0.0,0.0,0.7071067811865476,-1.6511760206618938e-10,-0.7071067811865475,-1.6511760231808408e-10,6381365.92767138,-5.878023645528338,5316.0741106020205,0.0008386734622863093,-9.211231125298557e-07,3231.1568994655586,0.0,9.206560894250421e-07,0.0008386734622865314,-3.560285848897722e-19,5.912202889209381e-08,3.209801357476066e-05,-1.6172347398825463e-20,5.9122028892093823e-08,3.2098013574747056e-05,-2.95512309829135e-11,327.66429790932415,0.8878318108011231,68086.59127960821,267.15815095213406,0.6240183758418273,-0.09856999361917915,-0.0018459245753648563,204.4685430282547,18558.963397494324,9.770312190341834,203.45873268358105,-0.37741476644360394,-20.292454764125548,-33.68987851620253,0.06249239071829379,3.33160989618104,0.0,0.0,0.0,-0.23540046532876766,0.00043665155537793513,-0.023278876457739888,0.0,0.0,0.0,0.0,0.0,0.0,0.0,0.0,0.5,0.0,0.0,1.0,0.0,0.0,0.0
22.1,203.24434734276036,-0.37729083278936293,-19.122531239516753,7.292113023867705e-05,0.0,0.0,0.7071067811865476,-1.6586813662103562e-10,-0.7071067811865475,-1.6586813687407542e-10,6381367.889883397,-5.915759825633957,5336.410133769427,0.0008418814479228258,-9.270363231956122e-07,3233.136198723068,0.0,9.26567177258504e-07,0.0008418814479230479,-3.57646652196242e-19,5.9099812966068465e-08,3.20616305936695e-05,-1.6175302890863778e-20,5.909981296606848e-08,3.206163059365574e-05,-2.9707253886553605e-11,327.656416887852,0.8876499468080739,68069.36473454566,267.1452985511739,0.6230377186445964,-0.09381022678025926,-0.001848176677943525,204.14230650101695,18495.998212465995,9.770306088314236,203.2281764241535,-0.3772731144982962,-19.293632435258456,-33.5910018711671,0.06235635668198871,3.1604577373591964,0.0,0.0,0.0,-0.23470958696183336,0.000435701048078499,-0.022082989158552724,0.0,0.0,0.0,0.0,0.0,0.0,0.0,0.0,0.5,0.0,0.0,1.0,0.0,0.0,0.0
22.200000000000003,203.01368354619052,-0.37713475116982503,-18.124419923428704,7.292113023867705e-05,0.0,0.0,0.7071067811865476,-1.6661867117588192e-10,-0.7071067811865475,-1.666186714300668e-10,6381369.752373019,-5.953481111397728,5356.723087701778,0.0008450858054136601,-9.329472107743168e-07,3235.015821256675,0.0,9.324759420049141e-07,0.0008450858054138822,-3.592647544996293e-19,5.907546489777945e-08,3.2025354501776606e-05,-1.6172071759160513e-20,5.9075464897779466e-08,3.202535450176269e-05,-2.98628726232532e-11,327.64893275148876,0.8874772414134295,68053.00571144545,267.1330933920176,0.6220727487241225,-0.08904077745086911,-0.0018503200976477088,203.8214722132438,18434.318955311646,9.770300293602466,202.99829436456906,-0.37711785058411973,-18.295977764980204,-33.49362854695665,0.06222049197465572,2.990205280454715,0.0,0.0,0.0,-0.23402921271178298,0.00043475172392725396,-0.020893388324598805,0.0,0.0,0.0,0.0,0.0,0.0,0.0,0.0,0.5,0.0,0.0,1.0,0.0,0.0,0.0
22.3,202.78368136527868,-0.37696499716905685,-17.127477389176374,7.292113023867705e-05,0.0,0.0,0.7071067811865476,-1.6736920573072819e-10,-0.7071067811865475,-1.673692059860581e-10,6381371.514778144,-5.991186062116228,5377.012928068512,0.0008482865279591542,-9.388555498152064e-07,3236.7954050137973,0.0,9.383821582135089e-07,0.0008482865279593763,-3.6088275398662056e-19,5.9048976913592056e-08,3.1989184179601896e-05,-1.6172610332225885e-20,5.904897691359207e-08,3.1989184179587815e-05,-3.0018079023680384e-11,327.64184694182745,0.887313727883675,68037.51736137996,267.12153782562103,0.6211235326754168,-0.08426180036600807,-0.0018523537433900482,203.5060614455253,18373.92365631507,9.770294807321958,202.76907940803778,-0.37694892506852,-17.299490222544428,-33.397755839203626,0.06208480290312478,2.820835893692104,0.0,0.0,0.0,-0.23335932368245518,0.00043380362699175893,-0.01970995774507944,0.0,0.0,0.0,0.0,0.0,0.0,0.0,0.0,0.5,0.0,0.0,1.0,0.0,0.0,0.0
22.400000000000002,202.55432742276523,-0.3767816519106625,-16.131692056216263,7.292113023867705e-05,0.0,0.0,0.7071067811865476,-1.6811974028557445e-10,-0.7071067811865475,-1.6811974054204945e-10,6381373.17769399,-6.028873394842838,5397.279830793991,0.0008514836433969551,-9.447611394808222e-07,3238.4755448304736,0.0,9.442856250468302e-07,0.0008514836433971771,-3.62500874729938e-19,5.9020361709960955e-08,3.195311750498978e-05,-1.6179404461058954e-20,5.902036170996097e-08,3.195311750497553e-05,-3.0172868871321935e-11,327.63515709039586,0.8871593515634785,68022.89450727963,267.11062798947006,0.6201899856115566,-0.07947354374468452,-0.0018542775902500122,203.19604338099273,18314.7981804363,9.770289627637993,202.54051813396114,-0.37676641900437474,-16.30415823758878,-33.30336677192808,0.06194929362326759,2.6523246339205704,0.0,0.0,0.0,-0.23269980125799986,0.00043285678631023477,-0.01853252313532629,0.0,0.0,0.0,0.0,0.0,0.0,0.0,0.0,0.5,0.0,0.0,1.0,0.0,0.0,0.0
22.5,202.32561161365678,-0.3765847309812558,-15.137058092350106,7.292113023867705e-05,0.0,0.0,0.7071067811865476,-1.688702748404207e-10,-0.7071067811865475,-1.6887027509804077e-10,6381374.741235952,-6.066541756177818,5417.523859987876,0.0008546771619784432,-9.506637679455596e-07,3240.056355937384,0.0,9.50186130679273e-07,0.0008546771619786653,-3.6411890998142582e-19,5.898962172554144e-08,3.1917152878728834e-05,-1.617852777953241e-20,5.898962172554145e-08,3.191715287871442e-05,-3.032723601231212e-11,327.6288627383772,0.8870141018650973,68009.13614625097,267.10036313532464,0.6192720973305325,-0.07467621154326591,-0.0018560911065104335,202.89141297401198,18256.934691997925,9.770284754194583,202.31260042037601,-0.3765703479584272,-15.309975980039512,-33.210451680273856,0.06181396864210811,2.4846510154998054,0.0,0.0,0.0,-0.2320505779074036,0.0004319112333744998,-0.017360941356525165,0.0,0.0,0.0,0.0,0.0,0.0,0.0,0.0,0.5,0.0,0.0,1.0,0.0,0.0,0.0
22.6,202.09752686546656,-0.3763741848002821,-14.143575275344944,7.292113023867705e-05,0.0,0.0,0.7071067811865476,-1.69620809395267e-10,-0.7071067811865475,-1.6962080965403214e-10,6381376.205042329,-6.104189690156389,5437.7449694662555,0.0008578670766119711,-9.56563207369684e-07,3241.5374766870714,0.0,9.560834472711029e-07,0.0008578670766121932,-3.6573701488820634e-19,5.8956749199099355e-08,3.188128918660687e-05,-1.6176664512543743e-20,5.895674919909937e-08,3.1881289186592304e-05,-3.0481172209522644e-11,327.6229653257516,0.8868780120177918,67996.2454258403,267.09074561151,0.6183699320600253,-0.06986996825481026,-0.0018577932413299716,202.5921908260748,18200.331467290427,9.770280188106046,202.0853192037895,-0.37636066238063587,-14.316943221783538,-33.11900797935681,0.06167883292626332,2.317798522800649,0.0,0.0,0.0,-0.2314116355693686,0.0004309670028876757,-0.016195097009423804,0.0,0.0,0.0,0.0,0.0,0.0,0.0,0.0,0.5,0.0,0.0,1.0,0.0,0.0,0.0
22.700000000000003,201.8700601267615,-0.376150094125588,-13.151232496414684,7.292113023867705e-05,0.0,0.0,0.7071067811865476,-1.7037134395011326e-10,-0.7071067811865475,-1.7037134421002349e-10,6381377.569705407,-6.141815937731445,5457.943331445113,0.0008610534145465795,-9.624592606558838e-07,3242.919498984702,0.0,9.61977377725008e-07,0.0008610534145468016,-3.673550688634565e-19,5.892175676879545e-08,3.184552435800731e-05,-1.6184852355473185e-20,5.8921756768795463e-08,3.184552435799258e-05,-3.0634673356909336e-11,327.61746249571655,0.886751027635528,67984.21719448655,267.0817715745432,0.6174834028019872,-0.0650550658361983,-0.0018593840262769046,202.2983455741529,18144.9748395745,9.77027592754684,201.85866138977153,-0.3761374429559637,-13.325048863790876,-33.02901908681315,0.06154388916533377,2.151742917287877,0.0,0.0,0.0,-0.23078285837834933,0.0004300241136427426,-0.015034820732697032,0.0,0.0,0.0,0.0,0.0,0.0,0.0,0.0,0.5,0.0,0.0,1.0,0.0,0.0,0.0
22.8,201.64320147135214,-0.375912474404177,-12.160024308955343,7.292113023867705e-05,0.0,0.0,0.7071067811865476,-1.711218785049595e-10,-0.7071067811865475,-1.711218787660148e-10,6381378.835339323,-6.179419149802418,5478.119007266058,0.0008642361855953956,-9.683517166508894e-07,3244.202536802739,0.0,9.678677108877187e-07,0.0008642361855956176,-3.6897312365290473e-19,5.888464685048965e-08,3.1809856821987784e-05,-1.6195659604813883e-20,5.888464685048966e-08,3.180985682197289e-05,-3.0787733322154254e-11,327.6123537944652,0.8866331382461716,67973.05046024687,267.07344028435455,0.6166124970677395,-0.060231714778918095,-0.0018608629790437241,202.0098715434449,18090.85732208229,9.77027197216498,201.6326170352496,-0.3759007051091087,-12.334287461194208,-32.940475584950384,0.06140914047602206,1.9864641155206744,0.0,0.0,0.0,-0.23016418053033308,0.0004290825874169605,-0.013879972197809346,0.0,0.0,0.0,0.0,0.0,0.0,0.0,0.0,0.5,0.0,0.0,1.0,0.0,0.0,0.0
22.900000000000002,201.4169438627753,-0.3756612761387187,-11.16995079931416,7.292113023867705e-05,0.0,0.0,0.7071067811865476,-1.718724130598058e-10,-0.7071067811865475,-1.7187241332200617e-10,6381380.001582762,-6.2169978552053715,5498.271948851782,0.0008674153823684723,-9.742403451354427e-07,3245.386228878051,0.0,9.737542165399776e-07,0.0008674153823686944,-3.705911793077802e-19,5.8845411694937286e-08,3.177428547000596e-05,-1.6176802509274673e-20,5.88454116949373e-08,3.17742854699909e-05,-3.0940343801243256e-11,327.60764066044743,0.88652437704367,67962.74836732273,267.06575408677344,0.6157572765691198,-0.05540008905934923,-0.0018622290922723518,201.72678860853458,18037.97742894175,9.770268323073726,201.407179112588,-0.3756503993704836,-11.344659094100763,-32.85337499552854,0.061274590477538776,1.8219457113231217,0.0,0.0,0.0,-0.2295555847091742,0.0004281424494987511,-0.012730436770288444,0.0,0.0,0.0,0.0,0.0,0.0,0.0,0.0,0.5,0.0,0.0,1.0,0.0,0.0,0.0
23.0,201.19127457283767,-0.375396579723322,-10.181001324883788,7.292113023867705e-05,0.0,0.0,0.7071067811865476,-1.72622947614652e-10,-0.7071067811865475,-1.726229478779975e-10,6381381.0690251,-6.254550818730514,5518.4023247499335,0.0008705910315326155,-9.801249527423746e-07,3246.4711642085263,0.0,9.796367013146149e-07,0.0008705910315328375,-3.722093392685955e-19,5.8804063882411725e-08,3.173880828256819e-05,-1.6182709142716825e-20,5.880406388241174e-08,3.1738808282552956e-05,-3.10925007990187e-11,327.6033207484367,0.8864246899091188,67953.30578945609,267.0587091571953,0.6149176521165399,-0.050560443896208056,-0.0018634824557692057,201.4490648312106,17986.32194355356,9.770264978456641,201.18233485090911,-0.37538660605918744,-10.356153129253768,-32.76770110998394,0.06114024042605459,1.6581641528212783,0.0,0.0,0.0,-0.2289569576611715,0.00042720370866532507,-0.011586049886700757,0.0,0.0,0.0,0.0,0.0,0.0,0.0,0.0,0.5,0.0,0.0,1.0,0.0,0.0,0.0
23.1,200.9661838541536,-0.3751184004653803,-9.193170824654434,7.292113023867705e-05,0.0,0.0,0.7071067811865476,-1.733734821694983e-10,-0.7071067811865475,-1.7337348243398886e-10,6381382.037779209,-6.292076695576455,5538.510193534077,0.0008737631424627308,-9.86005328990478e-07,3247.4574555037543,0.0,9.855149547304238e-07,0.0008737631424629528,-3.738273967868905e-19,5.876060580592336e-08,3.170342371699425e-05,-1.6182799660401648e-20,5.876060580592337e-08,3.170342371697885e-05,-3.124419820543077e-11,327.5993936096546,0.8863340664864203,67944.72174569534,267.05230476375067,0.6140936088235445,-0.04571299592432061,-0.0018646226390283765,201.1766938701576,17935.883715142918,9.770261937965754,200.95807448600337,-0.3751093404578691,-9.368764507006025,-32.68344474185923,0.061006092060554816,1.495099747070485,0.0,0.0,0.0,-0.22836823519801602,0.00042626637706745204,-0.010446673947015048,0.0,0.0,0.0,0.0,0.0,0.0,0.0,0.0,0.5,0.0,0.0,1.0,0.0,0.0,0.0
23.200000000000003,200.74166470887045,-0.3748266889487674,-8.206459699132276,7.292113023867705e-05,0.0,0.0,0.7071067811865476,-1.7412401672434457e-10,-0.7071067811865475,-1.741240169899802e-10,6381382.907484148,-6.329573999442294,5558.5955051934525,0.0008769317074642606,-9.918812412904182e-07,3248.3447418715805,0.0,9.913887441980691e-07,0.0008769317074644827,-3.7544550701084334e-19,5.871502972790074e-08,3.166813067081353e-05,-1.6176582923604563e-20,5.8715029727900754e-08,3.166813067079797e-05,-3.139542765078438e-11,327.5958606810739,0.8862525399354358,67936.99937701321,267.04654324986,0.613285205741917,-0.0408579282867253,-0.0018656486812636572,200.90969482651946,17886.661487657708,9.770259202713316,200.73439102865206,-0.37481855317533586,-8.382493621272186,-32.600603507073885,0.060872147645401074,1.332736191610632,0.0,0.0,0.0,-0.22778940066148,0.00042533047052685063,-0.009312195041449948,0.0,0.0,0.0,0.0,0.0,0.0,0.0,0.0,0.5,0.0,0.0,1.0,0.0,0.0,0.0
23.3,200.51770472944773,-0.3745215252058746,-7.220857766310012,7.292113023867705e-05,0.0,0.0,0.7071067811865476,-1.748745512791908e-10,-0.7071067811865475,-1.7487455154597153e-10,6381383.678726393,-6.367041518893359,5578.658424647428,0.0008800967526281478,-9.977524999951726e-07,3249.13360941379,0.0,9.972578800705291e-07,0.0008800967526283698,-3.7706356658490735e-19,5.86673481710958e-08,3.1632927175239665e-05,-1.6188497389782597e-20,5.8667348171095815e-08,3.163292717522393e-05,-3.154618525128188e-11,327.59271962899936,0.8861800564033631,67930.13358235749,267.0414208097244,0.612492351417698,-0.03599549895782328,-0.001866560732043114,200.6480351603055,17838.64247703462,9.770256770891947,200.51127202891473,-0.3745143241668737,-7.397330299009129,-32.519161551934296,0.0607384070357363,1.1710506045618403,0.0,0.0,0.0,-0.2272203432774374,0.0004243959880313646,-0.008182453288005041,0.0,0.0,0.0,0.0,0.0,0.0,0.0,0.0,0.5,0.0,0.0,1.0,0.0,0.0,0.0
23.400000000000002,200.29429434730372,-0.37420292440448477,-6.236360350772149,7.292113023867705e-05,0.0,0.0,0.7071067811865476,-1.7562508583403708e-10,-0.7071067811865475,-1.756250861019629e-10,6381384.351617559,-6.404477913427432,5598.699007701515,0.0008832582868911037,-1.003618895295324e-06,3249.82416958455,0.0,1.0031221525383859e-06,0.0008832582868913257,-3.786817306521278e-19,5.861756350565582e-08,3.159781171584767e-05,-1.618451878077289e-20,5.861756350565583e-08,3.159781171583177e-05,-3.1696464920082946e-11,327.5899700096515,0.8861166056494568,67924.12339170295,267.03693671962634,0.6117150284619011,-0.031125930288896507,-0.0018673584148561706,200.39170782828728,17791.819855891554,9.770254642157695,200.28870790141733,-0.3741966685730775,-6.413269865803483,-32.43910990586135,0.06060487060506832,1.0100236728684282,0.0,0.0,0.0,-0.2266610003659798,0.00042346293219079617,-0.007057313741038057,0.0,0.0,0.0,0.0,0.0,0.0,0.0,0.0,0.5,0.0,0.0,1.0,0.0,0.0,0.0
23.5,200.07142660578305,-0.3738708372076565,-5.252968172762345,7.292113023867705e-05,0.0,0.0,0.7071067811865476,-1.7637562038888332e-10,-0.7071067811865475,-1.7637562065795424e-10,6381384.925797057,-6.441881681668851,5618.717202371463,0.0008864163022476512,-1.009480192240909e-06,3250.416061838778,0.0,1.0089813266516763e-06,0.0008864163022478732,-3.8029980970248555e-19,5.8565668005402505e-08,3.156278319664071e-05,-1.618150090804657e-20,5.856566800540252e-08,3.156278319662464e-05,-3.1846258223115275e-11,327.58761227728667,0.8860623724335019,67918.9906884135,267.0330933632111,0.6109532949571397,-0.02624941423209979,-0.0018680408184019541,200.14073111314804,17746.19562702487,9.770252817621833,200.06669169791797,-0.37386553707908926,-5.430313034964268,-32.36045180466961,0.060471549603870384,0.849639338273623,0.0,0.0,0.0,-0.22611139453663529,0.0004225313816153022,-0.005936664197083646,0.0,0.0,0.0,0.0,0.0,0.0,0.0,0.0,0.5,0.0,0.0,1.0,0.0,0.0,0.0
23.6,199.8490894154113,-0.37352534328808307,-4.270671505294675,7.292113023867705e-05,0.0,0.0,0.7071067811865476,-1.771261549437296e-10,-0.7071067811865475,-1.7712615521394558e-10,6381385.401848482,-6.479251635895862,5638.713169988401,0.0008895708242192374,-1.015336204895064e-06,3250.9098694020263,0.0,1.0148352164735366e-06,0.0008895708242194594,-3.819179071748412e-19,5.85116741358374e-08,3.152783969912406e-05,-1.6169849334356056e-20,5.851167413583741e-08,3.1527839699107825e-05,-3.1995561388638683e-11,327.5856449076234,0.8860171798692297,67914.71515384407,267.02988691881546,0.6102070556275024,-0.021366210983440374,-0.001868608153287461,199.89507184912475,17701.75493614608,9.770251295485995,199.84521128679884,-0.373521009278432,-4.448450088102109,-32.28316720019391,0.06033843405500176,0.6898751956977197,0.0,0.0,0.0,-0.22557138570734908,0.00042160126659185093,-0.004820348105675597,0.0,0.0,0.0,0.0,0.0,0.0,0.0,0.0,0.5,0.0,0.0,1.0,0.0,0.0,0.0
23.700000000000003,199.62727338641062,-0.373166457673937,-3.2894660585480304,7.292113023867705e-05,0.0,0.0,0.7071067811865476,-1.7787668949857586e-10,-0.7071067811865475,-1.7787668976993695e-10,6381385.7798821945,-6.516586439905422,5658.686963589792,0.0008927218613044085,-1.0211867241198913e-06,3251.3057024721056,0.0,1.0206836128660693e-06,0.0008927218613046306,-3.8353602311566516e-19,5.845558424427177e-08,3.1492979737121336e-05,-1.6179297337083088e-20,5.8455584244271786e-08,3.149297973710493e-05,-3.2144368354176624e-11,327.5840678763429,0.8859809537909107,67911.28791193689,267.02731665293936,0.6094762897113436,-0.016476548150465484,-0.0018690600989702529,199.65472225782239,17658.48998702207,9.770250075410233,199.62425726149397,-0.3731631001696417,-3.4676767360509917,-32.207244988363236,0.06020551861408295,0.5307122490396848,0.0,0.0,0.0,-0.22504089629091692,0.00042067254977779,-0.003708232735821112,0.0,0.0,0.0,0.0,0.0,0.0,0.0,0.0,0.5,0.0,0.0,1.0,0.0,0.0,0.0
23.8,199.4059716059098,-0.37279413110544174,-2.309352878082133,7.292113023867705e-05,0.0,0.0,0.7071067811865476,-1.786272240534221e-10,-0.7071067811865475,-1.786272243259283e-10,6381386.059537934,-6.553884577309304,5678.638529177842,0.0008958694051804569,-1.0270315126142482e-06,3251.6032008342445,0.0,1.0265262785281315e-06,0.0008958694051806789,-3.8515414034482034e-19,5.839739061561782e-08,3.145820222151143e-05,-1.6179413704945627e-20,5.839739061561783e-08,3.1458202221494855e-05,-3.2292670622712586e-11,327.5828826185703,0.8859537271648876,67908.7120815399,267.02538490456817,0.6087610505282656,-0.0115806260974652,-0.001869395796347537,199.4196997601829,17616.399962788764,9.770249158504923,199.40382271729828,-0.37279176051213436,-2.487994017101298,-32.132682942303354,0.06007280281996345,0.3721344090367732,0.0,0.0,0.0,-0.22451991072755492,0.00041974522795093386,-0.00260020566740757,0.0,0.0,0.0,0.0,0.0,0.0,0.0,0.0,0.5,0.0,0.0,1.0,0.0,0.0,0.0
23.900000000000002,199.18517229991357,-0.3724084428976122,-1.330322686353865,7.292113023867705e-05,0.0,0.0,0.7071067811865476,-1.7937775860826837e-10,-0.7071067811865475,-1.7937775888191964e-10,6381386.241396438,-6.591144884036478,5698.568024535494,0.0008990134808057006,-1.0328703881414448e-06,3251.802944855144,0.0,1.0323630312230334e-06,0.0008990134808059227,-3.8677220720391836e-19,5.833710565841581e-08,3.142350528367598e-05,-1.617843793557458e-20,5.833710565841582e-08,3.1423505283659234e-05,-3.244046453546313e-11,327.5820868220771,0.8859354468768272,67906.98263766346,267.0240879052023,0.6080612419148584,-0.006678706682569938,-0.0018696155180776368,199.18997054344183,17575.47290327011,9.77024854298065,199.18389583830236,-0.37240706953971997,-1.5093926619572515,-32.05946588160849,0.05994028385164092,0.21412010837585768,0.0,0.0,0.0,-0.22400832294758458,0.0004188192814001616,-0.0014961162036747086,0.0,0.0,0.0,0.0,0.0,0.0,0.0,0.0,0.5,0.0,0.0,1.0,0.0,0.0,0.0
24.0,198.964866257448,-0.3720094079390109,-0.35237157913648787,7.292113023867705e-05,0.0,0.0,0.7071067811865476,-1.801282931631146e-10,-0.7071067811865475,-1.8012829343791099e-10,6381386.325566807,-6.62836602818307,5718.475499932158,0.0009021540962405478,-1.0387031422348406e-06,3251.90504347533,0.0,1.0381936624841348e-06,0.0009021540962407699,-3.883903788357066e-19,5.827473169724941e-08,3.138888746568056e-05,-1.6173843249654818e-20,5.8274731697249425e-08,3.138888746566364e-05,-3.258774405546523e-11,327.58168005283545,0.8859261029566481,67906.09863706771,267.02342494745756,0.6073768411927908,-0.0017710222782430349,-0.0018697190013169092,198.96552606311863,17535.702597283158,9.770248228501446,198.9644673967217,-0.3720090421088702,-0.531868766713444,-31.987585234360566,0.059807959406439536,0.0566507853060349,0.0,0.0,0.0,-0.223506073056652,0.00041789469403604286,-0.0003958346485537846,0.0,0.0,0.0,0.0,0.0,0.0,0.0,0.0,0.5,0.0,0.0,1.0,0.0,0.0,0.0
24.1,198.74504661201286,-0.371596977045006,0.6244990671157351,7.292113023867705e-05,0.0,0.0,0.7071067811865476,-1.8087882771796087e-10,-0.7071067811865475,-1.8087882799390233e-10,6381386.311689096,-6.665546478410494,5738.360899316454,0.0009052912428387486,-1.044529535251559e-06,3251.9091367929555,0.0,1.0440179326685588e-06,0.0009052912428389706,-3.900084829641396e-19,5.8210261027624395e-08,3.1354347685681845e-05,-1.6177735785039826e-20,5.821026102762441e-08,3.135434768566476e-05,-3.273450062452082e-11,327.5816637447237,0.885925728342054,67906.0631958912,267.02339836828713,0.6067078986214584,0.0031422187736836397,-0.0018697054416484454,198.74638283709052,17497.088433959205,9.770248216176881,198.74553053394746,-0.37159762905121424,0.4445762997714384,-31.91703883223959,0.05967582764675057,-0.10028955761299312,0.0,0.0,0.0,-0.2230131459041079,0.00041697145301869897,0.0007007507764790809,0.0,0.0,0.0,0.0,0.0,0.0,0.0,0.0,0.5,0.0,0.0,1.0,0.0,0.0,0.0
24.200000000000003,198.52570190250526,-0.37117122917495426,1.6002980860815412,7.292113023867705e-05,0.0,0.0,0.7071067811865476,-1.8162936227280714e-10,-0.7071067811865475,-1.816293625498937e-10,6381386.2003411995,-6.7026850942362355,5758.2243769631805,0.0009084249450018572,-1.0503493886451091e-06,3251.815802333566,0.0,1.049835663229814e-06,0.0009084249450020792,-3.9162657132762574e-19,5.8143706001643787e-08,3.131988412452267e-05,-1.6177317932302e-20,5.81437060016438e-08,3.131988412450541e-05,-3.288073069774874e-11,327.58203559683295,0.8859342701787303,67906.87131374386,267.0240044176402,0.606054315605905,0.00806075353499974,-0.0018695751745128031,198.5325063872732,17459.61883495024,9.770248504226393,198.5270737471653,-0.371172909242899,1.419951363259952,-31.847811796945074,0.05954388444582751,-0.2567218612815913,0.0,0.0,0.0,-0.2225294375311667,0.0004160495295134148,0.001793786391265556,0.0,0.0,0.0,0.0,0.0,0.0,0.0,0.0,0.5,0.0,0.0,1.0,0.0,0.0,0.0
24.3,198.30682309675507,-0.37073217907780776,2.575028996393449,7.292113023867705e-05,0.0,0.0,0.7071067811865476,-1.8237989682765338e-10,-0.7071067811865475,-1.8237989710588504e-10,6381385.99163096,-6.739780548055598,5778.065980373698,0.0009115552103521707,-1.0561624946198456e-06,3251.6251477804035,0.0,1.0556466463722559e-06,0.0009115552103523927,-3.9324469567114428e-19,5.807506892100104e-08,3.128549535250415e-05,-1.6171251984704646e-20,5.8075068921001056e-08,3.128549535248672e-05,-3.3026428265130916e-11,327.5827951801442,0.8859517186116602,67908.52205827176,267.0252423962962,0.6054160666943068,0.012984345388338826,-0.001869327996234289,198.32388737468963,17423.28787583237,9.770249092318034,198.30908798734546,-0.3707348973983256,2.394259942383927,-31.779895729410537,0.05941212617218653,-0.41266433362035715,0.0,0.0,0.0,-0.2220548892512362,0.0004151288981460121,0.002883399419564529,0.0,0.0,0.0,0.0,0.0,0.0,0.0,0.0,0.5,0.0,0.0,1.0,0.0,0.0,0.0
24.400000000000002,198.08840337722003,-0.3702797776420599,3.5486900851238348,7.292113023867705e-05,0.0,0.0,0.7071067811865476,-1.8313043138249965e-10,-0.7071067811865475,-1.8313043166187641e-10,6381385.685198731,-6.776831293641829,5797.885651402992,0.0009146820299135828,-1.0619686112006036e-06,3251.3368135252967,0.0,1.0614506401207194e-06,0.0009146820299138048,-3.9486282158265795e-19,5.800434209161478e-08,3.125118029546276e-05,-1.6178354154887634e-20,5.800434209161479e-08,3.1251180295445155e-05,-3.317158470909547e-11,327.583943927366,0.885978106551671,67911.01854307072,267.0271146393018,0.6047931989657507,0.01791277848432795,-0.0018689631593222073,198.1205413749929,17388.095144266685,9.770249981560571,198.091566444535,-0.3702835444192757,3.36750033212907,-31.71328850909667,0.05928054960486215,-0.5681328823204775,0.0,0.0,0.0,-0.221589486247524,0.0004142095364107175,0.003969701012798107,0.0,0.0,0.0,0.0,0.0,0.0,0.0,0.0,0.5,0.0,0.0,1.0,0.0,0.0,0.0
24.5,197.87043159310264,-0.3698141034734289,4.521289747665864,7.292113023867705e-05,0.0,0.0,0.7071067811865476,-1.8388096593734587e-10,-0.7071067811865475,-1.8388096621786773e-10,6381385.281619579,-6.813836214038734,5817.6835408577645,0.0009178054275372496,-1.0677675635211232e-06,3250.951374271264,0.0,1.0672474696089443e-06,0.0009178054275374716,-3.964810007997572e-19,5.793153780937214e-08,3.121693718328763e-05,-1.6176527509898353e-20,5.7931537809372155e-08,3.1216937183269846e-05,-3.3316196599788154e-11,327.58547954883454,0.8860133814027615,67914.35579218897,267.0296174149333,0.6041856113567469,0.022845789406142413,-0.0018684810624345375,197.92243322949903,17354.029428057376,9.770251170182295,197.87449792640186,-0.3698189288262821,4.33968092028581,-31.647975544240374,0.059149149342978144,-0.7231478338660973,0.0,0.0,0.0,-0.22113312656336015,0.0004132914065701204,0.005052833197712511,0.0,0.0,0.0,0.0,0.0,0.0,0.0,0.0,0.5,0.0,0.0,1.0,0.0,0.0,0.0
24.6,197.65289889103664,-0.3693351711812564,5.492831117057804,7.292113023867705e-05,0.0,0.0,0.7071067811865476,-1.8463150049219214e-10,-0.7071067811865475,-1.8463150077385913e-10,6381384.781000092,-6.850793985940795,5837.459693471329,0.0009209254104073809,-1.0735591444564961e-06,3250.46893644426,0.0,1.0730369277120226e-06,0.0009209254104076029,-3.9809918166965177e-19,5.785665835317124e-08,3.118276461450904e-05,-1.6184758437707342e-20,5.785665835317125e-08,3.118276461449108e-05,-3.346025795569828e-11,327.58740162053994,0.8860575334249803,67918.53288415856,267.03275003213435,0.6035932755681183,0.02778313783736897,-0.0018678815622540186,197.72955277899038,17321.085078154578,9.770252657855243,197.65787356264465,-0.3693410651916701,5.3108048401994035,-31.58394859583384,0.05901792043866296,-0.8777270488827503,0.0,0.0,0.0,-0.22068575263052653,0.00041237447405207875,0.006132920771420311,0.0,0.0,0.0,0.0,0.0,0.0,0.0,0.0,0.5,0.0,0.0,1.0,0.0,0.0,0.0
24.700000000000003,197.43579850502462,-0.3688429317251413,6.463312138320028,7.292113023867705e-05,0.0,0.0,0.7071067811865476,-1.853820350470384e-10,-0.7071067811865475,-1.8538203532985047e-10,6381384.182980898,-6.88770304829529,5857.214048964986,0.0009240419692117024,-1.0793431097087146e-06,3249.8891407117867,0.0,1.0788187701319464e-06,0.0009240419692119245,-3.9971722638319786e-19,5.77796960389957e-08,3.114866152304534e-05,-1.6180157290117464e-20,5.777969603899571e-08,3.1148661523027214e-05,-3.360376010184203e-11,327.58971131261677,0.8861106359060804,67923.5579248859,267.0365148354798,0.6030162358675186,0.03272460092394281,-0.0018671639701885471,197.54191462009214,17289.26266165772,9.770254445687463,197.4416865945257,-0.368849904485312,6.280870045112786,-31.521207017949134,0.058886860965953323,-1.0318863937229619,0.0,0.0,0.0,-0.2202473599357468,0.00041145872539935643,0.0072100745964989955,0.0,0.0,0.0,0.0,0.0,0.0,0.0,0.0,0.5,0.0,0.0,1.0,0.0,0.0,0.0
24.8,197.21911959198758,-0.36833746335918316,7.432740774138715,7.292113023867705e-05,0.0,0.0,0.7071067811865476,-1.8613256960188462e-10,-0.7071067811865475,-1.8613256988584182e-10,6381383.488134261,-6.924562307610148,5876.946754717389,0.0009271551272573327,-1.0851192880817877e-06,3249.212558973891,0.0,1.0845928256727249e-06,0.0009271551272575548,-4.0133544517122084e-19,5.770066310682397e-08,3.111462618741724e-05,-1.6178755006505248e-20,5.770066310682398e-08,3.1114626187398944e-05,-3.374669972467174e-11,327.5924052737163,0.8861728022793618,67929.44645627002,267.0409081578866,0.6024543906675618,0.03766991538790094,-0.0018663287482414003,197.35948290138856,17258.55454144325,9.770256531915996,197.22592613758314,-0.36834552487417627,7.249884490405467,-31.459742367052446,0.05875597525454494,-1.1856458340143055,0.0,0.0,0.0,-0.2198178894817233,0.00041054419086473053,0.008284434178290476,0.0,0.0,0.0,0.0,0.0,0.0,0.0,0.0,0.5,0.0,0.0,1.0,0.0,0.0,0.0
24.900000000000002,197.00285347736312,-0.3678187805531131,8.40111977195788,7.292113023867705e-05,0.0,0.0,0.7071067811865476,-1.8688310415673089e-10,-0.7071067811865475,-1.8688310444183319e-10,6381382.696565508,-6.961370444879025,5896.657852693803,0.0009302648912904196,-1.090887473121289e-06,3248.439296395518,0.0,1.0903588878799315e-06,0.0009302648912906416,-4.029535795855385e-19,5.7619561812731704e-08,3.1080657234378e-05,-1.617587284453656e-20,5.761956181273172e-08,3.108065723435952e-05,-3.388907087282289e-11,327.5954841911466,0.886243851980232,67936.17643537803,267.0459292685989,0.6019077067174459,0.04261883778236667,-0.0018653758143508795,197.18224662048436,17228.951988075874,9.7702589162169,197.010583500218,-0.367827940788506,8.21785092412331,-31.399540452036643,0.058625245650684735,-1.3390227373143486,0.0,0.0,0.0,-0.21939724211127973,0.0004096307470965632,0.009356120868705567,0.0,0.0,0.0,0.0,0.0,0.0,0.0,0.0,0.5,0.0,0.0,1.0,0.0,0.0,0.0
25.0,196.78699344928552,-0.3672868343356157,9.368446729167266,7.292113023867705e-05,0.0,0.0,0.7071067811865476,-1.8763363871157713e-10,-0.7071067811865475,-1.8763363899782453e-10,6381381.80791553,-6.998125884285431,5916.347280441796,0.0009333712516562058,-1.0966474182158118e-06,3247.568993903076,0.0,1.0961167101421601e-06,0.0009333712516564278,-4.0457168137982393e-19,5.753638448250553e-08,3.1046753606329874e-05,-1.6177738356783008e-20,5.7536384482505545e-08,3.1046753606311226e-05,-3.403086481614258e-11,327.5989494946393,0.886323818001457,67943.75098735507,267.0515804992287,0.6013762244071815,0.047571138781384116,-0.0018643045405097964,197.0102193607042,17200.45496389952,9.770261599697537,196.79565197746695,-0.3672971032642027,9.184766952179288,-31.340599215270878,0.058494666139455344,-1.4920328533191638,0.0,0.0,0.0,-0.2189854034471824,0.0004087183520669694,0.01042524471521097,0.0,0.0,0.0,0.0,0.0,0.0,0.0,0.0,0.5,0.0,0.0,1.0,0.0,0.0,0.0
25.1,196.57152896980745,-0.36674170261119154,10.334729181324828,7.292113023867705e-05,0.0,0.0,0.7071067811865476,-1.8838417326642337e-10,-0.7071067811865475,-1.883841735538159e-10,6381380.822753801,-7.03482755573922,5936.015181952027,0.000936474231124135,-1.1023989558296812e-06,3246.6022206100947,0.0,1.1018661249237347e-06,0.000936474231124357,-4.0618990568765905e-19,5.745114330053595e-08,3.10129136300107e-05,-1.6192132214331542e-20,5.7451143300535964e-08,3.1012913629991866e-05,-3.417207835868691e-11,327.602798918142,0.8864126480511666,67952.16515900377,267.0578581542886,0.6008598376620141,0.05252655587569752,-0.0018631154518786001,196.84336456900394,17173.052937152803,9.770264580603673,196.58112099012692,-0.36675309011671997,10.150640103103708,-31.282904581156668,0.05836422883716842,-1.6446953286713617,0.0,0.0,0.0,-0.21858227513934578,0.0004078069506904461,0.011491939500674972,0.0,0.0,0.0,0.0,0.0,0.0,0.0,0.0,0.5,0.0,0.0,1.0,0.0,0.0,0.0
25.200000000000003,196.35645154317046,-0.36618339970996155,11.29996949028016,7.292113023867705e-05,0.0,0.0,0.7071067811865476,-1.8913470782126964e-10,-0.7071067811865475,-1.8913470810980727e-10,6381379.74118439,-7.071474144533224,5955.661596421702,0.0009395738360023142,-1.108141880178699e-06,3245.5390804242343,0.0,1.107606926440458e-06,0.0009395738360025363,-4.0780804575951963e-19,5.736384050011681e-08,3.097913596039049e-05,-1.618578623234631e-20,5.7363840500116825e-08,3.0979135960371484e-05,-3.4312705581047935e-11,327.60703204792316,0.8865103325820116,67961.41804597883,267.0647615590637,0.600358512301502,0.05748484307589194,-0.0018618085282429925,196.68167037980163,17146.74077329243,9.770267858615345,196.36698202527543,-0.366195915634213,11.115472739630198,-31.22644858755116,0.05823392618267918,-1.7970273630227611,0.0,0.0,0.0,-0.2181878015540836,0.0004068964901351909,0.012556325403804646,0.0,0.0,0.0,0.0,0.0,0.0,0.0,0.0,0.5,0.0,0.0,1.0,0.0,0.0,0.0
25.3,196.14175451422722,-0.3656118767276758,12.264164900213881,7.292113023867705e-05,0.0,0.0,0.7071067811865476,-1.8988524237611588e-10,-0.7071067811865475,-1.8988524266579861e-10,6381378.56284843,-7.1080640601493785,5975.28645918462,0.0009426700562871901,-1.1138759423475046e-06,3244.3792145103216,0.0,1.1133388657769688e-06,0.0009426700562874122,-4.0942618781546385e-19,5.727446841641761e-08,3.094541954875765e-05,-1.618005848204686e-20,5.727446841641762e-08,3.094541954873847e-05,-3.445273770021932e-11,327.61165031276494,0.8866169045648513,67971.51277135033,267.0722930436177,0.5998722852233525,0.06244576514367167,-0.00186038320356553,196.52514933153708,17121.518611970416,9.77027143483933,196.15322843428265,-0.36562553091655026,12.07926211475467,-31.17122919563355,0.05810375075952929,-1.9490446175780614,0.0,0.0,0.0,-0.217801968445593,0.00040598691858036574,0.013618511853753087,0.0,0.0,0.0,0.0,0.0,0.0,0.0,0.0,0.5,0.0,0.0,1.0,0.0,0.0,0.0
25.400000000000002,195.92742764757529,-0.3650272112212559,13.227322525134195,7.292113023867705e-05,0.0,0.0,0.7071067811865476,-1.9063577693096212e-10,-0.7071067811865475,-1.9063577722178998e-10,6381377.288312627,-7.14459625583727,5994.889910883481,0.0009457629142168893,-1.1196009784507894e-06,3243.1231892149276,0.0,1.1190617790479592e-06,0.0009457629142171114,-4.110443835906403e-19,5.718303917863392e-08,3.0911762769652714e-05,-1.617808104976296e-20,5.7183039178633934e-08,3.0911762769633354e-05,-3.459217163931079e-11,327.61665145763226,0.8867323119620525,67982.44440600272,267.08044893043035,0.5994010478342124,0.06740906097686229,-0.0018588400656540977,196.37376416394122,17097.37624373018,9.770275307530019,195.93984994059358,-0.36504201342972037,13.04201533571997,-31.117232575355413,0.05797369350581762,-2.1007656541513517,0.0,0.0,0.0,-0.2174246791795144,0.00040507817270797006,0.014678628547030531,0.0,0.0,0.0,0.0,0.0,0.0,0.0,0.0,0.5,0.0,0.0,1.0,0.0,0.0,0.0
25.5,195.71346262626008,-0.36442941738121265,14.189444341296358,7.292113023867705e-05,0.0,0.0,0.7071067811865476,-1.9138631148580836e-10,-0.7071067811865475,-1.9138631177778133e-10,6381375.91767979,-7.181069421188898,6014.471987947444,0.0009488524156615017,-1.125316783374335e-06,3241.7711071874946,0.0,1.1247754611392103e-06,0.0009488524156617237,-4.126625297329952e-19,5.70895549972778e-08,3.087816430625653e-05,-1.617960836616823e-20,5.708955499727781e-08,3.0878164306237e-05,-3.473100151287428e-11,327.62203507380343,0.8868565453418742,67994.21205654141,267.0892285529568,0.5989447629401988,0.07237448264716481,-0.0018571791564193749,196.2275021312647,17074.308777362767,9.770279476371453,195.72683820993655,-0.36444537731978444,14.003734379935045,-31.064450890762643,0.057843745583340066,-2.252207339201547,0.0,0.0,0.0,-0.21705587900387713,0.0004041701907630364,0.01573679333423342,0.0,0.0,0.0,0.0,0.0,0.0,0.0,0.0,0.5,0.0,0.0,1.0,0.0,0.0,0.0
25.6,195.4998528544397,-0.3638184463683418,15.150527234093286,7.292113023867705e-05,0.0,0.0,0.7071067811865476,-1.9213684604065463e-10,-0.7071067811865475,-1.9213684633377272e-10,6381374.4505912755,-7.217481951046834,6034.032623456485,0.0009519385502623618,-1.1310231059082712e-06,3240.3226098086066,0.0,1.1304796608408517e-06,0.0009519385502625838,-4.1428067799722214e-19,5.699400821659441e-08,3.084462311914578e-05,-1.6175308795783263e-20,5.699400821659442e-08,3.0844623119126066e-05,-3.486921848748676e-11,327.6278025892016,0.8869896376553515,68006.81884415868,267.0986342398597,0.5985034638603123,0.07734178958677151,-0.0018553999728644877,196.0863746983028,17052.316522689787,9.77028394246986,195.51418665257432,-0.36383557374851655,14.964416141891512,-31.01288211294297,0.05771389816952389,-2.4033852443851296,0.0,0.0,0.0,-0.216695553742112,0.00040326291109981754,0.016793115018816775,0.0,0.0,0.0,0.0,0.0,0.0,0.0,0.0,0.5,0.0,0.0,1.0,0.0,0.0,0.0
25.700000000000003,195.2865883966696,-0.3631943753940058,16.11057790156199,7.292113023867705e-05,0.0,0.0,0.7071067811865476,-1.9288738059550087e-10,-0.7071067811865475,-1.9288738088976407e-10,6381372.887611038,-7.253832821938186,6053.571954745395,0.0009550213397326379,-1.1367197858077136e-06,3238.7782606805363,0.0,1.1361742179079994e-06,0.0009550213397328599,-4.1589888011765973e-19,5.689641091090967e-08,3.081113763024956e-05,-1.6173273202610886e-20,5.689641091090968e-08,3.0811137630229676e-05,-3.5006819606861983e-11,327.63395175971874,0.8871315371170058,68020.25986362358,267.10866233143867,0.5980770394867687,0.08231072274350267,-0.0018535031646110358,195.95034389530693,17031.3895784342,9.77028870408821,195.3018852919896,-0.3632126798344899,15.924067313106914,-30.962512645028667,0.05758414105676742,-2.554317355011805,0.0,0.0,0.0,-0.21634360838915717,0.00040235626239498766,0.017847719269095837,0.0,0.0,0.0,0.0,0.0,0.0,0.0,0.0,0.5,0.0,0.0,1.0,0.0,0.0,0.0
25.8,195.07366111479914,-0.36255721850910505,17.069597934363458,7.292113023867705e-05,0.0,0.0,0.7071067811865476,-1.936379151503471e-10,-0.7071067811865475,-1.9363791544575541e-10,6381371.2288406305,-7.290120727754132,6073.090015475282,0.0009581007895044232,-1.1424066186281771e-06,3237.1381611907855,0.0,1.1418589278961687e-06,0.0009581007895046453,-4.175170327421033e-19,5.679676526795383e-08,3.077770655095369e-05,-1.617237713751146e-20,5.679676526795384e-08,3.0777706550933625e-05,-3.51437990215396e-11,327.6404821816578,0.8872822344110467,68034.53423252465,267.1193121693432,0.5976654495762648,0.08728103286575183,-0.001851488835652173,195.81939608248467,17011.523286248164,9.770293760914564,195.0899259725363,-0.3625767095816657,16.882689485653167,-30.913334766996886,0.057454464144021375,-2.7050202075844676,0.0,0.0,0.0,-0.21599998900308562,0.00040145017406973185,0.0189007216301734,0.0,0.0,0.0,0.0,0.0,0.0,0.0,0.0,0.5,0.0,0.0,1.0,0.0,0.0,0.0
25.900000000000002,194.86106447487853,-0.36190692693746135,18.02758385352416,7.292113023867705e-05,0.0,0.0,0.7071067811865476,-1.9438844970519336e-10,-0.7071067811865475,-1.943884500017468e-10,6381369.473921613,-7.326344048760068,6092.586736432253,0.000961176888857623,-1.148083350874724e-06,3235.40195292638,0.0,1.1475335373104207e-06,0.0009611768888578451,-4.1913523932456514e-19,5.669506364068633e-08,3.074432885152515e-05,-1.6180767471643294e-20,5.669506364068634e-08,3.074432885150491e-05,-3.5280147850358634e-11,327.64739528212004,0.8874417624695413,68049.6450702574,267.13058608089545,0.5972687237922876,0.09225247465859912,-0.0018493565467790206,195.69354162516626,16992.718119014746,9.770299114054627,194.87830216592855,-0.36192761421166164,17.84027918993016,-30.865346451387193,0.05732485719873374,-2.855509282437721,0.0,0.0,0.0,-0.21566468141747253,0.00040054457462638935,0.019952230267413346,0.0,0.0,0.0,0.0,0.0,0.0,0.0,0.0,0.5,0.0,0.0,1.0,0.0,0.0,0.0
26.0,194.6487888388345,-0.36124357754689784,18.98454194668859,7.292113023867705e-05,0.0,0.0,0.7071067811865476,-1.9513898426003957e-10,-0.7071067811865475,-1.9513898455773815e-10,6381367.623415207,-7.362501784698431,6112.062251683236,0.0009642496589868056,-1.1537498259329599e-06,3233.570196753368,0.0,1.153197889536362e-06,0.0009642496589870276,-4.2075348266682736e-19,5.659131804895645e-08,3.071100300086786e-05,-1.6183983616459103e-20,5.659131804895646e-08,3.071100300084744e-05,-3.541586325923685e-11,327.6546888278921,0.8876100697584227,68065.58749540526,267.1424804241624,0.5968867485272782,0.09722479176321411,-0.0018471070082701436,195.57274184522848,16974.964469889503,9.770304761779919,194.66700419307728,-0.361265470497686,18.796842707292715,-30.818534322973324,0.057195308900599644,-3.00580199591215,0.0,0.0,0.0,-0.21533759217592616,0.0003996393849668705,0.021002366873586885,0.0,0.0,0.0,0.0,0.0,0.0,0.0,0.0,0.5,0.0,0.0,1.0,0.0,0.0,0.0
26.1,194.43682624732017,-0.36056718424870454,19.94047341892354,7.292113023867705e-05,0.0,0.0,0.7071067811865476,-1.9588951881488584e-10,-0.7071067811865475,-1.9588951911372952e-10,6381365.677421707,-7.398592633759575,6131.516592121296,0.0009673191048860871,-1.1594058400278901e-06,3231.642992801033,0.0,1.1588517807989975e-06,0.0009673191048863092,-4.2237165941653393e-19,5.648553065768553e-08,3.067772773856672e-05,-1.6171123584831853e-20,5.6485530657685544e-08,3.067772773854612e-05,-3.5550939436868004e-11,327.6623624202869,0.8877871470775105,68082.36063650744,267.15499454896366,0.5965194804626643,0.1021977342282309,-0.0018447403858360392,195.4569821981188,16958.257903094647,9.770310703782478,194.45602407693673,-0.360590292301594,19.7523812444635,-30.77289076801191,0.057065807900513056,-3.155914557062651,0.0,0.0,0.0,-0.21501866807912334,0.00039873452579184364,0.022051244705827408,0.0,0.0,0.0,0.0,0.0,0.0,0.0,0.0,0.5,0.0,0.0,1.0,0.0,0.0,0.0
26.200000000000003,194.2251702308649,-0.3598776983277095,20.89537442131037,7.292113023867705e-05,0.0,0.0,0.7071067811865476,-1.966400533697321e-10,-0.7071067811865475,-1.9664005366972092e-10,6381363.6355828615,-7.4346149616939226,6150.949686198617,0.000970385215467627,-1.1650511373889505e-06,3229.6199828442186,0.0,1.1644949553277635e-06,0.000970385215467849,-4.239898213293897e-19,5.637769382826721e-08,3.0644502044981264e-05,-1.617497088617837e-20,5.6377693828267225e-08,3.064450204496048e-05,-3.5685367457134667e-11,327.67041748565794,0.8879730273416134,68099.96761132486,267.1681307814019,0.5961669455393308,0.10717105264969796,-0.0018422563044737284,195.3462719269134,16942.59904752588,9.770316941167584,194.24535535323122,-0.35990203090278583,20.706890962163282,-30.728413752558662,0.05693634255298753,-3.3058623524508386,0.0,0.0,0.0,-0.2147078949153349,0.00039782991573108605,0.023098971274281087,0.0,0.0,0.0,0.0,0.0,0.0,0.0,0.0,0.5,0.0,0.0,1.0,0.0,0.0,0.0
26.3,194.01381144617966,-0.35917519631021627,21.84925083667969,7.292113023867705e-05,0.0,0.0,0.7071067811865476,-1.973905879245783e-10,-0.7071067811865475,-1.9739058822571226e-10,6381361.498457176,-7.47056779139704,6170.361664754316,0.0009734480114137485,-1.170685565022309e-06,3227.5017250316837,0.0,1.1701272601288274e-06,0.0009734480114139706,-4.256080890698707e-19,5.626781952631807e-08,3.061132443557645e-05,-1.6179337329889187e-20,5.6267819526318086e-08,3.06113244355555e-05,-3.581914460988522e-11,327.6788518016113,0.8881676592663383,68118.40356209043,267.1818854971886,0.5958290276752418,0.11214449400177286,-0.0018396555336433044,195.24057164956972,16927.978577341,9.770323472215221,194.034988637691,-0.35920076273115487,21.660377737146973,-30.685090112221747,0.056806900458388,-3.4556622362443217,0.0,0.0,0.0,-0.21440518070132722,0.0003969254681449303,0.024145664343661617,0.0,0.0,0.0,0.0,0.0,0.0,0.0,0.0,0.5,0.0,0.0,1.0,0.0,0.0,0.0
26.400000000000002,193.8027421127214,-0.3584596919679045,22.802103484504016,7.292113023867705e-05,0.0,0.0,0.7071067811865476,-1.9814112247942457e-10,-0.7071067811865475,-1.9814112278170363e-10,6381359.266143687,-7.506449825358455,6189.752555913405,0.0009765074972806094,-1.1763089198222197e-06,3225.2883182335645,0.0,1.1757484920964433e-06,0.0009765074972808315,-4.2722625588784495e-19,5.615590989400475e-08,3.05781936781306e-05,-1.6185832041524858e-20,5.6155909894004766e-08,3.0578193678109464e-05,-3.5952265124272595e-11,327.6876649744736,0.8883710337671983,68137.66762830222,267.1962580543194,0.5955056804608371,0.11711780826079925,-0.0018369383000856254,195.1398659092467,16914.39226923117,9.770330296621442,193.82491613184558,-0.3584865015064453,22.612842390775807,-30.642912330522776,0.056677469035035295,-3.6053300918764433,0.0,0.0,0.0,-0.2141104729173945,0.0003960210951217168,0.025191434895894867,0.0,0.0,0.0,0.0,0.0,0.0,0.0,0.0,0.5,0.0,0.0,1.0,0.0,0.0,0.0
26.5,193.5919558280855,-0.3577311366445887,23.75392814034096,7.292113023867705e-05,0.0,0.0,0.7071067811865476,-1.9889165703427078e-10,-0.7071067811865475,-1.98891657337695e-10,6381356.938284312,-7.542259414875814,6209.122285754106,0.000979563661606306,-1.1819209437519341e-06,3222.9794043923416,0.0,1.1813583931938634e-06,0.000979563661606528,-4.2884451140302076e-19,5.604195730084339e-08,3.054510876349803e-05,-1.6181388146096832e-20,5.60419573008434e-08,3.054510876347671e-05,-3.6084720032065486e-11,327.69685842993056,0.8885831837435993,68157.7629262621,267.2112507778085,0.5951969260572954,0.12209074254352022,-0.0018341042930892536,195.04416280707616,16901.84090109062,9.770337415491122,193.61513143798828,-0.3577591985637783,23.564280708503933,-30.60187835959453,0.0565480352224704,-3.7548812090409993,0.0,0.0,0.0,-0.2138237572545241,0.00039511670540441944,0.026236389764284867,0.0,0.0,0.0,0.0,0.0,0.0,0.0,0.0,0.5,0.0,0.0,1.0,0.0,0.0,0.0
26.6,193.3814435411803,-0.3569896065270727,24.704730287786063,7.292113023867705e-05,0.0,0.0,0.7071067811865476,-1.9964219158911702e-10,-0.7071067811865475,-1.9964219189368637e-10,6381354.51543486,-7.577995605935618,6228.4709819277705,0.0009826165245672713,-1.1875214874282605e-06,3220.575538960906,0.0,1.1869568140378946e-06,0.0009826165245674934,-4.3046271778500673e-19,5.592597365855665e-08,3.0512068253291174e-05,-1.6169887362731928e-20,5.5925973658556664e-08,3.051206825326968e-05,-3.6216506748841256e-11,327.7064299563228,0.8888040581588528,68178.6846216661,267.22686006087275,0.5949026459438748,0.12706304778884128,-0.0018311543395093672,194.9534222648697,16890.31541496456,9.770344827112671,193.40562546406005,-0.35701892999178314,24.514698168049726,-30.5619752358141,0.05641858557555892,-3.9043318858452905,0.0,0.0,0.0,-0.2135449431323103,0.0003942122050481788,0.027280642828198705,0.0,0.0,0.0,0.0,0.0,0.0,0.0,0.0,0.5,0.0,0.0,1.0,0.0,0.0,0.0
26.700000000000003,193.1711976502666,-0.35623511524742574,25.654510360717385,7.292113023867705e-05,0.0,0.0,0.7071067811865476,-2.0039272614396327e-10,-0.7071067811865475,-2.0039272644967777e-10,6381351.99769311,-7.613657105326568,6247.798669791359,0.0009856660902817216,-1.1931103484144629e-06,3218.076819550246,0.0,1.1925435521918024e-06,0.0009856660902819437,-4.320809784763978e-19,5.580796108654296e-08,3.0479070943476192e-05,-1.6175957713601608e-20,5.5807961086542974e-08,3.0479070943454518e-05,-3.634761954660638e-11,327.71637916499026,0.8890336480441661,68200.4318649711,267.24308526968395,0.5946227906144894,0.13203447452810538,-0.0018280887261124866,194.86762790916262,16879.811790078966,9.770352531186122,193.19639059014142,-0.3562657093680879,25.464095205400703,-30.523195531563164,0.05628910629623104,-4.053697681288922,0.0,0.0,0.0,-0.213273978651937,0.0003933074976420788,0.02832430280265431,0.0,0.0,0.0,0.0,0.0,0.0,0.0,0.0,0.5,0.0,0.0,1.0,0.0,0.0,0.0
26.8,192.96121182259262,-0.355467614206429,26.603263753590337,7.292113023867705e-05,0.0,0.0,0.7071067811865476,-2.011432606988095e-10,-0.7071067811865475,-2.0114326100566911e-10,6381349.384701129,-7.649242249955733,6267.105273009082,0.0009887123469073725,-1.1986872664170509e-06,3215.4828882456445,0.0,1.1981183473620962e-06,0.0009887123469075945,-4.336991556715861e-19,5.568791196210211e-08,3.0446115835804452e-05,-1.6172855833433554e-20,5.5687911962102125e-08,3.04461158357826e-05,-3.647804941809505e-11,327.72670748105025,0.8892719862858244,68223.00777123612,267.25992872832893,0.5943573784036006,0.13700476703599687,-0.0018249072062327626,194.78678668259315,16870.330946341808,9.770360528816042,192.98742048765288,-0.3554994880814735,26.412467225157158,-30.485537178117077,0.056159582907995366,-4.2029937844958765,0.0,0.0,0.0,-0.21301084935865502,0.00039240248203488475,0.029367475818246717,0.0,0.0,0.0,0.0,0.0,0.0,0.0,0.0,0.5,0.0,0.0,1.0,0.0,0.0,0.0
26.900000000000002,192.75147729667717,-0.35468717925340615,27.55099555634376,7.292113023867705e-05,0.0,0.0,0.7071067811865476,-2.0189379525365575e-10,-0.7071067811865475,-2.0189379556166048e-10,6381346.677012048,-7.684750108838347,6286.390916084573,0.0009917553141211189,-1.204252095653555e-06,3212.794297828339,0.0,1.2036810537663056e-06,0.000991755314121341,-4.353173872663823e-19,5.556583814341978e-08,3.04132015376225e-05,-1.6186715472475196e-20,5.5565838143419795e-08,3.0413201537600463e-05,-3.660779390645521e-11,327.73741270348097,0.8895190220926182,68246.40752940952,267.27738684737284,0.5941062883978175,0.14197368083592485,-0.0018216106620339667,194.7108578218611,16861.864080870615,9.770368818299183,192.77870635413836,-0.3547203418813566,27.359819311564035,-30.44898740327695,0.056030000954525296,-4.35223594299496,0.0,0.0,0.0,-0.21275546600959097,0.00039149705721625873,0.030410271907299335,0.0,0.0,0.0,0.0,0.0,0.0,0.0,0.0,0.5,0.0,0.0,1.0,0.0,0.0,0.0
27.0,192.54198658511908,-0.35389382489625376,28.497705985210793,7.292113023867705e-05,0.0,0.0,0.7071067811865476,-2.0264432980850191e-10,-0.7071067811865475,-2.0264433011765185e-10,6381343.87472555,-7.720179394294628,6305.65562271986,0.0009947949957783654,-1.2098046345485325e-06,3210.011147814803,0.0,1.2092314698289885e-06,0.0009947949957785874,-4.36935725004377e-19,5.544174188627347e-08,3.038032686292055e-05,-1.6168539080038092e-20,5.5441741886273484e-08,3.0380326862898337e-05,-3.673684732249409e-11,327.7484944360354,0.8897747463206735,68270.63027336408,267.2954589806143,0.5938694679023884,0.14694096853931327,-0.0018181994445763017,194.63982399653725,16854.40735335457,9.770377399329826,192.570240683911,-0.35392828521889036,28.306151683203133,-30.413538834236267,0.05590034556914908,-4.501439416096901,0.0,0.0,0.0,-0.21250777708891405,0.0003905911193086684,0.03145279769082134,0.0,0.0,0.0,0.0,0.0,0.0,0.0,0.0,0.5,0.0,0.0,1.0,0.0,0.0,0.0
27.1,192.33273283189192,-0.35308751174094327,29.443391559165345,7.292113023867705e-05,0.0,0.0,0.7071067811865476,-2.0339486436334818e-10,-0.7071067811865475,-2.0339486467364325e-10,6381340.977512303,-7.7555284393954755,6324.899324178122,0.0009978313812316292,-1.2153446221999622e-06,3207.1331088899947,0.0,1.2147693346481237e-06,0.0009978313812318512,-4.3855396214834395e-19,5.5315617009328424e-08,3.0347490730908792e-05,-1.6174738678399763e-20,5.531561700932844e-08,3.03474907308864e-05,-3.686520055873117e-11,327.75995398995485,0.8900391892284507,68295.67886924565,267.3141472664308,0.5936469305035069,0.15190638036377854,-0.0018146734210291217,194.5736906200824,16847.961707340113,9.770386272924473,192.36201662611936,-0.3531232786865864,29.251460869722578,-30.37918913585225,0.055770602038359006,-4.650619504317989,0.0,0.0,0.0,-0.21226776628033808,0.0003896845655047806,0.03249516007773651,0.0,0.0,0.0,0.0,0.0,0.0,0.0,0.0,0.5,0.0,0.0,1.0,0.0,0.0,0.0
27.200000000000003,192.12370729603018,-0.35226831886704746,30.38805756418097,7.292113023867705e-05,0.0,0.0,0.7071067811865476,-2.041453989181944e-10,-0.7071067811865475,-2.0414539922963462e-10,6381337.985933717,-7.790796338762511,6344.122145837607,0.0010008644902911043,-1.2208719168276973e-06,3204.1607421257845,0.0,1.220294506443564e-06,0.0010008644902913264,-4.40172202127329e-19,5.518747587642417e-08,3.0314691752256196e-05,-1.6171169355132386e-20,5.518747587642418e-08,3.0314691752233628e-05,-3.699285124702232e-11,327.77178913120645,0.8903122992629718,68321.5484338463,267.3334480615529,0.593438552585036,0.15686968023957845,-0.0018110335462116051,194.51241611247977,16842.51853833089,9.770395437354424,192.15402539941908,-0.3523054012631673,30.195752151723525,-30.345925620173993,0.05564075539022837,-4.799791490389472,0.0,0.0,0.0,-0.21203534492965356,0.00038877729119161757,0.03353746585269962,0.0,0.0,0.0,0.0,0.0,0.0,0.0,0.0,0.5,0.0,0.0,1.0,0.0,0.0,0.0
27.3,191.91490256819492,-0.3514362615772229,31.33170398048609,7.292113023867705e-05,0.0,0.0,0.7071067811865476,-2.0489593347304061e-10,-0.7071067811865475,-2.04895933785626e-10,6381334.900090867,-7.825981808400294,6363.32410975508,0.0010038943265509408,-1.2263863174278682e-06,3201.094148424454,0.0,1.2258067842114402e-06,0.0010038943265511628,-4.417904449859793e-19,5.50573208669779e-08,3.028192875325373e-05,-1.6171602381814e-20,5.505732086697791e-08,3.028192875323098e-05,-3.7119793720908196e-11,327.78399945802533,0.8905940671530308,68348.2380889776,267.3533607107807,0.5932442782797487,0.16183062346881982,-0.0018072802334643209,194.45598219012578,16838.074178188235,9.770404892309783,191.94625957606868,-0.35147466819225914,31.139025512057806,-30.313740958990824,0.05551078970150596,-4.948970327777137,0.0,0.0,0.0,-0.2118104618326331,0.00038786918510903514,0.034579819499696955,0.0,0.0,0.0,0.0,0.0,0.0,0.0,0.0,0.5,0.0,0.0,1.0,0.0,0.0,0.0
27.400000000000002,191.70631227867113,-0.35059129363013514,32.27432579176632,7.292113023867705e-05,0.0,0.0,0.7071067811865476,-2.0564646802788686e-10,-0.7071067811865475,-2.0564646834161738e-10,6381331.719632711,-7.861083157605363,6382.505137235696,0.0010069208777964732,-1.2318875593746165e-06,3197.932976760281,0.0,1.231305903325894e-06,0.0010069208777966953,-4.434087080160875e-19,5.492514472548608e-08,3.0249200729654952e-05,-1.6168896859731448e-20,5.492514472548609e-08,3.024920072963202e-05,-3.724601887058259e-11,327.79658150164437,0.890885280564115,68375.84439065667,267.373887704509,0.5930641267787804,0.16678895264631655,-0.001803413374502452,194.4043933622756,16834.644059298156,9.770414638874133,191.73871278980457,-0.35063103321430017,32.08127594514443,-30.282658638997944,0.0553807349219313,-5.098175363664359,0.0,0.0,0.0,-0.21159328109728842,0.00038696045652411663,0.035622356202830385,0.0,0.0,0.0,0.0,0.0,0.0,0.0,0.0,0.5,0.0,0.0,1.0,0.0,0.0,0.0
27.5,191.49792805365274,-0.3497334924901995,33.215927692417786,7.292113023867705e-05,0.0,0.0,0.7071067811865476,-2.0639700258273307e-10,-0.7071067811865475,-2.0639700289760873e-10,6381328.445113743,-7.896099502382566,6401.665349253268,0.0010099441631408008,-1.2373755042310823e-06,3194.677781276405,0.0,1.2367917253500653e-06,0.0010099441631410229,-4.450270429471419e-19,5.47909595620262e-08,3.0216506350077153e-05,-1.6170277698201952e-20,5.4790959562026214e-08,3.0216506350054046e-05,-3.737152446593879e-11,327.80953512472405,0.8911855673958992,68404.32276152847,267.39502535472957,0.5928979686418742,0.17174443638239192,-0.0017994339671377646,194.3576074701848,16832.21374098921,9.770424675340212,191.53137662619804,-0.3497745736909534,33.02250814012675,-30.252655180639916,0.055250554696256865,-5.24741979124674,0.0,0.0,0.0,-0.2113836386654953,0.000386050851412729,0.03666516814659331,0.0,0.0,0.0,0.0,0.0,0.0,0.0,0.0,0.5,0.0,0.0,1.0,0.0,0.0,0.0
27.6,191.28974262690016,-0.3488628739339553,34.156509381777326,7.292113023867705e-05,0.0,0.0,0.7071067811865476,-2.071475371375793e-10,-0.7071067811865475,-2.0714753745360012e-10,6381325.0766354045,-7.931029563893698,6420.804765835168,0.001012964185856419,-1.2428499517957955e-06,3191.3286632532254,0.0,1.2422640500824838e-06,0.001012964185856641,-4.46645294727167e-19,5.465476782942948e-08,3.018384446336255e-05,-1.6173134107113266e-20,5.4654767829429496e-08,3.018384446333926e-05,-3.749630488628e-11,327.82286250021855,0.8914945184390652,68433.62282219455,267.41677289206547,0.5927457403145727,0.17669683296472358,-0.0017953424829844653,194.31560532473443,16830.772168305455,9.770435001397091,191.32424380040797,-0.3489053053373675,33.962721799171455,-30.223709699916448,0.05512020708514285,-5.396716048339426,0.0,0.0,0.0,-0.21118138861498853,0.0003851400767331475,0.03770834223742773,0.0,0.0,0.0,0.0,0.0,0.0,0.0,0.0,0.5,0.0,0.0,1.0,0.0,0.0,0.0
27.700000000000003,191.08174966733532,-0.3479793924243936,35.09606555698846,7.292113023867705e-05,0.0,0.0,0.7071067811865476,-2.0789807169242555e-10,-0.7071067811865475,-2.0789807200959152e-10,6381321.613848496,-7.965871638114682,6439.923306537506,0.0010159809334528667,-1.2483106353524948e-06,3187.885273493516,0.0,1.2477226108068885e-06,0.0010159809334530888,-4.482635495801705e-19,5.451656238140319e-08,3.0151214071264523e-05,-1.616676443178335e-20,5.4516562381403204e-08,3.015121407124105e-05,-3.762035098721155e-11,327.83656501771236,0.8918121659065255,68463.74762763831,267.43913258403313,0.5926074483127991,0.1816458846889683,-0.0017911388783945477,194.2783902529493,16830.320623022773,9.77044561812283,191.11730798433288,-0.3480231825950494,34.90191163040048,-30.195819959365355,0.054989673752182965,-5.546079078220665,0.0,0.0,0.0,-0.21098651531200321,0.00038422800436384844,0.03875198288813677,0.0,0.0,0.0,0.0,0.0,0.0,0.0,0.0,0.5,0.0,0.0,1.0,0.0,0.0,0.0
27.8,190.873941050039,-0.34708312567375776,36.034600634605106,7.292113023867705e-05,0.0,0.0,0.7071067811865476,-2.0864860624727177e-10,-0.7071067811865475,-2.0864860656558286e-10,6381318.057306416,-8.000624864733181,6459.021090005558,0.001018994424672758,-1.2537574201667025e-06,3184.348165054185,0.0,1.2531672727888015e-06,0.00101899442467298,-4.498818420018787e-19,5.437635536630166e-08,3.011861388170771e-05,-1.6171742646427174e-20,5.4376355366301675e-08,3.011861388168406e-05,-3.7743660667440116e-11,327.8506404763882,0.892138458779622,68494.69233939156,267.46210083935085,0.5924829647964551,0.1865913670556162,-0.0017868242014135525,194.24591947449082,16830.85096793537,9.770456523813609,190.91056101248833,-0.3471282830720119,35.84008204527492,-30.168973636483283,0.05485893778704358,-5.695523081073046,0.0,0.0,0.0,-0.21079893265581268,0.00038331451614767044,0.03979618931930943,0.0,0.0,0.0,0.0,0.0,0.0,0.0,0.0,0.5,0.0,0.0,1.0,0.0,0.0,0.0
27.900000000000002,190.66630965187107,-0.3461740899324702,36.972114033072415,7.292113023867705e-05,0.0,0.0,0.7071067811865476,-2.09399140802118e-10,-0.7071067811865475,-2.0939914112157426e-10,6381314.407110978,-8.035287970068213,6478.0981342373,0.0010220046624669387,-1.259190106839101e-06,3180.7174395807087,0.0,1.2585978366289055e-06,0.0010220046624671607,-4.515001203377653e-19,5.423414931037016e-08,3.008604276608147e-05,-1.6169463639997434e-20,5.4234149310370175e-08,3.0086042766057642e-05,-3.786622835427433e-11,327.86508847176117,0.8924733876817137,68526.45606819971,267.48567699798264,0.5923722279067908,0.19153304192259668,-0.0017823989796643177,194.21817291087422,16832.35987227432,9.770467718157484,190.70399574291625,-0.3462206229549337,36.7772324652665,-30.143163510824934,0.054727981126282126,-5.845062406015002,0.0,0.0,0.0,-0.2106185901951758,0.00038239948587036267,0.040841061792190464,0.0,0.0,0.0,0.0,0.0,0.0,0.0,0.0,0.5,0.0,0.0,1.0,0.0,0.0,0.0
28.0,190.4588491824606,-0.345252240374703,37.90860015892804,7.292113023867705e-05,0.0,0.0,0.7071067811865476,-2.101496753569642e-10,-0.7071067811865475,-2.1014967567756566e-10,6381310.662914825,-8.069859236849709,6497.154357010439,0.0010250116340645024,-1.2646084265743872e-06,3176.992749717397,0.0,1.2640140335318972e-06,0.0010250116340647245,-4.531184363464228e-19,5.4089937177561233e-08,3.005349973246108e-05,-1.6193971082399307e-20,5.408993717756125e-08,3.0053499732437067e-05,-3.798804487175622e-11,327.87991038608766,0.8928169846558351,68559.04185293529,267.5098633154867,0.592275240306259,0.1964706519179834,-0.001777863232582607,194.195152711195,16834.84873178686,9.77047920222695,190.49760588772673,-0.34530015739321906,37.713357308129474,-30.118387292187435,0.05459678412748629,-5.9947118914499615,0.0,0.0,0.0,-0.210445471927814,0.0003814827762849771,0.04188670398679375,0.0,0.0,0.0,0.0,0.0,0.0,0.0,0.0,0.5,0.0,0.0,1.0,0.0,0.0,0.0
28.1,190.251551763705,-0.344317654953672,38.8440631549476,7.292113023867705e-05,0.0,0.0,0.7071067811865476,-2.1090020991181044e-10,-0.7071067811865475,-2.1090021023355703e-10,6381306.825270254,-8.104337828373529,6516.189874671075,0.0010280153578422348,-1.2700122483286167e-06,3173.1746474265433,0.0,1.269415732453832e-06,0.0010280153578424568,-4.547367038921876e-19,5.3943731153485116e-08,3.0020983527748194e-05,-1.6170965159387418e-20,5.3943731153485136e-08,3.002098352772401e-05,-3.8109108248913245e-11,327.8951040229062,0.8931691987843039,68592.44486470646,267.5346562076894,0.5921918721137541,0.20140397995287931,-0.0017732180551889858,194.1768155044791,16838.309616945724,9.770490974321683,190.29138352829514,-0.3443669642344164,38.64846071169407,-30.09463281274367,0.05446532910504478,-6.144485217156792,0.0,0.0,0.0,-0.210279492833766,0.000380564263817274,0.04293321148750405,0.0,0.0,0.0,0.0,0.0,0.0,0.0,0.0,0.5,0.0,0.0,1.0,0.0,0.0,0.0
28.200000000000003,190.0444104155635,-0.34337035039368236,39.77850215868443,7.292113023867705e-05,0.0,0.0,0.7071067811865476,-2.1165074446665669e-10,-0.7071067811865475,-2.1165074478954842e-10,6381302.894279451,-8.13872247611592,6535.204703187788,0.0010310158364293359,-1.275401373504383e-06,3169.26323471684,0.0,1.2748027347973037e-06,0.001031015836429558,-4.563549747179833e-19,5.37955338376927e-08,2.9988493045875288e-05,-1.6188631125509922e-20,5.379553383769272e-08,2.998849304585092e-05,-3.8229412963510004e-11,327.9106689762866,0.8935300206569735,68626.664211081,267.5600550121961,0.592122058571476,0.20633279201673965,-0.0017684640285952318,194.16314034178868,16842.739353107292,9.770503034128685,190.085321665529,-0.3434210601367415,39.58254181672731,-30.07189290062324,0.0543335969719353,-6.294396420539004,0.0,0.0,0.0,-0.21012060280119707,0.00037964381510096864,0.04398068237752809,0.0,0.0,0.0,0.0,0.0,0.0,0.0,0.0,0.5,0.0,0.0,1.0,0.0,0.0,0.0
28.3,189.83741889044268,-0.34241028258694356,40.71191128200661,7.292113023867705e-05,0.0,0.0,0.7071067811865476,-2.124012790215029e-10,-0.7071067811865475,-2.124012793455398e-10,6381298.86959691,-8.173011449635425,6554.198758530521,0.001034013056769803,-1.2807755312387002e-06,3165.2581660887226,0.0,1.2801747696993262e-06,0.001034013056770025,-4.579733522816769e-19,5.364533830562415e-08,2.9956027301561537e-05,-1.618428416683512e-20,5.364533830562417e-08,2.995602730153699e-05,-3.834894981097792e-11,327.926606621099,0.8938994821456532,68661.70291469297,267.58606197251225,0.5920657985171205,0.21125683168510956,-0.001763601233483079,194.15412820158699,16848.13944425849,9.77051538271491,189.8794140537995,-0.34246240096432584,40.51559474654516,-30.050165209216512,0.05420156678953999,-6.4444602295358635,0.0,0.0,0.0,-0.20996878543369887,0.0003787212838321678,0.045029219565036166,0.0,0.0,0.0,0.0,0.0,0.0,0.0,0.0,0.5,0.0,0.0,1.0,0.0,0.0,0.0
28.400000000000002,189.6305695549862,-0.3414375297207877,41.64429439797513,7.292113023867705e-05,0.0,0.0,0.7071067811865476,-2.1315181357634912e-10,-0.7071067811865475,-2.131518139015312e-10,6381294.751773821,-8.207203935761495,6573.172154775558,0.0010370070368792503,-1.2861345941663145e-06,3161.1599923918643,0.0,1.285531709794646e-06,0.0010370070368794723,-4.595916298162152e-19,5.34931567789394e-08,2.992358508035555e-05,-1.6188818634007042e-20,5.349315677893942e-08,2.9923585080330828e-05,-3.8467716952529544e-11,327.9429147653094,0.8942775324352986,68697.55615638437,267.6126735116891,0.5920229601437744,0.21617588976630253,-0.001758630808385265,194.14973515561533,16854.502158367384,9.770528018383503,189.67365301925767,-0.3414910647974391,41.44762336939836,-30.02943772051672,0.05406922013684432,-6.594689806891127,0.0,0.0,0.0,-0.20982395675814636,0.0003777965412981666,0.046078915021746276,0.0,0.0,0.0,0.0,0.0,0.0,0.0,0.0,0.5,0.0,0.0,1.0,0.0,0.0,0.0
28.5,189.4238555722528,-0.34045210899340284,42.575650363251626,7.292113023867705e-05,0.0,0.0,0.7071067811865476,-2.1390234813119533e-10,-0.7071067811865475,-2.1390234845752256e-10,6381290.540912741,-8.241298671127598,6592.124905862081,0.0010399977790652337,-1.2914783644914923e-06,3156.968816008419,0.0,1.2908733572875294e-06,0.0010399977790654558,-4.612100141607911e-19,5.3338991930698255e-08,2.9891165298728863e-05,-1.6167421836714447e-20,5.3338991930698275e-08,2.989116529870396e-05,-3.858570891856332e-11,327.9595930015015,0.8946641620813116,68734.22304045573,267.63988896490685,0.5919934758703714,0.2210897369159121,-0.001753553385151345,194.1499394059912,16861.82446901457,9.770540940820446,189.4680317056595,-0.34050706876584236,42.37862654533982,-30.009703307167204,0.05393653692839287,-6.745098877071029,0.0,0.0,0.0,-0.2096860669737343,0.00037686944715635296,0.04712986464428612,0.0,0.0,0.0,0.0,0.0,0.0,0.0,0.0,0.5,0.0,0.0,1.0,0.0,0.0,0.0
28.6,189.21727073949677,-0.33945397702189145,43.5059729909708,7.292113023867705e-05,0.0,0.0,0.7071067811865476,-2.1465288268604155e-10,-0.7071067811865475,-2.1465288301351398e-10,6381286.23667002,-8.275293912195513,6611.056925922912,0.001042985269982004,-1.2968065692949253e-06,3152.684293291221,0.0,1.2961994392586675e-06,0.001042985269982226,-4.628283502796464e-19,5.3182836948695835e-08,2.9858766978366717e-05,-1.6171880909936112e-20,5.3182836948695854e-08,2.9858766978341634e-05,-3.870291647931906e-11,327.9766426971741,0.8950594027846206,68771.7065733352,267.6677105636424,0.59197734074764,0.22599811825193433,-0.0017483691036070895,194.15474077070104,16870.107982693167,9.7705541510871,189.2625439116869,-0.33951036945522434,43.308598099176486,-29.990959562918047,0.053803494940611415,-6.895702051737375,0.0,0.0,0.0,-0.20955509926733154,0.0003759398461244894,0.04818217052836336,0.0,0.0,0.0,0.0,0.0,0.0,0.0,0.0,0.5,0.0,0.0,1.0,0.0,0.0,0.0
28.700000000000003,189.0108076660378,-0.3384432122208463,44.435265888542766,7.292113023867705e-05,0.0,0.0,0.7071067811865476,-2.154034172408878e-10,-0.7071067811865475,-2.1540341756950535e-10,6381281.839595737,-8.309188869253664,6629.968326793878,0.0010459695272886592,-1.3021190848782143e-06,3148.3069739773246,0.0,1.301509832009662e-06,0.0010459695272888813,-4.644466726660526e-19,5.302470408969766e-08,2.9826388943134595e-05,-1.61784747135697e-20,5.302470408969768e-08,2.9826388943109333e-05,-3.8819337929740934e-11,327.99405768603134,0.8954638242831372,68810.07883482288,267.69613491103206,0.5919744283458799,0.23090083292996333,-0.0017430791421584077,194.164094799727,16879.356850249747,9.770567647490124,189.0571822061825,-0.3385010451717623,44.23754163363126,-29.973215382862016,0.05367011224356537,-7.0465168630220605,0.0,0.0,0.0,-0.20943111579140244,0.0003750078644631028,0.04923595517581501,0.0,0.0,0.0,0.0,0.0,0.0,0.0,0.0,0.5,0.0,0.0,1.0,0.0,0.0,0.0
28.8,188.80445965803398,-0.3374198322623381,45.363527631737526,7.292113023867705e-05,0.0,0.0,0.7071067811865476,-2.1615395179573398e-10,-0.7071067811865475,-2.1615395212549672e-10,6381277.349792818,-8.342982284092741,6648.859120384765,0.001048950552971114,-1.3074157142470638e-06,3143.836960823275,0.0,1.3068043385462168e-06,0.0010489505529713361,-4.660650330625757e-19,5.286459610019112e-08,2.97940301320392e-05,-1.6174879542207924e-20,5.286459610019114e-08,2.9794030132013763e-05,-3.893496785548933e-11,328.0118350118082,0.8958778143414815,68849.38815432406,267.72516145049894,0.5919846729407522,0.235797656776735,-0.0017376841804350618,194.17797887016124,16889.575679717647,9.77058142971446,188.8519398757338,-0.337479113516771,45.16545572803358,-29.956476900596197,0.05353639119159263,-7.197560217015125,0.0,0.0,0.0,-0.20931415940308018,0.0003740735186226007,0.050291336714151084,0.0,0.0,0.0,0.0,0.0,0.0,0.0,0.0,0.5,0.0,0.0,1.0,0.0,0.0,0.0
28.900000000000002,188.59822055965776,-0.3363837944952186,46.290751730892445,7.292113023867705e-05,0.0,0.0,0.7071067811865476,-2.1690448635058022e-10,-0.7071067811865475,-2.1690448668148814e-10,6381272.766919474,-8.376672400152371,6667.729218961913,0.001051928333389221,-1.3126961824372035e-06,3139.2739120339975,0.0,1.312082683904062e-06,0.001051928333389443,-4.676833453656636e-19,5.270250628148278e-08,2.976168957405402e-05,-1.6184700213894607e-20,5.27025062814828e-08,2.9761689574028397e-05,-3.9049797004787265e-11,328.0299823420436,0.8963004208908136,68889.51562969727,267.75479212745824,0.5920080544592133,0.2406883370243223,-0.0017321844150635236,194.19639165237228,16900.747640068617,9.770595498815867,188.6468107653829,-0.3364445318043276,46.09233390461036,-29.940708689361255,0.053402249136836055,-7.348839045722261,0.0,0.0,0.0,-0.20920398256583447,0.00037313623111962944,0.05134836357920565,0.0,0.0,0.0,0.0,0.0,0.0,0.0,0.0,0.5,0.0,0.0,1.0,0.0,0.0,0.0
29.0,188.39208322083448,-0.33533517755448494,47.216941531830706,7.292113023867705e-05,0.0,0.0,0.7071067811865476,-2.1765502090542641e-10,-0.7071067811865475,-2.176550212374795e-10,6381268.091524671,-8.410258451105332,6686.5787321500475,0.001054902885850216,-1.3179603694052596e-06,3134.6183762360984,0.0,1.3173447480398234e-06,0.001054902885850438,-4.693016957665919e-19,5.253844692441374e-08,2.972936613103146e-05,-1.6195821972626294e-20,5.253844692441376e-08,2.9729366131005664e-05,-3.916382380811895e-11,328.0484974948391,0.8967315931201058,68930.45643631725,267.7850233793406,0.5920444376141668,0.24557268158683335,-0.0017265810605369184,194.21928821205321,16912.86536526195,9.770609853104533,188.44178768458073,-0.33539737855970353,47.01817950460875,-29.925899012280468,0.05326766627730598,-7.5003654999367235,0.0,0.0,0.0,-0.20910050327087326,0.00037219586359223036,0.05240712067191966,0.0,0.0,0.0,0.0,0.0,0.0,0.0,0.0,0.5,0.0,0.0,1.0,0.0,0.0,0.0
29.1,188.1860410908216,-0.3342739995860907,48.1420953294307,7.292113023867705e-05,0.0,0.0,0.7071067811865476,-2.1840555546027266e-10,-0.7071067811865475,-2.184055557934709e-10,6381263.323711701,-8.443739183899547,6705.407669829566,0.0010578742120183752,-1.3232080789581437e-06,3129.8704565512016,0.0,1.3225903347604132e-06,0.0010578742120185972,-4.709200326101136e-19,5.237242084884476e-08,2.9697058764509626e-05,-1.6180456704163393e-20,5.237242084884478e-08,2.9697058764483653e-05,-3.927704290892145e-11,328.0673800600782,0.8971713214787538,68972.20966733189,267.8158545365139,0.5920937494359572,0.25045047193493325,-0.001720874841127765,194.24664512740287,16925.926106134357,9.77062449226436,188.2368640627294,-0.33433767185577623,47.942990826625426,-29.912040819963497,0.05313262058499875,-7.652152690525672,0.0,0.0,0.0,-0.20900367226216357,0.00037125226212467155,0.053467699601534996,0.0,0.0,0.0,0.0,0.0,0.0,0.0,0.0,0.5,0.0,0.0,1.0,0.0,0.0,0.0
29.200000000000003,187.98008806278003,-0.3332002186774928,49.06620632716857,7.292113023867705e-05,0.0,0.0,0.7071067811865476,-2.1915609001511887e-10,-0.7071067811865475,-2.1915609034946233e-10,6381258.463140645,-8.47711282902709,6724.215942370957,0.0010608422979544985,-1.3284390340979818e-06,3125.0298130524657,0.0,1.3278191670679566e-06,0.0010608422979547206,-4.725384421225164e-19,5.2204421470727755e-08,2.966476651107233e-05,-1.6165638581511078e-20,5.2204421470727775e-08,2.9664766511046176e-05,-3.938944503685524e-11,328.0866313896563,0.8976196374490659,69014.77831205963,267.84728780633185,0.592155977551977,0.2553214579600753,-0.001715066007702961,194.2784599365621,16939.93166428963,9.7706394173455,188.0320337932805,-0.3332653697418433,48.86676108623628,-29.899131582891954,0.052997087286307115,-7.804214999308721,0.0,0.0,0.0,-0.20891347186526338,0.00037030525361693206,0.05453020085778859,0.0,0.0,0.0,0.0,0.0,0.0,0.0,0.0,0.5,0.0,0.0,1.0,0.0,0.0,0.0
29.3,187.77421722517047,-0.33211391367723664,49.98927761334444,7.292113023867705e-05,0.0,0.0,0.7071067811865476,-2.1990662456996506e-10,-0.7071067811865475,-2.1990662490545367e-10,6381253.510359344,-8.510378643470498,6743.003657217215,0.001063807160618617,-1.3336531184246051e-06,3120.096993240217,0.0,1.3330311285622853e-06,0.0010638071606188391,-4.741567692331188e-19,5.2034461113804845e-08,2.9632488270229248e-05,-1.618057959069335e-20,5.2034461113804865e-08,2.963248827020292e-05,-3.950102875974679e-11,328.10624930615427,0.8980764903243253,69058.15755577968,267.87931963353884,0.5922309851332872,0.2601854567053605,-0.0017091558069399502,194.3146872601104,16954.87484205778,9.77065462666166,187.82728992421033,-0.33218055095545734,49.78949336726493,-29.88715970242371,0.05286104596603689,-7.956564069007287,0.0,0.0,0.0,-0.2088298210372638,0.0003693546954224242,0.05559470579158347,0.0,0.0,0.0,0.0,0.0,0.0,0.0,0.0,0.5,0.0,0.0,1.0,0.0,0.0,0.0
29.400000000000002,187.56842217034975,-0.3310151032051589,50.91130720194498,7.292113023867705e-05,0.0,0.0,0.7071067811865476,-2.206571591248113e-10,-0.7071067811865475,-2.206571594614451e-10,6381248.465471464,-8.543535379334914,6761.7708222193405,0.0010667688013533665,-1.3388501365459038e-06,3115.0721006104723,0.0,1.338226023851289e-06,0.0010667688013535886,-4.757751690817633e-19,5.1862542671445696e-08,2.960022302604605e-05,-1.6179248397187427e-20,5.1862542671445716e-08,2.9600223026019546e-05,-3.961178878142439e-11,328.12623339796664,0.8985418705192535,69102.34648834752,267.91194934607154,0.5923186966577121,0.26504225572369927,-0.0017031450044642875,194.35530290548783,16970.753015699465,9.770670119895714,187.62262602771892,-0.3310832340410686,50.711185687565866,-29.876118164289924,0.05272447367787926,-8.10921269296796,0.0,0.0,0.0,-0.2087526707675355,0.00036840042720896483,0.05666130379355776,0.0,0.0,0.0,0.0,0.0,0.0,0.0,0.0,0.5,0.0,0.0,1.0,0.0,0.0,0.0
29.5,187.3626968425375,-0.32990374609417744,51.83228798552137,7.292113023867705e-05,0.0,0.0,0.7071067811865476,-2.214076936796575e-10,-0.7071067811865475,-2.214076940174365e-10,6381243.328138956,-8.576581254239478,6780.517345822618,0.0010697272059158446,-1.3440298094417607e-06,3109.954797097482,0.0,1.3434035739148513e-06,0.0010697272059160667,-4.773935555657939e-19,5.1688659675187215e-08,2.9567969823039154e-05,-1.6181271164569055e-20,5.1688659675187235e-08,2.9567969823012473e-05,-3.97217158164996e-11,328.1465850095871,0.8990158093437937,69147.34808271517,267.94517913919856,0.592419096129359,0.2698916080822707,-0.001697033902631865,194.40030329634413,16987.56807231759,9.77068589809218,187.41803604771656,-0.32997337779002717,51.63183095199311,-29.866004371922223,0.052587344403242045,-8.262175118510305,0.0,0.0,0.0,-0.2086820029131397,0.0003674422671774802,0.05773009441365952,0.0,0.0,0.0,0.0,0.0,0.0,0.0,0.0,0.5,0.0,0.0,1.0,0.0,0.0,0.0
29.6,187.15703456665958,-0.32877992139953033,52.752222798914524,7.292113023867705e-05,0.0,0.0,0.7071067811865476,-2.221582282345037e-10,-0.7071067811865475,-2.2215822857342789e-10,6381238.0989085315,-8.609515548401866,6799.243333317666,0.001072682390923528,-1.349192024343397e-06,3104.7456290827445,0.0,1.348563665984193e-06,0.0010726823909237501,-4.790119631760515e-19,5.15128244807374e-08,2.9535727598045782e-05,-1.618343394968027e-20,5.151282448073742e-08,2.9535727598018925e-05,-3.98308085718635e-11,328.16730196804633,0.8994982561948489,69193.1575340008,267.9790054649293,0.5925320453155932,0.27473334028137736,-0.0016908237763150367,194.44964264877947,17005.31297308166,9.770701959568317,187.21351326862242,-0.328851061145355,52.55143199099917,-29.856806861689186,0.05244963715534693,-8.415462483045376,0.0,0.0,0.0,-0.20861773737452458,0.00036648006868756684,0.05880115547204897,0.0,0.0,0.0,0.0,0.0,0.0,0.0,0.0,0.5,0.0,0.0,1.0,0.0,0.0,0.0
29.700000000000003,186.9514290781721,-0.3276436482149369,53.671109375219345,7.292113023867705e-05,0.0,0.0,0.7071067811865476,-2.2290876278934995e-10,-0.7071067811865475,-2.229087631294193e-10,6381232.77788423,-8.642337019084449,6817.948790526089,0.0010756343573974142,-1.3543365866594556e-06,3099.444700426422,0.0,1.3537061054679574e-06,0.0010756343573976362,-4.806303919557467e-19,5.133504005494773e-08,2.950349535765559e-05,-1.6168708454279632e-20,5.133504005494775e-08,2.9503495357628558e-05,-3.993906181446042e-11,328.18838255768225,0.8999894055210115,69239.79924855285,268.0134277055342,0.5926574685964316,0.27956724635814495,-0.0016845154290786584,194.50329602939325,17023.989072147684,9.770718304005962,187.00905140541795,-0.32771630312308525,53.46998654168704,-29.848525419907503,0.05231133995945807,-8.569089203543914,0.0,0.0,0.0,-0.20855987265862586,0.00036551374806844544,0.05987458770407369,0.0,0.0,0.0,0.0,0.0,0.0,0.0,0.0,0.5,0.0,0.0,1.0,0.0,0.0,0.0
29.8,186.74587437442383,-0.32649488612563216,54.58894029199826,7.292113023867705e-05,0.0,0.0,0.7071067811865476,-2.2365929734419614e-10,-0.7071067811865475,-2.2365929768541068e-10,6381227.364729879,-8.675043871108043,6836.633623938607,0.0010785830907862437,-1.3594632153589373e-06,3094.0516749406233,0.0,1.3588306113351442e-06,0.0010785830907864657,-4.822487730356065e-19,5.115530004602431e-08,2.9471272154639773e-05,-1.6170371484289744e-20,5.115530004602433e-08,2.9471272154612563e-05,-4.004646624749546e-11,328.20981806990926,0.9004908622114491,69287.47144629422,268.0484484813395,0.5927953645670728,0.2843930830405785,-0.0016781092118517721,194.56125876723002,17043.628129610905,9.77073493244398,186.80464445452145,-0.3265690632634546,54.38748719411793,-29.841209516817173,0.052172516632450934,-8.723084733795464,0.0,0.0,0.0,-0.20850875442764336,0.00036454375122621133,0.06095059691147795,0.0,0.0,0.0,0.0,0.0,0.0,0.0,0.0,0.5,0.0,0.0,1.0,0.0,0.0,0.0
29.900000000000002,186.54036401473525,-0.3253337143866906,55.505718134696735,7.292113023867705e-05,0.0,0.0,0.7071067811865476,-2.2440983189904236e-10,-0.7071067811865475,-2.2440983224140207e-10,6381221.859991059,-8.70763540785085,6855.297936722823,0.001081528607369594,-1.3645718012926443e-06,3088.5670978715643,0.0,1.3639370744365568e-06,0.0010815286073698161,-4.838671926044848e-19,5.097361684062006e-08,2.943905696283362e-05,-1.618620645302394e-20,5.097361684062008e-08,2.9439056962806238e-05,-4.015302071877233e-11,328.2316174697328,0.901000831591854,69335.95292357492,268.08406376712463,0.5929455736320811,0.28921068657101556,-0.0016716064236561299,194.62348471575334,17064.190287880647,9.770751843203199,186.60028593471256,-0.3254094207081421,55.30393652942571,-29.83478992892292,0.05203304393255906,-8.877443405897022,0.0,0.0,0.0,-0.20846389899793918,0.0003635692170366797,0.06202914349106156,0.0,0.0,0.0,0.0,0.0,0.0,0.0,0.0,0.5,0.0,0.0,1.0,0.0,0.0,0.0
