t_s,u_b_mps,v_b_mps,w_b_mps,p_b_rps,q_b_rps,r_b_rps,q0,q1,q2,q3,x_e_m,y_e_m,z_e_m,lat_rad,long_rad,h_m,m_fuel_kg,phi_rad,theta_rad,psi_rad,phi_dot_rps,theta_dot_rps,psi_dot_rps,p_nb_rps,q_nb_rps,r_nb_rps,cs_mps,rho_kgpm3,p_kgpms2,T_K,mach,alpha_rad,beta_rad,true_airspeed_mps,qbar_kgpms2,g_mag_mps2,u_n_mps,v_n_mps,w_n_mps,Fx_b_kgmps2,Fy_b_kgmps2,Fz_b_kgmps2,l_b_kgm2ps2,m_b_kgm2ps2,n_b_kgm2ps2,n_x,n_y,n_z,dela_ach_rad,dele_ach_rad,delr_ach_rad,delt_ach_pct,dela_cmd_rad,dele_cmd_rad,delr_cmd_rad,delt_cmd_pct,dela_trim_rad,dele_trim_rad,delr_trim_rad,delt_trim_pct,W_N_mps,W_E_mps,W_D_mps
0.0,0.0,0.0,0.0,0.0,0.0,0.0,0.7071067811865476,0.0,-0.7071067811865475,0.0,6387281.0,0.0,0.0,0.0,0.0,9144.0,0.0,0.0,2.220446049250313e-16,0.0,-7.2921151467e-05,0.0,-1.619174826816838e-20,-7.2921151467e-05,0.0,-1.619174826816838e-20,303.2301162993323,0.45904119204140337,30148.707841120464,228.7993742033871,0.07036240417141898,-3.141592653589793,-1.5707963267948966,21.336000000000002,104.48348945338196,9.752107781729656,0.0,0.0,0.0,1.1670467390740382e-17,0.1905931963218426,1.4292200534623771e-33,0.0,0.0,0.0,8.154477176470858e-20,0.0013317271856911434,-9.986354372885182e-36,0.0,0.0,0.0,0.0,0.0,0.0,0.0,0.0,0.5,0.0,0.0,1.0,1.3064532053303966e-15,21.336000000000002,0.0
0.1,-1.2641933019391844e-16,0.0013063533278647814,0.9751808135701875,0.0,0.0,0.0,0.7071067811818308,-2.5781520347065775e-06,-0.7071067811818307,-2.5781520347065784e-06,6387280.951061969,6.578610353128639e-05,1.31908196558438e-18,2.079067934974894e-25,1.0299547497910789e-11,9143.951061969003,0.0,-7.292125446247496e-06,1.761577027418834e-16,-1.694067703035172e-21,-7.292135710805975e-05,4.089122660727492e-24,-1.1442032219642005e-20,-7.292135710805975e-05,4.172706874954183e-24,-1.1442032188909047e-20,303.2303264276588,0.45904390510926835,30148.928015755842,228.79969138930792,0.07043123520956723,1.5707963267948981,-1.5251266944478103,21.35688644349755,104.68877371950789,9.752107932190055,2.6865970869347167e-17,0.0013134872236163218,0.9751808039874067,1.2320352917465261e-17,0.19076790729572118,-0.008718476747356228,0.0,0.0,0.0,8.608570103306118e-20,0.0013329479394118575,6.091839964037461e-05,0.0,0.0,0.0,0.0,0.0,0.0,0.0,0.0,0.5,0.0,0.0,1.0,1.3064442155599437e-15,21.33585318590701,0.0
0.2,-2.885160295247166e-16,0.002615229908863075,1.9503019043227814,0.0,0.0,0.0,0.7071067811692107,-5.156304069439972e-06,-0.7071067811692106,-5.156304069439972e-06,6387280.804787384,0.00026347807836554505,3.914267188333963e-18,6.169463157777126e-25,4.125042979061957e-11,9143.804787384346,0.0,-1.4584271543971892e-05,1.7713822926646938e-16,-1.411728999266758e-21,-7.292156536713618e-05,8.071422790002075e-24,-1.2719875200829969e-20,-7.292156536713618e-05,8.257033977459759e-24,-1.2719875081460142e-20,303.23095449611714,0.4590520144031447,30149.586112387136,228.80063945031253,0.07064518427829818,1.5707963267948974,-1.4796421224123144,21.42180666001419,105.3280672697669,9.75210838191255,1.7220735893899364e-17,0.0026436963948405535,1.9503018659512537,1.446306272790905e-17,0.19133550450987885,-0.01748972887374731,0.0,0.0,0.0,1.0105740495892735e-19,0.0013369138975635846,0.00012220555539771568,0.0,0.0,0.0,0.0,0.0,0.0,0.0,0.0,0.5,0.0,0.0,1.0,1.3064173453546594e-15,21.33541436215304,0.0
0.30000000000000004,-4.787054853811483e-16,0.003929265295892243,2.925362823257685,0.0,0.0,0.0,0.707106781152944,-7.734456104341615e-06,-0.7071067811529439,-7.734456104341615e-06,6387280.561159844,0.0005948734393785523,2.0625316700822896e-18,3.2508546366953098e-25,9.313407070231018e-11,9143.561159843579,0.0,-2.1876438574916437e-05,1.6947243670020127e-16,-1.6940816781248005e-21,-7.292177665666826e-05,-1.5897261108023982e-25,-1.1929492171754937e-20,-7.292177665666826e-05,1.0200219166232785e-25,-1.1929492172378092e-20,303.2320005751356,0.45906552083236546,30150.682204809793,228.8022184927114,0.07100290462056995,1.5707963267948972,-1.4345250703490695,21.530352814740965,106.40130947960662,9.752109130947632,-1.3230750809233475e-19,0.003993261815157477,2.9253627366713055,1.5949630909383337e-17,0.19229224183956667,-0.026367320255235624,0.0,0.0,0.0,1.1144446650602347e-19,0.00134359888494036,0.00018423573283501217,0.0,0.0,0.0,0.0,0.0,0.0,0.0,0.0,0.5,0.0,0.0,1.0,1.3063725917014618e-15,21.33468347953074,0.0
0.4,-6.54632464956649e-16,0.0052512122010054734,3.9003622645968985,0.0,0.0,0.0,0.7071067811295039,-1.031260813923229e-05,-0.7071067811295038,-1.031260813923229e-05,6387280.21971722,0.0010627625973541712,-2.83557359286626e-18,-4.469283160585093e-25,1.6638734498908837e-10,9143.219717220092,0.0,-2.9168626975512658e-05,1.6254963440950654e-16,-3.952847153694972e-21,-7.292199141811804e-05,1.2502182608710626e-24,-1.2434059905127482e-20,-7.292199141811804e-05,1.612511585842905e-24,-1.2434059866737121e-20,303.2334666489765,0.45908445001669557,30152.218372154413,228.80443151172219,0.07150287294993515,1.5707963267948972,-1.3899525726802946,21.682064043053504,107.91055422511425,9.752110180716214,-6.388489164188215e-17,0.005365003161893348,3.900362109935609,2.1416378349881525e-17,0.1936338910620515,-0.03540473819531499,0.0,0.0,0.0,1.496421373794647e-19,0.0013529733577847492,0.00024738266248161496,0.0,0.0,0.0,0.0,0.0,0.0,0.0,0.0,0.5,0.0,0.0,1.0,1.30630986970907e-15,21.33365915166028,0.0
0.5,-8.183402696335081e-16,0.006583668170142378,4.87529920162186,0.0,0.0,0.0,0.7071067810955122,-1.2890760173936116e-05,-0.7071067810955121,-1.2890760173936116e-05,6387279.780933621,0.001668869992146256,-6.484348220413767e-18,-1.0220292070122385e-24,2.612802397182808e-10,9142.78093362165,0.0,-3.646083701545323e-05,2.0249746463177952e-16,-2.2588073651142e-21,-7.292221004727786e-05,1.3848836198397357e-23,-1.3568500218815317e-20,-7.292221004727786e-05,1.4343904678651965e-23,-1.3568499701118646e-20,303.23535068193326,0.4591087756721488,30154.192481386588,228.8072754344728,0.07214141772644879,1.570796326794897,-1.3460837481982368,21.875828107669005,109.85371214611804,9.752111529760796,-9.236620214429468e-17,0.006761448405367779,4.875298958667959,1.7095467561230554e-17,0.19535040868019093,-0.044652372480666155,0.0,0.0,0.0,1.1945074295804067e-19,0.0013649671394144669,0.0003119984316632993,0.0,0.0,0.0,0.0,0.0,0.0,0.0,0.0,0.5,0.0,0.0,1.0,1.3062292664696673e-15,21.33234280086495,0.0
0.6000000000000001,-9.721710338034209e-16,0.007929163824088434,5.850172038249183,0.0,0.0,0.0,0.7071067810485563,-1.5468912208318554e-05,-0.7071067810485562,-1.5468912208318554e-05,6387279.244815349,0.0024157890985824063,-5.698642710767214e-18,-8.981904710343254e-25,3.782188011496975e-10,9142.244815348648,0.0,-4.375306910068549e-05,1.2278951456796e-16,-3.388178230021377e-21,-7.292243294014125e-05,-1.0541735615795747e-23,-1.1284390456682609e-20,-7.292243294014125e-05,-1.0048008890452737e-23,-1.1284390907114866e-20,303.23765264695345,0.45913849744943824,30156.60450416052,228.81075022012803,0.07291486280903337,1.570796326794897,-1.3030638637931686,22.110531841285923,112.23080841400089,9.752113178062187,-6.676193225847302e-17,0.008185126798580213,5.8501716862407775,2.0735209140982424e-17,0.1974317375499163,-0.054159166967002514,0.0,0.0,0.0,1.4488262040271572e-19,0.0013795099577923937,0.0003784250245877072,0.0,0.0,0.0,0.0,0.0,0.0,0.0,0.0,0.5,0.0,0.0,1.0,1.3061307831406178e-15,21.330734446045945,0.0
0.7000000000000001,-1.1188212963432174e-15,0.009290222902139465,6.824978571160611,0.0,0.0,0.0,0.7071067809871325,-1.8047064242283167e-05,-0.7071067809871324,-1.8047064242283167e-05,6387278.6109010475,0.003307043961456981,1.671715129916555e-18,2.6348708450230372e-25,5.177547690098357e-10,9141.610901047787,0.0,-5.1045323782991876e-05,1.178596561082806e-16,-2.25881536473207e-21,-7.292266050229736e-05,-4.664853067218439e-24,-1.1643388928630554e-20,-7.292266050229736e-05,-4.069867974637305e-24,-1.1643389141928506e-20,303.24037452497896,0.45917364092545765,30159.456516127648,228.81485885889344,0.07381953935826079,1.570796326794897,-1.2610255100059753,22.385064771390507,115.04398267846021,9.752115127039055,-4.065798130504903e-16,0.00963862887824172,6.824978088609303,2.4492669116788294e-17,0.1998678369332161,-0.06397343509508649,0.0,0.0,0.0,1.7113702872103404e-19,0.0013965316555150525,0.0004470000205794907,0.0,0.0,0.0,0.0,0.0,0.0,0.0,0.0,0.5,0.0,0.0,1.0,1.3060143349726953e-15,21.32883270314336,0.0
0.8,-1.2614345768873843e-15,0.010669127061622742,7.7997169486584905,0.0,0.0,0.0,0.7071067809108657,-2.062521627577834e-05,-0.7071067809108655,-2.062521627577834e-05,6387277.879665449,0.004345005594760026,1.6631655982825654e-17,2.6213958130622295e-24,6.802593651084544e-10,9140.879665449573,0.0,-5.8337601433733105e-05,1.2281707993511873e-16,-1.12946087216154e-21,-7.292289308005914e-05,-8.765911987328791e-24,-1.1281787068772374e-20,-7.292289308005914e-05,-8.107948674640396e-24,-1.1281787564000656e-20,303.24351427762946,0.4592141797816965,30162.746381451812,228.81959827386066,0.07485002573696571,1.570796326794897,-1.2200724453971763,22.69778485989406,118.29122883663761,9.752117375232102,-1.9774423826462876e-16,0.011124166567698563,7.799716313494984,2.8384225507679086e-17,0.20264392550170443,-0.0741379553033343,0.0,0.0,0.0,1.9832840564536054e-19,0.0014159289513676254,0.0005180223243765926,0.0,0.0,0.0,0.0,0.0,0.0,0.0,0.0,0.5,0.0,0.0,1.0,1.3058800091724788e-15,21.326638996348716,0.0
0.9,-1.4034818868435093e-15,0.01206812893369098,8.774384730497015,0.0,0.0,0.0,0.7071067808202973,-2.3203368308791273e-05,-0.7071067808202972,-2.3203368308791276e-05,6387277.051115568,0.00553294841627883,3.9136593576613004e-17,6.168508776137827e-24,8.662452516150799e-10,9140.051115567796,0.0,-6.562990256574966e-05,1.9318076979421414e-16,-1.355269449743396e-20,-7.292313102586696e-05,-2.845059400436814e-23,-1.0199330550211508e-20,-7.292313102586696e-05,-2.778121287333003e-23,-1.0199332395455511e-20,303.2470718747892,0.45926011362931846,30166.474068577623,228.82496841957072,0.07600116561773819,1.570796326794897,-1.1802927658322306,23.04713093265001,121.97265336003652,9.75211992262007,-1.7606698894410975e-16,0.01264399092274096,8.774383919928708,3.2425685778422683e-17,0.205745938327817,-0.08469401577542746,0.0,0.0,0.0,2.265672022881929e-19,0.0014376035698252588,0.0005917804278964458,0.0,0.0,0.0,0.0,0.0,0.0,0.0,0.0,0.5,0.0,0.0,1.0,1.3057278070283811e-15,21.324153346703387,0.0
1.0,-1.5488440855657247e-15,0.013489505571167975,9.748978829982864,0.0,0.0,0.0,0.7071067807168994,-2.5781520341347666e-05,-0.7071067807168993,-2.578152034134766e-05,6387276.124790865,0.006875127939223674,6.809136679554122e-17,1.0732212916171327e-23,1.076378695017711e-09,9139.124790864997,0.0,-7.292222784547872e-05,1.7181172555925393e-16,6.77607868785722e-21,-7.292337470664946e-05,3.821472292566543e-24,-1.175922333414743e-20,-7.292337470664946e-05,4.679086820868764e-24,-1.1759223021943045e-20,303.2510492938972,0.45931146799998773,30170.64164948602,228.83097228094138,0.07726805450649515,1.570796326794897,-1.1417612279877227,23.43161862377306,126.09047716699274,9.75212277061924,2.342296082753976e-17,0.01420044553189321,9.748977820351392,3.663262284381198e-17,0.20916048809182455,-0.09568229206407912,0.0,0.0,0.0,2.559622308967171e-19,0.001461461969995774,0.0006685585424350798,0.0,0.0,0.0,0.0,0.0,0.0,0.0,0.0,0.5,0.0,0.0,1.0,1.305557643941043e-15,21.321374372594992,0.0
1.1,-1.701748578807962e-15,0.014935226764609413,10.723496582652292,0.0,0.0,0.0,0.7071067806032565,-2.83596723735184e-05,-0.7071067806032564,-2.835967237351839e-05,6387275.101166686,0.00837455190011547,1.0125686312323631e-16,1.5959591364987016e-23,1.3111306102082684e-09,9138.101166686043,0.0,-8.021457774394425e-05,1.788506869714889e-16,1.1293538161433314e-20,-7.292362441985654e-05,-3.7853882349040267e-23,-9.899067806287351e-21,-7.292362441985654e-05,-3.7058986174786366e-23,-9.89907079141984e-21,303.25544449393504,0.45936821654113447,30175.2469855768,228.83760677708244,0.07864450391733088,1.570796326794897,-1.1045217740071487,23.84937401344761,130.6427703982701,9.752125917768549,-4.790293224479086e-17,0.015795430205333968,10.723495349651047,4.101791414580028e-17,0.2128707196823656,-0.10713641930284955,0.0,0.0,0.0,2.866034697065804e-19,0.001487386380571218,0.0007485916859397301,0.0,0.0,0.0,0.0,0.0,0.0,0.0,0.0,0.5,0.0,0.0,1.0,1.3053696072299004e-15,21.31830350005813,0.0
1.2000000000000002,-1.8667952549937005e-15,0.01640726715553524,11.697934704097067,0.0,0.0,0.0,0.7071067804828645,-3.093782440541241e-05,-0.7071067804828643,-3.0937824405412404e-05,6387273.980250758,0.010035175659701199,1.3535876051521072e-16,2.1334562617566667e-23,1.5711202761506135e-09,9136.980250758119,0.0,-8.750695288042384e-05,1.587857116023119e-16,6.776014107132089e-21,-7.292388047436156e-05,2.710937974996426e-23,-1.2714568704378989e-20,-7.292388047436156e-05,2.8221992809258706e-23,-1.2714566283439082e-20,303.260257441724,0.45943035882437255,30180.290042084973,228.8448718579111,0.08012482210012842,1.5707963267948968,-1.0686066670191212,24.298674177557277,135.6297150040379,9.752129364044668,1.7193495919667992e-16,0.017430917711034385,11.697933222669581,1.9150984539814307e-17,0.21686111980541112,-0.11908907908028789,0.0,0.0,0.0,1.3381320653941244e-19,0.001515268405891111,0.0008321082136758646,0.0,0.0,0.0,0.0,0.0,0.0,0.0,0.0,0.5,0.0,0.0,1.0,1.3051636983144133e-15,21.314940752274357,0.0
1.3,-2.0490656260871284e-15,0.017907653088456467,12.672289212035816,0.0,0.0,0.0,0.7071067803602137,-3.351597643717929e-05,-0.7071067803602136,-3.3515976437179274e-05,6387272.761583369,0.011861996051212378,1.6600983804479939e-16,2.6165635324133546e-23,1.8571300295447276e-09,9135.761583369536,0.0,-9.479935403709113e-05,1.580068526122557e-16,9.034724865196617e-21,-7.292414319778842e-05,-9.624061557670962e-24,-1.1424155563208606e-20,-7.292414319778842e-05,-8.541492035813585e-24,-1.1424156436181373e-20,303.2654901111573,0.4594979203355865,30185.772887276293,228.85277050299297,0.08170376111702728,1.5707963267948968,-1.0340389573666062,24.7779311874684,141.05360840262773,9.752133110861468,1.6999494614755347e-16,0.019109000572158544,12.672287456273496,2.1158529184398138e-17,0.2211173712736213,-0.13157285726093543,0.0,0.0,0.0,1.4784047420308274e-19,0.0015450080078220313,0.0009193358120589291,0.0,0.0,0.0,0.0,0.0,0.0,0.0,0.0,0.5,0.0,0.0,1.0,1.3049398327469153e-15,21.31128475010861,0.0
1.4000000000000001,-2.2393035347508064e-15,0.019438076778495378,13.64655676854298,0.0,0.0,0.0,0.7071067802516507,-3.6094128470424346e-05,-0.7071067802516506,-3.6094128470424346e-05,6387271.445640608,0.013858573504775294,1.738246642879322e-16,2.739737458948421e-23,2.1697173236082887e-09,9134.445640607737,0.0,-0.00010209178177345373,1.670117443757389e-16,-6.776626239748717e-21,-7.292441284408145e-05,3.448438923753592e-24,-1.2113145005911888e-20,-7.292441284408145e-05,4.684612176862108e-24,-1.2113144604852973e-20,303.27114045802807,0.45957087468103874,30191.693379209675,228.861299626625,0.08337519708263638,1.5707963267948968,-1.0008148598965947,25.285291137259502,146.91259052171716,9.75213715675572,2.590081346087019e-17,0.020831300703862316,13.64655471239104,2.3255477949378496e-17,0.2256227966084172,-0.14461258881003097,0.0,0.0,0.0,1.624924330936309e-19,0.0015764886562252278,0.001010448009834978,0.0,0.0,0.0,0.0,0.0,0.0,0.0,0.0,0.5,0.0,0.0,1.0,1.3046980979832507e-15,21.30733692182321,0.0
1.5,-2.3830939472284006e-15,0.02100029179616373,14.620733835966313,0.0,0.0,0.0,0.7071067801972581,-3.8672280510251595e-05,-0.707106780197258,-3.8672280510251595e-05,6387270.032431634,0.016029217855819452,1.049743579198666e-16,1.6545537188014922e-23,2.509556942861413e-09,9133.032431634143,0.0,-0.00010938423677190733,1.853829816239074e-16,-1.3552992382560755e-20,-7.29246896874548e-05,-3.662812882007265e-23,-1.0748761337843921e-20,-7.29246896874548e-05,-3.545238354810767e-23,-1.074876528007984e-20,303.27720844299944,0.4596492213528309,30198.05147666743,228.87045916942847,0.08513362881124084,1.5707963267948968,-0.9689251011563376,25.819089290495633,153.2069165387922,9.752141501699807,-2.2384637803922483e-16,0.02259956948339435,14.620731454218715,2.544581086912717e-17,0.23036239933639116,-0.1582330232973452,0.0,0.0,0.0,1.777968928080162e-19,0.0016096055666083267,0.0011056177390683965,0.0,0.0,0.0,0.0,0.0,0.0,0.0,0.0,0.5,0.0,0.0,1.0,1.3044384957063449e-15,21.30309729490243,0.0
1.6,-2.4901003420488863e-15,0.0225959130275403,15.59481575820808,0.0,0.0,0.0,0.7071067801757043,-4.125043255435208e-05,-0.7071067801757042,-4.125043255435208e-05,6387268.521498044,0.01837957860132034,-2.0268186931987414e-17,-3.1945717888719845e-24,2.8775334153201202e-09,9131.521498044021,0.0,-0.0001166767199120897,1.4858228221304635e-16,-1.3552954263987886e-20,-7.292497399105221e-05,-3.329041690651714e-23,-1.0687227415099106e-20,-7.292497399105221e-05,-3.204443720225878e-23,-1.0687231259207539e-20,303.2836960343528,0.4597329857643913,30204.849242035252,228.88025210249822,0.08697409178648932,1.5707963267948968,-0.9383566868233121,26.377824056593056,159.93895964283104,9.752146147103721,-7.676797059534207e-16,0.024415487563176307,15.594813024086768,2.7733614169644834e-17,0.2353226312535191,-0.17245957063798303,0.0,0.0,0.0,1.9378240493337285e-19,0.0016442640739362461,0.0012050225458383967,0.0,0.0,0.0,0.0,0.0,0.0,0.0,0.0,0.5,0.0,0.0,1.0,1.3041609417086148e-15,21.298564494132066,0.0
1.7000000000000002,-2.5769328811576693e-15,0.024226149023291926,16.568798646894336,0.0,0.0,0.0,0.7071067801616711,-4.382858459986094e-05,-0.707106780161671,-4.382858459986094e-05,6387266.913317007,0.02091372234053308,-1.7541990271750886e-16,-2.764882787157443e-23,3.2742834496402644e-09,9129.913317007324,0.0,-0.00012396923182584582,1.0291797703596422e-16,-3.35943196030533e-25,-7.292526593303977e-05,-3.955415884635951e-24,-1.1253972545385521e-20,-7.292526593303977e-05,-2.5605000216572552e-24,-1.1253972957049211e-20,303.29060118323326,0.4598221414619695,30212.0845285018,228.89067533311496,0.08889104052822032,1.5707963267948968,-0.9090757939143743,26.959817165997055,167.10692710318128,9.752151091501009,-6.0500946340331e-16,0.026280192824989054,16.568795531864886,3.012169180849265e-17,0.24048838567851355,-0.18730966704902488,0.0,0.0,0.0,2.104685614938853e-19,0.0016803586236637856,0.0013087842617987289,0.0,0.0,0.0,0.0,0.0,0.0,0.0,0.0,0.5,0.0,0.0,1.0,1.3038655236447587e-15,21.29373995102197,0.0
1.8,-2.6576734277118922e-15,0.02589229985409202,17.542678111542784,0.0,0.0,0.0,0.7071067801339428,-4.640673664437163e-05,-0.7071067801339427,-4.640673664437163e-05,6387265.207898549,0.023636643520694667,-3.380341405505094e-16,-5.327930369967014e-23,3.7005890238384627e-09,9128.207898548804,0.0,-0.00013126177329185907,1.5961395063163146e-16,-5.906658301381577e-25,-7.29255657165644e-05,-1.0081446192081305e-22,-8.392097847876652e-21,-7.29255657165644e-05,-9.971289941032612e-23,-8.39211100866519e-21,303.2979238465969,0.4599166878898046,30219.75729096519,228.90172879630444,0.09087957289740994,1.5707963267948968,-0.8810486016944659,27.563585779849895,174.7111417995324,9.752156334861526,3.8515408729473564e-16,0.028194982699129376,17.542674585077428,3.2612980501988815e-17,0.24584629125117397,-0.20280157429874318,0.0,0.0,0.0,2.2787588213575855e-19,0.0017177957864123923,0.001417030486956826,0.0,0.0,0.0,0.0,0.0,0.0,0.0,0.0,0.5,0.0,0.0,1.0,1.303552243356294e-15,21.288623695646415,0.0
1.9000000000000001,-2.7442096643613628e-15,0.027595787957204816,18.51644915539047,0.0,0.0,0.0,0.7071067800749034,-4.8984888685878844e-05,-0.7071067800749032,-4.8984888685878844e-05,6387263.404785784,0.026554382939533643,-4.891680818960411e-16,-7.710032533089493e-23,4.157395939306649e-09,9126.40478578365,0.0,-0.00013855434525392773,1.8024016355902542e-16,-4.518259016217829e-21,-7.292587357457353e-05,5.521965600391897e-23,-1.2204817062191203e-20,-7.292587357457353e-05,5.691074955113981e-23,-1.2204809291309825e-20,303.30566598619913,0.4600166503770625,30227.86958497293,228.9134154533103,0.09293532966472692,1.5707963267948968,-0.8542420303408687,28.187812110808284,182.75404969862146,9.752161878590725,4.283390411578616e-16,0.03016134494602395,18.51644518473953,3.521064833540271e-17,0.25138443756045553,-0.2189549929073066,0.0,0.0,0.0,2.460265031438194e-19,0.0017564923408578672,0.001529898874276105,0.0,0.0,0.0,0.0,0.0,0.0,0.0,0.0,0.5,0.0,0.0,1.0,1.3032210169148418e-15,21.283214357350953,0.0
2.0,-2.846084589043203e-15,0.029337616118220385,19.490107751937273,0.0,0.0,0.0,0.707106779971087,-5.156304072283311e-05,-0.7071067799710868,-5.156304072283312e-05,6387261.504457187,0.02967120827315668,-6.136548401268322e-16,-9.672135965624621e-23,4.645372395601267e-09,9124.504457187219,0.0,-0.0001458469483794334,1.3711133915874858e-16,-1.8070673090578543e-20,-7.292618965296362e-05,1.3698551082051763e-22,-1.3925814215565744e-20,-7.292618965296362e-05,1.3901656352973454e-22,-1.392579408756441e-20,303.31382554757977,0.46012200239762274,30236.4192578406,228.9257322029524,0.09505356113134053,1.5707963267948968,-0.8286077163029907,28.831059316104287,191.2339211638416,9.752167721218251,-4.679765841026504e-16,0.032180211316176016,19.490103302435145,3.7916581691390345e-17,0.2570898737658155,-0.2357816532154103,0.0,0.0,0.0,2.6493360519352786e-19,0.001796357795908393,0.0016474713868796082,0.0,0.0,0.0,0.0,0.0,0.0,0.0,0.0,0.5,0.0,0.0,1.0,1.3028719322148994e-15,21.277513371561653,0.0
2.1,-2.9705482602904874e-15,0.03111889831317747,20.46364930998426,0.0,0.0,0.0,0.7071067798127709,-5.4141192754102605e-05,-0.7071067798127708,-5.4141192754102605e-05,6387259.506924226,0.032992386043674285,-6.99988546548243e-16,-1.1032890289966969e-22,5.165342978143957e-09,9122.506924225949,0.0,-0.0001531395834930534,8.59313722438083e-17,-1.3552970994855902e-20,-7.292651412568499e-05,1.2909173048454244e-22,-1.3551891550160875e-20,-7.292651412568499e-05,1.3116705999025309e-22,-1.3551871622199447e-20,303.32240248150475,0.46023274331579883,30245.4062579801,228.93867897091238,0.09723011389394949,1.5707963267948968,-0.8041008991189282,29.492071739863093,200.15114597486317,9.752173862709652,-1.851797433307179e-16,0.03425269273582602,20.463644344949934,4.073292884583339e-17,0.262951255221369,-0.2532949141287452,0.0,0.0,0.0,2.8461219888048344e-19,0.001837312883396854,0.0017698413671227977,0.0,0.0,0.0,0.0,0.0,0.0,0.0,0.0,0.5,0.0,0.0,1.0,1.3025049913628178e-15,21.271520772677846,0.0
2.2,-3.122729818296971e-15,0.032940886139707866,21.437068564698993,0.0,0.0,0.0,0.7071067795937438,-5.67193447789462e-05,-0.7071067795937437,-5.6719344778946214e-05,6387257.411731633,0.03652430657719066,-7.400513523563213e-16,-1.166434524715631e-22,5.718308223185339e-09,9120.411731633358,0.0,-0.000160432251596128,1.2877939210763607e-16,-2.710579117189508e-20,-7.292684719886901e-05,-1.1618704393945968e-23,-1.0397202768772295e-20,-7.292684719886901e-05,-9.951134500010099e-24,-1.039720452141799e-20,303.33139874278066,0.4603488983710386,30254.83263365799,228.9522587079449,0.09946133048129248,1.5707963267948968,-0.7806803412119605,30.169744562281743,209.5082423858824,9.752180304465536,4.638282673439895e-16,0.03638010566342981,21.437063045344367,4.366217573928491e-17,0.2689585692865112,-0.271510234297518,0.0,0.0,0.0,3.05079654156397e-19,0.0018792876422440974,0.001897116828854707,0.0,0.0,0.0,0.0,0.0,0.0,0.0,0.0,0.5,0.0,0.0,1.0,1.3021201107275009e-15,21.265235194900075,0.0
2.3000000000000003,-3.305203936757467e-15,0.03480437931066625,22.410361354359058,0.0,0.0,0.0,0.7071067793122267,-5.9297496797111436e-05,-0.7071067793122265,-5.9297496797111436e-05,6387255.219359167,0.04027143469039562,-7.298342650961892e-16,-1.1503312243451695e-22,6.3049672060477825e-09,9118.21935916692,0.0,-0.00016772495338912558,1.453738811611893e-16,-1.807095334991226e-20,-7.292718898656156e-05,-7.626006855272413e-23,-9.195774489691381e-21,-7.292718898656156e-05,-7.471823052684877e-23,-9.195787176667535e-21,303.3408122714424,0.4604704409661419,30264.69622642153,228.96646830455995,0.10174327879221183,1.5707963267948968,-0.7582937493187633,30.862888902910793,219.30354120424772,9.752187045011722,7.363051012417507e-17,0.03856317839581206,22.410355240318754,4.670553804156356e-17,0.27510107910805964,-0.2904351732808139,0.0,0.0,0.0,3.2634446524130125e-19,0.0019222070510981134,0.0020293505927979007,0.0,0.0,0.0,0.0,0.0,0.0,0.0,0.0,0.5,0.0,0.0,1.0,1.3017173784389666e-15,21.258658077500762,0.0
2.4000000000000004,-3.5183888695809805e-15,0.03671030570745669,23.383522887048883,0.0,0.0,0.0,0.7071067789699887,-6.187564880874113e-05,-0.7071067789699886,-6.187564880874113e-05,6387252.929819738,0.04423930898027315,-6.687721962647539e-16,-1.0540883784014102e-22,6.926187120872585e-09,9115.929819737561,0.0,-0.00017501768974094065,1.9131130282421595e-16,-2.7106379333131704e-20,-7.292753963351326e-05,-5.2434400468384335e-23,-9.950387486020317e-21,-7.292753963351326e-05,-5.069290584438048e-23,-9.950396510571791e-21,303.35064301205347,0.4605973703853424,30274.996978183826,228.98130767707696,0.10407254430111597,1.5707963267948968,-0.7368942406765367,31.57047323364395,229.53749741758995,9.752194084309435,-2.036493754881648e-16,0.04080283533464587,23.38351613641547,4.986459542611971e-17,0.2813694391955366,-0.31007955416924543,0.0,0.0,0.0,3.4841766974891497e-19,0.001966005810441537,0.0021666112955934995,0.0,0.0,0.0,0.0,0.0,0.0,0.0,0.0,0.5,0.0,0.0,1.0,1.3012967968689137e-15,21.251789459212684,0.0
2.5,-3.760556374739239e-15,0.03865974339573717,24.356547626962662,0.0,0.0,0.0,0.7071067785723905,-6.445380081437683e-05,-0.7071067785723903,-6.445380081437685e-05,6387250.542659715,0.04843467323757153,-5.597305535395196e-16,-8.82222222512178e-23,7.583023856564177e-09,9113.542659714507,0.0,-0.00018231046170931074,1.279827120092584e-16,-2.7106024080003373e-20,-7.292789931861361e-05,1.0581374623663987e-22,-1.3329842036329061e-20,-7.292789931861361e-05,1.0824368430044805e-22,-1.3329822536066921e-20,303.3608929123971,0.4607297117774055,30285.736929852286,228.99677976564877,0.10644613905896365,1.5707963267948968,-0.716439757361274,32.29159587223399,240.21270079310273,9.75220142375439,3.313423167850082e-16,0.04310021891731313,24.356540196340884,5.314134812455424e-17,0.287755446584713,-0.3304558152653342,0.0,0.0,0.0,3.7131324384864985e-19,0.002010626603902758,0.002308985847088927,0.0,0.0,0.0,0.0,0.0,0.0,0.0,0.0,0.5,0.0,0.0,1.0,1.300858282686721e-15,21.244627979143523,0.0
2.6,-4.0274116414507225e-15,0.040653291707968366,25.329431280059584,0.0,0.0,0.0,0.7071067781291727,-6.703195281504461e-05,-0.7071067781291726,-6.703195281504461e-05,6387248.058360119,0.052862185483295326,-4.096999518875397e-16,-6.457509622764068e-23,8.276206749143444e-09,9111.05836011935,0.0,-0.00018960327002536656,9.398347973312811e-17,-2.2588322402474133e-20,-7.292826812447709e-05,9.030364704421349e-23,-1.3276551715225342e-20,-7.292826812447709e-05,9.282143380298089e-23,-1.3276534326973861e-20,303.3715599070804,0.4608674384750503,30296.913917286853,229.01288145259227,0.1088608702304037,1.5707963267948968,-0.6968801266307133,33.025292099271645,251.32753990268728,9.75220906186863,-1.2543424778276535e-15,0.04545585666504748,25.329423125306096,5.653653717633479e-17,0.29425036563968543,-0.35156856467199954,0.0,0.0,0.0,3.9503636538747952e-19,0.0020560083931863817,0.0024565064453691632,0.0,0.0,0.0,0.0,0.0,0.0,0.0,0.0,0.5,0.0,0.0,1.0,1.3004019242546211e-15,21.23717508035805,0.0
2.7,-4.3125411190003636e-15,0.04269169243091962,26.30216885370743,0.0,0.0,0.0,0.7071067776535974,-6.961010481216197e-05,-0.7071067776535973,-6.9610104812162e-05,6387245.476935307,0.057527656389302004,-2.2905608299727537e-16,-3.6102822465084277e-23,9.006645602871773e-09,9108.476935306564,0.0,-0.00019689611560044348,1.4470404677893323e-16,-5.421141193901495e-20,-7.292864616665136e-05,1.0251448862454396e-22,-1.3843610124035212e-20,-7.292864616665136e-05,1.0524023967909647e-22,-1.3843589670985645e-20,303.38264393446866,0.46101054968248134,30308.527875906027,229.02961264487064,0.11131397705903576,1.5707963267948968,-0.6781711390435426,33.77072866703106,262.88253319546084,9.75221699860907,6.41809327197971e-16,0.04787048643464636,26.30215993010514,6.005134384343496e-17,0.3008466189886883,-0.3734251479855107,0.0,0.0,0.0,4.1959528816834135e-19,0.002102098233107738,0.0026092244161396157,0.0,0.0,0.0,0.0,0.0,0.0,0.0,0.0,0.5,0.0,0.0,1.0,1.2999277242094882e-15,21.22943080591969,0.0
2.8000000000000003,-4.6072603433718966e-15,0.04477584740593383,27.27475453822315,0.0,0.0,0.0,0.7071067771627625,-7.218825680757158e-05,-0.7071067771627624,-7.218825680757161e-05,6387242.797933302,0.06243818714725239,-3.1805897778132774e-17,-5.013109194621885e-24,9.775452277208911e-09,9105.7979333022,0.0,-0.0002041889995475059,1.7830112742092062e-16,-5.421185163288523e-20,-7.292903359635811e-05,-4.3720388426219326e-23,-1.1651304897877427e-20,-7.292903359635811e-05,-4.13413010441921e-23,-1.165131358165409e-20,303.3941469352311,0.4611590704566119,30320.58083916309,229.0469762718983,0.1138030530029531,1.5707963267948968,-0.6602737280198598,34.52718027846682,274.8803410963956,9.752225235366456,-3.8603948387856333e-16,0.050345073923234715,27.27474480069741,6.368743146821204e-17,0.3075375742372351,-0.39603590858581833,0.0,0.0,0.0,4.450016344226638e-19,0.002148849781298818,0.0027672120314463904,0.0,0.0,0.0,0.0,0.0,0.0,0.0,0.0,0.5,0.0,0.0,1.0,1.2994355995250551e-15,21.221393799906597,0.0
2.9000000000000004,-4.900503859073433e-15,0.04690615827741892,28.2471839101514,0.0,0.0,0.0,0.7071067766777627,-7.476640880355958e-05,-0.7071067766777626,-7.476640880355959e-05,6387240.02183637,0.06759862504619728,1.6421866813134654e-16,2.5883453740845045e-23,1.0583385753872583e-08,9103.021836371472,0.0,-0.00021148192262594802,1.8506913988774218e-16,-2.7107013066050427e-20,-7.29294304651997e-05,-2.405235954633138e-22,-8.73566803040298e-21,-7.29294304651997e-05,-2.386769698590297e-22,-8.735718751035352e-21,303.4060668386349,0.4613129740612159,30333.07063732285,229.06496920793168,0.11632553006770854,1.5707963267948968,-0.6431426851740385,35.2938716491925,287.319407231424,9.752233770659123,-7.200458152677521e-16,0.05287994855505955,28.24717331419148,6.744521127889881e-17,0.31431618678424933,-0.41940340366738066,0.0,0.0,0.0,4.712582775154339e-19,0.002196213815190574,0.00293048715911187,0.0,0.0,0.0,0.0,0.0,0.0,0.0,0.0,0.5,0.0,0.0,1.0,1.2989256387920043e-15,21.213065509114415,0.0
3.0,-5.179026310765837e-15,0.049083180737509585,29.219451776143337,0.0,0.0,0.0,0.7071067762233527,-7.734456080281812e-05,-0.7071067762233526,-7.734456080281815e-05,6387237.148660309,0.07301505283286765,3.3770114285116014e-16,5.322705361533698e-23,1.1431398448730245e-08,9100.148660309613,0.0,-0.00021877488578776996,1.6458275860981732e-16,-5.421199014717615e-20,-7.292983685951728e-05,1.290554329524941e-23,-1.3192225685993978e-20,-7.292983685951728e-05,1.5791670631120906e-23,-1.3192222546879115e-20,303.41840357685913,0.461472259620624,30345.997199321766,229.08359135059584,0.11887919306766083,1.5707963267948968,-0.6267385937281992,36.07013497909487,300.20031170777054,9.752242604439669,-2.5600739885659154e-16,0.05547566162196427,29.219440278127323,7.132559002665622e-17,0.3211763541247761,-0.4435332717998747,0.0,0.0,0.0,4.983715531668925e-19,0.002244147694899181,0.003099089197376244,0.0,0.0,0.0,0.0,0.0,0.0,0.0,0.0,0.5,0.0,0.0,1.0,1.298397844911873e-15,21.20444598092884,0.0
3.1,-5.427088172678871e-15,0.051307637710892216,30.191552049734753,0.0,0.0,0.0,0.7071067758285341,-7.992271280850947e-05,-0.707106775828534,-7.992271280850951e-05,6387234.177954823,0.07869493303610528,4.633347454895259e-16,7.302893524926793e-23,1.2320658809805772e-08,9097.17795482371,0.0,-0.00022606789019996663,1.6268320225100003e-16,-7.228214891785067e-20,-7.293025290243893e-05,-6.585985155574774e-23,-1.2185132131013047e-20,-7.293025290243893e-05,-6.310570397518976e-23,-1.2185146742535135e-20,303.4311507058795,0.461637676825098,30359.43942198308,229.10284590573744,0.12146211856093733,1.5707963267948968,-0.6110269518020378,36.85539050986094,313.52627694706007,9.75225173809383,-2.8245375698357743e-16,0.05813299936158095,30.19153960733096,7.533011949628596e-17,0.32811325408688224,-0.4684351626502708,0.0,0.0,0.0,5.263523041250845e-19,0.002292617726580463,0.0032730855711218553,0.0,0.0,0.0,0.0,0.0,0.0,0.0,0.0,0.5,0.0,0.0,1.0,1.297852135167195e-15,21.19553386447113,0.0
3.2,-5.6269521843762596e-15,0.05357973584626343,31.16348018095969,0.0,0.0,0.0,0.7071067755255893,-8.250086482416138e-05,-0.7071067755255892,-8.250086482416141e-05,6387231.110203397,0.08464329827673882,5.126045064868909e-16,8.079467332644863e-23,1.3251954849576328e-08,9094.110203398392,0.0,-0.00023336093664782324,1.692990292315832e-16,-6.324737143906715e-20,-7.293067861497394e-05,-3.698955029401186e-22,-7.736484210029119e-21,-7.293067861497394e-05,-3.680898806744429e-22,-7.73657030443661e-21,303.44431379780343,0.4618085372438368,30373.32495205324,229.1227294773984,0.12407224433464853,1.5707963267948968,-0.5959684395306538,37.64901715563116,327.29539411243655,9.75226117013628,-5.244068773490274e-16,0.06085209578030782,31.16346675418721,7.945888927536103e-17,0.3351207707710612,-0.4941096333127247,0.0,0.0,0.0,5.552011563630705e-19,0.0023415811767591725,0.003452480172919093,0.0,0.0,0.0,0.0,0.0,0.0,0.0,0.0,0.5,0.0,0.0,1.0,1.2972885983726556e-15,21.186330610195174,0.0
3.3000000000000003,-5.762885908660886e-15,0.05589986228525085,32.13523079554798,0.0,0.0,0.0,0.7071067753659381,-8.507901685749308e-05,-0.707106775365938,-8.507901685749308e-05,6387227.945423308,0.09086647268192366,4.664852980695547e-16,7.352558471911524e-23,1.42262767914887e-08,9090.94542330876,0.0,-0.00024065402612287253,1.8296323752705783e-16,-1.3555130067606976e-20,-7.293111405700101e-05,-7.613035225505427e-23,-1.1995811310588877e-20,-7.293111405700101e-05,-7.324350978989537e-23,-1.1995829284299613e-20,303.4578932198176,0.46198480173739,30387.64966191642,229.1432419384746,0.1267077957595147,1.5707963267948968,-0.5815290084529294,38.45048075570927,341.5082827940724,9.752270900515194,-9.392658550569541e-16,0.06363333313684397,32.13521634864563,8.371261427520083e-17,0.3421939671563062,-0.5205611294140647,0.0,0.0,0.0,5.849231051632518e-19,0.0023910035491090057,0.0036373040655877146,0.0,0.0,0.0,0.0,0.0,0.0,0.0,0.0,0.5,0.0,0.0,1.0,1.2967072377016398e-15,21.17683626992628,0.0
3.4000000000000004,-5.876480373876611e-15,0.05826881302866684,33.106797832330706,0.0,0.0,0.0,0.7071067755288616,-8.76571689515166e-05,-0.7071067755288615,-8.76571689515166e-05,6387224.683166452,0.09737183253622682,4.626517495193203e-16,7.292139332303502e-23,1.524477959948594e-08,9087.683166452063,0.0,-0.0002479471598342185,1.4973756251418435e-16,-1.8072319410507307e-20,-7.29315593630146e-05,-1.3786625094719872e-22,-1.102701070096384e-20,-7.29315593630146e-05,-1.3513160882098705e-22,-1.102704450803267e-20,303.4718908946389,0.462166495263133,30402.415579815253,229.16438619333542,0.12936723125291127,1.5707963267948968,-0.567679038535232,39.25931840962327,356.16774900301584,9.752280930609713,1.925283328869597e-16,0.06647757027724377,33.1067823460044,8.809257556320277e-17,0.34932854235987165,-0.5477976171837176,0.0,0.0,0.0,6.155271016965661e-19,0.002440854792177,0.0038276129113680303,0.0,0.0,0.0,0.0,0.0,0.0,0.0,0.0,0.5,0.0,0.0,1.0,1.296107970839007e-15,21.16704949935619,0.0
3.5,-5.986609259993603e-15,0.060686776799422006,34.07817686710407,0.0,0.0,0.0,0.707106775942438,-9.023532109566935e-05,-0.7071067759424379,-9.023532109566935e-05,6387221.323917851,0.1041642733296069,5.259683465597876e-16,8.290115627676983e-23,1.630822983249043e-08,9084.323917850852,0.0,-0.00025524033853436797,1.7222564156502888e-16,-1.807284704416257e-20,-7.293201455116176e-05,-4.679082038124575e-23,-1.2217312850956024e-20,-7.293201455116176e-05,-4.3671989794367237e-23,-1.221732436053526e-20,303.48630474113514,0.4623535908074179,30417.62051039741,229.18615909831655,0.1320488976959368,1.5707963267948968,-0.5543850049421292,40.07503213276538,371.27234514656317,9.752291258929889,-5.030561453810496e-16,0.06938492289727002,34.07816031676738,9.259880394702549e-17,0.3565199252735054,-0.5758192881969878,0.0,0.0,0.0,6.470133612246144e-19,0.0024911029663701057,0.004023408048849487,0.0,0.0,0.0,0.0,0.0,0.0,0.0,0.0,0.5,0.0,0.0,1.0,1.2954908868819552e-15,21.156971753552558,0.0
3.6,-6.096374078035722e-15,0.06315409410576737,35.04936253516359,0.0,0.0,0.0,0.7071067764785559,-9.281347326547646e-05,-0.7071067764785558,-9.281347326547646e-05,6387217.867696472,0.11125014273301434,6.323240528007576e-16,9.966459769490267e-23,1.741762141787349e-08,9080.867696473375,0.0,-0.0002625335631876547,1.9868585035523759e-16,-2.7108514839263006e-20,-7.293247967395272e-05,-1.0103539683347151e-22,-1.1391247366837471e-20,-7.293247967395272e-05,-9.804480862558211e-23,-1.1391273499455472e-20,303.50113467791743,0.4625460873137958,30433.264367807118,229.20856053047564,0.13475137082821098,1.5707963267948968,-0.5416180149818319,40.89719394576686,386.82277666800667,9.75230188541881,5.592320226927371e-16,0.07235572614055504,35.04934488435507,9.723189451084431e-17,0.3637641485835903,-0.6046298429438565,0.0,0.0,0.0,6.793860417645206e-19,0.002541720350974784,0.00422471533437535,0.0,0.0,0.0,0.0,0.0,0.0,0.0,0.0,0.5,0.0,0.0,1.0,1.2948559893148943e-15,21.146603089420125,0.0
3.7,-6.208535487021971e-15,0.06567133024776045,36.02034847269039,0.0,0.0,0.0,0.7071067770256263,-9.539162543959708e-05,-0.7071067770256262,-9.539162543959708e-05,6387214.314055807,0.11863727951656539,7.603752461161601e-16,1.1984762423057073e-22,1.8574181747606893e-08,9077.314055807889,0.0,-0.0002698268349996143,1.681592073351156e-16,-9.038141402274876e-21,-7.293295482967435e-05,-6.059849031319944e-23,-1.1807993148338848e-20,-7.293295482967435e-05,-5.741239141051814e-23,-1.180800907073146e-20,303.516382620876,0.46274400965103,30449.349173085644,229.23159338386995,0.13747341318421752,1.5707963267948968,-0.5293530569999915,41.72543321139616,402.82191907027544,9.752312811450864,-2.6844589903423448e-16,0.07539060750687633,36.02032967310603,1.0199302559545751e-16,0.371057731147955,-0.6342366088554651,0.0,0.0,0.0,7.1265337670816515e-19,0.0025926826222913606,0.004431585966726272,0.0,0.0,0.0,0.0,0.0,0.0,0.0,0.0,0.5,0.0,0.0,1.0,1.2942031961149482e-15,21.135942167423668,0.0
3.8000000000000003,-6.325464194618477e-15,0.06823855718804776,36.99113020851598,0.0,0.0,0.0,0.7071067774890339,-9.796977759987877e-05,-0.7071067774890338,-9.796977759987878e-05,6387210.663482142,0.12633065976877178,8.91348496188423e-16,1.4049123986690535e-22,1.977869001653164e-08,9073.663482142923,0.0,-0.00027712015473473154,1.8577671532768945e-16,-2.7108726731475686e-20,-7.29334400181312e-05,-8.988136943974005e-23,-1.137300924355926e-20,-7.29334400181312e-05,-8.672816795993254e-23,-1.1373033594641986e-20,303.5320464834467,0.46294733073496314,30465.872725150482,229.2552545066297,0.14021369218450233,1.5707963267948968,-0.5175618611523026,42.55934907329646,419.26837372932647,9.752324035532316,-1.925950937083219e-16,0.07848956550412299,36.991110201025926,1.0688212218431733e-16,0.3783969672225484,-0.6646391194465753,0.0,0.0,0.0,7.468148418942563e-19,0.0026439638872649365,0.004644016686441341,0.0,0.0,0.0,0.0,0.0,0.0,0.0,0.0,0.5,0.0,0.0,1.0,1.2935325966118705e-15,21.124990446428768,0.0
3.9000000000000004,-6.4491664096354245e-15,0.07085606874438789,37.96170232228837,0.0,0.0,0.0,0.707106777791636,-0.00010054792973148513,-0.7071067777916359,-0.00010054792973148513,6387206.915996103,0.13433669162266304,1.0094226581735216e-15,1.5910177122703745e-22,2.103214963746213e-08,9069.915996103548,0.0,-0.00028441352338786545,8.820149972108819e-17,-2.7106909088123806e-20,-7.293393528445232e-05,1.3648147645880727e-22,-1.407879340712516e-20,-7.293393528445232e-05,1.4048567012272853e-22,-1.407875402052388e-20,303.54812617713145,0.46315604941686844,30482.834930646604,229.27954376507398,0.14297105914604435,1.5707963267948968,-0.5062201451558319,43.3985971013416,436.1629050481772,9.752335557601283,-1.3682442015009585e-15,0.08165288811124977,37.96168103754207,1.1189969506161732e-16,0.3857786303570235,-0.6958405509935343,0.0,0.0,0.0,7.818740063127144e-19,0.002695541601797803,0.004862029687038701,0.0,0.0,0.0,0.0,0.0,0.0,0.0,0.0,0.5,0.0,0.0,1.0,1.2928441945944249e-15,21.113747988310642,0.0
4.0,-6.5813314430462784e-15,0.07352438756102178,38.93205831586404,0.0,0.0,0.0,0.707106777871932,-0.00010312608182254374,-0.7071067778719319,-0.00010312608182254374,6387203.071153143,0.14266336730060952,1.1013534867411377e-15,1.735917014362394e-22,2.23358120491745e-08,9066.071153144972,0.0,-0.0002917069422069678,1.2825843406575121e-16,-2.710792206646624e-20,-7.293444072016172e-05,9.310027321448323e-24,-1.2458923542635416e-20,-7.293444072016172e-05,1.294459914297437e-23,-1.2458920278306663e-20,303.56462360938076,0.46337019045595834,30500.237801712276,229.30446404051125,0.14574451540171715,1.5707963267948968,-0.4953069646917772,44.24287910981051,453.50845847584566,9.752347379026247,-1.488808464405584e-15,0.08488115961104355,38.93203567489002,1.1704685613001933e-16,0.39319987886371965,-0.7278478177865058,0.0,0.0,0.0,8.178386391338518e-19,0.0027473959102351734,0.005085673280569141,0.0,0.0,0.0,0.0,0.0,0.0,0.0,0.0,0.5,0.0,0.0,1.0,1.2921379084010585e-15,21.10221345943492,0.0
4.1000000000000005,-6.723200604448187e-15,0.07624353444310825,39.90219374058886,0.0,0.0,0.0,0.7071067776876274,-0.0001057042338647999,-0.7071067776876273,-0.0001057042338647999,6387199.129440916,0.15131563092286127,1.1569247161253547e-15,1.8235076847038014e-22,2.36904514598579e-08,9062.129440917633,0.0,-0.0002990004119675206,1.3240195815499699e-16,-2.7108190162663794e-20,-7.293495631699504e-05,2.39349694257696e-23,-1.2586681421148475e-20,-7.293495631699504e-05,2.7698557408479907e-23,-1.2586673687559806e-20,303.58153668778664,0.4635897266922234,30518.079131100618,229.33001217224458,0.14853298067220605,1.5707963267948968,-0.4847986027700623,45.09187067436423,471.3036828659552,9.752359498309385,-1.9399989189173363e-16,0.08817432696147799,39.90216965681128,1.223234587170699e-16,0.4006576862639773,-0.7606600077529339,0.0,0.0,0.0,8.547077155168168e-19,0.0027995056657366267,0.005314941094130367,0.0,0.0,0.0,0.0,0.0,0.0,0.0,0.0,0.5,0.0,0.0,1.0,1.2914138276117028e-15,21.0903883227529,0.0
4.2,-6.8756848004376565e-15,0.07901375651791331,40.87210312046324,0.0,0.0,0.0,0.7071067772125482,-0.00010828238585305563,-0.7071067772125481,-0.00010828238585305562,6387195.090881704,0.16029995108452683,1.168605093028321e-15,1.8419190930408237e-22,2.5097080769204842e-08,9058.090881706215,0.0,-0.00030629393368702463,1.5802136208359916e-16,-2.710901985140175e-20,-7.29354821126991e-05,-1.643251749907638e-22,-1.0422850240502531e-20,-7.29354821126991e-05,-1.6113271153212367e-22,-1.0422900083391076e-20,303.59886531673015,0.4638146568845036,30536.358817944696,229.35618801583624,0.151335522673487,1.5707963267948968,-0.4746747416244775,45.94529296578494,489.5494005319104,9.752371915383828,2.7880760896785274e-16,0.0915326309762322,40.872077500848604,1.2772995808366962e-16,0.40814940640666864,-0.7942799519013909,0.0,0.0,0.0,8.924844164949809e-19,0.0028518523789150163,0.005549852908759434,0.0,0.0,0.0,0.0,0.0,0.0,0.0,0.0,0.5,0.0,0.0,1.0,1.2906719563199883e-15,21.07827264511865,0.0
4.3,-7.039386147556422e-15,0.08183553309836243,41.841779822214036,0.0,0.0,0.0,0.7071067764360197,-0.00011086053778504644,-0.7071067764360196,-0.00011086053778504643,6387190.955032948,0.1696244743349714,1.1313696836889995e-15,1.783230958265498e-22,2.655697560149523e-08,9053.955032950887,0.0,-0.00031358750864825664,1.0482356556215209e-16,-1.8072818590634247e-20,-7.293601819192745e-05,1.0102305236195103e-22,-1.3406269045499162e-20,-7.293601819192745e-05,1.0522675036490926e-22,-1.3406236736713292e-20,303.6166113951447,0.4640450056814575,30555.078865398278,229.3829944397293,0.15415132981673413,1.5707963267948968,-0.4649179096019874,46.8029045632352,508.2486266338182,9.7523846316121,-5.868290052177957e-16,0.09495661203849745,41.84175256850095,1.3326742443744587e-16,0.41567269662764916,-0.8287143052443385,0.0,0.0,0.0,9.311762199039609e-19,0.002904419680930381,0.005790455224862376,0.0,0.0,0.0,0.0,0.0,0.0,0.0,0.0,0.5,0.0,0.0,1.0,1.289912213228993e-15,21.065865098852665,0.0
4.4,-7.214432403718847e-15,0.08470883450762565,42.81121942050646,0.0,0.0,0.0,0.7071067753673309,-0.00011343868966227592,-0.7071067753673308,-0.0001134386896622759,6387186.722383644,0.17929411195144257,1.043439452119599e-15,1.6446390618808153e-22,2.8070905042466394e-08,9049.722383647226,0.0,-0.0003208811376294487,1.674866713954981e-16,-4.6981666471156395e-24,-7.293656453845257e-05,4.7272254848828347e-23,-1.2816749628919859e-20,-7.293656453845257e-05,5.138530817392427e-23,-1.2816733763514994e-20,303.63477193856477,0.4642808229308003,30574.245247752682,229.410428304971,0.15697952089931422,1.5707963267948968,-0.4555082395916135,47.664441193695524,527.4001432621334,9.752397645492344,-9.186712194170051e-16,0.09844616623883047,42.811190432112184,1.389356859527768e-16,0.42322513446843857,-0.8639619992959751,0.0,0.0,0.0,9.707819251507854e-19,0.002957190645397748,0.006036740576634446,0.0,0.0,0.0,0.0,0.0,0.0,0.0,0.0,0.5,0.0,0.0,1.0,1.2891346881657464e-15,21.053167150941675,0.0
4.5,-7.400639173307759e-15,0.0876338611824765,43.780416383693414,0.0,0.0,0.0,0.7071067740312763,-0.00011601684148918455,-0.7071067740312762,-0.00011601684148918452,6387182.392957733,0.18931539299112793,9.055730365684465e-16,1.4273389825939007e-22,2.963989148013996e-08,9045.392957735807,0.0,-0.0003281748216628609,1.2378029663008485e-16,2.710138530072673e-20,-7.293712118263817e-05,3.9954281473461235e-23,-1.2754040414535751e-20,-7.293712118263817e-05,4.4139834185340274e-23,-1.2754026615749922e-20,303.65333585571284,0.46452306300305624,30593.95937037922,229.43848983408148,0.1598193395346044,1.5707963267948968,-0.4464287492523394,48.52967558393944,547.0059641810058,9.752410956952717,-3.0985791426592037e-15,0.10200148722613639,43.780385559445214,1.447354627758436e-16,0.43080541826932106,-0.9000275122357564,0.0,0.0,0.0,1.0113065640952781e-18,0.003010156177261975,0.006288740254349586,0.0,0.0,0.0,0.0,0.0,0.0,0.0,0.0,0.5,0.0,0.0,1.0,1.2883393855280616e-15,21.04017887320742,0.0
4.6000000000000005,-7.597505532046971e-15,0.0906110484290259,44.749363942566994,0.0,0.0,0.0,0.7071067724687445,-0.00011859499327325515,-0.7071067724687444,-0.00011859499327325513,6387177.966314665,0.1996966192051284,7.210847496173043e-16,1.136554478508514e-22,3.1265234863035806e-08,9040.966314667525,0.0,-0.00033546856205838855,1.8564842145445542e-16,-1.8075838565152425e-20,-7.293768820215926e-05,1.48402074374039e-22,-1.3939281190396205e-20,-7.293768820215926e-05,1.5307816454712606e-22,-1.3939230630393634e-20,303.6723165598436,0.46477074825319176,30614.11677678131,229.46718148641295,0.16267011505300719,1.5707963267948968,-0.43766487474175697,49.39841084865181,567.068083740121,9.752424567349712,-1.7433239470916747e-16,0.10562307080253167,44.749331182655325,1.506675149616645e-16,0.43841069891137224,-0.9369155704134938,0.0,0.0,0.0,1.0527554474513045e-18,0.0030632963689439874,0.006546487282316395,0.0,0.0,0.0,0.0,0.0,0.0,0.0,0.0,0.5,0.0,0.0,1.0,1.2875262243883809e-15,21.02689894400258,0.0
4.7,-7.80406153255425e-15,0.09364031676395407,45.71805769591683,0.0,0.0,0.0,0.7071067707398706,-0.00012117314502561013,-0.7071067707398705,-0.0001211731450256101,6387173.442944756,0.210442668152948,4.965128502829903e-16,7.825908202789143e-23,3.294769901863428e-08,9036.442944759192,0.0,-0.0003427623595888811,1.5662135002085923e-16,9.029857044151444e-21,-7.293826557293114e-05,-7.186377141923162e-23,-1.171522118312111e-20,-7.293826557293114e-05,-6.78475805680025e-23,-1.1715245063567776e-20,303.6917120124653,0.4650238456884082,30634.71464386542,229.4965000817401,0.1655311225945099,1.5707963267948968,-0.429199959956679,50.270430191762834,587.585239346332,9.752438475177492,2.622641101247632e-16,0.10931076287477787,45.718022905520485,1.56731615533085e-16,0.44603889992747847,-0.9746247623873764,0.0,0.0,0.0,1.0951269892669363e-18,0.003116596711595837,0.00680997179840198,0.0,0.0,0.0,0.0,0.0,0.0,0.0,0.0,0.5,0.0,0.0,1.0,1.286695294816441e-15,21.01332883427758,0.0
4.800000000000001,-8.01902747699875e-15,0.0967218199335422,46.68649205644836,0.0,0.0,0.0,0.7071067689204176,-0.00012375129676032848,-0.7071067689204175,-0.00012375129676032846,6387168.822873602,0.22156012935385383,2.4090586835999753e-16,3.797099279956404e-23,3.468831582475274e-08,9031.822873605415,0.0,-0.0003500562152934751,1.4472619499506672e-16,-5.020306663361828e-24,-7.29388533179333e-05,-2.364880889603126e-22,-1.018027775204807e-20,-7.29388533179333e-05,-2.3292440504302725e-22,-1.0180359912429438e-20,303.7115221038325,0.4652823538766032,30655.752855082537,229.52644545416933,0.16840173410051015,1.5707963267948968,-0.4210197950255839,51.145546988590816,608.5583721879838,9.752452680359264,7.739380307797836e-16,0.11306470992864419,46.68645514812404,1.62928164199659e-16,0.4536881880755939,-1.0131575737237508,0.0,0.0,0.0,1.1384239824229771e-18,0.0031700443958501516,0.0070792111699433695,0.0,0.0,0.0,0.0,0.0,0.0,0.0,0.0,0.5,0.0,0.0,1.0,1.2858466015138949e-15,20.999468620816245,0.0
4.9,-8.240783553900164e-15,0.09985594856158748,47.65466011821376,0.0,0.0,0.0,0.707106767103575,-0.00012632944849477976,-0.7071067671035749,-0.00012632944849477973,6387164.1056626905,0.2330574606354227,-3.39627024535716e-17,-5.353122045092303e-24,3.6488409692923995e-08,9027.1056626942,0.0,-0.00035735013050136507,1.5525035185602234e-16,2.709938986603054e-20,-7.293945150775447e-05,1.2483186793512354e-23,-1.2735575314352037e-20,-7.293945150775447e-05,1.703361978987607e-23,-1.2735570104623358e-20,303.7317487142113,0.4655462973539661,30677.23340726508,229.5570204459523,0.1712814002647648,1.5707963267948968,-0.4131122250365622,52.023599413298655,629.9906431333185,9.75246718424539,2.3308952529193454e-16,0.11688536250486735,47.65462101469606,1.6925819625760868e-16,0.46135691632903464,-1.052520442340908,0.0,0.0,0.0,1.1826536608194348e-18,0.0032236279134776084,0.007354250380449802,0.0,0.0,0.0,0.0,0.0,0.0,0.0,0.0,0.5,0.0,0.0,1.0,1.2849800639273967e-15,20.985316988082605,0.0
5.0,-8.467277956965863e-15,0.10304257403377953,48.622557504932274,0.0,0.0,0.0,0.7071067653995863,-0.00012890760024956578,-0.7071067653995862,-0.00012890760024956575,6387159.291803631,0.244939504964675,-3.133572429098278e-16,-4.9390675269300565e-23,3.834873905656064e-08,9022.291803635346,0.0,-0.0003646441059719983,1.3647581040960682e-16,-5.233628113569284e-24,-7.294006011055843e-05,-3.574606903834269e-22,-9.283745117694559e-21,-7.294006011055843e-05,-3.5407607334648255e-22,-9.283874916720332e-21,303.75238973566115,0.4658156486133105,30699.154061791534,229.58822187067958,0.17416952066344776,1.5707963267948968,-0.4054632530120703,52.904408313501875,651.8808377526287,9.752481985326162,-4.306689480502806e-15,0.12077251701117095,48.62251614324503,1.7572146565322528e-16,0.469043345698457,-1.0927118381707985,0.0,0.0,0.0,1.22781430521124e-18,0.003277335113680439,0.007635078738914163,0.0,0.0,0.0,0.0,0.0,0.0,0.0,0.0,0.5,0.0,0.0,1.0,1.2840957723642008e-15,20.97087541090604,0.0
5.1000000000000005,-8.696135686151323e-15,0.10628180340590701,49.59017857366176,0.0,0.0,0.0,0.7071067639351833,-0.00013148575204840403,-0.7071067639351832,-0.00013148575204840397,6387154.381323677,0.25721291232295684,-5.799393316681045e-16,-9.140882479038955e-23,4.027034528475759e-08,9017.381323681213,0.0,-0.0003719381427435054,1.9287482301476565e-16,5.420234225548128e-20,-7.29406791419394e-05,-5.181758471508226e-22,-7.909010515709561e-21,-7.29406791419394e-05,-5.152341486947946e-22,-7.90920269800905e-21,303.7734450513285,0.4660904061297771,30721.51469456404,229.62004955171273,0.17706557350025076,1.5707963267948968,-0.39806095952090986,53.7878192621604,674.2299520486318,9.752497083519799,-1.744005652800164e-15,0.12472627277298565,49.590134908269654,1.8231836006332854e-16,0.4767459242912485,-1.1337341719550393,0.0,0.0,0.0,1.2739086244031661e-18,0.0033311551529572945,0.007921713089852477,0.0,0.0,0.0,0.0,0.0,0.0,0.0,0.0,0.5,0.0,0.0,1.0,1.2831937318304848e-15,20.95614397104364,0.0
5.2,-8.924602196385923e-15,0.10957398194395451,50.557516280909496,0.0,0.0,0.0,0.7071067628565937,-0.00013406390391869022,-0.7071067628565936,-0.0001340639039186902,6387149.373786375,0.26988629748906195,-8.133563591404363e-16,-1.2819962984883315e-22,4.225457739087036e-08,9012.373786380826,0.0,-0.00037923224215644574,1.5928524581658817e-16,3.613334085971548e-20,-7.294130866529194e-05,4.489889824850414e-23,-1.3273601611310097e-20,-7.294130866529194e-05,4.9932300039784043e-23,-1.3273583671408598e-20,303.79491653264205,0.4663705943242346,30744.317293029864,229.65250631794473,0.1799691008109366,1.5707963267948968,-0.3908951747124377,54.67369816106503,697.0412159442001,9.752512480170482,-1.3941980944528626e-16,0.12874703439057458,50.5574702875181,1.890499108475628e-16,0.4844632439334677,-1.175593857132584,0.0,0.0,0.0,1.3209438247892667e-18,0.0033850781920087875,0.0082141982457301,0.0,0.0,0.0,0.0,0.0,0.0,0.0,0.0,0.5,0.0,0.0,1.0,1.282273862151505e-15,20.941121359142475,0.0
5.300000000000001,-9.149559668852833e-15,0.11291893257811995,51.524566276129335,0.0,0.0,0.0,0.7071067623234318,-0.00013664205589036623,-0.7071067623234317,-0.00013664205589036617,6387144.269684605,0.2829644679627863,-9.907952806213951e-16,-1.5616732930879209e-22,4.430218827842673e-08,9007.26968461182,0.0,-0.00038652640494896075,1.650506964977622e-16,5.420279267925231e-20,-7.294194864113404e-05,-3.503750714269489e-22,-9.765921918585924e-21,-7.294194864113404e-05,-3.4660146797755923e-22,-9.766056753546929e-21,303.816802066225,0.466656185618557,30767.559612794175,229.6855889747485,0.18287960141248932,1.5707963267948968,-0.38395409716422774,55.561895870202285,720.3134548170258,9.752528173764697,-2.39874162860484e-15,0.13283454945851353,51.524517955989545,1.9591585905127253e-16,0.49219382984568955,-1.2182892834117318,0.0,0.0,0.0,1.3689180969820021e-18,0.00343909392614466,0.008512522954995168,0.0,0.0,0.0,0.0,0.0,0.0,0.0,0.0,0.5,0.0,0.0,1.0,1.281336253867415e-15,20.925809053835458,0.0
5.4,-9.367532503189221e-15,0.11631671637901113,52.49132286058491,0.0,0.0,0.0,0.7071067625736676,-0.00013922020801524184,-0.7071067625736674,-0.00013922020801524187,6387139.0690472815,0.2964541326086772,-1.0865449015485566e-15,-1.7125934872302687e-22,4.641422856209966e-08,9002.069047288038,0.0,-0.00039382063216867745,1.9418238997527872e-16,-8.132417689902456e-20,-7.294259907778412e-05,5.604366672431784e-23,-1.3558425944371137e-20,-7.294259907778412e-05,6.138325011688114e-23,-1.355840282179953e-20,303.8391015280997,0.4669471783949195,30791.241522193315,229.71929733471666,0.18579663816596817,1.5707963267948968,-0.3772276952297827,56.45228360728921,744.0477182268165,9.752544164215665,-2.077315156015913e-15,0.13698887087543377,52.4912722534881,2.0291658709345363e-16,0.4999363527973157,-1.2618228288386857,0.0,0.0,0.0,1.417834113048282e-18,0.003493193067664417,0.008816703833711826,0.0,0.0,0.0,0.0,0.0,0.0,0.0,0.0,0.5,0.0,0.0,1.0,1.2803809122896005e-15,20.910207141864113,0.0
5.5,-9.575206922470801e-15,0.11976769997958428,53.45777884431979,0.0,0.0,0.0,0.7071067686520304,-0.00014179836182594242,-0.7071067686520303,-0.00014179836182594244,6387133.771440328,0.31036391555653037,-1.0762293101020248e-15,-1.6963356446288148e-22,4.859204874996658e-08,8996.771440335238,0.0,-0.00040111492661486133,1.8907434286885572e-16,-8.132434446230799e-20,-7.294326004189876e-05,-1.7220420146160117e-22,-1.1614219611952009e-20,-7.294326004189876e-05,-1.6754525036547695e-22,-1.1614287716739757e-20,303.8618072357984,0.4672444314260999,30815.453760962046,229.75363454006964,0.18871983188504057,1.5707963267948968,-0.37070743536622874,57.34474939239254,768.2486788151414,9.752560452860413,-8.889473757555931e-16,0.1412104260356363,53.45772675770417,2.1005350343607556e-16,0.507690497373583,-1.306203251837249,0.0,0.0,0.0,1.4677017143000262e-18,0.0035473734126781867,0.009126802079400807,0.0,0.0,0.0,0.0,0.0,0.0,0.0,0.0,0.5,0.0,0.0,1.0,1.2794077576799177e-15,20.894314321005716,0.0
5.6000000000000005,-9.772656880131937e-15,0.12327172021596572,54.42392991576706,0.0,0.0,0.0,0.7071067819731421,-0.00014437651777896498,-0.707106781973142,-0.000144376517778965,6387128.377358043,0.32469846031113303,-9.748063396336576e-16,-1.536475666039314e-22,5.083637609380183e-08,8991.377358051328,0.0,-0.00040840928930900073,1.3054554687107136e-16,-5.421674334783179e-20,-7.294393149611787e-05,-3.589592521570844e-22,-1.0081576648535304e-20,-7.294393149611787e-05,-3.548421075929105e-22,-1.0081722444896626e-20,303.8849202122192,0.4675476422916217,30840.164852055448,229.78859727873623,0.19164875937650225,1.5707963267948968,-0.3643833283421037,58.239168170586204,792.9148630281111,9.752577038181151,-3.787589738580849e-15,0.14549897679415547,54.423877421568086,2.1732625205314018e-16,0.5154547350031793,-1.3514283384842594,0.0,0.0,0.0,1.518518413085473e-18,0.003601624280636975,0.009442802222770873,0.0,0.0,0.0,0.0,0.0,0.0,0.0,0.0,0.5,0.0,0.0,1.0,1.2784168808394182e-15,20.87813207415398,0.0
5.7,-9.960824487772384e-15,0.12682882433954534,55.38977034455991,0.0,0.0,0.0,0.7071068003329658,-0.00014695467522683243,-0.7071068003329657,-0.00014695467522683246,6387122.886831011,0.339464475678688,-8.069534366399408e-16,-1.2719094471214854e-22,5.314826122706932e-08,8985.886831020005,0.0,-0.0004157037205422748,1.203310475052267e-16,-8.132155041282414e-20,-7.29446134465149e-05,-6.2262683344217e-22,-7.943174526880995e-21,-7.29446134465149e-05,-6.19324772535591e-22,-7.943432668836382e-21,303.90844644247176,0.46785627448625905,30865.317770843216,229.8241851418117,0.19458304746986305,1.5707963267948968,-0.3582468952993614,59.135431660607814,818.0465269697529,9.752593920086081,-4.326948961391543e-15,0.14985456091764626,55.38971822735075,2.2473498485979836e-16,0.5232273411697053,-1.3974990334536257,0.0,0.0,0.0,1.5702852708776462e-18,0.0036559336218694614,0.009764710864518952,0.0,0.0,0.0,0.0,0.0,0.0,0.0,0.0,0.5,0.0,0.0,1.0,1.277408287386237e-15,20.861660493060015,0.0
5.800000000000001,-1.0140584988050607e-14,0.1304393103340939,56.35529283384615,0.0,0.0,0.0,0.7071068217325582,-0.00014953283358219051,-0.7071068217325581,-0.00014953283358219054,6387117.299427028,0.3546708057742655,-5.95257454019734e-16,-9.382378348175211e-23,5.552908913222573e-08,8980.299427037748,0.0,-0.00042299822107588135,2.275403244533844e-16,-8.132777568265861e-20,-7.294530594888665e-05,-1.1241898260342752e-22,-1.2244710990178441e-20,-7.294530594888665e-05,-1.0723929847000967e-22,-1.2244757425467955e-20,303.9323877784949,0.4681703523049332,30890.914497313814,229.86040093070295,0.197522368747917,1.5707963267948968,-0.35229093943877177,60.03344540061586,843.6470446766365,9.752611099906634,-2.1100114474889574e-15,0.15427753369734554,56.355241599711725,2.3228074425438737e-16,0.5310072440106579,-1.444421818827654,0.0,0.0,0.0,1.623009571200988e-18,0.0037102939469769586,0.010092573296740426,0.0,0.0,0.0,0.0,0.0,0.0,0.0,0.0,0.5,0.0,0.0,1.0,1.2763818979258751e-15,20.844898281113245,0.0
5.9,-1.0312863040516438e-14,0.13410296044551362,57.32049311052533,0.0,0.0,0.0,0.7071068443448271,-0.00015211099230783365,-0.707106844344827,-0.00015211099230783367,6387111.6156415455,0.37032207865307976,-3.6072788200009133e-16,-5.685755761723432e-23,5.797958466730757e-08,8974.61564155668,0.0,-0.0004302927911347221,1.8538912889005656e-16,-8.132590523819987e-20,-7.294600895726058e-05,-1.7120572988577034e-22,-1.1784368087099582e-20,-7.294600895726058e-05,-1.6613567341189672e-22,-1.1784440749931278e-20,303.9567420973374,0.4684898478974078,30916.952761727563,229.8972414340457,0.20046636594291886,1.5707963267948968,-0.3465069668968591,60.93310372357806,869.7153207405767,9.752628576121547,2.7450402434939455e-16,0.15876760047615915,57.32044299276934,2.3996326238338985e-16,0.538793348719501,-1.492195028977684,0.0,0.0,0.0,1.6766894424891594e-18,0.0037646976062444947,0.010426377881228839,0.0,0.0,0.0,0.0,0.0,0.0,0.0,0.0,0.5,0.0,0.0,1.0,1.2753378034714105e-15,20.82784692467004,0.0
6.0,-1.04785081412982e-14,0.1378198072823656,58.28536538832938,0.0,0.0,0.0,0.707106866565406,-0.00015468915093186134,-0.7071068665654059,-0.00015468915093186137,6387105.835506937,0.38642499559547816,-1.2208271240340764e-16,-1.924256908930333e-23,6.050079731688172e-08,8968.835506948642,0.0,-0.00043758743138858314,1.3415123914129394e-16,-8.132325566399954e-20,-7.294672247534205e-05,-1.993387665713709e-22,-1.157171398735835e-20,-7.294672247534205e-05,-1.9427511104751097e-22,-1.1571800107602556e-20,303.98150926028984,0.46881475944400436,30943.432415784264,229.93470644201582,0.203414724382434,1.5707963267948968,-0.3408877838969841,61.834314923538166,896.2525147215817,9.75264634863365,-5.355612741083813e-15,0.1633247838584266,58.28531636437561,2.4778292652849316e-16,0.5465846435346612,-1.5408210721882296,0.0,0.0,0.0,1.731327590786035e-18,0.0038191375302151394,0.010766141445331754,0.0,0.0,0.0,0.0,0.0,0.0,0.0,0.0,0.5,0.0,0.0,1.0,1.2742760099694543e-15,20.810506520845927,0.0
6.1000000000000005,-1.0638314778971483e-14,0.14159013458956815,59.24990223053272,0.0,0.0,0.0,0.707106886974587,-0.00015726730903648151,-0.7071068869745869,-0.00015726730903648154,6387099.958593265,0.40298849010722726,1.0380744233364184e-16,1.63620524511882e-23,6.309412609316398e-08,8962.958593278192,0.0,-0.00044488214295760844,1.9737592379078865e-16,-8.132757712888309e-20,-7.294744655660194e-05,-4.275335763724305e-22,-9.802248018308564e-21,-7.294744655660194e-05,-4.2317255493173973e-22,-9.802437232853512e-21,304.0066911095726,0.4691451111121517,30970.355429081945,229.97279874131922,0.2063671633694805,1.5707963267948968,-0.3354273012896922,62.73699872972472,923.2620684950938,9.752664418767548,-4.0773643900484255e-16,0.16794942425525136,59.24985403552817,2.557407885561841e-16,0.5543801725804967,-1.5903064894186323,0.0,0.0,0.0,1.786931365772628e-18,0.0038736070399223665,0.011111909692534625,0.0,0.0,0.0,0.0,0.0,0.0,0.0,0.0,0.5,0.0,0.0,1.0,1.2731964384421471e-15,20.792875779834578,0.0
6.2,-1.0793102278675457e-14,0.14541370943063636,60.21409939158818,0.0,0.0,0.0,0.7071069043709363,-0.00015984546626770526,-0.7071069043709362,-0.00015984546626770528,6387093.985397311,0.42001708573144964,3.021909410058642e-16,4.763115774324679e-23,6.576027951737723e-08,8956.985397324277,0.0,-0.0004521769263752819,1.7262783168551574e-16,-9.03614885368945e-20,-7.294818115263434e-05,-3.035739618130279e-22,-1.0790150919890114e-20,-7.294818115263434e-05,-2.986949656856089e-22,-1.0790287097162183e-20,304.0322855165492,0.46948087497703006,30997.719525802564,230.01151511199157,0.20932337802272183,1.5707963267948968,-0.33011826722667104,63.64106527643156,950.7429204490074,9.752682784997987,-3.3634540774225436e-15,0.1726412115021142,60.214051539760774,2.638365796539255e-16,0.5621789769140061,-1.640649609076634,0.0,0.0,0.0,1.8434988891816624e-18,0.003928099434967164,0.011463670942961692,0.0,0.0,0.0,0.0,0.0,0.0,0.0,0.0,0.5,0.0,0.0,1.0,1.2720991801463006e-15,20.77495619197283,0.0
6.300000000000001,-1.0943627521067012e-14,0.14929054977130246,61.17795102932648,0.0,0.0,0.0,0.7071069177497576,-0.00016242362232920867,-0.7071069177497575,-0.0001624236223292087,6387087.915953236,0.4375174762226372,4.603092464649523e-16,7.255374099268265e-23,6.850030592656084e-08,8950.915953251533,0.0,-0.00045947178259723537,1.6962838610788915e-16,-8.132674682355296e-20,-7.29489262647753e-05,3.3954862422504183e-23,-1.3367523926358182e-20,-7.29489262647753e-05,4.0096858669569714e-23,-1.3367506914019735e-20,304.0582923348285,0.469822049118185,31025.52454943285,230.0508553325884,0.21228309810819193,1.5707963267948968,-0.3249545517601228,64.5464363023237,978.6962799845666,9.752701447222394,5.847327385842221e-15,0.17740015312118718,61.177902835196164,2.72070692415002e-16,0.5699801567570533,-1.691852872476551,0.0,0.0,0.0,1.901032904170608e-18,0.0039826084283517355,0.011821442254748855,0.0,0.0,0.0,0.0,0.0,0.0,0.0,0.0,0.5,0.0,0.0,1.0,1.2709842413578572e-15,20.7567478597546,0.0
6.4,-1.1090602900715945e-14,0.1532209249057858,62.14144956633982,0.0,0.0,0.0,0.7071069262792546,-0.000165001776975302,-0.7071069262792545,-0.00016500177697530204,6387081.749833396,0.4554986843683713,5.670942056987095e-16,8.938522621678356e-23,7.131561834746107e-08,8944.749833412157,0.0,-0.0004667667130135035,1.3023723278361039e-16,-7.228941341487572e-20,-7.29496819441345e-05,6.145425209122661e-23,-1.352477926615445e-20,-7.29496819441345e-05,6.776693477018579e-23,-1.3524749138426716e-20,304.08469790999163,0.47017001895512717,31053.917471562032,230.0908227095733,0.2152460916790643,1.5707963267948968,-0.31993098122361335,65.45304301703959,1007.1285724946933,9.752720406758506,-7.852605732166604e-16,0.18222657451035568,62.14140016395715,2.8044500245437757e-16,0.5777845207108404,-1.7439279430009262,0.0,0.0,0.0,1.9595465161780934e-18,0.004037139669995513,0.012185305123164092,0.0,0.0,0.0,0.0,0.0,0.0,0.0,0.0,0.5,0.0,0.0,1.0,1.2698515435191898e-15,20.738249500236474,0.0
6.5,-1.1234743748273681e-14,0.1572045869270609,63.10459078544316,0.0,0.0,0.0,0.7071069293749754,-0.0001675799300326729,-0.7071069293749753,-0.00016757993003267292,6387075.487535875,0.4739651293085646,6.139658075615124e-16,9.677321016045423e-23,7.420690898245984e-08,8938.487535893297,0.0,-0.0004740617183688265,1.807228258125727e-16,-7.229351506551935e-20,-7.29504481399056e-05,3.797825097489122e-23,-1.3311802616976504e-20,-7.29504481399056e-05,4.428917587654256e-23,-1.3311783074307372e-20,304.11151260907,0.4705236575567825,31082.778953517416,230.1314135829749,0.21821208822345084,1.5707963267948968,-0.3150413365323982,66.36080847571787,1036.0365919490982,9.752739662077113,-3.96010208437293e-15,0.18712015030558696,63.1045391637505,2.8895863877545015e-16,0.5855899159859576,-1.7968694044173454,0.0,0.0,0.0,2.019033639310833e-18,0.004091678117765631,0.01255522170349894,0.0,0.0,0.0,0.0,0.0,0.0,0.0,0.0,0.5,0.0,0.0,1.0,1.2687011781274226e-15,20.71946260767989,0.0
6.6000000000000005,-1.137671432892567e-14,0.16124153915803108,64.06736878856593,0.0,0.0,0.0,0.7071069266318947,-0.00017015808138057408,-0.7071069266318946,-0.0001701580813805741,6387069.129096626,0.4929234972718531,5.941249695791356e-16,9.364599372264394e-23,7.717522502243062e-08,8932.12909664493,0.0,-0.00048135679981192026,2.756519844284188e-16,-8.133639826282264e-20,-7.295122485105408e-05,2.808144493686479e-23,-1.3203025243651359e-20,-7.295122485105408e-05,3.4436807417260457e-23,-1.3203010196858127e-20,304.13873897998883,0.47088272538416215,31112.083530484317,230.17262762650842,0.22118085191821604,1.5707963267948968,-0.3102803713732315,67.26966538892587,1065.4211100942643,9.752759213070286,-5.85377830182643e-16,0.19208087304077687,64.06731381759444,2.976118659446388e-16,0.5933952452924449,-1.8506789019138747,0.0,0.0,0.0,2.0794961221673058e-18,0.004146216104594753,0.012931203491135789,0.0,0.0,0.0,0.0,0.0,0.0,0.0,0.0,0.5,0.0,0.0,1.0,1.2675331517864599e-15,20.700387289934792,0.0
6.7,-1.1517143603313021e-14,0.16533203623037024,65.02977585680941,0.0,0.0,0.0,0.7071069178148027,-0.00017273623094795823,-0.7071069178148026,-0.0001727362309479583,6387062.674090323,0.5123829002187524,5.023922171261686e-16,7.918715530868232e-23,8.022199349343312e-08,8925.674090344459,0.0,-0.0004886519589123124,1.6091342294657737e-16,-9.036306274639199e-20,-7.29520121262926e-05,-1.2907372643940373e-22,-1.2052361582493714e-20,-7.29520121262926e-05,-1.2318405820236888e-22,-1.2052423181071358e-20,304.16637884394845,0.4712472464556858,31141.833162676307,230.214467597024,0.22415217060006612,1.5707963267948968,-0.30564367128090864,68.17955430638095,1095.2857122957598,9.752779061048749,-2.72705777437287e-15,0.19710905298269804,65.0297163138121,3.0640576361323297e-16,0.6011997174659982,-1.905363149227737,0.0,0.0,0.0,2.140941508568597e-18,0.00420074810239986,0.013313297396806768,0.0,0.0,0.0,0.0,0.0,0.0,0.0,0.0,0.5,0.0,0.0,1.0,1.2663473863658076e-15,20.681022271033378,0.0
6.800000000000001,-1.1656644247522312e-14,0.16947581547835888,65.99180780215939,0.0,0.0,0.0,0.7071069029475546,-0.00017531437873964946,-0.7071069029475545,-0.0001753143787396495,6387056.123016326,0.5323476529948459,3.3627295015424706e-16,5.300346002119275e-23,8.33478902969529e-08,8919.12301634842,0.0,-0.0004959471965300158,1.3044533489389092e-16,-9.036101830347135e-20,-7.295280991244721e-05,-3.3933080937972805e-22,-1.0542823366104078e-20,-7.295280991244721e-05,-3.3410201395352676e-22,-1.0542990349680992e-20,304.1944300627407,0.47161719257215856,31172.02554867451,230.25693025779935,0.22712581763036982,1.5707963267948968,-0.3011258791893789,69.09040891550724,1125.6294055918122,9.752799204479478,-5.612305098125239e-15,0.20220434988820818,65.99174241861321,3.1534006802881705e-16,0.6090025735645828,-1.9609205062326933,0.0,0.0,0.0,2.2033679556038955e-18,0.004255268808243808,0.013701491960497861,0.0,0.0,0.0,0.0,0.0,0.0,0.0,0.0,0.5,0.0,0.0,1.0,1.2651439735957735e-15,20.66136904904526,0.0
6.9,-1.1795787911267548e-14,0.1736728655820712,66.95345867064404,0.0,0.0,0.0,0.7071068822247951,-0.0001778925248104769,-0.707106882224795,-0.00017789252481047692,6387049.475912377,0.5528244343029134,9.492754086323747e-17,1.496252790005823e-23,8.655396147905088e-08,8912.475912400521,0.0,-0.0005032425139140687,1.9212459715432215e-16,-5.422671883899527e-20,-7.295361820611125e-05,-3.718796286333397e-22,-1.0290588232709044e-20,-7.295361820611125e-05,-3.6670092027022197e-22,-1.0290774075279045e-20,304.2228924747498,0.47199256160215314,31202.6605145269,230.30001536418783,0.23010158888676518,1.5707963267948968,-0.296722485527577,70.00217093416745,1156.4535035720287,9.752819643249138,5.074112257026987e-15,0.20736674141061912,66.95338616446205,3.2441518941613094e-16,0.616803076253562,-2.0173535238830493,0.0,0.0,0.0,2.266778329626507e-18,0.004309773070166299,0.014095805006429787,0.0,0.0,0.0,0.0,0.0,0.0,0.0,0.0,0.5,0.0,0.0,1.0,1.2639229204097644e-15,20.641427737201564,0.0
7.0,-1.193511878133825e-14,0.17792342629878952,67.91472060106497,0.0,0.0,0.0,0.7071068560165779,-0.0001804706692665761,-0.7071068560165777,-0.00018047066926657612,6387042.732355495,0.5738224451675242,-2.208485880231902e-16,-3.481030542276613e-23,8.984164804989437e-08,8905.73235552106,0.0,-0.0005105379127217541,1.0343584131433997e-16,-1.0842948390877491e-19,-7.295443705356431e-05,-4.5646045379922535e-22,-9.752417792812295e-21,-7.295443705356431e-05,-4.514811886214778e-22,-9.75264952968987e-21,304.2517678911438,0.47237337743178326,31233.740009649166,230.34372565785338,0.2330792973411812,1.5707963267948968,-0.29242970778658517,70.91478855214417,1187.76165735907,9.752840378661412,-3.8809490105000055e-15,0.21259652258312814,67.91463971123457,3.3363222178728863e-16,0.624600490715918,-2.074669005217829,0.0,0.0,0.0,2.3311802748005558e-18,0.004364255753798332,0.01449628406931096,0.0,0.0,0.0,0.0,0.0,0.0,0.0,0.0,0.5,0.0,0.0,1.0,1.2626841491076696e-15,20.621197066563184,0.0
7.1000000000000005,-1.2075148219179055e-14,0.1822272204159464,68.87558943538757,0.0,0.0,0.0,0.7071068249463882,-0.0001830488122883672,-0.7071068249463881,-0.00018304881228836727,6387035.892846294,0.5953458962488133,-6.07550844418442e-16,-9.576268237817849e-23,9.321160962798918e-08,8898.892846321376,0.0,-0.0005178333938337143,2.391643486495048e-16,-1.4458255527471945e-19,-7.295526639929735e-05,-1.8342912029312006e-22,-1.1625902255086948e-20,-7.295526639929735e-05,-1.774094206939321e-22,-1.162599577201731e-20,304.28105090937254,0.47275989980215416,31265.29244859121,230.3880580066763,0.23605874820083297,1.5707963267948968,-0.2882429113257201,71.82820425988719,1219.5536445282153,9.752861409179495,2.0391221237033875e-15,0.21789333861620674,68.87549897753745,3.429911131751828e-16,0.6323945162898666,-2.1328666270831516,0.0,0.0,0.0,2.396573428017542e-18,0.004418714758333164,0.014902926891176168,0.0,0.0,0.0,0.0,0.0,0.0,0.0,0.0,0.5,0.0,0.0,1.0,1.2614277516502997e-15,20.60067853896413,0.0
7.2,-1.2216355259032532e-14,0.18658422197078733,69.83605916373874,0.0,0.0,0.0,0.7071067898085416,-0.0001856269541062561,-0.7071067898085415,-0.00018562695410625615,6387028.957424302,0.6174014587237047,-1.0600594014485557e-15,-1.6708764941108782e-22,9.666489111592854e-08,8891.957424331456,0.0,-0.0005251289585065496,9.18057106482483e-17,-1.0842908153713948e-19,-7.295610623752977e-05,1.638355088004409e-22,-1.3896382815892478e-20,-7.295610623752977e-05,1.7113287891049604e-22,-1.3896294865090173e-20,304.3107274633053,0.4731533546155315,31297.44865258294,230.43301263515895,0.2390397729931755,1.5707963267948968,-0.2841582033185435,72.74236721221659,1251.8341293687254,9.75288273468467,-3.1210086109044953e-15,0.22325715240408717,69.83595806974772,3.5249321405600836e-16,0.6401861478906348,-2.191954787322274,0.0,0.0,0.0,2.4629672254267988e-18,0.004473157035517662,0.01531579215007049,0.0,0.0,0.0,0.0,0.0,0.0,0.0,0.0,0.5,0.0,0.0,1.0,1.260153735299196e-15,20.57987227299437,0.0
7.300000000000001,-1.2359197973913692e-14,0.19099465563435622,70.79612178181165,0.0,0.0,0.0,0.7071067515870303,-0.0001882050950061011,-0.7071067515870302,-0.00018820509500610112,6387021.92566891,0.63999842257194,-1.57151772007849e-15,-2.4770450868265402e-22,1.002029474927922e-07,8884.92566894181,0.0,-0.0005324246083922161,1.5591502374074978e-16,-9.036580324937178e-20,-7.295695661207186e-05,-4.632536237580483e-23,-1.2478764724840337e-20,-7.295695661207186e-05,-3.96823053205678e-23,-1.247878776630425e-20,304.34081622623364,0.4735522745382944,31330.051508048415,230.47859168594806,0.24202219243783857,1.5707963267948968,-0.2801723293815539,73.65723188065023,1284.6030897696144,9.752904356473486,1.829602815962184e-16,0.22868824365955445,70.79600914491354,3.6213858370444325e-16,0.6479727241837951,-2.251933854530701,0.0,0.0,0.0,2.530362081196836e-18,0.00452756398987478,0.015734882421472297,0.0,0.0,0.0,0.0,0.0,0.0,0.0,0.0,0.5,0.0,0.0,1.0,1.2588620227896486e-15,20.558777006825434,0.0
7.4,-1.2504087750548143e-14,0.1954582298590844,71.75577316236,0.0,0.0,0.0,0.7071067114962946,-0.00019078323534137834,-0.7071067114962944,-0.00019078323534137836,6387014.798081955,0.6631408943770862,-2.132508235048973e-15,-3.3612888432451183e-22,1.0382642211199464e-07,8877.798081989711,0.0,-0.000539720344298687,1.8987587430141904e-16,-1.0843994614984523e-19,-7.295781746511184e-05,-2.3982736839727005e-22,-1.1204265313538643e-20,-7.295781746511184e-05,-2.3377945660201486e-22,-1.1204393011760537e-20,304.3713150508043,0.4739566311006124,31363.098688210433,230.52479190619064,0.2450058336872541,1.5707963267948968,-0.2762812628548472,74.57274808763485,1317.8595931545267,9.752926273005452,-2.2296791151780307e-15,0.23418624339151511,71.75564829748762,3.719269666314888e-16,0.6557536192549243,-2.312802239967681,0.0,0.0,0.0,2.598756210155613e-18,0.004581931247967956,0.01616018660441213,0.0,0.0,0.0,0.0,0.0,0.0,0.0,0.0,0.5,0.0,0.0,1.0,1.2575527063076683e-15,20.537394245969132,0.0
7.5,-1.265141100770702e-14,0.19997490403938847,72.7150072396095,0.0,0.0,0.0,0.7071066709303206,-0.00019336137551807033,-0.7071066709303205,-0.00019336137551807033,6387007.57470476,0.6868355377902122,-2.7319516648119626e-15,-4.306144729707978e-22,1.0753635873399737e-07,8870.574704796076,0.0,-0.0005470161673973635,1.564234466259052e-16,-1.6821258165363445e-23,-7.295868878849289e-05,-1.7704772691139232e-22,-1.1581993973931182e-20,-7.295868878849289e-05,-1.7071216278421168e-22,-1.1582089089074571e-20,304.40222376020586,0.47436642195830003,31396.590001483848,230.57161302804911,0.24799053774881272,1.5707963267948968,-0.2724816293492508,75.48887116222787,1351.6050521642187,9.752948484156452,1.9315989552909077e-16,0.23975109987040014,72.71486973213351,3.8185879399381297e-16,0.6635282001888988,-2.374562624751275,0.0,0.0,0.0,2.6681526249135855e-18,0.004636254387444805,0.016591723432600746,0.0,0.0,0.0,0.0,0.0,0.0,0.0,0.0,0.5,0.0,0.0,1.0,1.2562257934437856e-15,20.515724114388227,0.0
7.6000000000000005,-1.2801538364707914e-14,0.20454488754822758,73.67381586533611,0.0,0.0,0.0,0.7071066314957148,-0.00019593951600429835,-0.7071066314957147,-0.00019593951600429835,6387000.255119107,0.711091731637351,-3.3568441350587413e-15,-5.291116074314292e-22,1.1133422629160798e-07,8863.25511914709,0.0,-0.0005543120792404519,1.6208975369247028e-16,-7.229822107284198e-20,-7.295957062351947e-05,-2.1444309590613866e-22,-1.135353457442863e-20,-7.295957062351947e-05,-2.081498793075629e-22,-1.135365173396714e-20,304.43354414396805,0.474781670837129,31430.52738692425,230.61905776233857,0.25097615533607703,1.5707963267948968,-0.26877061763414606,76.40556076589733,1385.8432579731016,9.752970991215824,-2.0628498529848185e-16,0.24538307741751755,73.6736656289461,3.919351938424129e-16,0.6712958110073172,-2.437222023588958,0.0,0.0,0.0,2.7385592074739346e-18,0.004690528824803463,0.017029541919732355,0.0,0.0,0.0,0.0,0.0,0.0,0.0,0.0,0.5,0.0,0.0,1.0,1.254881207373368e-15,20.49376535744127,0.0
7.7,-1.2954782573480318e-14,0.2091678747148783,74.6321949438906,0.0,0.0,0.0,0.7071065949891969,-0.00019851765732405448,-0.7071065949891968,-0.0001985176573240545,6386992.839828036,0.7359134785343828,-3.991941326319664e-15,-6.292174660153144e-22,1.1522065189100956e-07,8855.839828078635,0.0,-0.000561608080471297,1.5060546177355754e-16,-7.22975313024163e-20,-7.296046291010912e-05,-1.603083047668194e-22,-1.1693532592743546e-20,-7.296046291010912e-05,-1.5374039199643689e-22,-1.1693620664631117e-20,304.465274049609,0.47520234919927024,31464.90851219707,230.66712284843683,0.25396253414874653,1.5707963267948968,-0.26514471489084634,77.32277286306913,1420.5733006411615,9.75299379263946,6.62303074335537e-16,0.25108179319685936,74.63203228122092,4.021559139383052e-16,0.6790558746896884,-2.500778867949974,0.0,0.0,0.0,2.8099741953733725e-18,0.004744750528242749,0.01747363110605031,0.0,0.0,0.0,0.0,0.0,0.0,0.0,0.0,0.5,0.0,0.0,1.0,1.2535190405026088e-15,20.471519484235905,0.0
7.800000000000001,-1.3111437437323927e-14,0.2138438102909284,75.59013835359745,0.0,0.0,0.0,0.7071065634044233,-0.00020109580005889778,-0.7071065634044232,-0.00020109580005889778,6386985.328874658,0.7613074346065212,-4.620204502372615e-15,-7.282463773346405e-22,1.1919667815185895e-07,8848.328874703497,0.0,-0.0005689041720833404,1.5278749167231062e-16,-5.422834949023428e-20,-7.296136563772655e-05,-4.1907895415697395e-23,-1.2417941235291948e-20,-7.296136563772655e-05,-3.484327043754765e-23,-1.241796306732177e-20,304.4974083839628,0.47562889071628617,31499.779762839935,230.71580817705785,0.256949536453822,1.5707963267948968,-0.2616009843573374,78.24046793564939,1455.7979699422478,9.753016888297863,5.157938655322445e-16,0.2568471810040224,75.58996401617816,4.125217731704114e-16,0.6868084247204833,-2.5652382500387128,0.0,0.0,0.0,2.88240331041446e-18,0.004798919731727884,0.017924026572189982,0.0,0.0,0.0,0.0,0.0,0.0,0.0,0.0,0.5,0.0,0.0,1.0,1.2521393007511975e-15,20.44898662411049,0.0
7.9,-1.3271784781936007e-14,0.21857288813940554,76.54763780150662,0.0,0.0,0.0,0.7071065389792908,-0.00020367394486175267,-0.7071065389792907,-0.0002036739448617527,6386977.7218431765,0.7872830674172088,-5.2223962346728796e-15,-8.23166095517789e-22,1.2326378794551668e-07,8840.72184322557,0.0,-0.0005762003554332726,1.6813715135518864e-16,-7.23009171383398e-20,-7.296227884513348e-05,-1.4227079989172022e-22,-1.182355062577755e-20,-7.296227884513348e-05,-1.3545829761191077e-22,-1.1823630683274644e-20,304.5299363990423,0.47606243196644166,31535.261954645142,230.7651168776169,0.25993703796537776,1.5707963267948968,-0.2581369881815788,79.15860995237016,1491.5247020049198,9.753040279473085,-6.477119187448923e-16,0.262679489713641,76.54745306307882,4.2303493251773857e-16,0.6945544740460776,-2.6306136077543774,0.0,0.0,0.0,2.955861651953035e-18,0.004853043512994342,0.018380822212456266,0.0,0.0,0.0,0.0,0.0,0.0,0.0,0.0,0.5,0.0,0.0,1.0,1.2507419117386293e-15,20.426165529676712,0.0
8.0,-1.343604006437284e-14,0.2233547886782782,77.5046892243748,0.0,0.0,0.0,0.7071065240841223,-0.000206252092424587,-0.7071065240841222,-0.00020625209242458703,6386970.019237807,0.8138442757235208,-5.777531668502759e-15,-9.106689238705535e-22,1.274225921487662e-07,8833.019237859175,0.0,-0.0005834966309091944,1.6548401769501667e-16,-7.230127800152454e-20,-7.29632024700086e-05,-4.774988655595814e-22,-9.831575919623691e-21,-7.29632024700086e-05,-4.717623204314635e-22,-9.831852903091392e-21,304.56287309244715,0.4765014201801347,31571.189940720054,230.8150450871475,0.2629248894372357,1.5707963267948968,-0.2547496496631993,80.07716005132193,1527.7480604308262,9.753063964617468,-4.477721608885641e-16,0.2685783230129572,77.50449593659644,4.3369385588436213e-16,0.7022913083606419,-2.6968953889901983,0.0,0.0,0.0,3.03033848686356e-18,0.004907102906439293,0.018843951283646833,0.0,0.0,0.0,0.0,0.0,0.0,0.0,0.0,0.5,0.0,0.0,1.0,1.2493269660875715e-15,20.403057713577525,0.0
8.1,-1.3604404472462682e-14,0.2281894420163052,78.46128644462519,0.0,0.0,0.0,0.7071065213122449,-0.0002088302435045363,-0.7071065213122448,-0.00020883024350453632,6386962.221103449,0.8409977081248148,-6.262612612966049e-15,-9.871298028625617e-22,1.3167413224177708e-07,8825.221103505231,0.0,-0.0005907929992338259,1.7463564694491012e-16,-1.08443282627013e-19,-7.296413649943556e-05,-2.3978010576330025e-22,-1.1275978279589183e-20,-7.296413649943556e-05,-2.3311829527775213e-22,-1.1276117972125589e-20,304.59621827217893,0.4769458527983643,31607.56351162906,230.86559251460238,0.2659129633839314,1.5707963267948968,-0.2514364029947304,80.9960830362939,1564.4695512166197,9.753087943596121,-1.1738300557709888e-15,0.2745436003852567,78.46108711066564,4.444989965220019e-16,0.7100183611103545,-2.764086412260796,0.0,0.0,0.0,3.105836982140707e-18,0.004961093953395057,0.019313433479500042,0.0,0.0,0.0,0.0,0.0,0.0,0.0,0.0,0.5,0.0,0.0,1.0,1.2478944720461899e-15,20.379663310515696,0.0
8.200000000000001,-1.3777069698359568e-14,0.2330770262947366,79.41742102377306,0.0,0.0,0.0,0.7071065335415213,-0.00021140839894186853,-0.7071065335415212,-0.00021140839894186853,6386954.327026755,0.8687529208130633,-6.652081866319754e-15,-1.0485202964031857e-21,1.3601990501929792e-07,8817.327026813602,0.0,-0.0005980894614712342,1.83821177006628e-16,-5.423514261109377e-20,-7.296508096959612e-05,-9.279678440663998e-23,-1.2144044002376228e-20,-7.296508096959612e-05,-8.55336351388299e-23,-1.2144097347681961e-20,304.6299737057418,0.4773957533788527,31644.38459540008,230.91676183931298,0.26890113649779673,1.5707963267948968,-0.2481951261983653,81.91534646557001,1601.6931027576165,9.753112217683748,-1.923951957766161e-15,0.2805755552192199,79.4172188900657,4.554515181346615e-16,0.7177350216249919,-2.8321939139794114,0.0,0.0,0.0,3.182365268905039e-18,0.005015012386940496,0.019789319362829405,0.0,0.0,0.0,0.0,0.0,0.0,0.0,0.0,0.5,0.0,0.0,1.0,1.2464443536832957e-15,20.355981080440806,0.0
8.3,-1.3953263626179391e-14,0.2380363084531121,80.37291306374235,0.0,0.0,0.0,0.7071065725841361,-0.00021398656227369093,-0.707106572584136,-0.00021398656227369093,6386946.302760083,0.8973418907203573,-6.923779875355835e-15,-1.0913474991534507e-21,1.4049623220685316e-07,8809.302760146558,0.0,-0.0006053860533713442,1.3804348118437455e-16,-5.422952652560803e-20,-7.296603879049036e-05,-1.0609093813430134e-22,-1.2075222617725419e-20,-7.296603879049036e-05,-9.878041913146928e-23,-1.207528457396902e-20,304.66428583760364,0.47785307376887687,31681.81293650822,230.96877505411814,0.27188849832901296,1.5707963267948968,-0.24502219040850273,82.83471550823415,1639.416718020983,9.753136892194423,-4.22967785346814e-15,0.2866927818890213,80.37271417188751,4.665509616209161e-16,0.7254375833848832,-2.901215039255437,0.0,0.0,0.0,3.259920139288383e-18,0.005068832308601239,0.020271588985727496,0.0,0.0,0.0,0.0,0.0,0.0,0.0,0.0,0.5,0.0,0.0,1.0,1.2449703198099006e-15,20.331908280439674,0.0
8.4,-1.4127550666292532e-14,0.24305281687346308,81.32788846790797,0.0,0.0,0.0,0.7071066135768337,-0.0002165647263201196,-0.7071066135768336,-0.0002165647263201196,6386938.174491866,0.9266039212707488,-7.168534181964073e-15,-1.1299278739429624e-21,1.450779537793884e-07,8801.174491932616,0.0,-0.0006126827501821479,1.3954746209805183e-16,-5.423037467071167e-20,-7.296700770585953e-05,-2.586590453546536e-22,-1.1219586922502578e-20,-7.296700770585953e-05,-2.517849498653961e-22,-1.1219743292622871e-20,304.69904268484436,0.47831632143300157,31719.726381805274,231.02146240589096,0.27487552526193726,1.5707963267948968,-0.24191603289430402,83.75430940480604,1677.6429215042854,9.753161886603129,1.6107856032840464e-15,0.29288085113626067,81.32769336261704,4.777979924643741e-16,0.7331278630761475,-2.9711539263528834,0.0,0.0,0.0,3.3385062432081025e-18,0.005122566412063837,0.020760271263385376,0.0,0.0,0.0,0.0,0.0,0.0,0.0,0.0,0.5,0.0,0.0,1.0,1.2434771811622782e-15,20.307523475797847,0.0
8.5,-1.431005757595433e-14,0.2480912917308341,82.28266541586625,0.0,0.0,0.0,0.7071066339192275,-0.00021914288431643147,-0.7071066339192273,-0.00021914288431643147,6386930.006357546,0.9561199629877819,-7.20629062287884e-15,-1.1358806305544814e-21,1.496994584502999e-07,8793.006357617987,0.0,-0.0006199794868993557,1.5250127438531636e-16,-5.423294367441364e-20,-7.296798223349985e-05,2.5409279311787386e-23,-1.2855952484734215e-20,-7.296798223349985e-05,3.3379569940767434e-23,-1.2855934283947203e-20,304.73394950177703,0.47878367215518824,31758.02163787255,231.07440888148335,0.27786359191743315,1.5707963267948968,-0.23887650142678113,84.67447012445966,1716.3841871197453,9.753187003696496,-2.498318537697153e-15,0.299104731895028,82.28246942024984,4.891960089727045e-16,0.7408141061626181,-3.042031707414062,0.0,0.0,0.0,3.4181473255763733e-18,0.005176272310656349,0.021255513851904887,0.0,0.0,0.0,0.0,0.0,0.0,0.0,0.0,0.5,0.0,0.0,1.0,1.2419767192307659e-15,20.28301907285396,0.0
8.6,-1.4448195500800082e-14,0.2531905755179146,83.23687916374512,0.0,0.0,0.0,0.7071066543128525,-0.00022172104245013653,-0.7071066543128524,-0.00022172104245013653,6386921.727588464,0.9863618768612517,-7.344017580822994e-15,-1.1575911438456176e-21,1.5443462736170881e-07,8784.727588539943,0.0,-0.0006272763371890366,1.8259507598147963e-16,-1.8098242172041393e-20,-7.296896840954141e-05,-5.076149419922577e-22,-9.854220445819253e-21,-7.296896840954141e-05,-5.014328867832532e-22,-9.85453680766025e-21,304.76932563109676,0.47925766465133923,31796.86892851762,231.1280726213495,0.28085095421371903,1.5707963267948968,-0.23589931775546644,85.59475625848552,1755.632375452021,9.753212461091069,-1.9239809216652124e-15,0.3054029896718999,83.23668228161236,5.007429165362083e-16,0.7484869836697852,-3.113835357252747,0.0,0.0,0.0,3.498828750778006e-18,0.005229884820263028,0.02175722574072043,0.0,0.0,0.0,0.0,0.0,0.0,0.0,0.0,0.5,0.0,0.0,1.0,1.24045593402292e-15,20.25818276561983,0.0
8.700000000000001,-1.4579485641804574e-14,0.258340604301436,84.19061522671656,0.0,0.0,0.0,0.707106670201251,-0.00022429919931842224,-0.7071066702012508,-0.00022429919931842224,6386913.356380008,1.017217433199887,-7.50737716490219e-15,-1.1833420456090652e-21,1.5926588892641868e-07,8776.356380089186,0.0,-0.0006345732835973647,1.9076213749047594e-16,-5.424050228329141e-20,-7.296996466462106e-05,-1.8515769214288352e-22,-1.1637209949901125e-20,-7.296996466462106e-05,-1.7777299282872657e-22,-1.163732510296323e-20,304.805096764453,0.4797369496696757,31836.14998161517,231.1823355617011,0.28383791685366333,1.5707963267948968,-0.23298298021961727,86.51524371200162,1795.3885236405008,9.753238202839261,-2.598969662496212e-15,0.3117655973560526,84.19041638233165,5.124389761144428e-16,0.756147179447902,-3.186566498627979,0.0,0.0,0.0,3.5805523422093394e-18,0.005283408719134047,0.02226541826849663,0.0,0.0,0.0,0.0,0.0,0.0,0.0,0.0,0.5,0.0,0.0,1.0,1.2389181679777878e-15,20.23306914026756,0.0
8.8,-1.470054228775689e-14,0.26354307815493566,85.14385066811964,0.0,0.0,0.0,0.7071066861982402,-0.0002268773565762113,-0.7071066861982401,-0.0002268773565762113,6386904.889518401,1.048714542772072,-7.924383435113064e-15,-1.2490738662142386e-21,1.6419761387537504e-07,8767.889518486647,0.0,-0.0006418703311260661,1.2086005354055651e-16,-5.422997609573715e-20,-7.297097127166574e-05,2.5693498580658655e-23,-1.2761194167458583e-20,-7.297097127166574e-05,3.3884830385153195e-23,-1.2761174990416655e-20,304.8412766346921,0.48022171121184704,31875.87987750003,231.23721853454862,0.2868243108439477,1.5707963267948968,-0.23012579021894505,87.43588943526575,1835.6566146682285,9.753264238827445,-2.934299718569084e-15,0.3181943012572196,85.14364985815618,5.242853737711064e-16,0.763793843807348,-3.2602325069952247,0.0,0.0,0.0,3.663326387224286e-18,0.005336838070253875,0.022780142969573324,0.0,0.0,0.0,0.0,0.0,0.0,0.0,0.0,0.5,0.0,0.0,1.0,1.2373628307337317e-15,20.20766855545994,0.0
8.9,-1.484112154805691e-14,0.26879765368408903,86.09658148092375,0.0,0.0,0.0,0.7071067307602266,-0.00022945552538429436,-0.7071067307602265,-0.00022945552538429436,6386896.327511661,1.0808567006468228,-8.154191698664173e-15,-1.2852989231732074e-21,1.692303499793752e-07,8759.327511752645,0.0,-0.0006491674857704602,1.8346527682617749e-16,-5.424116207660284e-20,-7.297198816452471e-05,-1.0191044924118676e-21,-7.103193747455163e-21,-7.297198816452471e-05,-1.014493539822491e-21,-7.103853899254123e-21,304.87786307098514,0.4807119201916667,31916.056232337956,231.29271824685776,0.2898100403489729,1.5707963267948968,-0.227325650150337,88.35666614949561,1876.4358342271425,9.753290567496453,-1.9617896678107204e-15,0.3246887045789351,86.09638563150747,5.362818729868761e-16,0.7714265212864395,-3.334831911575354,0.0,0.0,0.0,3.747149233197157e-18,0.005390169691186209,0.023301389567211426,0.0,0.0,0.0,0.0,0.0,0.0,0.0,0.0,0.5,0.0,0.0,1.0,1.2357900156125707e-15,20.181982535257937,0.0
9.0,-1.4982021619670595e-14,0.274104233481031,87.0488012944685,0.0,0.0,0.0,0.7071068008550737,-0.00023203370450358967,-0.7071068008550736,-0.00023203370450358967,6386887.670410372,1.1136504532884894,-8.278948333158347e-15,-1.3049653834699061e-21,1.7436512285128752e-07,8750.670410469174,0.0,-0.000656464746984813,2.759290214252346e-16,-5.425821238861205e-20,-7.297301532569385e-05,-1.1154677468974075e-21,-6.629213372635801e-21,-7.297301532569385e-05,-1.1111156619774469e-21,-6.6299442094191204e-21,304.9148558571893,0.48120757371311434,31956.67880877806,231.3488343707515,0.29279500874240244,1.5707963267948968,-0.22458080666857927,89.27754788639412,1917.7278049862987,9.753317188694265,4.488055883435557e-15,0.33124869372802407,87.04861681398214,5.484289575175582e-16,0.7790446981761577,-3.4103677205705485,0.0,0.0,0.0,3.832024260263083e-18,0.005443399992504574,0.02382917908054856,0.0,0.0,0.0,0.0,0.0,0.0,0.0,0.0,0.5,0.0,0.0,1.0,1.2341997319060661e-15,20.156011231407522,0.0
9.1,-1.5121726564261917e-14,0.2794629650332755,88.00050120518814,0.0,0.0,0.0,0.7071068852472651,-0.00023461188946321353,-0.707106885247265,-0.00023461188946321353,6386878.917809033,1.1471055336575757,-8.332310127714899e-15,-1.3133783235260605e-21,1.796034571139373e-07,8741.91780913528,0.0,-0.0006637621133941149,1.795300969029963e-16,-5.424233682020589e-20,-7.297405278616317e-05,-1.613934122246672e-23,-1.2478482979871438e-20,-7.297405278616317e-05,-7.85719730660614e-24,-1.2478491058315217e-20,304.9522330855286,0.4817108177667618,31997.97689783308,231.405570357751,0.2957791400924342,1.5707963267948968,-0.22188982102246257,90.19850963016434,1959.545272756145,9.753344103671918,-4.8627212876952285e-15,0.3378744567046862,88.00033191178119,5.607303137777471e-16,0.7866512563982695,-3.486862857696205,0.0,0.0,0.0,3.917977226416723e-18,0.00549654911099054,0.024363671683901442,0.0,0.0,0.0,0.0,0.0,0.0,0.0,0.0,0.5,0.0,0.0,1.0,1.2325919051249014e-15,20.12975342740584,0.0
9.200000000000001,-1.5258940708189014e-14,0.2848734937413924,88.95167725920018,0.0,0.0,0.0,0.7071069739228732,-0.00023719007627481456,-0.7071069739228731,-0.00023719007627481456,6386870.07021668,1.1812253313813028,-8.345019297768635e-15,-1.3153834377283204e-21,1.8494588406347297e-07,8733.070216789221,0.0,-0.0006710595833150418,1.152237351477042e-16,-5.423138323429516e-20,-7.297510047786816e-05,-8.09352062022568e-22,-8.31585127866515e-21,-7.297510047786816e-05,-8.037724305761877e-22,-8.316392718414237e-21,304.9900139825416,0.4822197014655441,32039.742256824855,231.46292216313932,0.2987623260614973,1.5707963267948968,-0.21925080692714108,91.11952636541872,2001.879965511653,9.753371310867173,-5.7572829660910315e-15,0.344565549413566,88.95152456407483,5.73183579158521e-16,0.7942426824266721,-3.564302631231377,0.0,0.0,0.0,4.004991623458462e-18,0.005549592496668985,0.024904764722167124,0.0,0.0,0.0,0.0,0.0,0.0,0.0,0.0,0.5,0.0,0.0,1.0,1.230966628777887e-15,20.103210650367664,0.0
9.3,-1.5392576330048215e-14,0.29033571200972647,89.90232301941037,0.0,0.0,0.0,0.707107058333105,-0.00023976826153167946,-0.7071070583331049,-0.00023976826153167946,6386861.1276858365,1.2160163553759653,-8.343758477774176e-15,-1.3151865548524974e-21,1.9039342347757483e-07,8724.127685952,0.0,-0.0006783571561979129,1.3369537766562783e-16,-5.423551484484158e-20,-7.297615838161517e-05,-3.040341990768363e-22,-1.0946856074837999e-20,-7.297615838161517e-05,-2.9660825153665957e-22,-1.0947059799898156e-20,305.0282002849142,0.4827340457064321,32081.955776176004,231.5208893781957,0.3017444754610686,1.5707963267948968,-0.2166622075469485,92.0405742958052,2044.7328454305969,9.753398810122155,-7.450041614969192e-15,0.35132184050099746,89.9021861930156,5.857890486388672e-16,0.8018181870769985,-3.6426888754825915,0.0,0.0,0.0,4.093069512487774e-18,0.005602524635291256,0.025452471012150812,0.0,0.0,0.0,0.0,0.0,0.0,0.0,0.0,0.5,0.0,0.0,1.0,1.2293239125129753e-15,20.076383057856003,0.0
9.4,-1.5521727852469462e-14,0.29584975669349106,90.85242941278074,0.0,0.0,0.0,0.7071071311914658,-0.0002423464423279029,-0.7071071311914657,-0.0002423464423279029,6386852.089813756,1.2514883882830294,-8.351783816120684e-15,-1.316453425801383e-21,1.9594760781169577e-07,8715.089813878449,0.0,-0.0006856548325432128,1.3948340178385967e-16,-5.423740951261753e-20,-7.297722652662573e-05,-2.2717788595656217e-22,-1.1329778869247298e-20,-7.297722652662573e-05,-2.1940958462745668e-22,-1.1329931985149708e-20,305.0667937124448,0.4832538736539706,32124.619357058746,231.57947461359223,0.3047254954915721,1.5707963267948968,-0.21412275547285378,92.96163024213271,2088.108094448386,9.753426602679596,-1.2960132737773955e-15,0.3581435083473359,90.85230581871694,5.985479570023903e-16,0.8093771872088202,-3.7220292688666943,0.0,0.0,0.0,4.18221952127798e-18,0.005655341452294478,0.026006844205066985,0.0,0.0,0.0,0.0,0.0,0.0,0.0,0.0,0.5,0.0,0.0,1.0,1.2276636823470786e-15,20.04926944163535,0.0
9.5,-1.5645741436197105e-14,0.30141526567425614,91.80199250221511,0.0,0.0,0.0,0.7071071866804105,-0.0002449246163386856,-0.7071071866804104,-0.0002449246163386856,6386842.957110713,1.2876446810739781,-8.388664820543636e-15,-1.3222687130804154e-21,2.0160894668752987e-07,8705.957110843001,0.0,-0.0006929526123495607,9.279153413708324e-17,-5.422873924521957e-20,-7.297830484361989e-05,-3.8574346026057767e-22,-1.0508534006741132e-20,-7.297830484361989e-05,-3.7846105241916745e-22,-1.0508798706356696e-20,305.10579208616457,0.48377915595889387,32167.730590705338,231.63867456163138,0.3077053063713905,1.5707963267948968,-0.21163077162742377,93.88267160320348,2132.0049064454224,9.753454686973505,-3.778910687842824e-15,0.36503010336207964,91.80187789748841,6.114600733338807e-16,0.816919259580063,-3.8023223754533513,0.0,0.0,0.0,4.272440036360878e-18,0.005708039990369643,0.026567874267674704,0.0,0.0,0.0,0.0,0.0,0.0,0.0,0.0,0.5,0.0,0.0,1.0,1.2259860320160898e-15,20.021871332529003,0.0
9.600000000000001,-1.576415257226082e-14,0.30703212232253946,92.75100577462815,0.0,0.0,0.0,0.7071072203050799,-0.00024750278176414054,-0.7071072203050798,-0.0002475027817641406,6386833.72963122,1.324491698382732,-8.470347159459021e-15,-1.335145886446542e-21,2.0737845299429613e-07,8696.729631357826,0.0,-0.000700250496524246,2.1201187179538325e-16,-1.0846403621693945e-19,-7.297939331191587e-05,2.6250705428084314e-22,-1.3762301928519746e-20,-7.297939331191587e-05,2.72144047891752e-22,-1.3762114733662215e-20,305.1451856274914,0.4843107511909156,32211.381653499695,231.69848920199118,0.31068383511779835,1.5707963267948968,-0.20918487433566682,94.80367653848151,2176.4288496229865,9.753483062839996,5.760984764786468e-15,0.3719814871640297,92.75089459623084,6.245270122793582e-16,0.824445372826725,-3.883578235807691,0.0,0.0,0.0,4.363742339713164e-18,0.005760627017643404,0.027135631356169452,0.0,0.0,0.0,0.0,0.0,0.0,0.0,0.0,0.5,0.0,0.0,1.0,1.2242909715337322e-15,19.994188894073478,0.0
9.700000000000001,-1.5876675060640107e-14,0.31270045273055624,93.69945998641023,0.0,0.0,0.0,0.7071072287866516,-0.00025008093728658755,-0.7071072287866514,-0.00025008093728658755,6386824.406975314,1.3620392718910568,-8.609531002475515e-15,-1.3570868559080952e-21,2.1325766692153373e-07,8687.406975459307,0.0,-0.0007075484868343202,1.32216030204457e-16,-1.265182710073659e-19,-7.29804919589382e-05,-9.479324288265739e-24,-1.2355831301589168e-20,-7.29804919589382e-05,-7.368914887172387e-25,-1.2355834898411116e-20,305.1849679242663,0.48484941535861953,32255.65306164083,231.75892141060874,0.31366100266592123,1.5707963267948968,-0.2067839439358606,95.72462341859965,2221.3877475196396,9.753511731513408,-7.459622953530122e-15,0.37899782941714383,93.69934562499951,6.377510547337798e-16,0.8319562346085767,-3.9658110335179946,0.0,0.0,0.0,4.4561423685764655e-18,0.005813107478729592,0.027710214575191218,0.0,0.0,0.0,0.0,0.0,0.0,0.0,0.0,0.5,0.0,0.0,1.0,1.2225784274278813e-15,19.966220926377922,0.0
9.8,-1.598328788008194e-14,0.3184198873915739,94.64735121835092,0.0,0.0,0.0,0.7071072104453126,-0.0002526590822215326,-0.7071072104453124,-0.0002526590822215326,6386814.989654478,1.400290514555359,-8.814768487679595e-15,-1.3894397042868473e-21,2.192470765172533e-07,8677.989654631665,0.0,-0.0007148465843092604,1.7696443965605204e-16,-5.4248827503324e-20,-7.298160071420602e-05,-7.728210369768313e-22,-8.5557678669401e-21,-7.298160071420602e-05,-7.667055761502694e-22,-8.556318292316753e-21,305.2251541819237,0.4853935492771984,32300.374014392375,231.81996726525244,0.31663671890220063,1.5707963267948968,-0.20442648131779304,96.64549173100323,2266.873893343557,9.753540691424083,-4.715983954783682e-15,0.3860786761730816,94.64722641146795,6.511299892455885e-16,0.8394487824289587,-4.049007016824983,0.0,0.0,0.0,4.549624670929329e-18,0.005865459975120094,0.028291527837408254,0.0,0.0,0.0,0.0,0.0,0.0,0.0,0.0,0.5,0.0,0.0,1.0,1.2208484936566637e-15,19.937968963894996,0.0
9.9,-1.6084149734049345e-14,0.3241903006422833,95.59467288137371,0.0,0.0,0.0,0.7071071648401374,-0.0002552372163759149,-0.7071071648401372,-0.0002552372163759149,6386805.47772521,1.4392518467271815,-9.091268317448615e-15,-1.433025509159528e-21,2.253476877833104e-07,8668.477725371718,0.0,-0.0007221447906862237,2.750066068301518e-16,-5.427201508642164e-20,-7.298271955554143e-05,-3.1320224461727277e-22,-1.078128495497783e-20,-7.298271955554143e-05,-3.0541651486042447e-22,-1.0781508321144826e-20,305.2657441593765,0.48594314968225916,32345.544243462347,231.88162639969326,0.31961090681963056,1.5707963267948968,-0.2021112567092176,97.56626131174765,2312.889025092056,9.753569942402148,7.89352877035775e-17,0.3932238830843346,95.59453003126063,6.646643302632806e-16,0.8469225216392227,-4.133169384791217,0.0,0.0,0.0,4.644192841365167e-18,0.005917681050568492,0.028879593495552268,0.0,0.0,0.0,0.0,0.0,0.0,0.0,0.0,0.5,0.0,0.0,1.0,1.2191011805983772e-15,19.909433176115154,0.0
10.0,-1.617960281625495e-14,0.33001180768120403,96.541415560198,0.0,0.0,0.0,0.7071070927586266,-0.0002578153400435264,-0.7071070927586265,-0.0002578153400435264,6386795.870790363,1.4789331484879342,-9.441019344560443e-15,-1.4881578203343839e-21,2.3156104854478304e-07,8658.870790534032,0.0,-0.0007294431083808326,1.375716575923531e-16,-5.424192179427424e-20,-7.2983848508542e-05,1.0291340439535628e-22,-1.2750805845507496e-20,-7.2983848508542e-05,1.1221440864417689e-22,-1.2750727374116808e-20,305.30673955135165,0.48649823952091237,32391.165634814148,231.9439013883452,0.32258348306882,1.5707963267948968,-0.1998372782866272,98.48691184069695,2359.437449838182,9.753599485673426,-8.754327636519081e-16,0.40043361210863515,96.54124706198252,6.783553465745769e-16,0.8543768630511859,-4.2183060272858,0.0,0.0,0.0,4.739855745253435e-18,0.005969766588254588,0.029474466678312942,0.0,0.0,0.0,0.0,0.0,0.0,0.0,0.0,0.5,0.0,0.0,1.0,1.2173364152985888e-15,19.880612371602098,0.0
10.100000000000001,-1.6270249907064785e-14,0.3358840317439987,97.48757535459848,0.0,0.0,0.0,0.7071069966000484,-0.0002603934541569314,-0.7071069966000483,-0.0002603934541569314,6386786.169362601,1.5193373954196057,-9.861711675502894e-15,-1.5544725901807935e-21,2.378876253767298e-07,8649.169362781258,0.0,-0.0007367415388114153,7.828406717664291e-17,-5.422868901823209e-20,-7.298498750153857e-05,-2.168851777403294e-22,-1.1171291561746978e-20,-7.298498750153857e-05,-2.086548407185381e-22,-1.1171448333945125e-20,305.34813575073105,0.48705900873422076,32437.259338983,232.0067889925671,0.3255543839493065,1.5707963267948968,-0.19760320377985882,99.407424619436,2406.519466079997,9.753629319664702,-2.2553624781673507e-15,0.4077074061526988,97.48737405370424,6.922031221914449e-16,0.8618117920400439,-4.304417466731371,0.0,0.0,0.0,4.8366139696089e-18,0.006021716485990841,0.030076151036001215,0.0,0.0,0.0,0.0,0.0,0.0,0.0,0.0,0.5,0.0,0.0,1.0,1.2155542919319e-15,19.851508088343778,0.0
10.200000000000001,-1.6356872922375217e-14,0.3418068381335311,98.43314559950748,0.0,0.0,0.0,0.7071068799774114,-0.0002629715601298953,-0.7071068799774113,-0.00026297156012989535,6386776.373500408,1.56047096359136,-1.0347817046614666e-14,-1.631098467508152e-21,2.443284173947177e-07,8639.373500598595,0.0,-0.000744040083917901,5.606067384323861e-17,-1.6264395554567296e-19,-7.298613651084764e-05,-3.5557738794576653e-22,-1.0511145005130855e-20,-7.298613651084764e-05,-3.4775657703261873e-22,-1.0511406659474088e-20,305.3899088138304,0.48762760416274903,32484.056051262094,232.0702896616424,0.3285235629261078,1.5707963267948968,-0.19540793559245567,100.32778092519874,2454.1477189747907,9.75365944420008,-1.8861882299475237e-17,0.41504511605399685,98.43290515390832,7.062113095067199e-16,0.869230656211965,-4.3915264152813585,0.0,0.0,0.0,4.9344930347068166e-18,0.006073554134424072,0.030684805264692038,0.0,0.0,0.0,0.0,0.0,0.0,0.0,0.0,0.5,0.0,0.0,1.0,1.2137548212418666e-15,19.822120501795784,0.0
10.3,-1.64404514660156e-14,0.3477803310239272,99.378116706874,0.0,0.0,0.0,0.7071067478031898,-0.00026554965989092913,-0.7071067478031897,-0.00026554965989092913,6386766.482809479,1.6023437808435919,-1.0890457655792503e-14,-1.7166361186525876e-21,2.5088497996080804e-07,8629.482809680203,0.0,-0.0007513387461374196,1.2810340953241942e-16,-5.424226377266685e-20,-7.298729556020795e-05,1.6698934220951386e-22,-1.2880212933270823e-20,-7.298729556020795e-05,1.7666605750819168e-22,-1.2880083969274326e-20,305.4320862606059,0.4882017038730466,32531.305778597845,232.13440504824362,0.3314909130259484,1.5707963267948968,-0.19325059287689153,101.24796154429714,2502.315212498909,9.753689860496827,-1.5868977124167446e-15,0.422446897180872,99.37783198684795,7.203779268117547e-16,0.8766287425445481,-4.479620549816952,0.0,0.0,0.0,5.0334790938027535e-18,0.006125246602367965,0.03130034325935831,0.0,0.0,0.0,0.0,0.0,0.0,0.0,0.0,0.5,0.0,0.0,1.0,1.2119379307956823e-15,19.79244842904061,0.0
10.4,-1.652220310358741e-14,0.3538041265239427,100.32248479655725,0.0,0.0,0.0,0.7071066064970823,-0.0002681277559664085,-0.7071066064970822,-0.0002681277559664085,6386756.497803629,1.6449586860245298,-1.1476616915975862e-14,-1.809033811859224e-21,2.575577582777996e-07,8619.497803841097,0.0,-0.0007586375266442172,1.5259523951189017e-16,-5.424944620455131e-20,-7.298846457677321e-05,-8.759243713097931e-22,-7.988538896700999e-21,-7.298846457677321e-05,-8.698645051309486e-22,-7.989201278104877e-21,305.4746658999665,0.48878127804100413,32579.00606639739,232.19913182161798,0.3344563735039791,1.5707963267948968,-0.1911299704948852,102.16794936000767,2551.021170014575,9.753720566978227,-2.129343942051059e-15,0.429912290580844,100.3221523727695,7.347027476889281e-16,0.884005654333667,-4.5686984623757585,0.0,0.0,0.0,5.1335705648543966e-18,0.006176791117941468,0.031922755182178804,0.0,0.0,0.0,0.0,0.0,0.0,0.0,0.0,0.5,0.0,0.0,1.0,1.2101037149796328e-15,19.76249341152329,0.0
10.5,-1.6603532963420376e-14,0.3598780809026146,101.26624312749844,0.0,0.0,0.0,0.7071064637260314,-0.0002707058513769252,-0.7071064637260313,-0.0002707058513769253,6386746.418543329,1.6883220109209636,-1.2090029597464825e-14,-1.905727727171114e-21,2.643477445760234e-07,8609.41854355298,0.0,-0.0007659364269539021,1.6087831768560837e-16,-1.6267297642144595e-19,-7.298964353534296e-05,-8.697379854746445e-22,-8.018582014089322e-21,-7.298964353534296e-05,-8.635960068984257e-22,-8.019245825944193e-21,305.51764747403917,0.4893663231565747,32627.156625775802,232.26446958976376,0.3374198765397304,1.5707963267948968,-0.18904508623162786,103.08772689139916,2600.267394654945,9.75375156346238,8.329851249317346e-16,0.43744114351623814,101.26586169323404,7.49186303275662e-16,0.8913608972366958,-4.658763455799279,0.0,0.0,0.0,5.2347711590652816e-18,0.006228184227036427,0.032552064111017256,0.0,0.0,0.0,0.0,0.0,0.0,0.0,0.0,0.5,0.0,0.0,1.0,1.2082521849021904e-15,19.73225563065894,0.0
10.600000000000001,-1.668606707584415e-14,0.36600228717897754,102.20938193777674,0.0,0.0,0.0,0.7071063285861354,-0.00027328394970895615,-0.7071063285861353,-0.00027328394970895615,6386736.244637148,1.7324437304916103,-1.2710795905224669e-14,-2.00358112017871e-21,2.7125650165595944e-07,8599.244637383148,0.0,-0.0007732354488889703,1.765171788665758e-16,-5.425804827273316e-20,-7.299083245776357e-05,-8.115646390747339e-23,-1.1570447767785338e-20,-7.299083245776357e-05,-7.22092271454745e-23,-1.157050694393381e-20,305.561030456446,0.48995706224271934,32675.780872873904,232.3304209670289,0.34038134801256836,1.5707963267948968,-0.18699515588275561,104.00727585957176,2650.059396019234,9.753782851157894,-6.851287055889474e-16,0.445033605989238,102.20895279964672,7.638302072986548e-16,0.898694234874705,-4.749825564935901,0.0,0.0,0.0,5.3370921519885556e-18,0.00627942427800812,0.033188340162124734,0.0,0.0,0.0,0.0,0.0,0.0,0.0,0.0,0.5,0.0,0.0,1.0,1.206383268658334e-15,19.701733912149447,0.0
10.700000000000001,-1.6771628775312094e-14,0.3721763544655778,103.15189736843529,0.0,0.0,0.0,0.7071062114588732,-0.0002758620550594414,-0.7071062114588731,-0.0002758620550594414,6386725.976600021,1.7773265474915985,-1.3315347896696822e-14,-2.0988790184918442e-21,2.7828445344880055e-07,8588.976600268856,0.0,-0.0007805345927557237,1.3924428987442097e-16,-5.42489499492743e-20,-7.299203127002102e-05,-5.665631839043837e-22,-9.339986278798799e-21,-7.299203127002102e-05,-5.5927310975455e-22,-9.340425718057622e-21,305.60478719672625,0.4905557876208989,32725.126143950187,232.39698350722463,0.34334076071996694,1.5707963267948968,-0.1849790945860397,104.92658053185068,2700.4092338982728,9.75381442848463,-5.950876791113549e-16,0.4526892185438816,103.1514249268968,7.786379338050215e-16,0.9060095719288797,-4.84190639290847,0.0,0.0,0.0,5.440557817748776e-18,0.006330538553940023,0.03383173428247386,0.0,0.0,0.0,0.0,0.0,0.0,0.0,0.0,0.5,0.0,0.0,1.0,1.2044970608405024e-15,19.67092980080657,0.0
10.8,-1.6862246402587265e-14,0.3784001299976254,104.09378260242416,0.0,0.0,0.0,0.7071061240651211,-0.000278440172055799,-0.707106124065121,-0.000278440172055799,6386715.614494408,1.8229767494253415,-1.3876683376142733e-14,-2.1873650899911594e-21,2.8543258530066937e-07,8578.614494667388,0.0,-0.0007878338590183462,1.3957309281180297e-16,-5.425004037561305e-20,-7.299323994538528e-05,-1.6116994502738476e-22,-1.1128837003981766e-20,-7.299323994538528e-05,-1.5240222131348692e-22,-1.1128960525373098e-20,305.648944805285,0.49115999809714855,32774.92348146797,232.4641558462932,0.3462980203221999,1.5707963267948968,-0.18299602115979005,105.84562449963954,2751.3054764528924,9.753846295254696,3.2788094972079556e-15,0.4604078261941473,104.09327485186219,7.936061998234149e-16,0.9133018624205527,-4.934985524785651,0.0,0.0,0.0,5.545145217320431e-18,0.006381491797188639,0.034482103827313516,0.0,0.0,0.0,0.0,0.0,0.0,0.0,0.0,0.5,0.0,0.0,1.0,1.2025935729219128e-15,19.639843484002167,0.0
10.9,-1.6960201430883216e-14,0.38467369550836605,105.03502770285328,0.0,0.0,0.0,0.7071060797432525,-0.0002810183059657186,-0.7071060797432523,-0.0002810183059657186,6386705.157931776,1.8694043577292212,-1.4363725217545882e-14,-2.2641406482124623e-21,2.927024673518922e-07,8568.157932049284,0.0,-0.0007951332482394832,1.7459760782372562e-16,-5.42613071955108e-20,-7.299445850377457e-05,3.984978335687562e-23,-1.1975279734816817e-20,-7.299445850377457e-05,4.93717583417487e-23,-1.1975244253578573e-20,305.6935049378217,0.49176971632647487,32825.174752589526,232.5319405028765,0.3492530528950453,1.5707963267948968,-0.18104523581651522,106.76439027288406,2802.752613943314,9.753878452667934,-3.1502808101832483e-16,0.4681895749052202,105.0344968349279,8.087363245927119e-16,0.9205704928521397,-5.029071164163589,0.0,0.0,0.0,5.6508635685891036e-18,0.006432279721077279,0.0351395061174307,0.0,0.0,0.0,0.0,0.0,0.0,0.0,0.0,0.5,0.0,0.0,1.0,1.2006727335308609e-15,19.608473796147855,0.0
11.0,-1.7067913947121603e-14,0.3909966532448346,105.97562883304916,0.0,0.0,0.0,0.7071060927778752,-0.00028359646243345806,-0.7071060927778751,-0.00028359646243345806,6386694.607428154,1.9166119397059265,-1.4742509460900022e-14,-2.3238519208448177e-21,3.000945023626709e-07,8557.607428441444,0.0,-0.0008024327592426964,1.5675223592116597e-16,-5.425725060023554e-20,-7.29956868700153e-05,2.515354012917377e-22,-1.2883097481444386e-20,-7.29956868700153e-05,2.6187349838934255e-22,-1.2882891411016747e-20,305.73846539531274,0.4923849122195435,32875.87747743608,232.60033413183064,0.35220580690933245,1.5707963267948968,-0.17912575950293405,107.68286333425677,2854.7498714858884,9.753910899140903,1.6161717388021846e-15,0.47603400614030067,105.97509166673154,8.240280800663483e-16,0.927815074787873,-5.124161892950422,0.0,0.0,0.0,5.7577112781306074e-18,0.00648289961149819,0.03580393124422677,0.0,0.0,0.0,0.0,0.0,0.0,0.0,0.0,0.5,0.0,0.0,1.0,1.1987346374599511e-15,19.576822285324337,0.0
11.100000000000001,-1.719886581431694e-14,0.3973963495630777,106.91520105832073,0.0,0.0,0.0,0.707106166918549,-0.00028617464314198784,-0.7071061669185489,-0.00028617464314198784,6386683.910160491,1.9650610638164838,-1.4929794869322028e-14,-2.3533775627034594e-21,3.076809642465994e-07,8546.910160792992,0.0,-0.0008097324630014485,1.6284102773828307e-16,-5.426029781787105e-20,-7.299692927684873e-05,-2.456027558551562e-22,-1.069938850455608e-20,-7.299692927684873e-05,-2.3693903407873106e-22,-1.0699583869442786e-20,305.78404231825317,0.4930094878240335,32927.37404818221,232.6696794732041,0.35515464588889695,1.5707963267948968,-0.177235719865914,108.60062326801469,2907.3004598913813,9.753943797128386,1.0003706314629654e-15,0.48396815732508575,106.91467597996542,8.394825653519958e-16,0.9350299383838756,-5.220264545871548,0.0,0.0,0.0,5.8656960257131315e-18,0.006533311851689731,0.03647542696381158,0.0,0.0,0.0,0.0,0.0,0.0,0.0,0.0,0.5,0.0,0.0,1.0,1.1967695812721557e-15,19.544730482378974,0.0
11.200000000000001,-1.735494875769994e-14,0.40384725301862034,107.85408496225901,0.0,0.0,0.0,0.707106256958234,-0.0002887528304501689,-0.7071062569582339,-0.0002887528304501689,6386673.114869344,2.0143445507797577,-1.4962090652667237e-14,-2.3584723472512694e-21,3.15398097697115e-07,8536.11486966163,0.0,-0.0008170322961793244,1.5103422596769576e-16,-9.03979368918695e-20,-7.299818177561994e-05,2.8763857749943157e-22,-1.3010849151167234e-20,-7.299818177561994e-05,2.9826815365388513e-22,-1.3010609940874576e-20,305.83001461311704,0.4936418289363597,32979.562492297446,232.73966103644304,0.3581009810098873,1.5707963267948968,-0.17537546313383975,109.5180286871039,2960.419936764811,9.753976996741903,2.27751815364322e-15,0.4919667536358968,107.85357707433594,8.551041572199582e-16,0.942222983978275,-5.317406339571821,0.0,0.0,0.0,5.9748483930369225e-18,0.006583571643491542,0.03715418344638297,0.0,0.0,0.0,0.0,0.0,0.0,0.0,0.0,0.5,0.0,0.0,1.0,1.1947865184626729e-15,19.512344608984886,0.0
11.3,-1.7567099167743935e-14,0.41030428171440403,108.7928918100613,0.0,0.0,0.0,0.7071063451929387,-0.0002913310171879846,-0.7071063451929386,-0.00029133101718798463,6386662.308063847,2.0637188951809815,-1.4598959249200595e-14,-2.3012359124782753e-21,3.231294839008046e-07,8525.308064179806,0.0,-0.0008243321422254016,1.73953662431523e-16,-1.265465941080376e-19,-7.299943737089811e-05,1.836938991261058e-22,-1.2608668697489064e-20,-7.299943737089811e-05,1.9408714041348258e-22,-1.2608513089847424e-20,305.8760359424264,0.4942748445091606,33031.80660105648,232.80971724261985,0.3610473209790109,1.5707963267948968,-0.17354582568638086,110.43572376517575,3014.10100420932,9.754010231934847,-2.567666871364659e-16,0.499985099941552,108.79240092686601,8.708904854127107e-16,0.9494010484639867,-5.415572534767982,0.0,0.0,0.0,6.085151818459468e-18,0.006633726758158513,0.037840097704507046,0.0,0.0,0.0,0.0,0.0,0.0,0.0,0.0,0.5,0.0,0.0,1.0,1.1928013405013244e-15,19.479924192539418,0.0
11.4,-1.772630560101894e-14,0.4168268670145212,109.73079571224402,0.0,0.0,0.0,0.7071064112066087,-0.000293909195565204,-0.7071064112066086,-0.000293909195565204,6386651.375224266,2.114175360968566,-1.432644610857018e-14,-2.258283521660303e-21,3.310303376147958e-07,8514.375224615447,0.0,-0.0008316321583754647,1.562773983466148e-16,-5.426188934015844e-20,-7.300070526459786e-05,-1.3910656483568091e-22,-1.1228591479099388e-20,-7.300070526459786e-05,-1.297684600409014e-22,-1.1228703281664468e-20,305.9225939942693,0.49491524260930325,33084.660005349375,232.8805904774446,0.36399016984669125,1.5707963267948968,-0.17174375214626225,111.35281694791443,3068.3383634459938,9.754043854903811,1.6724451836242533e-15,0.5080819269233716,109.73031524909067,8.868403847373514e-16,0.9565490226565758,-5.514755885788179,0.0,0.0,0.0,6.196598160456864e-18,0.00668367162365526,0.038533119110677805,0.0,0.0,0.0,0.0,0.0,0.0,0.0,0.0,0.5,0.0,0.0,1.0,1.1907930104546119e-15,19.447125673846344,0.0
11.5,-1.7885417651334424e-14,0.42339465304284374,110.66806645717203,0.0,0.0,0.0,0.7071064661137036,-0.00029648736972317743,-0.7071064661137035,-0.00029648736972317743,6386640.355164421,2.1653884549626117,-1.427364695601518e-14,-2.2499646782021834e-21,3.390496935525616e-07,8503.355164787112,0.0,-0.0008389322928779521,9.281491451788163e-17,-5.424162262770958e-20,-7.300198231093724e-05,-1.345763303018621e-22,-1.1257318867650244e-20,-7.300198231093724e-05,-1.2513152151485741e-22,-1.1257427655127663e-20,305.9695234780304,0.49556074969243397,33137.935064771045,232.95202912642492,0.3669306337471224,1.5707963267948968,-0.16996947233507936,112.26959160042274,3123.139000063535,9.754077746286262,-3.584971318457938e-15,0.5162371604989642,110.66759314730294,9.029557746362325e-16,0.9636712885712307,-5.6149683285525525,0.0,0.0,0.0,6.309200830701777e-18,0.006733436858329486,0.039233331064458546,0.0,0.0,0.0,0.0,0.0,0.0,0.0,0.0,0.5,0.0,0.0,1.0,1.1887686583053341e-15,19.414065494361335,0.0
11.600000000000001,-1.808474630479336e-14,0.43001079247649937,111.60465138815486,0.0,0.0,0.0,0.7071065108661765,-0.0002990655399940738,-0.7071065108661764,-0.0002990655399940738,6386629.241562652,2.217418712728904,-1.4266595569651457e-14,-2.248857102916515e-21,3.471970313528634e-07,8492.241563037038,0.0,-0.0008462325553627688,1.7503636852165582e-16,-5.427091936243414e-20,-7.300326898449678e-05,2.6065213105033234e-22,-1.293434269334258e-20,-7.300326898449678e-05,2.7159807810316886e-22,-1.293411735097305e-20,306.01682885770504,0.49621380651145364,33191.88567707867,233.02407496049614,0.3698684898576095,1.5707963267948968,-0.16822203683599568,113.18598280685211,3178.514971629217,9.754111925527477,-4.490093128343432e-16,0.5244538312731888,111.60418217195364,9.192401606189258e-16,0.9707706327372071,-5.716231661831066,0.0,0.0,0.0,6.422984323155621e-18,0.006783041932429002,0.03994088587986223,0.0,0.0,0.0,0.0,0.0,0.0,0.0,0.0,0.5,0.0,0.0,1.0,1.1867271227838004e-15,19.380724689111112,0.0
11.700000000000001,-1.822577044899761e-14,0.43667511768468176,112.5405433598351,0.0,0.0,0.0,0.7071065600141311,-0.0003016437132439911,-0.707106560014131,-0.0003016437132439911,6386618.034487732,2.2702722444559638,-1.4012761815133078e-14,-2.2088489476560847e-21,3.554733087522066e-07,8481.034488135017,0.0,-0.0008535329489652107,1.5094217251330167e-16,-1.0847392206541276e-19,-7.30045652559465e-05,-5.357135452177742e-22,-9.636107772075058e-21,-7.30045652559465e-05,-5.274886155945726e-22,-9.636561511140438e-21,306.0645223153186,0.49687325890224626,33246.387446744106,233.0967270949233,0.372803667657139,1.5707963267948968,-0.1665007983602549,114.10197645888104,3234.4613286904687,9.754146392420445,2.2701097400870005e-15,0.5327317724948719,112.5400797274353,9.356921215250616e-16,0.9778443498324223,-5.818537048235791,0.0,0.0,0.0,6.537938707779256e-18,0.006832467943122893,0.04065572180762402,0.0,0.0,0.0,0.0,0.0,0.0,0.0,0.0,0.5,0.0,0.0,1.0,1.1846684165228158e-15,19.347103464405052,0.0
11.8,-1.8361190331869306e-14,0.44338767199298745,113.47573188576227,0.0,0.0,0.0,0.7071066501647669,-0.0003042219071546903,-0.7071066501647668,-0.0003042219071546903,6386606.733560447,2.3239591520394707,-1.3947406352424083e-14,-2.198550801866006e-21,3.638801086866943e-07,8469.73356086916,0.0,-0.0008608334805907439,1.7836127900551054e-16,-9.0415099387837e-20,-7.300587113886127e-05,-2.4523354603404412e-22,-1.0835109990504329e-20,-7.300587113886127e-05,-2.3590716263241683e-22,-1.0835317309539667e-20,306.1126151763248,0.49753823380147716,33301.34563523078,233.1699876463204,0.37573608773956113,1.5707963267948968,-0.16480526056613432,115.01755688708165,3290.977090331359,9.75418114813686,-8.061946492006623e-16,0.5410711263749838,113.47528711107793,9.523113910787825e-16,0.9848900476300246,-5.921882831948637,0.0,0.0,0.0,6.654062124029885e-18,0.006881698175262905,0.041377827278086615,0.0,0.0,0.0,0.0,0.0,0.0,0.0,0.0,0.5,0.0,0.0,1.0,1.1825924698622865e-15,19.31320068260748,0.0
11.9,-1.849701319101261e-14,0.45014803226365346,114.41021321426892,0.0,0.0,0.0,0.707106765920137,-0.00030680011410504267,-0.7071067659201369,-0.00030680011410504267,6386595.339300265,2.378481556708177,-1.408632779556005e-14,-2.220453187796539e-21,3.724177641859954e-07,8458.339300707294,0.0,-0.0008681341466521766,1.4702397178709454e-16,-9.040490775545295e-20,-7.300718655387435e-05,-2.533927768798681e-22,-1.0793741069766685e-20,-7.300718655387435e-05,-2.4402180657680883e-22,-1.07939568682145e-20,306.161105230047,0.49820870064235656,33356.75771628487,233.24385324713202,0.37866570801442956,1.5707963267948968,-0.16313467675673451,115.9327121345768,3348.0614471200984,9.75421619108281,-5.681564460021791e-15,0.5494713645223896,114.40979591101697,9.690977344683158e-16,0.9919073409872888,-6.026267552808757,0.0,0.0,0.0,6.7713529312129444e-18,0.006930729937750681,0.04210719208870379,0.0,0.0,0.0,0.0,0.0,0.0,0.0,0.0,0.5,0.0,0.0,1.0,1.180499378226904e-15,19.27901790212188,0.0
12.0,-1.8629133958396135e-14,0.45695600471611664,115.34398022654248,0.0,0.0,0.0,0.7071068901267122,-0.000309378325632253,-0.7071068901267121,-0.000309378325632253,6386583.851778004,2.433845516354177,-1.4382628975327e-14,-2.2671637808976824e-21,3.8108722485127703e-07,8446.851778468117,0.0,-0.0008754349445996565,1.5154414288149726e-16,-5.42678339151222e-20,-7.300851146737014e-05,-9.134612274115065e-24,-1.1780579030705281e-20,-7.300851146737014e-05,1.1785204599960928e-24,-1.1780582513225901e-20,306.20998308144215,0.4988854980785784,33412.71438544351,233.318323758897,0.3815924854101052,1.5707963267948968,-0.16148844475038285,116.84742850143377,3405.7220603002384,9.754251521045092,-1.0497887145502121e-14,0.5579322463755125,115.34359361324503,9.860533812410808e-16,0.9988973980204086,-6.131705075103306,0.0,0.0,0.0,6.889826707790665e-18,0.00697957139253597,0.04284391311307057,0.0,0.0,0.0,0.0,0.0,0.0,0.0,0.0,0.5,0.0,0.0,1.0,1.1783891546258529e-15,19.244555335404353,0.0
12.100000000000001,-1.8754187140016247e-14,0.46381161961592215,116.27702226998593,0.0,0.0,0.0,0.7071070081239308,-0.00031195653449831806,-0.7071070081239307,-0.00031195653449831806,6386572.270617517,2.490061167861463,-1.4793727968916325e-14,-2.331970429627638e-21,3.8989007916616656e-07,8435.270618002241,0.0,-0.0008827358735693117,1.1004040774689972e-16,-5.42529651373667e-20,-7.300984589058848e-05,-7.963515770832356e-23,-1.148245944096731e-20,-7.300984589058848e-05,-6.94984180390462e-23,-1.1482525080339139e-20,306.259235066324,0.49957006303296636,33469.37029488325,233.3934021583104,0.3845163714532463,1.5707963267948968,-0.15986609399590723,117.76169025425519,3463.973684161698,9.754287139186134,-5.7309744104814396e-15,0.566453820051272,116.27666481127771,1.003182628112868e-15,1.005862429704538,-6.238222117663657,0.0,0.0,0.0,7.009513476100346e-18,0.00702823798831147,0.043588177043024846,0.0,0.0,0.0,0.0,0.0,0.0,0.0,0.0,0.5,0.0,0.0,1.0,1.1762617299616109e-15,19.209811854006723,0.0
12.200000000000001,-1.8869668003480173e-14,0.4707144483061856,117.20933559739655,0.0,0.0,0.0,0.7071071079151531,-0.00031453473476858695,-0.707107107915153,-0.00031453473476858695,6386560.596339453,2.547130473795741,-1.5279931090695003e-14,-2.408616213442218e-21,3.9882663535566855e-07,8423.596339960894,0.0,-0.0008900369323811598,1.4526401532743026e-16,-7.233801785306268e-20,-7.301118974327445e-05,-1.6483342503439403e-22,-1.1120460866828618e-20,-7.301118974327445e-05,-1.5493501663216064e-22,-1.1120602987595324e-20,306.3088830586209,0.500260132187818,33526.481742517004,233.46908422076297,0.387437297133008,1.5707963267948968,-0.15826694480503503,118.67548620566964,3522.800498953708,9.75432304390843,7.483266796093099e-15,0.5750355525581431,117.209001727635,1.0204808946363736e-15,1.0127976048124434,-6.345790197293554,0.0,0.0,0.0,7.130381231294414e-18,0.007076695967961121,0.04433978485862506,0.0,0.0,0.0,0.0,0.0,0.0,0.0,0.0,0.5,0.0,0.0,1.0,1.1741171998762569e-15,19.17478901988268,0.0
12.3,-1.8973838442157427e-14,0.4776642880120361,118.1409129941456,0.0,0.0,0.0,0.7071071801195513,-0.0003171129217939043,-0.7071071801195512,-0.0003171129217939043,6386548.829016837,2.6050594199567882,-1.58062390517047e-14,-2.4915841595657915e-21,4.0789783178682337e-07,8411.829017369077,0.0,-0.0008973381212837338,2.2964498838364176e-16,-1.0851374569146182e-19,-7.30125429903427e-05,-4.4083753991508215e-22,-1.0017650989346011e-20,-7.30125429903427e-05,-4.3184814351836e-22,-1.0018042536438107e-20,306.35892674777443,0.5009557012266089,33584.04837110095,233.54536947284785,0.3903552101764845,1.5707963267948968,-0.15669045290170328,119.58880324006971,3582.204436976178,9.754359234992082,6.360131933626839e-15,0.5836772023693344,118.14059386806541,1.0379487502835932e-15,1.0197023954781492,-6.4544128552153985,0.0,0.0,0.0,7.252433952430635e-18,0.00712494164313989,0.045098761303368026,0.0,0.0,0.0,0.0,0.0,0.0,0.0,0.0,0.5,0.0,0.0,1.0,1.1719555777842666e-15,19.13948705210723,0.0
12.4,-1.906568573538129e-14,0.4846611570294063,119.07174360699796,0.0,0.0,0.0,0.7071072177495316,-0.00031969109210030046,-0.7071072177495314,-0.00031969109210030046,6386536.968276794,2.6638581574026303,-1.634151653671772e-14,-2.575966347589174e-21,4.1710525923328565e-07,8399.968277350068,0.0,-0.0009046394418249317,1.5125012097324996e-16,-9.041314008814525e-20,-7.301390564104268e-05,1.0309990414700753e-24,-1.1711728109652265e-20,-7.301390564104268e-05,1.1624936950383907e-23,-1.1711722629939109e-20,306.4093667736594,0.5016568803183169,33642.081537430575,233.62226036527343,0.39327004520267944,1.5707963267948968,-0.1551361957901547,120.50162599352548,3642.1908665773312,9.754395713589627,-1.0636827548263253e-14,0.5923788139804643,119.07142780728472,1.0555877711674625e-15,1.026576300256491,-6.56409989237899,0.0,0.0,0.0,7.375682652244431e-18,0.0071729715101122235,0.04586517485919089,0.0,0.0,0.0,0.0,0.0,0.0,0.0,0.0,0.5,0.0,0.0,1.0,1.1697767951892969e-15,19.103904832050205,0.0
12.5,-1.9145108216533136e-14,0.49170462059912823,120.00182369686947,0.0,0.0,0.0,0.7071072167528581,-0.00032226924365168235,-0.707107216752858,-0.00032226924365168235,6386525.014641137,2.723528489672784,-1.6858529178589334e-14,-2.657469737579536e-21,4.264492010585106e-07,8388.014641717697,0.0,-0.0009119408948277518,2.7021448901784834e-16,-7.239527441095814e-20,-7.301527761413813e-05,-2.970814047676136e-22,-1.0518234250076764e-20,-7.301527761413813e-05,-2.874885207077569e-22,-1.051850060229709e-20,306.4601692070133,0.5023665930561168,33700.89826465722,233.69975463565453,0.3961818067270263,1.5707963267948968,-0.15360355545020848,121.41394400117623,3702.780753855956,9.754432478100005,1.7194748032061789e-15,0.6011398586247692,120.00149815595596,1.073404032684389e-15,1.0334250119209618,-6.674889088218679,0.0,0.0,0.0,7.500169781204735e-18,0.007220825345855313,0.04663928950141259,0.0,0.0,0.0,0.0,0.0,0.0,0.0,0.0,0.5,0.0,0.0,1.0,1.1675809479469934e-15,19.06804392515309,0.0
12.600000000000001,-1.9212734740383375e-14,0.49879446695202306,120.93114595331527,0.0,0.0,0.0,0.7071071755214042,-0.00032484737561253463,-0.7071071755214041,-0.00032484737561253463,6386512.968185095,2.784076330474708,-1.7334175568616853e-14,-2.732452752994331e-21,4.35930584396152e-07,8375.968185701407,0.0,-0.0009192424821367497,1.9731953504837924e-16,-5.429605541741546e-20,-7.301665887305493e-05,-9.280230470776424e-22,-8.044017406562882e-21,-7.301665887305493e-05,-9.206282534990312e-22,-8.044867086027787e-21,306.51136526189816,0.503081896964056,33760.180383734005,233.77785068208425,0.3990904041940885,1.5707963267948968,-0.15209203911092378,122.32574465245283,3763.955069107737,9.754469528296648,1.0628691416820458e-14,0.6099600963771958,120.93079674882034,1.0913920293226586e-15,1.0402420154855605,-6.78674620708885,0.0,0.0,0.0,7.625856870784013e-18,0.007268457628366591,0.04742086601614268,0.0,0.0,0.0,0.0,0.0,0.0,0.0,0.0,0.5,0.0,0.0,1.0,1.1653680498767805e-15,19.031904557104223,0.0
12.700000000000001,-1.926993960383544e-14,0.5059307022842852,121.85969932107588,0.0,0.0,0.0,0.7071070948529964,-0.00032742548832809514,-0.7071070948529963,-0.00032742548832809514,6386500.828539101,2.845511843997458,-1.7748939132837725e-14,-2.7978388829485933e-21,4.455510021481033e-07,8363.828539735949,0.0,-0.0009265442065267606,2.609020375364887e-16,-9.04663217068341e-20,-7.301804942501066e-05,3.3822867458017652e-22,-1.2853266210257453e-20,-7.301804942501066e-05,3.5013700402070017e-22,-1.285294747893924e-20,306.56295736336693,0.503802734377844,33819.92110222426,233.85655087022894,0.40199577099184525,1.5707963267948968,-0.150601266931335,123.23701288410963,3825.7180156966338,9.754506865322059,3.0529895039510304e-15,0.6188395707679681,121.85931248545309,1.109552998367054e-15,1.0470264495003996,-6.899678942959759,0.0,0.0,0.0,7.752752566232011e-18,0.0073158623384583,0.0482099581632716,0.0,0.0,0.0,0.0,0.0,0.0,0.0,0.0,0.5,0.0,0.0,1.0,1.1631380330906233e-15,18.995485619207845,0.0
12.8,-1.931898996181161e-14,0.5131128858645884,122.78748007057192,0.0,0.0,0.0,0.7071069785273502,-0.0003300035836056545,-0.70710697852735,-0.0003300035836056545,6386488.596226097,2.9078366757973626,-1.808787268891127e-14,-2.851271882826597e-21,4.5531071297951134e-07,8351.596226758944,0.0,-0.0009338460695927535,2.0256269134528122e-16,-5.430233988404736e-20,-7.301944918778803e-05,-9.36207309830002e-23,-1.1149232485160798e-20,-7.301944918778803e-05,-8.320819464241362e-23,-1.1149314829908184e-20,306.6149432889946,0.5045290742460803,33880.11784668642,233.93585180993298,0.4048978730709532,1.5707963267948968,-0.14913067593678295,124.14773887375668,3888.0687428136425,9.75454448757176,1.2500210460224958e-15,0.6277777599178214,122.78704264020936,1.1278866891205478e-15,1.0537779238623213,-7.01368573688919,0.0,0.0,0.0,7.880855115859506e-18,0.0073630367503721705,0.04900655505004049,0.0,0.0,0.0,0.0,0.0,0.0,0.0,0.0,0.5,0.0,0.0,1.0,1.160890993650605e-15,18.958788680276836,0.0
12.9,-1.9362881630483208e-14,0.5203407969294461,123.71448079554234,0.0,0.0,0.0,0.7071068327090402,-0.0003325816644233373,-0.7071068327090401,-0.0003325816644233373,6386476.271323519,2.9710566674895613,-1.8339772708390413e-14,-2.890985620524272e-21,4.652106327913486e-07,8339.271324209869,0.0,-0.0009411480735729595,8.669070614644116e-17,-5.425041950033884e-20,-7.302085812330202e-05,4.753052394678467e-22,-1.3225598100053617e-20,-7.302085812330202e-05,4.877522733009209e-22,-1.3225144910158722e-20,306.6672918485642,0.5052638024254041,33941.083324487125,234.01575409189368,0.40779670271589813,1.5707963267948968,-0.14767981926642856,125.05791044665851,3951.031810239678,9.754582394812475,-2.618394947733337e-15,0.6367744282296027,123.7139816839036,1.146400233778804e-15,1.0605019587116173,-7.128810939944934,0.0,0.0,0.0,8.010214354283075e-18,0.007410019434849644,0.04981096656958211,0.0,0.0,0.0,0.0,0.0,0.0,0.0,0.0,0.5,0.0,0.0,1.0,1.1586269457821256e-15,18.921813972629607,0.0
13.0,-1.9405410168557032e-14,0.5276144294451885,124.64069023731719,0.0,0.0,0.0,0.7071066660937652,-0.00033515973500076334,-0.707106666093765,-0.0003351597350007633,6386463.853465136,3.0351819953511416,-1.849691349226207e-14,-2.915762177527486e-21,4.7525235645193654e-07,8326.853465857295,0.0,-0.0009484502212669356,1.527016927379405e-16,-1.8142606421133332e-20,-7.302227623669323e-05,-6.430975484641692e-23,-1.1129996396142882e-20,-7.302227623669323e-05,-5.375332947578418e-23,-1.113005234459771e-20,306.7200306006804,0.5060045052966345,34002.55554383408,234.0962591696705,0.4106921613274856,1.5707963267948968,-0.14624835502029984,125.96751278006572,4014.5936984264285,9.75462058817663,3.075150718702035e-15,0.6458296211218739,124.64012118685031,1.1650897288953102e-15,1.0671927896132385,-7.245030278813547,0.0,0.0,0.0,8.14080300704623e-18,0.007456770114194488,0.05062302311756627,0.0,0.0,0.0,0.0,0.0,0.0,0.0,0.0,0.5,0.0,0.0,1.0,1.1563458222095638e-15,18.884560397571885,0.0
13.100000000000001,-1.9451177308263054e-14,0.5349333368384579,125.56610467720809,0.0,0.0,0.0,0.7071064901807403,-0.0003377378009334326,-0.7071064901807402,-0.0003377378009334326,6386451.343174988,3.1002141479982455,-1.85564629093053e-14,-2.9251550222969622e-21,4.854361180913085e-07,8314.343175740602,0.0,-0.0009557525138280149,1.338212042233945e-16,-7.234514377705932e-20,-7.302370344476093e-05,5.44401644807841e-23,-1.1539387356412908e-20,-7.302370344476093e-05,6.54686518050294e-23,-1.1539330131482463e-20,306.7731619113004,0.5067507215560135,34064.48532885116,234.17736348333386,0.4135842110192695,1.5707963267948968,-0.1448357694578329,126.87653662414212,4078.7502274077497,9.754659066056378,-3.729347769754815e-15,0.6549428263829749,125.5654613559276,1.1839539566699179e-15,1.073849125292003,-7.362336180688636,0.0,0.0,0.0,8.27261256504374e-18,0.007503279765911162,0.05144267178070783,0.0,0.0,0.0,0.0,0.0,0.0,0.0,0.0,0.5,0.0,0.0,1.0,1.1540477191973921e-15,18.847029527221807,0.0
13.200000000000001,-1.9505545827173482e-14,0.5422972893514593,126.49071661313778,0.0,0.0,0.0,0.7071063189072411,-0.0003403158690131094,-0.707106318907241,-0.0003403158690131094,6386438.7405327195,3.166158894953692,-1.8519115311328687e-14,-2.919273519099557e-21,4.957628223784278e-07,8301.740533504635,0.0,-0.000963054952685758,1.420728286214489e-16,-5.428060289817553e-20,-7.302513970788385e-05,3.7113234651141974e-22,-1.2635902030611659e-20,-7.302513970788385e-05,3.8330124055462445e-22,-1.2635538750082334e-20,306.82668544217194,0.5075024464528702,34126.87228527187,234.25906651654566,0.41647280449298474,1.5707963267948968,-0.14344165672322468,127.7849701793882,4143.503369763585,9.754697828211754,4.65268512979386e-15,0.6641138156242857,126.48999960278715,1.2029934943482938e-15,1.080470408555726,-7.4807322351326455,0.0,0.0,0.0,8.405647061650157e-18,0.007549544496744321,0.052269937640268764,0.0,0.0,0.0,0.0,0.0,0.0,0.0,0.0,0.5,0.0,0.0,1.0,1.1517326513761304e-15,18.809221600513904,0.0
13.3,-1.9574766790031735e-14,0.5497062685905327,127.41451458163954,0.0,0.0,0.0,0.7071061689792911,-0.0003428939473889699,-0.707106168979291,-0.0003428939473889699,6386426.045175469,3.2330264235395965,-1.8389108007952807e-14,-2.8987855291273505e-21,5.062340659862055e-07,8289.045176287802,0.0,-0.000970357539444827,1.3859292010711192e-16,-9.04204553318835e-20,-7.302658502907689e-05,3.4700258136177273e-22,-1.2501548642104204e-20,-7.302658502907689e-05,3.5913296016268636e-22,-1.2501206158135025e-20,306.88057128814364,0.5082626623538807,34190.039353086846,234.3413717375305,0.4193579208077803,1.5707963267948968,-0.1420657087321243,128.69279881070756,4208.882502924669,9.754736875764978,4.8722650464054e-16,0.6733426392016632,127.41373051639681,1.2222168867942394e-15,1.0870622373732743,-7.600271577792927,0.0,0.0,0.0,8.539966202183619e-18,0.0075956034212451085,0.053105191969660064,0.0,0.0,0.0,0.0,0.0,0.0,0.0,0.0,0.5,0.0,0.0,1.0,1.1494005520891865e-15,18.771135528863407,0.0
13.4,-1.9665742262142237e-14,0.5571598222704143,128.33749487630223,0.0,0.0,0.0,0.7071060595031525,-0.00034547204538954915,-0.7071060595031524,-0.00034547204538954915,6386413.25762834,3.300818066474916,-1.8175551785392253e-14,-2.8651271546560176e-21,5.168500586727136e-07,8276.257629193055,0.0,-0.0009776602736206975,1.8510696072618536e-16,-1.08516093435152e-19,-7.302803932415065e-05,4.791535045061769e-22,-1.2937021626510345e-20,-7.302803932415065e-05,4.918016481800204e-22,-1.2936546893850859e-20,306.93484340442603,0.5090288725388273,34253.7165159582,234.42427481292148,0.42223949500230956,1.5707963267948968,-0.14070745586394204,129.60001377957673,4274.86706195331,9.754776207104962,-6.782600270207813e-16,0.6826287974613627,128.33665749815864,1.2416181588693468e-15,1.0936190050465207,-7.720917052682599,0.0,0.0,0.0,8.675528236705468e-18,0.0076414173638686324,0.05394817514976208,0.0,0.0,0.0,0.0,0.0,0.0,0.0,0.0,0.5,0.0,0.0,1.0,1.1470515177964073e-15,18.732772887579166,0.0
13.5,-1.9786201982478086e-14,0.5646577116390017,129.25964989923244,0.0,0.0,0.0,0.7071060121888021,-0.00034805017362025156,-0.707106012188802,-0.0003480501736202515,6386400.377973185,3.369539521190154,-1.789103887571123e-14,-2.8202833119619734e-21,5.276116938755432e-07,8263.377974073403,0.0,-0.0009849631546318997,1.4631545097583941e-16,-7.719938015014928e-23,-7.302950255191929e-05,4.512653993664732e-22,-1.2813337880284945e-20,-7.302950255191929e-05,4.638858441276507e-22,-1.2812887185120629e-20,306.98950643988945,0.5098006016951823,34317.85234206342,234.50777503477664,0.4251174742810854,1.5707963267948968,-0.13936652895634896,130.5066036085228,4341.455190954866,9.754815821985039,4.352473818921698e-15,0.6919720722534364,129.25878120287516,1.261196775118844e-15,1.1001391417814042,-7.842665330113016,0.0,0.0,0.0,8.812329423845649e-18,0.007686975356031193,0.05479886391512266,0.0,0.0,0.0,0.0,0.0,0.0,0.0,0.0,0.5,0.0,0.0,1.0,1.1446855635339467e-15,18.694133922220207,0.0
13.600000000000001,-1.9944886766052553e-14,0.5721999058125186,130.18096798078048,0.0,0.0,0.0,0.7071060518650404,-0.00035062834421498347,-0.7071060518650403,-0.00035062834421498347,6386387.405850544,3.4392009850094505,-1.755194173084827e-14,-2.7668348337999392e-21,5.385205699103324e-07,8250.405851470307,0.0,-0.000992266181651179,1.59060703263216e-16,-7.236593725313342e-20,-7.303097471321977e-05,1.1316697768221212e-23,-1.1240708183792718e-20,-7.303097471321977e-05,2.247079466027779e-23,-1.1240691328314107e-20,307.0445613130826,0.5105779288151174,34382.4548619045,234.59187475508978,0.4279917961541855,1.5707963267948968,-0.13804265011988787,131.4125538035422,4408.652289737259,9.754855721517142,2.7065620222871085e-15,0.7013725221123122,130.18009958795415,1.280954316532178e-15,1.1066220187242495,-7.965526241358231,0.0,0.0,0.0,8.950380810413114e-18,0.0077322730037588635,0.05565732695956287,0.0,0.0,0.0,0.0,0.0,0.0,0.0,0.0,0.5,0.0,0.0,1.0,1.1423026232703424e-15,18.65521755441092,0.0
13.700000000000001,-2.0113133557531455e-14,0.5798614559297824,131.09993684278027,0.0,0.0,0.0,0.707106103586916,-0.0003532065210932879,-0.7071061035869158,-0.0003532065210932879,6386374.181082109,3.511488325116845,-1.7347587622631585e-14,-2.7346267734176108e-21,5.498406804901075e-07,8237.18108307446,0.0,-0.0009995696198179258,1.4118572857810298e-16,-1.0849803837955544e-19,-7.303246731850625e-05,-6.163554917676015e-22,-9.031719935543515e-21,-7.303246731850625e-05,-6.0732858998913155e-22,-9.032331864053988e-21,307.10065294309106,0.5113737546492123,34448.680480448376,234.67761366840352,0.4308564099071474,1.5707963267948968,-0.13673272796329486,132.31628531984933,4476.464382782192,9.75489639838478,1.9203603090667313e-16,0.7109034948497152,131.09907319142403,1.3008930100709105e-15,1.1130477666995164,-8.089513634625417,0.0,0.0,0.0,9.089697956801993e-18,0.007777171475646665,0.05652366104432247,0.0,0.0,0.0,0.0,0.0,0.0,0.0,0.0,0.5,0.0,0.0,1.0,1.1398732727275267e-15,18.615543249223382,0.0
13.8,-2.0261656858208694e-14,0.5874830445394079,132.01972270781908,0.0,0.0,0.0,0.7071062151935716,-0.0003557847273125259,-0.7071062151935715,-0.0003557847273125259,6386361.04199577,3.582871407154699,-1.7200498236999458e-14,-2.7114456167819406e-21,5.610192382788709e-07,8224.041996775195,0.0,-0.0010068729131054287,1.862433958652703e-16,-1.085248511571649e-19,-7.303395589542784e-05,7.700769705741105e-23,-1.1492148493800701e-20,-7.303395589542784e-05,8.857878909915079e-23,-1.1492065131519816e-20,307.1563794022495,0.5121645908021804,34514.49510352804,234.76279714944963,0.433723991238522,1.5707963267948968,-0.13544195639837134,133.2210908087174,4544.912480461601,9.754936811960558,-8.788099022596682e-16,0.720408836177454,132.01888634423923,1.3210179765898094e-15,1.1194648185253067,-8.214659353597447,0.0,0.0,0.0,9.230316643835736e-18,0.007822009185141622,0.057398088669989064,0.0,0.0,0.0,0.0,0.0,0.0,0.0,0.0,0.5,0.0,0.0,1.0,1.1374596617305094e-15,18.576125990325586,0.0
13.9,-2.0374519701338125e-14,0.595146040371818,132.9386918908788,0.0,0.0,0.0,0.7071063098645641,-0.00035836292572514577,-0.707106309864564,-0.0003583629257251457,6386347.815294973,3.6551609900082465,-1.7058169957672996e-14,-2.6890149320280626e-21,5.72339793604953e-07,8210.815296018185,0.0,-0.001014176348252505,1.601579093680646e-16,-9.166838650860164e-23,-7.303545294742499e-05,2.58935446705923e-22,-1.209288051083681e-20,-7.303545294742499e-05,2.711997915832323e-22,-1.2092611639071766e-20,307.21247745829004,0.5129607004330088,34580.74859369338,234.84854865359338,0.43658795117722377,1.5707963267948968,-0.1341672161363403,134.12526662621977,4613.976592468384,9.754977495276242,2.61087958235235e-15,0.7299682241094243,132.93787686632788,1.3413239368606915e-15,1.125843663030745,-8.340930569757267,0.0,0.0,0.0,9.372199984092193e-18,0.007866579929560242,0.058280380454667234,0.0,0.0,0.0,0.0,0.0,0.0,0.0,0.0,0.5,0.0,0.0,1.0,1.1350299562187065e-15,18.53644588805456,0.0
14.0,-2.048797408057269e-14,0.602866463272599,133.85651078972924,0.0,0.0,0.0,0.707106374908101,-0.00036094111001376057,-0.7071063749081009,-0.00036094111001376057,6386334.466352388,3.7287272649407757,-1.7010166087787026e-14,-2.6814533429490738e-21,5.83860316912889e-07,8197.466353476359,0.0,-0.001021479984217165,1.847498420699886e-16,-1.085281897688973e-19,-7.303696091871379e-05,7.025590791717136e-22,-1.3650114316909915e-20,-7.303696091871379e-05,7.1650200314193415e-22,-1.364938955444387e-20,307.2690867323469,0.5137648568383063,34647.68935284113,234.93509293520842,0.4394469435128828,1.5707963267948968,-0.13290752501935352,135.02846151923234,4683.657493247476,9.755018554845014,-6.360428727354054e-16,0.7395972357643789,133.85570619926614,1.361811217939233e-15,1.13217950280751,-8.468329316878087,0.0,0.0,0.0,9.515350262799506e-18,0.007910850188088533,0.05917055060889085,0.0,0.0,0.0,0.0,0.0,0.0,0.0,0.0,0.5,0.0,0.0,1.0,1.1325777952553288e-15,18.496399060429074,0.0
14.100000000000001,-2.0670341319897508e-14,0.6106253315459919,134.77354481163104,0.0,0.0,0.0,0.7071064305665156,-0.00036351928985647305,-0.7071064305665155,-0.00036351928985647305,6386321.035058239,3.803161121273877,-1.674537301307375e-14,-2.6397174070034286e-21,5.955167459317593e-07,8184.0350593701005,0.0,-0.0010287837557923724,1.587489634731591e-16,-9.453930692728944e-23,-7.303847689011065e-05,2.179806126402258e-24,-1.12221691482075e-20,-7.303847689011065e-05,1.3724988260720582e-23,-1.1222160966909727e-20,307.3260141292552,0.5145769338534807,34715.364994547876,235.02217222948718,0.44230246203057155,1.5707963267948968,-0.13166322095113075,135.9310526954118,4753.983605164527,9.755059867975778,2.8224094157570226e-15,0.7492772725263179,134.7727472532634,1.3824879704912025e-15,1.1384834521440401,-8.596906279313925,0.0,0.0,0.0,9.659824430905533e-18,0.007954897619322648,0.06006895327820887,0.0,0.0,0.0,0.0,0.0,0.0,0.0,0.0,0.5,0.0,0.0,1.0,1.1301105065549837e-15,18.456105178110302,0.0
14.200000000000001,-2.0874349322390955e-14,0.6184269464343286,135.6896951777833,0.0,0.0,0.0,0.7071064758310239,-0.00036609746473503395,-0.7071064758310238,-0.00036609746473503395,6386307.511812894,3.8785686301973916,-1.6650492697533115e-14,-2.624766200982189e-21,6.073256922781899e-07,8170.511814071797,0.0,-0.001036087679886134,1.314253189595583e-16,-1.0850011450690836e-19,-7.304000152720668e-05,-8.702891546003031e-23,-1.0950921548559156e-20,-7.304000152720668e-05,-7.568250955435645e-23,-1.0951005768387337e-20,307.3833312534649,0.5153945703813115,34783.503946482066,235.10984767219722,0.44515405027423965,1.5707963267948968,-0.1304339129806491,136.8329354187515,4824.932259955412,9.755101464202234,-3.555780980905475e-15,0.7590125801307518,135.68890078437096,1.4033476466287525e-15,1.1447467178883626,-8.726620739474937,0.0,0.0,0.0,9.805576736513434e-18,0.007998660783086572,0.0609753039576002,0.0,0.0,0.0,0.0,0.0,0.0,0.0,0.0,0.5,0.0,0.0,1.0,1.127626326694686e-15,18.415535442215393,0.0
14.3,-2.1039101784385403e-14,0.6262996286546894,136.60432168120906,0.0,0.0,0.0,0.7071064432098408,-0.0003686755995572364,-0.7071064432098407,-0.0003686755995572364,6386293.833575321,3.955645619813699,-1.681730078353404e-14,-2.651067369441222e-21,6.193961197932141e-07,8156.8335765457405,0.0,-0.001043391866074727,1.2595068938162242e-16,-7.802091003078697e-23,-7.304153915059313e-05,-1.0729862817250146e-21,-7.610958829557313e-21,-7.304153915059313e-05,-1.0650451577501982e-21,-7.612074429521745e-21,307.4413052990402,0.516221577981259,34852.42385060075,235.19852797815457,0.4479991442114902,1.5707963267948968,-0.12921821588947643,137.73344220628445,4896.492006561607,9.755143537438672,-7.913391160681142e-15,0.7688305953152358,136.60350039397815,1.4243871028943723e-15,1.1509577167222786,-8.857453149986974,0.0,0.0,0.0,9.952585215419324e-18,0.008042058743543959,0.06188946606417492,0.0,0.0,0.0,0.0,0.0,0.0,0.0,0.0,0.5,0.0,0.0,1.0,1.1251136752240463e-15,18.37450072963722,0.0
14.4,-2.1204868122397312e-14,0.6342315287054708,137.51766874971383,0.0,0.0,0.0,0.7071063819582446,-0.00037125371942822163,-0.7071063819582445,-0.00037125371942822163,6386280.025721777,4.034128258452507,-1.6912925121919918e-14,-2.66614732508046e-21,6.316867162422984e-07,8143.02572305128,0.0,-0.0010506962732836768,9.77840317640614e-17,-1.084820803992891e-19,-7.304308793877476e-05,-3.6292606052260546e-22,-1.0049331820561879e-20,-7.304308793877476e-05,-3.5236706664411167e-22,-1.004970759850796e-20,307.49980881499175,0.5170583251827431,34922.20409564858,235.28804933551368,0.45083873307036976,1.5707963267948968,-0.1280162501854676,138.6328242255318,4968.687475377097,9.75518600963797,-4.117627739888979e-15,0.7787197894417518,137.51680908324283,1.4456134310628877e-15,1.1571243552130157,-8.98944761056362,0.0,0.0,0.0,1.0100899419808236e-17,0.008085146746058886,0.06281174773478465,0.0,0.0,0.0,0.0,0.0,0.0,0.0,0.0,0.5,0.0,0.0,1.0,1.1225772136862834e-15,18.33307716915384,0.0
14.5,-2.131947282199208e-14,0.6421408382730815,138.4315330284821,0.0,0.0,0.0,0.7071064795671194,-0.0003738319218540397,-0.7071064795671193,-0.0003738319218540397,6386266.268458851,4.112047423076109,-1.7028615168793298e-14,-2.6843904836730397e-21,6.438891287588548e-07,8129.268460174712,0.0,-0.0010580005895036413,1.3168007507624487e-16,-1.0850507801653455e-19,-7.304463537502511e-05,6.730927771353148e-22,-1.3541717974308388e-20,-7.304463537502511e-05,6.874195652446301e-22,-1.3540998254323916e-20,307.55807855674675,0.517893864223522,34991.93099852143,235.3772433889437,0.45367997253073944,1.5707963267948968,-0.1268306593081554,139.53294116296175,5041.553198003201,9.755228326498296,-3.685973115104086e-15,0.7886006641088716,138.4306967609402,1.467036147557198e-15,1.1632777849059666,-9.122663298425598,0.0,0.0,0.0,1.0250585843549467e-17,0.008128142455063651,0.06374256245697844,0.0,0.0,0.0,0.0,0.0,0.0,0.0,0.0,0.5,0.0,0.0,1.0,1.120050045494261e-15,18.291805380524135,0.0
14.600000000000001,-2.1375128189390395e-14,0.6501114717762743,139.3440481278099,0.0,0.0,0.0,0.7071065156022657,-0.000376410092778115,-0.7071065156022656,-0.000376410092778115,6386252.376255876,4.191433059873315,-1.7398521100415955e-14,-2.7427084522028992e-21,6.563212371649484e-07,8115.376257251948,0.0,-0.0010653051369900733,1.8687191597614153e-16,-1.085429145094343e-19,-7.304619429014864e-05,6.795245889828838e-22,-1.3512896239182144e-20,-7.304619429014864e-05,6.93919561637256e-22,-1.3512164669359233e-20,307.6169198454523,0.5187375987663987,35062.341827519645,235.46731231478097,0.4565153783001097,1.5707963267948968,-0.12565813124460964,140.43185507032183,5115.04057649276,9.75527105870668,-1.0043091090206289e-15,0.7985546528215948,139.34321130465779,1.4886416759223632e-15,1.1693806814819159,-9.25701578932242,0.0,0.0,0.0,1.0401549624211002e-17,0.00817078507525419,0.06468132033525278,0.0,0.0,0.0,0.0,0.0,0.0,0.0,0.0,0.5,0.0,0.0,1.0,1.1174980892178906e-15,18.250128771755843,0.0
14.700000000000001,-2.1511999188112912e-14,0.6581225148010477,140.25565974697452,0.0,0.0,0.0,0.7071065425209832,-0.0003789882590468338,-0.707106542520983,-0.0003789882590468338,6386238.394536563,4.271798816887509,-1.7416123403116806e-14,-2.7454893358186432e-21,6.689068827341934e-07,8101.394537991844,0.0,-0.001072609837893564,1.6224525081542828e-16,-1.0852878813572244e-19,-7.304776147713187e-05,8.248249663809689e-22,-1.39786641152795e-20,-7.304776147713187e-05,8.398181416794539e-22,-1.3977771358906763e-20,307.67614028616686,0.5195867700298864,35133.20635846536,235.5579616122406,0.4593467180530542,1.5707963267948968,-0.12449911724157166,141.33002526368185,5189.158806584326,9.755314066547212,2.4458717931454678e-15,0.8085613942898889,140.2548187683625,1.5104325580239745e-15,1.1754404355601646,-9.392520889670289,0.0,0.0,0.0,1.0553808522508206e-17,0.00821312624692424,0.06562813181339358,0.0,0.0,0.0,0.0,0.0,0.0,0.0,0.0,0.5,0.0,0.0,1.0,1.1149296890571211e-15,18.20818361397553,0.0
14.8,-2.1636323601088198e-14,0.6661737137511268,141.16635948283195,0.0,0.0,0.0,0.7071065659818214,-0.000381566423617186,-0.7071065659818213,-0.000381566423617186,6386224.3233614825,4.353149614486648,-1.7474310513768627e-14,-2.7546681014613154e-21,6.816468377317975e-07,8087.323362966068,0.0,-0.001079914692995402,1.5859712369549755e-16,-7.238825031528309e-20,-7.304933690198141e-05,1.40081432911257e-22,-1.1670999723336366e-20,-7.304933690198141e-05,1.5268570517303702e-22,-1.1670841436961232e-20,307.73570353369166,0.520444843835378,35204.90269539622,235.64919217989632,0.4621739995916527,1.5707963267948968,-0.12335342372216465,142.22744145955983,5263.948042825322,9.755357349840374,-2.232876156724267e-15,0.8186206827936994,141.16551293618994,1.5324204938130228e-15,1.1814641671522927,-9.529251354809062,0.0,0.0,0.0,1.0707444289222882e-17,0.008255215719556817,0.06658350525301007,0.0,0.0,0.0,0.0,0.0,0.0,0.0,0.0,0.5,0.0,0.0,1.0,1.1123448561387873e-15,18.165970088898206,0.0
14.9,-2.1780560099240993e-14,0.6742654862568653,142.07612403831735,0.0,0.0,0.0,0.7071065849259771,-0.0003841445859147307,-0.707106584925977,-0.0003841445859147307,6386210.161310344,4.435507128733912,-1.7751658054821133e-14,-2.7983956977090896e-21,6.945444977984987e-07,8073.1613118837895,0.0,-0.0010872197058023642,1.7210246442027667e-16,-1.0853977448333195e-19,-7.305092061325298e-05,2.8148324428967236e-22,-1.2134544048130343e-20,-7.305092061325298e-05,2.946758138227852e-22,-1.2134230896464628e-20,307.79564746363076,0.5213088434898505,35277.103967016905,235.74101208610819,0.4649970746267788,1.5707963267948968,-0.12222069812520536,143.1240761962448,5339.376837350093,9.755400912959146,1.0881841861581564e-15,0.8287328249056651,142.075270057414,1.5545963329443093e-15,1.1874442135273413,-9.667150283946995,0.0,0.0,0.0,1.0862392988371503e-17,0.008296999951539043,0.06754704307258981,0.0,0.0,0.0,0.0,0.0,0.0,0.0,0.0,0.5,0.0,0.0,1.0,1.1097433295596963e-15,18.12348393565137,0.0
15.0,-2.1907545570259052e-14,0.6823975201089675,142.98494547550413,0.0,0.0,0.0,0.7071066110832103,-0.00038672275307826646,-0.7071066110832102,-0.00038672275307826646,6386195.908476848,4.518876601667893,-1.775253711429445e-14,-2.7985405614504806e-21,7.076006853577598e-07,8058.908478447236,0.0,-0.0010945248793229377,1.564427044334021e-16,-1.0853093794805478e-19,-7.305251255775333e-05,-1.5044731537919542e-21,-6.313832839443887e-21,-7.305251255775333e-05,-1.497561606877276e-21,-6.315475740474973e-21,307.85597564942753,0.5221783816021545,35349.76806717713,235.83342058130387,0.4678158956315114,1.5707963267948968,-0.12110069402477412,144.0199189739497,5415.44334513388,9.755444755620868,3.3461861537883435e-15,0.8388975076094556,142.98408690233288,1.576959540801875e-15,1.1933790853030048,-9.80621435261155,0.0,0.0,0.0,1.1018650884445042e-17,0.008338468536146313,0.06851872204312705,0.0,0.0,0.0,0.0,0.0,0.0,0.0,0.0,0.5,0.0,0.0,1.0,1.107125126532668e-15,18.08072543534171,0.0
15.100000000000001,-2.2071000362029973e-14,0.69056970409417,143.89281109039334,0.0,0.0,0.0,0.7071066739724623,-0.00038930094327368223,-0.7071066739724622,-0.00038930094327368223,6386181.564519997,4.603268147890918,-1.7543251375385005e-14,-2.7655546498640655e-21,7.20816986174831e-07,8044.5645216557505,0.0,-0.001101830220329695,1.8554485719111315e-16,-1.0855397583727073e-19,-7.305411272299975e-05,2.985938458024633e-22,-1.2184717746117771e-20,-7.305411272299975e-05,3.120195047772672e-22,-1.2184381240693193e-20,307.9166740922762,0.523054971301939,35423.05972300035,235.92642043005625,0.470630423902474,1.5707963267948968,-0.11999323633388198,144.9149554025027,5492.16827811273,9.755488878881517,1.8185202242312355e-15,0.8491147216787752,143.89196283565974,1.599516157067053e-15,1.1992713492030693,-9.946481118145346,0.0,0.0,0.0,1.1176260178361365e-17,0.008379639407785045,0.06949880458812455,0.0,0.0,0.0,0.0,0.0,0.0,0.0,0.0,0.5,0.0,0.0,1.0,1.1044901844168978e-15,18.037693564967253,0.0
15.200000000000001,-2.2267012924229674e-14,0.6987815411033557,144.79971730377193,0.0,0.0,0.0,0.7071067621216955,-0.0003918791493594173,-0.7071067621216954,-0.0003918791493594173,6386167.1299713785,4.688682095981552,-1.7214084205633448e-14,-2.7136702271373224e-21,7.341934530023852e-07,8030.129973099567,0.0,-0.0011091357255272906,1.634705687234576e-16,-1.0854018160554397e-19,-7.305572101734892e-05,8.541829362253911e-23,-1.154838237722322e-20,-7.305572101734892e-05,9.822760191618837e-23,-1.1548280333709825e-20,307.9777304179616,0.5239395585520604,35497.08308243214,236.02000854879873,0.47344065382439376,1.5707963267948968,-0.11889802169025253,145.80917860274042,5569.561477551491,9.755533281110116,-3.9042939194923628e-16,0.8593838566769529,144.7988898611799,1.6222690472896222e-15,1.205122869562352,-10.087968399772432,0.0,0.0,0.0,1.1335240892506454e-17,0.008420525593076374,0.07048741521541134,0.0,0.0,0.0,0.0,0.0,0.0,0.0,0.0,0.5,0.0,0.0,1.0,1.1018386008639278e-15,17.9943899192987,0.0
15.3,-2.2484671404627298e-14,0.7070327225748101,145.70565597562262,0.0,0.0,0.0,0.7071068626455006,-0.000394457363326258,-0.7071068626455005,-0.000394457363326258,6386152.60492697,4.775123605451374,-1.6819137900180648e-14,-2.6514159996232968e-21,7.477308954011585e-07,8015.604928755201,0.0,-0.001116441392622866,1.1283733072922787e-16,-1.085045324240702e-19,-7.305733738791633e-05,1.290307645243582e-22,-1.1726119690673825e-20,-7.305733738791633e-05,1.421222067876062e-22,-1.172596832745765e-20,308.03916952945394,0.5248296916230369,35571.570523039,236.11418340778718,0.4762465050959657,1.5707963267948968,-0.11781481347463718,146.70257792106614,5647.599513448889,9.755577962017083,-6.573415377338006e-15,0.8697045446408687,145.70485472124378,1.6452113940613734e-15,1.210927415851648,-10.230633803909141,0.0,0.0,0.0,1.1495545391770435e-17,0.008461083557595766,0.07148425770933564,0.0,0.0,0.0,0.0,0.0,0.0,0.0,0.0,0.5,0.0,0.0,1.0,1.0991703935043576e-15,17.950814786265603,0.0
15.4,-2.2714245333801672e-14,0.7153231221161441,146.61061420206156,0.0,0.0,0.0,0.7071069642565929,-0.0003970355781562849,-0.7071069642565928,-0.0003970355781562849,6386137.989049433,4.862602786793338,-1.6405951515039156e-14,-2.5862860993197585e-21,7.614308985770851e-07,8000.989051283647,0.0,-0.001123747220884396,1.246246005267886e-16,-3.623499895514494e-20,-7.305896181948138e-05,-1.6011564442948085e-22,-1.0842702373369668e-20,-7.305896181948138e-05,-1.479305094629641e-22,-1.0842875272021365e-20,308.10099267979297,0.5257254080773472,35646.525621928224,236.2089472004462,0.47904791492300036,1.5707963267948968,-0.11674343715994763,147.59513868445976,5726.287613814538,9.755622922647305,2.4203744607238622e-15,0.8800766603681138,146.60983992681872,1.6683447329337551e-15,1.2166841504287915,-10.374486879276454,0.0,0.0,0.0,1.1657184405474439e-17,0.008501307448506563,0.07248939878944234,0.0,0.0,0.0,0.0,0.0,0.0,0.0,0.0,0.5,0.0,0.0,1.0,1.0964855003700174e-15,17.906967153850943,0.0
15.5,-2.2947066196189825e-14,0.7236522339902681,147.51458842637032,0.0,0.0,0.0,0.7071070573113925,-0.00039961378784851055,-0.7071070573113923,-0.00039961378784851055,6386123.282871495,4.951119782748522,-1.6015505981760692e-14,-2.524740883435969e-21,7.752934862195887e-07,7986.282873414147,0.0,-0.0011310532087534407,1.4588880652750224e-16,-1.0853318139229744e-19,-7.306059421902215e-05,4.634595031815044e-22,-1.284243133774045e-20,-7.306059421902215e-05,4.779844040783534e-22,-1.2841899013044927e-20,308.1631592471223,0.5266304024977125,35722.35328617552,236.30429785135996,0.4818449229590109,1.5707963267948968,-0.11568361136766457,148.4868542838374,5805.66569044821,9.755668161366295,-7.992784782228551e-16,0.8904995851359802,147.51383790285567,1.6916806904274025e-15,1.2224013024209595,-10.519599924592615,0.0,0.0,0.0,1.1820239171322142e-17,0.008541254764988111,0.07350334362679968,0.0,0.0,0.0,0.0,0.0,0.0,0.0,0.0,0.5,0.0,0.0,1.0,1.093784019321681e-15,17.862848620242442,0.0
15.600000000000001,-2.3175731646987724e-14,0.732019737542457,148.4175704038194,0.0,0.0,0.0,0.7071071338608996,-0.0004021919874532363,-0.7071071338608995,-0.0004021919874532363,6386108.486491668,5.040679639789455,-1.5681811066558692e-14,-2.4721418061837418e-21,7.893194502490519e-07,7971.486493657343,0.0,-0.0011383593560734485,2.4039281032899753e-16,-1.0860982244385878e-19,-7.30622345316762e-05,5.099533383258101e-22,-1.3047815444198863e-20,-7.30622345316762e-05,5.248061074905583e-22,-1.3047226480087045e-20,308.22570412339206,0.5275412388595399,35798.67788030694,236.40023345316666,0.4846374334949624,1.5707963267948968,-0.1146351185035434,149.3777141835384,5885.698865027708,9.755713677876757,7.055549258396353e-15,0.900972946840626,148.41683700109144,1.7152091106164988e-15,1.2280703098053845,-10.665909785932032,0.0,0.0,0.0,1.1984638727061126e-17,0.008580865681827839,0.07452565094752575,0.0,0.0,0.0,0.0,0.0,0.0,0.0,0.0,0.5,0.0,0.0,1.0,1.0910659684554604e-15,17.81845948097203,0.0
15.700000000000001,-2.3393929877811742e-14,0.7404254895922228,149.31954700604646,0.0,0.0,0.0,0.7071071874620914,-0.00040477017295461156,-0.7071071874620913,-0.00040477017295461156,6386093.599576586,5.131292427857012,-1.543271231499277e-14,-2.432878617607797e-21,8.035103696066032e-07,7956.599578647563,0.0,-0.0011456656640002813,1.7727375430594796e-16,-1.0856246091713188e-19,-7.306388273943713e-05,-9.502853981108906e-23,-1.1166882329499477e-20,-7.306388273943713e-05,-8.223443590910227e-23,-1.1166983701064335e-20,308.2886316957192,0.5284576483954676,35875.469485055255,236.4967560603167,0.4874253788718103,1.5707963267948968,-0.11359779939912201,150.267703668845,5966.389050480353,9.755759473211523,5.391266479792207e-15,0.9114966113907419,149.31882124516423,1.7389305623846775e-15,1.233689604252611,-10.813420000858416,0.0,0.0,0.0,1.215038704763811e-17,0.00862012924067565,0.07555634546955312,0.0,0.0,0.0,0.0,0.0,0.0,0.0,0.0,0.5,0.0,0.0,1.0,1.0883312865330745e-15,17.77379873594269,0.0
15.8,-2.3596625222354157e-14,0.7488689768925809,150.2205146904175,0.0,0.0,0.0,0.7071072135456545,-0.0004073483414969383,-0.7071072135456544,-0.0004073483414969383,6386078.622660099,5.222958103119584,-1.528851306927821e-14,-2.4101521237999083e-21,8.178662388025292e-07,7941.62266223443,0.0,-0.0011529721326128599,1.8087036721653102e-16,-3.628791090934341e-20,-7.306553874807929e-05,1.5388030592079705e-22,-1.197017642204712e-20,-7.306553874807929e-05,1.6768158267168822e-22,-1.1969991013166e-20,308.3519160053439,0.5293819127178067,35952.97882287061,236.59386306488204,0.490208777619778,1.5707963267948968,-0.11257139374811423,151.15681638637813,6047.761452729563,9.755805545732656,-6.2967989744967275e-15,0.9220699626032907,150.21978497365413,1.7628523889534727e-15,1.239264176749808,-10.9621762326894,0.0,0.0,0.0,1.2317535442165572e-17,0.00865908031493429,0.0765957462550658,0.0,0.0,0.0,0.0,0.0,0.0,0.0,0.0,0.5,0.0,0.0,1.0,1.0855800716211083e-15,17.728867986703293,0.0
15.9,-2.3779924843237758e-14,0.757349866695796,151.12046510749073,0.0,0.0,0.0,0.7071072090989997,-0.00040992649119003284,-0.7071072090989996,-0.00040992649119003284,6386063.55584325,5.315681599010644,-1.5263130566701005e-14,-2.4061564235595803e-21,8.323878321169489e-07,7926.555845462717,0.0,-0.0011602787631273268,1.7495553125759365e-16,-1.0856568222096344e-19,-7.306720250074647e-05,-1.9420959617228694e-22,-1.0941121458114024e-20,-7.306720250074647e-05,-1.8151471742100851e-22,-1.0941339430609403e-20,308.4155614006361,0.5303135592880074,36031.15430236106,236.69155363977342,0.49298758209736687,1.5707963267948968,-0.11155570123649723,152.04504189610157,6129.813496730101,9.755851895135146,1.68908357050882e-14,0.9326926262145658,151.11971833903215,1.786973845143706e-15,1.2447923103108776,-11.112173847579557,0.0,0.0,0.0,1.2486078703871238e-17,0.008697706907548728,0.07764382092610882,0.0,0.0,0.0,0.0,0.0,0.0,0.0,0.0,0.5,0.0,0.0,1.0,1.0828123422811857e-15,17.683667536388153,0.0
16.0,-2.3940986367240124e-14,0.7658679988583245,152.01938490291053,0.0,0.0,0.0,0.7071071725947831,-0.0004125046210643775,-0.707107172594783,-0.0004125046210643775,6386048.398796684,5.4094729432835935,-1.536442615184515e-14,-2.4221309551643328e-21,8.470767219710483e-07,7911.398798975783,0.0,-0.001167585557840139,1.692046997886797e-16,-1.0856338377945862e-19,-7.306887397660101e-05,5.357340385897324e-22,-1.3164082597570388e-20,-7.306887397660101e-05,5.511034032294604e-22,-1.3163448260109209e-20,308.47958794517683,0.5312507851524935,36109.79794651818,236.7898292481783,0.4957616997301167,1.5707963267948968,-0.11055057661411138,152.9323654213682,6212.529675283237,9.755898522439656,6.589390586585906e-15,0.943364461232171,152.01860709529717,1.811290421520657e-15,1.2502688270568199,-11.263384803919488,0.0,0.0,0.0,1.265598532409202e-17,0.008735972839251498,0.07870037354822969,0.0,0.0,0.0,0.0,0.0,0.0,0.0,0.0,0.5,0.0,0.0,1.0,1.0800280380114728e-15,17.63819639692735,0.0
16.1,-2.4078356203185133e-14,0.774422852798244,152.9172705496422,0.0,0.0,0.0,0.7071071044665402,-0.0004150827313652999,-0.7071071044665401,-0.00041508273136529997,6386033.152055334,5.504331907169536,-1.5592316268112168e-14,-2.458062689745411e-21,8.619328739512467e-07,7896.1520577066885,0.0,-0.0011748925176805697,8.996579925457219e-17,-1.0849761751971619e-19,-7.307055308022522e-05,6.420955980100165e-23,-1.1718716699563562e-20,-7.307055308022522e-05,7.797717015019382e-23,-1.1718633361729877e-20,308.5439825145924,0.5321946236646176,36189.02393286995,236.88868681368643,0.4985311300422118,1.5707963267948968,-0.10955577876630897,153.81878084226807,6295.921313985974,9.755945426004912,-3.881423081078584e-15,0.9540848560914724,152.91644765963537,1.8358054156705e-15,1.255695811794256,-11.415829607521829,0.0,0.0,0.0,1.2827278343971262e-17,0.008773892677160982,0.07976554740119224,0.0,0.0,0.0,0.0,0.0,0.0,0.0,0.0,0.5,0.0,0.0,1.0,1.0772272570775792e-15,17.592456173120066,0.0
16.2,-2.419165102112239e-14,0.7830140836748078,153.81411359353163,0.0,0.0,0.0,0.7071070066380923,-0.00041766082326213114,-0.7071070066380922,-0.0004176608232621312,6386017.815722781,5.600263311062886,-1.5940625623860616e-14,-2.5129782612985393e-21,8.769570446974398e-07,7880.815725237131,0.0,-0.0011821996444738466,1.5051230341059527e-16,-2.16972215470836e-19,-7.307223975275131e-05,3.5404983443532846e-22,-1.2580794517507572e-20,-7.307223975275131e-05,3.6892259436742734e-22,-1.2580367168583653e-20,308.6087230984491,0.5331471859167387,36269.0639451978,236.98812644304772,0.5012958682474254,1.5707963267948968,-0.10857112309348098,154.70427779436633,6380.016046547416,9.75599260551818,-1.3189770427228161e-14,0.9648534364348446,153.81323217477905,1.8605268891029023e-15,1.2610776123987242,-11.569558388329519,0.0,0.0,0.0,1.3000014091498565e-17,0.008811496801081736,0.0808396927567224,0.0,0.0,0.0,0.0,0.0,0.0,0.0,0.0,0.5,0.0,0.0,1.0,1.0744100185071535e-15,17.546447175711393,0.0
16.3,-2.428154865711433e-14,0.7916415142064612,154.70990045271503,0.0,0.0,0.0,0.7071068825691925,-0.0004202388988759503,-0.7071068825691924,-0.0004202388988759503,6386002.389473713,5.697277138894173,-1.6396940672176207e-14,-2.5849208588038485e-21,8.92150799855686e-07,7865.389476253961,0.0,-0.0011895069408986915,6.830378415039338e-17,-1.0848108110827392e-19,-7.307393397046275e-05,8.320046994559811e-23,-1.1737430986228878e-20,-7.307393397046275e-05,9.716095011849017e-23,-1.1737324119886274e-20,308.67384325464496,0.5341053330162722,36349.57323001126,237.08814908433865,0.5040557994934362,1.5707963267948968,-0.10759647697305914,155.5888414207673,6464.782018329734,9.756040061987841,-9.084978457910969e-15,0.9756700564704636,154.7089483436497,1.885445563364369e-15,1.2664058499943653,-11.724513448918197,0.0,0.0,0.0,1.3174127735562439e-17,0.008848726665499114,0.08192240646701612,0.0,0.0,0.0,0.0,0.0,0.0,0.0,0.0,0.5,0.0,0.0,1.0,1.0715762625411403e-15,17.500168428761885,0.0
16.400000000000002,-2.435012682099277e-14,0.8003046166512999,155.6046276172719,0.0,0.0,0.0,0.7071067376248075,-0.00042281696150884684,-0.7071067376248074,-0.00042281696150884684,6385986.8738441095,5.795372978592611,-1.6941081648169373e-14,-2.670709330053753e-21,9.075140763437558e-07,7849.8738467392195,0.0,-0.0011968144079587816,1.3960954354603323e-16,-1.085468698321794e-19,-7.307563563675955e-05,4.128991696140535e-23,-1.1576123711872792e-20,-7.307563563675955e-05,5.514459049243087e-23,-1.1576065925780945e-20,308.7393393145571,0.5350691703986243,36430.564224613874,237.18875131312748,0.506810909112461,1.5707963267948968,-0.10663161678934949,156.47246581519866,6550.219576469072,9.756087793769392,-6.7657089102220064e-18,0.9865341113833457,155.60359482236402,1.910561534156089e-15,1.2716804186813144,-11.880695384399115,0.0,0.0,0.0,1.3349619944853462e-17,0.008885581530461576,0.08301369269027971,0.0,0.0,0.0,0.0,0.0,0.0,0.0,0.0,0.5,0.0,0.0,1.0,1.0687260876378428e-15,17.45362154021766,0.0
16.5,-2.440051169023416e-14,0.8090030340755667,156.4982865283358,0.0,0.0,0.0,0.7071065786651685,-0.0004253950153896666,-0.7071065786651684,-0.0004253950153896666,6385971.268940088,5.89455553751356,-1.7546780731271217e-14,-2.766202728774812e-21,9.230476131613155e-07,7834.268942808732,0.0,-0.001204122047324823,1.8648479849538982e-16,-1.7213693778120187e-22,-7.307734469074271e-05,4.433010818763568e-22,-1.2729129933288567e-20,-7.307734469074271e-05,4.586281827951185e-22,-1.2728586916766597e-20,308.8051707225947,0.5360426486795259,36512.47094676703,237.2899338914677,0.5095612236758015,1.5707963267948968,-0.10567637224893747,157.35514067082013,6636.379603509414,9.756135800542374,-1.4615234757505241e-15,0.9974452288683427,156.49716593150404,1.93588964537809e-15,1.2769100544230445,-12.0381965005428,0.0,0.0,0.0,1.3526594437791762e-17,0.008922122436553331,0.08411419639236913,0.0,0.0,0.0,0.0,0.0,0.0,0.0,0.0,0.5,0.0,0.0,1.0,1.0658595132904217e-15,17.4068068284262,0.0
16.6,-2.4436952084309415e-14,0.8177365718847378,157.39086337501985,0.0,0.0,0.0,0.707106414208544,-0.00042797306577434924,-0.7071064142085439,-0.00042797306577434924,6385955.574440417,5.994834754129271,-1.818105879254649e-14,-2.866202049363143e-21,9.387529689240582e-07,7818.574443230094,0.0,-0.0012114298612884294,1.897286492951533e-16,-1.085983986362638e-19,-7.307906110576689e-05,4.131401829037468e-22,-1.2585005437693349e-20,-7.307906110576689e-05,4.283858395972236e-22,-1.2584495674259951e-20,308.8713790454479,0.5370218204410874,36594.85938528026,237.39169744838122,0.5123066142937903,1.5707963267948968,-0.10473062219778163,158.2368510338547,6723.219210644279,9.756184083302784,-1.877648909837604e-15,1.0084032605461184,157.38965154220264,1.9614173963252957e-15,1.2820843844957617,-12.196939062575233,0.0,0.0,0.0,1.3704963868506065e-17,0.008958276906694755,0.08522337441899644,0.0,0.0,0.0,0.0,0.0,0.0,0.0,0.0,0.5,0.0,0.0,1.0,1.062976480489442e-15,17.359723329690286,0.0
16.7,-2.4465006239934662e-14,0.8265046953518841,158.2823546660326,0.0,0.0,0.0,0.7071062544799134,-0.0004305511189774821,-0.7071062544799133,-0.00043055111897748215,6385939.790882088,6.096210034702469,-1.8803930549337202e-14,-2.9644037234949404e-21,9.54630052136277e-07,7802.790884998317,0.0,-0.0012187378501627732,1.731147850338442e-16,-1.80865825227418e-19,-7.30807847840581e-05,3.9268607082522365e-22,-1.2482837259873374e-20,-7.30807847840581e-05,4.078991617998096e-22,-1.2482349381814512e-20,308.93796306833735,0.5380065485262412,36677.71533811796,237.49403846399434,0.5150470632636075,1.5707963267948968,-0.1037941589926183,159.11759119396487,6810.735714228186,9.756232640402988,8.518688177094779e-16,1.0194076105291077,158.28105270509602,1.9871439978669847e-15,1.2872027229711613,-12.35691816334135,0.0,0.0,0.0,1.388472272312256e-17,0.008994040148115758,0.08634119248251691,0.0,0.0,0.0,0.0,0.0,0.0,0.0,0.0,0.5,0.0,0.0,1.0,1.0600770878792865e-15,17.31237265499495,0.0
16.8,-2.4491309842013166e-14,0.8353070354502389,159.17275173779555,0.0,0.0,0.0,0.7071061112759186,-0.0004331291822874263,-0.7071061112759185,-0.00043312918228742634,6385923.918373753,6.198685973549476,-1.936903565214708e-14,-3.0534991031371624e-21,9.70679584157353e-07,7786.918376761489,0.0,-0.0012260460147004333,1.635248094545373e-16,-2.16999497405631e-19,-7.308251566266444e-05,-3.209389643832978e-22,-1.0324274725360748e-20,-7.308251566266444e-05,-3.0828069045692997e-22,-1.032466045153416e-20,309.004885548015,0.5390004743289722,36761.43941621706,237.59695756655648,0.5177825929901795,1.5707963267948968,-0.10286682537731694,159.99735088568485,6898.977613482559,9.756281471514809,2.494237541894842e-15,1.0304579107865888,159.17136610415574,2.013083601755553e-15,1.2922731103696516,-12.518221804539262,0.0,0.0,0.0,1.406596988383512e-17,0.00902946834214821,0.08746826547504646,0.0,0.0,0.0,0.0,0.0,0.0,0.0,0.0,0.5,0.0,0.0,1.0,1.057161355418286e-15,17.264755130284467,0.0
16.900000000000002,-2.4523733467548003e-14,0.8441433800973517,160.06204054888352,0.0,0.0,0.0,0.707105998244761,-0.0004357072641392454,-0.7071059982447608,-0.00043570726413924544,6385907.956598299,6.302272462048842,-1.982253869949718e-14,-3.1250010350215834e-21,9.86903116317326e-07,7770.9566014089305,0.0,-0.0012333543560254815,1.615705712137536e-16,-1.8086012771356784e-19,-7.30842537119595e-05,-2.1941271402401774e-22,-1.0600043565509297e-20,-7.30842537119595e-05,-2.0633883345103825e-22,-1.0600306079539379e-20,309.0721765082905,0.5400007726712527,36845.72043016542,237.7004557729187,0.5205130926749904,1.5707963267948968,-0.10194851062332658,160.87611504321418,6987.914704510392,9.756330577621728,-2.9995265328554294e-15,1.0415540126699885,160.06058399860865,2.0392274036566656e-15,1.297287775786939,-12.680795237021979,0.0,0.0,0.0,1.424864383233349e-17,0.009064507191342334,0.08860421084920746,0.0,0.0,0.0,0.0,0.0,0.0,0.0,0.0,0.5,0.0,0.0,1.0,1.054229224854153e-15,17.216869804226793,0.0
17.0,-2.457126510601594e-14,0.853013187756226,160.9502176281492,0.0,0.0,0.0,0.7071059304000148,-0.0004382853738157611,-0.7071059304000147,-0.0004382853738157612,6385891.906093692,6.406968726432219,-2.0104939581483767e-14,-3.1695292376695457e-21,1.0033005289621352e-06,7754.906096906401,0.0,-0.0012406628730067205,1.677074216307478e-16,-1.0858871000013998e-19,-7.308599883300208e-05,4.426376136713557e-22,-1.2476898329426967e-20,-7.308599883300208e-05,4.58117509341512e-22,-1.2476339348847909e-20,309.13984152906835,0.5410066315241698,36930.46994981327,237.80452931051266,0.5232385342021877,1.5707963267948968,-0.1010390216805069,161.75387813633742,7077.535652179136,9.756379957073106,2.0418610282432886e-15,1.0526953314372856,160.94870998439242,2.0655720893523852e-15,1.3022444137384181,-12.844617851553382,0.0,0.0,0.0,1.4432721411263613e-17,0.00909914058664185,0.08974888460258777,0.0,0.0,0.0,0.0,0.0,0.0,0.0,0.0,0.5,0.0,0.0,1.0,1.0512807950095946e-15,17.1687182907192,0.0
17.1,-2.4644049949747073e-14,0.8619160773070842,161.83727420730193,0.0,0.0,0.0,0.7071059244747324,-0.00044086352166484934,-0.7071059244747323,-0.0004408635216648494,6385875.76697112,6.5127792479768765,-2.0149785419683148e-14,-3.1766072338241534e-21,1.019872525810769e-06,7738.766974440776,0.0,-0.0012479715647149845,1.7700336291910196e-16,-1.0860096229557559e-19,-7.30877509607636e-05,2.6476102406179056e-22,-1.1908160082711857e-20,-7.30877509607636e-05,2.7962185920182084e-22,-1.1907820395488456e-20,309.20784861945447,0.5420211863280836,37016.033422920525,237.9091786028109,0.5259589323247833,1.5707963267948968,-0.10013821318454062,162.6306299263315,7167.88378080241,9.756429609533038,6.118706276942788e-16,1.0638815056245716,161.83574329226505,2.092130303223378e-15,1.3071498830170685,-13.009768276344259,0.0,0.0,0.0,1.4618290970397697e-17,0.009133416452323436,0.0909028361321642,0.0,0.0,0.0,0.0,0.0,0.0,0.0,0.0,0.5,0.0,0.0,1.0,1.0483160863093083e-15,17.12030092332233,0.0
17.2,-2.4754403207923503e-14,0.8708533600645795,162.72313912193613,0.0,0.0,0.0,0.7071059979232238,-0.0004434417184971863,-0.7071059979232237,-0.0004434417184971863,6385859.534586045,6.619769656402043,-1.9884244601273776e-14,-3.1347528300409948e-21,1.036629387389589e-06,7722.534589476263,0.0,-0.001255280439130178,1.7852242605044905e-16,-7.246534523400439e-20,-7.30895102930567e-05,-5.272925534353325e-22,-9.629017441238551e-21,-7.30895102930567e-05,-5.152055644077931e-22,-9.629671944690665e-21,309.276234852618,0.543042984297349,37102.24334454759,238.01443313049444,0.5286739754203562,1.5707963267948968,-0.09924592948229181,163.50629718045607,7258.940665144503,9.756479549298763,3.9237785393931717e-16,1.075113855531964,162.7216212547423,2.1188966865723725e-15,1.3119980117454288,-13.176213188704502,0.0,0.0,0.0,1.4805315067041184e-17,0.009167291663778443,0.09206583260311803,0.0,0.0,0.0,0.0,0.0,0.0,0.0,0.0,0.5,0.0,0.0,1.0,1.0453342455659105e-15,17.07160376842879,0.0
17.3,-2.4962964919402897e-14,0.8798732010553381,163.60600490068248,0.0,0.0,0.0,0.7071060703590315,-0.0004460199153714835,-0.7071060703590314,-0.0004460199153714835,6385843.072197991,6.729711634372978,-1.9762085368418174e-14,-3.1155025026896967e-21,1.0538485771069168e-06,7706.0722015375895,0.0,-0.0012625897762531023,1.5380972962898247e-16,-1.0858249516395555e-19,-7.309128401214103e-05,1.0117439940262942e-23,-1.1198738476576272e-20,-7.309128401214103e-05,2.4256930918507236e-23,-1.1198716744754219e-20,309.34559007690973,0.5440792605193443,37189.67480807497,238.12117905050658,0.5313766827395262,1.5707963267948968,-0.09836025086026987,164.37903407277412,7350.63894809417,9.756530197068946,4.363129483251742e-15,1.0864379826102835,163.60449973974846,2.1458519444323203e-15,1.3167536381522926,-13.343832604209705,0.0,0.0,0.0,1.4993658881942057e-17,0.009200520536021693,0.09323703565121108,0.0,0.0,0.0,0.0,0.0,0.0,0.0,0.0,0.5,0.0,0.0,1.0,1.0423101539615977e-15,17.02221660461277,0.0
17.400000000000002,-2.515247121659079e-14,0.8888627806289014,164.4900145710844,0.0,0.0,0.0,0.7071061806582429,-0.0004485981355751065,-0.7071061806582428,-0.0004485981355751065,6385826.696016394,6.838537086042175,-1.919105118369577e-14,-3.025486493048473e-21,1.0708929965646542e-06,7689.696020055562,0.0,-0.0012698989351257075,1.9260329335155423e-16,-1.0862661879416662e-19,-7.30930552398981e-05,4.547767500300977e-22,-1.2481249374155633e-20,-7.30930552398981e-05,4.706263043630393e-22,-1.2480661789900002e-20,309.4145532616469,0.5451130016944505,37276.96726818825,238.22736703776857,0.5340830408505698,1.5707963267948968,-0.09748498984588672,165.25306548940097,7443.129823279003,9.756580580006675,-2.0486684070992667e-15,1.0977462793622674,164.48853998483156,2.173039376851266e-15,1.3214951630737388,-13.512895781228028,0.0,0.0,0.0,1.5183624964468486e-17,0.009233650877300293,0.09441832665886292,0.0,0.0,0.0,0.0,0.0,0.0,0.0,0.0,0.5,0.0,0.0,1.0,1.0393018982264646e-15,16.97308806016669,0.0
17.5,-2.5297952794543985e-14,0.897890308180295,165.37263287789207,0.0,0.0,0.0,0.70710626666818,-0.0004511763412436869,-0.7071062666681799,-0.0004511763412436869,6385810.213713015,6.948723301278776,-1.8088811001408904e-14,-2.8517247450461574e-21,1.08815061357066e-06,7673.213716796599,0.0,-0.0012772083076050334,1.7157717121411882e-16,-1.0860702861975729e-19,-7.309483417954074e-05,5.738325537812369e-22,-1.2814211310480604e-20,-7.309483417954074e-05,5.901988489183615e-22,-1.2813467830171323e-20,309.4839462299368,0.5461551567863498,37365.01451605861,238.33424377256986,0.5367832669470624,1.5707963267948968,-0.09661763401395633,166.1258043262427,7536.336862637906,9.756631289831338,1.4073896687096628e-15,1.1091036770854872,165.37117786747385,2.2004371960591117e-15,1.3261750675789588,-13.683267234010904,0.0,0.0,0.0,1.5375061077466594e-17,0.009266350659749588,0.09560875894981165,0.0,0.0,0.0,0.0,0.0,0.0,0.0,0.0,0.5,0.0,0.0,1.0,1.0362741482371649e-15,16.9236411503898,0.0
17.6,-2.5432067196799776e-14,0.9069551740568065,166.25385542804764,0.0,0.0,0.0,0.7071063306387795,-0.00045375453358269843,-0.7071063306387794,-0.00045375453358269843,6385793.625779586,7.06027183644871,-1.8100623855813762e-14,-2.8535945219506127e-21,1.1056216738474895e-06,7656.625783489086,0.0,-0.0012845178940224845,1.2148994064885485e-16,-1.0855458894592061e-19,-7.30966207204249e-05,8.926608905860531e-22,-1.3698367408642523e-20,-7.30966207204249e-05,9.102560099657505e-22,-1.369720944620739e-20,309.5537839165706,0.5472039907320008,37453.626031854474,238.44180544772857,0.5394773137947599,1.5707963267948968,-0.09575801052736531,166.9972444251769,7630.235391386273,9.75668232503576,-2.563110969333153e-15,1.1205094734511463,166.2524098682613,2.228038193134208e-15,1.330788689691628,-13.85490213437529,0.0,0.0,0.0,1.5567916850214214e-17,0.009298587308856264,0.09680801929718874,0.0,0.0,0.0,0.0,0.0,0.0,0.0,0.0,0.5,0.0,0.0,1.0,1.0332269943227374e-15,16.873877350467257,0.0
17.7,-2.5483472526536503e-14,0.9160482905430073,167.13399257841533,0.0,0.0,0.0,0.7071063843022548,-0.0004563327196732631,-0.7071063843022547,-0.0004563327196732631,6385776.956649294,7.17287439097661,-1.9153221131009286e-14,-3.019546228830173e-21,1.123257896363687e-06,7639.9566533230245,0.0,-0.001291827645390999,1.6934033348140415e-16,-1.0861051019468913e-19,-7.309841349571051e-05,-1.1516191085197925e-22,-1.0843209423268034e-20,-7.309841349571051e-05,-1.0115426095808954e-22,-1.0843349144892908e-20,309.6239353853767,0.5482607857649865,37542.983458600866,238.54989465358267,0.5421664218362717,1.5707963267948968,-0.09490629559449003,167.86770116275468,7724.875250384977,9.756733610454363,1.8797127834702135e-15,1.1319549789792063,167.13255173524584,2.2558568566015735e-15,1.335347783995478,-14.027890578216681,0.0,0.0,0.0,1.576229351802834e-17,0.009330442957136144,0.09801673722584434,0.0,0.0,0.0,0.0,0.0,0.0,0.0,0.0,0.5,0.0,0.0,1.0,1.0301649247873717e-15,16.823869959969073,0.0
17.8,-2.564683487173949e-14,0.9251718196865927,168.01294103703697,0.0,0.0,0.0,0.7071064278579174,-0.0004589108996091309,-0.7071064278579173,-0.0004589108996091309,6385760.199285273,7.286626846449044,-1.922958654281457e-14,-3.031593407318454e-21,1.1410742996933132e-06,7623.199289431174,0.0,-0.001299137576942064,1.485298072612764e-16,-3.630958385920229e-20,-7.310021282972367e-05,5.038582543451412e-22,-1.2572941990776451e-20,-7.310021282972367e-05,5.201913368387754e-22,-1.2572276970148076e-20,309.6944395673097,0.5493250496407237,37633.020905823796,238.65855668031057,0.5448501700515592,1.5707963267948968,-0.09406231352373028,168.73706866877308,7820.247048150125,9.756785167745333,5.3565634561440295e-15,1.1434422621193314,168.011500190838,2.2838904704592823e-15,1.3398474750988143,-14.202215676264059,0.0,0.0,0.0,1.5958172103455056e-17,0.009361883538883913,0.09923479472578753,0.0,0.0,0.0,0.0,0.0,0.0,0.0,0.0,0.5,0.0,0.0,1.0,1.0270866469795266e-15,16.773597868293525,0.0
17.900000000000002,-2.589468462521252e-14,0.9343251863228276,168.8906975083074,0.0,0.0,0.0,0.7071064632070633,-0.00046148907451798465,-0.7071064632070632,-0.00046148907451798465,6385743.354228644,7.401527838341513,-1.843733649929985e-14,-2.9067008846523495e-21,1.1590706717666775e-06,7606.3542329339925,0.0,-0.0013064476884609288,1.6028501119473423e-16,-1.0860606375543038e-19,-7.310201861810683e-05,5.894053180180878e-23,-1.1389706928077935e-20,-7.310201861810683e-05,7.381999875839021e-23,-1.1389620400480377e-20,309.7653127031808,0.5503948828931616,37723.52952610088,238.7677873439843,0.5475285138011073,1.5707963267948968,-0.09322590206037756,169.6053418998658,7916.323063542475,9.756836995248271,3.2850112632860122e-15,1.1549706612789568,168.88925277141877,2.312130934259482e-15,1.3442827761918077,-14.377827056440056,0.0,0.0,0.0,1.6155496006432922e-17,0.009392874209885048,0.10046183983343242,0.0,0.0,0.0,0.0,0.0,0.0,0.0,0.0,0.5,0.0,0.0,1.0,1.0239922603014171e-15,16.72306269880198,0.0
18.0,-2.607722675430854e-14,0.9435079495034675,169.76725309070923,0.0,0.0,0.0,0.7071065469330883,-0.00046406728563126406,-0.7071065469330882,-0.00046406728563126406,6385726.421598827,7.51758141948357,-1.7967868087061012e-14,-2.8326953571177053e-21,1.177247649390824e-06,7589.421603251249,0.0,-0.0013137579924234722,1.4999137613390546e-16,-1.0859682275676425e-19,-7.310383078642253e-05,1.1582449905618181e-23,-1.127988464218647e-20,-7.310383078642253e-05,2.640147424963946e-23,-1.127985969134091e-20,309.83652478663566,0.5514732649112016,37814.838940514914,238.87758694803932,0.5502014685641201,1.5707963267948968,-0.09239695432403884,170.47251095241035,8013.148357544775,9.756889092602146,5.001945230104236e-15,1.1665398862525893,169.76582768369965,2.3405914033578466e-15,1.3486602364115925,-14.554806524418368,0.0,0.0,0.0,1.6354357147057337e-17,0.009423460730765495,0.1016984441475648,0.0,0.0,0.0,0.0,0.0,0.0,0.0,0.0,0.5,0.0,0.0,1.0,1.020881786690099e-15,16.672264809753745,0.0
18.1,-2.6251292244741543e-14,0.952719832813706,170.64259265513147,0.0,0.0,0.0,0.7071067290552769,-0.0004666455694541335,-0.7071067290552768,-0.0004666455694541335,6385709.401096204,7.634797184010435,-1.7577503211416374e-14,-2.7711604456997403e-21,1.195606737710915e-06,7572.401100768397,0.0,-0.001321068498715726,1.1423473589044205e-16,-1.0855677189132646e-19,-7.310564929428035e-05,-4.116982582272086e-22,-1.014195323216949e-20,-7.310564929428035e-05,-3.982985101395286e-22,-1.0142487830093798e-20,309.90808861467366,0.5525590467779439,37906.821621866395,238.9879570138707,0.5528689499167554,1.5707963267948968,-0.0915753984669161,171.33856013493985,8110.712123852719,9.756941460737238,-1.5417754611426745e-15,1.1781498494563694,170.6412343003067,2.369268723507993e-15,1.3529759379010373,-14.733134465734988,0.0,0.0,0.0,1.6554733485739587e-17,0.009453615726377804,0.10294447061651942,0.0,0.0,0.0,0.0,0.0,0.0,0.0,0.0,0.5,0.0,0.0,1.0,1.0177551711072734e-15,16.62120330230519,0.0
18.2,-2.6418651869098434e-14,0.961960260925267,171.51671286331512,0.0,0.0,0.0,0.7071069742239052,-0.00046922390000086995,-0.7071069742239051,-0.00046922390000086995,6385692.2932627695,7.7531735886296005,-1.724432215081314e-14,-2.718640512831955e-21,1.2141476966918853e-06,7555.293267476062,0.0,-0.001328379196916565,1.9901173088196913e-16,-1.0866168604816985e-19,-7.310747403695317e-05,7.263039695496015e-22,-1.3250439169561672e-20,-7.310747403695317e-05,7.439054304817039e-22,-1.3249462487299095e-20,309.98001963087415,0.5536503997028522,37999.276258850754,239.09889337950435,0.5555309141648059,1.5707963267948968,-0.09076107116654568,172.20348429198054,8208.986732949636,9.756994097990443,-9.776906351845471e-15,1.1897997724788631,171.51545286053434,2.3981548234910243e-15,1.3572250439706828,-14.912760690070801,0.0,0.0,0.0,1.6756568626649005e-17,0.00948330540143985,0.10419956854670531,0.0,0.0,0.0,0.0,0.0,0.0,0.0,0.0,0.5,0.0,0.0,1.0,1.0146125131150027e-15,16.569879802428186,0.0
18.3,-2.657997657357732e-14,0.9712287946757573,172.38960456853823,0.0,0.0,0.0,0.7071072509121764,-0.00047180225409401954,-0.7071072509121763,-0.00047180225409401954,6385675.09822046,7.872714579747571,-1.6954137017857813e-14,-2.672898842371941e-21,1.2328711465350822e-06,7538.098225313239,0.0,-0.0013356900796417806,1.2620102740858652e-16,-1.0857561756008732e-19,-7.310930493957958e-05,2.62330435976793e-22,-1.2000101444853486e-20,-7.310930493957958e-05,2.7835861365778325e-22,-1.1999740348299916e-20,310.05228419513315,0.5547506869802659,38092.57542987427,239.21039646689167,0.5581873825655548,1.5707963267948968,-0.08995384874189986,173.0672729733529,8308.024223596341,9.75704700399304,-1.0058614173712735e-14,1.2014890756694205,172.38845930953227,2.4272649103399334e-15,1.3614150566625813,-15.093779761313673,0.0,0.0,0.0,1.695996882551581e-17,0.009512582174786836,0.10546439868206658,0.0,0.0,0.0,0.0,0.0,0.0,0.0,0.0,0.5,0.0,0.0,1.0,1.0114538351131171e-15,16.518294675939718,0.0
18.400000000000002,-2.673588004978965e-14,0.9805251208514681,173.261252596258,0.0,0.0,0.0,0.7071075312924368,-0.00047438061127152943,-0.7071075312924366,-0.00047438061127152943,6385657.815674048,7.993429686860512,-1.6694086742359416e-14,-2.6319078732796097e-21,1.2517785823552236e-06,7520.815679051292,0.0,-0.0013430011423110758,2.0002227497293887e-16,-1.0867034206854448e-19,-7.311114195541849e-05,1.8080260918161307e-22,-1.1787111525316697e-20,-7.311114195541849e-05,1.9663248507735378e-22,-1.1786858100040893e-20,310.12490169932113,0.5558580804267274,38186.51623300151,239.32246752602987,0.5608382577945812,1.5707963267948968,-0.08915364427648907,173.92991018469326,8407.80314221511,9.75710017966198,1.5549578463800433e-14,1.213217367218385,173.26022507201964,2.4565927269885407e-15,1.365540358617781,-15.27615277032828,0.0,0.0,0.0,1.7164890362494302e-17,0.009541406796383755,0.10673868915375229,0.0,0.0,0.0,0.0,0.0,0.0,0.0,0.0,0.5,0.0,0.0,1.0,1.0082790828689957e-15,16.466447037153877,0.0
18.5,-2.688699341331462e-14,0.9898486552815731,174.13165363825476,0.0,0.0,0.0,0.7071077913326831,-0.0004769589538523795,-0.707107791332683,-0.0004769589538523795,6385640.446166617,8.115317150895162,-1.6452271354614232e-14,-2.593791547570965e-21,1.2708697303543199e-06,7503.446171773909,0.0,-0.0013503123804037844,2.3485605776188166e-16,-1.0871830457769205e-19,-7.311298497844129e-05,4.179808555935859e-22,-1.2425982959918014e-20,-7.311298497844129e-05,4.347595681181183e-22,-1.2425407174352619e-20,310.1978845948008,0.5569710459721803,38280.92972039109,239.43510249588795,0.5634835020618897,1.5707963267948968,-0.0883603073466401,174.79139096230162,8508.299349255245,9.757153623330758,9.54726136195048e-15,1.2249838867775462,174.13073502217975,2.4861312182640092e-15,1.3695968181701685,-15.45983584500799,0.0,0.0,0.0,1.7371283941147637e-17,0.009569750397140881,0.1080221334152633,0.0,0.0,0.0,0.0,0.0,0.0,0.0,0.0,0.5,0.0,0.0,1.0,1.0050883561454935e-15,16.414338515321724,0.0
18.6,-2.703388478870616e-14,0.9991989438793447,175.00079844366232,0.0,0.0,0.0,0.70710801093904,-0.00047953726704672576,-0.7071080109390399,-0.00047953726704672576,6385622.989822945,8.238380760059538,-1.621823180829564e-14,-2.556900956175482e-21,1.2901451860194137e-06,7485.989828258753,0.0,-0.0013576237918525248,9.608552223003437e-17,-1.0854375735649027e-19,-7.311483393143502e-05,8.535747739701866e-22,-1.3584799143147595e-20,-7.311483393143502e-05,8.720170281991445e-22,-1.3583627790724858e-20,310.27119344056445,0.5580935561715052,38376.2565281277,239.54830199485477,0.5661231484093578,1.5707963267948968,-0.08757372516825049,175.65170489130125,8609.575747981879,9.757207334621988,-4.992054487083714e-15,1.2367880682981807,174.99996981087403,2.5158987674031578e-15,1.3735934489965846,-15.644943300245526,0.0,0.0,0.0,1.7579278010217445e-17,0.009597675958102259,0.1093155302162575,0.0,0.0,0.0,0.0,0.0,0.0,0.0,0.0,0.5,0.0,0.0,1.0,1.0018816778638957e-15,16.36196948477626,0.0
18.7,-2.7177072789299996e-14,1.0085756518681037,175.86867159947357,0.0,0.0,0.0,0.7071081734789948,-0.0004821155386049836,-0.7071081734789947,-0.0004821155386049836,6385605.446352461,8.362629939725174,-1.5982701820211463e-14,-2.519775217997674e-21,1.3096064282515272e-06,7468.44635793722,0.0,-0.0013649353767955059,8.013055559058226e-17,-1.085247065912545e-19,-7.311668876416595e-05,2.430889750474014e-22,-1.196187168224696e-20,-7.311668876416595e-05,2.594163759344521e-22,-1.1961528567854726e-20,310.344858559626,0.5592226529687916,38472.16821866853,239.6620668396512,0.5687570789934739,1.5707963267948968,-0.08679381981484659,176.5108358567964,8711.592716149653,9.757261314438427,-2.2210335266457286e-15,1.248629527190753,175.86790545470046,2.5458838048984527e-15,1.3775218144346506,-15.83140319185469,0.0,0.0,0.0,1.778879173036631e-17,0.009625124529982904,0.11061837686287984,0.0,0.0,0.0,0.0,0.0,0.0,0.0,0.0,0.5,0.0,0.0,1.0,9.986589946476154e-16,16.30933907381166,0.0
18.8,-2.7317077013610447e-14,1.0179781866531379,176.7352698266803,0.0,0.0,0.0,0.707108266697106,-0.00048469375948654827,-0.7071082666971059,-0.00048469375948654827,6385587.816299301,8.488062717081682,-1.5737678842099067e-14,-2.4811526738706665e-21,1.329253149808205e-06,7450.816304942283,0.0,-0.0013722471348996553,1.3707746628730685e-16,-1.0860194314370306e-19,-7.311854936933317e-05,-2.0769661563370725e-22,-1.0774800786002592e-20,-7.311854936933317e-05,-1.9291079873097603e-22,-1.0775075676447137e-20,310.41888723976354,0.5603573222222369,38568.55326427682,239.77639315057843,0.5713852659692202,1.5707963267948968,-0.0860204528011099,177.36877907076766,8814.333295457756,9.757315561110321,-1.2302347805129125e-14,1.2605075284610512,176.73453212278744,2.576081370799981e-15,1.381379049063224,-16.019184676728376,0.0,0.0,0.0,1.7999790445057346e-17,0.009652076091295652,0.11193045784584135,0.0,0.0,0.0,0.0,0.0,0.0,0.0,0.0,0.5,0.0,0.0,1.0,9.954204064522583e-16,16.256448914826848,0.0
18.900000000000002,-2.7454362764547246e-14,1.0274060792233846,177.60058377027187,0.0,0.0,0.0,0.707108281932419,-0.00048727192328918567,-0.7071082819324189,-0.0004872719232891857,6385570.099791082,8.614682722138589,-1.5476432668698715e-14,-2.4399722439003258e-21,1.3490859214614544e-06,7433.099796892144,0.0,-0.0013795590676458198,7.108151756928582e-17,-2.1693530901086834e-19,-7.312041566733129e-05,-1.3767707001455532e-21,-7.735995214142387e-21,-7.312041566733129e-05,-1.3660971310625898e-21,-7.7378871885364e-21,310.4932320958238,0.5615023722339372,38665.945685580846,239.89128182210462,0.5740077583502101,1.5707963267948968,-0.08525352129621551,178.22552413823536,8917.875416528052,9.757370074251593,-6.442266298133291e-16,1.2724215249165232,177.59983560040766,2.6065142424823526e-15,1.3851762392742437,-16.208429394402682,0.0,0.0,0.0,1.821243330608386e-17,0.009678608105716125,0.11325276283961325,0.0,0.0,0.0,0.0,0.0,0.0,0.0,0.0,0.5,0.0,0.0,1.0,9.921659367209074e-16,16.20329939067643,0.0
19.0,-2.7589352089588748e-14,1.0368589730232753,178.46459777727037,0.0,0.0,0.0,0.7071082139129695,-0.000489850026097128,-0.7071082139129694,-0.000489850026097128,6385552.296541936,8.74249927385404,-1.5193345751170412e-14,-2.395348253986404e-21,1.3691062055402807e-06,7415.296547921063,0.0,-0.001386871178165265,2.261900768204227e-16,-1.0872944694404877e-19,-7.312228760435642e-05,3.4195839365721127e-23,-1.1413677675789834e-20,-7.312228760435642e-05,5.0025302510798255e-23,-1.1413619196777565e-20,310.56793867409635,0.5626532622524106,38763.84089925762,240.00673307797118,0.5766244092909322,1.5707963267948968,-0.0844929555868979,179.08105480903876,9022.153089185109,9.757424854750699,1.1295078412378076e-14,1.2843711447897936,178.46379699926163,2.637163139601737e-15,1.3889010015700394,-16.39901745138669,0.0,0.0,0.0,1.8426585596370296e-17,0.009704634046333501,0.11458445411533466,0.0,0.0,0.0,0.0,0.0,0.0,0.0,0.0,0.5,0.0,0.0,1.0,9.888955329408791e-16,16.149889643763192,0.0
19.1,-2.7722454557766038e-14,1.0463362672501304,179.32730859938556,0.0,0.0,0.0,0.7071080619944704,-0.0004924280673888372,-0.7071080619944703,-0.0004924280673888372,6385534.407097004,8.871510187969273,-1.488425901533924e-14,-2.3466249622518918e-21,1.3893136617145545e-06,7397.4071031669155,0.0,-0.001394183468484414,1.8026592261327615e-16,-1.086701703844571e-19,-7.312416507182592e-05,-3.6954200239395396e-23,-1.1229225461898165e-20,-7.312416507182592e-05,-2.129892920067863e-23,-1.1229266208787872e-20,310.64299977670015,0.5638104656444627,38862.29248331513,240.12274356407653,0.5792352184268452,1.5707963267948968,-0.08373862808743984,179.93536645596777,9127.172558503782,9.75747990093474,-6.9615734249813e-15,1.296355683545858,179.32641213629836,2.668029881811683e-15,1.3925541345918462,-16.590960163070733,0.0,0.0,0.0,1.8642260030337457e-17,0.00973015949347418,0.11592561073675611,0.0,0.0,0.0,0.0,0.0,0.0,0.0,0.0,0.5,0.0,0.0,1.0,9.856092952523751e-16,16.096221309500745,0.0
19.200000000000003,-2.7854032650344667e-14,1.0558374779685535,180.18870677746256,0.0,0.0,0.0,0.7071078289488881,-0.0004950060491496891,-0.707107828948888,-0.0004950060491496891,6385516.431586745,9.001718936295326,-1.4546171097012325e-14,-2.2933291411858223e-21,1.4097088360404567e-06,7379.431593090295,0.0,-0.001401495941863786,2.4867551545581946e-16,-1.0877040490535467e-19,-7.312604798769641e-05,5.789923476937002e-22,-1.2820456606913101e-20,-7.312604798769641e-05,5.969595910934429e-22,-1.28196325608432e-20,310.7183794734577,0.5649776302746143,38961.70618251417,240.2393137376377,0.5818402149116948,1.5707963267948968,-0.08299044505494362,180.78844868985016,9232.995277027476,9.757535212408962,7.356271068137344e-15,1.3083746182486296,180.18767235456903,2.699132432709538e-15,1.396143868917513,-16.784369234848366,0.0,0.0,0.0,1.8859582124590353e-17,0.009755241956453744,0.11727701322024572,0.0,0.0,0.0,0.0,0.0,0.0,0.0,0.0,0.5,0.0,0.0,1.0,9.82307247620619e-16,16.042294779270883,0.0
19.3,-2.7984410361363962e-14,1.0653622266281664,181.0487764170458,0.0,0.0,0.0,0.7071075210302136,-0.0004975839759190811,-0.7071075210302135,-0.0004975839759190812,6385498.369730033,9.133134729088209,-1.417716712905526e-14,-2.2351588521734342e-21,1.4302931739165811e-06,7361.369736564656,0.0,-0.0014088086026767261,1.6605673854461467e-16,-2.532172715377363e-19,-7.312793629451155e-05,1.725532896020172e-22,-1.1780949570935145e-20,-7.312793629451155e-05,1.8915069253892696e-22,-1.1780694597664454e-20,310.7941212611442,0.5661504014506057,39061.59742142547,240.35644386307268,0.5844392543327264,1.5707963267948968,-0.08224834427577409,181.64028511160035,9339.55601872182,9.757590790047379,8.9504322271514e-15,1.3204275957746578,181.04756436473963,2.7304517294669435e-15,1.3996582326922518,-16.979126125833663,0.0,0.0,0.0,1.9078418681893976e-17,0.009779797784623625,0.1186378332879665,0.0,0.0,0.0,0.0,0.0,0.0,0.0,0.0,0.5,0.0,0.0,1.0,9.789893384035018e-16,15.988109209693969,0.0
19.400000000000002,-2.8113888717953423e-14,1.0749099044342418,181.9075143020698,0.0,0.0,0.0,0.7071071490399071,-0.0005001618555731934,-0.707107149039907,-0.0005001618555731934,6385480.222072976,9.265755172929529,-1.3776877564027437e-14,-2.1720557898648745e-21,1.4510663022818635e-06,7343.222079698928,0.0,-0.0014161214535066975,1.1990284123811233e-16,-1.0859394624701203e-19,-7.312982988239357e-05,8.626292126916025e-23,-1.1543793385176966e-20,-7.312982988239357e-05,1.0261038221630945e-22,-1.1543659596760979e-20,310.87020413649213,0.5673306873495104,39162.179540852325,240.4741310895615,0.5870323632864148,1.5707963267948968,-0.081512208110942,182.4908712413916,9446.884948918514,9.757646632174081,3.9281530911329415e-15,1.3325139472116918,181.9060899727262,2.7619965840827793e-15,1.4031015737374695,-17.175285632835067,0.0,0.0,0.0,1.9298831274112875e-17,0.009803857357410154,0.12000845382031967,0.0,0.0,0.0,0.0,0.0,0.0,0.0,0.0,0.5,0.0,0.0,1.0,9.756556679196061e-16,15.933666239096784,0.0
19.5,-2.824272737973442e-14,1.0844800125270486,182.76491086923536,0.0,0.0,0.0,0.7071067271828566,-0.0005027396984850119,-0.7071067271828565,-0.0005027396984850119,6385461.988748874,9.399583581431838,-1.3346029878802865e-14,-2.1041346034307443e-21,1.4720287424758035e-06,7324.988755791448,0.0,-0.0014234344976253798,1.770794506907961e-16,-1.0868084805008376e-19,-7.313172866681123e-05,-1.2037215074367882e-22,-1.1015440407662324e-20,-7.313172866681123e-05,-1.0469227620889483e-22,-1.1015600589924127e-20,310.94661462644314,0.5685198206312362,39263.60111564979,240.59237502930452,0.5896195297164383,1.5707963267948968,-0.08078195111029966,183.34019668296196,9555.006800997908,9.757702738385621,2.654095482320773e-16,1.344633179411042,182.7632464970363,2.79377422665103e-15,1.4064763958404711,-17.372892715694327,0.0,0.0,0.0,1.952087041990617e-17,0.009827438169465215,0.1213891889641095,0.0,0.0,0.0,0.0,0.0,0.0,0.0,0.0,0.5,0.0,0.0,1.0,9.723062606554394e-16,15.878966267374345,0.0
19.6,-2.8371150799725607e-14,1.0940721501454822,183.62094998110265,0.0,0.0,0.0,0.7071062734044143,-0.0005053175177704482,-0.7071062734044142,-0.0005053175177704482,6385443.669481383,9.534629053860273,-1.2886465835306072e-14,-2.0316856196765324e-21,1.493181922608115e-06,7306.669488501424,0.0,-0.0014307477388716622,1.6579025026472134e-16,-1.8094806426242564e-19,-7.313363258656835e-05,-8.863438326429259e-22,-9.087595813180697e-21,-7.313363258656835e-05,-8.733417338830736e-22,-9.088854985535842e-21,311.02338527979623,0.569714558932488,39365.50074443485,240.71117631581546,0.5922006284996102,1.5707963267948968,-0.08005751790306968,184.18824487562037,9663.872636322023,9.757759109541453,2.344375594270539e-15,1.3567849639209764,183.6190267513896,2.825770350713471e-15,1.4097734381746112,-17.571858410685778,0.0,0.0,0.0,1.974443615610772e-17,0.00985047551284097,0.1227794171052684,0.0,0.0,0.0,0.0,0.0,0.0,0.0,0.0,0.5,0.0,0.0,1.0,9.689410658480215e-16,15.824008465504274,0.0
19.700000000000003,-2.849935295073654e-14,1.1036857007186847,184.47562845533756,0.0,0.0,0.0,0.7071058097863817,-0.0005078953295820513,-0.7071058097863816,-0.0005078953295820513,6385425.264817537,9.670888989925544,-1.2401551465477416e-14,-1.955239489754571e-21,1.5145254372434865e-06,7288.264824859798,0.0,-0.0014380611786091778,1.7216629674325128e-16,-1.0868120313882346e-19,-7.313554153047501e-05,-1.8907254586557395e-22,-1.084249594814524e-20,-7.313554153047501e-05,-1.7347998988721964e-22,-1.0842756557781563e-20,311.1004814698802,0.5709182421249271,39468.25164881225,240.83053259740882,0.5947757135081176,1.5707963267948968,-0.0793387999211472,185.03501147480836,9773.537935191036,9.757815743962771,1.182502924622009e-15,1.3689686726562593,184.47343885986268,2.858001171236643e-15,1.4130005961185106,-17.77228354946268,0.0,0.0,0.0,1.9969641781157206e-17,0.009873024554723622,0.12417984278234453,0.0,0.0,0.0,0.0,0.0,0.0,0.0,0.0,0.5,0.0,0.0,1.0,9.655601839853062e-16,15.768794474579394,0.0
19.8,-2.862749067074442e-14,1.1133201504625907,185.32893662449663,0.0,0.0,0.0,0.7071053619665678,-0.0005104731526804175,-0.7071053619665677,-0.0005104731526804176,6385406.774893477,9.808366545041725,-1.1895743087257758e-14,-1.8754987648958877e-21,1.5360597830038224e-06,7269.774901009165,0.0,-0.0014453748183522316,1.4312477511646412e-16,-3.2548163974221255e-19,-7.313745541145807e-05,-5.929186702365969e-22,-9.84908413605656e-21,-7.313745541145807e-05,-5.786824376635634e-22,-9.849930837573221e-21,311.1779163488569,0.5721294287420139,39571.69338429582,240.9504424836793,0.5973447224223375,1.5707963267948968,-0.07862571927535714,185.8804860653693,9883.980740726416,9.757872641237443,6.573808170013131e-15,1.3811838479014407,185.32648652813177,2.89046026527932e-15,1.416153496312793,-17.97412819140715,0.0,0.0,0.0,2.0196442416194274e-17,0.009895054737246018,0.12559018691923404,0.0,0.0,0.0,0.0,0.0,0.0,0.0,0.0,0.5,0.0,0.0,1.0,9.621636400762828e-16,15.713324703027496,0.0
19.900000000000002,-2.875568738416555e-14,1.1229750761894493,186.18085810664897,0.0,0.0,0.0,0.7071049597470935,-0.0005130510088793208,-0.7071049597470934,-0.0005130510088793209,6385388.1994376825,9.947070705194314,-1.1374693038983998e-14,-1.7933545687097924e-21,1.5577863703514058e-06,7251.199445430189,0.0,-0.0014526886596030878,1.7596834813956235e-16,-2.532557849199291e-19,-7.313937416448883e-05,6.1016584425409805e-22,-1.2857301762984873e-20,-7.313937416448883e-05,6.288420672290245e-22,-1.2856402128797964e-20,311.25570916452284,0.5733462460371225,39675.6167408304,241.07090706569204,0.5999075543891981,1.5707963267948968,-0.077918226831569,186.7246519132155,9995.173790114632,9.75792980221023,4.930037529366961e-16,1.3934301920960779,186.1781691769482,2.9231396603675106e-15,1.4192262373527462,-18.177342760238464,0.0,0.0,0.0,2.042478235534612e-17,0.009916524825667142,0.12701010311280153,0.0,0.0,0.0,0.0,0.0,0.0,0.0,0.0,0.5,0.0,0.0,1.0,9.587513842436583e-16,15.657598336290567,0.0
20.0,-2.888403149707122e-14,1.1326498537681922,187.03138975469864,0.0,0.0,0.0,0.7071046363246942,-0.0005156289224863312,-0.7071046363246941,-0.0005156289224863312,6385369.538998073,10.08699866551189,-1.0845448984624037e-14,-1.7099180295363717e-21,1.5797047618333238e-06,7232.539006040432,0.0,-0.0014600027007542116,1.459657483613742e-16,-1.0865143777908525e-19,-7.314129767704477e-05,2.7627276296654886e-22,-1.2005072898088537e-20,-7.314129767704477e-05,2.937993857842932e-22,-1.2004656952019952e-20,311.3338104063377,0.5745736124079983,39780.57163931575,241.19192453990433,0.6024642935944903,1.5707963267948968,-0.07721622228677823,187.56750479814832,10107.201827986355,9.757987225199551,-8.111801543427265e-16,1.4057071232093141,187.02850156565776,2.9560641320537396e-15,1.4222306242412188,-18.382081321024543,0.0,0.0,0.0,2.0654834712225787e-17,0.009937517304795078,0.12844066785813316,0.0,0.0,0.0,0.0,0.0,0.0,0.0,0.0,0.5,0.0,0.0,1.0,9.553235171382559e-16,15.601617018121296,0.0
20.1,-2.9012577025794474e-14,1.1423439544904204,187.88052179705798,0.0,0.0,0.0,0.7071044287700999,-0.0005182069206496554,-0.7071044287700998,-0.0005182069206496554,6385350.793713631,10.228153423210056,-1.0316196083185544e-14,-1.6264796271147542e-21,1.6018154293529042e-06,7213.793721823022,0.0,-0.0014673169397939406,1.7509173025691616e-16,-1.0870134936637492e-19,-7.31432258594526e-05,6.681686290150344e-22,-1.2972255519440787e-20,-7.31432258594526e-05,6.872023131660566e-22,-1.2971261139890794e-20,311.4122631766375,0.5758069350159194,39886.045676433656,241.31349238608107,0.6050148197549945,1.5707963267948968,-0.07651963463781224,188.40903427530824,10219.986981661381,9.75804490978458,6.673240946468191e-16,1.4180142247037322,187.87749419266544,2.98921090169235e-15,1.4251544677667725,-18.588202226325365,0.0,0.0,0.0,2.088644032615882e-17,0.009957947005250448,0.12988089142553083,0.0,0.0,0.0,0.0,0.0,0.0,0.0,0.0,0.5,0.0,0.0,1.0,9.518800642908622e-16,15.545381165469067,0.0
20.200000000000003,-2.914134487856758e-14,1.152056932525816,188.72823760579817,0.0,0.0,0.0,0.7071043789076075,-0.0005207850340022777,-0.7071043789076074,-0.0005207850340022778,6385331.963317701,10.37054384870591,-9.796451196771265e-15,-1.5445398146940297e-21,1.6241197653663784e-06,7194.96332612168,0.0,-0.0014746313740601096,1.295961900545428e-16,-2.531925996023505e-19,-7.314515864275333e-05,9.457721314380874e-22,-1.367526415007342e-20,-7.314515864275333e-05,9.65937169425624e-22,-1.3673854577345752e-20,311.4910583337763,0.5770473151188084,39992.16153282828,241.43561271474155,0.6075590862757481,1.5707963267948968,-0.0758284204266242,189.2492234262403,10333.553568390142,9.75810285679527,-4.708274384584818e-15,1.4303512363069177,188.72515358937991,3.022587080011095e-15,1.4279992036086115,-18.795749693711986,0.0,0.0,0.0,2.1119648881759576e-17,0.009977823958519493,0.1313310827753489,0.0,0.0,0.0,0.0,0.0,0.0,0.0,0.0,0.5,0.0,0.0,1.0,9.48420976717513e-16,15.488889978365041,0.0
20.3,-2.927031938230524e-14,1.1617881563990207,189.57453407056826,0.0,0.0,0.0,0.707104530883479,-0.0005233632948854408,-0.7071045308834789,-0.0005233632948854409,6385313.048359044,10.514166934834652,-9.29688967402319e-15,-1.4657817191706592e-21,1.6466173007598226e-06,7176.048367700229,0.0,-0.0014819459972482477,1.2861753982226215e-16,-2.893340738414317e-19,-7.314709591306824e-05,7.138397694831718e-22,-1.3088390230400267e-20,-7.314709591306824e-05,7.332353653468392e-22,-1.3087317946002889e-20,311.5701693176846,0.5782972755097102,40099.20212288586,241.55828286803379,0.6100971345185316,1.5707963267948968,-0.07514248687268014,190.0880681453023,10447.945972286343,9.758161064547384,2.4735011703055292e-15,1.442717627275343,189.57150145540842,3.056205640515343e-15,1.4307707034550632,-19.004804398034498,0.0,0.0,0.0,2.1354551028485252e-17,0.009997189191706652,0.13279180560499695,0.0,0.0,0.0,0.0,0.0,0.0,0.0,0.0,0.5,0.0,0.0,1.0,9.449463552244879e-16,15.432145103100689,0.0
20.400000000000002,-2.9376891417447825e-14,1.171566002704605,190.41676105654432,0.0,0.0,0.0,0.7071047860037218,-0.0005259416330868676,-0.7071047860037217,-0.0005259416330868677,6385293.896911074,10.661281186762636,-9.333710429661701e-15,-1.471591458720151e-21,1.6696617820379718e-06,7156.896919975057,0.0,-0.0014892611659210791,1.435070322027821e-16,-2.170811501029037e-19,-7.314904150773185e-05,6.930681530832782e-22,-1.3021219988087917e-20,-7.314904150773185e-05,7.124593745988282e-22,-1.3020173389112175e-20,311.6502694077323,0.5795628638631979,40207.58101641991,241.6824867375782,0.6126190408360254,1.5707963267948968,-0.07446023041541547,190.92288912085385,10562.982236389451,9.758220000583826,6.7180750750559955e-15,1.455137479578101,190.41383591707634,3.0900137130862515e-15,1.4334140937309459,-19.215037570098247,0.0,0.0,0.0,2.1590777348245748e-17,0.010015659288020269,0.13426076271351098,0.0,0.0,0.0,0.0,0.0,0.0,0.0,0.0,0.5,0.0,0.0,1.0,9.414282913511376e-16,15.374690759925173,0.0
20.5,-2.951920206838886e-14,1.1813394450577184,191.25948259767185,0.0,0.0,0.0,0.7071050836895686,-0.0005285200025568337,-0.7071050836895685,-0.0005285200025568339,6385274.772754087,10.807986172759072,-9.470663888721653e-15,-1.4931886107442924e-21,1.6926422994772843e-06,7137.772763233942,0.0,-0.001496576263762856,1.3369893363664693e-16,-2.893481062085508e-19,-7.31509884731152e-05,2.485048945160277e-22,-1.1936506344320087e-20,-7.31509884731152e-05,2.663684414711218e-22,-1.1936121095553893e-20,311.73022186764206,0.5808301983534117,40316.20273335338,241.8065148615645,0.6151418271014802,1.5707963267948968,-0.07378420110952852,191.75829888708503,10678.926118973683,9.758278853166956,1.5312268115744836e-15,1.467566210626963,191.2566890260512,3.124087860437466e-15,1.436013180076746,-19.42692530986776,0.0,0.0,0.0,2.182886280582017e-17,0.010033819820565282,0.13574128074254502,0.0,0.0,0.0,0.0,0.0,0.0,0.0,0.0,0.5,0.0,0.0,1.0,9.379152407502278e-16,15.317318289701827,0.0
20.6,-2.971470520409781e-14,1.191113982833586,192.1021624303859,0.0,0.0,0.0,0.7071053785812813,-0.0005310983704093169,-0.7071053785812812,-0.000531098370409317,6385255.645537589,10.954730555834704,-9.369530520186389e-15,-1.477247911456024e-21,1.7156291251858257e-06,7118.64554698641,0.0,-0.0015038913631062688,1.6888450421050354e-16,-2.171309197980829e-19,-7.315293753976889e-05,6.501296221189134e-22,-1.2938806029292168e-20,-7.315293753976889e-05,6.695879588617691e-22,-1.2937813456586395e-20,311.8101682267951,0.5820997381147162,40425.06594527499,241.93056353069517,0.6176634788001312,1.5707963267948968,-0.07311398864933268,192.59375387804732,10795.726087744573,9.758337715693708,1.824597871188983e-15,1.4800082930847802,192.099500166198,3.1584130794157197e-15,1.4385552031072595,-19.640374321267206,0.0,0.0,0.0,2.2068702570042143e-17,0.01005158163600108,0.13723270780670707,0.0,0.0,0.0,0.0,0.0,0.0,0.0,0.0,0.5,0.0,0.0,1.0,9.34401628127107e-16,15.259936640959234,0.0
20.700000000000003,-2.991598918052117e-14,1.2009112115097835,192.94278531662022,0.0,0.0,0.0,0.7071056041583289,-0.0005336766888945298,-0.7071056041583288,-0.0005336766888945299,6385236.399810466,11.103227808238456,-9.231774136498718e-15,-1.4555329551296962e-21,1.7388906397509174e-06,7099.399820120073,0.0,-0.0015112067393586292,1.125109361407297e-16,-3.254571965946138e-19,-7.315489162527577e-05,7.247192412930175e-22,-1.3152448050978e-20,-7.315489162527577e-05,7.445944743242984e-22,-1.3151337832372074e-20,311.8906082864346,0.5833773186057696,40534.62325037427,242.05538085608347,0.620176470781261,1.5707963267948968,-0.07244836003226977,193.42721671690174,10913.265216427606,9.758396943460985,-8.782607056486223e-15,1.4924820481854075,192.94021775336722,3.192955433177047e-15,1.4410011150925934,-19.85517357036847,0.0,0.0,0.0,2.231005951483067e-17,0.010068671897078274,0.13873356935378534,0.0,0.0,0.0,0.0,0.0,0.0,0.0,0.0,0.5,0.0,0.0,1.0,9.308662454564881e-16,15.202199460360221,0.0
20.8,-3.004744108414986e-14,1.2107267961205619,193.78167521898024,0.0,0.0,0.0,0.7071057761781382,-0.0005362549688112944,-0.7071057761781381,-0.0005362549688112945,6385217.055053166,11.253196305246135,-9.19569461748439e-15,-1.4498488784970616e-21,1.7623827365102326e-06,7080.0550630825255,0.0,-0.001518522347279824,1.5773014876321929e-16,-2.5325901636962435e-19,-7.315685012817271e-05,4.364564699939535e-22,-1.245306534376038e-20,-7.315685012817271e-05,4.553660062341199e-22,-1.2452388305443895e-20,311.9714110314955,0.5846669303713392,40645.35588800165,242.18084234731563,0.6226821024368258,1.5707963267948968,-0.07178746915603255,194.25901476959032,11031.662071765802,9.758456476530332,-3.243059423076798e-15,1.5049836985857847,193.77917389739653,3.2277495660630426e-15,1.4433683348082704,-20.07153849062497,0.0,0.0,0.0,2.2553175709747647e-17,0.01008521231358164,0.1402453706766873,0.0,0.0,0.0,0.0,0.0,0.0,0.0,0.0,0.5,0.0,0.0,1.0,9.273126712385408e-16,15.144165189247579,0.0
20.900000000000002,-3.014984308234023e-14,1.2205555870281788,194.6192349249579,0.0,0.0,0.0,0.7071059197261946,-0.0005388332280569925,-0.7071059197261945,-0.0005388332280569926,6385197.635202537,11.404286576442146,-8.505422673279584e-15,-1.3410205307902633e-21,1.786050679940778e-06,7060.635212721923,0.0,-0.0015258381303651864,1.7104958591799365e-16,-2.8942663430330135e-19,-7.315881232057443e-05,5.641984689504538e-22,-1.2731090407447084e-20,-7.315881232057443e-05,5.836238988015875e-22,-1.2730214496018678e-20,312.0525274401825,0.5859615482082047,40756.51837241975,242.30679086044591,0.6251817765390706,1.5707963267948968,-0.07113146343402565,195.08955412793264,11150.830281393413,9.758516241241361,1.380910147329949e-15,1.5175087037786577,194.61678481293623,3.2627701455543408e-15,1.445649881423018,-20.289311553508824,0.0,0.0,0.0,2.2797874149499216e-17,0.010101154108519327,0.1417670110801775,0.0,0.0,0.0,0.0,0.0,0.0,0.0,0.0,0.5,0.0,0.0,1.0,9.23745302600936e-16,15.085905638165771,0.0
21.0,-3.0283251898147827e-14,1.2303986718793645,195.45530544526633,0.0,0.0,0.0,0.7071060367690586,-0.0005414114680708603,-0.7071060367690585,-0.0005414114680708604,6385178.1318067955,11.556627889704671,-8.116200243024632e-15,-1.2796571144917478e-21,1.8099147198610585e-06,7041.1318172533065,0.0,-0.0015331541095543297,1.8955961115365404e-16,-3.256042354757153e-19,-7.316077833121747e-05,5.623535460490113e-22,-1.2716729697327472e-20,-7.316077833121747e-05,5.818495838833522e-22,-1.2715852577290251e-20,312.13396862557636,0.5872643258133452,40868.44975627394,242.43328211378318,0.6276749514437091,1.5707963267948968,-0.07048019103626747,195.91867360099087,11270.814134095475,9.758576263611161,-2.234443813687865e-15,1.5300578886123715,195.45289239292276,3.2980301479876948e-15,1.447848736785905,-20.508573451476895,0.0,0.0,0.0,2.3044245503326245e-17,0.010116518116892502,0.14329905438468896,0.0,0.0,0.0,0.0,0.0,0.0,0.0,0.0,0.5,0.0,0.0,1.0,9.20162586975964e-16,15.027395451759919,0.0
21.1,-3.045454959340952e-14,1.2402555273881555,196.28986947151304,0.0,0.0,0.0,0.7071061319503147,-0.0005439896921370737,-0.7071061319503146,-0.0005439896921370738,6385158.544614669,11.71022866338479,-8.365536212617687e-15,-1.3189732479105922e-21,1.8339761782056491e-06,7021.544625407705,0.0,-0.0015404702861631318,1.6273437360761604e-16,-3.6169960733701993e-19,-7.316274807833863e-05,5.0957573585522544e-23,-1.1539232129804126e-20,-7.316274807833863e-05,6.873252166214956e-23,-1.1539140287553829e-20,312.21573058869336,0.5885758205358043,40981.21214256879,242.56031792557084,0.6301615698971775,1.5707963267948968,-0.0698336100066473,196.74635558549676,11391.629844110863,9.758636544422757,2.9803617298462915e-15,1.542630747372255,196.28748171961834,3.3335343198095938e-15,1.4499649075403844,-20.729353699979942,0.0,0.0,0.0,2.3292322935958367e-17,0.01013130438512081,0.14484170682280992,0.0,0.0,0.0,0.0,0.0,0.0,0.0,0.0,0.5,0.0,0.0,1.0,9.165644782062638e-16,14.968633876223116,0.0
21.200000000000003,-3.063379303584018e-14,1.2501254777320014,197.12292429634655,0.0,0.0,0.0,0.7071062121191003,-0.0005465679055103315,-0.7071062121191002,-0.0005465679055103316,6385138.874177776,11.8650851988415,-8.263513494589871e-15,-1.3028916193331428e-21,1.858234477616081e-06,7001.8741888003415,0.0,-0.0015477866601884627,1.569112677066529e-16,-2.8941246910155584e-19,-7.316472144118265e-05,4.930491843978071e-22,-1.2582649992109318e-20,-7.316472144118265e-05,5.125243428555756e-22,-1.2581871572163842e-20,312.29784003679924,0.5898928890570286,41094.453764379214,242.68789363434686,0.6326415698605053,1.5707963267948968,-0.06919163511110271,197.57259643702986,11513.215402426802,9.758697081982977,4.089446087120083e-15,1.5552265365918727,197.12055374762164,3.369264509217141e-15,1.451990282472233,-20.951539423281158,0.0,0.0,0.0,2.3541979615746525e-17,0.010145456237915204,0.14639417970066138,0.0,0.0,0.0,0.0,0.0,0.0,0.0,0.0,0.5,0.0,0.0,1.0,9.129510776219082e-16,14.909622566401028,0.0
21.3,-3.0789779983689476e-14,1.2600079241861284,197.95445981526785,0.0,0.0,0.0,0.7071064675477847,-0.0005491462703161326,-0.7071064675477846,-0.0005491462703161327,6385119.120647232,12.021199717915367,-7.553318414631337e-15,-1.1909202938684437e-21,1.8826899687789421e-06,6982.120658548549,0.0,-0.0015551032730572885,1.902678725527565e-16,-2.171987138349485e-19,-7.316669831981343e-05,8.169155041735237e-22,-1.3344096104845029e-20,-7.316669831981343e-05,8.376659555460801e-22,-1.3342809582063982e-20,312.38024766705064,0.5912207595078249,41208.762361839916,242.81601008221045,0.6351150159304149,1.5707963267948968,-0.06855424377380803,198.39738597340582,11635.674691095295,9.758757875833826,-2.5225370112111546e-15,1.5678454596783011,197.95220479778382,3.4052510960008346e-15,1.4539368633531866,-21.175319536016527,0.0,0.0,0.0,2.3793427814658893e-17,0.010159057534962214,0.1479577930168654,0.0,0.0,0.0,0.0,0.0,0.0,0.0,0.0,0.5,0.0,0.0,1.0,9.093224129827004e-16,14.850361975645647,0.0
21.400000000000002,-3.092697946374392e-14,1.2699023297987664,198.7844583090764,0.0,0.0,0.0,0.7071069594349105,-0.0005517248385953757,-0.7071069594349104,-0.0005517248385953758,6385099.283776987,12.178580477631957,-6.870502764054061e-15,-1.083265169690946e-21,1.907343948454328e-06,6962.283788601557,0.0,-0.0015624201327522655,1.869529225811761e-16,-2.5333672088732003e-19,-7.316867863023664e-05,3.1950962274828867e-22,-1.2192368668595792e-20,-7.316867863023664e-05,3.3855907700555566e-22,-1.219185447170609e-20,312.46299784968505,0.5925547836261041,41323.61518561015,242.94466724227198,0.6375817522678721,1.5707963267948968,-0.06792140750332873,199.22070634155904,11758.922106931394,9.758818926742418,5.472226826196355e-15,1.5804872716636658,198.78245279838413,3.441469024911001e-15,1.455791818324291,-21.400538233840663,0.0,0.0,0.0,2.4046492464761362e-17,0.01017201861652717,0.14953145812352475,0.0,0.0,0.0,0.0,0.0,0.0,0.0,0.0,0.5,0.0,0.0,1.0,9.056784390898474e-16,14.790851365804672,0.0
21.5,-3.104983403931624e-14,1.2798080281594975,199.61291687136432,0.0,0.0,0.0,0.7071076006122169,-0.0005543035356567715,-0.7071076006122168,-0.0005543035356567716,6385079.364119425,12.337223576105215,-6.2500598002441356e-15,-9.854436548415788e-22,1.9321958074650618e-06,6942.364131344482,0.0,-0.0015697372133984893,2.0600115018225806e-16,-2.8951785276584505e-19,-7.31706622522615e-05,1.0642828942155292e-21,-1.3919081187406966e-20,-7.31706622522615e-05,1.0861309955671057e-21,-1.3917393343766758e-20,312.54607263727917,0.5938966191382559,41439.1998232267,243.0738621191214,0.6400418060409748,1.5707963267948968,-0.06729302459722049,200.0425534559531,11882.988740482064,9.758880233013137,1.7027656544986267e-15,1.5931508374642729,199.6112472810381,3.47792739770558e-15,1.4575588563874677,-21.627252115408773,0.0,0.0,0.0,2.4301237162544882e-17,0.010184365398428605,0.15111557049104063,0.0,0.0,0.0,0.0,0.0,0.0,0.0,0.0,0.5,0.0,0.0,1.0,9.020192574148491e-16,14.731092394033446,0.0
21.6,-3.116229025969729e-14,1.2897244068475284,200.4398252622119,0.0,0.0,0.0,0.7071083145729776,-0.00055688229593623,-0.7071083145729775,-0.0005568822959362301,6385059.361828517,12.49713108794631,-5.7220013215391434e-15,-9.02187797227495e-22,1.9572458734904375e-06,6922.361840747297,0.0,-0.0015770544956924168,6.153799976491787e-17,-2.169598057219271e-19,-7.317264908174768e-05,-2.1672295227986284e-21,-6.381594464693107e-21,-7.317264908174768e-05,-2.157162709671475e-21,-6.385004366505516e-21,312.62945853556664,0.595247645868082,41555.6718029314,243.20359419627806,0.6424951673344372,1.5707963267948968,-0.06666901910296222,200.8629162754834,12007.90431166408,9.758941794179256,1.0091093972690736e-15,1.605835160112313,200.43853567188347,3.514634918558893e-15,1.4592404785205995,-21.855515307029727,0.0,0.0,0.0,2.455772272647411e-17,0.010196115355688202,0.15271050831484906,0.0,0.0,0.0,0.0,0.0,0.0,0.0,0.0,0.5,0.0,0.0,1.0,8.983448962415304e-16,14.671085522241892,0.0
21.700000000000003,-3.126789229934637e-14,1.2996508929008685,201.26516566522633,0.0,0.0,0.0,0.7071090336567372,-0.0005594610614412305,-0.707109033656737,-0.0005594610614412306,6385039.276663472,12.658311113487587,-5.3120697527212905e-15,-8.375565494503043e-22,1.982495418840808e-06,6902.276676019654,0.0,-0.001584371965967664,1.1996329116009025e-16,-2.8935637884269953e-19,-7.317463902812275e-05,6.040345097143398e-23,-1.1549264063632585e-20,-7.317463902812275e-05,7.87024770383017e-23,-1.1549153528108821e-20,312.71318992097633,0.5966042702150868,41672.626353069405,243.33386378352807,0.6449416986031703,1.5707963267948968,-0.06604933890293105,201.68177653921967,12133.601483469183,9.759003610991831,-1.0722712033694048e-14,1.618539358632082,201.2642621556716,3.551571885959153e-15,1.460826460933828,-22.085205296208642,0.0,0.0,0.0,2.4815811496656912e-17,0.010207197051868781,0.15431541556638673,0.0,0.0,0.0,0.0,0.0,0.0,0.0,0.0,0.5,0.0,0.0,1.0,8.94655311337422e-16,14.610830028058961,0.0
21.8,-3.1369861712911664e-14,1.3095868105641955,202.08893524192638,0.0,0.0,0.0,0.7071096993384733,-0.0005620397819866233,-0.7071096993384732,-0.0005620397819866234,6385019.109177608,12.820759503363892,-5.039898992687306e-15,-7.946457840577673e-22,2.0079437955902566e-06,6882.109190479542,0.0,-0.0015916896131173387,2.0474932030637218e-16,-3.2566898487784945e-19,-7.317663197011135e-05,9.777998321510464e-22,-1.3666655743852314e-20,-7.317663197011135e-05,9.995518158923102e-22,-1.366508201132164e-20,312.79721597820026,0.5979717284492483,41790.65442122329,243.4646691155771,0.6473814963265376,1.5707963267948968,-0.06543389387402818,202.49913038311647,12260.18515718361,9.759065681752318,2.041635956115528e-15,1.6312623889095899,202.08839045331015,3.588769004606158e-15,1.4623292591558645,-22.31651301800763,0.0,0.0,0.0,2.507571801529227e-17,0.010217697517181903,0.15593162636154978,0.0,0.0,0.0,0.0,0.0,0.0,0.0,0.0,0.5,0.0,0.0,1.0,8.909506043453897e-16,14.550327571438627,0.0
21.900000000000002,-3.147098650173468e-14,1.31953152929545,202.91112367254166,0.0,0.0,0.0,0.7071102625209346,-0.0005646184154573432,-0.7071102625209345,-0.0005646184154573434,6384998.859528042,12.984478115724057,-4.920644459296054e-15,-7.758452830198385e-22,2.0335912975661716e-06,6861.859541244805,0.0,-0.0015990074308446806,1.604804679517676e-16,-3.2558359148694636e-19,-7.317862780095801e-05,-4.1167537462038413e-22,-1.0464585009980795e-20,-7.317862780095801e-05,-3.9494190626847044e-22,-1.0465229903631195e-20,312.8815781651789,0.5993454316263088,41909.23926213194,243.59600759034672,0.649814437824096,1.5707963267948968,-0.06482261816784757,203.31496682092165,12387.563781528183,9.759128005984328,-1.8979583233246282e-14,1.644003334745227,202.91088168752464,3.6261994788536515e-15,1.463736744938757,-22.549271845544943,0.0,0.0,0.0,2.5337255053815543e-17,0.010227532008216864,0.15755797643239705,0.0,0.0,0.0,0.0,0.0,0.0,0.0,0.0,0.5,0.0,0.0,1.0,8.87230804127513e-16,14.489578623734413,0.0
22.0,-3.1573687264345e-14,1.3294844488050557,203.7317129111567,0.0,0.0,0.0,0.7071106823697169,-0.0005671969268091511,-0.7071106823697167,-0.0005671969268091512,6384978.52747942,13.149474860318884,-4.965342679722879e-15,-7.828954274912743e-22,2.059439167320626e-06,6841.527492960915,0.0,-0.0016063254170373892,1.2774530217988356e-16,-2.893802153579875e-19,-7.318062642588129e-05,8.249832028833436e-22,-1.3269510133460837e-20,-7.318062642588129e-05,8.462969617227713e-22,-1.3268167963021267e-20,312.9662607090836,0.6007272296517457,42028.58925570255,243.7278813658433,0.6522404886754162,1.5707963267948968,-0.06421546854277493,204.12926748139853,12515.780104698131,9.759190584422328,-1.2360319166386203e-14,1.656761387670276,203.73169357030469,3.663875825630625e-15,1.4650520095724027,-22.783559614481906,0.0,0.0,0.0,2.5600510071458962e-17,0.010236722124668063,0.15919500963814387,0.0,0.0,0.0,0.0,0.0,0.0,0.0,0.0,0.5,0.0,0.0,1.0,8.834958674498669e-16,14.428582478882745,0.0
22.1,-3.1679981308126003e-14,1.3394448842549567,204.55070018837225,0.0,0.0,0.0,0.7071109286064874,-0.0005697752900237861,-0.7071109286064873,-0.0005697752900237862,6384958.11358595,13.315745343435818,-5.178483130435356e-15,-8.165043333899042e-22,2.0854867186668463e-06,6821.113599835274,0.0,-0.0016136435709085627,1.0751309259930916e-16,-2.5320155169906313e-19,-7.318262772244769e-05,1.0361334337962102e-21,-1.3747512492056365e-20,-7.318262772244769e-05,1.0583159006275406e-21,-1.374582253996512e-20,313.0512519143838,0.6021181105582191,42148.8168656182,243.86028720105818,0.6546596660778095,1.5707963267948968,-0.0636123653431669,204.9420287018132,12644.85354560571,9.759253415364963,-8.251932903443086e-15,1.6695356072118723,204.55080480146094,3.701803726755615e-15,1.46627708913951,-23.01941165681597,0.0,0.0,0.0,2.586552276865442e-17,0.01024528209320648,0.1608429728531931,0.0,0.0,0.0,0.0,0.0,0.0,0.0,0.0,0.5,0.0,0.0,1.0,8.797458961186989e-16,14.367340799505822,0.0
22.200000000000003,-3.1791498086469825e-14,1.3494121869818276,205.36807510456717,0.0,0.0,0.0,0.7071109795434692,-0.0005723534864352077,-0.7071109795434691,-0.0005723534864352078,6384937.618007896,13.483291206761333,-5.560364848813623e-15,-8.767194077734966e-22,2.1117342115784186e-06,6800.618022131733,0.0,-0.0016209618949279351,1.0333031317338102e-16,-2.170559228046411e-19,-7.318463158117215e-05,1.6067232585248152e-22,-1.1753279292036915e-20,-7.318463158117215e-05,1.7972372429761866e-22,-1.1753003407463269e-20,313.1365832052664,0.6035145569645729,42269.525556800785,243.99322284774485,0.6570718675725926,1.5707963267948968,-0.06301325188471983,205.75323953198492,12774.711995781567,9.759316498326196,-7.412131044980954e-15,1.6823251717797663,205.3681911784939,3.739962071182724e-15,1.467402514855265,-23.256696694961416,0.0,0.0,0.0,2.613214563670652e-17,0.01025314575282325,0.1625009488048763,0.0,0.0,0.0,0.0,0.0,0.0,0.0,0.0,0.5,0.0,0.0,1.0,8.759809195740015e-16,14.3058540663952,0.0
22.3,-3.190951786057662e-14,1.3593857291063354,206.18381938314818,0.0,0.0,0.0,0.7071108215688592,-0.0005749315042867092,-0.7071108215688591,-0.0005749315042867093,6384917.040515383,13.652120166333019,-6.107103528365984e-15,-9.629284609571147e-22,2.13818285835743e-06,6780.040529978462,0.0,-0.0016282803944042616,1.826531858168792e-16,-3.2564717021508083e-19,-7.318663790290654e-05,3.616920272381499e-22,-1.2197716508102658e-20,-7.318663790290654e-05,3.815522991587639e-22,-1.2197111642033481e-20,313.22220163695073,0.6049225038141833,42391.38537123496,244.12669183125183,0.6594771371047978,1.5707963267948968,-0.062418093010787594,206.56288147253034,12905.485835996684,9.759379834023754,6.730929582927505e-15,1.6951293607454165,206.18382513040618,3.778389030109695e-15,1.4684412619753673,-23.49565209388387,0.0,0.0,0.0,2.6400645388292978e-17,0.010260403765205615,0.1641705960276205,0.0,0.0,0.0,0.0,0.0,0.0,0.0,0.0,0.5,0.0,0.0,1.0,8.722008955890039e-16,14.244121589935386,0.0
22.400000000000002,-3.203487045196467e-14,1.3693648169698611,206.9979303249531,0.0,0.0,0.0,0.7071104522544644,-0.0005775093413876675,-0.7071104522544643,-0.0005775093413876676,6384896.381663462,13.822227587222585,-6.808259159191064e-15,-1.0734856285116761e-21,2.1648319350440765e-06,6759.381678423533,0.0,-0.001635599074484035,1.6721436469651728e-16,-2.533398104688279e-19,-7.31886465639769e-05,1.534604887343757e-22,-1.1713548482783748e-20,-7.31886465639769e-05,1.7261937446798597e-22,-1.1713281623032018e-20,313.3081569116538,0.6063362014202263,42513.74778270082,244.26068858840142,0.6618753639476651,1.5707963267948968,-0.06182681849685941,207.37095104363252,13037.05171235197,9.759443420753623,9.957289005327653e-15,1.7079473499256657,206.9977010956637,3.8170484838159405e-15,1.469378988290262,-23.736053245587193,0.0,0.0,0.0,2.6670769644972312e-17,0.010266955917383044,0.16585034512346,0.0,0.0,0.0,0.0,0.0,0.0,0.0,0.0,0.5,0.0,0.0,1.0,8.684059261243833e-16,14.182145035270599,0.0
22.5,-3.2168026766076765e-14,1.3793487837878133,207.81039745051012,0.0,0.0,0.0,0.7071098773219829,-0.0005800870025210669,-0.7071098773219828,-0.000580087002521067,6384875.641615546,13.993614894654169,-7.649274398190207e-15,-1.206095829488172e-21,2.1916816677561787e-06,6738.641630880535,0.0,-0.0016429179421634937,7.059856581693171e-17,-3.254123152643792e-19,-7.319065745204426e-05,-3.426427171059828e-22,-1.0603174628534597e-20,-7.319065745204426e-05,-3.2522211667458086e-22,-1.060372325221718e-20,313.3944194055364,0.6077588340426422,42636.97331227493,244.39521315401163,0.6642665740786134,1.5707963267948968,-0.061239379942557425,208.1774373138718,13169.47919710894,9.759507258020097,-6.967699664485219e-16,1.720778426339296,207.80981050856306,3.855960797195433e-15,1.4702225108910434,-23.9780267877627,0.0,0.0,0.0,2.6942660701870784e-17,0.01027284984224964,0.16754108094484238,0.0,0.0,0.0,0.0,0.0,0.0,0.0,0.0,0.5,0.0,0.0,1.0,8.645960411987287e-16,14.119924892641603,0.0
22.6,-3.23091099653839e-14,1.3893369738289325,208.6212022513929,0.0,0.0,0.0,0.7071091107787609,-0.0005826644995569842,-0.7071091107787608,-0.0005826644995569843,6384854.820147287,14.166289607820456,-8.611129169144619e-15,-1.3577602982126858e-21,2.218733238054023e-06,6717.820163002858,0.0,-0.0016502370059784366,1.6211508315966953e-16,-2.894781500336703e-19,-7.319267046342382e-05,-3.537414580883513e-22,-1.0593076015866073e-20,-7.319267046342382e-05,-3.36259907814265e-22,-1.0593645354810265e-20,313.4809951601461,0.6091898532555166,42760.99951541495,244.53026679005035,0.6666506876166497,1.5707963267948968,-0.06065574953047584,208.98232163906727,13302.76166552181,9.759571346524034,1.107034563188557e-14,1.7336219728748696,208.6201417020951,3.895124028946896e-15,1.4709690112149216,-24.221560648562054,0.0,0.0,0.0,2.72163049945814e-17,0.010278065845730464,0.1692427191424366,0.0,0.0,0.0,0.0,0.0,0.0,0.0,0.0,0.5,0.0,0.0,1.0,8.607711996002369e-16,14.057460489008575,0.0
22.700000000000003,-3.245777914693897e-14,1.3993286848762063,209.43034209983162,0.0,0.0,0.0,0.7071081776501971,-0.000585241853793183,-0.707108177650197,-0.0005852418537931831,6384833.917814533,14.340246853709104,-9.668668911844035e-15,-1.5245129637267449e-21,2.2459858846925572e-06,6696.917830637345,0.0,-0.0016575562726838672,1.9866500578523793e-16,-2.5342562520848326e-19,-7.319468547311092e-05,1.4058904756592006e-22,-1.1698578853665118e-20,-7.319468547311092e-05,1.599797524335975e-22,-1.1698329814579753e-20,313.56789885914395,0.6106273497491896,42885.61156351649,244.66584524905545,0.6690276677169407,1.5707963267948968,-0.06007586550003179,209.78560070558407,13436.855708900672,9.759635684558875,3.441663729926457e-15,1.7464772942083346,209.42870558207963,3.934525460069092e-15,1.4716135196149793,-24.46657573575157,0.0,0.0,0.0,2.749161365193745e-17,0.010282569203532984,0.17095470707700997,0.0,0.0,0.0,0.0,0.0,0.0,0.0,0.0,0.5,0.0,0.0,1.0,8.56931503436316e-16,13.994753491912036,0.0
22.8,-3.2613346668235436e-14,1.4093232320237785,210.23780643650375,0.0,0.0,0.0,0.7071071110674639,-0.0005878190934616725,-0.7071071110674638,-0.0005878190934616725,6384812.934783843,14.515487841081917,-1.0792479902711074e-14,-1.7017161399160247e-21,2.2734397999317936e-06,6675.934800343588,0.0,-0.0016648757495628169,5.590771356960995e-17,-1.0854714764656477e-19,-7.319670236577814e-05,-1.962096200633622e-22,-1.0944349816302595e-20,-7.319670236577814e-05,-1.7798837394903294e-22,-1.0944661312957428e-20,313.6550899502386,0.6120757335009354,43011.30926967785,244.80194896115492,0.6713975648162819,1.5707963267948968,-0.05949968690877188,210.58726358482204,13571.85992536363,9.759700271619266,2.3139875931534762e-15,1.7593438000723212,210.23551016421587,3.97419395505707e-15,1.4721657421638585,-24.7132515412068,0.0,0.0,0.0,2.776878835812023e-17,0.010286427734661515,0.17267829890776065,0.0,0.0,0.0,0.0,0.0,0.0,0.0,0.0,0.5,0.0,0.0,1.0,8.530769833034667e-16,13.931804401030764,0.0
22.900000000000002,-3.2774761831615383e-14,1.4193199314262905,211.04357651999462,0.0,0.0,0.0,0.7071059530536065,-0.0005903962543985636,-0.7071059530536064,-0.0005903962543985637,6384791.870836443,14.69201988915498,-1.1948191359739604e-14,-1.8839504742096715e-21,2.3010961340982974e-06,6654.870853347083,0.0,-0.0016721954441229457,1.772098840419973e-16,-2.8952883785680725e-19,-7.319872103302268e-05,1.100126795532879e-22,-1.1664091355623938e-20,-7.319872103302268e-05,1.295175042349034e-22,-1.1663890925854643e-20,313.7426172756856,0.6135297026441076,43137.49170296313,244.9385775289811,0.6737602071589821,1.5707963267948968,-0.058927192573783115,211.3872914722698,13707.662100803513,9.759765108389045,1.1681366694337536e-16,1.7722209928415908,211.0405608683321,4.014096650626089e-15,1.4726114069383687,-24.961383706853756,0.0,0.0,0.0,2.80475994883029e-17,0.01028954171725572,0.17441206672850945,0.0,0.0,0.0,0.0,0.0,0.0,0.0,0.0,0.5,0.0,0.0,1.0,8.492075990134647e-16,13.868612560041248,0.0
23.0,-3.2940529771066086e-14,1.4293180725705081,211.84764979508196,0.0,0.0,0.0,0.7071047556910656,-0.0005929733810507561,-0.7071047556910655,-0.0005929733810507562,6384770.726528932,14.869837889963584,-1.3096149108470667e-14,-2.0649634605880426e-21,2.328954089149508e-06,6633.726546247801,0.0,-0.0016795153604642484,1.5567069632411123e-16,-2.8948456793081237e-19,-7.320074134841068e-05,-1.925880535006499e-21,-7.199853028786935e-21,-7.320074134841068e-05,-1.9137854649010292e-21,-7.20307737676854e-21,313.8304348367637,0.61499408894674,43264.70789547108,245.07572900102258,0.6761156885679247,1.5707963267948968,-0.058358328294380986,212.18568120529036,13844.36807262166,9.759830193159255,4.640614800560811e-15,1.785108318487434,211.84388576461012,4.054264528551279e-15,1.4729617646578081,-25.211164890728426,0.0,0.0,0.0,2.832826352068613e-17,0.010291989763191768,0.17615735669404584,0.0,0.0,0.0,0.0,0.0,0.0,0.0,0.0,0.5,0.0,0.0,1.0,8.453234528120659e-16,13.8051796387434,0.0
23.1,-3.310880429613165e-14,1.4393169524293115,212.65001562259272,0.0,0.0,0.0,0.7071035795204884,-0.000595550525099284,-0.7071035795204883,-0.0005955505250992841,6384749.502031019,15.048942835807225,-1.4192083044848252e-14,-2.2377746866068207e-21,2.357013823485513e-06,6612.502048754133,0.0,-0.0016868355019167165,1.9242998894226266e-16,-2.172958135316796e-19,-7.320276319348211e-05,1.1482180866070075e-21,-1.3955712282425737e-20,-7.320276319348211e-05,1.1717574327980344e-21,-1.395375557342691e-20,313.91857232314237,0.6164654922148096,43392.5725164171,245.21340112236032,0.6784639095013861,1.5707963267948968,-0.05779305980966012,212.9824218434528,13981.903415752491,9.759895525414867,-3.203036876078147e-15,1.7980053236147835,212.64551037665308,4.094675785766764e-15,1.4732077210686638,-25.462459511966497,0.0,0.0,0.0,2.861062811124026e-17,0.010293708328414204,0.17791322146350794,0.0,0.0,0.0,0.0,0.0,0.0,0.0,0.0,0.5,0.0,0.0,1.0,8.414245758741964e-16,13.741506146262399,0.0
23.200000000000003,-3.327734408762552e-14,1.4493158587810704,213.45065502696852,0.0,0.0,0.0,0.7071024949771677,-0.0005981277466855433,-0.7071024949771676,-0.0005981277466855434,6384728.197129544,15.229341842793671,-1.51860567450186e-14,-2.394510196132483e-21,2.3852764557071295e-06,6591.197147707144,0.0,-0.0016941558706430986,2.0370849898742863e-16,-3.980310999641291e-19,-7.320478645492287e-05,3.936921089366673e-21,-2.0039615519213566e-20,-7.320478645492287e-05,3.970863072414629e-21,-2.0032918196047468e-20,314.00702011145734,0.6179451119330192,43521.22161337855,245.35159567646568,0.6808048229909887,1.5707963267948968,-0.05723137190348137,213.77749440744225,14120.299705018702,9.759961105822565,1.8028052533321965e-14,1.8109116462957309,213.4454583890954,4.1353396615054644e-15,1.4733506270839385,-25.715325024101887,0.0,0.0,0.0,2.8894757817031796e-17,0.010294706852124457,0.17968006248057006,0.0,0.0,0.0,0.0,0.0,0.0,0.0,0.0,0.5,0.0,0.0,1.0,8.375109290431946e-16,13.677591443121432,0.0
23.3,-3.344351707786908e-14,1.4593140730785013,214.24956552669002,0.0,0.0,0.0,0.7071015808040375,-0.0006007051130663187,-0.7071015808040374,-0.0006007051130663188,6384706.812381814,15.411029571137563,-1.6024131356334316e-14,-2.526664817320652e-21,2.4137411514619855e-06,6569.812400413677,0.0,-0.001701476463885852,1.1969688670008348e-16,-2.1713241506796544e-19,-7.320681100476403e-05,-6.846498955962359e-22,-9.980295000550988e-21,-7.320681100476403e-05,-6.676670098582612e-22,-9.981445161833944e-21,314.0957657627478,0.619434043848784,43650.78065843303,245.49030943360134,0.6831384520193661,1.5707963267948968,-0.05667321708918506,214.5708958718978,14259.580434425434,9.76002693267113,-1.151673958085453e-14,1.823826886049203,214.24377570177617,4.176263024178283e-15,1.4733927327040999,-25.969804137875002,0.0,0.0,0.0,2.9180700629540496e-17,0.010295001055695838,0.1814581781769456,0.0,0.0,0.0,0.0,0.0,0.0,0.0,0.0,0.5,0.0,0.0,1.0,8.335826146946666e-16,13.613437201241032,0.0
23.400000000000002,-3.3604318528457077e-14,1.4693108741732186,215.04673640273336,0.0,0.0,0.0,0.7071009249512196,-0.0006032826993716691,-0.7071009249512195,-0.0006032826993716692,6384685.347960685,15.594006796676053,-1.6647180394260614e-14,-2.6249152862861938e-21,2.442408035288048e-06,6548.347979729064,0.0,-0.0017087972767817219,1.5275484298971408e-16,-3.256389046202785e-19,-7.320883672125928e-05,9.604636738481315e-23,-1.170779628856745e-20,-7.320883672125928e-05,1.1605246783640575e-22,-1.1707615071567336e-20,314.18483763743427,0.6209290204922421,43780.878966078104,245.6295401665301,0.6854646993489127,1.5707963267948968,-0.056118567056372054,215.36261527113086,14399.671853254671,9.760093005435872,5.17076480962007e-15,1.8367507405157795,215.04050625452876,4.217424263454797e-15,1.4733253237879997,-26.225762470933685,0.0,0.0,0.0,2.94683055514324e-17,0.01029453005102274,0.18324662958610732,0.0,0.0,0.0,0.0,0.0,0.0,0.0,0.0,0.5,0.0,0.0,1.0,8.296396645816221e-16,13.549043939187193,0.0
23.5,-3.3756299737274605e-14,1.4793055212051511,215.84214844424142,0.0,0.0,0.0,0.7071006266628038,-0.0006058605903875268,-0.7071006266628037,-0.0006058605903875268,6384663.803658661,15.778280429276924,-1.6989486857036076e-14,-2.6788990209134135e-21,2.4712781935682595e-06,6526.803678157429,0.0,-0.0017161183017700946,1.1058571297673296e-16,-1.4483605575068254e-19,-7.321086348597809e-05,3.8715271647806632e-22,-1.2316618322481364e-20,-7.321086348597809e-05,4.082893095681549e-22,-1.2315935602077561e-20,314.2741878247705,0.6224355481678715,43912.142316106234,245.76929108056183,0.6877836015438359,1.5707963267948968,-0.05556741192178926,216.15263343756706,14540.706129333365,9.760159324766159,-1.71088961218421e-15,1.8496829998702562,215.8356931697713,4.2588620796279436e-15,1.473159922776707,-26.483440678385577,0.0,0.0,0.0,2.9757842992319144e-17,0.01029337434857622,0.18504709823161122,0.0,0.0,0.0,0.0,0.0,0.0,0.0,0.0,0.5,0.0,0.0,1.0,8.256820405876869e-16,13.484411034472288,0.0
23.6,-3.389570819637688e-14,1.4892972878551372,216.63579924455303,0.0,0.0,0.0,0.7071007909456678,-0.0006084388758413105,-0.7071007909456677,-0.0006084388758413106,6384642.180033711,15.963844900465865,-1.6983042149885035e-14,-2.677891950656702e-21,2.5003507561280895e-06,6505.180053668407,0.0,-0.001723439525094529,1.5653296281069608e-16,-3.2565731391613245e-19,-7.321289116930338e-05,4.280469365948255e-22,-1.2418653699350783e-20,-7.321289116930338e-05,4.494491006894813e-22,-1.2417897538003351e-20,314.363866986221,0.6239476226545666,44043.88895828639,245.9095565366952,0.6900950445963302,1.5707963267948968,-0.055019710120684406,216.94094747078762,14682.541822937133,9.760225888948654,4.3476397961578764e-15,1.8626234292008264,216.62940081122537,4.3005350330311755e-15,1.4728819443500576,-26.74258107051681,0.0,0.0,0.0,3.004902340183077e-17,0.01029143203670492,0.1868577835644133,0.0,0.0,0.0,0.0,0.0,0.0,0.0,0.0,0.5,0.0,0.0,1.0,8.2170984521022e-16,13.419540161005221,0.0
23.700000000000003,-3.401802183860422e-14,1.4992808973163494,217.42656114287442,0.0,0.0,0.0,0.7071014877074077,-0.000611017617005328,-0.7071014877074075,-0.0006110176170053281,6384620.429348512,16.15149276352568,-1.6557808918007597e-14,-2.610849982462444e-21,2.529749879765261e-06,6483.429368941112,0.0,-0.0017307610590937869,1.5713407029899639e-16,-3.25662800956141e-19,-7.321491863919997e-05,-4.853793236949184e-22,-1.0457304426299893e-20,-7.321491863919997e-05,-4.672795104619493e-22,-1.045812883891207e-20,314.45402888182974,0.625473586291739,44176.97956225313,246.05064788069998,0.6923950839924141,1.5707963267948968,-0.05447507158330116,217.7264237393875,14825.223753910375,9.760292844943232,4.233798352815283e-15,1.8755652079129488,217.4205476375379,4.3424563265312175e-15,1.4724852473935328,-27.00326574844527,0.0,0.0,0.0,3.034193903203549e-17,0.010288660205749357,0.1886792592476493,0.0,0.0,0.0,0.0,0.0,0.0,0.0,0.0,0.5,0.0,0.0,1.0,8.177143092456384e-16,13.354288106823338,0.0
23.8,-3.412216885604567e-14,1.509236120573661,218.20975992289638,0.0,0.0,0.0,0.7071021402309703,-0.0006135963301153209,-0.7071021402309702,-0.000613596330115321,6384598.352000973,16.344531583851108,-1.6402378337740437e-14,-2.5863505543962704e-21,2.559993704347795e-06,6461.352021893486,0.0,-0.0017380834525683607,1.461346662875389e-16,-2.5335774664141777e-19,-7.321694148186454e-05,4.2557504391078665e-24,-1.1500720669023461e-20,-7.321694148186454e-05,2.4245385050494037e-23,-1.1500695694259132e-20,314.5455308415362,0.6270240554236294,44312.24978876917,246.19385873884704,0.6946668808513858,1.5707963267948968,-0.05393186909701718,218.50436345964232,14968.368879863687,9.76036080721768,6.667554121565649e-15,1.8884770739181875,218.2041071571346,4.384514158883846e-15,1.4718890161720715,-27.26479948382973,0.0,0.0,0.0,3.0635808696830115e-17,0.010284494173897742,0.19050666752931064,0.0,0.0,0.0,0.0,0.0,0.0,0.0,0.0,0.5,0.0,0.0,1.0,8.136587663863073e-16,13.288056065680458,0.0
23.900000000000002,-3.4247978139236856e-14,1.5192120636262718,218.9976485000862,0.0,0.0,0.0,0.7071028936412767,-0.0006161751244188122,-0.7071028936412765,-0.0006161751244188123,6384576.474270718,16.53426497405277,-1.6267009084460957e-14,-2.56501418417956e-21,2.589719935648245e-06,6439.474292127726,0.0,-0.0017454052959615962,1.693345317188162e-16,-2.895620445038406e-19,-7.321897063123462e-05,6.116793182672091e-22,-1.2794450130073163e-20,-7.321897063123462e-05,6.340106677533034e-22,-1.2793362640010382e-20,314.6361774326876,0.6285636939103662,44446.66045928764,246.33577579693838,0.6969544389339442,1.5707963267948968,-0.0533940221522461,219.28708117396752,15112.817315783348,9.760428155690667,1.609008296112028e-15,1.901429765774479,218.99242159692957,4.42695365928769e-15,1.4712833538607208,-27.528706595718102,0.0,0.0,0.0,3.093234518147729e-17,0.010280262244422083,0.19235065924665143,0.0,0.0,0.0,0.0,0.0,0.0,0.0,0.0,0.5,0.0,0.0,1.0,8.096398926267698e-16,13.222422876383177,0.0
24.0,-3.4415020484114226e-14,1.5291896116956307,219.7855735443761,0.0,0.0,0.0,0.7071036000556065,-0.000618753879408658,-0.7071036000556064,-0.0006187538794086581,6384554.596907946,16.723985175779468,-1.5570174758374776e-14,-2.4551444386746577e-21,2.619444304515883e-06,6417.596929850057,0.0,-0.0017527271270525913,1.6232727936288217e-16,-2.1726743671230866e-19,-7.322100185960051e-05,5.332498945965567e-22,-1.2638875896361594e-20,-7.322100185960051e-05,5.554015648076942e-22,-1.2637921841644952e-20,314.726792267928,0.6301067450395542,44581.460923464874,246.47769162843338,0.6992410701010622,1.5707963267948968,-0.052859974721740095,220.06989901490067,15258.27441423507,9.760495503723897,3.110290568485938e-15,1.9143954432960837,219.780746477198,4.4696888866442935e-15,1.470597710250077,-27.794452665305496,0.0,0.0,0.0,3.123094799183878e-17,0.010275471463567304,0.19420750026820863,0.0,0.0,0.0,0.0,0.0,0.0,0.0,0.0,0.5,0.0,0.0,1.0,8.056210863736998e-16,13.156790789550172,0.0
24.1,-3.4609483147872124e-14,1.5391578677530173,220.57097600562716,0.0,0.0,0.0,0.7071041776098389,-0.0006213325277519447,-0.7071041776098388,-0.0006213325277519448,6384532.610661385,16.915499268166354,-1.445491673653527e-14,-2.2792956401149418e-21,2.6494498973990017e-06,6395.610683792891,0.0,-0.0017600492433287645,1.7621777194091538e-16,-2.534490601508029e-19,-7.322303277903837e-05,-1.3200293260948695e-21,-8.753611231002373e-21,-7.322303277903837e-05,-1.3046197982737613e-21,-8.755920652003703e-21,314.8178464268284,0.6316588094836052,44717.08453799861,246.62031422344705,0.7015175498057952,1.5707963267948968,-0.05232886469647128,220.8502449237153,15404.527213762132,9.760563187648785,-1.390511328324898e-17,1.9273583761332342,220.56647141446365,4.512657657414444e-15,1.469786677604415,-28.0616510085338,0.0,0.0,0.0,3.1531182634389784e-17,0.010269804554970592,0.19607448872590724,0.0,0.0,0.0,0.0,0.0,0.0,0.0,0.0,0.5,0.0,0.0,1.0,8.015822784948236e-16,13.090832051378673,0.0
24.200000000000003,-3.478365451986237e-14,1.5491143821277624,221.35345083733367,0.0,0.0,0.0,0.7071046130551242,-0.0006239110574289521,-0.7071046130551241,-0.0006239110574289522,6384510.498848369,17.10908677849078,-1.3798218061853349e-14,-2.1757529653005036e-21,2.6797805068524234e-06,6373.498871293849,0.0,-0.0017673716916987658,1.6776651610566394e-16,-2.17291187196949e-19,-7.322506287895868e-05,1.8044547071809141e-22,-1.1940841589469621e-20,-7.322506287895868e-05,2.0154873237572532e-22,-1.1940504195200412e-20,314.9093735679134,0.6332251147185208,44854.0965692957,246.76375315966575,0.7037825142181996,1.5707963267948968,-0.05180050335779805,221.62771134396303,15551.64379303399,9.760631258830195,1.8052242925614075e-15,1.9403152120417122,221.3491821908527,4.555879939202596e-15,1.468852803138872,-28.330425792576815,0.0,0.0,0.0,3.183318862828521e-17,0.010263279316726062,0.19795249221000816,0.0,0.0,0.0,0.0,0.0,0.0,0.0,0.0,0.5,0.0,0.0,1.0,7.97520404434779e-16,13.02449661388155,0.0
24.3,-3.4893795442491035e-14,1.5590634740131666,222.13430928269344,0.0,0.0,0.0,0.707104953724175,-0.0006264895057700228,-0.7071049537241749,-0.0006264895057700229,6384488.318518959,17.30381019077597,-1.4464117301600144e-14,-2.2807623444807055e-21,2.710289271035529e-06,6351.318542408757,0.0,-0.0017746943166570548,1.5768068361211535e-16,-3.2568944597008364e-19,-7.322709318240067e-05,6.488104330727507e-22,-1.2907249700215413e-20,-7.322709318240067e-05,6.717158220083722e-22,-1.2906077934687924e-20,315.0011843179939,0.6347962733581112,44991.53315055815,246.90763656046772,0.7060405703562493,1.5707963267948968,-0.05127529652949027,222.4036158387704,15699.580944401578,9.760699541648911,4.064810781516379e-15,1.95327274522017,222.1302188208276,4.5993429623707224e-15,1.467803146597029,-28.60069761031949,0.0,0.0,0.0,3.213687674854517e-17,0.010255945077207614,0.19984095588111578,0.0,0.0,0.0,0.0,0.0,0.0,0.0,0.0,0.5,0.0,0.0,1.0,7.9344594411880445e-16,12.957955627226273,0.0
24.400000000000002,-3.504430294221758e-14,1.5690040949407855,222.91345835062214,0.0,0.0,0.0,0.7071052333586456,-0.000629067901946079,-0.7071052333586455,-0.0006290679019460791,6384466.066303241,17.499727537669386,-1.4268961754508477e-14,-2.24999729754253e-21,2.7409852849222784e-06,6329.066327224486,0.0,-0.0017820171278056015,1.530186451227151e-16,-2.8954105355600403e-19,-7.322912350290682e-05,-4.676649441742072e-22,-1.0577402219034253e-20,-7.322912350290682e-05,-4.488149071976814e-22,-1.0578218718541203e-20,315.0932370931671,0.636378903188945,45130.14440667071,247.05198842055398,0.7082915088884045,1.5707963267948968,-0.050753203917812954,223.1778650042988,15848.496055994612,9.760768046489511,5.0898562019973155e-15,1.9662299606778795,222.90950896213513,4.643092835098938e-15,1.466649785066663,-28.872753182305942,0.0,0.0,0.0,3.2442569165730446e-17,0.010247886222355708,0.20174188313468527,0.0,0.0,0.0,0.0,0.0,0.0,0.0,0.0,0.5,0.0,0.0,1.0,7.893582785039008e-16,12.891198981673455,0.0
24.5,-3.5211493354316117e-14,1.5789349325762063,223.69074786018854,0.0,0.0,0.0,0.7071054613539689,-0.0006316462540514709,-0.7071054613539688,-0.000631646254051471,6384443.736393478,17.69693740768036,-1.34275290518014e-14,-2.117323668629086e-21,2.7718839949947536e-06,6306.736418005079,0.0,-0.0017893401416656423,1.575961968722249e-16,-2.534180765043491e-19,-7.323115357929615e-05,1.6046162879682757e-22,-1.1904496631683513e-20,-7.323115357929615e-05,1.8176346973809803e-22,-1.1904190012727266e-20,315.18560776231834,0.6379674620018065,45269.285719652114,247.19684442281334,0.7105346855197331,1.5707963267948968,-0.05023412759919165,223.95030735479497,15998.22864871493,9.760836791235288,4.039342141183136e-15,1.9791852348953705,223.68690796796454,4.687082547450742e-15,1.4653762269580388,-29.146300180482047,0.0,0.0,0.0,3.2749937408459885e-17,0.01023898752088817,0.20365323139404376,0.0,0.0,0.0,0.0,0.0,0.0,0.0,0.0,0.5,0.0,0.0,1.0,7.852563407262813e-16,12.824209254015237,0.0
24.6,-3.535801346860618e-14,1.5888551875192307,224.46616687772652,0.0,0.0,0.0,0.7071056465608699,-0.0006342245694589211,-0.7071056465608698,-0.0006342245694589212,6384421.32897561,17.8954395819308,-1.2591509680439496e-14,-1.9855027375632217e-21,2.802985370133033e-06,6284.329000690952,0.0,-0.0017966633581987653,1.5908842995728353e-16,-3.257073630895954e-19,-7.323318327703634e-05,4.80900901577041e-22,-1.2577597588969203e-20,-7.323318327703634e-05,5.034978219680892e-22,-1.2576713272173096e-20,315.2782575638228,0.6395663245008489,45409.45826951956,247.3422048242686,0.7127701522364914,1.5707963267948968,-0.04971803393970874,224.72093164062176,16148.88888026764,9.760905775321309,3.693461952942733e-15,1.9921377527740785,224.4624101821944,4.731344366584737e-15,1.4639915764190168,-29.42153925595241,0.0,0.0,0.0,3.30592069362627e-17,0.010229312585994986,0.20557640266375382,0.0,0.0,0.0,0.0,0.0,0.0,0.0,0.0,0.5,0.0,0.0,1.0,7.8114016494264555e-16,12.756987002072854,0.0
24.700000000000003,-3.54569606685843e-14,1.5987639885117553,225.2396954964722,0.0,0.0,0.0,0.7071057971563524,-0.0006368028550649001,-0.7071057971563522,-0.0006368028550649002,6384398.8438658,18.095239965146312,-1.2389629400535069e-14,-1.953676004268654e-21,2.8342903396062146e-06,6261.843891442753,0.0,-0.0018039867783186064,1.4102889005360312e-16,-2.895208613475225e-19,-7.32352124563812e-05,-7.5144762536462985e-22,-1.0021456636981859e-20,-7.32352124563812e-05,-7.333667081862307e-22,-1.0022795384411565e-20,315.37121070751846,0.6411727967195999,45550.353331452236,247.4880699145425,0.7149977853823626,1.5707963267948968,-0.04920490376574786,225.48971789180496,16300.41340049335,9.760974999324613,-5.407102189921845e-16,2.005086662906948,225.23600062744342,4.775859728308457e-15,1.4624880201716104,-29.69835496856408,0.0,0.0,0.0,3.337024803601028e-17,0.01021880682414971,0.2075105903316542,0.0,0.0,0.0,0.0,0.0,0.0,0.0,0.0,0.5,0.0,0.0,1.0,7.770097173822529e-16,12.68953167432826,0.0
24.8,-3.549979961867233e-14,1.608660563292272,226.01133196839902,0.0,0.0,0.0,0.7071059419892075,-0.0006393811379959594,-0.7071059419892074,-0.0006393811379959596,6384376.281624767,18.296331949121722,-1.3266375887143362e-14,-2.0919344415330306e-21,2.865797870344348e-06,6239.28165098435,0.0,-0.0018113104050199785,1.5969578750616742e-16,-2.5343858068374045e-19,-7.323724098099291e-05,-3.103096477955729e-22,-1.0906807027353802e-20,-7.323724098099291e-05,-2.905542181638383e-22,-1.0907351534049432e-20,315.4644543886508,0.642788065467633,45692.108322520085,247.63443646209808,0.7172176136638185,1.5707963267948968,-0.04869469326843227,226.25666383449064,16452.829872659095,9.761044461522983,3.68276203850585e-15,2.018031255851095,226.00769576719003,4.820636728636687e-15,1.4608679558842637,-29.976797662827686,0.0,0.0,0.0,3.3683117276789e-17,0.010207486988522505,0.20945614616871447,0.0,0.0,0.0,0.0,0.0,0.0,0.0,0.0,0.5,0.0,0.0,1.0,7.728651010484064e-16,12.62184495295305,0.0
24.900000000000002,-3.555126268776554e-14,1.6185441087186088,226.7810650075184,0.0,0.0,0.0,0.7071062662371864,-0.0006419595976746707,-0.7071062662371863,-0.0006419595976746708,6384353.642441756,18.498715033649077,-1.4140745116797473e-14,-2.229819022700842e-21,2.8975078871918976e-06,6216.642468556762,0.0,-0.0018186342703903763,1.5657371536337334e-16,-3.257145377232937e-19,-7.323926871663795e-05,6.021057170027234e-22,-1.2762148526496941e-20,-7.323926871663795e-05,6.25314389171592e-22,-1.2761032412054691e-20,315.55798464747784,0.644412485857142,45834.76430891794,247.78130336188943,0.7194296110781625,1.5707963267948968,-0.04818739781710429,227.02175816754374,16606.148464711965,9.761114161341347,4.473062276815548e-15,2.0309717373309577,226.77760305293177,4.865678328689974e-15,1.4591312035707666,-30.25688575226754,0.0,0.0,0.0,3.399783534876415e-17,0.01019535182150012,0.21141319883530327,0.0,0.0,0.0,0.0,0.0,0.0,0.0,0.0,0.5,0.0,0.0,1.0,7.687063507041176e-16,12.553927405670287,0.0
25.0,-3.5628564277618576e-14,1.6284137379879449,227.54887416723147,0.0,0.0,0.0,0.7071067455241956,-0.0006445382100581715,-0.7071067455241955,-0.0006445382100581717,6384330.9261389645,18.70239486554209,-1.4699868076220313e-14,-2.3179940393048295e-21,2.929421279095687e-06,6193.926166357784,0.0,-0.0018259583645750994,1.2821986983339207e-16,-3.2563604342818834e-19,-7.32412955203595e-05,3.9614549316877876e-22,-1.2322497722335585e-20,-7.32412955203595e-05,4.186451291344306e-22,-1.2321753863955649e-20,315.65181749675423,0.6460443073569331,45978.12058629523,247.92867117911507,0.7216336704965094,1.5707963267948968,-0.04768299342225118,227.7849803205158,16760.3280923056,9.761184099338251,-5.86036918940272e-15,2.0439070726381963,227.54568752475947,4.910972488728971e-15,1.4572721517000657,-30.538544368593254,0.0,0.0,0.0,3.431431812695902e-17,0.010182362113768675,0.21338122520604377,0.0,0.0,0.0,0.0,0.0,0.0,0.0,0.0,0.5,0.0,0.0,1.0,7.645334336876511e-16,12.48577849907335,0.0
25.1,-3.572993979727859e-14,1.6382686851833983,228.3147575074168,0.0,0.0,0.0,0.7071073014513398,-0.0006471168985999556,-0.7071073014513397,-0.0006471168985999557,6384308.13327769,18.907364596848552,-1.4994906758877348e-14,-2.3645266220860783e-21,2.9615369754153116e-06,6171.133305687146,0.0,-0.0018332826681743495,1.8333694537844978e-16,-3.2580286281092995e-19,-7.324332125589954e-05,1.9170871355659266e-22,-1.1902050380860024e-20,-7.324332125589954e-05,2.1352824647226583e-22,-1.1901678900315576e-20,315.7459225441062,0.6476867628468407,46122.549271851065,248.07653735778874,0.7238298602766325,1.5707963267948968,-0.0471814210400271,228.5463276592763,16915.450128864046,9.761254273789614,2.3802613143752444e-14,2.0568359528264697,228.3118976117503,4.956543051091497e-15,1.455297778869493,-30.821921773741355,0.0,0.0,0.0,3.4632732204358354e-17,0.010168566626710871,0.21536126122794394,0.0,0.0,0.0,0.0,0.0,0.0,0.0,0.0,0.5,0.0,0.0,1.0,7.603464531080951e-16,12.41739991706144,0.0
25.200000000000003,-3.5853668141692806e-14,1.6481081151402386,229.07870392066977,0.0,0.0,0.0,0.7071078668981079,-0.0006496955977503116,-0.7071078668981078,-0.0006496955977503118,6384285.264050472,19.11362349241581,-1.5072029955114486e-14,-2.376696645430193e-21,2.9938548642220573e-06,6148.264079082756,0.0,-0.001840607167737606,1.653954169138841e-16,-2.1733476060685827e-19,-7.324534578227648e-05,6.14294193906779e-22,-1.2757146317644017e-20,-7.324534578227648e-05,6.377740350373688e-22,-1.2755994034440358e-20,315.8403383150482,0.6493352566248828,46267.52337769246,248.22489912905442,0.7260180567318157,1.5707963267948968,-0.046682638159365,229.30578866101052,17071.395548068434,9.761324684110207,-2.287777498963373e-14,2.0697570929241027,229.07617920759267,5.002355138428623e-15,1.453196766744572,-31.106801085318356,0.0,0.0,0.0,3.495283388331381e-17,0.01015388627600465,0.21735179148395284,0.0,0.0,0.0,0.0,0.0,0.0,0.0,0.0,0.5,0.0,0.0,1.0,7.561454443340888e-16,12.34879223724827,0.0
25.3,-3.5998030855303964e-14,1.6579311036300581,229.84069286875925,0.0,0.0,0.0,0.7071083844298142,-0.0006522742514010354,-0.707108384429814,-0.0006522742514010355,6384262.318285656,19.32117691244791,-1.4973508692206913e-14,-2.361169447440708e-21,3.0263757896428185e-06,6125.31831489224,0.0,-0.0018479318549137727,9.187798411138574e-17,-2.5325724819740295e-19,-7.324736895042361e-05,-1.5033975605815347e-23,-1.1489851124683477e-20,-7.324736895042361e-05,6.199125347063641e-24,-1.1489858980233712e-20,315.93501426241846,0.6509958067552224,46413.734155540566,248.3737595919916,0.728198305325105,1.5707963267948968,-0.04618661770836705,230.06334263915718,17228.32614968892,9.76139533083976,-6.082766124795669e-15,2.0826692032362333,229.83847450198058,5.048456161420383e-15,1.4509809362446422,-31.393477123374467,0.0,0.0,0.0,3.5274954435312033e-17,0.010138403657671009,0.2193548759630067,0.0,0.0,0.0,0.0,0.0,0.0,0.0,0.0,0.5,0.0,0.0,1.0,7.519303758336027e-16,12.279954944676717,0.0
25.400000000000002,-3.616102383138911e-14,1.6677368772231471,230.60072253162414,0.0,0.0,0.0,0.7071088073055903,-0.0006548528138512347,-0.7071088073055902,-0.0006548528138512348,6384239.296545132,19.53001773413009,-1.4740020672089213e-14,-2.324359208378817e-21,3.0590986379629614e-06,6102.296575004234,0.0,-0.001855256723297043,1.605325647378992e-16,-2.534699912137109e-19,-7.324939062332054e-05,-4.903067892720958e-23,-1.1429972544145799e-20,-7.324939062332054e-05,-2.7823877290760865e-23,-1.1430043243732727e-20,316.0300036912259,0.6526618551314829,46560.429051752966,248.52311294666274,0.7303704832218828,1.5707963267948968,-0.045693308518227525,230.818987168704,17386.0664639176,9.761466212252264,1.2161276295898674e-14,2.095571126725689,230.59875086188018,5.094794698592734e-15,1.4486353301364434,-31.681630127013026,0.0,0.0,0.0,3.5598734564343364e-17,0.010122014261399293,0.22136828040760204,0.0,0.0,0.0,0.0,0.0,0.0,0.0,0.0,0.5,0.0,0.0,1.0,7.477013508239056e-16,12.210889725012704,0.0
25.5,-3.634066276738565e-14,1.6775245812494262,231.35878176141014,0.0,0.0,0.0,0.7071090989504655,-0.00065743124931069,-0.7071090989504654,-0.0006574312493106901,6384216.199024798,19.7401449381269,-1.4407963581416894e-14,-2.2720052809992754e-21,3.0920232527650514e-06,6079.199055316858,0.0,-0.0018625817706001725,9.751027744196412e-17,-3.255597471418729e-19,-7.325141065714689e-05,7.487100948832248e-22,-1.3058207373646771e-20,-7.325141065714689e-05,7.730307611148686e-22,-1.3056790189848083e-20,316.1252511517373,0.6543398216812917,46708.34717962345,248.67296004303327,0.7325346833907023,1.5707963267948968,-0.04520267505623097,231.57271076424414,17544.787586429582,9.761537327752142,-7.52987365297007e-15,2.1084617164375805,231.35697259233982,5.14142088360816e-15,1.4461732438185566,-31.971571848963166,0.0,0.0,0.0,3.592452456812322e-17,0.010104810985803288,0.22339418311996898,0.0,0.0,0.0,0.0,0.0,0.0,0.0,0.0,0.5,0.0,0.0,1.0,7.434584052908973e-16,12.141597165950575,0.0
25.6,-3.653493608363848e-14,1.6872932595198193,232.1148498179666,0.0,0.0,0.0,0.707109232087557,-0.0006600095310506668,-0.7071092320875569,-0.0006600095310506669,6384193.025559213,19.95156358439663,-1.4010318694085344e-14,-2.2093083586017787e-21,3.12515043121719e-06,6056.025590388725,0.0,-0.001869906998069486,1.22661236716655e-16,-2.5336191796168466e-19,-7.325342889785225e-05,-9.50000244140044e-22,-9.665393545054825e-21,-7.325342889785225e-05,-9.319257189109839e-22,-9.667153314899968e-21,316.22080573570935,0.6560240181358882,46856.833676163216,248.82330007545087,0.7346907215872066,1.5707963267948968,-0.044714696502043225,232.32449260593486,17704.34143440141,9.761608677860115,-1.3468954793910998e-14,2.121339810065772,232.11310020233307,5.188291318841673e-15,1.4435803894180894,-32.26303242408122,0.0,0.0,0.0,3.625202121548645e-17,0.010086693997577697,0.2254306984779802,0.0,0.0,0.0,0.0,0.0,0.0,0.0,0.0,0.5,0.0,0.0,1.0,7.392015088434885e-16,12.072076771166174,0.0
25.700000000000003,-3.6741603965488873e-14,1.6970421313739823,232.86892500187784,0.0,0.0,0.0,0.7071091911921035,-0.0006625876437853383,-0.7071091911921034,-0.0006625876437853384,6384169.776710806,20.164266279373383,-1.3577420784845718e-14,-2.141051881474396e-21,3.1584790171707766e-06,6032.776742651126,0.0,-0.0018772324073844965,1.6697976271733364e-16,-2.89645829720987e-19,-7.325544520754207e-05,7.122626551074468e-22,-1.3027606655738578e-20,-7.325544520754207e-05,7.367179159041523e-22,-1.3026246276095556e-20,316.31662600194096,0.6577190366008104,47006.41884872446,248.9741309170473,0.7368386946675913,1.5707963267948968,-0.04422932872663624,233.0743304632671,17864.848780041433,9.761680260848387,1.0554431663447038e-14,2.13420441644186,232.867120746285,5.235441390079724e-15,1.440866602137198,-32.55623189644443,0.0,0.0,0.0,3.6581471756674477e-17,0.010067732017990327,0.22747936399024246,0.0,0.0,0.0,0.0,0.0,0.0,0.0,0.0,0.5,0.0,0.0,1.0,7.349307647986315e-16,12.00233022795338,0.0
25.8,-3.6958418912864427e-14,1.7067703226364876,233.62099612484,0.0,0.0,0.0,0.7071089702346739,-0.0006651655814839772,-0.7071089702346738,-0.0006651655814839773,6384146.45267884,20.37825171953893,-1.3135896436663079e-14,-2.0714346030963538e-21,3.192008809716268e-06,6009.452711363323,0.0,-0.0018845580026959888,2.0120981003834952e-16,-3.2590061562193077e-19,-7.325745943940154e-05,-4.615696844030858e-22,-1.072741451717112e-20,-7.325745943940154e-05,-4.413524418474449e-22,-1.0728265321982344e-20,316.41274028902643,0.6594214119484942,47156.70384275252,249.1254501410405,0.73897850213313,1.5707963267948968,-0.043746542457194275,233.82221287462383,18026.21646479365,9.761752076111025,1.978207877110996e-14,2.1470545424707352,233.6190179445171,5.28284379095489e-15,1.4380232793488978,-32.851000463286624,0.0,0.0,0.0,3.691268539457312e-17,0.010047864938115764,0.2295389931980348,0.0,0.0,0.0,0.0,0.0,0.0,0.0,0.0,0.5,0.0,0.0,1.0,7.306462097596583e-16,11.93235813408997,0.0
25.900000000000002,-3.718307241417782e-14,1.7164768448753944,234.37104224419747,0.0,0.0,0.0,0.7071085725381093,-0.0006677433472278665,-0.7071085725381092,-0.0006677433472278666,6384123.053304127,20.593524660494342,-1.2709295805705668e-14,-2.0041702043298637e-21,3.2257405584158405e-06,5986.053337341795,0.0,-0.0018918837901938097,8.146426485312748e-17,-3.255215497627175e-19,-7.325947143419337e-05,-5.563192534372839e-22,-1.055957877467734e-20,-7.325947143419337e-05,-5.363406281127482e-22,-1.056061229473095e-20,316.50912855735885,0.6611336261260505,47307.974962345404,249.2772595878453,0.7411101199070882,1.5707963267948968,-0.043266322505868975,234.56811887393022,18188.51564000795,9.76182412414959,-4.237285987116251e-15,2.1598891713282518,234.36877190714847,5.330519367281375e-15,1.4350541562875359,-33.147467752868494,0.0,0.0,0.0,3.724580778463085e-17,0.010027118857065729,0.23161049184973723,0.0,0.0,0.0,0.0,0.0,0.0,0.0,0.0,0.5,0.0,0.0,1.0,7.263478144850308e-16,11.862160012025385,0.0
26.0,-3.741309275466892e-14,1.7261609104819204,235.1190617817655,0.0,0.0,0.0,0.7071080133518343,-0.000670320955715697,-0.7071080133518342,-0.0006703209557156971,6384099.579149594,20.810077442034036,-1.2317752103888585e-14,-1.9424335945227835e-21,3.2596730653271617e-06,5962.579183511126,0.0,-0.0018992097748027207,1.4898036989534171e-16,-3.25744741897489e-19,-7.326148105302886e-05,7.60827977828759e-22,-1.3210687633852325e-20,-7.326148105302886e-05,7.859164981124569e-22,-1.3209218817220295e-20,316.60580005050775,0.6628542629558357,47460.06993831625,249.4295551547807,0.7432335279951846,1.5707963267948968,-0.04278863099498412,235.31204641192016,18351.704861565297,9.761896403234646,-2.834957936932801e-15,2.172707491298359,235.1163900884026,5.378455964971158e-15,1.4319558561265153,-33.44555818583032,0.0,0.0,0.0,3.758075400288526e-17,0.010005470180022217,0.23369333185153537,0.0,0.0,0.0,0.0,0.0,0.0,0.0,0.0,0.5,0.0,0.0,1.0,7.220356823823176e-16,11.791737550533377,0.0
26.1,-3.764596923675553e-14,1.7358216257752912,235.8650435087905,0.0,0.0,0.0,0.7071073171919583,-0.0006728984306762338,-0.7071073171919582,-0.0006728984306762339,6384076.03041786,21.027908476457025,-1.1978120810486403e-14,-1.8888828476630948e-21,3.2938060850451105e-06,5939.030452489853,0.0,-0.0019065359623865606,2.046173414160017e-16,-3.2593383851973123e-19,-7.326348814593275e-05,-5.968682663774209e-22,-1.0557540186407384e-20,-7.326348814593275e-05,-5.767388637599531e-22,-1.0558658948845925e-20,316.70275002104046,0.6645837897282679,47613.04359554952,249.582335681988,0.7453487032322887,1.5707963267948968,-0.04231344422839266,236.0539840382822,18515.797297095385,9.761968912749921,1.8836090974766203e-14,2.1855086788160936,235.8618766046419,5.426657434976931e-15,1.4287284087678698,-33.745295709056336,0.0,0.0,0.0,3.791755095700407e-17,0.009982919115918976,0.23578768052690868,0.0,0.0,0.0,0.0,0.0,0.0,0.0,0.0,0.5,0.0,0.0,1.0,7.177098506719399e-16,11.721091357469557,0.0
26.200000000000003,-3.7879092609083756e-14,1.7454579697985035,236.60896627952678,0.0,0.0,0.0,0.7071065184229662,-0.0006754758054313252,-0.7071065184229661,-0.0006754758054313253,6384052.406956049,21.2470222108957,-1.1704379599592891e-14,-1.8457222608128113e-21,3.3281403188786708e-06,5915.4069914051015,0.0,-0.0019138623593566958,1.2311435678460775e-16,-3.256703756312144e-19,-7.326549254826504e-05,5.334370892551388e-22,-1.2824831713373535e-20,-7.326549254826504e-05,5.579813242995062e-22,-1.2823787166631882e-20,316.7999746997718,0.6663227433237998,47766.957649722164,249.73560233302476,0.7474555835993972,1.5707963267948968,-0.04184075205625497,236.7939106287004,18680.811470130637,9.76204165317763,-5.714368135117533e-15,2.1982918806595806,236.60523243946867,5.475129198309124e-15,1.4253712528495233,-34.04671403272673,0.0,0.0,0.0,3.8256236525081034e-17,0.009959461742364485,0.23789377341817583,0.0,0.0,0.0,0.0,0.0,0.0,0.0,0.0,0.5,0.0,0.0,1.0,7.133702912716066e-16,11.650220974215305,0.0
26.3,-3.810976306462641e-14,1.7550691482765342,237.35082863760567,0.0,0.0,0.0,0.7071056626265482,-0.0006780531242336314,-0.7071056626265481,-0.0006780531242336315,6384028.709327531,21.46741072261625,-1.1506601484634436e-14,-1.8145404200189975e-21,3.3626745277319826e-06,5891.709363625075,0.0,-0.001921188969111568,1.8319769951413992e-16,-3.2587744280758537e-19,-7.326749412001497e-05,-1.2497318443138328e-21,-9.353486837608815e-21,-7.326749412001497e-05,-1.2317609006772674e-21,-9.355871142851411e-21,316.89748300987907,0.6680697515453674,47921.655096203525,249.88935101554546,0.749554150423718,1.5707963267948968,-0.04137052210715335,237.53182430317702,18846.70606597095,9.762114622786862,-2.5393727707522124e-15,2.2110564776966215,237.34648612096785,5.523859136153811e-15,1.4218811757163965,-34.34973779683133,0.0,0.0,0.0,3.8596726029623607e-17,0.009935075611652371,0.24001108396417825,0.0,0.0,0.0,0.0,0.0,0.0,0.0,0.0,0.5,0.0,0.0,1.0,7.0901710767037735e-16,11.579128090875225,0.0
26.400000000000002,-3.833520670829146e-14,1.7646542480232599,238.09061931382382,0.0,0.0,0.0,0.7071048048643543,-0.0006806304405714098,-0.7071048048643542,-0.0006806304405714099,6384004.937738286,21.689072139734897,-1.1391870841195162e-14,-1.7964546370351192e-21,3.397408421700785e-06,5867.937775129452,0.0,-0.001928515794503134,1.5758428830103644e-16,-3.25797555350247e-19,-7.326949270787078e-05,-2.870107477437464e-21,-6.2198210738251926e-21,-7.326949270787078e-05,-2.8581071244811612e-21,-6.225344551704142e-21,316.9952553625838,0.6698270499296877,48077.39492804924,250.04358112636436,0.7516444160616007,1.5707963267948968,-0.04090273561081406,238.2677136113073,19013.544304354564,9.762187820950976,3.4448818292801697e-15,2.2238018313132053,238.08566311804944,5.572865767978415e-15,1.4182619512883783,-34.65448216340348,0.0,0.0,0.0,3.89391488712542e-17,0.009909787093200902,0.242140416833779,0.0,0.0,0.0,0.0,0.0,0.0,0.0,0.0,0.5,0.0,0.0,1.0,7.046503377061056e-16,11.507813325388359,0.0
26.5,-3.8552509741124123e-14,1.7742122152744206,238.8283169587603,0.0,0.0,0.0,0.7071040109844335,-0.0006832078184376222,-0.7071040109844334,-0.0006832078184376223,6383981.092041795,21.912010596803928,-1.1364451496946971e-14,-1.792137450038829e-21,3.4323426531934816e-06,5844.092079399775,0.0,-0.0019358428373738136,1.6004144720620219e-16,-2.53531509164242e-19,-7.327148814156124e-05,7.035928632693978e-22,-1.3246452263619565e-20,-7.327148814156124e-05,7.292348405677381e-22,-1.3245065264327058e-20,317.0933171491227,0.6715916814151448,48233.83509167824,250.19829264749643,0.7537262492806514,1.5707963267948968,-0.04043738688306717,239.0015572594351,19181.24574499416,9.762261248132727,-6.068710402987291e-15,2.2365272699576213,238.82278654941635,5.622125507056582e-15,1.41450558331669,-34.96080046000898,0.0,0.0,0.0,3.928334024301582e-17,0.009883540315016284,0.24428074718626075,0.0,0.0,0.0,0.0,0.0,0.0,0.0,0.0,0.5,0.0,0.0,1.0,7.002699544637868e-16,11.436276238199323,0.0
26.6,-3.875874807166451e-14,1.7837422493709487,239.5639202384477,0.0,0.0,0.0,0.7071033564588215,-0.0006857853312083505,-0.7071033564588214,-0.0006857853312083506,6383957.172801822,22.13621791267276,-1.1424497631174888e-14,-1.8016133281036073e-21,3.467475942600856e-06,5820.172840200985,0.0,-0.0019431700948923179,1.7126088346459758e-16,-1.8129577062951199e-19,-7.327348027981829e-05,-9.72280222465742e-22,-9.986260293013189e-21,-7.327348027981829e-05,-9.52873193982937e-22,-9.988130636746122e-21,317.1916345654467,0.6733674041527496,48391.41198420283,250.35348315543476,0.7557997335033481,1.5707963267948968,-0.039974448353957207,239.73335352608458,19349.91449973013,9.762334902599854,3.841713462269657e-18,2.249232379690275,239.5579066525868,5.671668857622674e-15,1.4106197384207775,-35.268882375129415,0.0,0.0,0.0,3.962951328640021e-17,0.009856388845881324,0.24643340042731796,0.0,0.0,0.0,0.0,0.0,0.0,0.0,0.0,0.5,0.0,0.0,1.0,6.958760615053613e-16,11.364518520602957,0.0
26.700000000000003,-3.8950884607310764e-14,1.7932434176213703,240.29741784323292,0.0,0.0,0.0,0.7071029268947083,-0.000688363062131344,-0.7071029268947082,-0.000688363062131344,6383933.18022771,22.36169193127481,-1.1569322515772627e-14,-1.824458735522586e-21,3.5028079555158705e-06,5796.18026687391,0.0,-0.0019504975621735129,1.8834934470895927e-16,-1.0908106100132503e-19,-7.327546896580779e-05,-3.720653456224646e-22,-1.1185106738937228e-20,-7.327546896580779e-05,-3.5024812827873774e-22,-1.1185811174495544e-20,317.29024349648756,0.6751497738373126,48549.61147375777,250.5091498523262,0.7578647496391313,1.5707963267948968,-0.03951390555818407,240.46309095040456,19519.42326064253,9.762408783715351,-4.176311592056604e-15,2.2619167219471246,240.29107118099512,5.721458493430482e-15,1.4065940971257551,-35.578495798072126,0.0,0.0,0.0,3.9977407192638883e-17,0.009828260580781192,0.24859675473557688,0.0,0.0,0.0,0.0,0.0,0.0,0.0,0.0,0.5,0.0,0.0,1.0,6.914686972861146e-16,11.292540800621731,0.0
26.8,-3.9125697193672854e-14,1.802714633171975,241.02878821943457,0.0,0.0,0.0,0.7071028200656279,-0.0006909411063012265,-0.7071028200656277,-0.0006909411063012266,6383909.114179341,22.58843647047083,-1.1793334767642802e-14,-1.859792072793284e-21,3.538339294798825e-06,5772.1142193047945,0.0,-0.0019578252316317865,1.5803461692387983e-16,-3.6196364215407757e-19,-7.327745402338627e-05,-5.834524409952979e-22,-1.0811041189931392e-20,-7.327745402338627e-05,-5.622850972093713e-22,-1.0812162710484387e-20,317.389101869737,0.6769439732346706,48709.03431551636,250.66529532232536,0.759921326813449,1.5707963267948968,-0.03905575672531752,241.1907480591897,19689.924655079336,9.762482891922353,3.061218790771046e-15,2.2745798247866893,241.0223266390102,5.7715391403118226e-15,1.4024377440624711,-35.8899188533435,0.0,0.0,0.0,4.0327334473444115e-17,0.009799218996535136,0.2507727534436082,0.0,0.0,0.0,0.0,0.0,0.0,0.0,0.0,0.5,0.0,0.0,1.0,6.870478360675678e-16,11.220342657914385,0.0
26.900000000000002,-3.9280041262692515e-14,1.8121550892618434,241.75803015607175,0.0,0.0,0.0,0.7071031408920406,-0.000693519565786953,-0.7071031408920405,-0.0006935195657869531,6383884.975220831,22.81644309480489,-1.2086911096276507e-14,-1.906095897112794e-21,3.5740686409672858e-06,5747.9752616047235,0.0,-0.0019651530895709183,1.6929382638470573e-16,-4.342900430797691e-19,-7.327943530988619e-05,2.2559975088684517e-23,-1.1994773945401344e-20,-7.327943530988619e-05,4.613200097314081e-23,-1.1994706181355605e-20,317.4882544961661,0.6787442477434974,48869.01439235134,250.82191405473606,0.7619693617160923,1.5707963267948968,-0.038599978419601076,241.91632327991786,19861.248611543862,9.762557225487395,-8.6327567297606e-15,2.2872214914837685,241.7517455713499,5.821860934796563e-15,1.398138478814609,-36.20284146838694,0.0,0.0,0.0,4.067894671900889e-17,0.009769178845472204,0.25295922998901027,0.0,0.0,0.0,0.0,0.0,0.0,0.0,0.0,0.5,0.0,0.0,1.0,6.826135814752459e-16,11.14792578481417,0.0
27.0,-3.943002305502977e-14,1.8213707059047066,242.4735927523104,0.0,0.0,0.0,0.7071039921641751,-0.0006960985609743762,-0.707103992164175,-0.0006960985609743764,6383860.387417602,23.052241952999506,-1.2001526154365155e-14,-1.892638100335378e-21,3.611019125407972e-06,5723.387459223159,0.0,-0.0019724822002305117,1.9038040740615324e-16,-4.343713487233621e-19,-7.328137890913302e-05,5.327187403193904e-22,-1.298684192297222e-20,-7.328137890913302e-05,5.583340019184798e-22,-1.2985765881566553e-20,317.58919241726136,0.6805851106701248,49032.79521055991,250.98144728472056,0.7639688197732766,1.5707963267948968,-0.038144519569072784,242.6282405037632,20032.49973352756,9.762632942091741,-4.83296012971758e-15,2.299625786111554,242.4678506895755,5.872161851707343e-15,1.3935588051479133,-36.515634257673845,0.0,0.0,0.0,4.1030413087211034e-17,0.009737179403512935,0.25514479940607443,0.0,0.0,0.0,0.0,0.0,0.0,0.0,0.0,0.5,0.0,0.0,1.0,6.780968754525484e-16,11.074162377669477,0.0
27.1,-3.956779730339863e-14,1.8306852306926757,243.19494985157007,0.0,0.0,0.0,0.7071045640611113,-0.0006986772753022019,-0.7071045640611112,-0.000698677275302202,6383835.986853437,23.284785326814404,-1.2747026056870559e-14,-2.0102110122372103e-21,3.6474598309676305e-06,5698.986895901771,0.0,-0.0019798107698518154,1.9311423061527892e-16,-2.1754596897900963e-19,-7.328334143101028e-05,2.1798045961104296e-22,-1.2386538834774505e-20,-7.328334143101028e-05,2.4250340827891633e-22,-1.2386082795793203e-20,317.68935906385934,0.682412276099287,49195.36612820264,251.13976575336537,0.765987301164365,1.5707963267948968,-0.03769270043198821,243.34601540497894,20205.302102714366,9.76270808297307,-5.532759878344965e-15,2.3121490841116166,243.18956121194188,5.922917219874397e-15,1.3889355828696555,-36.831253020815204,0.0,0.0,0.0,4.138505483157682e-17,0.00970487567540371,0.2573501146812314,0.0,0.0,0.0,0.0,0.0,0.0,0.0,0.0,0.5,0.0,0.0,1.0,6.736145646872089e-16,11.000960687705316,0.0
27.200000000000003,-3.967273251150924e-14,1.840045894343727,243.9189427320148,0.0,0.0,0.0,0.7071049116210447,-0.0007012557650579594,-0.7071049116210446,-0.0007012557650579595,6383811.670702903,23.51586118555844,-1.3830958565600504e-14,-2.181155958282849e-21,3.6836708852474337e-06,5674.670746215308,0.0,-0.0019871390920801805,1.2850076269922226e-16,-2.895952107516213e-19,-7.328531365502665e-05,8.527912243877166e-22,-1.3595974325619427e-20,-7.328531365502665e-05,8.798066314442622e-22,-1.3594252859777127e-20,317.7891189078984,0.6842405026582536,49358.23295198595,251.29753889677806,0.7680139640595115,1.5707963267948968,-0.03724395104585955,244.06648159422812,20379.573805570904,9.762782964761024,-1.685686787143434e-14,2.3247328192156163,243.913754817223,5.9741031500191725e-15,1.3842427896944158,-37.149549203976775,0.0,0.0,0.0,4.174270503113367e-17,0.009672085836265176,0.2595741378279035,0.0,0.0,0.0,0.0,0.0,0.0,0.0,0.0,0.5,0.0,0.0,1.0,6.691477604550416e-16,10.928012238645923,0.0
27.3,-3.9740985188826425e-14,1.8493872303357244,244.64166734528098,0.0,0.0,0.0,0.7071051288432988,-0.0007038341265091722,-0.7071051288432987,-0.0007038341265091724,6383787.311954013,23.747677148551965,-1.480061528226146e-14,-2.3340807533383413e-21,3.719998174747068e-06,5650.311998183839,0.0,-0.001994467527371276,1.775097237946955e-16,-4.34342813109694e-19,-7.328728413646993e-05,3.884938513405773e-23,-1.2024707025718808e-20,-7.328728413646993e-05,6.283217965327971e-23,-1.2024605625395645e-20,317.88905351662305,0.6860719320032991,49521.38509467208,251.4555884357091,0.7700350912831715,1.5707963267948968,-0.03679756979281162,244.78572634259382,20554.73285931007,9.762857978587872,-1.6862124783857608e-15,2.337304482102374,244.63659128330718,6.025549186827554e-15,1.3794139548543058,-37.46946284252124,0.0,0.0,0.0,4.21021726676284e-17,0.009638345436524316,0.2618094625810684,0.0,0.0,0.0,0.0,0.0,0.0,0.0,0.0,0.5,0.0,0.0,1.0,6.646731310338453e-16,10.854935994551518,0.0
27.400000000000002,-3.97846936465218e-14,1.8586734863808705,245.36101787334738,0.0,0.0,0.0,0.7071052871781128,-0.0007064124321050411,-0.7071052871781127,-0.0007064124321050412,6383762.842404934,23.98141890836585,-1.5387239059865676e-14,-2.4266016279976547e-21,3.7566274786781275e-06,5625.842449977994,0.0,-0.0020017962685425165,1.8424594338619863e-16,-3.620940555828375e-19,-7.32892466295741e-05,-4.36264430190769e-22,-1.1099471269433735e-20,-7.32892466295741e-05,-4.140443736854249e-22,-1.1100322174678458e-20,317.9893803395019,0.68791936627972,49686.17280272193,251.61435935518818,0.7720435146733438,1.5707963267948968,-0.03635317518002429,245.50163947020127,20730.81457439415,9.762933334496395,-3.2710445159022316e-15,2.3498246367477438,245.35601366065808,6.077265754111352e-15,1.374435397364535,-37.791058756204805,0.0,0.0,0.0,4.246353057510669e-17,0.009603558883370243,0.2640565418542256,0.0,0.0,0.0,0.0,0.0,0.0,0.0,0.0,0.5,0.0,0.0,1.0,6.601781479508147e-16,10.781527349933981,0.0
27.5,-3.983236303087395e-14,1.867899746183522,246.07675493217573,0.0,0.0,0.0,0.7071054359157027,-0.0007089907308102814,-0.7071054359157026,-0.0007089907308102815,6383738.254897953,24.217211402674764,-1.5513791998779396e-14,-2.4465687920837902e-21,3.7935783765727263e-06,5601.254943887703,0.0,-0.002009125335721399,1.3752933934808634e-16,-2.1736273666833643e-19,-7.329120027054342e-05,4.961858061025489e-22,-1.2849549095705145e-20,-7.329120027054342e-05,5.220013566585678e-22,-1.2848526148729938e-20,318.0901899885573,0.6897758058893607,49851.766480771774,251.7738956776056,0.7740382693540301,1.5707963267948968,-0.03591069320221565,246.2139808001746,20907.56302548082,9.763009054537353,-9.93081160494995e-15,2.3622880896155727,246.07181651644515,6.129177825861362e-15,1.369288344065975,-38.113870400953715,0.0,0.0,0.0,4.282625452616682e-17,0.009567595003566694,0.2663121157753632,0.0,0.0,0.0,0.0,0.0,0.0,0.0,0.0,0.5,0.0,0.0,1.0,6.556614963559414e-16,10.70776483166311,0.0
27.6,-3.992347388489774e-14,1.8770895122598474,246.79035796124816,0.0,0.0,0.0,0.7071055994184992,-0.0007115690454611375,-0.707105599418499,-0.0007115690454611376,6383713.59847765,24.454202963579355,-1.5298814313407638e-14,-2.4126755858031696e-21,3.830717432137217e-06,5576.59852448944,0.0,-0.0020164545910173796,1.1930217628861941e-16,-4.341389026580231e-19,-7.329314918783927e-05,8.126772611726494e-22,-1.3438296498853636e-20,-7.329314918783927e-05,8.397733052710748e-22,-1.3436630452523543e-20,318.19122189648255,0.691644904765294,50018.69342821775,251.93388153139625,0.7760246536393429,1.5707963267948968,-0.035470379045775616,246.92423276329717,21085.340188933154,9.763084987682298,-1.456873137420331e-14,2.3747213763107897,246.78549618024647,6.181391446503612e-15,1.364006140380751,-38.43855720673155,0.0,0.0,0.0,4.319108548243679e-17,0.009530686790767259,0.26858079196335993,0.0,0.0,0.0,0.0,0.0,0.0,0.0,0.0,0.5,0.0,0.0,1.0,6.511321855917635e-16,10.63379557346832,0.0
27.700000000000003,-4.001482273798139e-14,1.886247302019372,247.50214636432563,0.0,0.0,0.0,0.707105747164051,-0.0007141473450259142,-0.7071057471640508,-0.0007141473450259144,6383688.884149631,24.692203134888146,-1.5046814995662917e-14,-2.3729436755209966e-21,3.868014808653433e-06,5551.884197385671,0.0,-0.0020237840035410366,1.8694136171776934e-16,-3.621245209624554e-19,-7.329509418916728e-05,3.249530874535151e-22,-1.2508092776561056e-20,-7.329509418916728e-05,3.5026543937198324e-22,-1.2507409870389287e-20,318.29248776362556,0.6935188043784282,50186.06032908873,252.09424325716444,0.7780036422380238,1.5707963267948968,-0.03503228102830623,247.6327154178537,21263.968403162704,9.763161100048885,-3.8496061402687016e-15,2.387129452050989,247.49735076830535,6.233854513523393e-15,1.3585777129539724,-38.76479517763713,0.0,0.0,0.0,4.355765938928811e-17,0.009492756872389768,0.27086030656956883,0.0,0.0,0.0,0.0,0.0,0.0,0.0,0.0,0.5,0.0,0.0,1.0,6.465922373546568e-16,10.559652592157013,0.0
27.8,-4.011432562494356e-14,1.8953654944897378,248.2117040933183,0.0,0.0,0.0,0.7071058677377328,-0.0007167256181433555,-0.7071058677377327,-0.0007167256181433556,6383664.098871813,24.931439158197218,-1.462489726768644e-14,-2.3064145554004835e-21,3.905506112933107e-06,5527.098920497423,0.0,-0.002031113609991579,1.6720178420584693e-16,-3.6205434034123475e-19,-7.329703393640859e-05,-1.8134813552935136e-22,-1.1550564908333221e-20,-7.329703393640859e-05,-1.5788800404681305e-22,-1.1550909814749998e-20,318.3939856239007,0.6954053812523978,50354.75948381565,252.25506767774613,0.7799739378941292,1.5707963267948968,-0.03459628852051386,248.33901140828607,21443.61394644523,9.763237431805297,1.0535407938440103e-15,2.3995036910492544,248.20695613703188,6.2866157840812945e-15,1.3530107780972584,-39.09288750671732,0.0,0.0,0.0,4.392631692643814e-17,0.009453859164429937,0.2731527780873611,0.0,0.0,0.0,0.0,0.0,0.0,0.0,0.0,0.5,0.0,0.0,1.0,6.420392558535808e-16,10.485296761492268,0.0
27.900000000000002,-4.0248253891537694e-14,1.9044430840139923,248.91901962886595,0.0,0.0,0.0,0.707105965101863,-0.0007193038685479158,-0.7071059651018629,-0.0007193038685479159,6383639.242867147,25.171907614140768,-1.3907287170939896e-14,-2.1932526923570103e-21,3.943190812691445e-06,5502.242916775867,0.0,-0.0020384434098369465,1.4714309894150964e-16,-2.17420933335302e-19,-7.329896826072252e-05,-7.138227557573788e-22,-1.0559340267016382e-20,-7.329896826072252e-05,-6.92296670028513e-22,-1.0560773414951107e-20,318.4957681756425,0.6972979556947259,50524.0117086209,252.4163512200652,0.7819353784138608,1.5707963267948968,-0.03416238096676954,249.04310901163433,21624.07082003451,9.763313982272539,6.030677399493588e-15,2.411843039702123,248.9143033942208,6.3396148583088175e-15,1.3472913163037779,-39.42245860154756,0.0,0.0,0.0,4.4296636063360904e-17,0.009413895708730092,0.27545558214896193,0.0,0.0,0.0,0.0,0.0,0.0,0.0,0.0,0.5,0.0,0.0,1.0,6.374732820440012e-16,10.410728750327603,0.0
28.0,-4.042105290219019e-14,1.9134788495190855,249.62407068779476,0.0,0.0,0.0,0.7071060431737349,-0.0007218820999885337,-0.7071060431737348,-0.0007218820999885338,6383614.316021815,25.413610866485914,-1.292573585620443e-14,-2.038464873423392e-21,3.981069283211787e-06,5477.316072401591,0.0,-0.002045773403453642,1.5905345400247233e-16,-3.6203432085184464e-19,-7.330089696390588e-05,-9.048689519320892e-22,-1.0223874397174056e-20,-7.330089696390588e-05,-8.839518765625784e-22,-1.022570444571926e-20,318.59778259761697,0.6992031941229175,50694.59595565333,252.57809674073698,0.7838880210620783,1.5707963267948968,-0.03373054793513522,249.7449859520338,21805.54751075693,9.763390751813105,3.0158033794238972e-15,2.4241462566783456,249.61937288568276,6.392912850490464e-15,1.3414304801417793,-39.75388849709914,0.0,0.0,0.0,4.466904382240387e-17,0.00937294443135797,0.27777137416344444,0.0,0.0,0.0,0.0,0.0,0.0,0.0,0.0,0.5,0.0,0.0,1.0,6.328942950176309e-16,10.335948217204773,0.0
28.1,-4.061464195657633e-14,1.9224719595066013,250.32685678101242,0.0,0.0,0.0,0.7071061060842228,-0.0007244603164836339,-0.7071061060842226,-0.000724460316483634,6383589.318901057,25.656539353511803,-1.1874038133765013e-14,-1.8726133142975943e-21,4.01914002839507e-06,5452.318952615993,0.0,-0.0020531035893462807,1.4598280766998051e-16,-2.897075483731423e-19,-7.330281989985975e-05,3.6071118295669717e-22,-1.2611010360650633e-20,-7.330281989985975e-05,3.8660228402907785e-22,-1.261024311381064e-20,318.7000788531304,0.701114524794163,50865.74537234949,252.74029849449417,0.7858317500143656,1.5707963267948968,-0.033300759431008554,250.44464133059572,21987.835949777105,9.763467738689513,6.216885226109816e-15,2.436412436429754,250.32216693182028,6.446448752216608e-15,1.3354154342313822,-40.086797816776404,0.0,0.0,0.0,4.504311392099649e-17,0.009330915647977216,0.2800975033219874,0.0,0.0,0.0,0.0,0.0,0.0,0.0,0.0,0.5,0.0,0.0,1.0,6.283023986076306e-16,10.26095685784798,0.0
28.200000000000003,-4.07894367650373e-14,1.9314213766062331,251.0273667583731,0.0,0.0,0.0,0.7071061582439204,-0.0007270385224236966,-0.7071061582439203,-0.0007270385224236967,6383564.251731264,25.900689329638904,-1.1100412233649352e-14,-1.750614382942347e-21,4.05740246484906e-06,5427.251783808692,0.0,-0.002060433966990541,1.716632395521086e-16,-2.1753710176832924e-19,-7.330473689472548e-05,-8.733251021504226e-23,-1.1794679699433756e-20,-7.330473689472548e-05,-6.303018334776524e-23,-1.179483460568915e-20,318.8026035048854,0.7030385236501959,51038.23005331204,252.902957103691,0.7877666651379819,1.5707963267948968,-0.03287299580312499,251.14206380034983,22171.141066088087,9.763544942212134,-2.7354941263575254e-16,2.448640498187069,251.02267742572698,6.500282636699744e-15,1.3292577800880456,-40.421560121716034,0.0,0.0,0.0,4.5419266107229245e-17,0.009287890421573448,0.2824365797991977,0.0,0.0,0.0,0.0,0.0,0.0,0.0,0.0,0.5,0.0,0.0,1.0,6.236976344010986e-16,10.185755351426078,0.0
28.3,-4.092540219326256e-14,1.9403258435553827,251.72557825499086,0.0,0.0,0.0,0.7071062327049273,-0.0007296167534381102,-0.7071062327049272,-0.0007296167534381103,6383539.114405276,26.146062763902194,-1.0775398952115699e-14,-1.6993642009834258e-21,4.09585690606324e-06,5402.114458821403,0.0,-0.002067764541339278,1.6871092157097292e-16,-3.6209194919456745e-19,-7.330664774450446e-05,5.562019102650176e-22,-1.299518811337205e-20,-7.330664774450446e-05,5.830709944793859e-22,-1.299401061596923e-20,318.9054091388754,0.7049686547359858,51211.284941505975,253.06607118721843,0.7896925645732109,1.5707963267948968,-0.03244725047255384,251.837231032097,22355.259439030546,9.763622362723027,4.459242121142182e-16,2.4608293682008258,251.7209054739769,6.55435485430685e-15,1.3229433379038524,-40.75780448478111,0.0,0.0,0.0,4.579708359267816e-17,0.00924376967392113,0.28478601182495067,0.0,0.0,0.0,0.0,0.0,0.0,0.0,0.0,0.5,0.0,0.0,1.0,6.190799827133768e-16,10.11034337646421,0.0
28.400000000000002,-4.103723743444127e-14,1.9491845300304274,252.42149077502634,0.0,0.0,0.0,0.7071063350325717,-0.0007321950154405249,-0.7071063350325716,-0.000732195015440525,6383513.907488436,26.392649817908232,-1.0761273180678511e-14,-1.6971432042047703e-21,4.134501812540203e-06,5376.907542996729,0.0,-0.0020750953105971625,1.5066693383220626e-16,-3.620236954958791e-19,-7.33085523032125e-05,-1.0073166757353207e-22,-1.1777761187564857e-20,-7.33085523032125e-05,-7.629167997023369e-23,-1.1777944960163613e-20,319.0084403478289,0.706911573774413,51385.69118889711,253.22963919537352,0.791609592591646,1.5707963267948968,-0.03202349462361163,252.53014212845926,22540.39768758804,9.763699998484256,5.004218315566742e-15,2.472978156504791,252.41685468673504,6.608725975806261e-15,1.3164844775911846,-41.095907561125095,0.0,0.0,0.0,4.617698960199348e-17,0.009198639837006927,0.287148431192601,0.0,0.0,0.0,0.0,0.0,0.0,0.0,0.0,0.5,0.0,0.0,1.0,6.144495473962173e-16,10.034722628990187,0.0
28.5,-4.113240113744357e-14,1.9579963854514995,253.11509297087144,0.0,0.0,0.0,0.7071064478396042,-0.0007347732894325766,-0.7071064478396041,-0.0007347732894325767,6383488.631210523,26.640446420607912,-1.0975174445831973e-14,-1.730884130633273e-21,4.1733365498923634e-06,5351.631266112439,0.0,-0.002082426270636541,1.3563164144513635e-16,-4.3424685324396995e-19,-7.331045039454832e-05,-4.258112597625891e-22,-1.114497948047949e-20,-7.331045039454832e-05,-4.0260175521598657e-22,-1.1145842035303859e-20,319.11174964404853,0.7088605226137943,51560.657433400775,253.39365750460993,0.7935175869057199,1.5707963267948968,-0.031601706885279954,253.22078553080763,22726.339928268248,9.76377784879572,-5.210147956357541e-15,2.4850856184669303,253.11050143421068,6.6633326986083086e-15,1.3098676047044442,-41.43547570795163,0.0,0.0,0.0,4.655854182253648e-17,0.00915240592269314,0.28952108741145166,0.0,0.0,0.0,0.0,0.0,0.0,0.0,0.0,0.5,0.0,0.0,1.0,6.098063706591111e-16,9.958893798337318,0.0
28.6,-4.1217376515304264e-14,1.9667601179400558,253.80636228605195,0.0,0.0,0.0,0.7071065563693176,-0.00073735155928335,-0.7071065563693175,-0.0007373515592833501,6383463.285471164,26.889454159608306,-1.1344292155825608e-14,-1.7891044794884116e-21,4.212361371894714e-06,5326.285527798347,0.0,-0.002089757419273722,1.0050551510838385e-16,-4.341040870957153e-19,-7.331234180846236e-05,1.0722221531192668e-21,-1.3922921448367146e-20,-7.331234180846236e-05,1.1013152813623335e-21,-1.3920650384961488e-20,319.21528233468734,0.7108224947925428,51737.00404126614,253.55812896934142,0.7954166109928913,1.5707963267948968,-0.03118187580966875,253.90913868025143,22913.311693002306,9.76385591397864,-5.674250210098472e-15,2.4971503096881187,253.8018126313334,6.718241139935897e-15,1.3031039082408624,-41.7769200706601,0.0,0.0,0.0,4.6942202233563945e-17,0.009105146111586847,0.2919068532677103,0.0,0.0,0.0,0.0,0.0,0.0,0.0,0.0,0.5,0.0,0.0,1.0,6.051504340643542e-16,9.882856583395041,0.0
28.700000000000003,-4.1297782167913026e-14,1.975474889936743,254.4952984940931,0.0,0.0,0.0,0.7071066486399723,-0.0007399298118795337,-0.7071066486399722,-0.0007399298118795338,6383437.870835824,27.139662915179702,-1.1804030203870276e-14,-1.861617073269249e-21,4.251574694916427e-06,5300.870893517198,0.0,-0.0020970887534410565,1.3840872056774336e-16,-2.897088743222664e-19,-7.331422639781568e-05,8.254015231072683e-22,-1.3456245392759897e-20,-7.331422639781568e-05,8.536187417267896e-22,-1.3454484802667026e-20,319.319092029548,0.712790360738061,51913.895781668725,253.72304768490395,0.7973065396745725,1.5707963267948968,-0.030763971864363946,254.5952009452648,23101.07973762138,9.76393419229457,3.532054920998788e-15,2.509171206161435,254.49077940125093,6.7733829055076445e-15,1.2961801245223143,-42.11981534411971,0.0,0.0,0.0,4.7327492945384006e-17,0.009056767726713832,0.29430275703722397,0.0,0.0,0.0,0.0,0.0,0.0,0.0,0.0,0.5,0.0,0.0,1.0,6.004818414857678e-16,9.806612680551595,0.0
28.8,-4.137820549060101e-14,1.984139632396608,255.18189026464432,0.0,0.0,0.0,0.7071067154235893,-0.0007425080371100312,-0.7071067154235892,-0.0007425080371100313,6383412.387537668,27.391068265567085,-1.2300475575524505e-14,-1.9399194142327908e-21,4.290975829616545e-06,5275.387596435845,0.0,-0.0021044202717589,1.5372765600043726e-16,-4.343401208491302e-19,-7.331610398335708e-05,-8.062543106046669e-22,-1.045976763485372e-20,-7.331610398335708e-05,-7.842407945207185e-22,-1.0461441170542016e-20,319.4231200080028,0.7147714606968069,52092.19548599839,253.88841445229073,0.7991874877243356,1.5707963267948968,-0.030347975587387326,255.27896080026468,23289.880198114854,9.764012683032924,4.384895216926524e-15,2.5211470963847007,255.17738366016047,6.828827223699184e-15,1.2891086985156253,-42.46459202021894,0.0,0.0,0.0,4.771489767573493e-17,0.009007357724486843,0.2967118066854509,0.0,0.0,0.0,0.0,0.0,0.0,0.0,0.0,0.5,0.0,0.0,1.0,5.958006357554077e-16,9.730162789307535,0.0
28.900000000000002,-4.146231151859027e-14,1.9927530194240306,255.86611489464588,0.0,0.0,0.0,0.7071067500270009,-0.0007450862276260563,-0.7071067500270007,-0.0007450862276260564,6383386.835483104,27.643671382075823,-1.2789119162588014e-14,-2.0169919767772823e-21,4.330564964587548e-06,5249.835542960092,0.0,-0.00211175197436111,1.6597617005592211e-16,-2.898389845750157e-19,-7.331797434946492e-05,-9.827127506716353e-22,-1.0134479322548701e-20,-7.331797434946492e-05,-9.613091305077948e-22,-1.0136532003330167e-20,319.52742431618884,0.7167584606239509,52271.04146455889,254.05422756945464,0.8010592376407621,1.5707963267948968,-0.02993387710491966,255.9603955518253,23479.47641559756,9.764091386494135,-3.4446800268954377e-15,2.5330765530617163,255.86159771565008,6.884504695373722e-15,1.2818745635221003,-42.8108185452028,0.0,0.0,0.0,4.810393151372316e-17,0.00895681082973007,0.2991309868273789,0.0,0.0,0.0,0.0,0.0,0.0,0.0,0.0,0.5,0.0,0.0,1.0,5.911067996802994e-16,9.653506628880276,0.0
29.0,-4.1552767936824337e-14,2.001314210375592,256.54797233888326,0.0,0.0,0.0,0.7071067487990188,-0.0007476643793889931,-0.7071067487990187,-0.0007476643793889932,6383361.215237623,27.897461856618776,-1.3235226324878565e-14,-2.0873566688053784e-21,4.370340470960667e-06,5224.215298584352,0.0,-0.002119083860115934,1.5722307296149096e-16,-2.8980731768716864e-19,-7.331983734859902e-05,7.617827058210115e-22,-1.3307009753062094e-20,-7.331983734859902e-05,7.899801556590476e-22,-1.3305365312366338e-20,319.6319451952785,0.7187586688144224,52451.2945765495,254.22048567242712,0.8029219482030044,1.5707963267948968,-0.02952164896070754,256.6395047664285,23670.102973782712,9.7641703009395,-1.1890484293799066e-15,2.54495860567062,256.5434186883005,6.940484095883815e-15,1.2744907231670197,-43.15892259386693,0.0,0.0,0.0,4.849507501168988e-17,0.008905217902356844,0.3015632857446622,0.0,0.0,0.0,0.0,0.0,0.0,0.0,0.0,0.5,0.0,0.0,1.0,5.864004371400809e-16,9.576645895753057,0.0
29.1,-4.165129088709538e-14,2.009822117741255,257.2274512842635,0.0,0.0,0.0,0.707106710670936,-0.000750242491175013,-0.7071067106709359,-0.0007502424911750131,6383335.527037782,28.15243491673504,-1.3613831507019106e-14,-2.1470760228938885e-21,4.410301604436699e-06,5198.527099861763,0.0,-0.0021264159291295706,1.743964291331321e-16,-4.344496168971988e-19,-7.332169279851162e-05,-4.755688280783811e-22,-1.1055630721385985e-20,-7.332169279851162e-05,-4.520589013460755e-22,-1.1056616982947686e-20,319.7367381061866,0.7207648494531551,52632.104329183865,254.3871849620796,0.8047754489295793,1.5707963267948968,-0.02911127341890296,257.31627694868564,23861.520876196428,9.764249425647954,-8.38031809197519e-16,2.5567920798114305,257.22283428434065,6.996695339423826e-15,1.266943347287382,-43.508468342453426,0.0,0.0,0.0,4.888783846079711e-17,0.008852482307207001,0.30400565821660147,0.0,0.0,0.0,0.0,0.0,0.0,0.0,0.0,0.5,0.0,0.0,1.0,5.81681591588859e-16,9.49958129958529,0.0
29.200000000000003,-4.1758685686686284e-14,2.0182753813411756,257.90452888139095,0.0,0.0,0.0,0.7071066371311681,-0.000752820564546036,-0.707106637131168,-0.0007528205645460361,6383309.770796808,28.408591312354368,-1.3909145884403808e-14,-2.193659803239533e-21,4.45044848762556e-06,5172.770860024417,0.0,-0.0021337481826069183,1.4329301571519782e-16,-2.8975800168640404e-19,-7.332354047791759e-05,4.565124503646467e-22,-1.2744355384427236e-20,-7.332354047791759e-05,4.8370446334475905e-22,-1.274335238648714e-20,319.84174699047986,0.7227842630960706,52814.32563561912,254.55432826978927,0.8066198083172564,1.5707963267948968,-0.028702742023662037,257.9906892682987,24053.971273893258,9.764328760898975,-7.134257104784e-15,2.568575569770686,257.899822530549,7.053209126555014e-15,1.2592434689754362,-43.859895437535705,0.0,0.0,0.0,4.9282715865349765e-17,0.008798681135536546,0.30646117617496155,0.0,0.0,0.0,0.0,0.0,0.0,0.0,0.0,0.5,0.0,0.0,1.0,5.769502470876274e-16,9.422312580073251,0.0
29.3,-4.187471064572083e-14,2.026673157715015,258.57920526606165,0.0,0.0,0.0,0.7071065327410341,-0.0007553986044095645,-0.707106532741034,-0.0007553986044095646,6383283.94708018,28.665920352106102,-1.4115877483413062e-14,-2.2262732300437186e-21,4.490779447210699e-06,5146.947144545926,0.0,-0.0021410806200626267,1.3334207564432432e-16,-2.1743924530290367e-19,-7.332538023887016e-05,1.3588190856644874e-22,-1.2165671142669104e-20,-7.332538023887016e-05,1.619293677327287e-22,-1.2165352263695358e-20,319.94702324475617,0.7248099658022803,52997.14208161227,254.72190976733538,0.8084549068348965,1.5707963267948968,-0.028296029191356438,258.662741486635,24247.219413697363,9.764408304953767,-4.5836688270925096e-15,2.5803081618675856,258.57438670150356,7.109956614675205e-15,1.2513788306727731,-44.21277578613102,0.0,0.0,0.0,4.9679226203115086e-17,0.008743728740406985,0.30892684841609963,0.0,0.0,0.0,0.0,0.0,0.0,0.0,0.0,0.5,0.0,0.0,1.0,5.722065075122033e-16,9.344841433637777,0.0
29.400000000000002,-4.199821065245222e-14,2.0350143408876527,259.25146914244027,0.0,0.0,0.0,0.7071064045910979,-0.0007579766184290375,-0.7071064045910977,-0.0007579766184290376,6383258.056127839,28.92441691282341,-1.423800820773416e-14,-2.245544139098092e-21,4.531293683929699e-06,5121.056193371303,0.0,-0.0021484132418265827,2.0173611991418247e-16,-2.177545520142868e-19,-7.33272118960756e-05,5.618531884944395e-22,-1.2936451665070737e-20,-7.33272118960756e-05,5.896447145068439e-22,-1.2935214717923586e-20,320.0525157932589,0.7268484108869512,53181.31516069483,254.8899299158077,0.8102808424834703,1.5707963267948968,-0.027891118737128323,259.33242213591603,24441.478995175,9.764488057080785,6.439668365699765e-15,2.591988722626187,259.24652053022686,7.167000457194801e-15,1.2433596985456608,-44.56749899415912,0.0,0.0,0.0,5.0077807250737314e-17,0.00868769685435114,0.3114053972239432,0.0,0.0,0.0,0.0,0.0,0.0,0.0,0.0,0.5,0.0,0.0,1.0,5.674504169397711e-16,9.26716858011391,0.0
29.5,-4.212708976609772e-14,2.0432975361278745,259.92129751504496,0.0,0.0,0.0,0.707106262469404,-0.0007605546172056587,-0.7071062624694039,-0.0007605546172056589,6383232.097859888,29.184081317986585,-1.4288888316400124e-14,-2.2535779097499357e-21,4.571991253609717e-06,5095.09792660332,0.0,-0.0021557460489099686,1.6387486751643382e-16,-4.344302722089308e-19,-7.332903522249089e-05,-1.6303296359895017e-21,-9.002922102678645e-21,-7.332903522249089e-05,-1.6109163527076703e-21,-9.00641491986822e-21,320.15827023012884,0.7288937640912861,53366.15696703423,255.0583874110057,0.8120974274576872,1.5707963267948968,-0.02748800347191877,259.9997082468612,24636.555591679025,9.764568017538387,1.8479781193599148e-15,2.6036158722913405,259.91620808523726,7.224283632421898e-15,1.2351742536546142,-44.92371047615408,0.0,0.0,0.0,5.047806058194131e-17,0.00863050289518181,0.31389434501212643,0.0,0.0,0.0,0.0,0.0,0.0,0.0,0.0,0.5,0.0,0.0,1.0,5.626819606934475e-16,9.18929377980996,0.0
29.6,-4.2258238462087824e-14,2.051521897425569,260.5886907004327,0.0,0.0,0.0,0.7071061190317339,-0.0007631326144644718,-0.7071061190317338,-0.000763132614464472,6383206.0728417365,29.44490259801534,-1.4292249702309627e-14,-2.2541173041776727e-21,4.6128704392765736e-06,5069.072909650082,0.0,-0.002163079040202606,1.4443228478052957e-16,-3.620672371893172e-19,-7.333085006975553e-05,-5.576313946665356e-22,-1.0939116124301427e-20,-7.333085006975553e-05,-5.339680757648016e-22,-1.094029681125466e-20,320.26424325771774,0.73095130250855,53552.291799665116,255.22728023834645,0.8139047822176705,1.5707963267948968,-0.02708665949113076,260.6645997729008,24832.622526591265,9.764648184587832,6.896721056640144e-15,2.615188757156126,260.5834589407537,7.281856956420916e-15,1.2268314126970568,-45.281726228314504,0.0,0.0,0.0,5.0880341262572884e-17,0.008572209166321124,0.31639589973317006,0.0,0.0,0.0,0.0,0.0,0.0,0.0,0.0,0.5,0.0,0.0,1.0,5.579012426370167e-16,9.111218728950245,0.0
29.700000000000003,-4.2387630375136745e-14,2.05968630034053,261.25363742002565,0.0,0.0,0.0,0.7071059895279219,-0.0007657106267561829,-0.7071059895279218,-0.000765710626756183,6383179.9813167155,29.706875279036876,-1.4281021728214297e-14,-2.252355740929625e-21,4.653930386699593e-06,5042.981385841965,0.0,-0.002170412214995916,1.896763756129325e-16,-2.1772341783665916e-19,-7.333265624947796e-05,7.7989452560188445e-22,-1.3337673034815458e-20,-7.333265624947796e-05,8.08840914428943e-22,-1.3335948928735928e-20,320.37046939521554,0.7330164082661241,53739.17530520601,255.39660538678308,0.8157027886024057,1.5707963267948968,-0.026687071992712388,261.327085271539,25029.52164986143,9.76472855748709,-4.927464293822432e-15,2.6267062883150127,261.2482730858152,7.339674044781413e-15,1.2183224593457376,-45.64125781237696,0.0,0.0,0.0,5.128432519197381e-17,0.008512754764388569,0.3189080459894407,0.0,0.0,0.0,0.0,0.0,0.0,0.0,0.0,0.5,0.0,0.0,1.0,5.531083074695435e-16,9.032944157525893,0.0
29.8,-4.251022676626972e-14,2.0677893153230285,261.9161145325054,0.0,0.0,0.0,0.7071058921636868,-0.0007682886738498571,-0.7071058921636867,-0.0007682886738498573,6383153.823211851,29.969999253008183,-1.4298112536830352e-14,-2.2550605505233556e-21,4.695171084122831e-06,5016.823282207983,0.0,-0.0021777455728243435,1.8156687878434114e-16,-3.6225369716781276e-19,-7.333445352875963e-05,-6.914131671842454e-22,-1.0716555365701022e-20,-7.333445352875963e-05,-6.680733362136224e-22,-1.0718035517230619e-20,320.4769183658862,0.7350930752168179,53927.27947617144,255.56636456632026,0.8174914510539104,1.5707963267948968,-0.026289234907845065,261.9871416326255,25227.389797982803,9.764809136473248,-2.8306383551768655e-15,2.638167116214792,261.9106409489,7.397775012583384e-15,1.2096522908188987,-46.002554681205055,0.0,0.0,0.0,5.169029266526279e-17,0.008452173907597556,0.32143252677683976,0.0,0.0,0.0,0.0,0.0,0.0,0.0,0.0,0.5,0.0,0.0,1.0,5.483031417864755e-16,8.954469846623947,0.0
29.900000000000002,-4.2620091816350374e-14,2.075830094080326,262.57612253494034,0.0,0.0,0.0,0.707105847571227,-0.0007708667781595015,-0.7071058475712269,-0.0007708667781595016,6383127.599092433,30.234263277213167,-1.4395859087530385e-14,-2.270486269317101e-21,4.73659077170462e-06,4990.599164037344,0.0,-0.0021850791106998984,1.2981713769598616e-16,-5.065766393000581e-19,-7.33362417588175e-05,-4.12703755326844e-22,-1.1216440055588534e-20,-7.33362417588175e-05,-3.8819442509467895e-22,-1.121731531962007e-20,320.583612311437,0.737178085104994,54116.225556929974,255.73655312175535,0.8192707247228603,1.5707963267948968,-0.025893125826473084,262.64476899911796,25426.112241387847,9.764889919807764,-1.840416063125713e-14,2.64957045000939,262.57057853848596,7.456126208227741e-15,1.2008155240862795,-46.365407574646305,0.0,0.0,0.0,5.2098008549443424e-17,0.008390428983232218,0.32396787993701454,0.0,0.0,0.0,0.0,0.0,0.0,0.0,0.0,0.5,0.0,0.0,1.0,5.434858494297553e-16,8.875797492112032,0.0
