t_s,u_b_mps,v_b_mps,w_b_mps,p_b_rps,q_b_rps,r_b_rps,q0,q1,q2,q3,x_e_m,y_e_m,z_e_m,lat_rad,long_rad,h_m,m_fuel_kg,phi_rad,theta_rad,psi_rad,phi_dot_rps,theta_dot_rps,psi_dot_rps,p_nb_rps,q_nb_rps,r_nb_rps,cs_mps,rho_kgpm3,p_kgpms2,T_K,mach,alpha_rad,beta_rad,true_airspeed_mps,qbar_kgpms2,g_mag_mps2,u_n_mps,v_n_mps,w_n_mps,Fx_b_kgmps2,Fy_b_kgmps2,Fz_b_kgmps2,l_b_kgm2ps2,m_b_kgm2ps2,n_b_kgm2ps2,n_x,n_y,n_z,dela_ach_rad,dele_ach_rad,delr_ach_rad,delt_ach_pct,dela_cmd_rad,dele_cmd_rad,delr_cmd_rad,delt_cmd_pct,dela_trim_rad,dele_trim_rad,delr_trim_rad,delt_trim_pct,W_N_mps,W_E_mps,W_D_mps
0.0,0.0,0.0,3.0480000000000003e-06,0.0,0.0,0.0,0.7071067811865476,0.0,-0.7071067811865475,0.0,6387281.0,0.0,0.0,0.0,0.0,9144.0,0.0,0.0,2.220446049250313e-16,0.0,-7.2921151467e-05,1.0667240398595494e-28,-1.619174826816838e-20,-7.2921151467e-05,1.0667240398595494e-28,-1.619174826816838e-20,303.2301162993323,0.45904119204140337,30148.707841120464,228.7993742033871,1.0051772024488427e-08,1.5707963267948966,0.0,3.0480000000000003e-06,2.1323161112935095e-12,9.752107781729656,6.767919558114955e-22,0.0,3.0480000000000003e-06,-2.3817280389266084e-31,0.0,-3.889657067792706e-15,0.0,0.0,0.0,-1.6641790156062975e-33,0.0,2.71781058304315e-17,0.0,0.0,0.0,0.0,0.0,0.0,0.0,0.0,0.5,0.0,0.0,1.0,0.0,0.0,0.0
0.1,-1.481202449504318e-16,2.0507829847644866e-11,0.9752129128876337,0.0,0.0,0.0,0.7071067811818325,-2.5781520347065847e-06,-0.7071067811818323,-2.578152034706585e-06,6387280.951083146,2.3935300835794494e-07,4.2384568561695356e-20,6.680433800861209e-27,3.747338033631816e-14,9143.951083145725,0.0,-7.29211518417338e-06,1.576539854269511e-16,-1.129377268709731e-21,-7.292115258392937e-05,1.392883562031735e-24,-1.1442000070216356e-20,-7.292115258392937e-05,1.4764674228751178e-24,-1.1442000059470584e-20,303.2303263367309,0.4590439039352553,30148.92792048071,228.79969125205358,0.00321607973804423,1.5707963267948968,2.104635908065881e-11,0.9752129128876337,0.2189831297080464,9.752107932124945,-1.4318554040413163e-17,7.134141649763031e-06,0.9752129128614526,6.423763636281388e-20,-8.390948362586606e-15,-0.00039945731984889876,0.0,0.0,0.0,4.488460676447411e-22,-5.862986855689003e-17,2.7911183748017952e-06,0.0,0.0,0.0,0.0,0.0,0.0,0.0,0.0,0.5,0.0,0.0,1.0,0.0,0.0,0.0
0.2,-3.0265002834313256e-16,1.736058967942412e-11,1.9504173511843252,0.0,0.0,0.0,0.7071067811677323,-5.1563040693788985e-06,-0.7071067811677322,-5.156304069378899e-06,6387280.804801566,1.9008842878474704e-06,5.413754530539227e-19,8.53287665303665e-26,2.976046217802548e-13,9143.804801565284,0.0,-1.4584230591004622e-05,1.5863514460387679e-16,-1.6940659416361662e-21,-7.292115592399991e-05,-5.365603005688896e-24,-1.0021140892549397e-20,-7.292115592399991e-05,-5.2201384535025904e-24,-1.0021140972461664e-20,303.23095443522755,0.45905201361696985,30149.586048586385,228.8006393584005,0.006432118206021072,1.5707963267948968,8.933490614185906e-12,1.9504173511843252,0.8738448426669099,9.752108381868952,3.7750064563188313e-17,2.846810982871576e-05,1.9504173509764031,2.5633813569502473e-19,-1.4128637458557593e-14,-0.0015940210514824198,0.0,0.0,0.0,1.7911051948464925e-21,-9.872068344225075e-17,1.1137864361320017e-05,0.0,0.0,0.0,0.0,0.0,0.0,0.0,0.0,0.5,0.0,0.0,1.0,0.0,0.0,0.0
0.30000000000000004,-4.576012953382006e-16,-6.982844740818712e-11,2.9256109610605603,0.0,0.0,0.0,0.7071067811442471,-7.734456103982828e-06,-0.707106781144247,-7.73445610398283e-06,6387280.561156067,6.4001941160840074e-06,1.464606166614958e-18,2.3084357039160777e-25,1.002021761030269e-12,9143.561156067066,0.0,-2.1876346442121764e-05,1.6947798661305355e-16,-5.082197853346426e-21,-7.292116148716561e-05,3.0273367301788345e-24,-1.1929094119516945e-20,-7.292116148716561e-05,3.2883017251328463e-24,-1.1929094050435396e-20,303.23200059135104,0.45906552104173104,30150.682221800518,228.80221851718844,0.009648094381051965,1.5707963267948968,-2.3867988033129898e-11,2.9256109610605603,1.9646166880457947,9.75210913095924,2.0996245738442016e-17,6.40016091054773e-05,2.9256109603604994,5.763107527920219e-19,8.555730163402426e-14,-0.0035837487452086273,0.0,0.0,0.0,4.026842047411043e-21,5.978124440916867e-16,2.5040640079416618e-05,0.0,0.0,0.0,0.0,0.0,0.0,0.0,0.0,0.5,0.0,0.0,1.0,0.0,0.0,0.0
0.4,-6.342206321237327e-16,-3.4304948336602325e-10,3.9007882369969415,0.0,0.0,0.0,0.7071067811113317,-1.0312608138483607e-05,-0.7071067811113316,-1.0312608138483609e-05,6387280.219679922,1.5179876977160176e-05,4.546012854888669e-18,7.165188288953482e-25,2.3765791475136072e-12,9143.219679921554,0.0,-2.9168462963379143e-05,1.4406136655048047e-16,-3.952820761553267e-21,-7.292116928403724e-05,4.369368882544417e-24,-1.2433192387427914e-20,-7.292116928403724e-05,4.7316348601228155e-24,-1.2433192257853083e-20,303.2334668091276,0.4590844520844834,30152.218539962392,228.80443175346812,0.012863976594411655,1.5707963267948968,-8.787660110353932e-11,3.9007882369969415,3.4934474558235604,9.752110180830888,3.0153590947348794e-17,0.00011380240945315006,3.900788235336558,1.0247858247457413e-18,5.608940244365612e-13,-0.006372560108843729,0.0,0.0,0.0,7.160460964305788e-21,3.919121117904655e-15,4.4526833607782486e-05,0.0,0.0,0.0,0.0,0.0,0.0,0.0,0.0,0.5,0.0,0.0,1.0,0.0,0.0,0.0
0.5,-8.009891010405102e-16,-9.42987148246333e-10,4.875943828986519,0.0,0.0,0.0,0.7071067810690314,-1.289076017284746e-05,-0.7071067810690312,-1.2890760172847462e-05,6387279.780843114,2.964150718602012e-05,5.4602668846408455e-18,8.60618838433199e-25,4.640709066669161e-12,9142.78084311386,0.0,-3.646058037420906e-05,1.1000695292480211e-16,-3.388132293624648e-21,-7.292117930381938e-05,1.6038113906073617e-23,-1.3567169246196354e-20,-7.292117930381938e-05,1.6533130355955555e-23,-1.3567168648549002e-20,303.23535107055227,0.459108780689796,30154.192888585636,228.80727602108811,0.016079734075577848,1.5707963267948968,-1.933135255447639e-10,4.875943828986519,5.458315116378195,9.752111530039059,-7.505602419611587e-17,0.00017780155360613056,4.875943825744335,1.6011701989984826e-18,1.9264673499745037e-12,-0.00995676666403802,0.0,0.0,0.0,1.1187817425151215e-20,1.3460758263244483e-14,6.957067253173057e-05,0.0,0.0,0.0,0.0,0.0,0.0,0.0,0.0,0.5,0.0,0.0,1.0,0.0,0.0,0.0
0.6000000000000001,-9.389323932514675e-16,-2.050819294784943e-09,5.851072332832714,0.0,0.0,0.0,0.7071067810173459,-1.546891220704028e-05,-0.7071067810173458,-1.546891220704028e-05,6387279.244648078,5.120050696620412e-05,-1.3908636008719112e-18,-2.192206980241417e-25,8.016011983366031e-12,9142.244648078457,0.0,-4.375269889621198e-05,1.228290622350288e-16,-3.388132773616438e-21,-7.292119154637422e-05,-5.224577530322929e-24,-1.1282854861254182e-20,-7.292119154637422e-05,-4.730922174045613e-24,-1.1282855079044173e-20,303.23765336517204,0.4591385067227043,30156.60525671743,228.81075130426953,0.019295335747063696,1.5707963267948968,-3.505031519225926e-10,5.851072332832714,7.859314280518835,9.75211317857646,-3.3615317863451105e-17,0.0002559981550974167,5.851072327232453,2.3054916291712382e-18,5.025085807129357e-12,-0.01433654099477319,0.0,0.0,0.0,1.6109105352145446e-20,3.5111659329562104e-14,0.00010017336274310101,0.0,0.0,0.0,0.0,0.0,0.0,0.0,0.0,0.5,0.0,0.0,1.0,0.0,0.0,0.0
0.7000000000000001,-1.1068771851716252e-15,-3.892521896594577e-09,6.826168161659167,0.0,0.0,0.0,0.7071067809562303,-1.8047064241026793e-05,-0.7071067809562301,-1.8047064241026796e-05,6387278.610629745,8.131970995399425e-05,1.834682958007772e-18,2.891732293536023e-25,1.273151132481999e-11,9141.610629745139,0.0,-5.1044818758411324e-05,1.3640871837335463e-16,-1.0164397105212473e-20,-7.292120602221803e-05,-2.722621340790537e-24,-1.1641925611580277e-20,-7.292120602221803e-05,-2.127716845720456e-24,-1.1641925725757297e-20,303.24037568988837,0.4591736559661629,30159.457736731754,228.81486061730868,0.022510749486727037,1.5707963267948968,-5.701184739450695e-10,6.826168161659167,10.698658431988935,9.752115127873179,-2.6706800135676e-16,0.00034845937716690135,6.826168152764577,3.138399429957183e-18,1.1131073359656974e-11,-0.0195159208197724,0.0,0.0,0.0,2.1928861685985508e-20,7.777587702525357e-14,0.00013636311689531263,0.0,0.0,0.0,0.0,0.0,0.0,0.0,0.0,0.5,0.0,0.0,1.0,0.0,0.0,0.0
0.8,-1.2581188907389813e-15,-6.727541133194306e-09,7.8012260396836615,0.0,0.0,0.0,0.7071067808857295,-2.062521627477372e-05,-0.7071067808857294,-2.0625216274773725e-05,6387277.879259697,0.00012137991460737248,-6.0953254419524955e-18,-9.607137498070836e-25,1.900338718926924e-11,9140.87925969685,0.0,-5.833694017698717e-05,1.5986594527653412e-16,-9.03502115505588e-21,-7.292122272046508e-05,-7.7178791737043e-23,-7.232771152056534e-21,-7.292122272046508e-05,-7.675704294716508e-23,-7.232775645746844e-21,303.2435160198356,0.4592142022761583,30162.74820695348,228.8196009036978,0.02572594496891841,1.5707963267948968,-8.62237652463221e-10,7.8012260396836615,13.974387460713581,9.752117376479594,-5.163743284525797e-17,0.00045511568129150094,7.8012260264075035,4.099318612597051e-18,2.1986451844477324e-11,-0.02549133061101619,0.0,0.0,0.0,2.864306882175707e-20,1.5362539798501745e-13,0.0001781149517887622,0.0,0.0,0.0,0.0,0.0,0.0,0.0,0.0,0.5,0.0,0.0,1.0,0.0,0.0,0.0
0.9,-1.4191690425603365e-15,-1.0857900445041268e-08,8.776240557978227,0.0,0.0,0.0,0.7071067808058439,-2.3203368308246963e-05,-0.7071067808058438,-2.3203368308246966e-05,6387277.050541988,0.00017279618693782881,-1.1508232010797182e-17,-1.81386839464923e-24,2.7053184881524174e-11,9140.050541987643,0.0,-6.562906337348486e-05,1.3769487029835384e-16,-6.776267303119235e-21,-7.29212416408855e-05,-3.10783435185296e-23,-1.0198829291981312e-20,-7.29212416408855e-05,-3.040900383814139e-23,-1.0198831309659822e-20,303.2470743376067,0.4592601454279391,30166.476649143257,228.824972137161,0.02894089111048632,1.5707963267948968,-1.237192665049577e-09,8.776240557978227,17.686658929467125,9.752119924383548,-1.9171629545705335e-16,0.0005759655894466076,8.776240539078541,5.188295397363637e-18,3.991580623964015e-11,-0.0322630577860893,0.0,0.0,0.0,3.6252049713243356e-20,2.7890273805129e-13,0.00022543087568931987,0.0,0.0,0.0,0.0,0.0,0.0,0.0,0.0,0.5,0.0,0.0,1.0,0.0,0.0,0.0
1.0,-1.5763660812630388e-15,-1.663537677824548e-08,9.75120604586736,0.0,0.0,0.0,0.707106780716528,-2.5781520341410756e-05,-0.7071067807165279,-2.578152034141076e-05,6387276.124013235,0.00023705141553935187,-9.48848057469656e-18,-1.4955257688611755e-24,3.711306838342144e-11,9139.124013235172,0.0,-7.292118858006835e-05,1.3480101488137756e-16,-9.035023121247151e-21,-7.292126279389979e-05,-8.491666596465225e-25,-1.1759170307259212e-20,-7.292126279389979e-05,8.431795990727917e-27,-1.1759170336049333e-20,303.2510526328557,0.45931151111088625,30170.64514808128,228.83097732105492,0.03215555533295496,1.5707963267948968,-1.705814876961482e-09,9.75120604586736,21.837751791817798,9.752122773010077,-3.707716625157429e-18,0.0007110756489396018,9.751206019940064,6.4059983042066034e-18,6.796511658409888e-11,-0.039835259490280356,0.0,0.0,0.0,4.4760475493561004e-20,4.748909991565087e-13,0.00027833993571672844,0.0,0.0,0.0,0.0,0.0,0.0,0.0,0.0,0.5,0.0,0.0,1.0,0.0,0.0,0.0
1.1,-1.746141275852915e-15,-2.4436508448476686e-08,10.726117299490118,0.0,0.0,0.0,0.707106780617827,-2.8359672374232315e-05,-0.7071067806178268,-2.835967237423232e-05,6387275.100146596,0.00031550544905606246,-5.899037418462675e-18,-9.29776251797059e-25,4.9395938667931045e-11,9138.100146596631,0.0,-8.021331600963865e-05,1.788101660115729e-16,-1.3552535987067982e-20,-7.292128616853303e-05,-4.6627004162805e-23,-9.899285062282317e-21,-7.292128616853303e-05,-4.583210307680526e-23,-9.899288751254616e-21,303.2554488739576,0.45936827309371225,30175.2515750098,228.8376133886684,0.03536990775280158,1.5707963267948968,-2.27804312862411e-09,10.726117299490118,26.425766787339086,9.75212592090483,-9.145666309697968e-17,0.0008603757477915253,10.726117264982479,7.751870194312374e-18,1.0982965839997844e-10,-0.048204471194228445,0.0,0.0,0.0,5.416445328028524e-20,7.674100897045542e-13,0.00033681792424960057,0.0,0.0,0.0,0.0,0.0,0.0,0.0,0.0,0.5,0.0,0.0,1.0,0.0,0.0,0.0
1.2000000000000002,-1.897641432183179e-15,-3.468425509557009e-08,11.700968902828308,0.0,0.0,0.0,0.707106780509741,-3.093782440667753e-05,-0.7071067805097409,-3.093782440667754e-05,6387273.978947747,0.000409572818921427,-1.3541449997992415e-17,-2.1343347994213142e-24,6.412325825874482e-11,9136.978947746567,0.0,-8.750544588365828e-05,1.5870740706895343e-16,-1.3552537332905122e-20,-7.292131176446319e-05,2.1502469447612498e-23,-1.2714523277510776e-20,-7.292131176446319e-05,2.2615059392464956e-23,-1.2714521347248759e-20,303.2602630365473,0.45943043106182657,30180.295904398747,228.84488030322268,0.038583917278401124,1.5707963267948968,-2.9642207738186845e-09,11.700968902828308,31.450924247972672,9.7521293680508,1.4253360900978675e-16,0.0010238638155511482,11.700968858032994,9.225975700986872e-18,1.7006092601521956e-10,-0.05737109481569732,0.0,0.0,0.0,6.446443468413595e-20,1.188262554849254e-12,0.0004008676495981108,0.0,0.0,0.0,0.0,0.0,0.0,0.0,0.0,0.5,0.0,0.0,1.0,0.0,0.0,0.0
1.3,-2.0688731190944905e-15,-4.7858047397577634e-08,12.67575509893739,0.0,0.0,0.0,0.7071067803922249,-3.351597643871014e-05,-0.7071067803922247,-3.351597643871015e-05,6387272.759955021,0.0005207562816683948,-2.3822909869805297e-17,-3.7548471810355545e-24,8.153030273107075e-11,9135.759955020621,0.0,-9.479757843740273e-05,1.579042044571866e-16,-1.3552540017481215e-20,-7.292133959201349e-05,-1.454840888095043e-23,-1.142378275318913e-20,-7.292133959201349e-05,-1.3465894936766166e-23,-1.1423784093141605e-20,303.2654971029022,0.4594980106093679,30185.780213299047,228.85278105693925,0.041797550872011806,1.5707963267948968,-3.775341520201775e-09,12.67575509893739,36.915569297039774,9.75213311586786,1.5209538800044075e-16,0.0012016057740332378,12.675755041982839,1.0829002754752673e-17,2.542588734401703e-10,-0.06733940820328713,0.0,0.0,0.0,7.566522646525179e-20,1.7765768164761793e-12,0.0004705190022693024,0.0,0.0,0.0,0.0,0.0,0.0,0.0,0.0,0.5,0.0,0.0,1.0,0.0,0.0,0.0
1.4000000000000001,-2.2286127985227996e-15,-6.444988125072307e-08,13.650470753615718,0.0,0.0,0.0,0.7071067802653236,-3.609412847029785e-05,-0.7071067802653235,-3.609412847029786e-05,6387271.443643122,0.0006503945644725231,-3.314647403764907e-17,-5.224381531149813e-24,1.0182666735022126e-10,9134.443643122291,0.0,-0.00010208971388046733,1.67020927511064e-16,-1.3552544182873958e-20,-7.292136964012096e-05,4.3773677855001385e-24,-1.210829980017993e-20,-7.292136964012096e-05,5.613021048277691e-24,-1.2108299304461805e-20,303.27114903475797,0.4595709854193228,30191.702365996043,228.861312573085,0.04501077908955477,1.5707963267948968,-4.721208528526181e-09,13.650470753615718,42.81786238305666,9.752137162897036,3.711380835990353e-17,0.0013935309452693982,13.650470682484098,1.2560411732125775e-17,3.687916109343027e-10,-0.0781060557455082,0.0,0.0,0.0,8.776305812564257e-20,2.5768486158692798e-12,0.0005457485356809698,0.0,0.0,0.0,0.0,0.0,0.0,0.0,0.0,0.5,0.0,0.0,1.0,0.0,0.0,0.0
1.5,-2.3882574157547876e-15,-8.500377901773902e-08,14.625110441404262,0.0,0.0,0.0,0.7071067801290373,-3.867228050140657e-05,-0.7071067801290372,-3.867228050140658e-05,6387270.030019355,0.0007999014855117141,-4.7815498655347825e-17,-7.536441538134993e-24,1.252337041885311e-10,9133.030019355007,0.0,-0.0001093818524342042,1.8606707147730785e-16,-2.0328814035972746e-20,-7.292140190837129e-05,-3.876403475647421e-23,-1.071943350118137e-20,-7.292140190837129e-05,-3.759152303351378e-23,-1.0719437677137552e-20,303.27721880075535,0.4596493550867976,30198.062329631244,228.87047480432352,0.04822357082815558,1.5707963267948968,-5.8121803153766264e-09,14.625110441404262,49.15808635116784,9.75214150911642,-2.383688011418519e-16,0.0015996366651671614,14.625110353923295,1.4420285604356844e-17,5.211877621256007e-10,-0.08967155339337142,0.0,0.0,0.0,1.0075850940830158e-19,3.641682521028414e-12,0.0006265598549250099,0.0,0.0,0.0,0.0,0.0,0.0,0.0,0.0,0.5,0.0,0.0,1.0,0.0,0.0,0.0
1.6,-2.5295787483400874e-15,-1.1012871567617999e-07,15.599668316594734,0.0,0.0,0.0,0.7071067799833208,-4.1250432531999535e-05,-0.7071067799833207,-4.125043253199954e-05,6387268.518623795,0.0009707994793064708,-6.970959242273491e-17,-1.0987282533398961e-23,1.5198977099813733e-10,9131.51862379505,0.0,-0.00011667399433697097,1.689303419782655e-16,-1.5811307367698167e-20,-7.29214364069888e-05,-4.171087081290665e-23,-1.0619755549876364e-20,-7.29214364069888e-05,-4.047279327623703e-23,-1.0619760377025635e-20,303.2837083756978,0.4597331451094316,30204.862173424324,228.8802707315948,0.05143589258786319,1.5707963267948968,-7.059416952947905e-09,15.599668316594734,55.93865311720281,9.752146155940673,3.055804381254616e-17,0.0018199882201244226,15.599668210425852,1.6409331895223877e-17,7.204001036492036e-10,-0.102040300834787,0.0,0.0,0.0,1.1465652397684258e-19,5.033634049477422e-12,0.0007129837018333015,0.0,0.0,0.0,0.0,0.0,0.0,0.0,0.0,0.5,0.0,0.0,1.0,0.0,0.0,0.0
1.7000000000000002,-2.6762002907382306e-15,-1.404305441830765e-07,16.574139312426908,0.0,0.0,0.0,0.7071067798282193,-4.382858456204496e-05,-0.7071067798282192,-4.3828584562044964e-05,6387266.909932677,0.0011644059821120652,-6.69645008699072e-17,-1.0554617402285641e-23,1.8230113109432193e-10,9129.909932676392,0.0,-0.00012396613979503106,1.8024796148620726e-16,-2.258757813349207e-20,-7.292147312482368e-05,-2.3836961820617798e-23,-1.1143781814963886e-20,-7.292147312482368e-05,-2.2455741484889978e-23,-1.1143784692417978e-20,303.29061571474955,0.45982232908536397,30212.099754774976,228.89069726824602,0.05464771536144142,1.5707963267948968,-8.472589504197959e-09,16.574139312426908,63.15778162808931,9.752151101906232,-1.437822857243777e-16,0.002054514373321438,16.574139185087684,1.852702814146724e-17,9.761845479137837e-10,-0.11520904916793928,0.0,0.0,0.0,1.2945345123649195e-19,6.8208704497150965e-12,0.0008049973754335381,0.0,0.0,0.0,0.0,0.0,0.0,0.0,0.0,0.5,0.0,0.0,1.0,0.0,0.0,0.0
1.8,-2.8265574154489687e-15,-1.7657451172732697e-07,17.548517991661257,0.0,0.0,0.0,0.7071067796637328,-4.640673659150871e-05,-0.7071067796637327,-4.640673659150872e-05,6387265.203954932,0.0013821339197586779,-7.618324341357546e-17,-1.2007633780926471e-23,2.16388998362378e-10,9128.20395493228,0.0,-0.00013125828902959833,1.645203822737906e-16,-2.710508991254095e-20,-7.292151206136891e-05,1.9212952846562845e-23,-1.2290666482493027e-20,-7.292151206136891e-05,2.0826204529948458e-23,-1.2290663854757378e-20,303.2979407795532,0.45991690651934575,30219.775033492064,228.90175435637732,0.05785900803202648,1.5707963267948968,-1.006207543059944e-08,17.54851799166126,70.81581691306151,9.752156346986299,1.3118389150931572e-16,0.0023032118654662936,17.548517840515018,2.077347555574135e-17,1.299803841426289e-09,-0.12917842777675265,0.0,0.0,0.0,1.4514999838795786e-19,9.082087635332828e-12,0.0009026052734046424,0.0,0.0,0.0,0.0,0.0,0.0,0.0,0.0,0.5,0.0,0.0,1.0,0.0,0.0,0.0
1.9000000000000001,-2.987035719509114e-15,-2.1930106611051942e-07,18.522798417309136,0.0,0.0,0.0,0.707106779489816,-4.8984888620353574e-05,-0.7071067794898159,-4.898488862035358e-05,6387263.4002324045,0.0016255252117609801,-8.7529705946522e-17,-1.379601216251505e-23,2.5449478284248e-10,9126.400232404781,0.0,-0.0001385504422820828,1.681561839361703e-16,-2.7105097102235e-20,-7.292155322674851e-05,9.640199588790811e-24,-1.202554511268772e-20,-7.292155322674851e-05,1.1306407187481783e-23,-1.2025543659057674e-20,303.30568553733065,0.4600169028111233,30227.890070850925,228.91344496548393,0.06106973663451743,1.5707963267948968,-1.1839205240779594e-08,18.522798417309136,78.91523822494898,9.752161892590243,6.768746710036693e-17,0.0025661453372488323,18.522798239550887,2.3149401414802347e-17,1.7043807528335108e-09,-0.14395295918167222,0.0,0.0,0.0,1.6175124711435585e-19,1.1908978007191333e-11,0.0010058389958432646,0.0,0.0,0.0,0.0,0.0,0.0,0.0,0.0,0.5,0.0,0.0,1.0,0.0,0.0,0.0
2.0,-3.1498559928999345e-15,-2.6932834995457875e-07,19.496975587880563,0.0,0.0,0.0,0.7071067793065143,-5.1563040648548235e-05,-0.7071067793065142,-5.156304064854824e-05,6387261.499242839,0.0018958758361081358,-8.182275646910018e-17,-1.2896514033059467e-23,2.968213899821966e-10,9124.499242839714,0.0,-0.00014584259975538994,1.447722380778685e-16,-1.8070079178216125e-20,-7.292159660972673e-05,8.013731218715882e-23,-1.3730746912085633e-20,-7.292159660972673e-05,8.213985562904353e-23,-1.373073507804449e-20,303.31384793675426,0.4601222914750205,30236.442717449354,228.9257659991142,0.06427987259600397,1.5707963267948968,-1.3813521421705893e-08,19.496975587880566,87.4543217298047,9.752167737249955,5.213502555884548e-16,0.002843242999815079,19.496975380563914,2.5654300040345947e-17,2.2037709418226633e-09,-0.1595294988569718,0.0,0.0,0.0,1.7925366410202086e-19,1.5398354877818247e-11,0.0011146765710815989,0.0,0.0,0.0,0.0,0.0,0.0,0.0,0.0,0.5,0.0,0.0,1.0,0.0,0.0,0.0
2.1,-3.301580864482047e-15,-3.274430325304289e-07,20.47104405202958,0.0,0.0,0.0,0.7071067791138275,-5.414119267605859e-05,-0.7071067791138274,-5.4141192676058595e-05,6387259.5009968,0.002194597646673468,-8.17953129113762e-17,-1.289219257769159e-23,3.435898676624893e-10,9122.50099680014,0.0,-0.00015313476167056763,9.438226114705403e-17,-2.710508674093067e-20,-7.292164220970369e-05,6.891347057033086e-23,-1.3357310968627675e-20,-7.292164220970369e-05,7.095893838605762e-23,-1.335730025896365e-20,303.32242793246877,0.46023307192543345,30245.432925763613,228.93871738880486,0.06748938478293871,1.5707963267948968,-1.5995424156100375e-08,20.471044052029583,96.43347423869194,9.75217388093376,-6.881999290512007e-16,0.003134500996774461,20.471043812054113,2.828829076841638e-17,2.8137367237150473e-09,-0.17590878888562775,0.0,0.0,0.0,1.9765808318478013e-19,1.9660353888085905e-11,0.0012291231842579014,0.0,0.0,0.0,0.0,0.0,0.0,0.0,0.0,0.5,0.0,0.0,1.0,0.0,0.0,0.0
2.2,-3.4530059783515982e-15,-3.9451900099311303e-07,21.444997778951585,0.0,0.0,0.0,0.7071067789117105,-5.67193447028469e-05,-0.7071067789117104,-5.6719344702846904e-05,6387257.4050379265,0.002523251851820409,-9.731905711099817e-17,-1.5338977219058712e-23,3.950446478328552e-10,9120.405037926199,0.0,-0.0001604269282720478,1.7441945075134355e-16,-2.710512318406926e-20,-7.292169003670128e-05,-9.455027820050132e-24,-1.1568839419102987e-20,-7.292169003670128e-05,-7.59876344173454e-24,-1.1568840772322465e-20,303.3314274839755,0.4603492694624253,30254.862748979405,228.9523020923972,0.07069823876214879,1.5707963267948968,-1.8396418509416827e-08,21.44499777895159,105.85524280652719,9.752180325045623,-5.024288896467787e-17,0.003439983312448515,21.444997503046597,3.105212076519449e-17,3.552408154991784e-09,-0.19309547546910358,0.0,0.0,0.0,2.169697250186406e-19,2.4821654738843927e-11,0.0013492112996621813,0.0,0.0,0.0,0.0,0.0,0.0,0.0,0.0,0.5,0.0,0.0,1.0,0.0,0.0,0.0
2.3000000000000003,-3.595631722571411e-15,-4.7138515235661197e-07,22.41883183030493,0.0,0.0,0.0,0.7071067787002084,-5.929749672888234e-05,-0.7071067787002083,-5.929749672888235e-05,6387255.211845453,0.002883112805937286,-1.069470836775985e-16,-1.6856507810545806e-23,4.513852524651893e-10,9118.211845453208,0.0,-0.00016771909975935243,1.5346543072499368e-16,-1.3552596485895776e-20,-7.292174007939893e-05,-1.3044835551244553e-22,-9.048881070922187e-21,-7.292174007939893e-05,-1.289312064586071e-22,-9.048902847787396e-21,303.3408445335514,0.46047085751774414,30264.730030993214,228.96651700378538,0.07390640639262334,1.5707963267948968,-2.1025921853282873e-08,22.41883183030494,115.71795947152071,9.752187068112978,-3.969153400230176e-16,0.0037596176124530915,22.418831515060806,3.394530074219678e-17,4.438451123300531e-09,-0.21108651600064549,0.0,0.0,0.0,2.371851708101317e-19,3.101268113096497e-11,0.0014749196577625789,0.0,0.0,0.0,0.0,0.0,0.0,0.0,0.0,0.5,0.0,0.0,1.0,0.0,0.0,0.0
2.4000000000000004,-3.755041490007233e-15,-5.589498098607681e-07,23.392540738327764,0.0,0.0,0.0,0.7071067784793215,-6.187564875413083e-05,-0.7071067784793214,-6.187564875413083e-05,6387252.921431584,0.0032755911107129553,-1.1520190893963403e-16,-1.8157601978925522e-23,5.128325355212006e-10,9115.921431584284,0.0,-0.0001750112763533354,1.4255833505461784e-16,-1.3552600264630542e-20,-7.292179233710352e-05,-9.50399676128458e-23,-9.844252485096167e-21,-7.292179233710352e-05,-9.331711097399245e-23,-9.844268967402576e-21,303.35067902879905,0.46059783541486327,30275.034716902606,228.98136204387652,0.07711385652150449,1.5707963267948968,-2.389436086115052e-08,23.39254073832777,126.0220923509952,9.752194110099223,-5.971096668145715e-16,0.004093399441061899,23.39254038018115,3.696796801936367e-17,5.492903079922654e-09,-0.22988276439485034,0.0,0.0,0.0,2.5830538005151922e-19,3.838042753397741e-11,0.0016062542250957017,0.0,0.0,0.0,0.0,0.0,0.0,0.0,0.0,0.5,0.0,0.0,1.0,0.0,0.0,0.0
2.5,-3.911079306707373e-15,-6.582223044931155e-07,24.36611837584797,0.0,0.0,0.0,0.7071067782490043,-6.445380077855412e-05,-0.7071067782490041,-6.445380077855412e-05,6387250.533341782,0.0037022670639515866,-1.0860974545002742e-16,-1.7118581536291225e-23,5.796339199737095e-10,9113.533341781857,0.0,-0.0001823034583014199,1.5110397236487156e-16,-1.3552614771021573e-20,-7.292184681973314e-05,8.137224357773197e-23,-1.3269071901737186e-20,-7.292184681973314e-05,8.379101119963179e-23,-1.3269056858772863e-20,303.3609329213953,0.46073022835281985,30285.778851694708,228.99684015870073,0.08032055424464181,1.5707963267948968,-2.7013419322903647e-08,24.366118375847982,136.7702566866732,9.752201452402865,5.2223156587122905e-16,0.0044413921151973184,24.366117971063257,4.0120889765138075e-17,6.7397606106628355e-09,-0.24948899123587143,0.0,0.0,0.0,2.8033571316012744e-19,4.709256470579174e-11,0.0017432483350476888,0.0,0.0,0.0,0.0,0.0,0.0,0.0,0.0,0.5,0.0,0.0,1.0,0.0,0.0,0.0
2.6,-4.088455718151035e-15,-7.701407834213887e-07,25.339559865602105,0.0,0.0,0.0,0.7071067780093019,-6.70319528021219e-05,-0.7071067780093018,-6.703195280212191e-05,6387248.048056754,0.0041643932330247,-9.48381567816868e-17,-1.4947971271618225e-23,6.519855190061191e-10,9111.048056754595,0.0,-0.00018959564579971896,1.8823417966333962e-16,-2.710517707700899e-20,-7.292190351588325e-05,7.923319658765963e-23,-1.3260129466923854e-20,-7.292190351588325e-05,8.174776962109947e-23,-1.3260114178400228e-20,303.37160414729095,0.46086800968168146,30296.960272637327,229.01294823260307,0.08352647185060606,1.5707963267948968,-3.039239289325139e-08,25.339559865602116,147.96083897520057,9.752209093546904,5.202297878500223e-16,0.004803522761144465,25.339559410307313,4.340359266615661e-17,8.20321036975154e-09,-0.2699022532571397,0.0,0.0,0.0,3.0327286296505233e-19,5.731809146478776e-11,0.0018858814222039275,0.0,0.0,0.0,0.0,0.0,0.0,0.0,0.0,0.5,0.0,0.0,1.0,0.0,0.0,0.0
2.7,-4.238096412605508e-15,-8.957354897558685e-07,26.31285972112213,0.0,0.0,0.0,0.7071067777602146,-6.961010482480004e-05,-0.7071067777602145,-6.961010482480006e-05,6387245.465590347,0.004663378786490127,-1.0105823725192921e-16,-1.592835936475952e-23,7.301079646324677e-10,9108.465590346605,0.0,-0.0001968878390688646,1.984557429836566e-16,-5.421025351840542e-20,-7.292196242476719e-05,1.1578010640001401e-22,-1.3864090658086255e-20,-7.292196242476719e-05,1.1850977498860604e-22,-1.386406759367195e-20,303.3826926470426,0.4610111786339465,30308.578917445127,229.02968617585458,0.0867315781646605,1.5707963267948968,-3.404173849780509e-08,26.312859721122145,159.5943680914605,9.752217033489826,7.64564570302506e-16,0.00517978632127014,26.312859211291848,4.68162318652946e-17,9.910352289697747e-09,-0.29112351520394586,0.0,0.0,0.0,3.2711791349231757e-19,6.924636250750803e-11,0.002034160227505625,0.0,0.0,0.0,0.0,0.0,0.0,0.0,0.0,0.5,0.0,0.0,1.0,0.0,0.0,0.0
2.8000000000000003,-4.4012920746251954e-15,-1.0361532405879357e-06,27.286011716303953,0.0,0.0,0.0,0.707106777501697,-7.218825684654985e-05,-0.7071067775016969,-7.218825684654988e-05,6387242.785489872,0.005200822908811208,-9.261636323255873e-17,-1.4597794104602493e-23,8.142516394380997e-10,9105.785489872409,0.0,-0.00020418003835923944,1.5416942544777106e-16,-5.421023402466509e-20,-7.292202355619736e-05,-7.718316770232626e-24,-1.1696236029020124e-20,-7.292202355619736e-05,-5.330160131819517e-24,-1.1696237359864474e-20,303.39420036437457,0.4611597603059746,30320.636822772587,229.04705692248143,0.08993583780880975,1.5707963267948968,-3.797332286446456e-08,27.286011716303975,171.67352776714003,9.752225273624576,-2.4752737217164857e-17,0.005570245433695242,27.286011147738634,5.035959462219307e-17,1.189193250331017e-08,-0.31315767259617566,0.0,0.0,0.0,3.5187636554198507e-19,8.309220953679623e-11,0.0021881189572993134,0.0,0.0,0.0,0.0,0.0,0.0,0.0,0.0,0.5,0.0,0.0,1.0,0.0,0.0,0.0
2.9000000000000004,-4.558013602256462e-15,-1.1924399588611194e-06,28.259011032946475,0.0,0.0,0.0,0.7071067772337944,-7.476640886734151e-05,-0.7071067772337943,-7.476640886734154e-05,6387240.008237498,0.005777956218755686,-8.45646643568043e-17,-1.3328725677989593e-23,9.046092227860736e-10,9103.00823749757,0.0,-0.00021147224386352286,1.385237876766892e-16,-5.421023380087482e-20,-7.29220868986863e-05,-1.8576667837106996e-22,-8.789169727229551e-21,-7.29220868986863e-05,-1.8390882424887619e-22,-8.789208864850843e-21,303.406125228982,0.4613137279670644,30333.131819332863,229.06505734738587,0.0931392234990001,1.5707963267948968,-4.2196323266158726e-08,28.2590110329465,184.1967574779322,9.752233812469784,-1.153497173658704e-15,0.005974826691277936,28.259010401312757,5.4033223164632463e-17,1.4178370512977506e-08,-0.33600187880879323,0.0,0.0,0.0,3.7754502053340567e-19,9.90681819987397e-11,0.0023477377214314032,0.0,0.0,0.0,0.0,0.0,0.0,0.0,0.0,0.5,0.0,0.0,1.0,0.0,0.0,0.0
3.0,-4.7274531934344576e-15,-1.3657481067626449e-06,29.231852163607087,0.0,0.0,0.0,0.7071067769565067,-7.734456088714086e-05,-0.7071067769565066,-7.734456088714089e-05,6387237.1338487165,0.006396186269985614,-8.250171044949215e-17,-1.300357747868003e-23,1.0014010965851685e-09,9100.133848716505,0.0,-0.00021876445580209662,1.515388813004031e-16,-5.421026037549016e-20,-7.292215245135326e-05,8.819923649279765e-23,-1.3237412911309383e-20,-7.292215245135326e-05,9.109510979095494e-23,-1.3237393299694259e-20,303.41846717433555,0.46147308075822335,30346.063837415808,229.08368735014267,0.09634170403613349,1.5707963267948968,-4.6721230632897273e-08,29.23185216360712,197.1646462341884,9.75224264997898,5.789464684204381e-16,0.006393524431577108,29.231851464418526,5.78372902759414e-17,1.680362949868567e-08,-0.35965720828303366,0.0,0.0,0.0,4.0412508575131145e-19,1.1741158999135148e-10,0.0025130240273188954,0.0,0.0,0.0,0.0,0.0,0.0,0.0,0.0,0.5,0.0,0.0,1.0,0.0,0.0,0.0
3.1,-4.8827905171793644e-15,-1.557364071659556e-06,30.20452877873621,0.0,0.0,0.0,0.7071067766697888,-7.992271290590874e-05,-0.7071067766697887,-7.992271290590877e-05,6387234.161872725,0.0070571309273434095,-9.849260328016868e-17,-1.552400296862045e-23,1.1048805710779312e-09,9097.161872725314,0.0,-0.00022605667442827116,1.6561787193007196e-16,-5.421029171723179e-20,-7.292222022390311e-05,2.382258553481926e-23,-1.2210753704972214e-20,-7.292222022390311e-05,2.6582385671301235e-23,-1.2210748041911493e-20,303.43121971086396,0.46163857252806906,30359.512214210976,229.10295014154784,0.09954324632342408,1.5707963267948968,-5.15600990368342e-08,30.204528778736254,210.58027899803184,9.752251787539466,1.739737316573274e-16,0.006826400601695252,30.204528007330385,6.177270091474535e-17,1.9806145116056423e-08,-0.38412928844181565,0.0,0.0,0.0,4.316228843910038e-19,1.383909940324212e-10,0.0026840171953165085,0.0,0.0,0.0,0.0,0.0,0.0,0.0,0.0,0.5,0.0,0.0,1.0,0.0,0.0,0.0
3.2,-5.033608550593566e-15,-1.7684401326032424e-06,31.177036114491045,0.0,0.0,0.0,0.707106776373686,-8.250086492361579e-05,-0.7071067763736859,-8.250086492361581e-05,6387231.092793125,0.007761998701062698,-1.3214534173372945e-16,-2.0828220612407178e-23,1.2152368670290809e-09,9094.092793124728,0.0,-0.00023334889993126715,1.5288885181204273e-16,-5.421029454207852e-20,-7.292229020476617e-05,-2.7562729273330975e-22,-7.741660743194741e-21,-7.292229020476617e-05,-2.7382055865598096e-22,-7.741724835094952e-21,303.4443885017155,0.4618095069203967,30373.403755986474,229.12284232175116,0.10274382113812325,1.5707963267948968,-5.6721991469405824e-08,31.1770361144911,224.4418863563736,9.75226122366557,7.316541532156534e-18,0.007273381265972242,31.17703526607432,6.583893603233874e-17,2.322326757466182e-08,-0.4094148916164928,0.0,0.0,0.0,4.600347897161391e-19,1.622673703290658e-10,0.002860694672813939,0.0,0.0,0.0,0.0,0.0,0.0,0.0,0.0,0.5,0.0,0.0,1.0,0.0,0.0,0.0
3.3000000000000003,-5.182920514235509e-15,-2.0002513392148024e-06,32.14936863946314,0.0,0.0,0.0,0.7071067760681982,-8.507901694022791e-05,-0.707106776068198,-8.507901694022794e-05,6387227.926627068,0.008512195347098513,-1.3064391536664485e-16,-2.0591582061719314e-23,1.3326900879195e-09,9090.926627067849,0.0,-0.00024064113253118803,1.1337399192111592e-16,-5.421025971669792e-20,-7.2922362392967e-05,1.0295794491467245e-23,-1.197251990316731e-20,-7.2922362392967e-05,1.3176874914306043e-23,-1.1972517078922422e-20,303.4579738706307,0.46198584860630065,30387.734739138206,229.14336376594733,0.10594339713468537,1.5707963267948968,-6.221743766250837e-08,32.149368639463205,238.75010649239772,9.752270958305841,9.541822396925443e-17,0.007734460153614412,32.149367709089184,7.003618283663411e-17,2.7096641257601158e-08,-0.4355151819465827,0.0,0.0,0.0,4.893621097999927e-19,1.8933169966220992e-10,0.003043064593974808,0.0,0.0,0.0,0.0,0.0,0.0,0.0,0.0,0.5,0.0,0.0,1.0,0.0,0.0,0.0
3.4000000000000004,-5.334329210472689e-15,-2.2542258003253262e-06,33.12151992112107,0.0,0.0,0.0,0.7071067757532801,-8.76571689557054e-05,-0.70710677575328,-8.765716895570543e-05,6387224.662925666,0.009309357200671171,-1.609944749950216e-16,-2.53753313913652e-23,1.4574964391140942e-09,9087.662925665887,0.0,-0.00024793337248423935,1.8601234501550714e-16,-7.228041582078325e-20,-7.29224367981012e-05,1.1576916835363603e-22,-1.3422246720531398e-20,-7.29224367981012e-05,1.1909671269386046e-22,-1.3422217624536227e-20,303.47197774369937,0.4621676225869353,30402.507195466624,229.1645173836004,0.10914193798668176,1.5707963267948968,-6.805868416006017e-08,33.12151992112115,253.50776559039127,9.75228099284183,7.615795595470103e-16,0.008209698509076555,33.12151890366577,7.436527037506487e-17,3.147326885016818e-08,-0.46243531480648153,0.0,0.0,0.0,5.196106374254475e-19,2.1991240274683268e-10,0.00323116298082072,0.0,0.0,0.0,0.0,0.0,0.0,0.0,0.0,0.5,0.0,0.0,1.0,0.0,0.0,0.0
3.5,-5.486613670731182e-15,-2.531620728332249e-06,34.09348525273807,0.0,0.0,0.0,0.7071067754289769,-9.023532097001937e-05,-0.7071067754289768,-9.02353209700194e-05,6387221.302173936,0.01015467050526265,-1.5034832916911263e-16,-2.369733928934283e-23,1.5898416582637836e-09,9084.302173935808,0.0,-0.0002552256199761584,1.9490408002040537e-16,-5.421041877470782e-20,-7.292251340851788e-05,7.163531851814701e-23,-1.2773853209863251e-20,-7.292251340851788e-05,7.489520869514372e-23,-1.2773834534356125e-20,303.48639803981314,0.46235480184896405,30417.71892964471,229.18630003108228,0.11233941726341945,1.5707963267948968,-7.425468236258636e-08,34.09348525273816,268.7134087795773,9.752291325783617,4.849608263526272e-16,0.008699021874543281,34.09348414294872,7.882577186835778e-17,3.639818971336266e-08,-0.49017263629865643,0.0,0.0,0.0,5.507773905681112e-19,2.5432418201002533e-10,0.0034249712898382608,0.0,0.0,0.0,0.0,0.0,0.0,0.0,0.0,0.5,0.0,0.0,1.0,0.0,0.0,0.0
3.6,-5.639606894685897e-15,-2.83383410500591e-06,35.065259077301704,0.0,0.0,0.0,0.7071067750952887,-9.281347298313578e-05,-0.7071067750952886,-9.28134729831358e-05,6387217.844390698,0.011049539035443593,-1.6140049696752957e-16,-2.5439354371965232e-23,1.729945541961964e-09,9080.844390697777,0.0,-0.0002625178752267421,1.4007345570592398e-16,-8.131540525590709e-20,-7.292259222314634e-05,1.733546827585562e-22,-1.4073580559297997e-20,-7.292259222314634e-05,1.7704924320795594e-22,-1.4073534565650673e-20,303.5012346782186,0.4625473853441854,30433.369856486934,229.20871158641043,0.11553580371585337,1.5707963267948968,-8.081600363364461e-08,35.06525907730182,284.3677480046553,9.752301957074742,1.1277567045961054e-15,0.00920242336751009,35.06525786977335,8.34178961620193e-17,4.192156297640417e-08,-0.5187284451145133,0.0,0.0,0.0,5.828638284890904e-19,2.929175131103181e-10,0.003624498595342173,0.0,0.0,0.0,0.0,0.0,0.0,0.0,0.0,0.5,0.0,0.0,1.0,0.0,0.0,0.0
3.7,-5.799552320772925e-15,-3.1624378958879213e-06,36.03683485541617,0.0,0.0,0.0,0.7071067747521704,-9.53916249950144e-05,-0.7071067747521703,-9.539162499501442e-05,6387214.289129006,0.011995617383264245,-1.558073592863532e-16,-2.4557798276353204e-23,1.878067157608667e-09,9077.289129005434,0.0,-0.00026981013849505775,1.7896573371250246e-16,-5.421044451669453e-20,-7.292267325147096e-05,1.6668246107428316e-22,-1.3936147906612223e-20,-7.292267325147096e-05,1.704425402712408e-22,-1.3936102428523248e-20,303.5164895766709,0.46274539796556874,30449.461999001775,229.23175494645898,0.11873106053486525,1.5707963267948968,-8.775509054722003e-08,36.03683485541631,300.4736788234487,9.752312888090932,1.0873428399174e-15,0.009719963517046598,36.03683354456432,8.814249265387915e-17,4.809995326610336e-08,-0.548108023175987,0.0,0.0,0.0,6.158758861650951e-19,3.3608762868311437e-10,0.003829781803576588,0.0,0.0,0.0,0.0,0.0,0.0,0.0,0.0,0.5,0.0,0.0,1.0,0.0,0.0,0.0
3.8000000000000003,-5.961648328709461e-15,-3.518792852117158e-06,37.00820793354829,0.0,0.0,0.0,0.707106774399667,-9.796977700562687e-05,-0.7071067743996668,-9.79697770056269e-05,6387210.636875286,0.012994069368821054,-1.3961988806080276e-16,-2.2006399681706304e-23,2.034388735467741e-09,9073.636875285767,0.0,-0.0002771024099633356,1.171791197584971e-16,-5.421034703508855e-20,-7.292275648176021e-05,-8.965783694595006e-24,-1.1695103908530707e-20,-7.292275648176021e-05,-5.725117821947646e-24,-1.169510594994538e-20,303.5321606480116,0.4629488126212455,30465.993155480028,229.25542695846087,0.12192516171053343,1.5707963267948968,-9.508078590522077e-08,37.00820793354846,317.0297948553616,9.752324117338032,-7.098883331537455e-16,0.010251567347800632,37.00820651366252,9.299914878901945e-17,5.498679486977006e-08,-0.5783088050387192,0.0,0.0,0.0,6.498106809612239e-19,3.842078888190773e-10,0.004040802989074799,0.0,0.0,0.0,0.0,0.0,0.0,0.0,0.0,0.5,0.0,0.0,1.0,0.0,0.0,0.0
3.9000000000000004,-6.1095611249968694e-15,-3.904420285444037e-06,37.97937272687689,0.0,0.0,0.0,0.7071067740377786,-0.00010054792901493913,-0.7071067740377784,-0.00010054792901493915,6387206.887650026,0.014046296600456256,-1.6947708832668804e-16,-2.671240321119533e-23,2.1991297366013698e-09,9069.887650026008,0.0,-0.0002843946898510368,1.2127344070894384e-16,-5.421037532036369e-20,-7.29228419128477e-05,-3.130802215355535e-23,-1.1396547853462717e-20,-7.29228419128477e-05,-2.8066903238986046e-23,-1.139655629641952e-20,303.5482478043341,0.46315762817016576,30482.96323319054,229.27972748962853,0.12511807596187619,1.5707963267948968,-1.0280370646250775e-07,37.97937272687709,334.03686627401294,9.752335644754577,-1.7405884504775949e-16,0.010797227361669659,37.97937119209501,9.798809049410514e-17,6.264161179041587e-08,-0.6093321956121239,0.0,0.0,0.0,6.846697914893447e-19,4.376942041306607e-10,0.004257571968326042,0.0,0.0,0.0,0.0,0.0,0.0,0.0,0.0,0.5,0.0,0.0,1.0,0.0,0.0,0.0
4.0,-6.257234758937759e-15,-4.321038212213955e-06,38.95032258653894,0.0,0.0,0.0,0.70710677366646,-0.0001031260810229104,-0.7071067736664599,-0.00010312608102291043,6387203.041008259,0.015153971709615301,-2.1989647054551408e-16,-3.465935603180413e-23,2.3725520567516974e-09,9066.04100825917,0.0,-0.0002916869784200569,1.4515557082611253e-16,-5.421045294081015e-20,-7.29229295541044e-05,4.779374399218758e-23,-1.2353695935757954e-20,-7.29229295541044e-05,5.139658417114469e-23,-1.2353681517524359e-20,303.5647529549006,0.4633718693950564,30500.374246182593,229.30465942400684,0.12830976599440957,1.5707963267948968,-1.109364952487567e-07,38.95032258653917,351.4978579777262,9.752347471710351,3.4020336349375754e-16,0.01135700335942312,38.95032093081752,1.0311018750767846e-16,7.113152791428466e-08,-0.6411836033054568,0.0,0.0,0.0,7.204592948523316e-19,4.970155877088106e-10,0.004480126531376214,0.0,0.0,0.0,0.0,0.0,0.0,0.0,0.0,0.5,0.0,0.0,1.0,0.0,0.0,0.0
4.1000000000000005,-6.390878390201776e-15,-4.770109557793278e-06,39.92105291040782,0.0,0.0,0.0,0.7071067732857563,-0.00010570423302951293,-0.7071067732857562,-0.00010570423302951295,6387199.097437799,0.016318235937851016,-2.2846918247842386e-16,-3.601058102827746e-23,2.554834394747418e-09,9062.097437799288,0.0,-0.0002989792758490949,1.7946263391760933e-16,-5.421056733831669e-20,-7.292301939371906e-05,-4.514976930251999e-23,-1.1201283666226043e-20,-7.292301939371906e-05,-4.180143298865791e-23,-1.1201296717915428e-20,303.5816740066011,0.46359150912679636,30518.223986468776,229.33021959983856,0.13150020621725175,1.5707963267948968,-1.1948788957189072e-07,39.92105291040811,369.4114103339175,9.752359596707032,-2.5996375148789e-16,0.01193081985296627,39.921051127580185,1.0836504098810258e-16,8.051910545723493e-08,-0.6738605479494538,0.0,0.0,0.0,7.571764042337568e-19,5.626091789964016e-10,0.004708449348599192,0.0,0.0,0.0,0.0,0.0,0.0,0.0,0.0,0.5,0.0,0.0,1.0,0.0,0.0,0.0
4.2,-6.5472921892232335e-15,-5.253279391585596e-06,40.891558083685666,0.0,0.0,0.0,0.7071067728956676,-0.00010828238503471249,-0.7071067728956675,-0.00010828238503471252,6387195.056960813,0.017540488541224915,-2.2868959610690526e-16,-3.604534484867177e-23,2.7461958472849767e-09,9058.05696081277,0.0,-0.0003062715823572474,1.132008219224702e-16,-5.421041949600128e-20,-7.29231114304288e-05,-3.330669728443134e-22,-7.937224074308405e-21,-7.29231114304288e-05,-3.306360110843347e-22,-7.93732571099075e-21,303.599010864324,0.4638165461308128,30536.51235371753,229.35640787345253,0.13468936531535708,1.5707963267948968,-1.284685553148792e-07,40.891558083686,387.778350824586,9.752372019678118,-2.0965032624325704e-15,0.012518668724403088,40.89155616743388,1.137528936732221e-16,9.087410460999029e-08,-0.7073645389926926,0.0,0.0,0.0,7.948228157098332e-19,6.349624116702832e-10,0.004942550966928159,0.0,0.0,0.0,0.0,0.0,0.0,0.0,0.0,0.5,0.0,0.0,1.0,0.0,0.0,0.0
4.3,-6.71203732305551e-15,-5.7724140106142215e-06,41.86183134544232,0.0,0.0,0.0,0.7071067724961487,-0.00011086053703846802,-0.7071067724961486,-0.00011086053703846805,6387190.919134346,0.01882241996920651,-2.4181808001401358e-16,-3.8114640611486425e-23,2.9469011041418986e-09,9053.919134345526,0.0,-0.00031356389820920427,1.408278422268862e-16,-5.42105240599609e-20,-7.292320567348923e-05,-3.873040823656902e-23,-1.1319984187187611e-20,-7.292320567348923e-05,-3.5181192555291956e-23,-1.1319995804352713e-20,303.6167654286946,0.4640470050777233,30555.241352867153,229.38322711584715,0.13787720550628327,1.5707963267948968,-1.3789134042099858e-07,41.86183134544271,406.6017135681863,9.752384741987344,-2.1435223848067965e-16,0.013120609032919003,41.86182928926556,1.1927463560689881e-16,1.0227523899126356e-07,-0.74170111111166,0.0,0.0,0.0,8.334047482622981e-19,7.146252794760189e-10,0.005182470058672952,0.0,0.0,0.0,0.0,0.0,0.0,0.0,0.0,0.5,0.0,0.0,1.0,0.0,0.0,0.0
4.4,-6.862699648499076e-15,-6.329077172977617e-06,42.83186814318172,0.0,0.0,0.0,0.7071067720872448,-0.00011343868904075212,-0.7071067720872447,-0.00011343868904075214,6387186.684447587,0.02016514873106332,-2.2614694578237326e-16,-3.564462723492671e-23,3.157125308879407e-09,9049.684447586536,0.0,-0.0003208562235801091,1.6046394887150462e-16,-5.421061537950989e-20,-7.292330211100998e-05,7.863052774621562e-23,-1.2586774323636459e-20,-7.292330211100998e-05,8.266869646995614e-23,-1.2586748480723981e-20,303.63493463933577,0.4642829423345285,30574.417650948497,229.4106741893969,0.14106370206348318,1.5707963267948968,-1.4776487973421293e-07,42.83186814318219,425.8802607113196,9.752397762132256,5.295258761585281e-16,0.013736564782208022,42.83186594045867,1.2492990367090664e-16,1.1479496097611464e-07,-0.7768680062806635,0.0,0.0,0.0,8.729196646840394e-19,8.021040271243184e-10,0.005428190846385799,0.0,0.0,0.0,0.0,0.0,0.0,0.0,0.0,0.5,0.0,0.0,1.0,0.0,0.0,0.0
4.5,-7.011263041864098e-15,-6.925038180404936e-06,43.80166282260732,0.0,0.0,0.0,0.7071067716689557,-0.00011601684104153063,-0.7071067716689556,-0.00011601684104153066,6387182.352924388,0.021570071543136622,-1.9867294484408997e-16,-3.1314276077233666e-23,3.377087164774732e-09,9045.352924387902,0.0,-0.000328148558688665,1.7213974486001088e-16,-5.421068995530389e-20,-7.29234007416306e-05,2.397584242389961e-24,-1.173535304781208e-20,-7.29234007416306e-05,6.248523232531952e-24,-1.1735351629208213e-20,303.6535075120041,0.46452530300064276,30594.141668443666,229.43874931352946,0.14424882880984435,1.5707963267948968,-1.5809989242761495e-07,43.80166282260787,445.61579392157597,9.752411080041295,3.7611526923295697e-17,0.014366527227638823,43.80166046656592,1.3071922637561345e-16,1.2851442899006912e-07,-0.8128685110050445,0.0,0.0,0.0,9.133712578226424e-19,8.979657308996772e-10,0.005679736293785205,0.0,0.0,0.0,0.0,0.0,0.0,0.0,0.0,0.5,0.0,0.0,1.0,0.0,0.0,0.0
4.6000000000000005,-7.171936960584796e-15,-7.562313960626257e-06,44.77120850135859,0.0,0.0,0.0,0.7071067712412366,-0.00011859499304076192,-0.7071067712412364,-0.00011859499304076195,6387177.924123846,0.02303889644709922,-1.5488388120765208e-16,-2.4412382896741037e-23,3.6070541206398097e-09,9040.924123845994,0.0,-0.00033544090380232085,1.6677462908176085e-16,-7.228074678094432e-20,-7.292350157448883e-05,1.6818077631512868e-22,-1.3475968124364366e-20,-7.292350157448883e-05,1.7270107814043204e-22,-1.347591095949695e-20,303.6724974670205,0.4647731089685291,30614.30889923684,229.4674549497043,0.14743254222619917,1.5707963267948968,-1.689094377540992e-07,44.77120850135924,465.81054477356844,9.752424697072037,1.1014558619302572e-15,0.015010554670643599,44.77120598504233,1.3664325834262778e-16,1.4352480429077367e-07,-0.8497066960042144,0.0,0.0,0.0,9.547641016996838e-19,1.002847359631165e-09,0.00593713484410949,0.0,0.0,0.0,0.0,0.0,0.0,0.0,0.0,0.5,0.0,0.0,1.0,0.0,0.0,0.0
4.7,-7.322711632331358e-15,-8.242567892115882e-06,45.74050067354901,0.0,0.0,0.0,0.7071067708041323,-0.00012117314503841911,-0.7071067708041322,-0.00012117314503841914,6387173.398536505,0.024572719066995895,-1.8524509458432993e-16,-2.919785696769576e-23,3.847197741055898e-09,9036.398536505489,0.0,-0.00034273325909264134,1.7201651857183297e-16,-5.421077119024069e-20,-7.292360459761567e-05,2.356126180808819e-24,-1.1744371732201773e-20,-7.292360459761567e-05,6.381972723632196e-24,-1.1744370169599721e-20,303.69190242761994,0.4650263304763745,30634.91686374259,229.49678791750105,0.15061481754475703,1.5707963267948968,-1.8020205327380895e-07,45.74050067354975,486.46324530319595,9.752438611717952,4.501391989496475e-17,0.015668570610131785,45.74049798988359,1.4270162762083035e-16,1.599091527034994e-07,-0.8873802483257417,0.0,0.0,0.0,9.97095597390193e-19,1.1173293171309346e-09,0.006200370336122621,0.0,0.0,0.0,0.0,0.0,0.0,0.0,0.0,0.5,0.0,0.0,1.0,0.0,0.0,0.0
4.800000000000001,-7.475663617173988e-15,-8.967694075186262e-06,46.709533656449835,0.0,0.0,0.0,0.707106770357643,-0.00012375129703446808,-0.7071067703576429,-0.0001237512970344681,6387168.776187925,0.026172933390243135,-2.467698875560213e-16,-3.8895265425773747e-23,4.097736306549271e-09,9031.776187924668,0.0,-0.0003500256247779069,1.323869954479569e-16,-5.421065111143237e-20,-7.292370980955306e-05,-1.1574374940555045e-22,-1.0586240885108946e-20,-7.292370980955306e-05,-1.1203828681101222e-22,-1.0586280749884124e-20,303.71172228421295,0.4652849660941088,30655.965445577287,229.5267480512616,0.15379562337979166,1.5707963267948968,-1.919885165444776e-07,46.709533656450695,507.5748409872665,9.752452823902356,-6.949021365727121e-16,0.01634056567380583,46.709530798210906,1.4889461156124544e-16,1.7776042449159953e-07,-0.9258908926578788,0.0,0.0,0.0,1.040367682822207e-18,1.242061072503935e-09,0.006469454820696702,0.0,0.0,0.0,0.0,0.0,0.0,0.0,0.0,0.5,0.0,0.0,1.0,0.0,0.0,0.0
4.9,-7.631070708573897e-15,-9.739862330869603e-06,47.67830045542428,0.0,0.0,0.0,0.7071067699017236,-0.00012632944902886664,-0.7071067699017235,-0.00012632944902886666,6387164.056639276,0.027841264821189517,-2.729863523675532e-16,-4.302747241426898e-23,4.358939989387218e-09,9027.056639276445,0.0,-0.0003573180011282896,1.683340769803545e-16,-8.131589621706368e-20,-7.292381721931915e-05,-3.854216292637334e-22,-7.964858563160512e-21,-7.292381721931915e-05,-3.8257466527578726e-22,-7.964995675346262e-21,303.7319589184165,0.465549040375552,30677.456643008212,229.5573381952799,0.15697492097040197,1.5707963267948968,-2.0428210125822244e-07,47.67830045542527,529.1485109329674,9.752467334976588,-6.588187939194877e-16,0.017026597395211458,47.6782974152014,1.552231427395084e-16,1.9718376494046951e-07,-0.9652444281580193,0.0,0.0,0.0,1.0845868741586866e-18,1.3777773048347852e-09,0.0067444288181425505,0.0,0.0,0.0,0.0,0.0,0.0,0.0,0.0,0.5,0.0,0.0,1.0,0.0,0.0,0.0
5.0,-7.788265380051185e-15,-1.0560834284079553e-05,48.64679661081821,0.0,0.0,0.0,0.707106769436419,-0.00012890760102158845,-0.7071067694364189,-0.00012890760102158847,6387159.240382452,0.02957878594776458,-2.9815293392826756e-16,-4.699420604276879e-23,4.630976751772461e-09,9022.240382451875,0.0,-0.0003646103883117519,1.0396644234183588e-16,-5.421059002960233e-20,-7.292392681486714e-05,9.838555092675838e-23,-1.265881081574067e-20,-7.292392681486714e-05,1.0300119531494714e-22,-1.2658774089671727e-20,303.75261022108424,0.46581852579778055,30699.388216133084,229.5885551613235,0.16015268597506072,1.5707963267948968,-2.1709124852403416e-07,48.64679661081935,551.1830307416536,9.752482143430077,-2.043932346544895e-15,0.01772658877322519,48.64679338108602,1.6168686198421813e-16,2.18273628397531e-07,-1.0054386213435296,0.0,0.0,0.0,1.129750661770073e-18,1.5251379926783117e-09,0.007025276722501514,0.0,0.0,0.0,0.0,0.0,0.0,0.0,0.0,0.5,0.0,0.0,1.0,0.0,0.0,0.0
5.1000000000000005,-7.931271734038547e-15,-1.1432629280297421e-05,49.61501640340034,0.0,0.0,0.0,0.7071067689617295,-0.0001314857530125994,-0.7071067689617294,-0.00013148575301259944,6387154.327444719,0.031386887838446766,-3.119798323270332e-16,-4.9173609231625684e-23,4.914064422019936e-09,9017.32744471915,0.0,-0.00037190278654612225,1.613635356174756e-16,-8.131595588746389e-20,-7.29240385946402e-05,-3.448059251564112e-22,-8.473201803030635e-21,-7.29240385946402e-05,-3.4165469402219434e-22,-8.473329451340669e-21,303.7736760752945,0.4660934208350491,30721.760040781945,229.62039877265138,0.16332888696749318,1.5707963267948968,-2.3042679634211891e-07,49.615016403401654,573.6794003738063,9.752497249180989,5.877889930242965e-16,0.018440529801112812,49.61501297648399,1.682860626289368e-16,2.411359562380343e-07,-1.0464752962889738,0.0,0.0,0.0,1.1758610952588008e-18,1.6848833776183326e-09,0.0073120112790852395,0.0,0.0,0.0,0.0,0.0,0.0,0.0,0.0,0.5,0.0,0.0,1.0,0.0,0.0,0.0
5.2,-8.077121167974975e-15,-1.2357572358918312e-05,50.58295271843576,0.0,0.0,0.0,0.7071067684776099,-0.00013406390500185684,-0.7071067684776098,-0.00013406390500185687,6387149.317389368,0.03326731302639031,-3.1766151011821026e-16,-5.0069182928135217e-23,5.208475859595382e-09,9012.31738936808,0.0,-0.0003791951961042598,1.8342023737543367e-16,-6.324608183752865e-20,-7.292415256753447e-05,-8.370084476480813e-23,-1.0912852247685028e-20,-7.292415256753447e-05,-7.956232881706841e-23,-1.0912883157641454e-20,303.7951583535877,0.4663737499227307,30744.574105582455,229.6528718598367,0.16650348469083937,1.5707963267948968,-2.443022371712915e-07,50.58295271843728,596.6408677378984,9.75251265357431,-5.068116643017888e-16,0.019168477228495327,50.58294908647287,1.7502169743183613e-16,2.6589079918816545e-07,-1.0883603776554587,0.0,0.0,0.0,1.2229248318087737e-18,1.8578522871618594e-09,0.00760467388513358,0.0,0.0,0.0,0.0,0.0,0.0,0.0,0.0,0.5,0.0,0.0,1.0,0.0,0.0,0.0
5.300000000000001,-8.233139469790027e-15,-1.333752211338248e-05,51.550601140983886,0.0,0.0,0.0,0.7071067679841051,-0.00013664205698933485,-0.707106767984105,-0.00013664205698933488,6387144.210709621,0.03522111091342314,-3.2025878021636953e-16,-5.047860023549458e-23,5.514375401059953e-09,9007.210709620887,0.0,-0.00038648761715050125,1.7928402619204388e-16,-6.324611515663285e-20,-7.292426872142592e-05,-5.2501511339376413e-23,-1.1214499781196138e-20,-7.292426872142592e-05,-4.816688134763916e-23,-1.121451919419373e-20,303.81705494110935,0.466659485463418,30767.828164570645,229.68597122601884,0.16967645521639593,1.5707963267948968,-2.5872591852417687e-07,51.55060114098561,620.0662478942592,9.752528355095462,6.475574220385401e-16,0.019910353558069978,51.550597295999964,1.818934187966005e-16,2.926447747776216e-07,-1.1310917039392228,0.0,0.0,0.0,1.2709394426687447e-18,2.0447896873701625e-09,0.007903249437624094,0.0,0.0,0.0,0.0,0.0,0.0,0.0,0.0,0.5,0.0,0.0,1.0,0.0,0.0,0.0
5.4,-8.38886943599543e-15,-1.4374623674085929e-05,52.51795591328894,0.0,0.0,0.0,0.7071067674812153,-0.00013922020897499932,-0.7071067674812151,-0.00013922020897499935,6387139.007434467,0.03724966945722173,-3.620251872404579e-16,-5.706179128158647e-23,5.8319803927649085e-09,9002.007434466854,0.0,-0.0003937800499021929,1.4899183729367456e-16,-5.42109775420818e-20,-7.292438705465812e-05,1.936991923541683e-22,-1.3423556402179275e-20,-7.292438705465812e-05,1.9898510590971258e-22,-1.3423479086556994e-20,303.83936571355844,0.4669506258350657,30791.522085739332,229.71969668330144,0.17284776707571753,1.5707963267948968,-2.737087425454857e-07,52.517955913290905,643.9565940646544,9.752544353657449,1.2783709863764827e-15,0.020666148143273423,52.517951847160674,1.8890153568069197e-16,3.215177831108285e-07,-1.1746711963709766,0.0,0.0,0.0,1.3199070866096432e-18,2.246533353314506e-09,0.008207751360725202,0.0,0.0,0.0,0.0,0.0,0.0,0.0,0.0,0.5,0.0,0.0,1.0,0.0,0.0,0.0
5.5,-8.527936540429921e-15,-1.547135967466881e-05,53.48500979323373,0.0,0.0,0.0,0.7071067669688953,-0.00014179836095880717,-0.7071067669688952,-0.0001417983609588072,6387133.707129347,0.03935474808140335,-4.081650508433237e-16,-6.433433144439093e-23,6.161566344419202e-09,8996.70712934745,0.0,-0.0004010724946348446,1.5748579038939872e-16,-5.421107906902263e-20,-7.292450757600256e-05,1.2896925914577674e-22,-1.280416067560963e-20,-7.292450757600256e-05,1.3410451038997146e-22,-1.2804107935313642e-20,303.86208280043866,0.4672480464599915,30815.748379136916,229.75405138359207,0.17601738613729662,1.5707963267948968,-2.892644252329481e-07,53.48500979323596,668.3164399475748,9.752560650598781,8.627690409791925e-16,0.021435916933140682,53.485005497648835,1.9604737802257315e-16,3.526466062457112e-07,-1.219107125081502,0.0,0.0,0.0,1.3698370562780067e-18,2.4640390189275226e-09,0.008518237440119727,0.0,0.0,0.0,0.0,0.0,0.0,0.0,0.0,0.5,0.0,0.0,1.0,0.0,0.0,0.0
5.6000000000000005,-8.695981694321594e-15,-1.6629684516395795e-05,54.451758390346285,0.0,0.0,0.0,0.7071067664471903,-0.00014437651294073298,-0.7071067664471902,-0.000144376512940733,6387128.310288807,0.04153737285225099,-3.4961342009079025e-16,-5.510556261099777e-23,6.503293943757955e-09,8991.310288807688,0.0,-0.0004083649515091441,1.3990013059820835e-16,-6.324603666004626e-20,-7.29246302732573e-05,1.2313801874936574e-22,-1.2737234674611944e-20,-7.29246302732573e-05,1.2834005264440367e-22,-1.2737183256280565e-20,303.88520759564517,0.4675514123719326,30840.47210620952,229.7890320004024,0.17918528705229914,1.5707963267948968,-3.054012252337107e-07,54.45175839034883,693.1443147309836,9.752577244400907,-1.9030800456111812e-16,0.022219581929965537,54.45175385688326,2.0333051436664244e-16,3.861507428806389e-07,-1.2643968070938396,0.0,0.0,0.0,1.4207263369746477e-18,2.6981416545457405e-09,0.008834688929108294,0.0,0.0,0.0,0.0,0.0,0.0,0.0,0.0,0.5,0.0,0.0,1.0,0.0,0.0,0.0
5.7,-8.843679697766263e-15,-1.7851869865589856e-05,55.418195902380766,0.0,0.0,0.0,0.7071067659161002,-0.00014695466492074255,-0.7071067659161001,-0.00014695466492074257,6387122.816943568,0.04379892842200654,-3.261901764434471e-16,-5.14136693282281e-23,6.857380024980583e-09,8985.816943568178,0.0,-0.00041565742074192534,1.5178503665552209e-16,-8.131620378444385e-20,-7.292475514466501e-05,-2.9882203868895317e-22,-9.171793899705845e-21,-7.292475514466501e-05,-2.95009688788897e-22,-9.171917314989721e-21,303.9087459015718,0.4678602029830157,30865.63793562705,229.82463813021374,0.18235143492820757,1.5707963267948968,-3.221301158384032e-07,55.418195902383644,718.4406156232756,9.752594134971623,-1.873699024225627e-15,0.023017131839334317,55.418191122470006,2.10751061232073e-16,4.221647213865387e-07,-1.3105409669744474,0.0,0.0,0.0,1.4725757428511393e-18,2.9497812469696744e-09,0.009157110890436415,0.0,0.0,0.0,0.0,0.0,0.0,0.0,0.0,0.5,0.0,0.0,1.0,0.0,0.0,0.0
5.800000000000001,-8.998494143672428e-15,-1.914055854960045e-05,56.384314964183254,0.0,0.0,0.0,0.7071067653755799,-0.00014953281689879228,-0.7071067653755798,-0.0001495328168987923,6387117.226661268,0.046141190860719515,-3.182084897429627e-16,-5.015565052454958e-23,7.22410271019515e-09,8980.22666126738,0.0,-0.00042294990261131056,1.8407046852766203e-16,-6.324645639691443e-20,-7.292488219887058e-05,-9.984349432849898e-23,-1.0865542108852344e-20,-7.292488219887058e-05,-9.524779767129455e-23,-1.0865583352484766e-20,303.9326995708344,0.4681744425970445,30891.247848101848,229.86087257545722,0.1855157895124474,1.5707963267948968,-3.394650444647489e-07,56.38431496418651,744.2087352926243,9.752611323642832,-5.972416904836363e-16,0.02382862179648872,56.384309929064756,2.183100138415697e-16,4.6084203160658004e-07,-1.3575457934472086,0.0,0.0,0.0,1.5253922278027804e-18,3.2200302720317304e-09,0.009485546566423328,0.0,0.0,0.0,0.0,0.0,0.0,0.0,0.0,0.5,0.0,0.0,1.0,0.0,0.0,0.0
5.9,-9.16101379496667e-15,-2.0497799550452285e-05,57.350111243656464,0.0,0.0,0.0,0.7071067648256747,-0.00015211096887485727,-0.7071067648256746,-0.0001521109688748573,6387111.539937754,0.04856516275109197,-3.157729065298825e-16,-4.9771801281706187e-23,7.603619015340054e-09,8974.539937754473,0.0,-0.0004302423972743156,1.5338845953449803e-16,-8.131632863003679e-20,-7.292501142359677e-05,-1.5887496137840119e-22,-1.0404280404022757e-20,-7.292501142359677e-05,-1.543985247682174e-22,-1.0404347788615728e-20,303.95706647878046,0.4684941033414634,30917.299572075277,229.89773212219492,0.18867832769772763,1.5707963267948968,-3.5741418314867387e-07,57.35011124366013,770.4475684701428,9.752628808892066,-9.787129516577172e-16,0.024653973320680825,57.35010594446391,2.260070479698787e-16,5.023160338662086e-07,-1.4054092703397005,0.0,0.0,0.0,1.5791735263783736e-18,3.5098205550767573e-09,0.009819981869516707,0.0,0.0,0.0,0.0,0.0,0.0,0.0,0.0,0.5,0.0,0.0,1.0,0.0,0.0,0.0
6.0,-9.300437359562408e-15,-2.1925991521312586e-05,58.3155788975568,0.0,0.0,0.0,0.7071067642663843,-0.00015468912084890343,-0.7071067642663842,-0.00015468912084890346,6387105.7568055,0.05107222524522929,-3.4799984557555155e-16,-5.485142837009509e-23,7.996145232261345e-09,8968.756805500016,0.0,-0.0004375349049472325,1.7080247467457536e-16,-5.421147438610736e-20,-7.292514281698495e-05,2.0351726034098357e-23,-1.1833151796980231e-20,-7.292514281698495e-05,2.5529140867590377e-23,-1.1833141759739702e-20,303.9818464862776,0.4688191833910449,30943.79295879489,229.93521655996292,0.19183901792699126,1.5707963267948968,-3.7598857690890843e-07,58.31557889756092,797.1582789053856,9.75264659062185,1.6210057116761344e-16,0.02549317446637457,58.31557332527657,2.338425049972734e-16,5.467376017807398e-07,-1.454133520501653,0.0,0.0,0.0,1.633922023895965e-18,3.8202062916321764e-09,0.010160431632652622,0.0,0.0,0.0,0.0,0.0,0.0,0.0,0.0,0.5,0.0,0.0,1.0,0.0,0.0,0.0
6.1000000000000005,-9.45523117074747e-15,-2.342793976760842e-05,59.28071043264083,0.0,0.0,0.0,0.7071067636976638,-0.00015726727282088667,-0.7071067636976637,-0.0001572672728208867,6387099.876834368,0.053664170812885846,-3.442326031510424e-16,-5.425768922119649e-23,8.401962057201448e-09,8962.876834368022,0.0,-0.00044482742591075747,1.5323030583578104e-16,-8.131645132239254e-20,-7.292527638755073e-05,9.602110462210067e-24,-1.1765239279151928e-20,-7.292527638755073e-05,1.4835960500947103e-23,-1.1765233798915893e-20,304.00704143640553,0.4691497069244904,30970.729978777435,229.97332867676693,0.1949978194445372,1.5707963267948968,-3.952024062229604e-07,59.28071043264546,824.344326815288,9.75266467015741,1.0932561008937197e-16,0.026346279539117782,59.28070457806756,2.418173999615575e-16,5.942788206407442e-07,-1.5037248558757783,0.0,0.0,0.0,1.68964481270441e-18,4.1523898890458506e-09,0.010506939959114225,0.0,0.0,0.0,0.0,0.0,0.0,0.0,0.0,0.5,0.0,0.0,1.0,0.0,0.0,0.0
6.2,-9.616306110234969e-15,-2.5005786548036536e-05,60.24550155716734,0.0,0.0,0.0,0.7071067631195582,-0.00015984542479078248,-0.7071067631195581,-0.0001598454247907825,6387093.900521501,0.0563419784067189,-3.4235555155256614e-16,-5.396188053957424e-23,8.821222811570791e-09,8956.900521500656,0.0,-0.00045211996031821174,1.4683155896182792e-16,-8.131645792940717e-20,-7.292541212294124e-05,7.151314875626068e-23,-1.2231893677534624e-20,-7.292541212294124e-05,7.704451319991589e-23,-1.2231859953275928e-20,304.03264919897134,0.4694856459965635,30998.108354540927,230.01206525028834,0.19815470955267966,1.5707963267948968,-4.1506375782349044e-07,60.245501557172524,852.0046403209711,9.752683045972372,4.907384191963835e-16,0.02721320957203925,60.24549541099227,2.499314184323008e-16,6.450876334607386e-07,-1.5541813211980897,0.0,0.0,0.0,1.746339695791643e-18,4.507405065929816e-09,0.010859493186933218,0.0,0.0,0.0,0.0,0.0,0.0,0.0,0.0,0.5,0.0,0.0,1.0,0.0,0.0,0.0
6.300000000000001,-9.77247403244388e-15,-2.666205811142873e-05,61.20994638329155,0.0,0.0,0.0,0.7071067625320676,-0.00016242357675855685,-0.7071067625320675,-0.00016242357675855688,6387087.82790113,0.05910702548152914,-3.3945336212254925e-16,-5.350449039529336e-23,9.254143214271781e-09,8950.82790112961,0.0,-0.0004594125083853145,1.5164948944086232e-16,-5.421151201086602e-20,-7.292555002119535e-05,2.0154320683990934e-22,-1.3229958298470361e-20,-7.292555002119535e-05,2.0762119368499938e-22,-1.3229864310846915e-20,304.0586696272965,0.46982699868304023,31025.927929264908,230.0514260586482,0.20130965664727193,1.5707963267948968,-4.355837520992336e-07,61.20994638329736,880.1404326738583,9.752701717963971,1.3320698430235408e-15,0.028093951961592003,61.20993993605942,2.581849163108822e-16,6.993319580854272e-07,-1.605505129616813,0.0,0.0,0.0,1.8040091599386762e-18,4.886425110539218e-09,0.011218106779986145,0.0,0.0,0.0,0.0,0.0,0.0,0.0,0.0,0.5,0.0,0.0,1.0,0.0,0.0,0.0
6.4,-9.930623292141235e-15,-2.8399724731242528e-05,62.17403727278141,0.0,0.0,0.0,0.7071067619351468,-0.00016500172872416506,-0.7071067619351467,-0.0001650017287241651,6387081.658545389,0.061961120654374105,-3.2261399284542173e-16,-5.085032585176471e-23,9.701006496529374e-09,8944.65854538853,0.0,-0.00046670507039529684,1.7712323263945016e-16,-8.131688070533347e-20,-7.292569009069598e-05,-2.234672590470976e-22,-1.002289882700027e-20,-7.292569009069598e-05,-2.187896928027049e-22,-1.0023002055102919e-20,304.0850887986193,0.4701751740869181,31054.33819696493,230.0914144190216,0.20446263001524506,1.5707963267948968,-4.567768078448553e-07,62.1740372727879,908.757907797805,9.752720687450605,-1.3857871560089767e-15,0.028988560161050808,62.17403051484393,2.665797134881874e-16,7.572060252594293e-07,-1.6577075979981477,0.0,0.0,0.0,1.8626659212246475e-18,5.290807166612125e-09,0.011582859812335802,0.0,0.0,0.0,0.0,0.0,0.0,0.0,0.0,0.5,0.0,0.0,1.0,0.0,0.0,0.0
6.5,-1.0072352067672085e-14,-3.022102092631127e-05,63.13776994784192,0.0,0.0,0.0,0.7071067613288409,-0.00016757988068758325,-0.7071067613288408,-0.00016757988068758327,6387075.392952704,0.06490521910059914,-3.572951884313966e-16,-5.6316821639873e-23,1.0161962262362215e-08,8938.392952704491,0.0,-0.00047399764649776264,2.1390271571723336e-16,-7.22823187192917e-20,-7.292583231901308e-05,1.4419760632569587e-22,-1.2738338921686004e-20,-7.292583231901308e-05,1.5023528813130086e-22,-1.2738269174657427e-20,304.1119176073534,0.47052899877005583,31083.21486557505,230.13202665097927,0.20761359887558725,1.5707963267948968,-4.786509324678435e-07,63.137769947849144,937.8539914608756,9.752739952902033,9.558095267212307e-16,0.029896954708075917,63.13776286945039,2.7511490815327573e-16,8.188717464847161e-07,-1.710783118492835,0.0,0.0,0.0,1.922303678447997e-18,5.721682554431802e-09,0.01195371310039403,0.0,0.0,0.0,0.0,0.0,0.0,0.0,0.0,0.5,0.0,0.0,1.0,0.0,0.0,0.0
6.6000000000000005,-1.0230995388522049e-14,-3.212860146802701e-05,64.10113847079012,0.0,0.0,0.0,0.70710676071315,-0.00017015803264877732,-0.7071067607131499,-0.00017015803264877735,6387069.0311590815,0.06794069437657108,-3.812202525464309e-16,-6.008794741162101e-23,1.0637225626515839e-08,8932.031159082428,0.0,-0.0004812902369078269,1.510110119207136e-16,-8.131676927525789e-20,-7.292597670408157e-05,2.1989018334337737e-22,-1.3276597348046626e-20,-7.292597670408157e-05,2.2628005431194293e-22,-1.3276489979354862e-20,304.1391583414547,0.47088825602248596,31112.534902075084,230.1732624368458,0.21076252995621272,1.5707963267948968,-5.012173299022578e-07,64.10113847079816,967.4295514501264,9.75275951421015,1.4389870727544505e-15,0.03081912233185561,64.10113106205023,2.837907548672321e-16,8.845149103281235e-07,-1.764733274071459,0.0,0.0,0.0,1.9829242102971747e-18,6.180349429913679e-09,0.012330677704812526,0.0,0.0,0.0,0.0,0.0,0.0,0.0,0.0,0.5,0.0,0.0,1.0,0.0,0.0,0.0
6.7,-1.0386563433650017e-14,-3.4125604368890406e-05,65.06413508126474,0.0,0.0,0.0,0.707106760088029,-0.0001727361846077021,-0.7071067600880289,-0.00017273618460770214,6387062.572738969,0.07106937098765387,-3.878904355310429e-16,-6.113936400139988e-23,1.112708231501447e-08,8925.572738969699,0.0,-0.0004885828419112154,2.1993465971096171e-16,-7.228259202183342e-20,-7.292612325415082e-05,8.641558381001999e-23,-1.2298502898070521e-20,-7.292612325415082e-05,9.242445594605133e-23,-1.2298459202460439e-20,304.1668128231082,0.4712529698756188,31142.300267738785,230.21512453496243,0.2139093814898812,1.5707963267948968,-5.244906657730226e-07,65.06413508127368,997.4881908069096,9.752779372686396,5.86147317220979e-16,0.03175511562774913,65.06412733208786,2.926083105646733e-16,9.543488618977323e-07,-1.819564637209179,0.0,0.0,0.0,2.0445349018656152e-18,6.668298494120799e-09,0.01271379954928645,0.0,0.0,0.0,0.0,0.0,0.0,0.0,0.0,0.5,0.0,0.0,1.0,0.0,0.0,0.0
6.800000000000001,-1.0533723293916788e-14,-3.621435513042376e-05,66.02675556161144,0.0,0.0,0.0,0.7071067594535229,-0.00017531433656433422,-0.7071067594535227,-0.00017531433656433425,6387056.018192062,0.07429218018716825,-4.818988272011582e-16,-7.59570632301997e-23,1.1631678192014193e-08,8919.018192062775,0.0,-0.0004958754616537926,1.89280425476447e-16,-5.421231103540196e-20,-7.292627195671747e-05,-3.6047666082878945e-22,-9.136398316094704e-21,-7.292627195671747e-05,-3.559461048118769e-22,-9.136575945018513e-21,304.1948789126504,0.4716231121110631,31172.50865958061,230.2576097064035,0.21705413159255613,1.5707963267948968,-5.484788685152287e-07,66.02675556162137,1028.0289054572818,9.752799526796709,1.83179700376461e-16,0.03270485466297519,66.0267474618116,3.015672807054428e-16,1.0285532993287785e-06,-1.8752753763283063,0.0,0.0,0.0,2.1071336951200764e-18,7.186785347444621e-09,0.01310306583607775,0.0,0.0,0.0,0.0,0.0,0.0,0.0,0.0,0.5,0.0,0.0,1.0,0.0,0.0,0.0
6.9,-1.0689704413930608e-14,-3.839763746404725e-05,66.98899392595942,0.0,0.0,0.0,0.7071067588096317,-0.00017789248851863952,-0.7071067588096316,-0.00017789248851863955,6387049.367556159,0.07761049143320496,-5.464778554749812e-16,-8.613612261103069e-23,1.2151227737088968e-08,8912.367556160316,0.0,-0.0005031680963500377,1.701181036333422e-16,-1.0842228439341657e-19,-7.292642280961182e-05,2.9972785542953357e-23,-1.1883265572912569e-20,-7.292642280961182e-05,3.5952061613167024e-23,-1.1883248987272295e-20,304.22335644823005,0.47199868059428846,31203.159903395284,230.30071770616618,0.22019674856019805,1.5707963267948968,-5.731932249420346e-07,66.98899392597042,1059.053012069173,9.752819976427585,2.2606047057025205e-16,0.033668325495225,66.98898546520586,3.1066805152771166e-16,1.1073335996377313e-06,-1.9318678932243207,0.0,0.0,0.0,2.1707232888130976e-18,7.73724501569628e-09,0.013498493347193321,0.0,0.0,0.0,0.0,0.0,0.0,0.0,0.0,0.5,0.0,0.0,1.0,0.0,0.0,0.0
7.0,-1.0856010754124216e-14,-4.0678759414734716e-05,67.95084227800204,0.0,0.0,0.0,0.7071067581563103,-0.00018047064047057237,-0.7071067581563102,-0.0001804706404705724,6387042.6204080535,0.08102614485872921,-5.173131420624794e-16,-8.153925211900399e-23,1.2686019130612522e-08,8905.62040805413,0.0,-0.0005104607462881311,1.3488502281248296e-16,-7.228185489279459e-20,-7.292657582094647e-05,9.296525862331214e-24,-1.17538936385902e-20,-7.292657582094647e-05,1.5295923790942453e-23,-1.175388743568556e-20,304.2522472419937,0.4723796992243114,31234.25594965154,230.34445127739545,0.2233371901164391,1.5707963267948968,-5.986486484523203e-07,67.9508422780142,1090.5641791044477,9.752840722883407,9.501019437916864e-17,0.03464557984107502,67.95083344576858,3.199116991568621e-16,1.1909258217233446e-06,-1.9893488797088354,0.0,0.0,0.0,2.235311202129279e-18,8.321326907453636e-09,0.013900128840165012,0.0,0.0,0.0,0.0,0.0,0.0,0.0,0.0,0.5,0.0,0.0,1.0,0.0,0.0,0.0
7.1000000000000005,-1.1014035059392894e-14,-4.306013619202745e-05,68.91229643583429,0.0,0.0,0.0,0.707106757493604,-0.0001830487924201099,-0.7071067574936039,-0.00018304879242010994,6387035.777248701,0.08454004765125885,-4.869320343796694e-16,-7.675064385312379e-23,1.3236194474546868e-08,8898.777248702323,0.0,-0.0005177534116101752,1.4824882963947324e-16,-1.264922162859895e-19,-7.292673097814345e-05,6.514235486286901e-23,-1.2128755806408363e-20,-7.292673097814345e-05,7.142228655518717e-23,-1.2128720417850707e-20,304.28154554963834,0.4727664577938233,31265.828418951005,230.38880729749462,0.2264754374617943,1.5707963267948968,-6.24852989886796e-07,68.91229643584775,1122.5621848694325,9.752861764626315,4.474854902823222e-16,0.03563653728958168,68.91228722150036,3.292981585602063e-16,1.27952768360177e-06,-2.0477179313805576,0.0,0.0,0.0,2.3008969806673097e-18,8.940412532981961e-09,0.014307969489329544,0.0,0.0,0.0,0.0,0.0,0.0,0.0,0.0,0.5,0.0,0.0,1.0,0.0,0.0,0.0
7.2,-1.1160576005539347e-14,-4.554468119748002e-05,69.8733503284874,0.0,0.0,0.0,0.7071067568215125,-0.00018562694436721796,-0.7071067568215124,-0.000185626944367218,6387028.8381177075,0.08815356496662695,-5.308215933736369e-16,-8.366864521002956e-23,1.38019675816285e-08,8891.838117708452,0.0,-0.0005250460925299823,2.1025914305480974e-16,-1.0842311923958144e-19,-7.29268882789246e-05,1.9414234650989553e-22,-1.3004234628565681e-20,-7.29268882789246e-05,2.0097014201431919e-22,-1.3004130902429193e-20,304.31123797433656,0.4731601230234462,31298.001819803696,230.43378596732538,0.22961146881599842,1.5707963267948968,-6.518176240778449e-07,69.87335032850226,1155.0513059943105,9.752883101537362,1.2991523568697899e-15,0.03664118320143856,69.87334072128868,3.3882868426626215e-16,1.3733685677607828e-06,-2.106982849438718,0.0,0.0,0.0,2.367489390163662e-18,9.596104650935746e-09,0.01472206980381577,0.0,0.0,0.0,0.0,0.0,0.0,0.0,0.0,0.5,0.0,0.0,1.0,0.0,0.0,0.0
7.300000000000001,-1.131611324604373e-14,-4.813587541203576e-05,70.83399589963732,0.0,0.0,0.0,0.7071067561399909,-0.00018820509631185047,-0.7071067561399907,-0.00018820509631185052,6387021.8025942575,0.09186855229557471,-4.87118514210415e-16,-7.678020611300263e-23,1.4383629044703708e-08,8884.802594258139,0.0,-0.0005323387893381456,1.6383008008410382e-16,-1.0842257313875456e-19,-7.292704773126091e-05,9.540526381494053e-23,-1.2341932405410344e-20,-7.292704773126091e-05,1.0197586396886802e-22,-1.2341879788465336e-20,304.34134286073305,0.47355925671281324,31330.622145947607,230.4793894422617,0.23274522918876914,1.5707963267948968,-6.795577222589517e-07,70.83399589965367,1188.0319107529708,9.752904734913738,6.725440980076296e-16,0.037659568384916846,70.83398588861293,3.485033843065359e-16,1.472705121577677e-06,-2.167144305669803,0.0,0.0,0.0,2.435089185464242e-18,1.0290196527266113e-08,0.015142434477581,0.0,0.0,0.0,0.0,0.0,0.0,0.0,0.0,0.5,0.0,0.0,1.0,0.0,0.0,0.0
7.4,-1.147259050538582e-14,-5.083622298036229e-05,71.79422900043484,0.0,0.0,0.0,0.7071067554490842,-0.00019078324825398498,-0.7071067554490841,-0.00019078324825398503,6387014.671180565,0.0956858926131766,-4.817932487431799e-16,-7.594091674781709e-23,1.498131718075362e-08,8877.67118056553,0.0,-0.0005396315021729817,1.2914184944852073e-16,-1.0842215232004674e-19,-7.292720932250004e-05,-1.3788027383224453e-22,-1.082340334147592e-20,-7.292720932250004e-05,-1.320399167507037e-22,-1.0823476218680736e-20,304.3718580598619,0.4739638303707131,31363.687068858173,230.52561446700759,0.23587669750559623,1.5707963267948968,-7.080810657562536e-07,71.79422900045284,1221.5030544592792,9.752926663213788,-8.17902858747665e-16,0.038691611950962816,71.79421857453255,3.5832198156187923e-16,1.5777523398265275e-06,-2.228200576827464,0.0,0.0,0.0,2.503694430261192e-18,1.1024190389707006e-08,0.01556905146982811,0.0,0.0,0.0,0.0,0.0,0.0,0.0,0.0,0.5,0.0,0.0,1.0,0.0,0.0,0.0
7.5,-1.1626954652228981e-14,-5.3648767958493556e-05,72.75404353886083,0.0,0.0,0.0,0.7071067547487925,-0.00019336140019358733,-0.7071067547487924,-0.00019336140019358738,6387007.443918053,0.09960694656549941,-4.931873349634815e-16,-7.773695685565173e-23,1.55952451034559e-08,8870.443918053992,0.0,-0.0005469242312476044,2.172685120609555e-16,-1.0842360560546167e-19,-7.29273730502591e-05,-5.138350941601957e-22,-8.444864645263245e-21,-7.29273730502591e-05,-5.092163164356116e-22,-8.445144411073352e-21,304.4027833944734,0.47437384164714863,31397.19639647524,230.5724607730615,0.23900584195578517,1.5707963267948968,-7.37399123800286e-07,72.75404353888061,1255.4661518644086,9.75294888631309,8.364962451852324e-16,0.03973729858895959,72.75403268688571,3.6828489104270974e-16,1.6887577466484692e-06,-2.290154243625416,0.0,0.0,0.0,2.573308024346667e-18,1.1799815757644356e-08,0.016001938812715007,0.0,0.0,0.0,0.0,0.0,0.0,0.0,0.0,0.5,0.0,0.0,1.0,0.0,0.0,0.0
7.6000000000000005,-1.1786907837235646e-14,-5.657716661806496e-05,73.71343133500174,0.0,0.0,0.0,0.7071067540390706,-0.00019593955213061096,-0.7071067540390705,-0.00019593955213061102,6387000.120388345,0.10363358473012393,-5.107416098113153e-16,-8.050398195695157e-23,1.6225705776079033e-08,8863.120388345482,0.0,-0.000554216976854977,1.6010472399032311e-16,-1.264928512989795e-19,-7.292753892236831e-05,-7.260366115967624e-23,-1.1264265534003538e-20,-7.292753892236831e-05,-6.63616143891183e-23,-1.1264304170991759e-20,304.4341206547999,0.4747893142772081,31431.152068615826,230.61993107230302,0.24213261923768487,1.5707963267948968,-7.675273260597182e-07,73.71343133502344,1289.9250105166916,9.752971405501494,-4.027193572805459e-16,0.04079667820262385,73.71342004556122,3.783932296747769e-16,1.8060074070426223e-06,-2.3530122515895457,0.0,0.0,0.0,2.643937771988677e-18,1.2619071446059784e-08,0.01644114503654509,0.0,0.0,0.0,0.0,0.0,0.0,0.0,0.0,0.5,0.0,0.0,1.0,0.0,0.0,0.0
7.7,-1.1933292972548237e-14,-5.962401050073591e-05,74.67238827454804,0.0,0.0,0.0,0.7071067533199636,-0.00019851770406503395,-0.7071067533199635,-0.00019851770406503403,6386992.701094891,0.10776666572930134,-5.59569028261767e-16,-8.820034799080631e-23,1.687283370880942e-08,8855.701094890945,0.0,-0.0005615097391296097,1.5184695018060926e-16,-1.2649281466752611e-19,-7.292770692610153e-05,-1.9250199255439734e-22,-1.0517079247760914e-20,-7.292770692610153e-05,-1.865965939190481e-22,-1.051718569336007e-20,304.4658676865834,0.4752102196995153,31465.551751020932,230.66802210141952,0.24525700868440348,1.5707963267948968,-7.984733811081669e-07,74.67238827457184,1324.8787078272444,9.752994219233614,-1.1647457337148078e-15,0.04186966942995227,74.67237653616132,3.886467268210732e-16,1.929735296498279e-06,-2.4167729177822523,0.0,0.0,0.0,2.7155817821718698e-18,1.34835923061751e-08,0.01688665838216956,0.0,0.0,0.0,0.0,0.0,0.0,0.0,0.0,0.5,0.0,0.0,1.0,0.0,0.0,0.0
7.800000000000001,-1.208595005987221e-14,-6.279247472735476e-05,75.63090820957596,0.0,0.0,0.0,0.7071067525914717,-0.0002010958559968222,-0.7071067525914716,-0.0002010958559968223,6386985.186080953,0.11200754549348575,-5.689188167376899e-16,-8.967418572037282e-23,1.7536841284301373e-08,8848.186080954038,0.0,-0.0005688025182838853,1.9254903469702532e-16,-1.6263370257625922e-19,-7.292787705896768e-05,-2.403729023075433e-22,-1.0247660180336559e-20,-7.292787705896768e-05,-2.34543968820081e-22,-1.0247795247296337e-20,304.4980189765769,0.4756370288422863,31500.445809144803,230.71673376468746,0.24837898277236356,1.5707963267948968,-8.302488521404522e-07,75.63090820960203,1360.3300541012293,9.753017327379487,-1.4584692999135982e-15,0.04295625626543054,75.63089601062052,3.9904620687103715e-16,2.060213863202062e-06,-2.481441368612511,0.0,0.0,0.0,2.7882458151324342e-18,1.4395282008550531e-08,0.017338514669220647,0.0,0.0,0.0,0.0,0.0,0.0,0.0,0.0,0.5,0.0,0.0,1.0,0.0,0.0,0.0
7.9,-1.2241255678092936e-14,-6.608639353472326e-05,76.58898276738402,0.0,0.0,0.0,0.7071067518535495,-0.00020367400792592856,-0.7071067518535494,-0.00020367400792592865,6386977.574930631,0.11635810940845209,-6.302333813325e-16,-9.933883603974283e-23,1.821802379298853e-08,8840.574930632176,0.0,-0.0005760953146130939,1.2513084931714343e-16,-1.6263260625571222e-19,-7.292804932864747e-05,-3.2496380719699713e-22,-9.766599924250088e-21,-7.292804932864747e-05,-3.19336260212917e-22,-9.76678534741386e-21,304.5305646040217,0.47607080483430586,31535.947212860858,230.7660691635509,0.2514985073505813,1.5707963267948968,-8.628694338331661e-07,76.58898276741253,1396.2860703809054,9.753040731221507,8.503634201696415e-16,0.044056487653230655,76.58897009603876,4.0959372941335435e-16,2.1977616939063526e-06,-2.5470304114907902,0.0,0.0,0.0,2.8619442617840906e-18,1.5356366606619966e-08,0.01779680338660471,0.0,0.0,0.0,0.0,0.0,0.0,0.0,0.0,0.5,0.0,0.0,1.0,0.0,0.0,0.0
8.0,-1.2397469598713283e-14,-6.950844514329005e-05,77.54660784328503,0.0,0.0,0.0,0.7071067511062423,-0.00020625215985233162,-0.7071067511062422,-0.0002062521598523317,6386969.868148611,0.1208191915977072,-6.894903443220559e-16,-1.0867918697032211e-22,1.8916511915573778e-08,8832.868148612479,0.0,-0.0005833881282479165,1.4379021259271268e-16,-1.6263304671303613e-19,-7.29282237223389e-05,1.2125129089624303e-22,-1.245415798490748e-20,-7.29282237223389e-05,1.2851704139791155e-22,-1.2454085100650327e-20,304.56351915698747,0.47651003108454437,31571.894680492263,230.81602444610567,0.2546155485969605,1.5707963267948968,-8.963427705845363e-07,77.54660784331618,1432.7417140869902,9.753064429210559,8.456732616512946e-16,0.04517028174522044,77.54659468764376,4.2028781523171706e-16,2.342626756224585e-06,-2.613530848012302,0.0,0.0,0.0,2.9366667864348598e-18,1.6368578718432495e-08,0.018261460262532638,0.0,0.0,0.0,0.0,0.0,0.0,0.0,0.0,0.5,0.0,0.0,1.0,0.0,0.0,0.0
8.1,-1.2558350501078498e-14,-7.306193700068379e-05,78.50377723135648,0.0,0.0,0.0,0.7071067503495501,-0.00020883031177599726,-0.70710675034955,-0.00020883031177599734,6386962.065780016,0.12539214306142954,-6.198155006643121e-16,-9.769698459306175e-23,1.9632517270339518e-08,8825.065780016594,0.0,-0.0005906809593999715,1.375607991735546e-16,-1.6263302653950923e-19,-7.292840023744107e-05,-2.565112749212738e-22,-1.0209597977825129e-20,-7.292840023744107e-05,-2.5048061539442523e-22,-1.0209747713057573e-20,304.5968824425318,0.476954705021421,31608.28800157389,230.8665993198737,0.2577300745886713,1.5707963267948968,-9.306805299997696e-07,78.50377723139047,1469.6984920218617,9.753088421211078,-1.5682329279672168e-15,0.04629762183079814,78.50376357937238,4.3112890633936464e-16,2.4951037272626464e-06,-2.68094542680595,0.0,0.0,0.0,3.0124164775530534e-18,1.7433977334133006e-08,0.018732504502432034,0.0,0.0,0.0,0.0,0.0,0.0,0.0,0.0,0.5,0.0,0.0,1.0,0.0,0.0,0.0
8.200000000000001,-1.2700656180346634e-14,-7.675088428434751e-05,79.4604824570615,0.0,0.0,0.0,0.7071067495834277,-0.0002114084636968779,-0.7071067495834276,-0.000211408463696878,6386954.167411469,0.13007886370788038,-6.939220662722885e-16,-1.0937799677431408e-22,2.0366337430521896e-08,8817.167411470786,0.0,-0.0005979738083668317,1.344025302985387e-16,-1.6263306253274827e-19,-7.292857888149044e-05,2.4154136226942136e-22,-1.3138848277703592e-20,-7.292857888149044e-05,2.4939766910066306e-22,-1.3138701551705464e-20,304.63065622825974,0.47740485020400314,31645.129104243675,230.91779646433935,0.26084204099032954,1.5707963267948968,-9.658986796248506e-07,79.46048245709858,1507.1603475938957,9.753112708497843,1.6143739062126223e-15,0.04743855592837071,79.46046829648826,4.421181595160188e-16,2.655535090578086e-06,-2.749281341226806,0.0,0.0,0.0,3.0892014178773678e-18,1.8554955480718496e-08,0.019209986368257104,0.0,0.0,0.0,0.0,0.0,0.0,0.0,0.0,0.5,0.0,0.0,1.0,0.0,0.0,0.0
8.3,-1.2847286136849772e-14,-8.057805037457266e-05,80.41671946841883,0.0,0.0,0.0,0.7071067488079202,-0.0002139866156149525,-0.7071067488079201,-0.0002139866156149526,6386946.173548879,0.13488016302293832,-7.431450518421449e-16,-1.1713681322565614e-22,2.1118099225745794e-08,8809.173548880653,0.0,-0.0006052666752753268,1.9898856418624818e-16,-1.6263452868893697e-19,-7.292875964161371e-05,1.3204410773761322e-22,-1.2477060450142007e-20,-7.292875964161371e-05,1.3959643221213762e-22,-1.247697817323515e-20,304.6648383508959,0.4778604377996314,31682.415628758612,230.96961260022763,0.2639514279423053,1.5707963267948968,-1.0020047961783565e-06,80.4167194684592,1545.1264037106168,9.753137289518058,9.115714554576053e-16,0.0485930017322646,80.4167047869282,4.532553174707697e-16,2.824195749947756e-06,-2.8185369913290557,0.0,0.0,0.0,3.1670198096453137e-18,1.9733433986634827e-08,0.019693894680745536,0.0,0.0,0.0,0.0,0.0,0.0,0.0,0.0,0.5,0.0,0.0,1.0,0.0,0.0,0.0
8.4,-1.2972929753622651e-14,-8.454687530413488e-05,81.37248200224104,0.0,0.0,0.0,0.7071067480230276,-0.00021656476753018704,-0.7071067480230275,-0.00021656476753018712,6386938.084239237,0.13979738686746826,-9.503209343076368e-16,-1.4979270529853697e-22,2.1888013477450176e-08,8801.084239238873,0.0,-0.0006125595603362784,2.2035459792921437e-16,-1.6263514900051367e-19,-7.292894251509935e-05,1.0099686127043806e-22,-1.2268343446372329e-20,-7.292894251509935e-05,1.085119329195362e-22,-1.2268279278062895e-20,304.69942860949726,0.47832146513009133,31720.14735592634,231.02204742293253,0.2670582034683496,1.5707963267948968,-1.0390106486093909e-06,81.37248200228497,1583.598205301472,9.75316216413052,7.158063908166398e-16,0.04976094182207519,81.37246678736524,4.645408334012056e-16,3.0014058665957285e-06,-2.888715195290708,0.0,0.0,0.0,3.2458748194733304e-18,2.0971649906583478e-08,0.020184249131283704,0.0,0.0,0.0,0.0,0.0,0.0,0.0,0.0,0.5,0.0,0.0,1.0,0.0,0.0,0.0
8.5,-1.3118472296496087e-14,-8.866155749649178e-05,82.32776140136565,0.0,0.0,0.0,0.7071067472287049,-0.00021914291944253344,-0.7071067472287048,-0.00021914291944253353,6386929.899071731,0.14483244938562895,-9.68239987651949e-16,-1.5261736221634702e-22,2.2676379997173004e-08,8792.899071732847,0.0,-0.0006198524638494981,2.0795989801862267e-16,-1.6263504180501873e-19,-7.292912750932973e-05,2.6142758966829296e-22,-1.3172306763437154e-20,-7.292912750932973e-05,2.6959232505175496e-22,-1.3172142203335593e-20,304.73440794666317,0.4787898146993298,31758.525066090308,231.07510431842297,0.2701623410588085,1.5707963267948968,-1.076932478613431e-06,82.32776140141338,1622.5860552762642,9.753187333602288,1.7512106086246143e-15,0.05094242322732713,82.3277456404366,4.759777296158032e-16,3.187550987316055e-06,-2.9598347471289785,0.0,0.0,0.0,3.3257875650636204e-18,2.2272297162262086e-08,0.02068118103884908,0.0,0.0,0.0,0.0,0.0,0.0,0.0,0.0,0.5,0.0,0.0,1.0,0.0,0.0,0.0
8.6,-1.3279481943669203e-14,-9.292494468531325e-05,83.28255358779771,0.0,0.0,0.0,0.7071067464249973,-0.0002217210713519712,-0.7071067464249972,-0.0002217210713519713,6386921.618553492,0.14998613528097696,-1.0233893360918647e-15,-1.613104051977242e-22,2.3483321740949412e-08,8784.618553493792,0.0,-0.0006271453859379418,1.8947142104723286e-16,-1.6263477431927163e-19,-7.292931461135293e-05,-2.186203117103394e-22,-1.0472304160361066e-20,-7.292931461135293e-05,-2.1205197598625643e-22,-1.0472439093339168e-20,304.7697915503484,0.47926390734191376,31797.38056449736,231.12877939651105,0.2732638061378338,1.5707963267948968,-1.1157778028940824e-06,83.28255358784955,1662.0841523126765,9.753212796376864,2.2025519100961538e-16,0.05213736313833899,83.2825372680686,4.875643043249574e-16,3.38291919030681e-06,-3.031885064382356,0.0,0.0,0.0,3.4067461555432423e-18,2.3637388635428156e-08,0.02118461646086681,0.0,0.0,0.0,0.0,0.0,0.0,0.0,0.0,0.5,0.0,0.0,1.0,0.0,0.0,0.0
8.700000000000001,-1.3437317823461657e-14,-9.734061089220958e-05,84.23685223357941,0.0,0.0,0.0,0.7071067456119045,-0.00022429922325846628,-0.7071067456119043,-0.00022429922325846636,6386913.242733404,0.15525978505408675,-1.0404698971551287e-15,-1.6400292292572373e-22,2.430904869903012e-08,8776.242733405903,0.0,-0.0006344383268116001,1.6494931160575199e-16,-1.6263433563766113e-19,-7.292950381834451e-05,9.812713994034622e-23,-1.2260713881098346e-20,-7.292950381834451e-05,1.0590578647007705e-22,-1.2260649157941953e-20,304.80558238975874,0.47974345639484,31836.683257237997,231.1830722299172,0.2763625638782459,1.5707963267948968,-1.155558503328823e-06,84.23685223363566,1702.0931486948305,9.75323855230734,7.243516144869696e-16,0.053345743410399105,84.23683534216507,4.993007488729379e-16,3.5878558721794787e-06,-3.104867336912007,0.0,0.0,0.0,3.4887519278873356e-18,2.5069337707389298e-08,0.021694563711224756,0.0,0.0,0.0,0.0,0.0,0.0,0.0,0.0,0.5,0.0,0.0,1.0,0.0,0.0,0.0
8.8,-1.3581500924360036e-14,-0.00010191294110285768,85.19064855873656,0.0,0.0,0.0,0.7071067447893814,-0.00022687737516197004,-0.7071067447893813,-0.00022687737516197012,6386904.771203277,0.16065532678526606,-1.099778907725335e-15,-1.7335167188955632e-22,2.515386287469346e-08,8767.771203278564,0.0,-0.0006417312867724758,1.4385577753192427e-16,-1.626339454549692e-19,-7.29296951375354e-05,-1.09177189625536e-22,-1.110015150634586e-20,-7.29296951375354e-05,-1.0205371872864875e-22,-1.1100219259446969e-20,304.8417822091395,0.4802284852286463,31876.435059705593,231.2379854645703,0.27945856890374127,1.5707963267948968,-1.1962911073613734e-06,85.19064855879752,1742.6171195851875,9.753264602652873,-6.149579473582846e-16,0.0545676101012437,85.19063108255071,5.11188258688816e-16,3.8027668475729987e-06,-3.1787889984113242,0.0,0.0,0.0,3.571813234888256e-18,2.6570979916860712e-08,0.02221107473118721,0.0,0.0,0.0,0.0,0.0,0.0,0.0,0.0,0.5,0.0,0.0,1.0,0.0,0.0,0.0
8.9,-1.3739826731480534e-14,-0.00010664486607721147,86.14393856995294,0.0,0.0,0.0,0.7071067439574734,-0.0002294555270624625,-0.7071067439574733,-0.0002294555270624626,6386896.204471444,0.16617352025714638,-1.1257439565877959e-15,-1.7744462918931784e-22,2.6017883328819008e-08,8759.204471445642,0.0,-0.0006490242659396299,1.1685160648582092e-16,-1.6263336597185353e-19,-7.292988855590628e-05,4.86572054526593e-24,-1.1720118745899471e-20,-7.292988855590628e-05,1.2472443912196269e-23,-1.172011310386955e-20,304.8783888363219,0.4807189647391947,31916.633586594628,231.2935158054037,0.2825518021618262,1.5707963267948968,-1.2379830697283301e-06,86.14393857001895,1783.6552236111315,9.75329094585333,-1.488591628839123e-15,0.055802879968475036,86.14392049583381,5.232265869600798e-16,4.027971955240826e-06,-3.2536485140936904,0.0,0.0,0.0,3.655928351998965e-18,2.8144550065352818e-08,0.022734138796777124,0.0,0.0,0.0,0.0,0.0,0.0,0.0,0.0,0.5,0.0,0.0,1.0,0.0,0.0,0.0
9.0,-1.3879756447916875e-14,-0.00011154009398769762,87.09671587967568,0.0,0.0,0.0,0.7071067431161804,-0.0002320336789599096,-0.7071067431161803,-0.00023203367895990968,6386887.542588699,0.17181570039710176,-1.1949391659477965e-15,-1.88351734493435e-22,2.6901319187383454e-08,8750.54258870054,0.0,-0.0006563172645221883,1.9502136563399022e-16,-1.6263557220989793e-19,-7.293008407051941e-05,4.569067276230643e-22,-1.411608748513744e-20,-7.293008407051941e-05,4.661712604751185e-22,-1.411578456911652e-20,304.91540205425974,0.4812148920183607,31957.278599562185,231.3496629231699,0.2856422315598483,1.5707963267948968,-1.2806463809924767e-06,87.09671587974711,1825.2090870579675,9.75331758175604,2.9783630315319915e-15,0.057051534141195404,87.09669719432445,5.35416210749675e-16,4.263846641924842e-06,-3.3294488505421964,0.0,0.0,0.0,3.7411006125897334e-18,2.9792671502715403e-08,0.023263776636328073,0.0,0.0,0.0,0.0,0.0,0.0,0.0,0.0,0.5,0.0,0.0,1.0,0.0,0.0,0.0
9.1,-1.403113480937232e-14,-0.0001166031985319237,88.04897150569894,0.0,0.0,0.0,0.7071067422654571,-0.0002346118308542622,-0.707106742265457,-0.00023461183085426228,6386878.785149509,0.1775838089251694,-1.2450126090056466e-15,-1.9624480867573824e-22,2.7804474599364746e-08,8741.785149512192,0.0,-0.0006636102828243006,1.287782417166115e-16,-1.6263390585669207e-19,-7.2930281688444e-05,-1.577221746881515e-22,-1.0850367010029731e-20,-7.2930281688444e-05,-1.5052135685265594e-22,-1.0850469217095734e-20,304.95279956727427,0.48171844790127033,31998.60312207187,231.4064302830944,0.2887298337950294,1.5707963267948968,-1.3242978537025362e-06,88.04897150577615,1867.2912043529768,9.75334451161215,-9.308025811766032e-16,0.058313617638953014,88.04895219561487,5.477607952370951e-16,4.5108512396676866e-06,-3.406212799423225,0.0,0.0,0.0,3.8273556262797185e-18,3.1518560695787047e-08,0.02380014750149392,0.0,0.0,0.0,0.0,0.0,0.0,0.0,0.0,0.5,0.0,0.0,1.0,0.0,0.0,0.0
9.200000000000001,-1.4179273077083278e-14,-0.00012183719264504447,89.00070142038867,0.0,0.0,0.0,0.7071067414053488,-0.00023718998274550093,-0.7071067414053487,-0.000237189982745501,6386869.932663407,0.18347858055887029,-1.2732420313436658e-15,-2.0069474470661122e-22,2.8727464708039237e-08,8732.93266340997,0.0,-0.0006709033209611093,1.6783630509877025e-16,-1.626351454532527e-19,-7.293048139658132e-05,3.2800255035583016e-22,-1.3399810083858663e-20,-7.293048139658132e-05,3.3699277021516145e-22,-1.3399586949566416e-20,304.9906013615541,0.4822276130724169,32040.391582205157,231.463813810757,0.2918145695252471,1.5707963267948968,-1.368944888005823e-06,89.00070142047207,1909.8934025943206,9.753371733857904,2.173742113539936e-15,0.0595890467114416,89.00068147199885,5.602579429412263e-16,4.769313248493463e-06,-3.483925452165503,0.0,0.0,0.0,3.914676641207689e-18,3.3324505977487456e-08,0.02434314722197873,0.0,0.0,0.0,0.0,0.0,0.0,0.0,0.0,0.5,0.0,0.0,1.0,0.0,0.0,0.0
9.3,-1.4325385524155023e-14,-0.00012724592021268926,89.95189916833793,0.0,0.0,0.0,0.7071067405358555,-0.00023976813463359156,-0.7071067405358554,-0.00023976813463359164,6386860.985183129,0.18950134442439248,-1.3092401562637204e-15,-2.0636923921695736e-22,2.967049773965902e-08,8723.985183132812,0.0,-0.000678196379140841,1.4572645207066842e-16,-1.6263464965531558e-19,-7.293068319187804e-05,3.849530177491492e-22,-1.3662845556086393e-20,-7.293068319187804e-05,3.942190208940937e-22,-1.3662581340248597e-20,305.0288087989738,0.48274224198841237,32082.628465554983,231.5218131090406,0.2948964051054923,1.5707963267948968,-1.4145995958848363e-06,89.95189916842793,1953.0168112163037,9.753399248334764,2.52620708872154e-15,0.060877801745310656,89.95187856793365,5.729079851761905e-16,5.03963679674977e-06,-3.562588869023091,0.0,0.0,0.0,4.003065972356717e-18,3.521333110394953e-08,0.024892790193345383,0.0,0.0,0.0,0.0,0.0,0.0,0.0,0.0,0.5,0.0,0.0,1.0,0.0,0.0,0.0
9.4,-1.4477567159436663e-14,-0.00013283414712554576,90.9025556535914,0.0,0.0,0.0,0.707106739656932,-0.00024234628651848458,-0.7071067396569319,-0.00024234628651848467,6386851.942305854,0.1956540555689612,-1.286209849107254e-15,-2.0273937161708136e-22,3.063387994033591e-08,8714.942305857005,0.0,-0.0006854894576697417,1.8293929534426038e-16,-1.626359303593525e-19,-7.293088708124736e-05,-4.0728443781777565e-22,-9.599428260085707e-21,-7.293088708124736e-05,-4.007050086212591e-22,-9.599705384992376e-21,305.06742359966705,0.48326235781831905,32125.315673664307,231.58043078912658,0.2979752941128353,1.5707963267948968,-1.4612790870969986e-06,90.90255565368847,1996.6656321194469,9.753427056285705,-8.309520884580432e-16,0.062179926759495165,90.90253438726143,5.857121545489456e-16,5.322298475784205e-06,-3.642210714877509,0.0,0.0,0.0,4.092532232291294e-18,3.718836615025628e-08,0.025449129972233316,0.0,0.0,0.0,0.0,0.0,0.0,0.0,0.0,0.5,0.0,0.0,1.0,0.0,0.0,0.0
9.5,-1.463639963469999e-14,-0.0001386049670617304,91.8526669385505,0.0,0.0,0.0,0.7071067387686235,-0.00024492443840016105,-0.7071067387686234,-0.0002449244384001611,6386842.804542304,0.20193742350874802,-1.3593242173458165e-15,-2.142643631349839e-22,3.1617722514531523e-08,8705.80454230743,0.0,-0.0006927825566590158,1.7761938310369975e-16,-1.4456590750608392e-19,-7.293109305152465e-05,2.0250606172509936e-22,-1.2686434425556094e-20,-7.293109305152465e-05,2.1129550298512685e-22,-1.2686290979295723e-20,305.1064435827418,0.4837879311869628,32168.450795639023,231.63966354039735,0.30105121830354586,1.5707963267948968,-1.508990703715706e-06,91.85266693865508,2040.8390493442932,9.75345515614336,1.3424288970966734e-15,0.0634953375811517,91.85264499231468,5.98670211701922e-16,5.6176672753506695e-06,-3.722789501300187,0.0,0.0,0.0,4.183073748554121e-18,3.925218934950308e-08,0.02601215615858193,0.0,0.0,0.0,0.0,0.0,0.0,0.0,0.0,0.5,0.0,0.0,1.0,0.0,0.0,0.0
9.600000000000001,-1.4801123005210124e-14,-0.000144562359641903,92.80222649573966,0.0,0.0,0.0,0.7071067378709299,-0.00024750259027858684,-0.7071067378709298,-0.0002475025902785869,6386833.571947159,0.20835277135209668,-1.371931837246286e-15,-2.1625196229020235e-22,3.262223275509212e-08,8696.57194716297,0.0,-0.0007000756763159565,1.8534443629846405e-16,-1.0842626360494588e-19,-7.293130109953952e-05,-1.8418580730413795e-22,-1.0773572768919971e-20,-7.293130109953952e-05,-1.7664344654240767e-22,-1.077369907281709e-20,305.1458585086429,0.4843198622024671,32212.130463862737,231.69951135750813,0.30412415541016996,1.5707963267948968,-1.5577466737656622e-06,92.80222649585225,2085.5426518513555,9.753483547743327,-1.0921889223419792e-15,0.06482401384650045,92.80220385548338,6.117837961293782e-16,5.926190875591579e-06,-3.8043354233733138,0.0,0.0,0.0,4.274701976743387e-18,4.1407928766215085e-08,0.026581939988240016,0.0,0.0,0.0,0.0,0.0,0.0,0.0,0.0,0.5,0.0,0.0,1.0,0.0,0.0,0.0
9.700000000000001,-1.4962783513979623e-14,-0.00015071128518209188,93.75122497272868,0.0,0.0,0.0,0.7071067369638061,-0.0002500807421537118,-0.707106736963806,-0.0002500807421537119,6386824.2441203585,0.2149020671637929,-1.3363153555985678e-15,-2.1063819254212e-22,3.364771895715276e-08,8687.244120362215,0.0,-0.0007073688169488587,1.7857833390619886e-16,-1.0842622438440013e-19,-7.293151123203136e-05,4.5852058154560745e-22,-1.39660738169718e-20,-7.293151123203136e-05,4.683996776374175e-22,-1.3965745969263198e-20,305.1856628710576,0.4848588251455178,32256.426427573213,231.759977085441,0.30719406573032315,1.5707963267948968,-1.6075644057691765e-06,93.75122497284981,2130.783793543451,9.75351223232026,2.9902452644313272e-15,0.06616599845947635,93.75120162413424,6.250550650631292e-16,6.2483942411725685e-06,-3.8868618956944365,0.0,0.0,0.0,4.3674319900322665e-18,4.365925247317897e-08,0.027158575192697373,0.0,0.0,0.0,0.0,0.0,0.0,0.0,0.0,0.5,0.0,0.0,1.0,0.0,0.0,0.0
9.8,-1.510691683279727e-14,-0.00015705491752954185,94.6996584300976,0.0,0.0,0.0,0.7071067360472972,-0.0002526588940255175,-0.7071067360472971,-0.0002526588940255176,6386814.821573813,0.22158599511237578,-1.408382048267086e-15,-2.2199811521034986e-22,3.469428836356824e-08,8677.821573817482,0.0,-0.0007146619786649652,1.2948169888490833e-16,-1.0842470954235452e-19,-7.293172343575985e-05,-1.8021502580933672e-22,-1.0799276944396462e-20,-7.293172343575985e-05,-1.7249715320142877e-22,-1.079940297966599e-20,305.2258714282647,0.4854032610066524,32301.172196198757,231.82105681472612,0.31026091461636246,1.5707963267948968,-1.6584511936542796e-06,94.69965843022783,2176.555219721939,9.753541208303186,-2.8352979651354736e-15,0.06752120676239357,94.69963435878172,6.384818903723972e-16,6.5846549604183385e-06,-3.9703556846288066,0.0,0.0,0.0,4.461248918584552e-18,4.6008798784073856e-08,0.027741969304901134,0.0,0.0,0.0,0.0,0.0,0.0,0.0,0.0,0.5,0.0,0.0,1.0,0.0,0.0,0.0
9.9,-1.5261114910247004e-14,-0.0001635973737903912,95.64752027817927,0.0,0.0,0.0,0.7071067351214033,-0.00025523704589396995,-0.7071067351214032,-0.00025523704589397,6386805.304364181,0.22840587205271956,-1.4451572231827531e-15,-2.2779519312874223e-22,3.5762147297123174e-08,8668.304364184849,0.0,-0.0007219551616705988,1.4914543943258502e-16,-1.0842555101787066e-19,-7.293193770743679e-05,3.583226769967792e-22,-1.3413730864868139e-20,-7.293193770743679e-05,3.68006695008338e-22,-1.3413468676237155e-20,305.2664839384974,0.4859531665122756,32346.36750069111,231.88275017810204,0.3133246697910979,1.5707963267948968,-1.7104193952381453e-06,95.64752027831919,2222.858670033407,9.75357047552174,2.3304738491117926e-15,0.06888961763602487,95.64749546962565,6.520647823741168e-16,6.9354427354753805e-06,-4.054819963547152,0.0,0.0,0.0,4.556156328125298e-18,4.84598496372361e-08,0.028332144498067084,0.0,0.0,0.0,0.0,0.0,0.0,0.0,0.0,0.5,0.0,0.0,1.0,0.0,0.0,0.0
10.0,-1.5423567961852388e-14,-0.00017034381201810954,96.59480109483364,0.0,0.0,0.0,0.7071067341860793,-0.00025781519775901836,-0.7071067341860792,-0.0002578151977590184,6386795.692094212,0.2353636787456267,-1.359630420209725e-15,-2.1431422044527136e-22,3.6851606051998345e-08,8658.692094216743,0.0,-0.0007292483662760536,1.91532958004256e-16,-1.084272749790572e-19,-7.293215405364502e-05,2.7796632196845344e-22,-1.3021388388016969e-20,-7.293215405364502e-05,2.874615637469606e-22,-1.3021182325483545e-20,305.30750209691854,0.48650856461539954,32392.014227498687,231.94505975064487,0.3163852837810496,1.5707963267948968,-1.763486725384702e-06,96.59480109498384,2269.698467156237,9.753600035202071,1.821652529104452e-15,0.07027127297977462,96.59477553432235,6.65805009105118e-16,7.301312944987142e-06,-4.140262617649213,0.0,0.0,0.0,4.6521630787772756e-18,5.1016285616296745e-08,0.028929155868258793,0.0,0.0,0.0,0.0,0.0,0.0,0.0,0.0,0.5,0.0,0.0,1.0,0.0,0.0,0.0
10.100000000000001,-1.558281672570529e-14,-0.000177297484303813,97.54149699488765,0.0,0.0,0.0,0.7071067332413702,-0.000260393349620645,-0.7071067332413701,-0.00026039334962064503,6386785.98527699,0.24246007388084065,-1.4116461638472885e-15,-2.2251363696218295e-22,3.796276788900875e-08,8648.985276994606,0.0,-0.0007365415925845907,2.1030220288682315e-16,-1.264982366435438e-19,-7.293237246107546e-05,-2.937359318594302e-22,-1.0303020914729726e-20,-7.293237246107546e-05,-2.8614781136253814e-22,-1.0303234586676738e-20,305.3489207584249,0.4870696938923821,32438.13875208948,232.0079823097455,0.3194427422441601,1.5707963267948968,-1.8176604222513176e-06,97.54149699504877,2317.0750864086544,9.753629885769678,1.806834711873335e-15,0.07166608769543077,97.54147066763649,6.797027099978636e-16,7.682692401040761e-06,-4.226684513986163,0.0,0.0,0.0,4.7492701447935254e-18,5.368108897492796e-08,0.02953300947380173,0.0,0.0,0.0,0.0,0.0,0.0,0.0,0.0,0.5,0.0,0.0,1.0,0.0,0.0,0.0
10.200000000000001,-1.5747165541673223e-14,-0.00018446264517429364,98.48760123137833,0.0,0.0,0.0,0.707106732287276,-0.0002629715014788156,-0.7071067322872759,-0.00026297150147881564,6386776.183971161,0.24969636783720575,-1.361682204308816e-15,-2.146382964667304e-22,3.909583812626259e-08,8639.18397116568,0.0,-0.0007438348408015282,2.0552388614902765e-16,-1.0842825238552596e-19,-7.293259292631032e-05,3.460408771616634e-22,-1.3350595086007532e-20,-7.293259292631032e-05,3.559714182857945e-22,-1.335033399539348e-20,305.3907170351806,0.4876386052943613,32484.96146971074,232.07151826669775,0.32249703654288037,1.5707963267948968,-1.8729529693866458e-06,98.48760123155108,2365.000323952669,9.753660027048165,2.281358521436578e-15,0.07307403983318655,98.48757412247356,6.937613453980949e-16,8.080119862589772e-06,-4.314107170479797,0.0,0.0,0.0,4.8475017045633345e-18,5.645802417040736e-08,0.030143855666345327,0.0,0.0,0.0,0.0,0.0,0.0,0.0,0.0,0.5,0.0,0.0,1.0,0.0,0.0,0.0
10.3,-1.590138312319255e-14,-0.00019184465332835343,99.43310415055896,0.0,0.0,0.0,0.7071067313237518,-0.00026554965333347913,-0.7071067313237517,-0.0002655496533334792,6386766.287782339,0.257074553742578,-1.3604511862524688e-15,-2.1444458892643666e-22,4.025112900584555e-08,8629.287782344036,0.0,-0.0007511281112391079,9.41571105778132e-17,-1.6263411815238815e-19,-7.293281545575465e-05,-5.090778361365839e-22,-9.32717858305473e-21,-7.293281545575465e-05,-5.020704923021132e-22,-9.327558056171648e-21,305.43291792698386,0.488213024127427,32532.2374615847,232.13566929289138,0.3255480922350329,1.5707963267948968,-1.929382397339306e-06,99.43310415074404,2413.467847175845,9.753690460255067,-3.1828739784665207e-15,0.07449517015235795,99.43307624488283,7.07979057665922e-16,8.494158984931049e-06,-4.402519035524333,0.0,0.0,0.0,4.946844778244868e-18,5.93510296176243e-08,0.03076161373163661,0.0,0.0,0.0,0.0,0.0,0.0,0.0,0.0,0.5,0.0,0.0,1.0,0.0,0.0,0.0
10.4,-1.60604807684937e-14,-0.00019944683892525366,100.37800189114907,0.0,0.0,0.0,0.7071067303508424,-0.0002681278051846181,-0.7071067303508423,-0.00026812780518461815,6386756.297224785,0.2645952646583744,-1.354940181475649e-15,-2.1357623905166157e-22,4.1428739783215685e-08,8619.2972247911,0.0,-0.0007584214039965852,1.6292788848710653e-16,-1.6263707476210065e-19,-7.29330400360269e-05,1.484187557008608e-22,-1.2408735567437198e-20,-7.29330400360269e-05,1.5783021774423323e-22,-1.2408619336771277e-20,305.4755212408396,0.488792920541558,32579.96427098591,232.20043205467962,0.3285958922876491,1.5707963267948968,-1.986955901326603e-06,100.37800189134722,2462.4768627832727,9.75372118381228,1.0184992075962521e-15,0.07592939309054939,100.37797317352491,7.223556140916455e-16,8.925261039966283e-06,-4.491918662030521,0.0,0.0,0.0,5.047297739831327e-18,6.23632584777158e-08,0.03138627355846424,0.0,0.0,0.0,0.0,0.0,0.0,0.0,0.0,0.5,0.0,0.0,1.0,0.0,0.0,0.0
10.5,-1.621997837177111e-14,-0.00020727359567882344,101.3222877233349,0.0,0.0,0.0,0.707106729368548,-0.0002707059570321984,-0.7071067293685479,-0.00027070595703219843,6386746.212359169,0.27225980424810964,-1.2772497064708399e-15,-2.0133038051139759e-22,4.26288747345639e-08,8609.212359174155,0.0,-0.0007657147192782367,1.8986443078144493e-16,-1.6263841958844459e-19,-7.293326666359797e-05,-2.78139533906038e-22,-1.044420859772013e-20,-7.293326666359797e-05,-2.7014216889379764e-22,-1.044441851141546e-20,305.518526718041,0.489378291015355,32628.14160809511,232.26580615879303,0.33164040430535296,1.5707963267948968,-2.045686100618891e-06,101.3222877235469,2512.0291711846853,9.753752197537318,-1.7104166335995018e-15,0.077376685984295,101.32225817845598,7.368915428167022e-16,9.373966542945794e-06,-4.582309334209535,0.0,0.0,0.0,5.148864279592476e-18,6.549848747968912e-08,0.03201785809451671,0.0,0.0,0.0,0.0,0.0,0.0,0.0,0.0,0.5,0.0,0.0,1.0,0.0,0.0,0.0
10.600000000000001,-1.636170006301719e-14,-0.00021533048518443672,102.26595188799496,0.0,0.0,0.0,0.7071067283768234,-0.0002732841088761685,-0.7071067283768233,-0.00027328410887616855,6386736.032794006,0.2800701776829926,-1.3805390547794965e-15,-2.1761202859059794e-22,4.385184799956231e-08,8599.032794011757,0.0,-0.0007730080573982018,1.1043266020282049e-16,-1.6263517050453293e-19,-7.29334953447072e-05,-1.9438629215954153e-22,-1.083931059154979e-20,-7.29334953447072e-05,-1.8600662403194627e-22,-1.083945745144428e-20,305.56193321665995,0.4899694147499453,32676.798931970367,232.3317942414694,0.3346815828389117,1.5707963267948968,-2.105591338338342e-06,102.26595188822165,2562.1305508667883,9.753783502638935,-1.1617360497169663e-15,0.07883708852956572,102.26592150035022,7.51588538934013e-16,9.840923425044696e-06,-4.6737015928800165,0.0,0.0,0.0,5.2515562416096785e-18,6.87612438972193e-08,0.03265644099139869,0.0,0.0,0.0,0.0,0.0,0.0,0.0,0.0,0.5,0.0,0.0,1.0,0.0,0.0,0.0
10.700000000000001,-1.6500781093606863e-14,-0.0002236209134228125,103.20899044831762,0.0,0.0,0.0,0.7071067273757137,-0.00027586226071651124,-0.7071067273757136,-0.0002758622607165113,6386725.759044717,0.28802699226633166,-1.4669166831772887e-15,-2.3122796160982573e-22,4.509775480807862e-08,8588.759044723896,0.0,-0.00078030141845171,1.7435234241407568e-16,-1.445681546803757e-19,-7.293372606588926e-05,2.7132767542810294e-22,-1.2925168750422009e-20,-7.293372606588926e-05,2.8141380280954945e-22,-1.2924952944694435e-20,305.60571429908975,0.49056847320281505,32726.171654131027,232.39839381082453,0.33771943779919916,1.5707963267948968,-2.166678759657816e-06,103.20899044855987,2612.792049184735,9.753815097535526,1.790902716066748e-15,0.08031051462827041,103.2089592023405,7.664498431259058e-16,1.0326659774702236e-05,-4.766115590001948,0.0,0.0,0.0,5.355396269423417e-18,7.21552176297601e-08,0.033302163056407964,0.0,0.0,0.0,0.0,0.0,0.0,0.0,0.0,0.5,0.0,0.0,1.0,0.0,0.0,0.0
10.8,-1.665894686454535e-14,-0.00023214941400143802,104.15139652702555,0.0,0.0,0.0,0.707106726365219,-0.00027844041255319286,-0.7071067263652189,-0.0002784404125531929,6386715.391174014,0.2961315447084031,-1.4243951693540846e-15,-2.2452572369208307e-22,4.63667983573584e-08,8578.391174021177,0.0,-0.0007875948026419595,1.5965365403268914e-16,-1.6263772851201993e-19,-7.293395882348295e-05,2.1156338223080922e-22,-1.2647696711355967e-20,-7.293395882348295e-05,2.2152457577925836e-22,-1.2647526162434743e-20,305.64989647534685,0.49117301983994804,32775.9966970886,232.46560352215616,0.3407539074225891,1.5707963267948968,-2.228961125267434e-06,104.15139652728428,2664.0029568683035,9.75384698203842,1.4022388659596168e-15,0.08179694077006992,104.151364407021,7.814723138857122e-16,1.083170747878455e-05,-4.859531790332358,0.0,0.0,0.0,5.460362412460874e-18,7.568412511742068e-08,0.03395488779141846,0.0,0.0,0.0,0.0,0.0,0.0,0.0,0.0,0.5,0.0,0.0,1.0,0.0,0.0,0.0
10.9,-1.6804618344019013e-14,-0.00024092175524361364,105.09316018989101,0.0,0.0,0.0,0.7071067253452942,-0.00028101856438616103,-0.7071067253452941,-0.0002810185643861611,6386704.928793387,0.30438585187357037,-1.3766642985230394e-15,-2.170023209634889e-22,4.765929463019057e-08,8567.928793394318,0.0,-0.0007948882102849324,1.1282815380770696e-16,-1.6263570469073216e-19,-7.293419362354998e-05,3.7654686366250313e-22,-1.3363809844837396e-20,-7.293419362354998e-05,3.8716965538477554e-22,-1.336350627001078e-20,305.6944814010446,0.49178307731517446,32826.27592790839,232.5334258939753,0.3437849426469995,1.5707963267948968,-2.292457107756277e-06,105.09316019016715,2715.767772733763,9.753879157347388,-1.4358270089563327e-15,0.08329640551221312,105.09312717995937,7.966572709171288e-16,1.1356756662748738e-05,-4.953958400357845,0.0,0.0,0.0,5.566463891855455e-18,7.93527884569521e-08,0.03461467253741353,0.0,0.0,0.0,0.0,0.0,0.0,0.0,0.0,0.5,0.0,0.0,1.0,0.0,0.0,0.0
11.0,-1.6962443025981913e-14,-0.00024994141890890436,106.03427762702964,0.0,0.0,0.0,0.7071067243159843,-0.0002835967162153994,-0.7071067243159842,-0.00028359671621539943,6386694.372419416,0.3127904951606271,-1.3674394496651292e-15,-2.15548575140993e-22,4.897533480800771e-08,8557.372419424044,0.0,-0.0008021816414718101,1.5407048504402805e-16,-1.2649780077735012e-19,-7.293443045256563e-05,-3.112196297882321e-22,-1.0355866509159243e-20,-7.293443045256563e-05,-3.0291133368862143e-22,-1.035611262388493e-20,305.73946687479935,0.4923986155068663,32877.00686405009,232.60185757754795,0.3468125272596566,1.5707963267948968,-2.3571738110397915e-06,106.03427762732422,2768.0857009780984,9.753911621877311,-1.905177683519553e-15,0.08480882237559181,106.03424371121925,8.120044807754981e-16,1.1902319302565705e-05,-5.04939396841887,0.0,0.0,0.0,5.673699076465008e-18,8.31647849655516e-08,0.03528150715124796,0.0,0.0,0.0,0.0,0.0,0.0,0.0,0.0,0.5,0.0,0.0,1.0,0.0,0.0,0.0
11.100000000000001,-1.7111052851936648e-14,-0.00025921307867816105,106.97474195392407,0.0,0.0,0.0,0.7071067232772893,-0.00028617486804087376,-0.7071067232772892,-0.0002861748680408738,6386683.722116868,0.3213467640976683,-1.3886920813031991e-15,-2.188989809384109e-22,5.0315120973480364e-08,8546.722116875462,0.0,-0.0008094750964046756,6.141311084286869e-17,-1.0842330726767394e-19,-7.293466930675248e-05,2.252063052710744e-24,-1.17155879929374e-20,-7.293466930675248e-05,1.1735537999224622e-23,-1.1715582331629736e-20,305.7848431128143,0.4930205026172919,32928.283122274035,232.6708984868598,0.3498366395968539,1.5707963267948968,-2.4231241313888975e-06,106.97474195423813,2820.963581915974,9.753944375433287,-5.865878135249513e-15,0.08633416710554605,106.97470711615631,8.2751595003377885e-16,1.2469035700521294e-05,-5.1458509722512575,0.0,0.0,0.0,5.782081986767759e-18,8.712458861174253e-08,0.0359554788183005,0.0,0.0,0.0,0.0,0.0,0.0,0.0,0.0,0.5,0.0,0.0,1.0,0.0,0.0,0.0
11.200000000000001,-1.7250234624405666e-14,-0.0002687427113263907,107.91454291966578,0.0,0.0,0.0,0.7071067222291642,-0.0002887530198625316,-0.707106722229164,-0.00028875301986253164,6386672.977500248,0.33005668690582524,-1.4863895848229072e-15,-2.3429939635128326e-22,5.167897090020523e-08,8535.977500256462,0.0,-0.0008167685754013023,1.5890641561582491e-16,-1.4456850279016956e-19,-7.293491019197428e-05,2.314726401925648e-22,-1.2702358535807968e-20,-7.293491019197428e-05,2.418470652848027e-22,-1.2702165329354416e-20,305.83059960769685,0.4936498754375061,32980.22658698813,232.7405515474629,0.35285724389388495,1.5707963267948968,-2.4903270686766794e-06,107.9145429200004,2874.412703623931,9.753977419205997,1.5434866638776757e-15,0.08787247699000347,107.91450714365726,8.43194989994368e-16,1.3057677762148073e-05,-5.243350002961023,0.0,0.0,0.0,5.891635759746072e-18,9.123759291219994e-08,0.036636731414303327,0.0,0.0,0.0,0.0,0.0,0.0,0.0,0.0,0.5,0.0,0.0,1.0,0.0,0.0,0.0
11.3,-1.7393575957384922e-14,-0.00027853387316168724,108.85367668775343,0.0,0.0,0.0,0.7071067211716541,-0.0002913311716803569,-0.707106721171654,-0.000291331171680357,6386662.1390872905,0.3389208189376588,-1.5509712910581427e-15,-2.444798200554619e-22,5.3066971699060304e-08,8525.139087299816,0.0,-0.0008240620785488012,1.7816805377168623e-16,-1.084296732521126e-19,-7.293515309462799e-05,-9.697381132162961e-23,-1.1297548407207888e-20,-7.293515309462799e-05,-8.766433578151551e-23,-1.129762458687552e-20,305.876755539041,0.4942847424384475,33032.623498011904,232.81081265228218,0.3558742999253545,1.5707963267948968,-2.5587896902495114e-06,108.85367668810979,2928.4212428955666,9.754010751606797,-5.330918177110106e-16,0.08942366504905608,108.85363995717226,8.590381323770306e-16,1.3668742505157815e-05,-5.341869493286269,0.0,0.0,0.0,6.002336161570171e-18,9.550727066664236e-08,0.037325114242854104,0.0,0.0,0.0,0.0,0.0,0.0,0.0,0.0,0.5,0.0,0.0,1.0,0.0,0.0,0.0
11.4,-1.7530766158108488e-14,-0.00028859137987267676,109.79213630433784,0.0,0.0,0.0,0.7071067201047588,-0.0002939093234943156,-0.7071067201047587,-0.00029390932349431567,6386651.206944861,0.3479404422831452,-1.5510282449749967e-15,-2.4448921900268314e-22,5.447932429827912e-08,8514.206944870763,0.0,-0.0008313556060481005,1.7478837906769817e-16,-1.08429739614657e-19,-7.293539801081047e-05,-3.37479268475648e-23,-1.1544088533738134e-20,-7.293539801081047e-05,-2.415067357137646e-23,-1.1544112600902542e-20,305.9233106220978,0.49492509970344195,33085.47353209398,232.88168136785703,0.35888777511414166,1.5707963267948968,-2.628525043652056e-06,109.79213630471713,2982.9910797859825,9.75404437243445,-1.5308208939228693e-16,0.09098770622216375,109.7920986027269,8.750459286869769e-16,1.4302890044002243e-05,-5.4414128727241815,0.0,0.0,0.0,6.114187045758941e-18,9.993823427665592e-08,0.0380206512667948,0.0,0.0,0.0,0.0,0.0,0.0,0.0,0.0,0.5,0.0,0.0,1.0,0.0,0.0,0.0
11.5,-1.767203188444912e-14,-0.00029892142066734493,110.72991148491336,0.0,0.0,0.0,0.7071067190284334,-0.00029648747530435464,-0.7071067190284333,-0.0002964874753043547,6386640.180690534,0.3571175961633335,-1.5691090744713257e-15,-2.4733973727517884e-22,5.5916348206750354e-08,8503.180690544968,0.0,-0.0008386491582187089,1.582578665068631e-16,-1.0842906904260507e-19,-7.29356449462197e-05,-7.074733609641887e-23,-1.1400203883981128e-20,-7.29356449462197e-05,-6.118591213569344e-23,-1.1400259056726647e-20,305.97026648544056,0.49557096963324027,33138.778538015526,232.95316017329168,0.36189761934472675,1.5707963267948968,-2.699552465791438e-06,110.72991148531685,3038.1268151153154,9.754078282870353,-3.633036840037822e-16,0.09256463673404092,110.72987279561052,8.91219728552296e-16,1.4960912046496771e-05,-5.541988533844129,0.0,0.0,0.0,6.227197842535765e-18,1.0453601534343192e-07,0.038723401127320346,0.0,0.0,0.0,0.0,0.0,0.0,0.0,0.0,0.5,0.0,0.0,1.0,0.0,0.0,0.0
11.600000000000001,-1.7827844987456113e-14,-0.0003095276240633056,111.66699841190956,0.0,0.0,0.0,0.707106717942723,-0.00029906562711045856,-0.7071067179427228,-0.0002990656271104586,6386629.060843181,0.36645280976022193,-1.5490577466243247e-15,-2.441794610472859e-22,5.73781264453919e-08,8492.06084319111,0.0,-0.0008459427351436477,1.377508623163776e-16,-1.4456819415428487e-19,-7.29358938871808e-05,2.8967845778504163e-22,-1.2895939027681248e-20,-7.29358938871808e-05,3.0058815345915593e-22,-1.2895689222616759e-20,306.0175979392349,0.4962244405203724,33192.76454614156,233.02524651352445,0.36490384444394236,1.5707963267948968,-2.771878977433874e-06,111.66699841233856,3093.840845728187,9.754112481322416,1.91721461453237e-15,0.09415436914518177,111.66695871820777,9.075631685270102e-16,1.5643452994349336e-05,-5.643619090306975,0.0,0.0,0.0,6.3413939615057486e-18,1.0930511703826768e-07,0.03943352183231101,0.0,0.0,0.0,0.0,0.0,0.0,0.0,0.0,0.5,0.0,0.0,1.0,0.0,0.0,0.0
11.700000000000001,-1.7966470985673468e-14,-0.00032041494769312654,112.60338989487137,0.0,0.0,0.0,0.7071067168476274,-0.00030164377891259316,-0.7071067168476273,-0.0003016437789125932,6386617.847471775,0.37594735748509217,-1.5104180333779686e-15,-2.3808906666044215e-22,5.8864858750538106e-08,8480.847471785732,0.0,-0.000853236337022653,1.1334867858152593e-16,-1.6263699814079532e-19,-7.293614482964175e-05,7.351459557835047e-23,-1.1976611397090718e-20,-7.293614482964175e-05,8.3733447617075e-23,-1.1976544312214458e-20,306.065318192602,0.496884263413212,33247.29693669412,233.09793946631078,0.3679064016801399,1.5707963267948968,-2.845517776963972e-06,112.60338989532724,3150.127826474764,9.754146967583003,5.237489736346727e-16,0.0957568774415983,112.60334917994004,9.240746806376035e-16,1.6351184019037977e-05,-5.746294791777342,0.0,0.0,0.0,6.456764446805835e-18,1.1425022874174822e-07,0.04015094525348654,0.0,0.0,0.0,0.0,0.0,0.0,0.0,0.0,0.5,0.0,0.0,1.0,0.0,0.0,0.0
11.8,-1.8114000583346654e-14,-0.0003315897963210375,113.53907545579446,0.0,0.0,0.0,0.7071067157431017,-0.000304221930710705,-0.7071067157431016,-0.00030422193071070504,6386606.540197027,0.3856032891928157,-1.5250683576150156e-15,-2.4039884387435355e-22,6.037686630940327e-08,8469.540197038092,0.0,-0.0008605299641769119,1.6855996901835202e-16,-1.265004304057544e-19,-7.293639777911094e-05,7.604055911265412e-23,-1.1998521533536233e-20,-7.293639777911094e-05,8.636568259399564e-23,-1.1998451638787986e-20,306.1134380663082,0.49754961181418833,33302.28599398403,233.171241166545,0.370905229479777,1.5707963267948968,-2.920488550095072e-06,113.53907545627865,3206.9872112987355,9.754181742824041,5.640258783981203e-16,0.09737219663262404,113.5390337025981,9.407541047010476e-16,1.7084926062448918e-05,-5.850014642168093,0.0,0.0,0.0,6.5733081791930636e-18,1.1937708660106487e-07,0.04087566443091161,0.0,0.0,0.0,0.0,0.0,0.0,0.0,0.0,0.5,0.0,0.0,1.0,0.0,0.0,0.0
11.9,-1.826010478647213e-14,-0.00034305587093983673,114.47405135761176,0.0,0.0,0.0,0.707106714629191,-0.0003068000825047789,-0.7071067146291908,-0.00030680008250477897,6386595.139538958,0.3954211077416368,-1.5326131306243671e-15,-2.415885722338192e-22,6.191422802901157e-08,8458.139538970156,0.0,-0.0008678236166853315,1.645302835784546e-16,-1.4457047411902712e-19,-7.293665272184937e-05,1.5240805681317457e-22,-1.2292475334962754e-20,-7.293665272184937e-05,1.6307649687757116e-22,-1.2292338245155805e-20,306.16195534731906,0.49822045512390467,33357.72918906261,233.2451482430794,0.3739003128645178,1.5707963267948968,-2.9967982848824923e-06,114.47405135812579,3264.4181830084353,9.754216805449934,3.1511249430494362e-15,0.09900023886854425,114.47400854907346,9.576012009980357e-16,1.7845291914220497e-05,-5.954777150801223,0.0,0.0,0.0,6.691023483682579e-18,1.246899723462911e-07,0.04160766894880822,0.0,0.0,0.0,0.0,0.0,0.0,0.0,0.0,0.5,0.0,0.0,1.0,0.0,0.0,0.0
12.0,-1.840902649643435e-14,-0.00035481827227566617,115.40831048370305,0.0,0.0,0.0,0.7071067135058953,-0.0003093782342947808,-0.7071067135058952,-0.00030937823429478086,6386583.645568669,0.4054020796211995,-1.5446190411209587e-15,-2.434815265798864e-22,6.34771424159593e-08,8446.64556868188,0.0,-0.0008751172947464182,1.568542705927668e-16,-1.6264028254915447e-19,-7.293690965369562e-05,2.9202704351537617e-22,-1.2852382488823873e-20,-7.293690965369562e-05,3.0327427245288046e-22,-1.2852122009568656e-20,306.2108600437556,0.4988976871846119,33413.72317925213,233.3196605766313,0.376891631040641,1.5707963267948968,-3.0744603294808004e-06,115.40831048424849,3322.4286369518936,9.754252155246611,1.927320001165653e-15,0.10064097743440163,115.40826660262411,9.746182855906252e-16,1.8633064228078123e-05,-6.060596719949208,0.0,0.0,0.0,6.809926543238227e-18,1.3019435459468714e-07,0.04234705943982305,0.0,0.0,0.0,0.0,0.0,0.0,0.0,0.0,0.5,0.0,0.0,1.0,0.0,0.0,0.0
12.100000000000001,-1.8571325562666247e-14,-0.0003668836220126612,116.34184200633861,0.0,0.0,0.0,0.7071067123731694,-0.0003119563860806569,-0.7071067123731692,-0.000311956386080657,6386572.0579100475,0.4155482649667702,-1.5295503114809257e-15,-2.411066517349293e-22,6.506593228080073e-08,8435.057910060821,0.0,-0.000882410998682983,1.3652516459827202e-16,-1.2649913574057013e-19,-7.293716857994461e-05,3.254449012902093e-22,-1.2985565644456048e-20,-7.293716857994461e-05,3.369028801573598e-22,-1.2985273538192542e-20,306.26013966378173,0.49958263624638877,33470.41087815655,233.39478110231448,0.3798791499993145,1.5707963267948968,-3.153494714789655e-06,116.34184200691709,3381.032387691141,9.754287793376394,2.1410148858132244e-15,0.10229444597107293,116.34179703531542,9.918094109133078e-16,1.9449201539743468e-05,-6.167498549396976,0.0,0.0,0.0,6.930045673336557e-18,1.3589693089949025e-07,0.0430940119817979,0.0,0.0,0.0,0.0,0.0,0.0,0.0,0.0,0.5,0.0,0.0,1.0,0.0,0.0,0.0
12.200000000000001,-1.870576674757255e-14,-0.00037925569210723546,117.27464214600357,0.0,0.0,0.0,0.7071067112310583,-0.0003145345378623924,-0.7071067112310582,-0.0003145345378623925,6386560.3770842515,0.42586014017391155,-1.6709585041752275e-15,-2.6339764620065645e-22,6.668067239495722e-08,8423.377084265774,0.0,-0.0008897047285697971,1.3122301604569327e-16,-1.6263907762382863e-19,-7.29374294867768e-05,-5.94382313283006e-22,-9.323499818563678e-21,-7.29374294867768e-05,-5.860866837675534e-22,-9.324024894245705e-21,306.3098155021539,0.5002730924404084,33527.55435789467,233.4705056125743,0.3828628262484706,1.5707963267948968,-3.2339083985596663e-06,117.27464214661681,3440.2143279189872,9.754323718240222,-3.71431626118731e-15,0.10396055611442931,117.27459606759479,1.0091701453111196e-15,2.0294275075221664e-05,-6.275455081203196,0.0,0.0,0.0,7.051349908783074e-18,1.4180169257421466e-07,0.04384833401980234,0.0,0.0,0.0,0.0,0.0,0.0,0.0,0.0,0.5,0.0,0.0,1.0,0.0,0.0,0.0
12.3,-1.886232377889783e-14,-0.0003919397279763427,118.2067037143916,0.0,0.0,0.0,0.7071067100795623,-0.00031711268963995336,-0.7071067100795622,-0.0003171126896399534,6386548.603164558,0.43633896354417373,-1.579728176600927e-15,-2.490172284813e-22,6.832155999376024e-08,8411.6031645732,0.0,-0.0008969984846040958,1.965444687242699e-16,-1.626437541145507e-19,-7.293769236990018e-05,5.926384242516762e-22,-1.4006466001982508e-20,-7.293769236990018e-05,6.05201962925014e-22,-1.400592877144044e-20,306.35988724724433,0.500969051435283,33585.15325999249,233.5468336323738,0.3858426270396293,1.5707963267948968,-3.315714893140937e-06,118.20670371504139,3499.9763937591324,9.754359929617427,3.837275012663235e-15,0.1056392803126579,118.20665651103593,1.0267010567364246e-15,2.116908179891533e-05,-6.384469847140545,0.0,0.0,0.0,7.173843218017464e-18,1.479142082287661e-07,0.04461005023130536,0.0,0.0,0.0,0.0,0.0,0.0,0.0,0.0,0.5,0.0,0.0,1.0,0.0,0.0,0.0
12.4,-1.9002102506514998e-14,-0.0004049425727148569,119.13801587940792,0.0,0.0,0.0,0.7071067089186361,-0.00031969084141328526,-0.707106708918636,-0.0003196908414132853,6386536.735778091,0.44698680511375855,-1.6234924862305077e-15,-2.5591640476633645e-22,6.998891945203866e-08,8399.735778106688,0.0,-0.0009042922671102542,1.5695275220799457e-16,-1.4457127302437198e-19,-7.293795723443958e-05,-4.844604615876213e-23,-1.1495757505617353e-20,-7.293795723443958e-05,-3.805078053136786e-23,-1.149579668564106e-20,306.4103553150208,0.5016706442613078,33643.22119777503,233.62376762033065,0.3888185021542443,1.5707963267948968,-3.398934585464162e-06,119.1380158800961,3560.324104631986,9.754396428660552,-2.252541198102135e-16,0.10733065111594628,119.13796753333926,1.044403764285026e-15,2.2074590296130097e-05,-6.494552915444826,0.0,0.0,0.0,7.297536914108286e-18,1.5424124563559423e-07,0.04537923096584507,0.0,0.0,0.0,0.0,0.0,0.0,0.0,0.0,0.5,0.0,0.0,1.0,0.0,0.0,0.0
12.5,-1.9155122222350785e-14,-0.00041826806657907826,120.06857480728284,0.0,0.0,0.0,0.7071067077483248,-0.00032226899318237403,-0.7071067077483247,-0.0003222689931823741,6386524.7754471265,0.457804114694131,-1.5659543972738384e-15,-2.4684695387165275e-22,7.168282138663502e-08,8387.775447143553,0.0,-0.0009115860761588888,1.6965479676944245e-16,-1.265024184030616e-19,-7.293822406649368e-05,4.111446228151379e-22,-1.3268592824742588e-20,-7.293822406649368e-05,4.2324036935732114e-22,-1.3268212400157566e-20,306.4611857564889,0.5023807961390326,33702.07537111972,233.70130531168263,0.3917904775664237,1.5707963267948968,-3.483574392908154e-06,120.06857480801139,3621.277943656956,9.754433213767117,2.6879876763957866e-15,0.10903457963768412,120.068525300701,1.0622842765785925e-15,2.301162300289344e-05,-6.605741650316275,0.0,0.0,0.0,7.422472980950973e-18,1.60788551381867e-07,0.046156137297385214,0.0,0.0,0.0,0.0,0.0,0.0,0.0,0.0,0.5,0.0,0.0,1.0,0.0,0.0,0.0
12.600000000000001,-1.9302301153062552e-14,-0.000431921599785077,120.99837309226393,0.0,0.0,0.0,0.7071067065686285,-0.0003248471449471855,-0.7071067065686284,-0.00032484714494718556,6386512.72224713,0.46879214214539455,-1.530789220382343e-15,-2.4130420077322984e-22,7.340346172213473e-08,8375.722247147933,0.0,-0.0009188799119459242,1.792270731183142e-16,-1.6264348177813188e-19,-7.293849286161793e-05,-1.1745321627335934e-21,-7.171928212846451e-21,-7.293849286161793e-05,-1.1679415270438973e-21,-7.173004438931074e-21,306.5124104725116,0.5030965004962629,33761.39067816358,233.77944507869893,0.3947584794576731,1.5707963267948968,-3.569647993976685e-06,120.99837309303483,3682.818895113399,9.75447028470983,-6.879898859655578e-16,0.11075103734913536,120.99832240725067,1.0803370154498283e-15,2.3980900138007186e-05,-6.718001364305539,0.0,0.0,0.0,7.548612442353419e-18,1.675611578348282e-07,0.04694052685515812,0.0,0.0,0.0,0.0,0.0,0.0,0.0,0.0,0.5,0.0,0.0,1.0,0.0,0.0,0.0
12.700000000000001,-1.9461069299260818e-14,-0.00044591023991343416,121.9273997119194,0.0,0.0,0.0,0.7071067053795019,-0.00032742529670766473,-0.7071067053795018,-0.0003274252967076648,6386500.575808535,0.47995296701521045,-1.4216965427362684e-15,-2.241079308766972e-22,7.515116633700385e-08,8363.575808553645,0.0,-0.0009261737747972391,1.2115852603377964e-16,-1.6263942867578823e-19,-7.293876362473784e-05,-7.178274897030989e-23,-1.1407399732200818e-20,-7.293876362473784e-05,-6.12167550977719e-23,-1.1407461130321772e-20,306.5640314418729,0.5038177412480898,33821.164824031184,233.85818930282028,0.3977224550710172,1.5707963267948968,-3.6571761443140097e-06,121.9273997127348,3744.9514835142672,9.754507642631216,-7.159071930595025e-15,0.11248005552360245,121.92734783035196,1.0985633081416583e-15,2.4983447040889998e-05,-6.831340310781387,0.0,0.0,0.0,7.675964572127698e-18,1.7456622932355524e-07,0.047732457307725816,0.0,0.0,0.0,0.0,0.0,0.0,0.0,0.0,0.5,0.0,0.0,1.0,0.0,0.0,0.0
12.8,-1.9611773438219327e-14,-0.0004602378961427805,122.85565100366101,0.0,0.0,0.0,0.7071067041809904,-0.00033000344846379815,-0.7071067041809903,-0.0003300034484637982,6386488.336654741,0.49128701237950795,-1.4161550427337853e-15,-2.2323483247998987e-22,7.692600166981976e-08,8351.336654760564,0.0,-0.000933467664779272,1.8966430175342648e-16,-1.0843480776203521e-19,-7.293903634190202e-05,-1.0382477795812031e-21,-7.760342117942137e-21,-7.293903634190202e-05,-1.0310042002102295e-21,-7.761308146636868e-21,306.6160464401834,0.5045444873156655,33881.395233006195,233.93753459089447,0.4006823906861249,1.5707963267948968,-3.746165732332587e-06,122.85565100452307,3807.6748415968937,9.754545285925369,-1.994204983976764e-15,0.1142215449538783,122.85559790738606,1.1169629002470687e-15,2.6019989548806106e-05,-6.945756907731315,0.0,0.0,0.0,7.804527592661893e-18,1.8180883747303704e-07,0.048531917601130965,0.0,0.0,0.0,0.0,0.0,0.0,0.0,0.0,0.5,0.0,0.0,1.0,0.0,0.0,0.0
12.9,-1.9750752473616024e-14,-0.000474910103577202,123.7831194965867,0.0,0.0,0.0,0.7071067029730939,-0.00033258160021555156,-0.7071067029730937,-0.0003325816002155516,6386476.004863418,0.5027955194126981,-1.4961234687794572e-15,-2.3584106985513284e-22,7.872816229636017e-08,8339.004863437265,0.0,-0.0009407615820865981,1.6278955720616214e-16,-1.6264314201407342e-19,-7.293931100853342e-05,1.9793325182558066e-22,-1.2419889903565688e-20,-7.293931100853342e-05,2.0961731778846519e-22,-1.2419698199592224e-20,306.6684235097763,0.5052796963302737,33942.40238729134,234.01748155927285,0.4036382946793727,1.5707963267948968,-3.836630596371158e-06,123.78311949749774,3871.0136098550824,9.754583214358316,1.3266507235896952e-15,0.11597547626273984,123.783065167335,1.1355430199352303e-15,2.709158472583222e-05,-7.061296103027757,0.0,0.0,0.0,7.934352009165918e-18,1.892963682812794e-07,0.04933922179854484,0.0,0.0,0.0,0.0,0.0,0.0,0.0,0.0,0.5,0.0,0.0,1.0,0.0,0.0,0.0
13.0,-1.9912062595226872e-14,-0.0004899341560819494,124.7097937917903,0.0,0.0,0.0,0.7071067017557672,-0.0003351597519628697,-0.7071067017557671,-0.00033515975196286976,6386463.580068354,0.5144805767915137,-1.4911425840232399e-15,-2.350563700632177e-22,8.055797553919703e-08,8326.580068373742,0.0,-0.000948055527046541,1.425600509881205e-16,-1.6264180695067138e-19,-7.293958762932802e-05,-1.3161070162949278e-22,-1.1196162056394239e-20,-7.293958762932802e-05,-1.209966865082771e-22,-1.1196281967829506e-20,306.72119172216406,0.5060208129638106,34003.908945491654,234.09803160780373,0.4065900780853821,1.5707963267948968,-3.9285918635570146e-06,124.70979379275268,3934.9535817933875,9.754621429062427,-7.703296683789923e-16,0.11774187925346993,124.70973821108832,1.1542994997994092e-15,2.8199200010587057e-05,-7.177931981938799,0.0,0.0,0.0,8.06540870282048e-18,1.970355815085147e-07,0.050154188826594066,0.0,0.0,0.0,0.0,0.0,0.0,0.0,0.0,0.5,0.0,0.0,1.0,0.0,0.0,0.0
13.100000000000001,-2.005345382571827e-14,-0.0005053140303795091,125.63567024675163,0.0,0.0,0.0,0.7071067005290553,-0.00033773790370573943,-0.7071067005290552,-0.0003377379037057395,6386451.062794078,0.5263425807132491,-1.6214833251784432e-15,-2.556031461425148e-22,8.241550363625249e-08,8314.062794100182,0.0,-0.0009553494997213383,1.3815465178703845e-16,-1.6264171160858066e-19,-7.293986619026294e-05,-4.5221520765517477e-23,-1.1517535506576402e-20,-7.293986619026294e-05,-3.421891202864207e-23,-1.1517573637825148e-20,306.77435269455884,0.5067674458155601,34065.87330423398,234.17918119981346,0.40953772256828785,1.5707963267948968,-4.022056398705908e-06,125.63567024776783,3999.491153615847,9.754659928428344,-2.16226691431634e-16,0.11952066426143311,125.635613396099,1.173231282683999e-15,2.9343583514619033e-05,-7.295657970615076,0.0,0.0,0.0,8.197690286988033e-18,2.0503170441629352e-07,0.050976772751981536,0.0,0.0,0.0,0.0,0.0,0.0,0.0,0.0,0.5,0.0,0.0,1.0,0.0,0.0,0.0
13.200000000000001,-2.020185409470708e-14,-0.0005210554089880458,126.56074143089661,0.0,0.0,0.0,0.7071066992929584,-0.00034031605544412657,-0.7071066992929583,-0.0003403160554441266,6386438.453120503,0.5383827633869588,-1.6771374574099866e-15,-2.6437673219377712e-22,8.43009397708822e-08,8301.453120524995,0.0,-0.000962643500304173,1.496651634334719e-16,-1.626429428090419e-19,-7.294014668664208e-05,-6.425746959722769e-22,-9.328342708996966e-21,-7.294014668664208e-05,-6.335945311504229e-22,-9.328956957050288e-21,306.827906087589,0.5075195901191293,34128.2950679471,234.26092981725523,0.41248119522687876,1.5707963267948968,-4.11703821496339e-06,126.56074143196922,4064.6282912761703,9.754698712215296,3.009539678689808e-15,0.12131180114783653,126.56068329167894,1.1923389452915787e-15,3.052568790016276e-05,-7.414477655241879,0.0,0.0,0.0,8.331200791248418e-18,2.1329139351818037e-07,0.05180699863237215,0.0,0.0,0.0,0.0,0.0,0.0,0.0,0.0,0.5,0.0,0.0,1.0,0.0,0.0,0.0
13.3,-2.0353446005451686e-14,-0.000537165814818365,127.48499581053495,0.0,0.0,0.0,0.7071066980474314,-0.0003428942071779752,-0.7071066980474313,-0.00034289420717797524,6386425.750684823,0.5506032222368256,-1.6258771864798457e-15,-2.5629679663467827e-22,8.621461265034835e-08,8288.750684847124,0.0,-0.0009699375291237526,1.1258747332897178e-16,-1.6264003691534134e-19,-7.29404291229639e-05,4.654227546663396e-22,-1.3382503771735602e-20,-7.29404291229639e-05,4.784023179788123e-22,-1.33820461582718e-20,306.88182115049756,0.5082803078287756,34191.50580942076,234.3432809579563,0.41542048605265,1.5707963267948968,-4.213558808980083e-06,127.48499581166665,4130.394558812759,9.754737781545336,-1.6808185480119142e-15,0.12311531844943825,127.4849363639341,1.2116311600894031e-15,3.1746864544237006e-05,-7.534444964959853,0.0,0.0,0.0,8.466000812520276e-18,2.2182409125781306e-07,0.052645243285533175,0.0,0.0,0.0,0.0,0.0,0.0,0.0,0.0,0.5,0.0,0.0,1.0,0.0,0.0,0.0
13.4,-2.0493202205744075e-14,-0.0005536492894929214,128.40842956395707,0.0,0.0,0.0,0.7071066967925194,-0.00034547235890727265,-0.7071066967925193,-0.0003454723589072727,6386412.95601268,0.563004326450752,-1.7468303078542524e-15,-2.753639201105438e-22,8.815658029145138e-08,8275.95601270472,0.0,-0.0009772315862380935,1.471235153882298e-16,-1.2650322220198515e-19,-7.294071348510436e-05,-2.267952755908531e-22,-1.0863471759061685e-20,-7.294071348510436e-05,-2.1617950632857267e-22,-1.0863688332535645e-20,306.9361235064664,0.5090469449356363,34255.21845234288,234.4262302258155,0.4183555444265522,1.5707963267948968,-4.3116250194915524e-06,128.40842956515064,4196.7684741016665,9.754777134805721,3.383985302015188e-15,0.12493112585599844,128.40836879113178,1.2311016254005616e-15,3.3007773148365483e-05,-7.65552071322491,0.0,0.0,0.0,8.602046319250438e-18,2.3063440715153586e-07,0.053491232904282204,0.0,0.0,0.0,0.0,0.0,0.0,0.0,0.0,0.5,0.0,0.0,1.0,0.0,0.0,0.0
13.5,-2.0645073850478076e-14,-0.0005705116635709688,129.3310351721615,0.0,0.0,0.0,0.7071066955282223,-0.0003480505106319849,-0.7071066955282221,-0.00034805051063198497,6386400.069186261,0.5755872990012064,-1.7156880905093456e-15,-2.704553245533219e-22,9.012703444282418e-08,8263.069186287,0.0,-0.000984525671838945,1.4234483392107852e-16,-2.1685326363922674e-19,-7.294099976822791e-05,6.199910517376286e-22,-1.3911432245691957e-20,-7.294099976822791e-05,6.336869112271799e-22,-1.391081510657273e-20,306.99081697790945,0.5098191037851589,34319.38998880847,234.50977693998536,0.4212863317756058,1.5707963267948968,-4.411251041235544e-06,129.33103517341985,4263.7488662766855,9.754816771748759,4.021139382076331e-15,0.12675919233550265,129.33097305415865,1.2507499977574109e-15,3.430939946931693e-05,-7.777702764207154,0.0,0.0,0.0,8.739334911535826e-18,2.3972922895354337e-07,0.05434495256498715,0.0,0.0,0.0,0.0,0.0,0.0,0.0,0.0,0.5,0.0,0.0,1.0,0.0,0.0,0.0
13.600000000000001,-2.0785429028099637e-14,-0.0005877606935549487,130.2528010406354,0.0,0.0,0.0,0.707106694254495,-0.00035062866235205555,-0.7071066942544949,-0.0003506286623520556,6386387.089846241,0.5883542456404767,-1.792867347842134e-15,-2.826221826206945e-22,9.212630513109203e-08,8250.089846268296,0.0,-0.0009918197862563338,1.817805405590488e-16,-1.084369647727848e-19,-7.29412879766431e-05,-1.8149782648317749e-22,-1.1034997589352488e-20,-7.29412879766431e-05,-1.7055320246894741e-22,-1.1035172228912496e-20,307.04590218051675,0.5105968919724274,34384.03155631317,234.59392346234705,0.42421279554555325,1.5707963267948968,-4.512458757466157e-06,130.25280104196153,4331.341372384685,9.754856693485978,-1.0803629077219475e-15,0.1285995452074735,130.25273755829843,1.2705779307621572e-15,3.5652983472223835e-05,-7.901001400718076,0.0,0.0,0.0,8.877878143550752e-18,2.4911722064192135e-07,0.05520647411648562,0.0,0.0,0.0,0.0,0.0,0.0,0.0,0.0,0.5,0.0,0.0,1.0,0.0,0.0,0.0
13.700000000000001,-2.091635783346484e-14,-0.0006054004844965988,131.17372339977658,0.0,0.0,0.0,0.7071066929713827,-0.00035320681406747235,-0.7071066929713826,-0.0003532068140674724,6386374.018519358,0.601305508423863,-2.0391008211686893e-15,-3.2143834399506267e-22,9.415444613263909e-08,8237.01851938665,0.0,-0.000999113929544035,1.2658124391763935e-16,-1.8071227521058629e-19,-7.29415780961595e-05,2.0045536641889027e-22,-1.2361987375279605e-20,-7.29415780961595e-05,2.128068358677525e-22,-1.2361780773410894e-20,307.10134242015994,0.5113835392901344,34449.494773588405,234.67866760324375,0.42713497065056755,1.5707963267948968,-4.61525497437563e-06,131.17372340117362,4399.573120597924,9.754896898401276,-3.5401866781305514e-15,0.13045209373830072,131.17365853392974,1.2905933823258305e-15,3.703961386006077e-05,-8.025466108479627,0.0,0.0,0.0,9.017731619412593e-18,2.5880598928437404e-07,0.05607614332915396,0.0,0.0,0.0,0.0,0.0,0.0,0.0,0.0,0.5,0.0,0.0,1.0,0.0,0.0,0.0
13.8,-2.1071836813286796e-14,-0.0006234370145470385,132.09379445907027,0.0,0.0,0.0,0.7071066916788853,-0.0003557849657782012,-0.7071066916788852,-0.0003557849657782013,6386360.855290096,0.614442300822037,-2.040672885355491e-15,-3.2168682772415213e-22,9.621164772001041e-08,8223.855290125124,0.0,-0.0010064081018923224,1.4337652176800212e-16,-1.0843401177090465e-19,-7.29418701217724e-05,6.142400805731662e-22,-1.38363409988878e-20,-7.29418701217724e-05,6.281647728355796e-22,-1.3835715815679882e-20,307.1571712762256,0.5121758285979838,34515.43033049291,234.76400760823074,0.43005277692751603,1.5707963267948968,-4.719654069257459e-06,132.0937944605415,4468.419253385702,9.754937386239995,3.985001008579059e-15,0.13231680581290228,132.09372819042798,1.3107890606189534e-15,3.847014364234513e-05,-8.151051543752143,0.0,0.0,0.0,9.158844389099336e-18,2.688014950934688e-07,0.0569536433737875,0.0,0.0,0.0,0.0,0.0,0.0,0.0,0.0,0.5,0.0,0.0,1.0,0.0,0.0,0.0
13.9,-2.1214566544514793e-14,-0.0006418782764817282,133.01300242496396,0.0,0.0,0.0,0.7071066903769577,-0.00035836311748418525,-0.7071066903769576,-0.0003583631174841853,6386347.599802674,0.6277667365002894,-2.082566936426494e-15,-3.2829159264216823e-22,9.829824117452672e-08,8210.599802704528,0.0,-0.0010137023036324768,9.365426943050606e-17,-1.8070957429865726e-19,-7.294216405757579e-05,-6.611684976842653e-22,-9.365043821653866e-21,-7.294216405757579e-05,-6.516739836650511e-22,-9.365709005073889e-21,307.2133914243809,0.51297367088615,34581.82801511521,234.84994574241537,0.4329661584223419,1.5707963267948968,-4.825678321488207e-06,133.0130024265127,4537.8837785296,9.75497815810292,-4.1356717133436565e-15,0.1341937073770944,133.012934734038,1.3311661413030014e-15,3.994587478392954e-05,-8.277765017305576,0.0,0.0,0.0,9.301224667281693e-18,2.791128352564217e-07,0.05783902533275056,0.0,0.0,0.0,0.0,0.0,0.0,0.0,0.0,0.5,0.0,0.0,1.0,0.0,0.0,0.0
14.0,-2.1369172492839123e-14,-0.0006607284392276041,133.9313437293001,0.0,0.0,0.0,0.7071066890656452,-0.00036094126918541293,-0.7071066890656451,-0.000360941269185413,6386334.252584936,0.6412791302297888,-2.012044527915288e-15,-3.171752515418678e-22,1.0041427600841718e-07,8197.252584968383,0.0,-0.0010209965348140107,1.5312904304868908e-16,-1.4457566933451028e-19,-7.294245988933651e-05,2.758941673792137e-23,-1.1775377091822927e-20,-7.294245988933651e-05,3.9611983889092415e-23,-1.1775342796048165e-20,307.26999277197376,0.5137777816161067,34648.76645835602,234.93647886352377,0.4358751142431369,1.5707963267948968,-4.933334515150452e-06,133.93134373092988,4607.972420567426,9.755019212370561,2.51773395550684e-16,0.13608270742382605,133.93127459658658,1.3517263036433082e-15,4.1467764956546946e-05,-8.405616971535816,0.0,0.0,0.0,9.444884187449318e-18,2.8974670128954266e-07,0.05873236216994087,0.0,0.0,0.0,0.0,0.0,0.0,0.0,0.0,0.5,0.0,0.0,1.0,0.0,0.0,0.0
14.100000000000001,-2.1514681485278556e-14,-0.000679993628622347,134.84881042282205,0.0,0.0,0.0,0.7071066877449476,-0.0003635194208818502,-0.7071066877449474,-0.00036351942088185023,6386320.813723676,0.6549806857203104,-2.032276800031812e-15,-3.203653109358994e-22,1.0255994097772363e-07,8183.813723709434,0.0,-0.0010282907956256802,1.5536550683361181e-16,-1.0843615155863453e-19,-7.294275761189586e-05,3.7289973623575805e-22,-1.2961999965864246e-20,-7.294275761189586e-05,3.862282419959249e-22,-1.2961609663673496e-20,307.3269522416147,0.5145903161531491,34716.480228325774,235.0236072180279,0.43877964311610684,1.5707963267948968,-5.04263720595269e-06,134.84881042453654,4678.707043928356,9.75506054878125,2.448054586649886e-15,0.1379837728529805,134.84873982870968,1.3724759614634166e-15,4.303713002419489e-05,-8.534647290363056,0.0,0.0,0.0,9.589867764754802e-18,3.0071228749720345e-07,0.059633932565299946,0.0,0.0,0.0,0.0,0.0,0.0,0.0,0.0,0.5,0.0,0.0,1.0,0.0,0.0,0.0
14.200000000000001,-2.1654287749237276e-14,-0.0006996820757824762,135.76539038315101,0.0,0.0,0.0,0.7071066864148197,-0.0003660975725734392,-0.7071066864148196,-0.00036609757257343925,6386307.282866718,0.6688735241348002,-2.1524588820365617e-15,-3.393113724250412e-22,1.0473556855375093e-07,8170.282866753017,0.0,-0.0010355850863999557,1.2838877671320438e-16,-1.084336664309005e-19,-7.294305722910939e-05,1.6182286865069485e-22,-1.2230385253089322e-20,-7.294305722910939e-05,1.7448861924065874e-22,-1.2230211044767258e-20,307.3843016271895,0.5154084128937154,34784.6575327704,235.11133200950596,0.44167964704969864,1.5707963267948968,-5.153609074704722e-06,135.76539038495397,4750.067117186999,9.755102168424852,1.1099025284790376e-15,0.13989692808312987,135.7653183078264,1.3934090919698106e-15,4.465513422001588e-05,-8.664818521460406,0.0,0.0,0.0,9.736133316280108e-18,3.120177286972061e-07,0.06054347482909878,0.0,0.0,0.0,0.0,0.0,0.0,0.0,0.0,0.5,0.0,0.0,1.0,0.0,0.0,0.0
14.3,-2.1818187188305503e-14,-0.0007197980118106826,136.68108007651068,0.0,0.0,0.0,0.7071066850753068,-0.00036867572426016926,-0.7071066850753067,-0.0003686757242601693,6386293.660543009,0.682957932817053,-2.1361276804381896e-15,-3.3673766161086963e-22,1.0694120396212268e-07,8156.660543045029,0.0,-0.0010428794071820644,2.1090648194917262e-16,-1.8072291597164725e-19,-7.294335872667516e-05,3.7554299794511327e-22,-1.2959925535968304e-20,-7.294335872667516e-05,3.8905860764382174e-22,-1.2959526790105842e-20,307.4420386868058,0.5162320398569108,34853.29570651462,235.19964980863566,0.444575114470153,1.5707963267948968,-5.266256888674375e-06,136.681080078406,4822.051628252242,9.755144069678499,2.466368162288399e-15,0.14182208166862176,136.68100650014875,1.4145253982705861e-15,4.632272191847505e-05,-8.796128818625997,0.0,0.0,0.0,9.883678767559691e-18,3.2366962349418575e-07,0.06146097606141617,0.0,0.0,0.0,0.0,0.0,0.0,0.0,0.0,0.5,0.0,0.0,1.0,0.0,0.0,0.0
14.4,-2.196836812255693e-14,-0.000740347713084957,137.59587167926458,0.0,0.0,0.0,0.707106683726409,-0.00037125387594200615,-0.7071066837264088,-0.0003712538759420062,6386279.946841692,0.6972351054287792,-2.209573477318333e-15,-3.4831635846007984e-22,1.0917703439755897e-07,8142.946841729805,0.0,-0.0010501737581591996,1.254632041405152e-16,-1.0843391498713331e-19,-7.294366209932422e-05,-1.7614134566925388e-22,-1.1094154265245998e-20,-7.294366209932422e-05,-1.6449046100241684e-22,-1.1094333126554717e-20,307.50014292173034,0.5170631159920975,34922.60389539728,235.28856075590778,0.44746604139393636,1.5707963267948968,-5.380595391724833e-06,137.59587168125634,4894.680754783198,9.755186252273383,-1.04115670741122e-15,0.14375919980318733,137.59579658193496,1.4358307993836243e-15,4.804126472480292e-05,-8.928614988865078,0.0,0.0,0.0,1.0032545476402622e-17,3.3567755567187016e-07,0.06238669344294093,0.0,0.0,0.0,0.0,0.0,0.0,0.0,0.0,0.5,0.0,0.0,1.0,0.0,0.0,0.0
14.5,-2.2109179350505696e-14,-0.0007613396505102616,138.50975267277795,0.0,0.0,0.0,0.7071066823680808,-0.00037383202761889187,-0.7071066823680807,-0.0003738320276188919,6386266.141414243,0.7117071702190464,-2.2760294134973838e-15,-3.5879322889683214e-22,1.114433934572296e-07,8129.141414282533,0.0,-0.0010574681396649593,1.9614697255373148e-16,-1.4458215045152386e-19,-7.294396735065862e-05,-1.038562613012296e-22,-1.1337181673647715e-20,-7.294396735065862e-05,-9.186705054467107e-23,-1.133728502574612e-20,307.5586166675174,0.5179015802789496,34992.57491415086,235.37806708026923,0.45035237066085604,1.5707963267948968,-5.496647665580911e-06,138.50975267487036,4967.959404006374,9.755228717288293,-5.808203564600492e-16,0.14570830528230055,138.5096760343492,1.4573267348200543e-15,4.981224340499268e-05,-9.062285983678517,0.0,0.0,0.0,1.0182743501069857e-17,3.480518717503179e-07,0.06332068952027642,0.0,0.0,0.0,0.0,0.0,0.0,0.0,0.0,0.5,0.0,0.0,1.0,0.0,0.0,0.0
14.600000000000001,-2.2248591053260967e-14,-0.0007827781155594721,139.42271949679537,0.0,0.0,0.0,0.7071066810003677,-0.00037641017929081595,-0.7071066810003676,-0.000376410179290816,6386252.244790708,0.7263743869682824,-2.328954887341457e-15,-3.6713720369231686e-22,1.1374032205882701e-07,8115.244790749624,0.0,-0.001064762551740261,1.3608073448974929e-16,-1.0843569689322788e-19,-7.294427446629804e-05,-4.086958617175733e-22,-1.0319755443084191e-20,-7.294427446629804e-05,-3.977079425150141e-22,-1.0320184877755531e-20,307.61747667999185,0.5187455833049098,35063.00814843833,235.46816466675952,0.4532340634858351,1.5707963267948968,-5.6144204620412224e-06,139.4227194989928,5041.869549449442,9.755271463097008,-2.524546526771e-15,0.1476693061599246,139.42264129712808,1.479007916602082e-15,5.163648795683333e-05,-9.197108920140407,0.0,0.0,0.0,1.033423589300331e-17,3.607983711528085e-07,0.0642627345313576,0.0,0.0,0.0,0.0,0.0,0.0,0.0,0.0,0.5,0.0,0.0,1.0,0.0,0.0,0.0
14.700000000000001,-2.2382462060289285e-14,-0.0008046695358516474,140.33476429800518,0.0,0.0,0.0,0.7071066796232696,-0.00037898833095774414,-0.7071066796232695,-0.0003789883309577442,6386238.257062614,0.7412379389981092,-2.4956237864234934e-15,-3.934118105239801e-22,1.160680057901633e-07,8101.257062656805,0.0,-0.0010720569945706926,5.638918391272471e-17,-1.0842676227433855e-19,-7.294458344083682e-05,-1.1008860499112154e-21,-8.034398424055064e-21,-7.294458344083682e-05,-1.0922720859059117e-21,-8.035574019427509e-21,307.6767225714908,0.5195951195112186,35133.903134373446,235.55885292197928,0.4561110867517915,1.5707963267948968,-5.733928722993315e-06,140.33476430031214,5116.413151506632,9.755314489423462,-6.925502342231978e-15,0.14964216775540923,140.33468451685704,1.5008749198014993e-15,5.351525783410876e-05,-9.333087374295097,0.0,0.0,0.0,1.0487026670388062e-17,3.739258540300059e-07,0.06521285346299181,0.0,0.0,0.0,0.0,0.0,0.0,0.0,0.0,0.5,0.0,0.0,1.0,0.0,0.0,0.0
14.8,-2.2518833595813436e-14,-0.0008270226266286086,141.24587449229222,0.0,0.0,0.0,0.7071066782367412,-0.000381566482619618,-0.7071066782367411,-0.00038156648261961806,6386224.177885157,0.75629996121145,-2.7263489243222995e-15,-4.2978443003216e-22,1.1842677930690133e-07,8087.17788520176,0.0,-0.0010793514684909091,9.612683357226465e-17,-1.807117537391605e-19,-7.294489427767367e-05,-7.512053897145083e-22,-9.185029177169526e-21,-7.294489427767367e-05,-7.412904229371921e-22,-9.185834442599692e-21,307.73631929964677,0.5204537191555817,35205.64437324461,235.65013538752896,0.4589834383768653,1.5707963267948968,-5.8551959379721315e-06,141.2458744947134,5191.630220007189,9.755357797335176,-4.732465561119615e-15,0.15162691156129135,141.24579310922059,1.5229394811075465e-15,5.545048284154744e-05,-9.47029432993672,0.0,0.0,0.0,1.0641197840706194e-17,3.874478044593564e-07,0.06617155627306126,0.0,0.0,0.0,0.0,0.0,0.0,0.0,0.0,0.5,0.0,0.0,1.0,0.0,0.0,0.0
14.9,-2.2676304533634562e-14,-0.0008498417366591817,142.15604632620375,0.0,0.0,0.0,0.7071066768408277,-0.0003841446342764275,-0.7071066768408276,-0.00038414463427642755,6386210.007789464,0.7715606856979336,-2.653899339189956e-15,-4.1836433805821523e-22,1.208166791988078e-07,8073.007789510612,0.0,-0.001086645973537501,1.9046191017924992e-16,-1.8072337752674298e-19,-7.294520696232208e-05,4.413912637943004e-22,-1.3101835273969396e-20,-7.294520696232208e-05,4.556278667790471e-22,-1.3101347959669649e-20,307.79629728012475,0.5213182095962576,35277.88665806223,235.74200745110332,0.4618510587465932,1.5707963267948968,-5.978228840531131e-06,142.15604632874403,5267.489255990463,9.755401385202598,2.856244401910058e-15,0.15362344495417757,142.1559633207621,1.5451923604528377e-15,5.7442897179789e-05,-9.608672328342287,0.0,0.0,0.0,1.0796684841060534e-17,4.0136935250305766e-07,0.06713844148163416,0.0,0.0,0.0,0.0,0.0,0.0,0.0,0.0,0.5,0.0,0.0,1.0,0.0,0.0,0.0
15.0,-2.2833707433973826e-14,-0.0008731334452352416,143.06527185616682,0.0,0.0,0.0,0.7071066754355293,-0.00038672278592813853,-0.7071066754355292,-0.0003867227859281386,6386195.746869481,0.7870212851523787,-2.520369383703074e-15,-3.973153856495855e-22,1.2323788940202362e-07,8058.7468695295975,0.0,-0.0010939405098944045,1.174541674560984e-16,-1.0843469210121434e-19,-7.294552148922812e-05,-1.2490970608325185e-21,-7.629366593845283e-21,-7.294552148922812e-05,-1.2407502419145099e-21,-7.63072846639506e-21,307.8566596939618,0.5221882410531752,35350.59198521633,235.83446837555167,0.46471390939228474,1.5707963267948968,-6.1030425755750225e-06,143.06527185883118,5343.988823210568,9.755445252742316,-7.870561749870902e-15,0.15563173230467137,143.06518720780812,1.567633136522125e-15,5.949379413258214e-05,-9.748218749591933,0.0,0.0,0.0,1.0953484727605343e-17,4.1569953469106025e-07,0.06811349078260841,0.0,0.0,0.0,0.0,0.0,0.0,0.0,0.0,0.5,0.0,0.0,1.0,0.0,0.0,0.0
15.100000000000001,-2.2973543588295234e-14,-0.0008969067158272642,143.97353845165028,0.0,0.0,0.0,0.7071066740208006,-0.0003893009375746922,-0.7071066740208005,-0.00038930093757469223,6386181.394784192,0.8026839006782376,-2.6026028775802954e-15,-4.102797440245261e-22,1.25690745560029e-07,8044.394784242225,0.0,-0.0011012350778972627,1.8269522612285605e-16,-1.4458325611203957e-19,-7.294583786158736e-05,-2.2023107636262126e-22,-1.0968950633379807e-20,-7.294583786158736e-05,-2.0815226219450111e-22,-1.0969186729361146e-20,307.91739206019605,0.5230653732588336,35423.9301716688,235.9275209428399,0.46757195796768053,1.5707963267948968,-6.2296610538847555e-06,143.973538454444,5421.149910794308,9.755489401010363,1.3400588000620133e-15,0.15765179380384456,143.97345213962805,1.5902679663730687e-15,6.160500077894641e-05,-9.88897188092489,0.0,0.0,0.0,1.1111640521399229e-17,4.3045111732797367e-07,0.06909697169947561,0.0,0.0,0.0,0.0,0.0,0.0,0.0,0.0,0.5,0.0,0.0,1.0,0.0,0.0,0.0
15.200000000000001,-2.311421146798408e-14,-0.0009211659528775105,144.88084229361334,0.0,0.0,0.0,0.7071066725966869,-0.0003918790892160787,-0.7071066725966868,-0.00039187908921607873,6386166.952065795,0.8185487365493925,-2.678174092912054e-15,-4.2219390923316083e-22,1.2817527991504922e-07,8029.952065847504,0.0,-0.0011085296775783181,1.918278969665854e-16,-2.168650220629211e-19,-7.294615606482784e-05,-4.297111533341885e-22,-1.0302807708317114e-20,-7.294615606482784e-05,-4.182899059480345e-22,-1.0303277720023256e-20,307.9784829432714,0.5239504611782332,35497.99542772744,236.02116203170584,0.47042520747860356,1.5707963267948968,-6.358090987409329e-06,144.88084229654177,5498.981259011445,9.755533828373897,-2.6514770179371106e-15,0.15968353628334972,144.8807542971812,1.6130994139218167e-15,6.377773700095687e-05,-10.030947665877232,0.0,0.0,0.0,1.1271170137230875e-17,4.456326240660271e-07,0.07008899563411594,0.0,0.0,0.0,0.0,0.0,0.0,0.0,0.0,0.5,0.0,0.0,1.0,0.0,0.0,0.0
15.3,-2.3251098347476678e-14,-0.0009459178872983882,145.7871752578718,0.0,0.0,0.0,0.7071066711631881,-0.0003944572408522641,-0.707106671163188,-0.00039445724085226415,6386152.418810677,0.8346169545466465,-2.7100115834945435e-15,-4.272138277898669e-22,1.3069167470670492e-07,8015.418810731731,0.0,-0.0011158243091198097,1.4495877964768298e-16,-2.168593794586117e-19,-7.29464760932302e-05,6.4226703692551915e-22,-1.3721787265929475e-20,-7.29464760932302e-05,6.575777377124912e-22,-1.372106206665542e-20,308.03995678529446,0.524841097426962,35572.524974873384,236.11539012621088,0.47327358691507343,1.5707963267948968,-6.488347727514113e-06,145.78717526094053,5577.460223787167,9.755578534542078,4.172529670077293e-15,0.1617269230558576,145.78708555618547,1.6361208366391316e-15,6.601312981911191e-05,-10.174104798338142,0.0,0.0,0.0,1.1432027161917974e-17,4.612519297080232e-07,0.07108927396935016,0.0,0.0,0.0,0.0,0.0,0.0,0.0,0.0,0.5,0.0,0.0,1.0,0.0,0.0,0.0
15.4,-2.3391358628727538e-14,-0.0009711717333069763,146.692524546201,0.0,0.0,0.0,0.7071066697202593,-0.0003970353924831889,-0.7071066697202592,-0.00039703539248318897,6386137.794681682,0.8508907015191126,-2.9132113254300598e-15,-4.592478639534719e-22,1.3324026649536994e-07,8000.794681739062,0.0,-0.0011231189728582983,1.4414219020542124e-16,-2.1685964253028485e-19,-7.294679794976303e-05,-1.8416444702382302e-22,-1.1081845854215021e-20,-7.294679794976303e-05,-1.7171781823103353e-22,-1.1082045611558829e-20,308.10181465421635,0.5257373374611066,35647.52434748724,236.2102074252146,0.47611703991415605,1.5707963267948968,-6.620455616232219e-06,146.69252454941582,5656.592240768957,9.755623520559238,-1.1058806367187416e-15,0.16378197285861854,146.6924331182178,1.6593338290471694e-15,6.831292320627897e-05,-10.31845319373389,0.0,0.0,0.0,1.1594222736826245e-17,4.773212198729843e-07,0.07209787598699406,0.0,0.0,0.0,0.0,0.0,0.0,0.0,0.0,0.5,0.0,0.0,1.0,0.0,0.0,0.0
15.5,-2.35304476970934e-14,-0.000996931951043522,147.5968865031481,0.0,0.0,0.0,0.7071066682679453,-0.00039961354410884397,-0.7071066682679452,-0.000399613544108844,6386123.080212076,0.8673701537875226,-2.960976046493725e-15,-4.667787286058547e-22,1.358210831541516e-07,7986.080212134558,0.0,-0.001130413668821657,1.8005872663452827e-16,-1.4458474825087258e-19,-7.294712161980826e-05,-1.6225444121050442e-22,-1.1161470636750285e-20,-7.294712161980826e-05,-1.4963782496678055e-22,-1.1161647100029761e-20,308.16401590428194,0.5266428779319483,35723.39867972212,236.30561185060435,0.4789556155907268,1.5707963267948968,-6.75442134697687e-06,147.59688650651498,5736.416731345422,9.755668784789245,-9.480122782727565e-16,0.1658485922305009,147.59679332782923,1.6827499552131946e-15,7.067876557163186e-05,-10.464064762420728,0.0,0.0,0.0,1.1757837663280446e-17,4.938520124500707e-07,0.0731153041445236,0.0,0.0,0.0,0.0,0.0,0.0,0.0,0.0,0.5,0.0,0.0,1.0,0.0,0.0,0.0
15.600000000000001,-2.3674898756778538e-14,-0.001023205422368159,148.50025271605054,0.0,0.0,0.0,0.7071066668062463,-0.0004021916957291953,-0.7071066668062462,-0.0004021916957291954,6386108.275500714,0.884056461933299,-3.0161887676584913e-15,-4.754837667816037e-22,1.384343051815822e-07,7971.275500775315,0.0,-0.0011377083971903846,8.628359444946831e-17,-2.1685237917237245e-19,-7.294744709746026e-05,-5.654970315872925e-22,-9.903379963577294e-21,-7.294744709746026e-05,-5.542295094887317e-22,-9.90401692479017e-21,308.2265959985613,0.5275542271710186,35799.76625099965,236.40160147219882,0.48178922470489455,1.5707963267948968,-6.890260478603039e-06,148.50025271957563,5816.898651590035,9.755714326933745,-3.5144956155003447e-15,0.16792674329219617,148.50015777226199,1.7063589351775639e-15,7.311169672158215e-05,-10.610875579177252,0.0,0.0,0.0,1.1922800112369638e-17,5.108515728532261e-07,0.07414111177880052,0.0,0.0,0.0,0.0,0.0,0.0,0.0,0.0,0.5,0.0,0.0,1.0,0.0,0.0,0.0
15.700000000000001,-2.3818983252413083e-14,-0.0010500016148067746,149.40261017644502,0.0,0.0,0.0,0.7071066653351171,-0.0004047698473441828,-0.707106665335117,-0.00040476984734418286,6386093.380214362,0.9009517780932813,-2.9804975379209443e-15,-4.698583655277864e-22,1.410802699835186e-07,7956.380214425424,0.0,-0.0011450031583018865,1.6841575275810006e-16,-2.168641922557309e-19,-7.29477743854495e-05,1.144541041574124e-22,-1.2010909120869735e-20,-7.29477743854495e-05,1.2820704391412236e-22,-1.2010770040670188e-20,308.2895589568707,0.5284711520303629,35876.60103787405,236.4981783567846,0.48461780578779645,1.5707963267948968,-7.027997792081541e-06,149.40261018013476,5898.040350677503,9.755760148025178,7.810174964399856e-16,0.1700164432568517,149.40251344285562,1.7301614580574446e-15,7.561352072669777e-05,-10.758889929231131,0.0,0.0,0.0,1.208911489914537e-17,5.283325066206678e-07,0.07517532883189143,0.0,0.0,0.0,0.0,0.0,0.0,0.0,0.0,0.5,0.0,0.0,1.0,0.0,0.0,0.0
15.8,-2.396481926366723e-14,-0.0010773250433301405,150.30395540969997,0.0,0.0,0.0,0.707106663854603,-0.000407347998953798,-0.7071066638546029,-0.00040734799895379806,6386078.394887354,0.918056250492378,-2.9240566481859744e-15,-4.609618710049388e-22,1.4375900104153824e-07,7941.394887420659,0.0,-0.0011522979521796442,1.5808417433574264e-16,-2.1686316240624427e-19,-7.294810346911596e-05,3.537750306805688e-22,-1.2764618765156822e-20,-7.294810346911596e-05,3.6848307734625365e-22,-1.276420275338459e-20,308.3528781739479,0.5293959970215614,35954.16065215493,236.5953399164852,0.48744138770663126,1.5707963267948968,-7.167639967750526e-06,150.3039554135609,5979.867428530047,9.755806246424115,2.335030631647799e-15,0.1721175983962354,150.30385686498641,1.7541650334651007e-15,7.818579173840112e-05,-10.908154510589291,0.0,0.0,0.0,1.2256834495338005e-17,5.463056730366719e-07,0.07621828159563963,0.0,0.0,0.0,0.0,0.0,0.0,0.0,0.0,0.5,0.0,0.0,1.0,0.0,0.0,0.0
15.9,-2.4116011933472354e-14,-0.00110518274117941,151.20427978728858,0.0,0.0,0.0,0.7071066623647037,-0.0004099261505580067,-0.7071066623647035,-0.00040992615055800673,6386063.319621036,0.9353710182236664,-2.936722267667636e-15,-4.629596386417565e-22,1.464706770679447e-07,7926.319621103816,0.0,-0.0011595927790023705,1.6642210879562075e-16,-2.1686481052386767e-19,-7.294843434237762e-05,-1.1619925013297028e-21,-8.106990214521599e-21,-7.294843434237762e-05,-1.1525909148846424e-21,-8.108332201779895e-21,308.4165592618915,0.5303281660637519,36032.37997283972,236.6930852767326,0.4902599268767948,1.5707963267948968,-7.309202773324139e-06,151.2042797913276,6062.3759569607055,9.755852621824635,1.0812548102039899e-15,0.1742301697031816,151.20417941003493,1.7783685090861666e-15,8.083000419090551e-05,-11.058662157664175,0.0,0.0,0.0,1.2425950849409519e-17,5.647815141249175e-07,0.07726992000211018,0.0,0.0,0.0,0.0,0.0,0.0,0.0,0.0,0.5,0.0,0.0,1.0,0.0,0.0,0.0
16.0,-2.425504322783463e-14,-0.0011335844315117597,152.1035700389269,0.0,0.0,0.0,0.7071066608653742,-0.00041250430215674847,-0.7071066608653741,-0.0004125043021567485,6386048.154086163,0.9528982382474104,-2.9762487518893282e-15,-4.691919133225853e-22,1.492156362416631e-07,7911.154086234048,0.0,-0.001166887639108244,1.2895770296757287e-16,-1.4457952864607905e-19,-7.294876700771391e-05,6.111927895090338e-22,-1.353965180726258e-20,-7.294876700771391e-05,6.269915269093402e-22,-1.3538929427611981e-20,308.4806216631424,0.5312659168017314,36111.06765970394,236.79141592231025,0.49307333681164994,1.5707963267948968,-7.452711435769304e-06,152.10357004315105,6145.551349973569,9.755899275247051,1.1600985215682033e-15,0.17635417278433257,152.1034678075214,1.802767606190113e-15,8.354784444338065e-05,-11.210386263464517,0.0,0.0,0.0,1.2596434064690585e-17,5.837718129416441e-07,0.07833005814092285,0.0,0.0,0.0,0.0,0.0,0.0,0.0,0.0,0.5,0.0,0.0,1.0,0.0,0.0,0.0
16.1,-2.4398999484042485e-14,-0.0011625346822902497,153.00182279708147,0.0,0.0,0.0,0.7071066593566597,-0.00041508245375001537,-0.7071066593566596,-0.0004150824537500154,6386032.898818135,0.9706380305543674,-2.8927708605427652e-15,-4.560331050733342e-22,1.5199389763099902e-07,7895.898818209146,0.0,-0.0011741825325163337,1.6589866702255452e-16,-1.084454337252023e-19,-7.294910145041073e-05,1.7142576958601688e-22,-1.2194735014195691e-20,-7.294910145041073e-05,1.8574433642263127e-22,-1.2194525374464238e-20,308.5450515363392,0.5322103527436907,36190.34558474111,236.89032879959314,0.49588162720421086,1.5707963267948968,-7.5981726258065e-06,153.00182280149804,6229.405605898553,9.755946205048668,1.1776422622137696e-15,0.17848951356622786,153.00171868992425,1.82736584442803e-15,8.634075719039977e-05,-11.36334871469834,0.0,0.0,0.0,1.2768308733953306e-17,6.032866639659586e-07,0.07939884894053804,0.0,0.0,0.0,0.0,0.0,0.0,0.0,0.0,0.5,0.0,0.0,1.0,0.0,0.0,0.0
16.2,-2.4549647104712438e-14,-0.0011920406794974348,153.89902935102333,0.0,0.0,0.0,0.7071066578385602,-0.0004176606053377731,-0.7071066578385601,-0.00041766060533777316,6386017.553920816,0.98859152245018,-2.8986517073591295e-15,-4.569613012807221e-22,1.5480563811529265e-07,7880.553920892067,0.0,-0.001181477459403518,1.663355321598575e-16,-1.0844596699748922e-19,-7.294943766423124e-05,1.6059814628366856e-22,-1.2162920169456829e-20,-7.294943766423124e-05,1.7496824687262325e-22,-1.2162721937368947e-20,308.60982827572593,0.5331634469711363,36270.43029683682,236.98982396278333,0.498684796318734,1.5707963267948968,-7.745602324461118e-06,153.89902935563987,6313.964458057687,9.755993410915885,1.110009050853883e-15,0.18063615205279315,153.89892334642454,1.8521707725449936e-15,8.9210721939256e-05,-11.517596452717276,0.0,0.0,0.0,1.2941627602359782e-17,6.233398985608237e-07,0.08047662039311555,0.0,0.0,0.0,0.0,0.0,0.0,0.0,0.0,0.5,0.0,0.0,1.0,0.0,0.0,0.0
16.3,-2.4683465863366814e-14,-0.0012221124039349883,154.7951761080818,0.0,0.0,0.0,0.7071066563110305,-0.00042023875691996087,-0.7071066563110304,-0.0004202387569199609,6386002.119069016,1.0067608752484163,-3.0758797816914963e-15,-4.849018062008661e-22,1.5765119657320393e-07,7865.11906909477,0.0,-0.001188772420108676,1.5831901675859083e-16,-1.445852525896527e-19,-7.294977565138895e-05,3.5766202274668545e-22,-1.2747779106786452e-20,-7.294977565138895e-05,3.728152935402907e-22,-1.2747345148532261e-20,308.67498474772356,0.5341221284041564,36350.9844795651,237.08990238407577,0.5014827348411743,1.5707963267948968,-7.895026210969106e-06,154.79517611290612,6399.197233082241,9.756040893856714,2.3653677575759575e-15,0.1827941021481182,154.7950681841573,1.877173392657631e-15,9.215929668947443e-05,-11.673073524802945,0.0,0.0,0.0,1.3116327799219281e-17,6.439424028982692e-07,0.0815629815415928,0.0,0.0,0.0,0.0,0.0,0.0,0.0,0.0,0.5,0.0,0.0,1.0,0.0,0.0,0.0
16.400000000000002,-2.4828901868936004e-14,-0.0012527544745439326,155.69025975797894,0.0,0.0,0.0,0.7071066547741158,-0.00042281690849657095,-0.7071066547741157,-0.000422816908496571,6385986.594799196,1.025146180571268,-3.2108034968948315e-15,-5.061733014282037e-22,1.6053058763862698e-07,7849.594799278304,0.0,-0.0011960674146464416,1.1402746619794395e-16,-2.168587349460466e-19,-7.295011539710708e-05,5.379795746113179e-22,-1.327921467045066e-20,-7.295011539710708e-05,5.5386206642327865e-22,-1.3278561697276976e-20,308.7405167568512,0.5350865542311752,36432.02625439732,237.19056065490838,0.5042754375484136,1.5707963267948968,-8.046450948338438e-06,155.69025976301907,6485.10487436277,9.756088652225175,-2.2513955461222724e-15,0.1849632693793333,155.6901498928605,1.902373981516218e-15,9.518783460833811e-05,-11.829781651907894,0.0,0.0,0.0,1.3292411258262253e-17,6.651036319310026e-07,0.0826579444107395,0.0,0.0,0.0,0.0,0.0,0.0,0.0,0.0,0.5,0.0,0.0,1.0,0.0,0.0,0.0
16.5,-2.496314281227826e-14,-0.001283974231363247,156.5842715903565,0.0,0.0,0.0,0.7071066532278161,-0.0004253950600675692,-0.707106653227816,-0.00042539506006756926,6385970.98121777,1.0437485536304199,-3.23380214463667e-15,-5.098002225914039e-22,1.634439863100307e-07,7833.981217854656,0.0,-0.0012033624431918126,2.0010946225388608e-16,-1.0845292402008484e-19,-7.295045689500746e-05,7.007444237852465e-22,-1.3748828861960935e-20,-7.295045689500746e-05,7.172887367152195e-22,-1.37479756579337e-20,308.8063845100466,0.5360605996915169,36513.98136190125,237.2917995077999,0.5070629347384056,1.5707963267948968,-8.199892736950632e-06,156.58427159562075,6571.736852614916,9.75613668569991,4.547915411068249e-15,0.18714361284825362,156.58415976208863,1.9277870510804857e-15,9.829876505831213e-05,-11.987811075654756,0.0,0.0,0.0,1.3469979378550483e-17,6.868405602840426e-07,0.08376213954364144,0.0,0.0,0.0,0.0,0.0,0.0,0.0,0.0,0.5,0.0,0.0,1.0,0.0,0.0,0.0
16.6,-2.5102530608010662e-14,-0.0013157819149139985,157.4771976573606,0.0,0.0,0.0,0.7071066516720861,-0.00042797321163289437,-0.707106651672086,-0.0004279732116328944,6385955.278003665,1.062570159615241,-3.3367843712281694e-15,-5.260363961018591e-22,1.6639173209131278e-07,7818.278003752542,0.0,-0.0012106575060842944,1.670635761282458e-16,-1.4458808604360281e-19,-7.295080014702731e-05,1.51725378839861e-22,-1.2110035844137782e-20,-7.295080014702731e-05,1.663866759696986e-22,-1.2109843175885183e-20,308.8726295957148,0.5370403151477188,36596.41554739597,237.39361956991777,0.5098451011281092,1.5707963267948968,-8.355377714546093e-06,157.47719766285752,6659.050715129527,9.756184995276424,1.0395566122238323e-15,0.1893351446892742,157.477083843795,1.953400148088773e-15,0.00010149355812576704,-12.147084356293131,0.0,0.0,0.0,1.3648945145712929e-17,7.091634598559815e-07,0.084875025847422,0.0,0.0,0.0,0.0,0.0,0.0,0.0,0.0,0.5,0.0,0.0,1.0,0.0,0.0,0.0
16.7,-2.5229465708861743e-14,-0.001348182193126035,158.36903468617353,0.0,0.0,0.0,0.707106650106971,-0.0004305513631925391,-0.7071066501069709,-0.00043055136319253913,6385939.485694394,1.0816110616473054,-3.4155104761726245e-15,-5.384487265831817e-22,1.693738351611756e-07,7802.485694486028,0.0,-0.0012179526033340641,1.721058626117728e-16,-1.807295110285505e-19,-7.295114513832364e-05,2.6872696931500693e-23,-1.1742252429198134e-20,-7.295114513832364e-05,4.1174424051696294e-23,-1.1742210906907612e-20,308.93925053544444,0.5380255892054315,36679.31743888139,237.4960173274752,0.512621927529101,1.5707963267948968,-8.51291253760289e-06,158.36903469191202,6747.0440874801625,9.756233579305489,2.620173415466647e-16,0.19153777000929292,158.368918865182,1.979212576003309e-15,0.0001047735800100091,-12.307597162450836,0.0,0.0,0.0,1.382930369284823e-17,7.320818766578642e-07,0.08599657305759012,0.0,0.0,0.0,0.0,0.0,0.0,0.0,0.0,0.5,0.0,0.0,1.0,0.0,0.0,0.0
16.8,-2.5363718344598054e-14,-0.0013811825608791282,159.25977397692031,0.0,0.0,0.0,0.707106648532471,-0.00043312951474646955,-0.7071066485324708,-0.0004331295147464696,6385923.60439896,1.1008723625336843,-3.4041894651402373e-15,-5.3666533429504685e-22,1.7239046858865248e-07,7786.6043990552425,0.0,-0.0012252477351141918,1.598422831687233e-16,-1.084477726271638e-19,-7.295149186237819e-05,3.4332903614907358e-22,-1.2636955817654965e-20,-7.295149186237819e-05,3.5881217606112637e-22,-1.2636525669136158e-20,309.0062092016119,0.539020150798045,36763.097274372245,237.59899343842642,0.5153934427220523,1.5707963267948968,-8.67251363200264e-06,159.25977398290948,6835.766125801496,9.756282437457859,2.223825214415289e-15,0.19375144701264485,159.2596561262901,2.005238754536964e-15,0.00010814138120847152,-12.469439162119757,0.0,0.0,0.0,1.401115577446394e-17,7.556136317181135e-07,0.0871274077091155,0.0,0.0,0.0,0.0,0.0,0.0,0.0,0.0,0.5,0.0,0.0,1.0,0.0,0.0,0.0
16.900000000000002,-2.5492543410529147e-14,-0.001414793520899498,160.14940124534877,0.0,0.0,0.0,0.7071066469485408,-0.0004357076662946235,-0.7071066469485406,-0.00043570766629462355,6385907.633800472,1.1203562308529609,-3.5598475582965275e-15,-5.612060108430591e-22,1.7544197242695068e-07,7770.633800569922,0.0,-0.0012325429017647298,1.5833123124648831e-16,-1.807281463018477e-19,-7.295184032085019e-05,-8.850224525621388e-23,-1.1397360947881234e-20,-7.295184032085019e-05,-7.445394114205793e-23,-1.1397461198634582e-20,309.0735373580679,0.540021002071618,36847.42487603151,237.70254885511739,0.518159535829156,1.5707963267948968,-8.834207600870619e-06,160.14940125159808,6925.184763838789,9.756331570716334,-4.714259819864967e-16,0.1959761860568958,160.1492813426763,2.031469277209962e-15,0.00011159867107237892,-12.63255186175291,0.0,0.0,0.0,1.419443566489367e-17,7.797706687447928e-07,0.08826712109146592,0.0,0.0,0.0,0.0,0.0,0.0,0.0,0.0,0.5,0.0,0.0,1.0,0.0,0.0,0.0
17.0,-2.562739544509317e-14,-0.001449019788102488,161.0379132482087,0.0,0.0,0.0,0.7071066453552255,-0.0004382858178369945,-0.7071066453552254,-0.00043828581783699453,6385891.57443749,1.1400627010954478,-3.6689932037622984e-15,-5.784141655402515e-22,1.7852835237901085e-07,7754.574437591558,0.0,-0.0012398381032913818,1.2124800572139946e-16,-2.168620782340131e-19,-7.29521904988296e-05,-5.546784723818622e-22,-1.005305542011151e-20,-7.29521904988296e-05,-5.422150219498802e-22,-1.0053735799235444e-20,309.14123972402393,0.5410274160707201,36932.22117000796,237.8066798322091,0.5209201878060116,1.5707963267948968,-8.998001095092949e-06,161.03791325472784,7015.289808829008,9.756380977428453,-3.4378004337481376e-15,0.1982118918216278,161.0377912711143,2.0579011540249706e-15,0.00011514675729109584,-12.796916668257712,0.0,0.0,0.0,1.4379122472202082e-17,8.045621249238606e-07,0.08941558328957966,0.0,0.0,0.0,0.0,0.0,0.0,0.0,0.0,0.5,0.0,0.0,1.0,0.0,0.0,0.0
17.1,-2.576456109146943e-14,-0.001483869012418597,161.92530125907084,0.0,0.0,0.0,0.7071066437525252,-0.00044086396937354855,-0.7071066437525251,-0.0004408639693735486,6385875.426421626,1.1599928633510568,-3.921288184810374e-15,-6.181898627252403e-22,1.8164977953556086e-07,7738.426421730779,0.0,-0.0012471333398652383,2.152453826237578e-16,-2.1687953388569816e-19,-7.295254238964963e-05,3.4851354333049336e-22,-1.2645004457987216e-20,-7.295254238964963e-05,3.6428327485607103e-22,-1.2644559981591352e-20,309.20928335113933,0.542042623477847,37017.84209259556,237.91138682512207,0.5236754198029262,1.5707963267948968,-9.163910771442432e-06,161.92530126586985,7106.125454101787,9.756430657257013,2.302184479608004e-15,0.20045852156121113,161.92517718509325,2.0845473488799027e-15,0.00011878823995980862,-12.96261419674094,0.0,0.0,0.0,1.4565306778716438e-17,8.300061678369085e-07,0.09057335758342343,0.0,0.0,0.0,0.0,0.0,0.0,0.0,0.0,0.5,0.0,0.0,1.0,0.0,0.0,0.0
17.2,-2.5904101386620722e-14,-0.001519351961628634,162.8115507051687,0.0,0.0,0.0,0.7071066421403948,-0.000443442120904223,-0.7071066421403946,-0.00044344212090422305,6385859.189440246,1.1801488890907819,-4.108859143899126e-15,-6.477620240387102e-22,1.8480659442158125e-07,7722.189440355016,0.0,-0.0012544286118268242,1.7232607009459685e-16,-1.8073220501507233e-19,-7.295289599469635e-05,2.820804906527157e-23,-1.1726453566016058e-20,-7.295289599469635e-05,4.291872216917533e-23,-1.172640870842872e-20,309.27768894875567,0.5430647107825177,37104.07642568492,238.01667115699618,0.5264251380779507,1.5707963267948968,-9.331963706312208e-06,162.811550712258,7197.672502172067,9.756480611171872,2.673185271171485e-16,0.20271608388598997,162.81142451165763,2.1114022302865233e-15,0.00012252512951477261,-13.129609428180661,0.0,0.0,0.0,1.4752949235676534e-17,8.561168449560818e-07,0.09174019928544055,0.0,0.0,0.0,0.0,0.0,0.0,0.0,0.0,0.5,0.0,0.0,1.0,0.0,0.0,0.0
17.3,-2.6033089809097424e-14,-0.0015554733955155035,163.69665836350276,0.0,0.0,0.0,0.7071066405188792,-0.0004460202724290119,-0.7071066405188791,-0.00044602027242901196,6385842.864032944,1.2005307840443893,-4.262938271784293e-15,-6.720543429142678e-22,1.8799879824388275e-07,7705.864033056734,0.0,-0.0012617239191773466,1.6821056859910271e-16,-1.0845183691878985e-19,-7.295325129899117e-05,1.3534362516545018e-22,-1.2026743872137093e-20,-7.295325129899117e-05,1.5051858049785184e-22,-1.2026563307568017e-20,309.34646708040003,0.5440923643319675,37190.78038735116,238.12252886294505,0.5291693139763605,1.5707963267948968,-9.502166545766146e-06,163.69665837089298,7289.912784959253,9.756530837517383,3.981867927556968e-15,0.20498448303907174,163.696530027836,2.1384604687262026e-15,0.00012635866067997953,-13.297869221332135,0.0,0.0,0.0,1.4942012604267013e-17,8.829027836381712e-07,0.09291587682862107,0.0,0.0,0.0,0.0,0.0,0.0,0.0,0.0,0.5,0.0,0.0,1.0,0.0,0.0,0.0
17.400000000000002,-2.6162246590618808e-14,-0.0015922411191398615,164.5806154517118,0.0,0.0,0.0,0.7071066388879786,-0.00044859842394788106,-0.7071066388879785,-0.0004485984239478811,6385826.4503139835,1.221139625270004,-4.215134861637524e-15,-6.645198307369083e-22,1.912265600656822e-07,7689.4503140999,0.0,-0.0012690192620858686,2.0302032152222844e-16,-2.1687925750188675e-19,-7.295360829571156e-05,6.807085533654756e-22,-1.3537060985752194e-20,-7.295360829571156e-05,6.978867917877919e-22,-1.3536186253610992e-20,309.4155877205646,0.5451285373698218,37278.2798112741,238.22896027688384,0.5319079645336026,1.5707963267948968,-9.674536182284186e-06,164.58061545941388,7382.888105076192,9.75658133594825,4.3767412416588695e-15,0.2072636752798275,164.5804849511885,2.1657343267919088e-15,0.0001302915242581001,-13.467469830285628,0.0,0.0,0.0,1.5132582566604225e-17,9.103827852629589e-07,0.09410092302130751,0.0,0.0,0.0,0.0,0.0,0.0,0.0,0.0,0.5,0.0,0.0,1.0,0.0,0.0,0.0
17.5,-2.62965071698655e-14,-0.0016296661680751184,165.46340713556413,0.0,0.0,0.0,0.7071066372476479,-0.00045117657546076754,-0.7071066372476478,-0.0004511765754607676,6385809.947975048,1.2419775866248002,-4.231796390411366e-15,-6.67148271149962e-22,1.9449022080471203e-07,7672.947975169246,0.0,-0.0012763146408933076,1.567914576376904e-16,-1.4459077868013365e-19,-7.295396698597157e-05,-4.472588581696441e-23,-1.1510013226261103e-20,-7.295396698597157e-05,-3.003534786763854e-23,-1.1510060897673122e-20,309.48506504203664,0.546171959291784,37366.43408822431,238.33596692964238,0.5346410060609945,1.5707963267948968,-9.849100174007749e-06,165.4634071435895,7476.587106862869,9.75663210742121,-1.9110177824188125e-16,0.2095536674777853,165.46327444729627,2.193220473357152e-15,0.0001343259712231695,-13.638390540660362,0.0,0.0,0.0,1.5324635847189406e-17,9.385725780063438e-07,0.09529519312641298,0.0,0.0,0.0,0.0,0.0,0.0,0.0,0.0,0.5,0.0,0.0,1.0,0.0,0.0,0.0
17.6,-2.6435393244862234e-14,-0.0016677533448844878,166.34503021584877,0.0,0.0,0.0,0.707106635597932,-0.00045375472696766576,-0.7071066355979319,-0.0004537547269676658,6385793.35755676,1.2630446449499122,-4.207101557331834e-15,-6.6325683324351605e-22,1.9778977715146155e-07,7656.3575568854185,0.0,-0.0012836100555963543,1.4973377123959964e-16,-2.168700452601777e-19,-7.295432735472494e-05,-3.437731220280875e-22,-1.0675039869913739e-20,-7.295432735472494e-05,-3.3007021116948585e-22,-1.067547233066997e-20,309.55491319079334,0.5472209503593297,37455.05887858029,238.44354471821376,0.5373684038771069,1.5707963267948968,-1.0025865162891032e-05,166.3450302242091,7570.986088428842,9.756683150277428,-2.0949895592469848e-15,0.21185436344608571,166.34489531698065,2.220911955586285e-15,0.00013846319272223126,-13.810588116726477,0.0,0.0,0.0,1.5518123864643854e-17,9.674804847409715e-07,0.09649838504397822,0.0,0.0,0.0,0.0,0.0,0.0,0.0,0.0,0.5,0.0,0.0,1.0,0.0,0.0,0.0
17.7,-2.6584567675638464e-14,-0.0017065106097312289,167.22547583006178,0.0,0.0,0.0,0.7071066339388311,-0.00045633287846854156,-0.707106633938831,-0.0004563328784685416,6385776.679176062,1.2843418639544146,-3.979437416643179e-15,-6.27366837553964e-22,2.0112539609200867e-07,7639.679176191799,0.0,-0.001290905506361995,1.8197074292266466e-16,-1.0845681631247952e-19,-7.295468939498723e-05,-1.6802175778432349e-21,-6.973327232210637e-21,-7.295468939498723e-05,-1.6712142738334973e-21,-6.975490423426803e-21,309.6251028302247,0.5482784083987737,37544.474345396644,238.5516939358352,0.5400901745698025,1.5707963267948968,-1.0204848281646897e-05,167.2254758387691,7666.1273331568345,9.756734464163438,-1.3176493188779666e-15,0.2141657184089391,167.22533869766212,2.248821177104971e-15,0.00014270602398788783,-13.984139689576335,0.0,0.0,0.0,1.5713133286518223e-17,9.971263160183585e-07,0.09771103771020104,0.0,0.0,0.0,0.0,0.0,0.0,0.0,0.0,0.5,0.0,0.0,1.0,0.0,0.0,0.0
17.8,-2.671810581561844e-14,-0.0017459492685879719,168.10472889597665,0.0,0.0,0.0,0.7071066322703001,-0.00045891102996333156,-0.7071066322703,-0.0004589110299633316,6385759.912529025,1.3058714193667698,-4.081446301457698e-15,-6.434504584271715e-22,2.044974188564505e-07,7622.912529158406,0.0,-0.0012982009935314594,1.7054992572154451e-16,-1.8073524234245382e-19,-7.295505310759885e-05,-8.97999265702828e-22,-9.15649738539998e-21,-7.295505310759885e-05,-8.861112387999904e-22,-9.157655344035216e-21,309.69564606963144,0.5493432618488773,37634.56167101167,238.66041615848536,0.5428062371052356,1.5707963267948968,-1.038607757890959e-05,168.10472890504343,7762.001702992438,9.75678605002264,-5.619078939422028e-15,0.21648773748581468,168.10458950692893,2.2769454573083234e-15,0.000147056871953811,-14.15902859005297,0.0,0.0,0.0,1.5909645382687455e-17,1.0275268897473634e-06,0.0989330346530881,0.0,0.0,0.0,0.0,0.0,0.0,0.0,0.0,0.5,0.0,0.0,1.0,0.0,0.0,0.0
17.900000000000002,-2.6843284875643147e-14,-0.0017860741647304505,168.98278625060374,0.0,0.0,0.0,0.7071066305923841,-0.00046148918145203063,-0.707106630592384,-0.00046148918145203074,6385743.058157294,1.3276332590126092,-4.334526504559259e-15,-6.833510158092979e-22,2.0790583759894303e-07,7606.058157431582,0.0,-0.0013054965170969017,1.6166645129080595e-16,-3.2529427698966353e-19,-7.295541847744887e-05,-1.7845693251634293e-22,-1.1154576168708942e-20,-7.295541847744887e-05,-1.6389350203454742e-22,-1.1154799266073016e-20,309.7665583979824,0.5504136867136038,37725.12034209046,238.76970722615457,0.5455165545242818,1.5707963267948968,-1.0569559693215041e-05,168.98278626004276,7858.5827012763775,9.756837906193024,-1.0049130241242857e-15,0.2188203240781249,168.98264458182814,2.3052770235311426e-15,0.00015151692518296876,-14.335206484372883,0.0,0.0,0.0,1.6107605843397844e-17,1.058690510744984e-06,0.10016403815117447,0.0,0.0,0.0,0.0,0.0,0.0,0.0,0.0,0.5,0.0,0.0,1.0,0.0,0.0,0.0
18.0,-2.6970465013362214e-14,-0.001826893413273367,169.8596389281718,0.0,0.0,0.0,0.7071066289050829,-0.0004640673329346046,-0.7071066289050828,-0.0004640673329346047,6385726.116180514,1.3496284329317636,-4.6750484864775834e-15,-7.370372887556794e-22,2.113508171783282e-07,7589.116180656478,0.0,-0.0013127920772231809,1.5544606118271794e-16,-2.168732883049372e-19,-7.295578549738444e-05,4.869283500172565e-22,-1.2958399552447996e-20,-7.295578549738444e-05,5.039396098051071e-22,-1.295774915055097e-20,309.8378089561291,0.5514927486083151,37816.48951394779,238.87956747193547,0.5482211467679438,1.5707963267948968,-1.0755312001902105e-05,169.85963893799618,7955.916271592317,9.756890032312864,3.199897395651844e-15,0.22116343233475244,169.85949495651587,2.3338293531000518e-15,0.00015608923159460123,-14.512757180363955,0.0,0.0,0.0,1.6307108838444533e-17,1.0906384756628851e-06,0.101404633792849,0.0,0.0,0.0,0.0,0.0,0.0,0.0,0.0,0.5,0.0,0.0,1.0,0.0,0.0,0.0
18.1,-2.710281080775868e-14,-0.0018684185930982458,170.73527160642186,0.0,0.0,0.0,0.7071066272083516,-0.0004666454844109897,-0.7071066272083515,-0.0004666454844109898,6385709.086299224,1.3718591182007438,-4.656159939291003e-15,-7.340614155143771e-22,2.148326990553634e-07,7572.086299371595,0.0,-0.0013200876742517577,1.7996255931338092e-16,-2.1687909327239665e-19,-7.295615416797005e-05,-1.7163639009499965e-22,-1.1169835799206673e-20,-7.295615416797005e-05,-1.5689059224390242e-22,-1.1170052459297567e-20,309.9094122179603,0.5525791287730917,37908.522880486715,238.98999835494882,0.5509199277795476,1.5707963267948968,-1.0943363052977838e-05,170.7352716166453,8053.989254723148,9.756942429311993,-9.61943067493416e-16,0.2235170656095696,170.73512530855015,2.3625985858226025e-15,0.00016077624169118847,-14.691656673685161,0.0,0.0,0.0,1.650812739559911e-17,1.123387906837196e-06,0.1026546538531659,0.0,0.0,0.0,0.0,0.0,0.0,0.0,0.0,0.5,0.0,0.0,1.0,0.0,0.0,0.0
18.2,-2.724813488711063e-14,-0.0019106545861129836,171.60968117593822,0.0,0.0,0.0,0.7071066255022354,-0.0004692236358811812,-0.7071066255022352,-0.0004692236358811813,6385691.969056075,1.3943252335042504,-4.67929821704232e-15,-7.377112455758331e-22,2.1835147082807474e-07,7554.969056228176,0.0,-0.0013273833081702303,1.518852928077909e-16,-2.530136633939482e-19,-7.295652447403394e-05,-9.107058088003156e-22,-9.16841789593704e-21,-7.295652447403394e-05,-8.985361556684162e-22,-9.169619099308516e-21,309.98138279850184,0.5536710819767334,38001.028370454675,239.1009957391032,0.553612862218435,1.5707963267948968,-1.113371948218994e-05,171.60968118657456,8152.775404550583,9.756995095525268,-5.684009684558529e-15,0.225881126917862,171.60953252855603,2.3915770225276104e-15,0.00016557919590144782,-14.871857087570477,0.0,0.0,0.0,1.6710607718630803e-17,1.1569474714851972e-06,0.10391376380396727,0.0,0.0,0.0,0.0,0.0,0.0,0.0,0.0,0.5,0.0,0.0,1.0,0.0,0.0,0.0
18.3,-2.7390087320768976e-14,-0.0019536096620582106,172.4828585386445,0.0,0.0,0.0,0.707106623786734,-0.0004718017873451451,-0.7071066237867338,-0.0004718017873451452,6385674.764573452,1.4170278148892612,-4.7803864960338095e-15,-7.5365028547303885e-22,2.2190729517742546e-07,7537.764573609456,0.0,-0.0013346789791412795,1.2685325626872224e-16,-3.252888015758828e-19,-7.295689640824723e-05,-2.345564189290921e-22,-1.0994725752981689e-20,-7.295689640824723e-05,-2.1988178502630773e-22,-1.0995029017585776e-20,310.0536861270956,0.5547720659891554,38094.38902311123,239.21256007746496,0.5562999772852398,1.5707963267948968,-1.1326398915965127e-05,172.48285854970817,8252.327820179855,9.757048030582604,-1.396749558899773e-15,0.22825556928382795,172.48270751838788,2.4207802395791327e-15,0.00017050143971183008,-15.053455282567572,0.0,0.0,0.0,1.6914658643887752e-17,1.1913405454426583e-06,0.10518264043659216,0.0,0.0,0.0,0.0,0.0,0.0,0.0,0.0,0.5,0.0,0.0,1.0,0.0,0.0,0.0
18.400000000000002,-2.7525187146899575e-14,-0.001997295675259683,173.35478814861855,0.0,0.0,0.0,0.7071066220618023,-0.0004743799388028169,-0.7071066220618022,-0.000474379938802817,6385657.472556425,1.43996904024906,-4.681115022139236e-15,-7.380016852904973e-22,2.255005137118612e-07,7520.472556587929,0.0,-0.001341974687506514,1.3294418880845564e-16,-2.1687041973406723e-19,-7.295726997089777e-05,9.974459355583946e-23,-1.190037637645077e-20,-7.295726997089777e-05,1.1571439385082166e-22,-1.1900231848296247e-20,310.1263434253575,0.5558800662823705,38188.38130538673,239.32469255105227,0.5589811739986883,1.5707963267948968,-1.152143041059338e-05,173.35478816012443,8352.622451857847,9.75710123540004,7.511940878879211e-16,0.2306403942918349,173.35463473194278,2.4502011820998e-15,0.00017554532287636162,-15.236407388407153,0.0,0.0,0.0,1.712023087699762e-17,1.226583547088498e-06,0.10646097721737939,0.0,0.0,0.0,0.0,0.0,0.0,0.0,0.0,0.5,0.0,0.0,1.0,0.0,0.0,0.0
18.5,-2.7665393864287096e-14,-0.0020417175440782705,174.22546696538987,0.0,0.0,0.0,0.7071066203274857,-0.00047695809025419234,-0.7071066203274856,-0.00047695809025419245,6385640.093548644,1.4631487990038907,-4.61090401540228e-15,-7.269345527731745e-22,2.2913110945376787e-07,7503.093548811352,0.0,-0.0013492704332489559,1.793464293525082e-16,-3.253017523602006e-19,-7.295764514675679e-05,3.4960312464866577e-22,-1.2565000247869719e-20,-7.295764514675679e-05,3.665569970748612e-22,-1.2564516869071802e-20,310.19936623987047,0.5569936405801674,38282.846433576844,239.43738912821001,0.561656422652599,1.5707963267948968,-1.1718820599494072e-05,174.22546697735314,8453.636663691766,9.757154708309336,2.3411950808262406e-15,0.23303550459537373,174.22531112879523,2.4798332099595603e-15,0.0001807122076122629,-15.420672113897583,0.0,0.0,0.0,1.7327278021541878e-17,1.2626859946098305e-06,0.10774848563339412,0.0,0.0,0.0,0.0,0.0,0.0,0.0,0.0,0.5,0.0,0.0,1.0,0.0,0.0,0.0
18.6,-2.7792567585905235e-14,-0.00208688369232918,175.09488571880863,0.0,0.0,0.0,0.707106618583784,-0.0004795362416992376,-0.7071066185837839,-0.0004795362416992377,6385622.627675259,1.4865681128804293,-4.53658461541061e-15,-7.152196577475626e-22,2.32799242854976e-07,7485.6276754317805,0.0,-0.0013565662165290577,2.1067869273620496e-16,-2.1688948050376404e-19,-7.295802192830909e-05,5.031156389156968e-22,-1.2979114841592e-20,-7.295802192830909e-05,5.207221992952499e-22,-1.297842038957424e-20,310.2727141220846,0.5581168643077844,38378.236449387994,239.55065046179988,0.5643257616986245,1.5707963267948968,-1.1918587362864316e-05,175.09488573124497,8555.434529348537,9.757208448931959,3.3564510814219906e-15,0.23544085202842122,175.0947274387294,2.509695118857563e-15,0.00018600584074995486,-15.60636633880019,0.0,0.0,0.0,1.7535931408250126e-17,1.299674068143345e-06,0.10904598235573806,0.0,0.0,0.0,0.0,0.0,0.0,0.0,0.0,0.5,0.0,0.0,1.0,0.0,0.0,0.0
18.7,-2.793234099651303e-14,-0.0021328062524500558,175.9630286736194,0.0,0.0,0.0,0.7071066168306521,-0.00048211439313788744,-0.707106616830652,-0.00048211439313788755,6385605.074645949,1.5102291600498443,-4.608138802968118e-15,-7.265026125138596e-22,2.365052555874442e-07,7468.074646127721,0.0,-0.0013638620376884899,1.4400038899966484e-16,-2.8915463580688935e-19,-7.295840031556922e-05,8.2211949201295635e-22,-1.3793928813739905e-20,-7.295840031556922e-05,8.409318149947718e-22,-1.379279469781558e-20,310.34641937936135,0.5592465763206671,38474.200399724476,239.66447729411325,0.5669890711464046,1.5707963267948968,-1.2120760274096887e-05,175.963028686545,8657.973592746132,9.757262458169917,5.336246845917089e-15,0.23785643642712812,175.96286792631145,2.539774454508486e-15,0.00019142829057228257,-15.793412616999003,0.0,0.0,0.0,1.7746104015598713e-17,1.3375622193512501e-06,0.11035292624705662,0.0,0.0,0.0,0.0,0.0,0.0,0.0,0.0,0.5,0.0,0.0,1.0,0.0,0.0,0.0
18.8,-2.806724014998959e-14,-0.0021794901769044673,176.82989286676286,0.0,0.0,0.0,0.7071066150681352,-0.00048469254457013855,-0.7071066150681351,-0.00048469254457013866,6385587.435005351,1.5341318005466165,-4.647568899425935e-15,-7.32721058357666e-22,2.402491260787446e-07,7450.4350055350615,0.0,-0.001371157896705681,1.1802615276297703e-16,-2.1686879027658636e-19,-7.295878029325392e-05,4.074882931405507e-24,-1.1639018562254835e-20,-7.295878029325392e-05,2.0033817148509797e-23,-1.1639002027988454e-20,310.4204878147416,0.5603819143573041,38570.643604061544,239.778865796613,0.5696463319623399,1.5707963267948968,-1.232534596452984e-05,176.82989288019436,8761.23931927763,9.75731673435191,-6.403181894911349e-15,0.24028216009951572,176.8297296285314,2.5700669532620973e-15,0.00019698114687946306,-15.981784435278552,0.0,0.0,0.0,1.795776605228851e-17,1.3763615566057736e-06,0.11166913205220684,0.0,0.0,0.0,0.0,0.0,0.0,0.0,0.0,0.5,0.0,0.0,1.0,0.0,0.0,0.0
18.900000000000002,-2.8193590389537598e-14,-0.0022269440427432926,177.6954687991702,0.0,0.0,0.0,0.7071066132962334,-0.00048727069599595666,-0.7071066132962333,-0.00048727069599595677,6385569.708881412,1.5582770414449316,-4.823906295671876e-15,-7.605239815907737e-22,2.440310124995677e-07,7432.708881601691,0.0,-0.0013784537937388023,1.883990604084771e-16,-2.1688640989616423e-19,-7.295916185364727e-05,-4.061594254311746e-22,-1.055477548152904e-20,-7.295916185364727e-05,-3.916097738554144e-22,-1.0555325325605746e-20,310.49487246740944,0.5615276429306837,38668.09522221601,239.89381684598106,0.572297595129453,1.5707963267948968,-1.2532362573316807e-05,177.69546881312462,8865.308480169802,9.757371277090854,-2.4870397930338757e-15,0.2427179735980018,177.69530304625792,2.600595135566323e-15,0.00020266862837178308,-16.17162183549404,0.0,0.0,0.0,1.8171074874895275e-17,1.4161015571283934e-06,0.1129955782822233,0.0,0.0,0.0,0.0,0.0,0.0,0.0,0.0,0.5,0.0,0.0,1.0,0.0,0.0,0.0
19.0,-2.831631998841962e-14,-0.002275180263464724,178.5597406117688,0.0,0.0,0.0,0.7071066115149013,-0.0004898488474152762,-0.7071066115149012,-0.0004898488474152763,6385551.895988486,1.5826670606484228,-4.963364806588058e-15,-7.825128302727785e-22,2.478512565001768e-07,7414.895988681974,0.0,-0.0013857497291295028,1.6116052347790397e-16,-2.168803709529898e-19,-7.295954499650092e-05,-1.6101974162968336e-22,-1.1192126270224297e-20,-7.295954499650092e-05,-1.4550984394818718e-22,-1.1192338555540401e-20,310.5696195139361,0.562679156381669,38766.04346533781,240.0093306413304,0.5749427142043346,1.5707963267948968,-1.274184019937619e-05,178.5597406262638,8970.11446315037,9.75742608727453,-4.22993090959772e-15,0.24516387507662496,178.5595723202423,2.631339461053396e-15,0.0002084923544910844,-16.362803307213593,0.0,0.0,0.0,1.8385893949484562e-17,1.456793536405538e-06,0.11433141591023308,0.0,0.0,0.0,0.0,0.0,0.0,0.0,0.0,0.5,0.0,0.0,1.0,0.0,0.0,0.0
19.1,-2.844557431084531e-14,-0.0023242038228222703,179.42270539839117,0.0,0.0,0.0,0.707106609724184,-0.0004924269988280943,-0.7071066097241839,-0.0004924269988280944,6385533.996872183,1.6073016886867244,-5.047231536290256e-15,-7.957373133494887e-22,2.5170983189449357e-07,7396.996872385964,0.0,-0.0013930457028515971,1.9352878024769812e-16,-2.1688915211449365e-19,-7.29599297064736e-05,-3.780448076238619e-23,-1.1530650011529766e-20,-7.29599297064736e-05,-2.174074456583996e-23,-1.1530691105908432e-20,310.64472006567865,0.5638371022659373,38864.56126786065,240.12540388765743,0.577581697641223,1.5707963267948968,-1.2953785472055965e-05,179.42270541344485,9075.666239746304,9.757481163228595,3.230737945127978e-15,0.24761976647533573,179.42253454437062,2.662302561477515e-15,0.0002144545223223158,-16.55534521581954,0.0,0.0,0.0,1.86022416648482e-17,1.4984528460752089e-06,0.1156767592856724,0.0,0.0,0.0,0.0,0.0,0.0,0.0,0.0,0.5,0.0,0.0,1.0,0.0,0.0,0.0
19.200000000000003,-2.856940158467998e-14,-0.0023740234504845983,180.28435339658674,0.0,0.0,0.0,0.7071066079240819,-0.0004950051502343767,-0.7071066079240818,-0.0004950051502343768,6385516.011663287,1.6321819176436607,-5.1938542798039245e-15,-8.188559095102266e-22,2.5560689451916005e-07,7379.011663495562,0.0,-0.0014003417150609215,1.746157643189675e-16,-2.168850676996649e-19,-7.296031597563859e-05,-1.5379244376775855e-23,-1.1560589831983766e-20,-7.296031597563859e-05,8.095416037605857e-25,-1.1560600033266717e-20,310.72014043408547,0.5650048966480322,38964.028606425236,240.24203695748147,0.5802145723812909,1.5707963267948968,-1.3168216795414508e-05,180.28435341221757,9182.021160610566,9.75753650455731,-3.4349752788355235e-18,0.25008559700079475,180.2841799561335,2.6935012603533985e-15,0.00022055910078984864,-16.749352177180086,0.0,0.0,0.0,1.8820235571519696e-17,1.5411072181057314e-06,0.11703233938844211,0.0,0.0,0.0,0.0,0.0,0.0,0.0,0.0,0.5,0.0,0.0,1.0,0.0,0.0,0.0
19.3,-2.87128411436814e-14,-0.0024246518438144613,181.14466868743048,0.0,0.0,0.0,0.7071066061145496,-0.0004975833016340576,-0.7071066061145495,-0.0004975833016340577,6385497.940080893,1.657309924604988,-5.119688240445788e-15,-8.071652934517784e-22,2.595427859167538e-07,7360.94008110805,0.0,-0.0014076377660990193,1.5101482639455896e-16,-2.8915978275424466e-19,-7.296070380349523e-05,1.2147534067890885e-22,-1.193252849588302e-20,-7.296070380349523e-05,1.3827233710597726e-22,-1.1932345505040813e-20,310.79592300684664,0.5661782993322214,39063.97363429176,240.35923015458454,0.5828411978940784,1.5707963267948968,-1.3385164801502087e-05,181.1446687036577,9289.116211384278,9.757592112134015,-5.7889281683081374e-15,0.2525613631934506,181.14449263643223,2.7249170727456054e-15,0.00022680786281330663,-16.944709243996627,0.0,0.0,0.0,1.903974651016111e-17,1.5847690403750907e-06,0.11839735305009008,0.0,0.0,0.0,0.0,0.0,0.0,0.0,0.0,0.5,0.0,0.0,1.0,0.0,0.0,0.0
19.400000000000002,-2.885335498708306e-14,-0.0024760940143793244,182.003648358,0.0,0.0,0.0,0.7071066042956321,-0.0005001614530271343,-0.707106604295632,-0.0005001614530271344,6385479.782671575,1.6826855104774614,-4.954752279517224e-15,-7.811638789895357e-22,2.635174752688628e-07,7342.78267179771,0.0,-0.0014149338559350712,1.5041898235340235e-16,-3.253002871559872e-19,-7.296109317463106e-05,6.652681250352396e-22,-1.3326111018796755e-20,-7.296109317463106e-05,6.841233949515669e-22,-1.3325156220821086e-20,310.8720455655805,0.5673593444699699,39164.62371622847,240.4769806699045,0.5854616081833065,1.5707963267948968,-1.3604636118022723e-05,182.0036483748432,9396.983457945047,9.757647984281357,4.3895566945314885e-15,0.2550469665411388,182.0034696724024,2.7565594050168722e-15,0.00023320366829022142,-17.141474909088338,0.0,0.0,0.0,1.9260840205621048e-17,1.629458295775461e-06,0.11977220897606314,0.0,0.0,0.0,0.0,0.0,0.0,0.0,0.0,0.5,0.0,0.0,1.0,0.0,0.0,0.0
19.5,-2.898588653135866e-14,-0.002528358844889142,182.86128243175781,0.0,0.0,0.0,0.7071066024673296,-0.0005027396044135725,-0.7071066024673295,-0.0005027396044135726,6385461.539568983,1.7083096520120058,-5.009140060113286e-15,-7.89740902429614e-22,2.6753111602443e-07,7324.539569212124,0.0,-0.0014222299847225265,1.729642909424736e-16,-2.1688670803817723e-19,-7.296148408091669e-05,2.932288643897281e-23,-1.1681262787188823e-20,-7.296148408091669e-05,4.5936293377307693e-23,-1.1681209269248723e-20,310.9484970350912,0.5685491154934286,39266.09968423136,240.59528802482245,0.5880757880897586,1.5707963267948968,-1.3826649420287104e-05,182.8612824492372,9505.643337985135,9.757704120594834,2.9039439593290727e-16,0.25754235495563016,182.8611010874513,2.7884342524648336e-15,0.00023974976580013051,-17.33968645380087,0.0,0.0,0.0,1.9483558548696254e-17,1.6751976830273027e-06,0.12115716766139718,0.0,0.0,0.0,0.0,0.0,0.0,0.0,0.0,0.5,0.0,0.0,1.0,0.0,0.0,0.0
19.6,-2.9135737613704925e-14,-0.002581459318491353,183.71755493807927,0.0,0.0,0.0,0.707106600629597,-0.0005053177557933062,-0.7071066006295968,-0.0005053177557933063,6385443.210497026,1.734184524921532,-4.884821691581924e-15,-7.701430967575894e-22,2.715840495316212e-07,7306.210497261335,0.0,-0.001429526152802734,1.7272957652406122e-16,-2.5302741293574743e-19,-7.296187652159823e-05,3.140535195827584e-23,-1.1698441077025944e-20,-7.296187652159823e-05,4.8129166589355286e-23,-1.1698383982175651e-20,311.0253087768896,0.5697444932309397,39368.053850748554,240.714152895007,0.5906836168315324,1.5707963267948968,-1.4051235880304436e-05,183.71755495621562,9615.049219666094,9.757760521933124,3.2176666138220767e-16,0.2600475233586286,183.71737091078322,2.820527935866312e-15,0.00024644840771162555,-17.539258814826518,0.0,0.0,0.0,1.9707805958884714e-17,1.7220029400506651e-06,0.12255163474531987,0.0,0.0,0.0,0.0,0.0,0.0,0.0,0.0,0.5,0.0,0.0,1.0,0.0,0.0,0.0
19.700000000000003,-2.9262852943193126e-14,-0.0026354004706446183,184.5724628670924,0.0,0.0,0.0,0.7071065987824793,-0.000507895907166333,-0.7071065987824792,-0.0005078959071663331,6385424.796003228,1.7603099003708995,-4.886835977554816e-15,-7.704629067887789e-22,2.756762403208417e-07,7287.796003470818,0.0,-0.001436822360140223,1.5890441031727026e-16,-2.530243089982185e-19,-7.296227048117227e-05,4.316123821382985e-22,-1.2707223727903506e-20,-7.296227048117227e-05,4.498705097337956e-22,-1.2706590240563902e-20,311.1024448704767,0.5709489523753708,39470.87446643441,240.8335729733394,0.5932851550557944,1.5707963267948968,-1.4278402125326488e-05,184.57246288590707,9725.258559897715,9.757817186615913,2.8833567078826565e-15,0.2625623726598592,184.57227613258863,2.852857309926402e-15,0.0002533032391740334,-17.740296801988695,0.0,0.0,0.0,1.9933700204655677e-17,1.7698995365084127e-06,0.12395634256295049,0.0,0.0,0.0,0.0,0.0,0.0,0.0,0.0,0.5,0.0,0.0,1.0,0.0,0.0,0.0
19.8,-2.939724401975179e-14,-0.002690191338455953,185.4259961504317,0.0,0.0,0.0,0.7071065969259765,-0.0005104740585326188,-0.7071065969259764,-0.0005104740585326189,6385406.296224135,1.786686739434138,-4.969129698285802e-15,-7.834396932348068e-22,2.7980783939944556e-07,7269.2962243855,0.0,-0.0014441186068860014,1.8713785833576654e-16,-3.2531301460468747e-19,-7.296266595133132e-05,-2.001759463698887e-21,-6.597074552398896e-21,-7.296266595133132e-05,-1.992230421585281e-21,-6.599958450454615e-21,311.1799210226847,0.5721607845618203,39574.37133695194,240.95354677226194,0.5958803368821126,1.5707963267948968,-1.4508167107726983e-05,185.42599616994656,9836.244927627022,9.757874114229832,-2.3384955806110347e-15,0.2650868496340212,185.42580668445038,2.885414621223902e-15,0.00026031644746119637,-17.94275220117138,0.0,0.0,0.0,2.016118711071855e-17,1.818902755485642e-06,0.1253709542289737,0.0,0.0,0.0,0.0,0.0,0.0,0.0,0.0,0.5,0.0,0.0,1.0,0.0,0.0,0.0
19.900000000000002,-2.952873709442243e-14,-0.0027458451920774015,186.2781387368297,0.0,0.0,0.0,0.7071065950600437,-0.0005130522098920969,-0.7071065950600436,-0.000513052209892097,6385387.710888536,1.8133172158908104,-5.069815104820416e-15,-7.99316232490965e-22,2.83979187833582e-07,7250.710888793071,0.0,-0.0014514148933811358,1.18994571246862e-16,-3.2529445003658197e-19,-7.296306293105955e-05,5.237773244530049e-22,-1.2919132134697727e-20,-7.296306293105955e-05,5.425278025849632e-22,-1.2918358304189407e-20,311.25775476682327,0.5733782961130839,39678.35522028047,241.07407544424296,0.5984690670639952,1.5707963267948968,-1.4740562545902799e-05,186.27813875706738,9947.984273317425,9.757931305618705,-3.4381054187780484e-15,0.2676209475271328,186.27794651493272,2.918192814955087e-15,0.00026749096752795576,-18.14658114256323,0.0,0.0,0.0,2.0390217383215572e-17,1.8690331043206342e-06,0.12679516321292825,0.0,0.0,0.0,0.0,0.0,0.0,0.0,0.0,0.5,0.0,0.0,1.0,0.0,0.0,0.0
20.0,-2.965573220498332e-14,-0.002802367086360929,187.1288873902563,0.0,0.0,0.0,0.7071065931847258,-0.0005156303612447653,-0.7071065931847257,-0.0005156303612447654,6385369.040544897,1.8402010710412082,-5.157149650253103e-15,-8.130879477879728e-22,2.881902454830409e-07,7232.040545162435,0.0,-0.0014587112195854851,1.11693733470953e-16,-2.5301269661987965e-19,-7.296346140473281e-05,1.9244830954855222e-22,-1.2101788654804493e-20,-7.296346140473281e-05,2.1010105962522011e-22,-1.2101495074817607e-20,311.3358965649849,0.5746064080201035,39783.376327713006,241.1951571830928,0.6010514329684425,1.5707963267948968,-1.4975595069385867e-05,187.1288874112399,10060.560937227508,9.757988759099261,-2.0798684480860498e-15,0.27016456648268355,187.12869238807264,2.9512166318935084e-15,0.0002748313403155929,-18.35193747496152,0.0,0.0,0.0,2.062096389274952e-17,1.920322311821498e-06,0.12823004449875766,0.0,0.0,0.0,0.0,0.0,0.0,0.0,0.0,0.5,0.0,0.0,1.0,0.0,0.0,0.0
20.1,-2.9789148821148553e-14,-0.0028597662151407183,187.97823215159602,0.0,0.0,0.0,0.7071065913000227,-0.0005182085125905903,-0.7071065913000226,-0.0005182085125905905,6385350.285332692,1.8673392499419799,-5.10872088717841e-15,-8.054549412038109e-22,2.9244116086023524e-07,7213.285332964733,0.0,-0.0014660075856475629,1.0986439696694157e-16,-3.252927808529997e-19,-7.29638613639095e-05,2.4751161189311913e-22,-1.223532556257519e-20,-7.29638613639095e-05,2.6544841958248786e-22,-1.2234949560859211e-20,311.4143908858714,0.5758403838271122,39888.90622656923,241.31678941469931,0.6036273135567468,1.5707963267948968,-1.5213283911585146e-05,187.97823217334923,10173.894858213447,9.758046474249175,-8.70201479055873e-15,0.27271765241793505,187.97803434470643,2.9844625865227787e-15,0.00028233839432354314,-18.558675155299245,0.0,0.0,0.0,2.085326253954534e-17,1.9727761669421032e-06,0.12967457764330687,0.0,0.0,0.0,0.0,0.0,0.0,0.0,0.0,0.5,0.0,0.0,1.0,0.0,0.0,0.0
20.200000000000003,-2.993462775458206e-14,-0.002918056135299191,188.82615676910316,0.0,0.0,0.0,0.7071065894058896,-0.0005207866639295043,-0.7071065894058894,-0.0005207866639295044,6385331.444985657,1.8947339238707577,-5.081347913149656e-15,-8.011416226537847e-22,2.967322746604154e-07,7194.4449859382585,0.0,-0.001473303991908063,1.416088844478675e-16,-3.2530267035598818e-19,-7.29642628072818e-05,4.1032990112192603e-22,-1.2619415969527228e-20,-7.29642628072818e-05,4.289210891089557e-22,-1.2618797976272869e-20,311.49322626885686,0.5770815686806643,39995.09484295499,241.43897433300899,0.6061966688807567,1.5707963267948968,-1.545366134410658e-05,188.8261567916505,10288.014575676827,9.75810445189719,-7.728221304672165e-16,0.2752801967128277,188.82595613292304,3.01793905072695e-15,0.0002900166482182842,-18.766846243561094,0.0,0.0,0.0,2.108717182026399e-17,2.0264262428503676e-06,0.13112912640403535,0.0,0.0,0.0,0.0,0.0,0.0,0.0,0.0,0.5,0.0,0.0,1.0,0.0,0.0,0.0
20.3,-3.008424702999065e-14,-0.0029772419182646603,189.672657760738,0.0,0.0,0.0,0.7071065875023713,-0.000523364815261506,-0.7071065875023712,-0.0005233648152615061,6385312.520053197,1.9223848041349714,-4.9160920447933376e-15,-7.750891650569108e-22,3.0106354205243124e-07,7175.52005348634,0.0,-0.001480600438322155,1.606054595791475e-16,-3.253090034332146e-19,-7.296466571909946e-05,3.931600832356137e-22,-1.2583522874460351e-20,-7.296466571909946e-05,4.117909365800106e-22,-1.2582926917801838e-20,311.5723789687101,0.5783321881871054,40102.191876494115,241.56170917139434,0.6087595369081699,1.5707963267948968,-1.5696734003436936e-05,189.6726577841045,10402.958904501533,9.758162690357109,2.6268732959691766e-15,0.27785209870727434,189.67245427075463,3.0516574106642028e-15,0.00029786957563808345,-18.976521543787932,0.0,0.0,0.0,2.1322771293130444e-17,2.0812968108141176e-06,0.13259418550828853,0.0,0.0,0.0,0.0,0.0,0.0,0.0,0.0,0.5,0.0,0.0,1.0,0.0,0.0,0.0
20.400000000000002,-3.021250563615322e-14,-0.0030373329157382624,190.5177254166358,0.0,0.0,0.0,0.7071065855894682,-0.0005259429665865616,-0.707106585589468,-0.0005259429665865617,6385293.510677733,1.9502928194421036,-4.831328581700467e-15,-7.617273282300766e-22,3.054351090017535e-07,7156.510678031482,0.0,-0.0014878969250358047,1.669963894992693e-16,-2.1689144129019895e-19,-7.296507009081837e-05,2.0687079321735047e-22,-1.2117277980562584e-20,-7.296507009081837e-05,2.2489981822303348e-22,-1.2116956765420783e-20,311.65188484771915,0.579588387954767,40209.76677673849,241.68499165233243,0.6113158132636961,1.5707963267948968,-1.5942521404970114e-05,190.5177254408472,10518.660933108802,9.758221189197577,1.426581433105845e-15,0.2804333036655677,190.51751904829172,3.0855980381479276e-15,0.0003058983890812237,-19.187578999452462,0.0,0.0,0.0,2.1559923810595793e-17,2.137396342892992e-06,0.13406890211347433,0.0,0.0,0.0,0.0,0.0,0.0,0.0,0.0,0.5,0.0,0.0,1.0,0.0,0.0,0.0
20.5,-3.0331842930685637e-14,-0.0030983429693885265,191.36134305766063,0.0,0.0,0.0,0.7071065836671347,-0.0005285211179046031,-0.7071065836671346,-0.0005285211179046032,6385274.416598017,1.9784601379836075,-5.239531425152404e-15,-8.260887710141077e-22,3.0984731574138617e-07,7137.416598323111,0.0,-0.0014951934523892447,1.70384509854238e-16,-2.5303330386820596e-19,-7.296547592078288e-05,-1.0093773630893505e-21,-9.169863102841042e-21,-7.296547592078288e-05,-9.956651549952084e-22,-9.171361913734005e-21,311.73171053632814,0.5808538382553204,40318.229858245206,241.80882475248683,0.6138655002461626,1.5707963267948968,-1.619105638277067e-05,191.3613430827434,10635.192188969293,9.758279949232056,7.982945188235198e-16,0.283023800744838,191.3611337862362,3.119781915413273e-15,0.0003141090785375024,-19.400149087139607,0.0,0.0,0.0,2.179877598131923e-17,2.194766692796405e-06,0.13555418789544785,0.0,0.0,0.0,0.0,0.0,0.0,0.0,0.0,0.5,0.0,0.0,1.0,0.0,0.0,0.0
20.6,-3.047026668939774e-14,-0.0031602771685584076,192.20350721676405,0.0,0.0,0.0,0.7071065817354163,-0.0005310992692156297,-0.7071065817354162,-0.0005310992692156298,6385255.23836439,2.006886440951604,-5.269224762925737e-15,-8.307728715125629e-22,3.1430011272981755e-07,7118.238364705815,0.0,-0.0015024900203329335,1.7995931264250185e-16,-3.253172107609191e-19,-7.29658831931755e-05,-1.8107935833373355e-22,-1.1171569452780096e-20,-7.29658831931755e-05,-1.642936938272021e-22,-1.1171828790384318e-20,311.8118701336708,0.5821267642166132,40427.38343728896,241.93320429239031,0.6164085623407405,1.5707963267948968,-1.644234558366315e-05,192.20350724274527,10752.519558540987,9.758338968771403,-1.0423031220588108e-15,0.28562348885830174,192.20329501761606,3.154199328764446e-15,0.00032250315827608557,-19.614171402900748,0.0,0.0,0.0,2.203925993303138e-17,2.2534184411403163e-06,0.1370496207951742,0.0,0.0,0.0,0.0,0.0,0.0,0.0,0.0,0.5,0.0,0.0,1.0,0.0,0.0,0.0
20.700000000000003,-3.060052922906814e-14,-0.0032231450202970004,193.04420834603013,0.0,0.0,0.0,0.7071065797943128,-0.0005336774205196072,-0.7071065797943127,-0.0005336774205196073,6385235.976122233,2.035572640374752,-5.2355458978716134e-15,-8.254653968826068e-22,3.187936433338977e-07,7098.976122557185,0.0,-0.0015097866290102375,1.4035422789140441e-16,-2.16885178795964e-19,-7.29662918993309e-05,1.011797160135029e-21,-1.4061449144027495e-20,-7.29662918993309e-05,1.0330257867986315e-21,-1.4059905520562294e-20,311.89237806447267,0.5834055642622585,40537.04856637095,242.05812877005147,0.6189449372598409,1.5707963267948968,-1.6696408805075546e-05,193.0442083729376,10870.61524397703,9.758398247375206,6.6012187067103986e-15,0.28823231249525283,193.04399319447415,3.1888421238834e-15,0.0003310830287442937,-19.829595239670407,0.0,0.0,0.0,2.2281318689264916e-17,2.313368360511661e-06,0.1385548465084132,0.0,0.0,0.0,0.0,0.0,0.0,0.0,0.0,0.5,0.0,0.0,1.0,0.0,0.0,0.0
20.8,-3.0733936676469567e-14,-0.003286960649095141,193.88342910910677,0.0,0.0,0.0,0.7071065778437791,-0.0005362555718164675,-0.707106577843779,-0.0005362555718164676,6385216.6296154,2.064520900752546,-5.175550035557008e-15,-8.160086028519856e-22,3.233282472296494e-07,7079.62961573402,0.0,-0.001517083278760833,1.5369461801967632e-16,-2.8917027554774513e-19,-7.296670203718566e-05,6.092063186787543e-22,-1.3088120162890663e-20,-7.296670203718566e-05,6.290611279821119e-22,-1.3087180990106854e-20,311.9731881183605,0.5846952926767018,40647.79122006502,242.18360160961498,0.6214746518815732,1.5707963267948968,-1.6953279456508842e-05,193.88342913696917,10989.57858401577,9.758457785841369,4.042666808294205e-15,0.2908502582127452,193.8832109802999,3.2237394411689908e-15,0.0003398558227299831,-20.046601805012973,0.0,0.0,0.0,2.252515586201705e-17,2.3746662896648195e-06,0.14007113118235376,0.0,0.0,0.0,0.0,0.0,0.0,0.0,0.0,0.5,0.0,0.0,1.0,0.0,0.0,0.0
20.900000000000002,-3.0873396233749103e-14,-0.0033517291652395737,194.72116644073023,0.0,0.0,0.0,0.7071065758838604,-0.0005388337231062103,-0.7071065758838603,-0.0005388337231062104,6385197.199395148,2.0937308730591244,-5.162051625995106e-15,-8.138828551818891e-22,3.2790387014886554e-07,7060.19939549112,0.0,-0.0015243799695304524,1.5515508142221786e-16,-2.5303138591136006e-19,-7.296711359094715e-05,2.7620926040818074e-24,-1.163147672621682e-20,-7.296711359094715e-05,2.0493338471916515e-23,-1.1631458807083666e-20,312.05434784188225,0.5859906018183064,40759.013063430684,242.30961737719025,0.6239976054187067,1.5707963267948968,-1.7212964193756375e-05,194.72116646957687,11109.308634180925,9.758517582477877,3.768978669367671e-15,0.2934772250802109,194.72094530991012,3.2588616691872346e-15,0.0003488210224237716,-20.265006962264547,0.0,0.0,0.0,2.2770564548038327e-17,2.4373086105229425e-06,0.14159718820338152,0.0,0.0,0.0,0.0,0.0,0.0,0.0,0.0,0.5,0.0,0.0,1.0,0.0,0.0,0.0
21.0,-3.100725361465918e-14,-0.0034174602249800426,195.5574106525004,0.0,0.0,0.0,0.7071065739145566,-0.0005414118743888016,-0.7071065739145564,-0.0005414118743888017,6385177.685609843,2.1232034523057286,-5.0917247794739005e-15,-8.027971344199248e-22,3.3252065280668305e-07,7040.685610195622,0.0,-0.0015316767014598109,1.4488227693447038e-16,-2.168886111133659e-19,-7.296752655175715e-05,8.842857045642419e-22,-1.3731287937183792e-20,-7.296752655175715e-05,9.053165528733272e-22,-1.3729917390874547e-20,312.1358312082927,0.5872942023880932,40871.018545766725,242.43617605979875,0.6265138158773673,1.5707963267948968,-1.7475483098438428e-05,195.55741068236128,11229.858253125734,9.758577636835174,5.79333144156231e-15,0.2961131563598259,195.55718649486738,3.294224313721175e-15,0.00035798364857244074,-20.48490713306962,0.0,0.0,0.0,2.3017653090507895e-17,2.5013304044273915e-06,0.14313369129609807,0.0,0.0,0.0,0.0,0.0,0.0,0.0,0.0,0.5,0.0,0.0,1.0,0.0,0.0,0.0
21.1,-3.1139193432634513e-14,-0.003484168240082778,196.39214390022468,0.0,0.0,0.0,0.7071065719358226,-0.0005439900256641723,-0.7071065719358225,-0.0005439900256641724,6385158.088008527,2.1529407986761817,-5.111522330722635e-15,-8.059210471448162e-22,3.3717893422458867e-07,7021.088008890239,0.0,-0.0015389734748879286,1.5099141068465724e-16,-2.8917148450760943e-19,-7.296794091717463e-05,-4.372631079852168e-22,-1.0585249457924071e-20,-7.296794091717463e-05,-4.2097304693283267e-22,-1.0585910228673209e-20,312.217636623165,0.5886063940941564,40983.84085874909,242.56327938377422,0.6290232204619076,1.5707963267948968,-1.774087017091313e-05,196.3921439311308,11351.238630404649,9.758637949695334,9.845755370757024e-16,0.2987580361901256,196.39191669082436,3.3298306571721646e-15,0.0003673483731620297,-20.70632272881506,0.0,0.0,0.0,2.3266444424468564e-17,2.566764315832112e-06,0.14468078308048835,0.0,0.0,0.0,0.0,0.0,0.0,0.0,0.0,0.5,0.0,0.0,1.0,0.0,0.0,0.0
21.200000000000003,-3.1265078802384453e-14,-0.003551858339225184,197.2253636013955,0.0,0.0,0.0,0.7071065699477036,-0.000546568176932323,-0.7071065699477035,-0.0005465681769323231,6385138.407143336,2.1829425328481267,-5.340320566439084e-15,-8.419977090412703e-22,3.4187865539511745e-07,7001.40714370956,0.0,-0.0015462702897557992,1.4566413733770509e-16,-3.2531044586452533e-19,-7.296835667145285e-05,-2.6986614554379004e-22,-1.0974033551081571e-20,-7.296835667145285e-05,-2.5289716075908365e-22,-1.0974437782790906e-20,312.29978960281096,0.589924160878765,41097.14251728259,242.69092272870182,0.6315257631964992,1.5707963267948968,-1.8009132069242942e-05,197.22536363337846,11473.390356486536,9.758698519363584,-8.903912944512905e-15,0.3014117639429445,197.22513331535805,3.365663272043101e-15,0.00037691593626263374,-20.92914537780979,0.0,0.0,0.0,2.3516816779195467e-17,2.633615515810805e-06,0.14623770633368208,0.0,0.0,0.0,0.0,0.0,0.0,0.0,0.0,0.5,0.0,0.0,1.0,0.0,0.0,0.0
21.3,-3.1385605244097276e-14,-0.0036205403207342445,198.0570595550022,0.0,0.0,0.0,0.7071065679501995,-0.0005491463281932192,-0.7071065679501994,-0.0005491463281932193,6385118.64316566,2.213209532451184,-5.444559667610693e-15,-8.584355552824644e-22,3.4661995432457843e-07,6981.643166043796,0.0,-0.0015535671462014282,1.845605796970298e-16,-3.2532462442292656e-19,-7.296877380545063e-05,-3.277942886448158e-22,-1.0836260498459805e-20,-7.296877380545063e-05,-3.1095904154145317e-22,-1.0836756671653753e-20,312.38223954339406,0.5912528707491316,41211.526979576825,242.81910698357527,0.6340215112024054,1.5707963267948968,-1.8280289167503755e-05,198.0570595880945,11596.419590686417,9.758759345381103,-1.9732187169767927e-15,0.30407428107248147,198.05682616742493,3.4017532996524692e-15,0.00038669335352090707,-21.153568730199144,0.0,0.0,0.0,2.3768987747662674e-17,2.701933024619991e-06,0.14780581414261015,0.0,0.0,0.0,0.0,0.0,0.0,0.0,0.0,0.5,0.0,0.0,1.0,0.0,0.0,0.0
21.400000000000002,-3.1522489194630206e-14,-0.003690228893906323,198.88721392733387,0.0,0.0,0.0,0.7071065659432654,-0.0005517244794467922,-0.7071065659432653,-0.0005517244794467923,6385098.795829803,2.243743952743999,-5.460328735445357e-15,-8.60924535585833e-22,3.514031692845781e-07,6961.795830197321,0.0,-0.001560864044563089,1.4776971882711802e-16,-2.1689235365482896e-19,-7.29691923164672e-05,2.357570811906705e-22,-1.2170709383816803e-20,-7.29691923164672e-05,2.5475369529916275e-22,-1.217032653455797e-20,312.4650333848868,0.5925875986963096,41326.44039950521,242.94783202293974,0.6365103037200716,1.5707963267948968,-1.8554376066554595e-05,198.88721396156885,11720.235589377678,9.758820428513909,-2.0309886801000486e-15,0.3067455700570333,198.88697741316264,3.4380741207992024e-15,0.0003966821334567115,-21.379427256313654,0.0,0.0,0.0,2.4022771334176707e-17,2.771727382703656e-06,0.14938394990585596,0.0,0.0,0.0,0.0,0.0,0.0,0.0,0.0,0.5,0.0,0.0,1.0,0.0,0.0,0.0
21.5,-3.1636740725819375e-14,-0.0037609291959968764,199.71582428367554,0.0,0.0,0.0,0.7071065639269462,-0.0005543026306930422,-0.707106563926946,-0.0005543026306930423,6385078.865688752,2.274545384027706,-5.5418951086512976e-15,-8.737877689949702e-22,3.5622823651558526e-07,6941.8656891581295,0.0,-0.0015681609847770196,1.7400761026946089e-16,-2.8918257311602467e-19,-7.296961218872606e-05,-5.780491711107889e-22,-1.0256217524847459e-20,-7.296961218872606e-05,-5.619650534638283e-22,-1.025711138202628e-20,312.5481505517685,0.593930285718279,41442.10221822645,243.07709494587513,0.6389921786649844,1.5707963267948968,-1.8831399421670743e-05,199.71582431908735,11844.874952231712,9.758881767064546,-3.56589579470046e-15,0.30942553008236323,199.71558461794518,3.474636471818678e-15,0.0004068862532800188,-21.60678771931583,0.0,0.0,0.0,2.4278242556471532e-17,2.843026379923899e-06,0.15097258011603426,0.0,0.0,0.0,0.0,0.0,0.0,0.0,0.0,0.5,0.0,0.0,1.0,0.0,0.0,0.0
21.6,-3.17695820274769e-14,-0.0038326511669679202,200.5428798954317,0.0,0.0,0.0,0.7071065619012419,-0.0005568807819319354,-0.7071065619012418,-0.0005568807819319355,6385058.85289697,2.3056146861616393,-5.513312013915279e-15,-8.69283829362466e-22,3.610952912541216e-07,6921.852897386067,0.0,-0.0015754579669784584,1.5240253948506546e-16,-3.253156838989501e-19,-7.297003341279436e-05,6.820716255225672e-22,-1.3183016750520873e-20,-7.297003341279436e-05,7.0284005922535325e-22,-1.3181925815221577e-20,312.63158022753726,0.5952820217352682,41558.635345559276,243.2068951321927,0.6414671217351031,1.5707963267948968,-1.9111379912863258e-05,200.5428799320553,11970.361487756209,9.758943360564777,4.4610215099278174e-15,0.31211410074129703,200.54263705314858,3.51144733682157e-15,0.0004173102353060377,-21.835693549417122,0.0,0.0,0.0,2.4535450214453076e-17,2.915861614943326e-06,0.15257200823200082,0.0,0.0,0.0,0.0,0.0,0.0,0.0,0.0,0.5,0.0,0.0,1.0,0.0,0.0,0.0
21.700000000000003,-3.1908046674534006e-14,-0.003905409819459373,201.36836325779984,0.0,0.0,0.0,0.7071065598661074,-0.0005594589331634017,-0.7071065598661073,-0.0005594589331634018,6385038.75721407,2.336954008899848,-5.480031384148847e-15,-8.640392106387931e-22,3.6600467093126854e-07,6901.757214497775,0.0,-0.0015827549915048355,1.1107822481800158e-16,-2.8916123976672576e-19,-7.297045598578732e-05,-1.5215504969796258e-21,-8.097201456377635e-21,-7.297045598578732e-05,-1.5087332469604043e-21,-8.09959978860965e-21,312.7153554612387,0.5966393565167162,41675.65114223242,243.337232938771,0.6439350006866409,1.5707963267948968,-1.9394352742107077e-05,201.36836329567132,12096.630960840734,9.75900520976441,-9.564107791961949e-15,0.3148112633358565,201.368117213822,3.5484878727484452e-15,0.00042795653297032413,-22.066027572349537,0.0,0.0,0.0,2.479426264647238e-17,2.990250230592276e-06,0.15418141552485468,0.0,0.0,0.0,0.0,0.0,0.0,0.0,0.0,0.5,0.0,0.0,1.0,0.0,0.0,0.0
21.8,-3.2032463592983816e-14,-0.003979210285873514,202.19227152745836,0.0,0.0,0.0,0.7071065578215878,-0.0005620370843874426,-0.7071065578215877,-0.0005620370843874428,6385018.579193883,2.3685629120562335,-5.631556950908292e-15,-8.879331461866891e-22,3.709563070177985e-07,6881.579194322228,0.0,-0.0015900520582876221,1.70245728635741e-16,-4.337440287526328e-19,-7.29708798917642e-05,1.1446583756161425e-22,-1.1881119514630088e-20,-7.29708798917642e-05,1.3335667318579645e-22,-1.1880922755487795e-20,312.79942399841843,0.5980076825241407,41793.75815449139,243.46810665101924,0.6463959182522616,1.5707963267948968,-1.9680324565391657e-05,202.19227156661444,12223.791105788365,9.759067312963333,8.874163854621317e-16,0.3175169160061731,202.19202225673789,3.585789682935457e-15,0.00043883182198472946,-22.297986311283484,0.0,0.0,0.0,2.5054900673748283e-17,3.0662388719091226e-06,0.1558021751561447,0.0,0.0,0.0,0.0,0.0,0.0,0.0,0.0,0.5,0.0,0.0,1.0,0.0,0.0,0.0
21.900000000000002,-3.2154163234724813e-14,-0.004054062659481419,203.01459412230108,0.0,0.0,0.0,0.7071065557676833,-0.0005646152356040241,-0.7071065557676832,-0.0005646152356040243,6384998.318993977,2.4004422373528516,-5.709499839978405e-15,-9.002253532905353e-22,3.7595033192286777e-07,6861.3189944289625,0.0,-0.0015973491674592276,1.0801390571576746e-16,-4.337214771963784e-19,-7.297130512116144e-05,-1.4408267848171968e-21,-8.320879989644247e-21,-7.297130512116144e-05,-1.4275336015934794e-21,-8.323170876668955e-21,312.8838301405598,0.5993821014406678,41912.40478156476,243.5995135569692,0.6488497474336635,1.5707963267948968,-1.9969316375847668e-05,203.0145941627795,12351.744311396289,9.759129669683777,-9.004633107459931e-15,0.3202309975122905,203.01434159976557,3.623324133609739e-15,0.0004499364896644127,-22.531391709073446,0.0,0.0,0.0,2.531716422421898e-17,3.143830245171617e-06,0.15743304299152674,0.0,0.0,0.0,0.0,0.0,0.0,0.0,0.0,0.5,0.0,0.0,1.0,0.0,0.0,0.0
22.0,-3.2282931480089335e-14,-0.004129982247949371,203.83531343358558,0.0,0.0,0.0,0.7071065537043486,-0.0005671933868130756,-0.7071065537043485,-0.0005671933868130758,6384977.9763793275,2.432594128453589,-5.804978092653632e-15,-9.152824873916999e-22,3.809870821454115e-07,6840.976379791896,0.0,-0.0016046463193561504,1.7455524609900807e-16,-4.3374736870376045e-19,-7.29717316708042e-05,-3.016274486435139e-23,-1.156677138780923e-20,-7.29717316708042e-05,-1.160172316842106e-23,-1.156680471443481e-20,312.9685552137233,0.6007647792156323,42031.835036343036,243.7314559216124,0.6512964622682912,1.5707963267948968,-2.0261363977739324e-05,203.83531347542518,12480.539737605892,9.759192280659203,2.7606047278637732e-17,0.32295348730293133,203.8350576340178,3.661105645601665e-15,0.0004612771900988463,-22.766333440660418,0.0,0.0,0.0,2.5581154060200325e-17,3.2230708443366132e-06,0.15907464561452583,0.0,0.0,0.0,0.0,0.0,0.0,0.0,0.0,0.5,0.0,0.0,1.0,0.0,0.0,0.0
22.1,-3.241480493229361e-14,-0.004206974176040551,204.65442618069744,0.0,0.0,0.0,0.7071065516316288,-0.0005697715380145991,-0.7071065516316287,-0.0005697715380145993,6384957.55190462,2.46501811454306,-5.9405660837879745e-15,-9.366639334299383e-22,3.860664843639553e-07,6820.551905095887,0.0,-0.0016119435139050687,1.5701419587587157e-16,-4.337414915732111e-19,-7.297215952457751e-05,-5.85082829439808e-23,-1.1496580920994714e-20,-7.297215952457751e-05,-3.9976036742951723e-23,-1.1496660148196594e-20,313.05359047433507,0.6021563810871902,42152.12496641029,243.86393038957917,0.6537360751865594,1.5707963267948968,-2.0556474039129342e-05,204.65442622393775,12610.189966941321,9.759255144186788,-1.7156845731519634e-16,0.32568428240968783,204.65416707897938,3.699137909932578e-15,0.00047285739473354644,-23.002834458406547,0.0,0.0,0.0,2.5846895971875605e-17,3.3039849253505817e-06,0.1607271433996215,0.0,0.0,0.0,0.0,0.0,0.0,0.0,0.0,0.5,0.0,0.0,1.0,0.0,0.0,0.0
22.200000000000003,-3.2544229816299225e-14,-0.004285048695978047,205.47192235384568,0.0,0.0,0.0,0.7071065495495239,-0.0005723496892085603,-0.7071065495495238,-0.0005723496892085605,6384937.045730524,2.49771501889185,-5.886981445488577e-15,-9.282181102354283e-22,3.9118866811097115e-07,6800.0457310127085,0.0,-0.0016192407512355164,1.1105716121677024e-16,-4.337243136603241e-19,-7.297258867289396e-05,-1.5574295573185664e-21,-8.09896149165588e-21,-7.297258867289396e-05,-1.544313352815895e-21,-8.101472726464544e-21,313.1389658821859,0.6035535494676441,42272.896064963665,243.99693476507161,0.6561684899854757,1.5707963267948968,-2.085466786054349e-05,205.47192239852734,12740.626407055192,9.759318259779242,1.6661741458305572e-15,0.32842332144133257,205.47165992483818,3.73740080537164e-15,0.0004846785319168159,-23.240769639822936,0.0,0.0,0.0,2.6114249366660014e-17,3.3865824684767324e-06,0.16238966208150293,0.0,0.0,0.0,0.0,0.0,0.0,0.0,0.0,0.5,0.0,0.0,1.0,0.0,0.0,0.0
22.3,-3.266655797504547e-14,-0.0043642213969719255,206.2877835065295,0.0,0.0,0.0,0.7071065474579888,-0.0005749278403948886,-0.7071065474579887,-0.0005749278403948888,6384916.457627463,2.530686978430405,-6.068790239792101e-15,-9.568875573149793e-22,3.963539688525712e-07,6779.457627964516,0.0,-0.0016265380316829584,1.573344952740008e-16,-4.33743231610174e-19,-7.297301911210213e-05,5.281448164837334e-22,-1.2823619680836184e-20,-7.297301911210213e-05,5.490019998944503e-22,-1.2822743765778128e-20,313.2246269171073,0.6049623921487058,42394.83790081459,244.13047263094427,0.6585937540031147,1.5707963267948968,-2.1155981862197548e-05,206.28778355269424,12871.98272510488,9.759381628153399,3.584168940070883e-15,0.33117058080266465,206.2875177249534,3.775933542529226e-15,0.0004967507861820694,-23.480382813391106,0.0,0.0,0.0,2.6383488219893774e-17,3.4709346358566523e-06,0.16406390535696394,0.0,0.0,0.0,0.0,0.0,0.0,0.0,0.0,0.5,0.0,0.0,1.0,0.0,0.0,0.0
22.400000000000002,-3.2789921970180464e-14,-0.00444449741062256,207.10200680757626,0.0,0.0,0.0,0.7071065453570688,-0.0005775059915735862,-0.7071065453570687,-0.0005775059915735864,6384895.788150962,2.5639334916121554,-6.086958191461292e-15,-9.59755289661555e-22,4.015623084587631e-07,6758.788151477463,0.0,-0.0016338353551692646,1.5700603773218337e-16,-4.33743912187673e-19,-7.297345082613304e-05,5.421906067142898e-22,-1.2847664294330002e-20,-7.297345082613304e-05,5.6318134039243e-22,-1.2846761073744406e-20,313.31062639896084,0.6063768168252284,42517.263243770765,244.2645383031759,0.661011752361785,1.5707963267948968,-2.1460422726294945e-05,207.1020068552667,13004.128573283018,9.759445247603775,3.673001478080499e-15,0.33392595782297246,207.10173764825566,3.814697884509553e-15,0.0005090722855940059,-23.721436205606693,0.0,0.0,0.0,2.6654345359848845e-17,3.557028347762531e-06,0.1657482118370047,0.0,0.0,0.0,0.0,0.0,0.0,0.0,0.0,0.5,0.0,0.0,1.0,0.0,0.0,0.0
22.5,-3.2917893477814976e-14,-0.004525887132162172,207.91458216883402,0.0,0.0,0.0,0.7071065432467638,-0.0005800841427446186,-0.7071065432467637,-0.0005800841427446188,6384875.037464798,2.59745536293613,-6.040185077267611e-15,-9.523835001574873e-22,4.068138135350793e-07,6738.037465326488,0.0,-0.0016411327218210407,1.6574031356991267e-16,-4.337482948307002e-19,-7.29738838052151e-05,2.6675935534232525e-22,-1.2210391791155951e-20,-7.29738838052151e-05,2.8679786062825493e-22,-1.2209937560623738e-20,313.3969315285557,0.607800357172552,42640.572115211246,244.39913193415347,0.6634225204567751,1.5707963267948968,-2.1768012056855794e-05,207.91458221809378,13137.14081633525,9.75950911763355,1.8713483148572385e-15,0.336689389936842,207.91430960657615,3.853716379212774e-15,0.000521650165597456,-23.964070029034694,0.0,0.0,0.0,2.6926978334917276e-17,3.6449134615137603e-06,0.16744356122545623,0.0,0.0,0.0,0.0,0.0,0.0,0.0,0.0,0.5,0.0,0.0,1.0,0.0,0.0,0.0
22.6,-3.3050545228950846e-14,-0.004608406438719352,208.72549050743663,0.0,0.0,0.0,0.7071065411270285,-0.0005826622939079149,-0.7071065411270284,-0.0005826622939079151,6384854.205344947,2.631254721909527,-6.0373174418879395e-15,-9.519344732945724e-22,4.1210881840682823e-07,6717.2053454884635,0.0,-0.0016484301319726123,1.37658648362849e-16,-4.337376081622624e-19,-7.297431804526296e-05,-3.0256542240983003e-23,-1.1559089069961008e-20,-7.297431804526296e-05,-1.1202215204930317e-23,-1.15591232647034e-20,313.4835515740632,0.6092321084740573,42764.6617683542,244.53425466166954,0.6658259702742846,1.5707963267948968,-2.207878691245833e-05,208.72549055831067,13271.005082598867,9.75957323894261,1.1260714240517142e-17,0.33946085077714344,208.7252145169132,3.892984810780256e-15,0.0005344892165607561,-24.208258067648405,0.0,0.0,0.0,2.7201357687733006e-17,3.7346234487340186e-06,0.16914977034371534,0.0,0.0,0.0,0.0,0.0,0.0,0.0,0.0,0.5,0.0,0.0,1.0,0.0,0.0,0.0
22.700000000000003,-3.318065702580842e-14,-0.004692060469093014,209.5347297259296,0.0,0.0,0.0,0.7071065389979082,-0.000585240445063478,-0.7071065389979081,-0.0005852404450634783,6384833.292347712,2.6653310362266542,-6.078623397894751e-15,-9.584505533236224e-22,4.174472401308029e-07,6696.292348268752,0.0,-0.001655727585541037,1.5596478848659767e-16,-4.337459857302057e-19,-7.29747535303305e-05,-2.753826636692378e-23,-1.1573569730679643e-20,-7.29747535303305e-05,-8.375690954029043e-24,-1.1573599522409829e-20,313.5704979351313,0.6106705245665058,42889.358481758325,244.66990235954077,0.6682220760296952,1.5707963267948968,-2.2392753975578188e-05,209.5347297784637,13405.685956879219,9.759637609822974,5.061294411256196e-17,0.3422402384615563,209.5344502819194,3.932492790347751e-15,0.0005475912155311524,-24.45393571901062,0.0,0.0,0.0,2.7477410828438596e-17,3.82617072614213e-06,0.17086638779675037,0.0,0.0,0.0,0.0,0.0,0.0,0.0,0.0,0.5,0.0,0.0,1.0,0.0,0.0,0.0
22.8,-3.3324182602368174e-14,-0.004776859744090863,210.34228887053274,0.0,0.0,0.0,0.7071065368594028,-0.0005878185962112733,-0.7071065368594027,-0.0005878185962112735,6384812.29864003,2.6996850912163883,-6.019412569861979e-15,-9.491175932469674e-22,4.228292023230287e-07,6675.298640601337,0.0,-0.001663025082649929,2.2081852834496043e-16,-4.337742379177534e-19,-7.297519025025897e-05,2.7474213038559003e-22,-1.224215952829946e-20,-7.297519025025897e-05,2.95100759442095e-22,-1.224168569668078e-20,313.65773339407207,0.6121196453392775,43015.120150148105,244.80607532904344,0.6706108810029078,1.5707963267948968,-2.2709935167672577e-05,210.34228892477384,13541.273611022238,9.75970222976814,1.9623411399288543e-15,0.3450274879555781,210.342005947803,3.972266769357825e-15,0.0005609641830890367,-24.70126746959614,0.0,0.0,0.0,2.7755322580552674e-17,3.919611335743571e-06,0.17259456289688943,0.0,0.0,0.0,0.0,0.0,0.0,0.0,0.0,0.5,0.0,0.0,1.0,0.0,0.0,0.0
22.900000000000002,-3.345197727588851e-14,-0.004862820452141139,211.14814930682618,0.0,0.0,0.0,0.7071065347114673,-0.0005903967473512295,-0.7071065347114672,-0.0005903967473512297,6384791.224003488,2.7343190083369064,-6.102370603006338e-15,-9.622012914396301e-22,4.282550380700463e-07,6654.224004073689,0.0,-0.0016703226236323761,1.383158827165311e-16,-4.337401028653051e-19,-7.297562820080127e-05,5.554975729681684e-22,-1.2861632517855278e-20,-7.297562820080127e-05,5.769791752102293e-22,-1.2860687030427499e-20,313.74530513788335,0.6135743523426637,43141.36661849056,244.94277323313085,0.6729922176922186,1.5707963267948968,-2.3030368191635446e-05,211.1481493628225,13677.660069766056,9.759767099460843,3.760866409082523e-15,0.3478225718572843,211.14786288001204,4.012275073821923e-15,0.0005746092418285741,-24.950056356887433,0.0,0.0,0.0,2.803487162918858e-17,4.014953121413136e-06,0.17433291941274423,0.0,0.0,0.0,0.0,0.0,0.0,0.0,0.0,0.5,0.0,0.0,1.0,0.0,0.0,0.0
23.0,-3.3589865006271884e-14,-0.00494994771253108,211.95230866477277,0.0,0.0,0.0,0.7071065325541467,-0.0005929748984833494,-0.7071065325541466,-0.0005929748984833496,6384770.068995137,2.7692322244630994,-6.1375089160082755e-15,-9.677450103927708e-22,4.33724659605657e-07,6633.068995738092,0.0,-0.0016776202084006118,2.1370525054741446e-16,-4.337735584217576e-19,-7.297606736588089e-05,5.181606757488566e-22,-1.276143312429614e-20,-7.297606736588089e-05,5.395687968716475e-22,-1.276054587974608e-20,313.8331654007786,0.6150396740998959,43268.66923527203,245.07999418438368,0.6753661863121736,1.5707963267948968,-2.335405972532815e-05,211.9523087225735,13814.955301486569,9.759832217190732,3.474452586690099e-15,0.35062538745686334,211.95201870862135,4.052549962418096e-15,0.0005885343134547975,-25.200502979253404,0.0,0.0,0.0,2.8316283374619596e-17,4.112251434286925e-06,0.17608285898039847,0.0,0.0,0.0,0.0,0.0,0.0,0.0,0.0,0.5,0.0,0.0,1.0,0.0,0.0,0.0
23.1,-3.371742886677971e-14,-0.005038252188339529,212.75475588403492,0.0,0.0,0.0,0.7071065303874411,-0.0005955530496075992,-0.707106530387441,-0.0005955530496075995,6384748.833785129,2.804425505338715,-6.268733736177846e-15,-9.884394775383843e-22,4.392381874912316e-07,6611.833785745315,0.0,-0.001684917837075197,1.1408116741493487e-16,-4.337309782336063e-19,-7.297650773514162e-05,1.3102384926674625e-22,-1.1929700436532243e-20,-7.297650773514162e-05,1.5112421882756985e-22,-1.1929462738319695e-20,313.92134737220323,0.6165118200195266,43396.59839247566,245.21773579205336,0.6777326796174715,1.5707963267948968,-2.3681032024233098e-05,212.7547559436904,13953.076203101456,9.759897582441427,1.0621461772425202e-15,0.35343586845995895,212.75446237328643,4.093067057262459e-15,0.0006027404198995183,-25.452455744501194,0.0,0.0,0.0,2.859938748185304e-17,4.211513414884124e-06,0.17784332238342546,0.0,0.0,0.0,0.0,0.0,0.0,0.0,0.0,0.5,0.0,0.0,1.0,0.0,0.0,0.0
23.200000000000003,-3.38536127226006e-14,-0.005127750371021773,213.5554725058611,0.0,0.0,0.0,0.7071065282113054,-0.0005981312007239066,-0.7071065282113053,-0.0005981312007239068,6384727.5181606915,2.8399009638025254,-6.098171216609619e-15,-9.615488048468896e-22,4.447959534852403e-07,6590.5181613223,0.0,-0.0016922155099878908,1.821523265415359e-16,-4.337618956592727e-19,-7.297694930410543e-05,3.299137957407501e-22,-1.2363525096823247e-20,-7.297694930410543e-05,3.5083531419479384e-22,-1.2362948993284254e-20,314.00983787161664,0.6179923869596954,43525.335238216765,245.35599997225617,0.680091660016005,1.5707963267948968,-2.4011323428537222e-05,213.5554725674232,14092.063263254204,9.759963195878429,2.3265592315382573e-15,0.3562539859907865,213.55517541512737,4.133838235500385e-15,0.0006172350748129898,-25.705988509841728,0.0,0.0,0.0,2.8884266939776706e-17,4.312791563149637e-06,0.1796148256825112,0.0,0.0,0.0,0.0,0.0,0.0,0.0,0.0,0.5,0.0,0.0,1.0,0.0,0.0,0.0
23.3,-3.397890749726612e-14,-0.005218447349258326,214.35445548539454,0.0,0.0,0.0,0.7071065260257845,-0.0006007093518322751,-0.7071065260257844,-0.0006007093518322753,6384706.122679643,2.8756580057575594,-6.098679961237737e-15,-9.616322666292673e-22,4.5039786497426803e-07,6569.122680291223,0.0,-0.0016995132270460798,1.8655885654504867e-16,-4.337649016212087e-19,-7.297739205645871e-05,8.151154169378332e-22,-1.3392395403653779e-20,-7.297739205645871e-05,8.378749561526223e-22,-1.339099068330332e-20,314.0986280673912,0.6194820662214207,43654.95931339649,245.49478335458082,0.6824431427782067,1.5707963267948968,-2.434494062755826e-05,214.35445554891598,14231.930591334032,9.760029055788928,5.358302587389795e-15,0.3590796358298156,214.35415478940502,4.174867636052532e-15,0.0006320223705316505,-25.9611270128682,0.0,0.0,0.0,2.917095066816981e-17,4.4161144733659126e-06,0.18139754871331204,0.0,0.0,0.0,0.0,0.0,0.0,0.0,0.0,0.5,0.0,0.0,1.0,0.0,0.0,0.0
23.400000000000002,-3.410479549906652e-14,-0.00531035394623484,215.15169459021183,0.0,0.0,0.0,0.7071065238308787,-0.0006032875029326709,-0.7071065238308786,-0.0006032875029326711,6384684.647515338,2.9116973770602472,-6.142032673273651e-15,-9.684713478080186e-22,4.560440394175397e-07,6547.647516001947,0.0,-0.0017068109883672225,1.8297556505276237e-16,-4.337643143517137e-19,-7.297783598189194e-05,-3.1298807526726e-22,-1.0953229622307058e-20,-7.297783598189194e-05,-2.9429253576799135e-22,-1.0953747879042844e-20,314.18774265456983,0.6209780017965172,43785.14669390807,245.6340838481057,0.6847870411427628,1.5707963267948968,-2.468190620236965e-05,215.15169465574667,14372.61400577268,9.760095161646724,-1.8128067826823008e-15,0.36191275198189204,215.1513902636923,4.216136431584375e-15,0.0006471041497808243,-26.217754177096886,0.0,0.0,0.0,2.945930711525767e-17,4.521495021162599e-06,0.18319067343017267,0.0,0.0,0.0,0.0,0.0,0.0,0.0,0.0,0.5,0.0,0.0,1.0,0.0,0.0,0.0
23.5,-3.4226807415862134e-14,-0.005403486927281737,215.9471702751934,0.0,0.0,0.0,0.7071065216265426,-0.0006058656540250209,-0.7071065216265425,-0.0006058656540250211,6384663.0924607245,2.9480211812563573,-6.098359761981227e-15,-9.615883022246098e-22,4.617348071399675e-07,6526.092461405322,0.0,-0.0017141087942816448,1.6254496078036792e-16,-4.337559262445326e-19,-7.297828107536301e-05,3.7994905909072573e-22,-1.2444297480536518e-20,-7.297828107536301e-05,4.0127898463220507e-22,-1.2443628105161242e-20,314.2771374376797,0.6224852813985756,43916.47555908315,245.7739045135316,0.687123382359108,1.5707963267948968,-2.50222591452238e-05,215.94717034279716,14514.235663410973,9.760161514099822,2.5959323739776535e-15,0.3647533019712857,215.9468622927468,4.2576804561638776e-15,0.000662491940054325,-26.47609283421272,0.0,0.0,0.0,2.9749586663548155e-17,4.629013752315681e-06,0.1849957568194829,0.0,0.0,0.0,0.0,0.0,0.0,0.0,0.0,0.5,0.0,0.0,1.0,0.0,0.0,0.0
23.6,-3.4346558939316346e-14,-0.005497851380202085,216.74088022520107,0.0,0.0,0.0,0.7071065194128215,-0.0006084438051093298,-0.7071065194128214,-0.00060844380510933,6384641.458074378,2.9846287931893443,-6.3702659634768295e-15,-1.0044658514422312e-21,4.674700706668241e-07,6504.458075075099,0.0,-0.0017214066446918717,1.7146262194120128e-16,-4.337610366496956e-19,-7.297872732068863e-05,7.036652466598416e-22,-1.3143928564868351e-20,-7.297872732068863e-05,7.262905625631354e-22,-1.3142697647063884e-20,314.3668612314673,0.6239981084281905,44048.28777012492,245.91423977824704,0.6894520585826951,1.5707963267948968,-2.5366006159133998e-05,216.7408802949304,14656.659098711623,9.760228111433015,4.690254039862046e-15,0.36760118241349155,216.74056856155192,4.299459678335409e-15,0.0006781831414591305,-26.73589405136449,0.0,0.0,0.0,3.004150960222906e-17,4.738652500656142e-06,0.18681105951881125,0.0,0.0,0.0,0.0,0.0,0.0,0.0,0.0,0.5,0.0,0.0,1.0,0.0,0.0,0.0
23.700000000000003,-3.4476014672696946e-14,-0.0055934582561799695,217.53281386535082,0.0,0.0,0.0,0.7071065171897153,-0.000611021956185563,-0.7071065171897152,-0.0006110219561855632,6384619.744532843,3.0215209385193753,-6.26301122296395e-15,-9.875572660830017e-22,4.7324994430662554e-07,6482.744533558375,0.0,-0.001728704539712211,2.098944647813431e-16,-4.337802020053798e-19,-7.297917470730106e-05,6.620613780096364e-22,-1.3040075963018497e-20,-7.297917470730106e-05,6.846028160391083e-22,-1.3038911970475763e-20,314.4568672563619,0.6255216815687245,44181.175620644986,246.05509025607418,0.6917731383487941,1.5707963267948968,-2.5713170144571798e-05,217.5328139372636,14800.007228976358,9.760294953110272,4.393099376886196e-15,0.3704563256678824,217.53249849522464,4.341510155277444e-15,0.0006941882784229753,-26.997382047634495,0.0,0.0,0.0,3.033532787274289e-17,4.850484803260848e-06,0.18863814820867525,0.0,0.0,0.0,0.0,0.0,0.0,0.0,0.0,0.5,0.0,0.0,1.0,0.0,0.0,0.0
23.8,-3.4612588841993014e-14,-0.005690324614706419,218.32295129956742,0.0,0.0,0.0,0.7071065149571789,-0.0006136001072536475,-0.7071065149571788,-0.0006136001072536478,6384597.95163491,3.0586997107629506,-6.321325093143083e-15,-9.967556748889946e-22,4.790747568354038e-07,6460.951635642287,0.0,-0.0017360024796714399,1.3946121311537615e-16,-5.060278206080017e-19,-7.297962322978048e-05,-9.986046470458643e-23,-1.1428376011737868e-20,-7.297962322978048e-05,-8.00216607340622e-23,-1.1428532631914083e-20,314.54719028578666,0.6270521741338158,44314.70299742584,246.19645595573638,0.6940864755671147,1.5707963267948968,-2.6063790772050493e-05,218.32295137372319,14944.19453688612,9.760362039761759,3.615402936877697e-15,0.37331869684539254,218.32263219757203,4.383806800899608e-15,0.0007105096813708006,-27.260400826896564,0.0,0.0,0.0,3.063086619166306e-17,4.964526943451072e-06,0.1904759329011525,0.0,0.0,0.0,0.0,0.0,0.0,0.0,0.0,0.5,0.0,0.0,1.0,0.0,0.0,0.0
23.900000000000002,-3.47277308492907e-14,-0.005788455531686306,219.11129079538318,0.0,0.0,0.0,0.7071065127152576,-0.000616178258313588,-0.7071065127152575,-0.0006161782583135882,6384576.079939824,3.096164453730879,-6.399212100579644e-15,-1.0090404903188842e-21,4.849444059209733e-07,6439.079940573933,0.0,-0.0017433004644672255,1.3588456894979147e-16,-4.33746752014853e-19,-7.298007287204113e-05,-1.2475266987736077e-21,-8.988659822116648e-21,-7.298007287204113e-05,-1.2318551933756833e-21,-8.990821125094123e-21,314.6378108152051,0.6285915082603163,44449.09031220253,246.33833390828414,0.6963921139537094,1.5707963267948968,-2.641787473778307e-05,219.11129087184258,15089.264506283025,9.760429369670108,-3.6880524668100516e-15,0.3761881931906343,219.11096793625168,4.426362370974588e-15,0.0007271530896566674,-27.525029710045104,0.0,0.0,0.0,3.092821368708854e-17,5.08081902367527e-06,0.19232496783319122,0.0,0.0,0.0,0.0,0.0,0.0,0.0,0.0,0.5,0.0,0.0,1.0,0.0,0.0,0.0
24.0,-3.485990040761102e-14,-0.005887862072607512,219.89782087573823,0.0,0.0,0.0,0.7071065104639512,-0.0006187564093653504,-0.7071065104639511,-0.0006187564093653506,6384554.129627397,3.133915872435125,-6.36382309327927e-15,-1.0034637548969862e-21,4.908590026501614e-07,6417.129628166556,0.0,-0.0017505984942106547,1.4382106148151396e-16,-4.337514653496122e-19,-7.298052362310325e-05,-8.851051105051846e-22,-9.759925988226696e-21,-7.298052362310325e-05,-8.680180512493435e-22,-9.761460496002151e-21,314.7287278058836,0.6301397046980928,44584.34026892925,246.4807229585421,0.6986900194576153,1.5707963267948968,-2.6775445285233748e-05,219.89782095456331,15235.218987024784,9.760496942289238,-5.452374476982146e-15,0.3790647444339083,219.89749423421068,4.469177408150463e-15,0.0007441236851642196,-27.79127207149984,0.0,0.0,0.0,3.1227374150650974e-17,5.199397251182466e-06,0.19418527658279186,0.0,0.0,0.0,0.0,0.0,0.0,0.0,0.0,0.5,0.0,0.0,1.0,0.0,0.0,0.0
24.1,-3.498781994910988e-14,-0.005988561617417893,220.6825224339447,0.0,0.0,0.0,0.7071065082032146,-0.0006213345604088609,-0.7071065082032145,-0.0006213345604088611,6384532.100502287,3.171956049776637,-6.434685917224266e-15,-1.0146411091168401e-21,4.968188741582788e-07,6395.100503075247,0.0,-0.001757896569228863,1.5442237349724544e-16,-4.3375758163348775e-19,-7.298097547747304e-05,1.8981774898805004e-23,-1.1687116867554011e-20,-7.298097547747304e-05,3.9526384917508184e-23,-1.1687065485823884e-20,314.81995821131125,0.6316949484807515,44720.24578479627,246.62362375673032,0.7009800874783813,1.5707963267948968,-2.713654275686062e-05,220.6825225151992,15382.01849835644,9.760564758231379,3.5187394119195484e-16,0.3819483152140449,220.68219198464655,4.5122403309390845e-15,0.0007614260825154462,-28.059055892573937,0.0,0.0,0.0,3.1528266659301105e-17,5.32029386960818e-06,0.1960563559355429,0.0,0.0,0.0,0.0,0.0,0.0,0.0,0.0,0.5,0.0,0.0,1.0,0.0,0.0,0.0
24.200000000000003,-3.512176190526326e-14,-0.006090559187270476,221.46539279480848,0.0,0.0,0.0,0.707106505933093,-0.0006239127114441247,-0.7071065059330929,-0.0006239127114441249,6384509.993124402,3.2102842984302633,-6.379619876561281e-15,-1.0059616317879923e-21,5.028239132391192e-07,6372.993125208964,0.0,-0.0017651946894146437,1.9537993679493106e-16,-5.0605925799452e-19,-7.298142841875418e-05,5.319202487428068e-22,-1.2749340452628388e-20,-7.298142841875418e-05,5.544250913272896e-22,-1.2748381353018763e-20,314.9114669961779,0.6332609395854479,44857.23033765657,246.7670339255648,0.7032623941029684,1.5707963267948968,-2.750117385008888e-05,221.4653928785573,15529.75088722928,9.76063281577703,3.56746011689395e-15,0.38483880079758187,221.4650585124967,4.555576908815914e-15,0.0007790684596549767,-28.32854141897669,0.0,0.0,0.0,3.183107127146543e-17,5.443566020505185e-06,0.19793932557237515,0.0,0.0,0.0,0.0,0.0,0.0,0.0,0.0,0.5,0.0,0.0,1.0,0.0,0.0,0.0
24.3,-3.523999732199982e-14,-0.006193866005041771,222.24642131817774,0.0,0.0,0.0,0.7071065036535863,-0.0006264908624711075,-0.7071065036535862,-0.0006264908624711077,6384487.807676853,3.2489013023997915,-6.195974495986595e-15,-9.770071800106594e-22,5.088742277012353e-07,6350.807677678764,0.0,-0.0017724928548758056,1.5584133248475893e-16,-4.337601731291439e-19,-7.29818824360209e-05,6.227710296500558e-22,-1.2934162000072321e-20,-7.29818824360209e-05,6.456957490853462e-22,-1.2933037825627021e-20,315.00329893380024,0.6348324608077359,44994.69863572031,246.91095053092695,0.7055368059849865,1.5707963267948968,-2.7869362155311223e-05,222.2464214044873,15678.289633918037,9.76070111436997,4.1473168017007055e-15,0.3877361312624611,222.24608317761968,4.599150027835167e-15,0.0007970497637689032,-28.599497860191008,0.0,0.0,0.0,3.213552866177703e-17,5.569206347572577e-06,0.19983257289634523,0.0,0.0,0.0,0.0,0.0,0.0,0.0,0.0,0.5,0.0,0.0,1.0,0.0,0.0,0.0
24.400000000000002,-3.537011654623206e-14,-0.006298499725634862,223.02558805485162,0.0,0.0,0.0,0.7071065013646495,-0.0006290690134897354,-0.7071065013646494,-0.0006290690134897356,6384465.543970194,3.2878091333480595,-6.2652734993425936e-15,-9.879380044226657e-22,5.149701429416762e-07,6328.543971039975,0.0,-0.001779791065937746,1.7499241885135743e-16,-4.337709938597646e-19,-7.29823375232644e-05,5.941436627026829e-22,-1.2886972124403619e-20,-7.29823375232644e-05,6.170788772529441e-22,-1.2885894238615848e-20,315.09539788969454,0.6364160638201058,45133.3992934077,247.0553769891281,0.7078033794511001,1.5707963267948968,-2.82411486879331e-05,223.02558814379012,15827.800414549904,9.760769654604383,4.0109730501358434e-15,0.3906402679589612,223.02524603070592,4.6430082882834055e-15,0.0008153851953941673,-28.872227433753437,0.0,0.0,0.0,3.244197841383122e-17,5.697321061150876e-06,0.201738209584665,0.0,0.0,0.0,0.0,0.0,0.0,0.0,0.0,0.5,0.0,0.0,1.0,0.0,0.0,0.0
24.5,-3.549764120998613e-14,-0.006404465349062614,223.8028907117894,0.0,0.0,0.0,0.7071064990663276,-0.0006316471645000138,-0.7071064990663275,-0.000631647164500014,6384443.202565024,3.327007072677103,-6.3076389185117416e-15,-9.946218881478256e-22,5.211115468583861e-07,6306.202565890117,0.0,-0.0017870893224883621,1.5099835104925747e-16,-4.337595568578049e-19,-7.298279366413459e-05,7.878084400982e-22,-1.3287749746175465e-20,-7.298279366413459e-05,8.1155353397772225e-22,-1.3286320659540265e-20,315.1878161133064,0.6380054404581297,45272.61223941017,247.2003075664568,0.7100619969873246,1.5707963267948968,-2.861654016158712e-05,223.80289080342627,15978.124874918662,9.760838434758547,5.249335899767117e-15,0.3935511064544169,223.80254477885026,4.68710523772354e-15,0.0008340706396618673,-29.146441278381527,0.0,0.0,0.0,3.275009595164883e-17,5.827881409517104e-06,0.20365421728395067,0.0,0.0,0.0,0.0,0.0,0.0,0.0,0.0,0.5,0.0,0.0,1.0,0.0,0.0,0.0
24.6,-3.5619764973815506e-14,-0.006511774227655493,224.57831868920346,0.0,0.0,0.0,0.7071064967586207,-0.000634225315501909,-0.7071064967586206,-0.0006342253155019092,6384420.7836476965,3.366495783129175,-6.15821725057396e-15,-9.71063722405273e-22,5.272985439417478e-07,6283.783648584038,0.0,-0.0017943876246321456,1.9505329934525864e-16,-4.337837208270384e-19,-7.29832508475473e-05,1.2026661638173658e-21,-1.4123958226059147e-20,-7.29832508475473e-05,1.2280080698806163e-21,-1.412177743959177e-20,315.2805120422067,0.6396052877542413,45412.87552749373,247.34574262492714,0.7123127190098745,1.5707963267948968,-2.8995560496836318e-05,224.57831878360972,16129.381066458067,9.760907454266265,7.841262465815373e-15,0.39646857581776157,224.57796882228013,4.7314755059700585e-15,0.0008531176672259988,-29.4223547371929,0.0,0.0,0.0,3.306012324328686e-17,5.96096824001933e-06,0.20558210065590854,0.0,0.0,0.0,0.0,0.0,0.0,0.0,0.0,0.5,0.0,0.0,1.0,0.0,0.0,0.0
24.700000000000003,-3.5754804155004515e-14,-0.006620444297815639,225.3518513280769,0.0,0.0,0.0,0.7071064944414837,-0.000636803466495346,-0.7071064944414835,-0.0006368034664953462,6384398.2870348105,3.406277324340264,-6.047026607257997e-15,-9.535339143739587e-22,5.335314577269549e-07,6261.287035719802,0.0,-0.001801685972692631,1.6879208380234474e-16,-5.060510679913759e-19,-7.298370906700661e-05,1.6219645871759472e-22,-1.1989256919247374e-20,-7.298370906700661e-05,1.8379724952512078e-22,-1.1988945140712102e-20,315.37351274169856,0.6412125818609082,45553.842672807295,247.49168234130022,0.7145554133536947,1.5707963267948968,-2.937825141489387e-05,225.3518514253255,16281.497279827598,9.760976713703231,1.2646763423734751e-15,0.3993926342901503,225.35149750187568,4.776098057437194e-15,0.0008725296213620468,-29.69983700184546,0.0,0.0,0.0,3.3371913307310656e-17,6.096604913044694e-06,0.20752094570660465,0.0,0.0,0.0,0.0,0.0,0.0,0.0,0.0,0.5,0.0,0.0,1.0,0.0,0.0,0.0
24.8,-3.5873280688161314e-14,-0.00673048054439385,226.12348723988197,0.0,0.0,0.0,0.7071064921149615,-0.0006393816174803309,-0.7071064921149613,-0.0006393816174803311,6384375.713287555,3.4463509465072053,-5.969385431993204e-15,-9.412943052948807e-22,5.398101712262958e-07,6238.713288484762,0.0,-0.001808984366552831,1.554164576355349e-16,-4.337647542827123e-19,-7.298416830635861e-05,-1.6310182272569522e-23,-1.1615083620223559e-20,-7.298416830635861e-05,4.7006577136670065e-24,-1.161509445423768e-20,315.4668024898627,0.6428288469594521,45695.689737761975,247.6381235934041,0.7167901182897165,1.5707963267948968,-2.97646196212495e-05,226.12348734004715,16434.509667334783,9.761046211345812,1.1212186412701457e-16,0.4023231786959101,226.12312942924817,4.8209834972263736e-15,0.000892312511307068,-29.97895401943243,0.0,0.0,0.0,3.3685540244486385e-17,6.234833416788516e-06,0.20947121322655282,0.0,0.0,0.0,0.0,0.0,0.0,0.0,0.0,0.5,0.0,0.0,1.0,0.0,0.0,0.0
24.900000000000002,-3.600648918567491e-14,-0.006841894417118888,226.8932147271927,0.0,0.0,0.0,0.7071064897790542,-0.0006419597684568299,-0.7071064897790541,-0.0006419597684568301,6384353.0625956,3.4867172906495982,-5.896842402413893e-15,-9.298585369075211e-22,5.46134785539524e-07,6216.062596552074,0.0,-0.0018162828063138447,1.5510075518398439e-16,-4.337655754197641e-19,-7.298462855404291e-05,6.498640427324065e-22,-1.2988675462453067e-20,-7.298462855404291e-05,6.734540657684319e-22,-1.2987473702158817e-20,315.5603802984188,0.6444540931859725,45838.41824885494,247.7850651586715,0.7190167999410514,1.5707963267948968,-3.015468939109315e-05,226.8932148303503,16588.419440562735,9.761115946617593,4.372399706227506e-15,0.4052601350669652,226.8928529069931,4.866132180751514e-15,0.000912472096337448,-30.25970800007078,0.0,0.0,0.0,3.400100653818905e-17,6.3756939929020215e-06,0.21143291865844946,0.0,0.0,0.0,0.0,0.0,0.0,0.0,0.0,0.5,0.0,0.0,1.0,0.0,0.0,0.0
25.0,-3.613856094980747e-14,-0.006954704178058856,227.66101408267747,0.0,0.0,0.0,0.7071064874337168,-0.0006445379194247674,-0.7071064874337167,-0.0006445379194247676,6384330.334781615,3.5273784037800353,-5.6974002138199025e-15,-8.984122098888257e-22,5.525056222464769e-07,6193.334782589227,0.0,-0.0018235812922972518,8.499545180683153e-17,-4.698679173754587e-19,-7.298508980353514e-05,-8.117932935260958e-22,-1.0002434631821365e-20,-7.298508980353514e-05,-7.935505863913807e-22,-1.0003897821835985e-20,315.6542591471616,0.6460869225218894,45981.867934273425,247.93250771632074,0.7212353609227297,1.5707963267948968,-3.0548503145462664e-05,227.66101418890543,16743.194675659524,9.761185920075699,-4.9366159782319624e-15,0.40820346146305303,227.6606482276793,4.9115347433046514e-15,0.0009330139860627566,-30.542040709968667,0.0,0.0,0.0,3.4318246754623404e-17,6.519225837273152e-06,0.213405655106743,0.0,0.0,0.0,0.0,0.0,0.0,0.0,0.0,0.5,0.0,0.0,1.0,0.0,0.0,0.0
25.1,-3.6259694672650214e-14,-0.0070689147353381766,228.42688283829,0.0,0.0,0.0,0.7071064850789945,-0.0006471160703841501,-0.7071064850789944,-0.0006471160703841503,6384307.5304073645,3.568333504803157,-5.780627895418634e-15,-9.11539502134893e-22,5.589225594597487e-07,6170.530408361616,0.0,-0.001830879824381165,1.3932464368271306e-16,-4.337587477668327e-19,-7.298555203832794e-05,5.554218288566337e-22,-1.2789773044268635e-20,-7.298555203832794e-05,5.788376665356352e-22,-1.2788734577151694e-20,315.7484117306189,0.6477302076796976,46126.369576353856,248.08044858792994,0.7234458632104375,1.5707963267948968,-3.094606758914331e-05,228.42688294766762,16898.90723782002,9.761256129994605,3.7694340869902324e-15,0.41115305245764905,228.426512923406,4.957212266192362e-15,0.0009539464199863694,-30.82608324177988,0.0,0.0,0.0,3.4637408194688e-17,6.665486521582605e-06,0.21539033855193157,0.0,0.0,0.0,0.0,0.0,0.0,0.0,0.0,0.5,0.0,0.0,1.0,0.0,0.0,0.0
25.200000000000003,-3.638977831404543e-14,-0.007184537696622957,229.19081035350425,0.0,0.0,0.0,0.7071064827148871,-0.0006496942213349441,-0.707106482714887,-0.0006496942213349443,6384284.649665863,3.609583212660511,-5.802361501533943e-15,-9.149699472096574e-22,5.653856948325514e-07,6147.649666883982,0.0,-0.0018381784026632376,1.5173063772534123e-16,-4.337666558436196e-19,-7.298601524698414e-05,7.748007866829789e-22,-1.3234893493136482e-20,-7.298601524698414e-05,7.991275593764881e-22,-1.323344691218263e-20,315.842873425952,0.6493797207032324,46271.438422088286,248.22888512331394,0.7256481932933192,1.5707963267948968,-3.134740735541794e-05,229.19081046611257,17055.447822620226,9.76132657578762,5.170407257151236e-15,0.41410883487054956,229.19043635367169,5.003132685527553e-15,0.0009752691343009642,-31.111636208429687,0.0,0.0,0.0,3.4958266819167676e-17,6.814474202535922e-06,0.2173855758215776,0.0,0.0,0.0,0.0,0.0,0.0,0.0,0.0,0.5,0.0,0.0,1.0,0.0,0.0,0.0
25.3,-3.65181447089646e-14,-0.00730159158375293,229.9527757676777,0.0,0.0,0.0,0.7071064803413494,-0.0006522723722770734,-0.7071064803413493,-0.0006522723722770736,6384261.692385879,3.6511295611037355,-5.596503787973586e-15,-8.825115974130308e-22,5.718953478894251e-07,6124.692386923047,0.0,-0.0018454770274629944,1.87398751133699e-16,-4.337880363074805e-19,-7.298647942236057e-05,-5.038351289192751e-22,-1.0631713016981641e-20,-7.298647942236057e-05,-4.842132384516488e-22,-1.0632624498058123e-20,315.93759688825634,0.6510411042123998,46417.72257861041,248.3778202947202,0.7278423887613272,1.5707963267948968,-3.175256556709958e-05,229.95277588359994,17212.968154070797,9.761397257993194,5.487740783689574e-15,0.41707076281610667,229.9523976577411,5.04934050870559e-15,0.0009969984320817862,-31.398976376092442,0.0,0.0,0.0,3.528113361349903e-17,6.9663027942125835e-06,0.21939330075721156,0.0,0.0,0.0,0.0,0.0,0.0,0.0,0.0,0.5,0.0,0.0,1.0,0.0,0.0,0.0
25.400000000000002,-3.664130329057712e-14,-0.007420081283000978,230.7127774244732,0.0,0.0,0.0,0.7071064779584267,-0.0006548505232105456,-0.7071064779584266,-0.0006548505232105459,6384238.659129771,3.6929717376302307,-5.590518709594552e-15,-8.815710125248197e-22,5.784513918248225e-07,6101.65913083932,0.0,-0.00185277569865363,1.8149983816158448e-16,-4.337858731430543e-19,-7.298694454812702e-05,3.7102239141940183e-22,-1.2412824661474715e-20,-7.298694454812702e-05,3.940202992352832e-22,-1.2412115746589231e-20,316.03263383375275,0.6527079859982668,46564.49085620686,248.52724836061967,0.7300283330883234,1.5707963267948968,-3.216154894141377e-05,230.71277754379392,17371.29775850028,9.76146817488386,2.5963312448410373e-15,0.4200387320000305,230.7123951794261,5.095785728209823e-15,0.0010191288794715472,-31.6877927764682,0.0,0.0,0.0,3.560565916138235e-17,7.120934328754276e-06,0.22141134053762618,0.0,0.0,0.0,0.0,0.0,0.0,0.0,0.0,0.5,0.0,0.0,1.0,0.0,0.0,0.0
25.5,-3.6760154037692686e-14,-0.007540018506930383,231.47080424300125,0.0,0.0,0.0,0.707106475566119,-0.0006574286741353262,-0.7071064755661189,-0.0006574286741353264,6384215.550093848,3.735110338856278,-5.8056502291979824e-15,-9.154985196682616e-22,5.850539208064404e-07,6078.5500949407,0.0,-0.001860074416329311,1.8972392939697127e-16,-5.422120855072254e-19,-7.298741061255056e-05,-5.922351670289696e-22,-1.0462133131770356e-20,-7.298741061255056e-05,-5.727738075419918e-22,-1.0463216633776952e-20,316.12792710628054,0.6543869866938649,46712.50546380528,248.67717023448685,0.7322061245414351,1.5707963267948968,-3.257438245364148e-05,231.47080436580697,17530.612908942992,9.761539325862788,-3.580864352541678e-15,0.42301266735977366,231.47041783786742,5.142520052840803e-15,0.001041676859120683,-31.978406957173746,0.0,0.0,0.0,3.593220476645682e-17,7.278483276254263e-06,0.22344194190463093,0.0,0.0,0.0,0.0,0.0,0.0,0.0,0.0,0.5,0.0,0.0,1.0,0.0,0.0,0.0
25.6,-3.687177408004276e-14,-0.007661422071544065,232.22683522559655,0.0,0.0,0.0,0.7071064731643811,-0.0006600068250513392,-0.707106473164381,-0.0006600068250513394,6384192.365113117,3.7775473844597194,-6.003618399367585e-15,-9.467197714689374e-22,5.917032521760968e-07,6055.365114235008,0.0,-0.0018673731808073809,1.8474168566939513e-16,-5.422103817412386e-19,-7.298787760815071e-05,-4.1856319288980376e-22,-1.0825824715693387e-20,-7.298787760815071e-05,-3.9834760253699904e-22,-1.0826587947190817e-20,316.22352917496573,0.6560720200898422,46861.06574894204,248.82758497659398,0.7343755706426229,1.5707963267948968,-3.2991109962077946e-05,232.22683535197604,17690.754944933073,9.76161071144932,1.8696657822519623e-15,0.42599252085296085,232.22644463531236,5.189496940325085e-15,0.0010646409803414544,-32.27052949828544,0.0,0.0,0.0,3.62604452250319e-17,7.438939919594072e-06,0.22548308260146202,0.0,0.0,0.0,0.0,0.0,0.0,0.0,0.0,0.5,0.0,0.0,1.0,0.0,0.0,0.0
25.700000000000003,-3.698656891674135e-14,-0.007784296817133638,232.9808690854022,0.0,0.0,0.0,0.7071064707532582,-0.0006625849759585924,-0.707106470753258,-0.0006625849759585926,6384169.104750413,3.820282030645703,-6.069391742393487e-15,-9.570951797243787e-22,5.983992542276891e-07,6032.104751557422,0.0,-0.0018746719919561327,1.5723512738283427e-16,-5.060550973594134e-19,-7.298834551865443e-05,5.880875172878496e-22,-1.2833552922747686e-20,-7.298834551865443e-05,6.121456808480115e-22,-1.283242764453398e-20,316.3193951606726,0.6577680839141874,47010.74872533362,248.97849059096367,0.736536779334698,1.5707963267948968,-3.34117381681048e-05,232.98086921544572,17851.855442277807,9.761682329914414,3.9791450638369675e-15,0.4289781885601745,232.98047428505706,5.236754987783948e-15,0.0010880336192890425,-32.5644004133451,0.0,0.0,0.0,3.659065022583044e-17,7.60239073438053e-06,0.2275364396688781,0.0,0.0,0.0,0.0,0.0,0.0,0.0,0.0,0.5,0.0,0.0,1.0,0.0,0.0,0.0
25.8,-3.709295864599806e-14,-0.007908654557040356,233.73289412692503,0.0,0.0,0.0,0.7071064683327503,-0.0006651631268570513,-0.7071064683327501,-0.0006651631268570515,6384145.769205437,3.8633148512008555,-6.140809029026936e-15,-9.683606860106767e-22,6.051420175641145e-07,6008.769206605852,0.0,-0.0018819708498661685,2.1840732379369446e-16,-5.422332542774185e-19,-7.298881433197915e-05,3.8340023334158064e-22,-1.2420449276084622e-20,-7.298881433197915e-05,4.067744640571325e-22,-1.2419705732991763e-20,316.4155568935693,0.6594712996216322,47161.107905975005,249.12988451210694,0.7386896414178019,1.5707963267948968,-3.383629242073001e-05,233.7328942607248,18013.810001038128,9.761754180650803,2.6810860911324566e-15,0.4319695931889011,233.73249509164475,5.284263570002255e-15,0.001111854792493676,-32.859829261560506,0.0,0.0,0.0,3.6922605782034685e-17,7.7688358361149e-06,0.22960068244458304,0.0,0.0,0.0,0.0,0.0,0.0,0.0,0.0,0.5,0.0,0.0,1.0,0.0,0.0,0.0
25.900000000000002,-3.721528741487428e-14,-0.00803451441944815,234.48288998499797,0.0,0.0,0.0,0.7071064659028121,-0.0006677412777466396,-0.707106465902812,-0.0006677412777466398,6384122.358319418,3.9066478511926785,-6.48031354024861e-15,-1.021901837894859e-21,6.119318572603181e-07,5985.358320613081,0.0,-0.0018892697548525646,1.188891222468309e-16,-5.060337673326948e-19,-7.298928404052793e-05,-3.972491197315031e-23,-1.1580846500357805e-20,-7.298928404052793e-05,-1.7845576621708132e-23,-1.1580900916585168e-20,316.511990782145,0.6611845703001992,47312.47815140242,249.28176871594817,0.7408341430662273,1.5707963267948968,-3.4264817295917205e-05,234.48289012264866,18176.701216111418,9.761826264158753,-1.1249271958347462e-17,0.43496668595416976,234.48248668982495,5.332046915792164e-15,0.0011361178177304349,-33.15696670813224,0.0,0.0,0.0,3.7256481187032074e-17,7.93836827976173e-06,0.23167686366785306,0.0,0.0,0.0,0.0,0.0,0.0,0.0,0.0,0.5,0.0,0.0,1.0,0.0,0.0,0.0
26.0,-3.731644171618073e-14,-0.008161881155269913,235.2308544475454,0.0,0.0,0.0,0.7071064634634889,-0.0006703194286273651,-0.7071064634634888,-0.0006703194286273653,6384098.872655706,3.9502801553758893,-6.6838971844804366e-15,-1.054009512424851e-21,6.187686366844152e-07,5961.872656927444,0.0,-0.0018965687067786887,1.454217443319114e-16,-4.337708438521353e-19,-7.298975462771271e-05,-3.258149180059102e-22,-1.0994904154642162e-20,-7.298975462771271e-05,-3.0496190430115128e-22,-1.0995502387276747e-20,316.60870967529274,0.662906050793211,47464.64770263282,249.43413895649698,0.7429702555230208,1.5707963267948968,-3.4697319502330005e-05,235.23085458914318,18340.47575557818,9.761898578707541,-1.8825089681379633e-15,0.43796936093107663,235.2304468676816,5.380089380495431e-15,0.0011608240658090411,-33.45571546782993,0.0,0.0,0.0,3.7592167127284154e-17,8.110997643546312e-06,0.23376430357997405,0.0,0.0,0.0,0.0,0.0,0.0,0.0,0.0,0.5,0.0,0.0,1.0,0.0,0.0,0.0
26.1,-3.7428724467559134e-14,-0.008290766729906234,235.976776980203,0.0,0.0,0.0,0.7071064610147807,-0.0006728975794991938,-0.7071064610147806,-0.0006728975794991941,6384075.312417339,3.994212314470618,-6.692016008042054e-15,-1.0552937213729761e-21,6.256524428371261e-07,5938.312418588437,0.0,-0.0019038677057315414,1.8716559126037132e-16,-5.422181875124925e-19,-7.299022608161521e-05,-5.01789543767713e-22,-1.0649258632067241e-20,-7.299022608161521e-05,-4.815138669954327e-22,-1.0650194672154325e-20,316.70570516021894,0.6646366451345989,47617.7218054191,249.58699421407212,0.7450979672325997,1.5707963267948968,-3.513382474577336e-05,235.97677712584618,18505.158866460562,9.76197112367959,-2.9999011588169976e-15,0.44097754187963834,235.9763650908896,5.42839837020319e-15,0.0011859816609903506,-33.7561215949215,0.0,0.0,0.0,3.7929715351190635e-17,8.286780693918098e-06,0.23586332397480747,0.0,0.0,0.0,0.0,0.0,0.0,0.0,0.0,0.5,0.0,0.0,1.0,0.0,0.0,0.0
26.200000000000003,-3.754306886813152e-14,-0.008421190512786747,236.7206357159012,0.0,0.0,0.0,0.7071064585566423,-0.0006754757303620489,-0.7071064585566422,-0.0006754757303620491,6384051.67745188,4.038446318158388,-6.888031047710642e-15,-1.0862082513079443e-21,6.325835884048912e-07,5914.677453157802,0.0,-0.0019111667520238093,1.0577834668850308e-16,-5.060279479601315e-19,-7.29906983939003e-05,-2.3117051233534594e-22,-1.1187445593807028e-20,-7.29906983939003e-05,-2.0978896845948654e-22,-1.1187866938159568e-20,316.80297718621784,0.6663764455799456,47771.71081391403,249.74033550415342,0.7472172051817356,1.5707963267948968,-3.5574378345217455e-05,236.7206358656906,18670.756540299008,9.762043899555787,-1.0019777666204262e-14,0.4439911753035667,236.72021949230427,5.47697564250176e-15,0.001211599580702586,-34.05819601883648,0.0,0.0,0.0,3.826913813949146e-17,8.46578015864205e-06,0.2379740012192893,0.0,0.0,0.0,0.0,0.0,0.0,0.0,0.0,0.5,0.0,0.0,1.0,0.0,0.0,0.0
26.3,-3.7665155704065685e-14,-0.008553157239833655,237.46242992852117,0.0,0.0,0.0,0.7071064560891189,-0.0006780538812159384,-0.7071064560891188,-0.0006780538812159386,6384027.968323122,4.082981259788498,-6.763938449172842e-15,-1.0666434534027598e-21,6.395619318366443e-07,5890.968324428114,0.0,-0.0019184658455139408,1.5099354968592432e-16,-4.699175225196995e-19,-7.299117154836817e-05,-5.408756010047651e-22,-1.0588401991848135e-20,-7.299117154836817e-05,-5.205603682761699e-22,-1.0589419767642422e-20,316.900530898149,0.6681245323600268,47926.5100229135,249.89415887924753,0.7493279634185492,1.5707963267948968,-3.601898700396561e-05,237.46243008255928,18837.240169339533,9.762116904603918,-3.2168956340133124e-15,0.44701015776257086,237.46200934596834,5.525812805447991e-15,0.0012376807814076774,-34.36188655485406,0.0,0.0,0.0,3.861037685536723e-17,8.648016695332406e-06,0.24009597068439434,0.0,0.0,0.0,0.0,0.0,0.0,0.0,0.0,0.5,0.0,0.0,1.0,0.0,0.0,0.0
26.400000000000002,-3.777688762592562e-14,-0.00868667893712866,238.2021476802532,0.0,0.0,0.0,0.7071064536122104,-0.0006806320320608286,-0.7071064536122103,-0.0006806320320608288,6384004.18523747,4.1278176666347015,-6.6950075543097565e-15,-1.0557773135677214e-21,6.465875564711242e-07,5867.185238804668,0.0,-0.0019257649862852752,2.11973597673828e-16,-4.338179291675012e-19,-7.299164553251745e-05,6.4412651255142285e-22,-1.2890533986516684e-20,-7.299164553251745e-05,6.689494418194873e-22,-1.2889269648277313e-20,316.9983505384482,0.6698826806616401,48082.325178322644,250.04846358345338,0.751430243829466,1.5707963267948968,-3.646767679415848e-05,238.2021478386447,19004.659818635544,9.762190138196033,4.290170276065718e-15,0.45003440929765054,238.20172271411892,5.574924545381164e-15,0.0012642353283924296,-34.66728452896411,0.0,0.0,0.0,3.895353411631771e-17,8.83356063292182e-06,0.24222987048998118,0.0,0.0,0.0,0.0,0.0,0.0,0.0,0.0,0.5,0.0,0.0,1.0,0.0,0.0,0.0
26.5,-3.789793827716956e-14,-0.008821775305554206,238.93976825655628,0.0,0.0,0.0,0.7071064511258717,-0.0006832101828966418,-0.7071064511258716,-0.000683210182896642,6383980.32804888,4.172957512305336,-6.7905894946191055e-15,-1.0708542525934998e-21,6.53660772498472e-07,5843.328050244289,0.0,-0.0019330641746480026,1.6888482245529315e-16,-4.337912501168693e-19,-7.299212033804803e-05,-5.185545696669592e-22,-1.0633258534959576e-20,-7.299212033804803e-05,-4.979986584591428e-22,-1.063424097316608e-20,317.09645760739306,0.6716484016114819,48238.86841816154,250.20324974800178,0.7535239263333916,1.5707963267948968,-3.692049378644507e-05,238.93976841940852,19172.948362275627,9.762263600793425,-3.0898409369149996e-15,0.45306387663805064,238.93933888214326,5.624291171241483e-15,0.0012912676750202682,-34.974267493666744,0.0,0.0,0.0,3.9298472335481705e-17,9.022443088287795e-06,0.24437484506162446,0.0,0.0,0.0,0.0,0.0,0.0,0.0,0.0,0.5,0.0,0.0,1.0,0.0,0.0,0.0
26.6,-3.80103082613206e-14,-0.008958450965648745,239.67528977040737,0.0,0.0,0.0,0.707106448630148,-0.0006857883337233869,-0.7071064486301479,-0.0006857883337233871,6383956.397321532,4.218399858763465,-6.983153578275534e-15,-1.1012251493239513e-21,6.607814334509829e-07,5819.397322925118,0.0,-0.0019403634104556548,1.7894168485012165e-16,-4.337990991908907e-19,-7.299259594837518e-05,4.904543143021238e-22,-1.2600502266446743e-20,-7.299259594837518e-05,5.149030260610159e-22,-1.2599526836765122e-20,317.1948222443793,0.6734249772071733,48396.52099295577,250.3585147920582,0.7556090846185965,1.5707963267948968,-3.737744467248705e-05,239.67528993782946,19342.19614103677,9.762337290662568,3.3641869300945005e-15,0.4560984538917479,239.6748559631869,5.6739391840568594e-15,0.0013187888448607332,-35.28300024377981,0.0,0.0,0.0,3.9645376682844295e-17,9.214741086148542e-06,0.24653204586612995,0.0,0.0,0.0,0.0,0.0,0.0,0.0,0.0,0.5,0.0,0.0,1.0,0.0,0.0,0.0
26.700000000000003,-3.813437815366911e-14,-0.009096718094827786,240.4087014725318,0.0,0.0,0.0,0.7071064461250394,-0.0006883664845410302,-0.7071064461250393,-0.0006883664845410304,6383932.393265239,4.264145209434836,-6.9479258572015625e-15,-1.0956739757125636e-21,6.679496189421871e-07,5795.393266662954,0.0,-0.001947662693787846,1.313082279207501e-16,-4.33768577006957e-19,-7.299307235117643e-05,-4.97644229433414e-22,-1.0674952343750627e-20,-7.299307235117643e-05,-4.768520922613686e-22,-1.0675901339116119e-20,317.2934763314755,0.6752084471736867,48554.82486867586,250.51425607167843,0.7576856115172091,1.5707963267948968,-3.7838555904041244e-05,240.40870164463513,19512.28978369,9.762411207164993,-2.9757286578073443e-15,0.4591380622459226,240.40826320802498,5.723835326927317e-15,0.0013467981636847385,-35.59327597356006,0.0,0.0,0.0,3.999401478328053e-17,9.410449915479631e-06,0.2487000278947789,0.0,0.0,0.0,0.0,0.0,0.0,0.0,0.0,0.5,0.0,0.0,1.0,0.0,0.0,0.0
26.8,-3.8238372878272444e-14,-0.009236596630425557,241.13998134024484,0.0,0.0,0.0,0.7071064436105003,-0.000690944635349493,-0.7071064436105002,-0.0006909446353494933,6383908.315740362,4.310195521247123,-7.290187158614352e-15,-1.1496522617843534e-21,6.751656365706069e-07,5771.315741816536,0.0,-0.001954962024952174,1.6520814420083624e-16,-4.337924192081264e-19,-7.299354953745886e-05,3.134486859011958e-22,-1.2252468217776272e-20,-7.299354953745886e-05,3.37400698361434e-22,-1.2251832276159462e-20,317.39238185101925,0.6770035022380986,48714.323740374886,250.670476008615,0.7597535248223027,1.5707963267948968,-3.8303874298350035e-05,241.13998151714367,19683.36751274073,9.762485350742383,2.237866501750464e-15,0.46218264400882314,241.13953859390898,5.774020146753899e-15,0.0013753143602568151,-35.90534682112056,0.0,0.0,0.0,4.0344669949161763e-17,9.60970043932005e-06,0.2508805529060506,0.0,0.0,0.0,0.0,0.0,0.0,0.0,0.0,0.5,0.0,0.0,1.0,0.0,0.0,0.0
26.900000000000002,-3.8353951105137145e-14,-0.009378091159920728,241.86912862540098,0.0,0.0,0.0,0.7071064410865764,-0.0006935227861487854,-0.7071064410865763,-0.0006935227861487856,6383884.16531148,4.356549824671476,-7.275812416169979e-15,-1.1473897567170817e-21,6.824293349348663e-07,5747.165312966331,0.0,-0.0019622614037972386,1.23291768103987e-16,-5.060451711391355e-19,-7.299402749093569e-05,5.163872380096781e-22,-1.261091563590345e-20,-7.299402749093569e-05,5.411323573957456e-22,-1.2609877957470917e-20,317.49157949977905,0.6788048877469328,48874.40950854123,250.82716925080436,0.7618127338537192,1.5707963267948968,-3.8773406551628005e-05,241.86912880721135,19855.273818928916,9.762559719659832,-1.041438016122475e-15,0.46523209519537423,241.86868137286456,5.824448025684005e-15,0.0014043317392611768,-36.21892911498506,0.0,0.0,0.0,4.0697023435980685e-17,9.812452862928906e-06,0.25307163880916733,0.0,0.0,0.0,0.0,0.0,0.0,0.0,0.0,0.5,0.0,0.0,1.0,0.0,0.0,0.0
27.0,-3.8466276379980894e-14,-0.00952121392579477,242.59613168798182,0.0,0.0,0.0,0.7071064385532674,-0.000696100936938873,-0.7071064385532673,-0.0006961009369388732,6383859.94219176,4.403208599069495,-7.287395144336034e-15,-1.1492207318843826e-21,6.897407898891106e-07,5722.942193279043,0.0,-0.0019695608303988933,1.7228111678688816e-16,-4.337996991005449e-19,-7.299450619884638e-05,4.6234384211910003e-23,-1.1736341541815582e-20,-7.299450619884638e-05,6.934971818458477e-23,-1.1736227716818437e-20,317.59102032436897,0.6806184472634607,49035.761153571664,250.98433630721894,0.7638633221652447,1.5707963267948968,-3.924717947750281e-05,242.59613187482222,20028.178990493983,9.762634313268542,5.391747204827201e-16,0.46828633420410826,242.59567990493017,5.875168916844595e-15,0.0014338695444402237,-36.53433348523498,0.0,0.0,0.0,4.105142428000126e-17,1.0018841647637468e-05,0.2552754560621103,0.0,0.0,0.0,0.0,0.0,0.0,0.0,0.0,0.5,0.0,0.0,1.0,0.0,0.0,0.0
27.1,-3.857523391315113e-14,-0.009665985173858872,243.32096905421,0.0,0.0,0.0,0.7071064360105282,-0.0006986790877196772,-0.7071064360105281,-0.0006986790877196775,6383835.646248096,4.4501737838529065,-7.357673944256656e-15,-1.1603081289846122e-21,6.971003063092078e-07,5698.646249646941,0.0,-0.0019768603050620134,1.553457054141055e-16,-4.337891773477778e-19,-7.299498565205604e-05,-1.2860086252689039e-23,-1.1621939687048497e-20,-7.299498565205604e-05,1.0115297280279571e-23,-1.1621942178212675e-20,317.6907566049048,0.6824378878239361,49197.64773833718,251.14197600585638,0.7659050933545384,1.5707963267948968,-3.9725240673076686e-05,243.3209692462019,20201.901277355628,9.76270913199017,1.6572593805307075e-16,0.4713453024336591,243.3205127162694,5.92612950486205e-15,0.0014639244069457509,-36.85122839388951,0.0,0.0,0.0,4.140749995201554e-17,1.0228843254374953e-05,0.25748968811764333,0.0,0.0,0.0,0.0,0.0,0.0,0.0,0.0,0.5,0.0,0.0,1.0,0.0,0.0,0.0
27.200000000000003,-3.8699275912793856e-14,-0.009812409386360405,244.04363953006728,0.0,0.0,0.0,0.707106433458404,-0.0007012572384912083,-0.7071064334584038,-0.0007012572384912085,6383811.278045348,4.4974443781675015,-7.05725020969281e-15,-1.1129354629363799e-21,7.045077278857255e-07,5674.27804693176,0.0,-0.00198415982763029,1.5568294248264265e-16,-4.337905559640602e-19,-7.299546583410502e-05,-1.6700554947338977e-23,-1.1597418293538848e-20,-7.299546583410502e-05,6.310927394151974e-24,-1.1597428422599184e-20,317.7907300025736,0.684270028025926,49360.863207426795,251.30008689064968,0.7679381933997073,1.5707963267948968,-4.020759681064783e-05,244.0436397273341,20376.638621091424,9.76278417408881,7.43455904390162e-17,0.47440889480797105,244.04317861304077,5.97738785481497e-15,0.0014945158611593956,-37.16997491464292,0.0,0.0,0.0,4.176565616872909e-17,1.0442594175249076e-05,0.2597168578971721,0.0,0.0,0.0,0.0,0.0,0.0,0.0,0.0,0.5,0.0,0.0,1.0,0.0,0.0,0.0
27.3,-3.88121992256066e-14,-0.009960498923262446,244.76413190535757,0.0,0.0,0.0,0.7071064308968947,-0.0007038353892534319,-0.7071064308968946,-0.0007038353892534321,6383786.837800126,4.545020836803165,-7.13750406345263e-15,-1.1255959154055822e-21,7.119631266335681e-07,5649.837801743299,0.0,-0.0019914593981757377,1.179727759559216e-16,-4.337648620621217e-19,-7.299594673219146e-05,-2.597338974901246e-26,-1.1648773914751788e-20,-7.299594673219146e-05,2.317207161794296e-23,-1.1648750867486748e-20,317.89099854423,0.6861076363181374,49524.56720757432,251.4586652330722,0.7699624501131314,1.5707963267948968,-4.069427509752767e-05,244.76413210802522,20552.175983686117,9.762859438905043,2.474371440952133e-16,0.47747702945813103,244.76366638510947,6.028880886454511e-15,0.0015256357315848123,-37.49018078731002,0.0,0.0,0.0,4.2125452171059805e-17,1.06600372858139e-05,0.2619542245706846,0.0,0.0,0.0,0.0,0.0,0.0,0.0,0.0,0.5,0.0,0.0,1.0,0.0,0.0,0.0
27.400000000000002,-3.89112412886384e-14,-0.010110274288502372,245.48242421830565,0.0,0.0,0.0,0.7071064283259554,-0.000706413540006269,-0.7071064283259553,-0.0007064135400062692,6383762.325385817,4.592905081142811,-7.321917318690776e-15,-1.1546826476958975e-21,7.194668046254177e-07,5625.325387470113,0.0,-0.00199875901700043,1.8144861948628877e-16,-4.338114196355753e-19,-7.299642833672406e-05,-3.0454208338843002e-22,-1.106745778115889e-20,-7.299642833672406e-05,-2.824205598879708e-22,-1.1068044512870891e-20,317.99150031416576,0.6879584062424052,49689.65515193406,251.61771432135123,0.7719779413483837,1.5707963267948968,-4.1185323889786295e-05,245.48242442650323,20728.74587836968,9.7629349268406,-1.6925217576492125e-15,0.4805496448792512,245.48195407064807,6.080676806318243e-15,0.0015573111039757274,-37.81227014954956,0.0,0.0,0.0,4.248736453688179e-17,1.08813618416949e-05,0.2642047517048852,0.0,0.0,0.0,0.0,0.0,0.0,0.0,0.0,0.5,0.0,0.0,1.0,0.0,0.0,0.0
27.5,-3.902440721988782e-14,-0.010261739890361467,246.19851560601003,0.0,0.0,0.0,0.7071064257456309,-0.00070899169074973,-0.7071064257456308,-0.0007089916907497303,6383737.741367617,4.641096078837891,-7.288425835504325e-15,-1.1494054220696465e-21,7.270186006168129e-07,5600.741369303937,0.0,-0.0020060586839431207,1.51751967266867e-16,-4.33791189974373e-19,-7.2996910631308e-05,8.538391569162161e-22,-1.3235309745632006e-20,-7.2996910631308e-05,8.803886759246355e-22,-1.3233570022879444e-20,318.09229524462717,0.6898146341954422,49855.23136511286,251.7772280288782,0.7739845285590045,1.5707963267948968,-4.168074986456646e-05,246.19851581986865,20906.11342840689,9.763010636158432,5.615095314429504e-15,0.4836266364083696,246.198040806936,6.132706714534503e-15,0.0015895298647734942,-38.13581455225244,0.0,0.0,0.0,4.2850911843804556e-17,1.1106483202119606e-05,0.26646544560777796,0.0,0.0,0.0,0.0,0.0,0.0,0.0,0.0,0.5,0.0,0.0,1.0,0.0,0.0,0.0
27.6,-3.9130391762908623e-14,-0.010414908174255567,246.9123947847177,0.0,0.0,0.0,0.7071064231559213,-0.0007115698414837812,-0.7071064231559212,-0.0007115698414837814,6383713.0859654825,4.6895942599639575,-7.319168294451918e-15,-1.154258082884776e-21,7.346185827607339e-07,5576.085967205465,0.0,-0.002013358399071965,1.9560945788863022e-16,-4.338245681849869e-19,-7.299739360294789e-05,1.2986980621686692e-21,-1.4086067929479717e-20,-7.299739360294789e-05,1.327055713975948e-21,-1.408342463687726e-20,318.1933220790905,0.6916837678772196,50022.16447206473,251.93720731763344,0.7759823285763311,1.5707963267948968,-4.218058059482822e-05,246.91239500437112,21084.503197915983,9.763086566188768,8.515375223883273e-15,0.4867079209521943,246.91191531028693,6.185036485819243e-15,0.0016223167445196549,-38.461223632805236,0.0,0.0,0.0,4.3216554376621985e-17,1.1335574166196923e-05,0.2687391685286693,0.0,0.0,0.0,0.0,0.0,0.0,0.0,0.0,0.5,0.0,0.0,1.0,0.0,0.0,0.0
27.700000000000003,-3.925451011569468e-14,-0.010569799916853443,247.62403957760085,0.0,0.0,0.0,0.7071064205567816,-0.0007141479922083427,-0.7071064205567815,-0.0007141479922083429,6383688.359059451,4.738401526987248,-7.297935343660325e-15,-1.1509140615229367e-21,7.422670501873622e-07,5551.359061209485,0.0,-0.002020658162686091,1.5619973575764728e-16,-4.33796825135013e-19,-7.299787724167698e-05,-1.4850762625547986e-21,-8.85860422766949e-21,-7.299787724167698e-05,-1.4671715954995608e-21,-8.86158620235998e-21,318.29463903677936,0.6935586772905991,50189.62309869662,252.09765068086082,0.7779711273440583,1.5707963267948968,-4.268486523638403e-05,247.62403980318624,21263.700964890868,9.763162717312964,-9.202497133970365e-15,0.48979343460563096,247.6235554038273,6.2376032792709715e-15,0.0016556656364419004,-38.788106619387754,0.0,0.0,0.0,4.358385304863788e-17,1.156859206422585e-05,0.271023190037164,0.0,0.0,0.0,0.0,0.0,0.0,0.0,0.0,0.5,0.0,0.0,1.0,0.0,0.0,0.0
27.8,-3.936711559717475e-14,-0.010726419437102093,248.3334494128008,0.0,0.0,0.0,0.7071064179482569,-0.0007167261429234256,-0.7071064179482568,-0.0007167261429234258,6383663.561214899,4.787516816289057,-7.488899178145947e-15,-1.1810344539926121e-21,7.49963836751835e-07,5526.561216694303,0.0,-0.002027957974619356,1.352229346951611e-16,-4.337822855325582e-19,-7.299836153115637e-05,7.834166353350919e-22,-1.309141373951192e-20,-7.299836153115637e-05,8.099644006416059e-22,-1.3089797781895233e-20,318.39618746075973,0.6954463228489121,50358.4208754852,252.25855668487117,0.7799510759915063,1.5707963267948968,-4.319361043693947e-05,248.33344964445732,21443.915895237154,9.763239087793258,5.169222429047523e-15,0.4928830730752925,248.33296051588363,6.290468452595782e-15,0.0016895983070956066,-39.11684506067169,0.0,0.0,0.0,4.395323658305345e-17,1.1805688985127143e-05,0.2733201761189772,0.0,0.0,0.0,0.0,0.0,0.0,0.0,0.0,0.5,0.0,0.0,1.0,0.0,0.0,0.0
27.900000000000002,-3.9482156681869085e-14,-0.010884779262266556,249.04061279049748,0.0,0.0,0.0,0.707106415330347,-0.0007193042936289959,-0.7071064153303469,-0.0007193042936289962,6383638.6926552355,4.836940532703382,-7.448077653020501e-15,-1.1746013138409201e-21,7.577090066622428e-07,5501.692657068372,0.0,-0.0020352578349359662,1.3287436581348387e-16,-4.337815499880637e-19,-7.29988464581537e-05,-5.800760759884096e-22,-1.0561442468926768e-20,-7.29988464581537e-05,-5.585796308784336e-22,-1.0562601198301099e-20,318.498021427524,0.697339853317156,50527.75859733066,252.4199216988845,0.781922009788804,1.5707963267948968,-4.370684417040135e-05,249.04061302836715,21624.936647588805,9.76331567694923,-3.451202059903319e-15,0.49597675175396266,249.0401191467082,6.343570009907548e-15,0.0017241062191082322,-39.447053439506746,0.0,0.0,0.0,4.4324271797527745e-17,1.204680527592616e-05,0.27562743305954013,0.0,0.0,0.0,0.0,0.0,0.0,0.0,0.0,0.5,0.0,0.0,1.0,0.0,0.0,0.0
28.0,-3.9594870533740416e-14,-0.011044900443976838,249.74550764523875,0.0,0.0,0.0,0.707106412703007,-0.0007218824443249732,-0.7071064127030069,-0.0007218824443249734,6383613.753267102,4.886674559286931,-7.486559089411525e-15,-1.1806746842274045e-21,7.655028560288315e-07,5476.75326897266,0.0,-0.0020425577439320327,1.2186420197185068e-16,-4.337741577444164e-19,-7.299933201242612e-05,-1.3578379025708795e-22,-1.1365274659233954e-20,-7.299933201242612e-05,-1.125693241244309e-22,-1.1365528313769475e-20,318.600085770297,0.6992462272189233,50698.44933873914,252.58174866959826,0.7838839925151786,1.5707963267948968,-4.422461636904128e-05,249.74550788946712,21806.98071045913,9.763392485141967,-1.4575897802037365e-14,0.49907440498088496,249.74500923080922,6.3969717503790106e-15,0.0017592172523182416,-39.779128486656916,0.0,0.0,0.0,4.4697404474462236e-17,1.2292135740737276e-05,0.27794773292603053,0.0,0.0,0.0,0.0,0.0,0.0,0.0,0.0,0.5,0.0,0.0,1.0,0.0,0.0,0.0
28.1,-3.97025019137913e-14,-0.011206787193663165,250.4481332434906,0.0,0.0,0.0,0.707106410066282,-0.0007244605950113694,-0.7071064100662819,-0.0007244605950113696,6383588.743616109,4.936717800987427,-7.533628915083152e-15,-1.1881025598244534e-21,7.733452137802176e-07,5451.743618017373,0.0,-0.0020498577014364844,1.8538781864332028e-16,-4.338242288645484e-19,-7.299981817755337e-05,2.614269194413037e-22,-1.2131180112084292e-20,-7.299981817755337e-05,2.862934230845093e-22,-1.2130618803867784e-20,318.70243330738793,0.7011585160489157,50869.6845534153,252.74403173583136,0.7858369020158683,1.5707963267948968,-4.474693368072333e-05,250.4481334942254,21989.82881373179,9.763469510632856,1.9169130853673205e-15,0.5021759279465053,250.44763003484283,6.45060935218676e-15,0.0017949195566864487,-40.112670221291,0.0,0.0,0.0,4.507218517955118e-17,1.2541597580071109e-05,0.28027828094215546,0.0,0.0,0.0,0.0,0.0,0.0,0.0,0.0,0.5,0.0,0.0,1.0,0.0,0.0,0.0
28.200000000000003,-3.982499485950694e-14,-0.011370452131937828,251.1484784390588,0.0,0.0,0.0,0.7071064074201721,-0.0007270387456881503,-0.707106407420172,-0.0007270387456881505,6383563.663929017,4.987070637273124,-7.406308911496637e-15,-1.1680279825733457e-21,7.81236140159777e-07,5426.663930964655,0.0,-0.002057157707509564,1.5710914966786304e-16,-4.338036092525101e-19,-7.30003049402441e-05,-1.5444289565999518e-21,-8.792487084982612e-21,-7.30003049402441e-05,-1.5263381688507051e-21,-8.795645612226536e-21,318.8050076821141,0.7030836610325037,51042.27705545927,252.90677163359635,0.7877808461116621,1.5707963267948968,-4.527382445173015e-05,251.14847869645075,22173.697243735583,9.763546752731115,-9.575602153766936e-15,0.5052812356745363,251.14797041269205,6.50454626187415e-15,0.001831238966234535,-40.44807318137142,0.0,0.0,0.0,4.5449057231277375e-17,1.2795371303356393e-05,0.2826218338533839,0.0,0.0,0.0,0.0,0.0,0.0,0.0,0.0,0.5,0.0,0.0,1.0,0.0,0.0,0.0
28.3,-3.993149560933235e-14,-0.011535916561070269,251.8465206381244,0.0,0.0,0.0,0.7071064047646318,-0.0007296168963552351,-0.7071064047646317,-0.0007296168963552354,6383538.514099215,5.037734930898219,-7.518873507958278e-15,-1.1857849288561375e-21,7.891759281176666e-07,5401.51410120322,0.0,-0.002064457762444222,1.762763228335099e-16,-4.33819970049105e-19,-7.300079228977785e-05,6.326789882760204e-22,-1.2796505226688078e-20,-7.300079228977785e-05,6.5909475276526475e-22,-1.2795172210893441e-20,318.90786403089356,0.7050148060917689,51215.42433655228,253.0699668766245,0.7897156159241864,1.5707963267948968,-4.580533943128592e-05,251.84652090232782,22358.372392123256,9.763624211777127,4.214231855601945e-15,0.5083902594564936,251.8460077705053,6.558719818492348e-15,0.001868168952352049,-40.784947714101186,0.0,0.0,0.0,4.5827582800323434e-17,1.3053411293392771e-05,0.28497566904824395,0.0,0.0,0.0,0.0,0.0,0.0,0.0,0.0,0.5,0.0,0.0,1.0,0.0,0.0,0.0
28.400000000000002,-4.0033493174784784e-14,-0.011703184601290235,252.54225964695138,0.0,0.0,0.0,0.7071064020997065,-0.000732195047012636,-0.7071064020997064,-0.0007321950470126362,6383513.294692402,5.0887095556251865,-7.860426726965209e-15,-1.2396554639550262e-21,7.971644016943725e-07,5376.294694430194,0.0,-0.0020717578660644984,1.4104763928761734e-16,-4.3379329655029315e-19,-7.300128020987601e-05,-8.97873749423697e-22,-9.965181851501256e-21,-7.300128020987601e-05,-8.772256233854371e-22,-9.96702022057513e-21,319.01094518485013,0.7069588279846725,51389.933420165056,253.23361598302154,0.7916413624529519,1.5707963267948968,-4.634148523322345e-05,252.54225991812302,22544.067853983033,9.76370188603187,-8.871065875309952e-16,0.5115028953961238,252.54174191474058,6.6131926790568844e-15,0.0019057331557780649,-41.12368344781832,0.0,0.0,0.0,4.6208199688523665e-17,1.3315882734538988e-05,0.2873425089673059,0.0,0.0,0.0,0.0,0.0,0.0,0.0,0.0,0.5,0.0,0.0,1.0,0.0,0.0,0.0
28.5,-4.0139589245237246e-14,-0.011872268938001708,253.2356839790813,0.0,0.0,0.0,0.7071063994253962,-0.0007347731976603191,-0.7071063994253961,-0.0007347731976603193,6383488.00593879,5.1399948650368605,-7.980849559011013e-15,-1.2586521773448055e-21,8.052016170867442e-07,5351.005940859206,0.0,-0.0020790580184265905,1.071331622332058e-16,-4.33767133803285e-19,-7.300176868697116e-05,4.342526228865009e-22,-1.2441022260282636e-20,-7.300176868697116e-05,4.601172728159435e-22,-1.2440092536496192e-20,319.11430547583166,0.7089087388495992,51564.98603019738,253.3977152537487,0.7935579192533563,1.5707963267948968,-4.6882290610687434e-05,253.23568425738088,22730.560314719023,9.763779774793885,-1.1040551591608834e-14,0.5146190567575352,253.23516135902275,6.667899335381393e-15,0.0019439213467672802,-41.46387302437524,0.0,0.0,0.0,4.659045017212743e-17,1.3582714148745536e-05,0.2897195072869342,0.0,0.0,0.0,0.0,0.0,0.0,0.0,0.0,0.5,0.0,0.0,1.0,0.0,0.0,0.0
28.6,-4.02445233741751e-14,-0.012043191142714888,253.9267712053222,0.0,0.0,0.0,0.7071063967416558,-0.0007373513482982031,-0.7071063967416557,-0.0007373513482982033,6383462.647738459,5.191592701097701,-7.874780275228833e-15,-1.2419290576112888e-21,8.132878640082583e-07,5325.647740569276,0.0,-0.0020863582198202128,1.397714759928823e-16,-4.3379454174445e-19,-7.300225771008228e-05,-1.2827385281387624e-22,-1.1409244856532541e-20,-7.300225771008228e-05,-1.0447121758127554e-22,-1.1409488418210567e-20,319.2178874737616,0.7108718781314829,51741.44309439689,253.5622676495633,0.7954653571230602,1.5707963267948968,-4.742780710690561e-05,253.92677149091344,22918.0863480513,9.763857878383043,4.138349440433366e-15,0.5177386731739181,253.92624367413356,6.722909185195244e-15,0.0019827650401369134,-41.80594798877496,0.0,0.0,0.0,4.69748191521942e-17,1.3854125738725062e-05,0.2921096793309886,0.0,0.0,0.0,0.0,0.0,0.0,0.0,0.0,0.5,0.0,0.0,1.0,0.0,0.0,0.0
28.700000000000003,-4.034620475991427e-14,-0.012215955216944012,254.61552103912345,0.0,0.0,0.0,0.7071063940485303,-0.0007399294989263006,-0.7071063940485302,-0.0007399294989263008,6383437.220657244,5.2435019062374675,-8.06013651959497e-15,-1.2711666305789451e-21,8.214229615876309e-07,5300.220659397853,0.0,-0.0020936584700644925,1.186161283263615e-16,-4.337783027683181e-19,-7.300274726287653e-05,-9.367562430225924e-24,-1.1602892528588618e-20,-7.300274726287653e-05,1.492501819651286e-23,-1.1602886661639682e-20,319.3217469050492,0.7128408485047683,51918.43799125497,253.7272671787853,0.7973635468609793,1.5707963267948968,-4.7978041330602346e-05,254.6155213321724,23106.404033886647,9.763936195059715,1.2175023635493863e-16,0.5208616404042369,254.61498857372095,6.778151262489233e-15,0.0020222494825782892,-42.14946704377425,0.0,0.0,0.0,4.7360810769661106e-17,1.4130014419044189e-05,0.2945099416340195,0.0,0.0,0.0,0.0,0.0,0.0,0.0,0.0,0.5,0.0,0.0,1.0,0.0,0.0,0.0
28.8,-4.046791500436253e-14,-0.012390573922487554,255.30192221068862,0.0,0.0,0.0,0.7071063913460197,-0.0007425076495445772,-0.7071063913460196,-0.0007425076495445774,6383411.724928703,5.2957228080470555,-8.042364932260777e-15,-1.268368966968434e-21,8.296069619581039e-07,5274.724930900149,0.0,-0.0021009587692115625,1.5489109353349748e-16,-4.338093687761396e-19,-7.300323733168652e-05,7.4820711175513685e-22,-1.3007272097658464e-20,-7.300323733168652e-05,7.755331827251326e-22,-1.300567143930284e-20,319.4258250787301,0.7148229852252751,52096.83293639952,253.8927146385122,0.7992526041012475,1.5707963267948968,-4.853302241310084e-05,255.3019225113646,23295.74928124319,9.764014724112133,5.020065038773802e-15,0.5239878710903787,255.301384788077,6.833694769802739e-15,0.0020624040200881,-42.49486052060064,0.0,0.0,0.0,4.774890856174139e-17,1.441058523826887e-05,0.29692330103890274,0.0,0.0,0.0,0.0,0.0,0.0,0.0,0.0,0.5,0.0,0.0,1.0,0.0,0.0,0.0
28.900000000000002,-4.058411305952117e-14,-0.012567069083435774,255.9859520225613,0.0,0.0,0.0,0.707106388634079,-0.0007450858001529515,-0.7071063886340789,-0.0007450858001529517,6383386.160459761,5.348257226804128,-7.986673274913285e-15,-1.2595908634247495e-21,8.378401514556366e-07,5249.160462001028,0.0,-0.0021082591175477596,1.2880238165348577e-16,-4.337887815588528e-19,-7.300372790513304e-05,-1.1787132900155782e-21,-9.508558440194379e-21,-7.300372790513304e-05,-1.15866469127164e-21,-9.511022622584704e-21,319.5301794951771,0.7168110237848547,52275.774420674235,254.05860834514695,0.8011323127875494,1.5707963267948968,-4.909280273197043e-05,255.98595233103777,23485.887552427524,9.764093465839139,-2.5056303246886788e-15,0.5271172923175785,255.98540961972608,6.889470906877182e-15,0.0021032197839960776,-42.841700589582054,0.0,0.0,0.0,4.813863180206862e-17,1.4695776228555946e-05,0.29934676818181993,0.0,0.0,0.0,0.0,0.0,0.0,0.0,0.0,0.5,0.0,0.0,1.0,0.0,0.0,0.0
29.0,-4.0689965568175913e-14,-0.012745444581369345,256.6676103993282,0.0,0.0,0.0,0.7071063859127533,-0.0007476639507514366,-0.7071063859127532,-0.0007476639507514369,6383360.527816228,5.40110397388346,-8.133655611152151e-15,-1.282776864181444e-21,8.461223443401613e-07,5223.527818513103,0.0,-0.0021155595148873436,1.4204727136557913e-16,-5.783613585681332e-19,-7.300421896692798e-05,-1.6993853688772335e-21,-8.54172389843074e-21,-7.300421896692798e-05,-1.6813108720909139e-21,-8.545299830842046e-21,319.634749814142,0.7188123463396238,52456.13198094375,254.22494695589344,0.80300283445343,1.5707963267948968,-4.9657388856128316e-05,256.6676107157811,23677.055833466642,9.764172418501033,-1.0659059994046291e-14,0.5302498001439726,256.6670629934578,6.9455491923090814e-15,0.002144724094308397,-43.19041954732558,0.0,0.0,0.0,4.853046623623435e-17,1.4985778282317306e-05,0.30178336363829533,0.0,0.0,0.0,0.0,0.0,0.0,0.0,0.0,0.5,0.0,0.0,1.0,0.0,0.0,0.0
29.1,-4.0783330930491816e-14,-0.012925713252294307,257.3468861872121,0.0,0.0,0.0,0.7071063831820424,-0.0007502421013399986,-0.7071063831820423,-0.0007502421013399988,6383334.827235106,5.454263350368505,-8.0856470179951e-15,-1.2752104908287532e-21,8.544535886001222e-07,5197.827237436548,0.0,-0.002122859961278304,1.948293252336509e-16,-6.506877771972589e-19,-7.300471050327685e-05,1.4016186820447661e-21,-1.4144429723614583e-20,-7.300471050327685e-05,1.431642144807236e-21,-1.4141422414500613e-20,319.7395914641649,0.7208197220486336,52637.055744695346,254.39172667008629,0.8048639998986898,1.5707963267948968,-5.022681032954823e-05,257.34688651182074,23869.015237236024,9.764251581375396,9.07664302082092e-15,0.5333853063908287,257.3463337555887,7.0018595498826915e-15,0.0021869045373844507,-43.540581629707376,0.0,0.0,0.0,4.8923922222407826e-17,1.5280504662025127e-05,0.3042300426043095,0.0,0.0,0.0,0.0,0.0,0.0,0.0,0.0,0.5,0.0,0.0,1.0,0.0,0.0,0.0
29.200000000000003,-4.0898619760149635e-14,-0.013107897154063365,258.0237563204416,0.0,0.0,0.0,0.7071063804419014,-0.0007528202519185552,-0.7071063804419013,-0.0007528202519185554,6383309.058630101,5.507737154374346,-8.187097261702215e-15,-1.29121574761286e-21,8.628341671191273e-07,5172.058632477497,0.0,-0.002130160457003523,1.6735985446539163e-16,-4.338252680127924e-19,-7.300520250236368e-05,2.617299255100692e-22,-1.2097359775751744e-20,-7.300520250236368e-05,2.874990030448258e-22,-1.2096774597668233e-20,319.84465076139276,0.7228401051768322,52819.36453240291,254.558950220384,0.8067158710248279,1.5707963267948968,-5.080112034091074e-05,258.0237566533897,24061.99668460466,9.76433095474024,1.857542069652164e-15,0.5365237353831743,258.02319884033574,7.058469718700254e-15,0.0022297943179782572,-43.89260806767184,0.0,0.0,0.0,4.931947307236371e-17,1.5580187378446177e-05,0.30668974833655216,0.0,0.0,0.0,0.0,0.0,0.0,0.0,0.0,0.5,0.0,0.0,1.0,0.0,0.0,0.0
29.3,-4.100259781849599e-14,-0.013292000067038562,258.6982212839554,0.0,0.0,0.0,0.7071063776923755,-0.0007553984024871199,-0.7071063776923754,-0.0007553984024871201,6383283.22256705,5.561524166090133,-8.305492215720526e-15,-1.309893565475439e-21,8.712638892673022e-07,5146.222569472778,0.0,-0.0021374610018723714,1.613350316022671e-16,-4.338214186028133e-19,-7.300569494806591e-05,-1.7539163844582864e-21,-8.484635963807174e-21,-7.300569494806591e-05,-1.7357781117508014e-21,-8.488366236381928e-21,319.9499755221959,0.724867013011028,53002.29628476797,254.72661192024393,0.8085583397318744,1.5707963267948968,-5.1380325447693784e-05,258.6982216254292,24255.780677770672,9.764410536855644,-1.093882430517019e-14,0.5396649842216318,258.6976587328436,7.115315310621892e-15,0.0022733796013876596,-44.24609846800335,0.0,0.0,0.0,4.9716668888424824e-17,1.5884729764703974e-05,0.309159683177287,0.0,0.0,0.0,0.0,0.0,0.0,0.0,0.0,0.5,0.0,0.0,1.0,0.0,0.0,0.0
29.400000000000002,-4.1106732041762816e-14,-0.013478034856524922,259.37026943547625,0.0,0.0,0.0,0.7071063749334644,-0.0007579765530456587,-0.7071063749334643,-0.0007579765530456589,6383257.319286285,5.615624660001103,-8.716843237747144e-15,-1.374775055139999e-21,8.797427988736541e-07,5120.319288755767,0.0,-0.0021447615959286777,1.7696117170019082e-16,-4.338365505203016e-19,-7.30061878262624e-05,-1.2232240737858922e-22,-1.1396542593630284e-20,-7.30061878262624e-05,-9.787927789537192e-23,-1.1396778733779772e-20,320.05551830735635,0.7269064288246192,53186.55706900165,254.8947120816724,0.8103914944424944,1.5707963267948968,-5.196445557822988e-05,259.37026978566564,24450.565140612318,9.764490326988875,-6.182585658572411e-16,0.5428089626667253,259.3697017909359,7.172454385311343e-15,0.002317688192300921,-44.60141387072428,0.0,0.0,0.0,5.011591534946157e-17,1.6194326099817723e-05,0.3116423698126442,0.0,0.0,0.0,0.0,0.0,0.0,0.0,0.0,0.5,0.0,0.0,1.0,0.0,0.0,0.0
29.5,-4.1205669041169596e-14,-0.013666023863113884,260.03987825846,0.0,0.0,0.0,0.7071063721651231,-0.0007605547035940888,-0.707106372165123,-0.000760554703594089,6383231.348708435,5.670040411171527,-8.731732097896633e-15,-1.3771288881545925e-21,8.882711752299452e-07,5094.348710952948,0.0,-0.002152062239451734,1.4996566462504573e-16,-4.338140728970783e-19,-7.300668112500483e-05,2.156063726847447e-22,-1.2016583130217811e-20,-7.300668112500483e-05,2.4146596682806923e-22,-1.2016091483345441e-20,320.1613210120334,0.7289529970972137,53371.515469967664,255.06324954614692,0.8122151582184814,1.5707963267948968,-5.255356477092041e-05,260.03987861755934,24646.17165180413,9.764570325396683,1.595130664261437e-15,0.5459555941791294,260.039305498062,7.22983460394652e-15,0.0023627158700896514,-44.95822881047229,0.0,0.0,0.0,5.0516846749700705e-17,1.650894689309376e-05,0.31413553412644674,0.0,0.0,0.0,0.0,0.0,0.0,0.0,0.0,0.5,0.0,0.0,1.0,0.0,0.0,0.0
29.6,-4.130678904529461e-14,-0.013855970689427547,260.70704759575784,0.0,0.0,0.0,0.7071063693873968,-0.0007631328541324244,-0.7071063693873967,-0.0007631328541324246,6383205.311399206,5.724770168894504,-8.776810378463094e-15,-1.384244114730659e-21,8.968488228613209e-07,5068.311401772933,0.0,-0.0021593629322460657,1.6354013693271071e-16,-4.338275477745902e-19,-7.300717482794189e-05,-1.0982909516109484e-21,-9.674730259620744e-21,-7.300717482794189e-05,-1.0773983597650689e-21,-9.677079994012984e-21,320.2673440931723,0.7310115073381991,53557.73821845189,255.23222214553695,0.8140294418321327,1.5707963267948968,-5.3147659539360895e-05,260.7070479639642,24842.75698582292,9.764650530339392,2.888788525441842e-15,0.5491047744270551,260.7064696972855,7.28750195549182e-15,0.002408484101691527,-45.316829266456764,0.0,0.0,0.0,5.091978442670992e-17,1.682874213994141e-05,0.31664117433423955,0.0,0.0,0.0,0.0,0.0,0.0,0.0,0.0,0.5,0.0,0.0,1.0,0.0,0.0,0.0
29.700000000000003,-4.1405904180421056e-14,-0.014047888309379272,261.3717668364913,0.0,0.0,0.0,0.7071063666002855,-0.0007657110046606317,-0.7071063666002854,-0.0007657110046606319,6383179.207602347,5.779814180576376,-8.71087280782552e-15,-1.3738503550371812e-21,9.05475781361591e-07,5042.207604964263,0.0,-0.0021666636743512663,1.0687014914054722e-16,-4.337776385702294e-19,-7.300766892112894e-05,4.78759794641082e-22,-1.2461236437044259e-20,-7.300766892112894e-05,5.057579580902472e-22,-1.246016987720122e-20,320.3736182541354,0.7330778379935343,53744.739600406676,255.40162702018503,0.8158342395305261,1.5707963267948968,-5.37467702264895e-05,261.3717672140056,25040.179814368825,9.764730941073688,-1.130327449697788e-14,0.5522564142899926,261.3711837778319,7.345414981975392e-15,0.0024549889386902514,-45.67695743513356,0.0,0.0,0.0,5.132443870221505e-17,1.7153684251687916e-05,0.31915748909161523,0.0,0.0,0.0,0.0,0.0,0.0,0.0,0.0,0.5,0.0,0.0,1.0,0.0,0.0,0.0
29.8,-4.1518257103962e-14,-0.014241799238827117,262.0340121963071,0.0,0.0,0.0,0.707106363803744,-0.0007682891551786269,-0.7071063638037439,-0.0007682891551786271,6383153.03724536,5.835174197728427,-8.700130100327316e-15,-1.3721617142430524e-21,9.141523263516619e-07,5016.03724802689,0.0,-0.0021739644660429555,1.7474057141614974e-16,-5.784008774325214e-19,-7.300816339188413e-05,7.157401824503288e-22,-1.2909869473541881e-20,-7.300816339188413e-05,7.43803835093994e-22,-1.2908283105248277e-20,320.4801170889535,0.7351554777223218,53932.931885461265,255.57146572042294,0.8176295439247693,1.5707963267948968,-5.4350951702695024e-05,262.03401258333497,25238.55958721604,9.764811557835221,-3.3360122411168534e-17,0.5554104325587716,262.03342395535134,7.403608723407577e-15,0.0025022549985045353,-46.03883121039496,0.0,0.0,0.0,5.173105441042457e-17,1.74839452370218e-05,0.32168600088324556,0.0,0.0,0.0,0.0,0.0,0.0,0.0,0.0,0.5,0.0,0.0,1.0,0.0,0.0,0.0
29.900000000000002,-4.162751948152277e-14,-0.014437707013633014,262.69378500619956,0.0,0.0,0.0,0.7071063609978175,-0.0007708673056864252,-0.7071063609978174,-0.0007708673056864254,6383126.8008938385,5.89084893868758,-8.801708758483987e-15,-1.3881881782067303e-21,9.228782575017124e-07,4989.800896556427,0.0,-0.002181265307120806,1.3577901635452095e-16,-4.338061572867992e-19,-7.300865822433538e-05,-7.196475470589272e-22,-1.0350788416304676e-20,-7.300865822433538e-05,-6.970691547210177e-22,-1.0352334165120934e-20,320.5868588075199,0.7372417222143932,54121.99711674419,255.74173374817403,0.8194153240440046,1.5707963267948968,-5.496021045798342e-05,262.6937854029495,25437.799228878142,9.764892378884493,-4.385766015388407e-15,0.5585667279645955,262.6931915610517,7.46205470316686e-15,0.0025502794343106026,-46.40227351233029,0.0,0.0,0.0,5.213943257733645e-17,1.7819505204400812e-05,0.3242254724029956,0.0,0.0,0.0,0.0,0.0,0.0,0.0,0.0,0.5,0.0,0.0,1.0,0.0,0.0,0.0
