t_s,u_b_mps,v_b_mps,w_b_mps,p_b_rps,q_b_rps,r_b_rps,q0,q1,q2,q3,x_e_m,y_e_m,z_e_m,lat_rad,long_rad,h_m,m_fuel_kg,phi_rad,theta_rad,psi_rad,phi_dot_rps,theta_dot_rps,psi_dot_rps,p_nb_rps,q_nb_rps,r_nb_rps,cs_mps,rho_kgpm3,p_kgpms2,T_K,mach,alpha_rad,beta_rad,true_airspeed_mps,qbar_kgpms2,g_mag_mps2,u_n_mps,v_n_mps,w_n_mps,Fx_b_kgmps2,Fy_b_kgmps2,Fz_b_kgmps2,l_b_kgm2ps2,m_b_kgm2ps2,n_b_kgm2ps2,n_x,n_y,n_z,dela_ach_rad,dele_ach_rad,delr_ach_rad,delt_ach_pct,dela_cmd_rad,dele_cmd_rad,delr_cmd_rad,delt_cmd_pct,dela_trim_rad,dele_trim_rad,delr_trim_rad,delt_trim_pct,W_N_mps,W_E_mps,W_D_mps
0.0,172.23600009101898,0.0,7.983299608965582,5.156303003653935e-05,-5.156303003653935e-05,0.0,-0.44777285365539843,0.7713215476558785,0.4307380975246362,0.13793923659314103,1278530.7018020763,-5006544.6944225505,3731706.771664488,0.6286530579756997,-1.3207682074160676,3051.962400050834,0.0,8.002187938196869e-15,0.046317783923093804,0.7853981633974483,9.87255027740141e-06,1.719058028799827e-05,5.4826513013426383e-05,7.334015590397186e-06,1.7190580287998706e-05,5.47677128503124e-05,328.37710917003477,0.904404425858557,69659.5238759778,268.3217642784943,0.525069844120126,0.04631778392308584,0.0,172.42091752452777,13443.507288274332,9.788840834513477,121.92000000000006,121.91999999999996,-1.3740120152760937e-12,-7799.290455838824,0.23212031134147706,-97385.34887146876,-49.29970218492544,3865.95194068814,0.21566080137005847,-0.08552927754428266,2.5454985482080332e-06,1.067955935163184,8.81891461055616e-05,-0.01789263431131029,-2.8281690107168665e-05,0.0,8.81891461055616e-05,-0.01789263431131029,-2.8281690107168665e-05,0.0,0.5,0.0,0.0,1.0,0.0,0.0,0.0
0.1,172.13993328836483,0.0007051638997530299,7.911610068333489,4.063274256224349e-05,-0.00010437693838744393,6.853466345486204e-06,-0.4477796987690633,0.7713205269857198,0.43072892855171613,0.1379513542148356,1278540.7380616213,-5006534.737354225,3731716.631502946,0.6286549741235997,-1.3207658487202159,3051.9660295884437,0.0,-1.2895312074544102e-06,0.04635357072010874,0.7854038570253657,-6.90732225222701e-07,-3.511206362241029e-05,6.167808697820055e-05,-3.548707861397794e-06,-3.511214307532516e-05,6.161179104262507e-05,328.37709474380995,0.9044040883752792,69659.49179231066,268.32174070930796,0.5247675624685433,0.045928020369662946,4.0921400925068945e-06,172.32164757922186,13428.02675515424,9.788840917910843,121.84859486730491,121.85099408155651,-0.07333148548256278,897.5269404342805,-3.4480194130187667,-97725.50509136212,0.37176455225392524,-466.812072770334,10.971926131713298,0.009842540321652667,-3.781197931067938e-05,1.0716861867680456,-1.1480167250211465e-05,-0.01184646772085949,-2.4151204000776253e-05,7.224604745820146,-1.1507665080132726e-05,-0.011839840761634033,-2.4142045780563727e-05,7.230638190113136,0.5,0.0,0.0,1.0,0.0,0.0,0.0
0.2,172.1267291205557,0.001175898867200115,7.839615275011881,3.952836025572934e-05,-7.097263926226876e-05,2.319303546886076e-05,-0.4477775372643531,0.7713225716569805,0.43072926659373884,0.13794588240966085,1278550.772898546,-5006524.788916833,3731726.4925694703,0.6286568896843648,-1.3207634906978898,3051.9769069033987,0.0,-1.3850109129060564e-06,0.046345103892716906,0.7854107938119476,-1.0881293572476577e-06,-2.4317286997153227e-06,7.803367272635222e-05,-4.7033135055803435e-06,-2.431836667729599e-06,7.794988140203423e-05,328.37705151004104,0.9044030769759502,69659.3956411779,268.3216700751139,0.5247174425797424,0.04551414651459387,6.824513281525827e-06,172.30516667022795,13425.443338901236,9.788840978942455,121.8357316396848,121.84048769870859,-0.14317822809666994,4021.811087648659,-5.228902489470465,-96996.75850836709,-0.26008021880616755,174.67618277906467,15.97694083406814,0.044104344964952295,-5.7341658809373116e-05,1.0636945407190426,-1.4172211448938497e-05,-0.012777239912732132,-3.551102059045064e-05,9.93147415431317,-1.4173074242112449e-05,-0.012777915089608068,-3.551101569336777e-05,9.932215244505931,0.5,0.0,0.0,1.0,0.0,0.0,0.0
0.30000000000000004,172.1273035503911,0.0013251519022359837,7.776172196724133,3.94614759038233e-05,4.6509408589911184e-05,4.187698487464573e-05,-0.4477789032010832,0.7713239209958723,0.430725344299857,0.1379461508182763,1278560.8087644593,-5006514.846140842,3731736.357061941,0.6286588051474001,-1.3207611327472002,3051.994487964548,0.0,-1.4527964443258304e-06,0.04635253801570846,0.7854195381802004,-2.857365216634554e-07,0.00011528325521251475,9.673765209969082e-05,-4.7681666890224406e-06,0.00011528311482322835,9.663391497090306e-05,328.3769816310738,0.9044014422459157,69659.24023159828,268.3215559086961,0.5247105467418628,0.045146169420376143,7.69082915639461e-06,172.30286556908337,13425.060486854698,9.788841019309118,121.8328867146606,121.83998519380062,-0.20786071741425086,4391.9055634066735,-5.2520114025710125,-96537.52323300377,-0.2453176323567279,19.50335690681939,15.106072995046755,0.04816290815271199,-5.759507784197804e-05,1.0586584337107097,-1.4037043059666125e-05,-0.01260128914542972,-3.2657089447509914e-05,10.263853677940459,-1.4037168762033258e-05,-0.012601271731534481,-3.2657872151222616e-05,10.263936793948876,0.5,0.0,0.0,1.0,0.0,0.0,0.0
0.4,172.1294349514663,0.001183884911738209,7.718406495769374,3.9425812124235045e-05,4.637093758005475e-05,5.682677431036645e-05,-0.4477813223802678,0.7713253441085948,0.4307197813080171,0.13794771057597396,1278570.8459147096,-5006504.908324259,3731746.225051436,0.628660720578768,-1.3207587747866276,3052.018315764765,0.0,-1.4466913214952653e-06,0.04636432052229799,0.785430013089445,3.73190768479023e-07,0.00011511220284817411,0.00011170375988547964,-4.804023250420753e-06,0.00011511204142227241,0.00011158388589890799,328.37688692336206,0.9043992266788154,69659.02960333282,268.32140117772894,0.5247092726945637,0.04481069506425288,6.870971778077896e-06,172.3023975072625,13424.954660424506,9.788841040422545,121.83132106844823,121.84077200697854,-0.26769328495884565,4426.59261724678,-3.917665381560123,-96083.88578083114,-0.1548375026585442,-7.3455006976627235,9.984877952312324,0.048543296429297195,-4.2962252994980434e-05,1.0536837140524222,-1.095784081603156e-05,-0.012591023019196899,-2.0000990594577914e-05,10.313942232211014,-1.0958074506707548e-05,-0.01259100660181593,-2.0001919968192087e-05,10.31395123085162,0.5,0.0,0.0,1.0,0.0,0.0,0.0
0.5,172.13164103879558,0.0008631327976207276,7.665237541331869,3.9461789293835654e-05,3.702712598831715e-05,6.453765104685451e-05,-0.4477836593097431,0.7713270659536414,0.43071394366038984,0.13794872423856122,1278580.8842946382,-5006494.975019808,3731756.096283277,0.6286626359874076,-1.3207564168050399,3052.0478788595647,0.0,-1.387000062110461e-06,0.046375353289654336,0.7854416366636016,7.682402390952527e-07,0.00010576324232834807,0.00011942326238163623,-4.768070910422006e-06,0.00010576307686719633,0.00011929501186896754,328.37676941973046,0.9043964778300075,69658.76827734709,268.32120920338764,0.5247089438006689,0.04450185166520718,5.009411704313864e-06,172.30222785090263,13424.88741886939,9.78884104385939,121.82994529464173,121.84177418975264,-0.32280831597174203,4420.4655072822425,-1.9431575848506852,-95659.74638971883,-0.04068489348259663,-6.5649660674539145,3.1368851075793347,0.04847610476722633,-2.130922874689856e-05,1.0490324786733436,-6.5359215757444865e-06,-0.012616497790811209,-3.6135182929680986e-06,10.328687890501968,-6.53612498587646e-06,-0.01261649892549496,-3.6143011999985062e-06,10.328687870742268,0.5,0.0,0.0,1.0,0.0,0.0,0.0
0.6000000000000001,172.13374755110328,0.0004989500895288491,7.616288331487627,3.954132755799875e-05,2.8725470485652126e-05,6.444950037087626e-05,-0.44778583582276554,0.7713289274082693,0.43070815807384644,0.1379493151431779,1278590.9238243864,-5006485.04586333,3731765.9704987896,0.6286645513748687,-1.3207540587999798,3052.082723771222,0.0,-1.303780122485288e-06,0.046385510554622325,0.7854536349663397,8.449538247652185e-07,9.746225412620452e-05,0.000119335270513803,-4.688488820064517e-06,9.746209870651972e-05,0.00011920703878622434,328.37663092260453,0.9043932378649593,69658.46026220362,268.3209829304279,0.5247089633697296,0.04421749968243936,2.8957854322790156e-06,172.3021616062441,13424.8290018996,9.788841031017299,121.82862209366988,121.84285859808811,-0.37355266768346423,4410.395299350003,-0.05710916219784231,-95269.34885989648,0.058707571024107216,-6.057611792734144,-3.026784219435371,0.048365671951056455,-6.262756095054773e-07,1.0447512663156502,-2.38285981129721e-06,-0.012639699624042352,1.0830562717667296e-05,10.338495660549675,-2.3829779454306284e-06,-0.012639700768425728,1.0830120878957417e-05,10.338494655178138,0.5,0.0,0.0,1.0,0.0,0.0,0.0
0.7000000000000001,172.13574341992825,0.0002088274696915018,7.571242039794209,3.963112757545175e-05,2.1004024037520263e-05,5.839772211448802e-05,-0.44778781991178823,0.7713307709614591,0.4307026805775335,0.13794966853880197,1278600.964431169,-5006475.1205398515,3731775.847467524,0.6286664667417099,-1.3207517007699856,3052.1224538075426,0.0,-1.2270375626678473e-06,0.046394864685861556,0.7854653018559686,6.549627135744423e-07,8.974124088952216e-05,0.00011327707791344952,-4.598626572983095e-06,8.974110204211587e-05,0.00011315529638916832,328.376473008706,0.9043895436690805,69658.10906450341,268.3207249348559,0.5247092420380827,0.0439558054397581,1.2119839788685062e-06,172.30217025553682,13424.775512995813,9.788841003118879,121.82733620935426,121.84400439254684,-0.42025478505371233,4400.78373999929,1.2046124401279814,-94910.06357647947,0.11741962068047286,-5.621036636382163,-6.846759923179289,0.04826026880804041,1.3210128832664528e-05,1.0408112398610714,3.3912231868357234e-07,-0.012661001460584196,1.952175557540965e-05,10.347232363059357,3.391078331027076e-07,-0.012661002316066013,1.9521703052875006e-05,10.347231399637124,0.5,0.0,0.0,1.0,0.0,0.0,0.0
0.8,172.13763751355017,6.0197255299782704e-05,7.529770136556908,3.9702529394211445e-05,1.3871739541121006e-05,4.9582546882211954e-05,-0.44778959432341153,0.7713324977901633,0.43069766692214456,0.13794990676428154,1278611.0060373414,-5006465.198724458,3731785.7269519633,0.6286683820886195,-1.320749342714094,3052.16665890192,0.0,-1.1777336187748803e-06,0.04640347732809314,0.7854761971368753,3.180369960349247e-07,8.260934475185129e-05,0.00010445235787995275,-4.527176094870365e-06,8.260922186621622e-05,0.00010434001763352414,328.3762973079155,0.9043854333713663,69657.71830907199,268.3204378795279,0.5247097509381662,0.04371486211709132,3.4937011633949113e-07,172.30224517443315,13424.726174090882,9.78884096142793,121.82608910790297,121.84520136304435,-0.46325387926186173,4392.04587965819,1.6208473813170707,-94579.25816553982,0.12792915937752783,-5.176938641579431,-7.762006653797848,0.04816444690135687,1.777468172502901e-05,1.0371835319348681,1.1740181619923362e-06,-0.012680670071743567,2.1284007349115648e-05,10.355376580694628,1.1740907770395662e-06,-0.012680670807641787,2.1284266488300612e-05,10.355375758077692,0.5,0.0,0.0,1.0,0.0,0.0,0.0
0.9,172.1394393113913,6.320215419779376e-05,7.491589485419831,3.973903080357576e-05,7.305252574671078e-06,4.1228207102907265e-05,-0.4477911628489942,0.7713340806874461,0.43069314661825425,0.1379500775662386,1278621.0485759212,-5006455.280135987,3731795.608747025,0.6286702974162337,-1.3207469846314046,3052.214984714985,0.0,-1.1638037503452926e-06,0.04641140648287419,0.7854862100131148,-3.263021594543989e-08,7.604322826620755e-05,9.608886914397949e-05,-4.490648935401738e-06,7.604311655798859e-05,9.598548761016168e-05,328.37610522861615,0.9043809399191574,69657.29112812829,268.32012406542316,0.5247104713221058,0.043493025854687416,3.6680952318246805e-07,172.3023809454246,13424.680629919914,9.788840907036535,121.82488459513206,121.84644074222271,-0.5028432170375092,4384.14525742439,1.2687074645694216,-94274.68707592458,0.0984873240055323,-4.765036320448104,-6.1880903267224125,0.04807780639019328,1.3913013430398096e-05,1.033843517172863,3.225691893202054e-07,-0.012698782402487525,1.723139873185057e-05,10.3630016232569,3.226906843426659e-07,-0.012698783024118325,1.7231818982030723e-05,10.363000931340581,0.5,0.0,0.0,1.0,0.0,0.0,0.0
1.0,172.14115718348654,0.00018159821936947055,7.456452881747208,3.973796306708938e-05,1.262628112986383e-06,3.568627019483455e-05,-0.4477925468716945,0.7713355536147548,0.4306890422327415,0.1379501634526662,1278631.0919886203,-5006445.364528405,3731805.492673771,0.6286722127251556,-1.320744626521038,3052.267121768246,0.0,-1.181085815441623e-06,0.0464187035643557,0.7854955109401097,-2.9042698503659977e-07,7.000095577033865e-05,9.054079313443343e-05,-4.491704015709101e-06,7.000084894937199e-05,9.044334938401983e-05,328.3758980008836,0.90437609208852,69656.83025733892,268.31978550220697,0.5247113875535917,0.04328886135886521,1.0539495463326346e-06,172.30257307919962,13424.638607937499,9.788840840898493,121.8237254486072,121.84771553791478,-0.5392789852076602,4377.00317000888,0.4309117831709839,-93994.38012955226,0.047068164888012395,-4.386204666437009,-3.1686740292087583,0.04799948419149258,4.725503391445238e-06,1.030769590031719,-1.5705903104784381e-06,-0.01271545089921765,9.91250546072921e-06,10.370132952266083,-1.5704639325128203e-06,-0.01271545142200312,9.912923893567292e-06,10.370132370068202,0.5,0.0,0.0,1.0,0.0,0.0,0.0
1.1,172.142799415625,0.00035291970429080324,7.424104795523747,3.9708560136079304e-05,-4.300278307793731e-06,3.3905776472330106e-05,-0.4477937802534362,0.7713369877277445,0.4306852090053935,0.1379501086385778,1278641.1362134065,-5006435.451647627,3731815.3785482896,0.6286741280161886,-1.3207422683824939,3052.3227501564347,0.0,-1.2169964954417576e-06,0.04642542169737788,0.7855044442000111,-4.019263735780818e-07,6.443839673119101e-05,8.87582691112089e-05,-4.521086389625555e-06,6.443828882902654e-05,8.866271348391306e-05,328.3756768962368,0.9043709196250282,69656.33852453908,268.31942426725334,0.5247124834878882,0.04310088503373674,2.048252661686302e-06,172.30281694123994,13424.599827368083,9.788840763999767,121.82261150423115,121.84902100240362,-0.5728259775321168,4370.537066093729,-0.5301787948562973,-93736.29999444206,-0.00596815395406932,-4.037475315496761,0.06327261172353568,0.047928575023598326,-5.8140941858897034e-06,1.0279394085389935,-3.699292260739789e-06,-0.012730797134198939,2.2588969575256385e-06,10.37679600294389,-3.6991961500492997e-06,-0.012730797572973606,2.2591903003529843e-06,10.376795515264243,0.5,0.0,0.0,1.0,0.0,0.0,0.0
1.2000000000000002,172.1443730477767,0.0005145373710500478,7.394324420248714,3.966600158099807e-05,-9.421537199403747e-06,3.551765080516373e-05,-0.4477948973386774,0.7713384592106876,0.43068149524685434,0.13794984926376616,1278651.1811971753,-5006425.541273789,3731825.2662115917,0.6286760432900232,-1.320739910215203,3052.381593454629,0.0,-1.2566190141166143e-06,0.04643160678301047,0.7855133764858329,-3.6899033460304327e-07,5.9317495099446813e-05,9.037187326693627e-05,-4.563594052295118e-06,5.931738165877862e-05,9.027454921209191e-05,328.37544301337437,0.9043654482313468,69655.81837321499,268.3190421555872,0.5247137451557817,0.04292781489727819,2.98623382635542e-06,172.30310852073663,13424.564044617893,9.788840677192296,121.82154023675292,121.85035523489876,-0.6037129989154933,4364.676840777178,-1.3043928867801216,-93498.6862796719,-0.04472661770922895,-3.7164776644191333,2.5122780483904443,0.047864310095857864,-1.4304350103628274e-05,1.0253336677380864,-5.384984367077108e-06,-0.012744925883642965,-3.4117369522829294e-06,10.383013792501073,-5.38493680681997e-06,-0.012744926251362698,-3.411626264555789e-06,10.383013385927182,0.5,0.0,0.0,1.0,0.0,0.0,0.0
1.3,172.14588413161658,0.0006210020009188612,7.366918903393482,3.9625821789781164e-05,-1.4134414669996983e-05,3.925201669982272e-05,-0.4477959260150639,0.7713400261791121,0.430677783126186,0.13794933772876122,1278661.2268943733,-5006415.633214585,3731835.1555245235,0.6286779585472178,-1.3207375520184708,3052.443410236699,0.0,-1.2873824468084875e-06,0.04643729890730209,0.785522590259624,-2.3501481703070623e-07,5.4604994875066634e-05,9.411037435318214e-05,-4.6036759670854955e-06,5.46048738492695e-05,9.400899200483532e-05,328.37519731188615,0.9043597003558673,69655.27193747752,268.3186407349614,0.5247151603344641,0.042768531274214115,3.604118321359625e-06,172.30344430736642,13424.531045777836,9.788840581220164,121.82050742808507,121.85171844063376,-0.6321398824127483,4359.362724519356,-1.706960004889365,-93280.00148206373,-0.06110258756680386,-3.4211224273670133,3.638591942272066,0.047806033958189775,-1.8719017690368943e-05,1.022935506923939,-6.2336107724052735e-06,-0.012757928675418063,-5.88912766572011e-06,10.38880766649223,-6.233611720561197e-06,-0.012757928983126731,-5.889189831862613e-06,10.388807326458187,0.5,0.0,0.0,1.0,0.0,0.0,0.0
1.4000000000000001,172.14733867634473,0.0006542211817911067,7.34168889647923,3.959919283150976e-05,-1.8473271682965256e-05,4.349940915919725e-05,-0.4477968845310774,0.7713417136553115,0.43067401314653314,0.13794856062957297,1278671.2732568162,-5006405.727271745,3731845.046343701,0.6286798737884136,-1.3207351937918705,3052.50795094079,0.0,-1.3023574744966604e-06,0.04644253949264999,0.7855322160391931,-6.358916250733403e-08,5.02665379230966e-05,9.836255335926017e-05,-4.63015397205309e-06,5.02664099578898e-05,9.825655832506031e-05,328.3749407836989,0.904353699203461,69654.70142335405,268.3182216259595,0.52471671632882,0.04262187680362225,3.7969046729493978e-06,172.30382065269183,13424.500606658847,9.788840476852528,121.8195077447106,121.85311143372489,-0.6583131781392298,4354.536842410144,-1.7087424689150363,-93078.6563935499,-0.055650533978959596,-3.149240331050131,3.42856168806197,0.04775311193757113,-1.8738564707014568e-05,1.0207274983807022,-6.1965538068475094e-06,-0.012769900114109252,-5.2111449569951095e-06,10.394202995897654,-6.196589144726058e-06,-0.012769900369895844,-5.211321698243071e-06,10.39420271565196,0.5,0.0,0.0,1.0,0.0,0.0,0.0
1.5,172.14874179916416,0.0006216851915958976,7.318462139237835,3.9590676737296e-05,-2.2467787089604725e-05,4.689254122981088e-05,-0.4477977797982373,0.7713435143455477,0.43067018538887647,0.13794753604889057,1278681.3202438243,-5006395.823273784,3731854.9385447903,0.628681789014091,-1.3207328355348205,3052.574999921955,0.0,-1.3008651487965164e-06,0.04644736432839251,0.7855422331072867,8.629659983825977e-08,4.627244233709085e-05,0.00010175961171157207,-4.638469896371588e-06,4.6272310104284286e-05,0.00010164992569942468,328.3746742859307,0.9043474648253218,69654.10873706009,268.31778622891875,0.5247184021507013,0.042486851397884697,3.608066823018298e-06,172.30423439807055,13424.472532586293,9.788840364754007,121.81853640665489,121.85453497500899,-0.6824113651085852,4350.15037344291,-1.4036214925292825,-92893.27777698157,-0.03510652710697667,-2.8989560912572196,2.2584793857703147,0.04770500864870629,-1.5392519727455857e-05,1.0186945827921596,-5.4932523040034095e-06,-0.012780921941884817,-2.319398415115963e-06,10.399222724114901,-5.493301350833521e-06,-0.012780922153887049,-2.31961158862115e-06,10.399222493118893,0.5,0.0,0.0,1.0,0.0,0.0,0.0
1.6,172.15009790992764,0.0005482772257145779,7.2970881789224,3.959853683643025e-05,-2.614387172832205e-05,4.862611149597301e-05,-0.4477986102726789,0.7713453977281178,0.43066634306699864,0.13794630473759562,1278691.3678208906,-5006385.921070726,3731864.8320187367,0.6286837042245915,-1.32073047724658,3052.6443688375875,0.0,-1.2871679062717428e-06,0.04645180466959871,0.7855525114469178,1.754452172301567e-07,4.259679058064296e-05,0.00010349533827301741,-4.630371287956463e-06,4.259665750847259e-05,0.00010338375360222741,328.37439856718197,0.904341014734006,69653.49554346925,268.3173357668824,0.5247202081888365,0.042362581581891955,3.182021623502244e-06,172.304682780054,13424.446652785715,9.788840245505058,121.81758983614289,121.8559890422768,-0.7045903241507429,4346.1616232643455,-0.9531300215090257,-92722.66626083973,-0.00904888449782251,-2.6686344090350524,0.6973220742832145,0.04766126685924366,-1.0452299809453106e-05,1.0168236075029367,-4.486382492934948e-06,-0.012791065544764495,1.4170997932688584e-06,10.403887690321929,-4.4864254007326875e-06,-0.012791065720995266,1.4169208964827005e-06,10.403887497033592,0.5,0.0,0.0,1.0,0.0,0.0,0.0
1.7000000000000002,172.15141141700903,0.00046532767809730544,7.277411493815168,3.961650948653654e-05,-2.952829272110804e-05,4.8585429182708154e-05,-0.44779937113985885,0.7713473229004767,0.430662547767279,0.1379449187594772,1278701.4159510033,-5006376.020508032,3731874.726653386,0.6286856194203552,-1.3207281189267215,3052.7158629962555,0.0,-1.2682004502792764e-06,0.04645589281599323,0.7855628726698061,1.9222473869890061e-07,3.9212808135304406e-05,0.0001034548860528371,-4.612135825441191e-06,3.921267707524172e-05,0.00010334332027887097,328.3741144012873,0.9043343670323984,69652.86356357626,268.3168715041214,0.5247221244707818,0.04224816447102993,2.700602065000768e-06,172.30516292985322,13424.422788847456,9.788840119705743,121.81666560337912,121.85747211848519,-0.7250111794123537,4342.5298920454015,-0.5244759324181967,-92565.582122103,0.013542679201807207,-2.4565945233610265,-0.7024147486524716,0.047621440243072605,-5.751554945041195e-06,1.0151009773514004,-3.5444181914578043e-06,-0.012800404691683673,4.697935792770384e-06,10.408221459086247,-3.5444417776945638e-06,-0.012800404836075327,4.697834905503017e-06,10.408221302446522,0.5,0.0,0.0,1.0,0.0,0.0,0.0
1.8,172.15268608398134,0.0003993327169580541,7.259297694801144,3.963691404054767e-05,-3.264417505814734e-05,4.7197216174653145e-05,-0.44780005766956166,0.7713492535101181,0.4306588546948397,0.13794342439370094,1278711.4646028737,-5006366.121451938,3731884.62235156,0.6286875346017222,-1.3207257605747074,3052.789314161986,0.0,-1.2507404497795124e-06,0.04645965667589785,0.7855731573754975,1.487622411906077e-07,3.6097364034347226e-05,0.00010206542094568011,-4.591456451457026e-06,3.609723651471789e-05,0.00010195533181640601,328.37382245692964,0.9043275373634913,69652.21428452015,268.3163945331124,0.5247241423681793,0.04214281987052417,2.3175831153880274e-06,172.3056723648732,13424.400786029495,9.78883998787455,121.81576261859448,121.85898181400934,-0.7438131585672183,4339.220722168968,-0.2379990979302521,-92420.95410836452,0.026868243501831535,-2.261385015773784,-1.5689384092134584,0.04758515092798615,-2.609967024234404e-06,1.0135149446734588,-2.9276362475872793e-06,-0.01280900311803221,6.6698793381954856e-06,10.412245010943144,-2.9276361165847427e-06,-0.01280900323556936,6.669867081614702e-06,10.412244884901186,0.5,0.0,0.0,1.0,0.0,0.0,0.0
1.9000000000000001,172.15392516192924,0.00036578993796000425,7.2426294057395175,3.965310920330605e-05,-3.551171423061108e-05,4.5182162844022184e-05,-0.4478006681226418,0.7713511661965261,0.4306552972556266,0.1379418536260545,1278721.513749869,-5006356.22378533,3731894.519028148,0.6286894497689556,-1.320723402189894,3052.864575404363,0.0,-1.23957372245426e-06,0.04646312062273599,0.7855832646728249,7.190650405941426e-08,3.323025955638646e-05,0.00010004841103356733,-4.574982475386043e-06,3.32301356727748e-05,9.99404783184323e-05,328.3735233181094,0.9043205393892335,69651.54900510726,268.31590580797973,0.5247262543365869,0.04204586635724502,2.1229063097510946e-06,172.30620891401733,13424.380508723576,9.78883985046432,121.8148806444041,121.86051527309233,-0.7611178617325954,4336.2046016746735,-0.14513614020233687,-92287.84659377282,0.029150014637024903,-2.0817413491001537,-1.77064731032792,0.04755207527728124,-1.5916049398799465e-06,1.0120552491251003,-2.742116995293028e-06,-0.012816916484795613,7.055649738069733e-06,10.415977160289685,-2.7420968972005186e-06,-0.012816916579694327,7.055708156387159e-06,10.415977059514804,0.5,0.0,0.0,1.0,0.0,0.0,0.0
2.0,172.15513192010425,0.0003667586630790216,7.227285295134933,3.9661275288227386e-05,-3.8151780765696176e-05,4.3279954873857505e-05,-0.4478012060317712,0.7713530542396957,0.4306518789515219,0.1379402216435024,1278731.5633628005,-5006346.327387579,3731904.4165959316,0.6286913649224503,-1.3207210437720096,3052.9414948339886,0.0,-1.2364596661003933e-06,0.04646630984636048,0.7855931707186549,-7.771392205451236e-09,3.059062385949733e-05,9.814435285677482e-05,-4.566536386902553e-06,3.0590502638926124e-05,9.803845712682475e-05,328.37321758853733,0.9043133872326727,69650.86906797941,268.31540631505,0.5247284525542292,0.04195659955847488,2.128521486537501e-06,172.30677032548414,13424.361815609009,9.788839707943188,121.81401945349275,121.86206938829146,-0.7770509815352652,4333.452473017045,-0.22682135156797553,-92165.29245929306,0.022358988315691955,-1.9163581690233429,-1.4074048961378056,0.04752189463750013,-2.487388620935802e-06,1.0107112849989441,-2.938903030987914e-06,-0.012824202317463066,6.121539326085098e-06,10.419438584895792,-2.9388717269199384e-06,-0.01282420239354937,6.121634020100085e-06,10.419438504282656,0.5,0.0,0.0,1.0,0.0,0.0,0.0
2.1,172.15630915569108,0.00039381514903701444,7.213160518088766,3.966082960685274e-05,-4.05824091974715e-05,4.2018452243811244e-05,-0.44780167850683683,0.771354924922616,0.43064857946169915,0.1379385280902746,1278741.6134169707,-5006336.432154177,3731914.314979397,0.6286932800625293,-1.3207186853206823,3053.0199412014335,0.0,-1.2404017965320724e-06,0.046469246112433846,0.7856029154580869,-6.629996469370726e-08,2.8160424403747373e-05,9.688169385168388e-05,-4.566699145148056e-06,2.816030436122466e-05,9.677714488281997e-05,328.3729057898868,0.9043060930977017,69650.17563332927,268.3148969066197,0.524730730255622,0.04187441081462349,2.2855388258635417e-06,172.30735465128785,13424.34458422061,9.788839560715651,121.8131786790036,121.86364160279616,-0.7917211298383666,4330.9396691525,-0.41810766334182803,-92052.4560070613,0.010613918772278531,-1.7641070089023922,-0.7183291759018998,0.047494338502700184,-4.585089705767168e-06,1.0094738877902254,-3.3703111349975288e-06,-0.012830910323638344,4.451184741149601e-06,10.422647526213701,-3.370278673475615e-06,-0.012830910383813858,4.4512788164308e-06,10.42264746261188,0.5,0.0,0.0,1.0,0.0,0.0,0.0
2.2,172.1574592898251,0.0004328875627318009,7.200163502396485,3.965381702293641e-05,-4.281935111884233e-05,4.1618510491894356e-05,-0.4478020946780453,0.7713567937686834,0.43064536463650566,0.13793676314127798,1278751.6638914642,-5006326.5379935615,3731924.2141123703,0.6286951951894452,-1.320716326835418,3053.099799876722,0.0,-1.2485825670646623e-06,0.04647194843012915,0.7856125763462879,-9.13498869372032e-08,2.5923912823210807e-05,9.648154436513447e-05,-4.5734215565024345e-06,2.5923792488072597e-05,9.637741268429408e-05,328.3725883777746,0.9042986676428956,69649.46971444019,268.3143783270634,0.5247330815266964,0.04179876852036142,2.512289982433494e-06,172.3079601883647,13424.328707318682,9.788839409135011,121.81235755523586,121.8652300954491,-0.8052231676955787,4328.645000164012,-0.637086256046878,-91948.607339575,-0.0014703975053118414,-1.6240015375545618,0.017587571997666557,0.04746917449811542,-6.986472362019622e-06,1.0083350532315776,-3.854364582819711e-06,-0.012837083917999655,2.7084030353702778e-06,10.425620215224663,-3.8543391062373995e-06,-0.01283708396361475,2.708468401575963e-06,10.425620169168559,0.5,0.0,0.0,1.0,0.0,0.0,0.0
2.3000000000000003,172.1585847695393,0.00046960571213366465,7.18819958948005,3.964377431633129e-05,-4.487888391703351e-05,4.198932897210228e-05,-0.4478024643947717,0.7713586776537272,0.43064219758353384,0.13793491563282978,1278761.7147631405,-5006316.644811567,3731934.1139270877,0.6286971103035578,-1.3207139683160791,3053.1809523636475,0.0,-1.2575729767625722e-06,0.04647443644614362,0.7856222376389431,-8.359298107360679e-08,2.3864814661660448e-05,9.685301573786003e-05,-4.583162152566859e-06,2.386469299340082e-05,9.674846945530417e-05,328.37226582318436,0.9042911218863215,69648.75235877145,268.31385134586185,0.5247355002397588,0.0417291231622163,2.725376169103104e-06,172.30858517158913,13424.314073349055,9.788839253566477,121.8115546163299,121.86683357410102,-0.8176551502087014,4326.547438398653,-0.8128359851837946,-91852.9919816318,-0.010265805064917843,-1.4950200085897518,0.5730910458563423,0.04744617202841494,-8.913794782795803e-06,1.0072865075294624,-4.236208304619779e-06,-0.012842767973231,1.4221619674400712e-06,10.428374183228536,-4.236194050666253e-06,-0.012842768007375662,1.4221857278517813e-06,10.428374149150692,0.5,0.0,0.0,1.0,0.0,0.0,0.0
2.4000000000000004,172.15968769245643,0.0004937661816678655,7.177186982895045,3.963425538326751e-05,-4.677507168822169e-05,4.2839272161450373e-05,-0.44780279564379244,0.7713605890996582,0.4306390500148515,0.13793297792675116,1278771.7660126665,-5006306.752526604,3731944.0143647348,0.6286990254051384,-1.3207116097623839,3053.2632962660864,0.0,-1.2645420821670956e-06,0.046476727136637225,0.7856319628740026,-5.30287571914659e-08,2.1969067829512375e-05,9.770415970985261e-05,-4.592363690440712e-06,2.1968944411889665e-05,9.759868178257936e-05,328.37193853310714,0.9042834653490209,69648.024471464,268.3133166279463,0.5247379810958688,0.04166499989581376,2.8655817635915807e-06,172.30922807439936,13424.300585708965,9.788839094325633,121.81076814546846,121.86845134651831,-0.8291018078613615,4324.6290867550215,-0.904137160687445,-91764.95798077347,-0.013975073651832003,-1.376278326679226,0.8282220261700877,0.047425134828802396,-9.915029911040698e-06,1.006321101184439,-4.428129869974233e-06,-0.01284800126808733,8.611051535082621e-07,10.430924801477929,-4.4281268493537645e-06,-0.012848001292268454,8.610896386437591e-07,10.430924778388679,0.5,0.0,0.0,1.0,0.0,0.0,0.0
2.5,172.1607698773072,0.0005011545176828011,7.167054241002738,3.962784641221184e-05,-4.852019572670417e-05,4.3804477155647245e-05,-0.4478030937738151,0.771362533544113,0.4306359069750128,0.13793094893735697,1278781.8176239585,-5006296.86106717,3731953.9153736145,0.628700940494373,-1.3207092511738936,3053.3467421575137,0.0,-1.2678959093241587e-06,0.04647883532792738,0.7856417822875633,-1.39898843726765e-08,2.0224391562567318e-05,9.867071583965695e-05,-4.598438810136681e-06,2.0224266593456103e-05,9.856418237467692e-05,328.3716068629842,0.904275706346091,69647.28684301271,268.31277475402726,0.5247405194639218,0.0416059839896363,2.908448985640613e-06,172.3098875624823,13424.288159849119,9.788838931688097,121.80999638429515,121.8700830465984,-0.8396371441385503,4322.874531533229,-0.9037546192406971,-91683.93592123309,-0.012690644959144522,-1.2670051970366176,0.7777912150744622,0.04740589386818153,-9.91083485076485e-06,1.005432589818325,-4.4177208967724556e-06,-0.012852817668859082,1.0216005613578574e-06,10.433285684057866,-4.4177258383001216e-06,-0.012852817684327373,1.0215591544714365e-06,10.433285670979986,0.5,0.0,0.0,1.0,0.0,0.0,0.0
2.6,172.161833170121,0.0004936073826743545,7.157727513887823,3.962558492943146e-05,-5.0126946396094624e-05,4.45723702904701e-05,-0.4478033618571183,0.7713645086764644,0.4306327671511028,0.13792883570706532,1278791.8695789636,-5006286.97035987,3731963.816900845,0.6287028555715368,-1.32070689255051,3053.431197584296,0.0,-1.267506946653675e-06,0.04648077634407119,0.7856516904493805,2.0022034541669003e-08,1.8618094614723368e-05,9.943976395791919e-05,-4.6003512872631325e-06,1.8617968710249065e-05,9.933238895024501e-05,328.3712711802885,0.9042678534740963,69646.54029067089,268.3122263244723,0.5247431105476584,0.04155164673835275,2.864637990762276e-06,172.31056225363042,13424.276707955672,9.788838765938815,121.80923757259313,121.87172818749372,-0.8493376552174068,4321.268363170072,-0.833792226944499,-91609.33720793757,-0.007988096790556452,-1.1664013684569499,0.5099220770414405,0.04738828016082019,-9.143606998148616e-06,1.0046145187271114,-4.256487321867715e-06,-0.012857252182369354,1.6834169367868899e-06,10.435471350140489,-4.256495494081716e-06,-0.012857252191027615,1.683367449823595e-06,10.435471344076982,0.5,0.0,0.0,1.0,0.0,0.0,0.0
2.7,172.16287915580955,0.00047683828262775653,7.149142986224542,3.962705540706921e-05,-5.1606287704904016e-05,4.496337617335285e-05,-0.44780360083948256,0.7713665070570349,0.430629639133356,0.137926649947356,1278801.9218627883,-5006277.080341081,3731973.718900436,0.6287047706368217,-1.3207045338919798,3053.5165826641023,0.0,-1.2643618483574994e-06,0.046482563426296454,0.7856616574392744,4.023487801800596e-08,1.7139211517313467e-05,9.983152525424747e-05,-4.598519467757017e-06,1.7139085430464128e-05,9.972371691203385e-05,328.37093180252594,0.9042599141606914,69645.78552056654,268.31167185801473,0.5247457502003222,0.04150161768941243,2.7673078803152084e-06,172.3112509526953,13424.266154009001,9.788838597323982,121.8084903319098,121.87338619037358,-0.8582694425259039,4319.797445912528,-0.7311230168517254,-91540.65322732739,-0.002049894755895705,-1.0737795353556987,0.15427144324436687,0.047372149656247045,-8.01770671080861e-06,1.003861310307228,-4.027079865295914e-06,-0.012861335055547339,2.5346960407865e-06,10.437494494044884,-4.027086724135171e-06,-0.0128613350576427,2.534654463486838e-06,10.43749449483862,0.5,0.0,0.0,1.0,0.0,0.0,0.0
2.8000000000000003,172.16390921055537,0.00045793158191634727,7.141244921167154,3.963085083679247e-05,-5.296779412302098e-05,4.494870545053382e-05,-0.4478038105562812,0.771368519155925,0.4306265358701416,0.13792440505904965,1278811.974463211,-5006267.190954991,3731983.6213318985,0.6287066856903444,-1.320702175197891,3053.6028276241072,0.0,-1.2600222246358729e-06,0.0464842081391349,0.7856716429830359,4.389762252541712e-08,1.5778165782081145e-05,9.981717186634384e-05,-4.5943537734754975e-06,1.577804014606919e-05,9.970936960979175e-05,328.37058900702107,0.904251894893524,69645.02314946365,268.3111118077393,0.5247484347983586,0.041455573287197414,2.657572937914765e-06,172.3119526152464,13424.256431517342,9.788838426058634,121.80775369091435,121.87505630485076,-0.8664902391477698,4318.450422649326,-0.633669194729116,-91477.43975429454,0.003082816117035113,-0.9885373027834425,-0.16372707063442649,0.04735737780909129,-6.948999878145925e-06,1.003168093057508,-3.8130068834076137e-06,-0.012865092705813914,3.280029262916447e-06,10.439366305825425,-3.8130093835103132e-06,-0.012865092702960193,3.280005545079791e-06,10.439366311369616,0.5,0.0,0.0,1.0,0.0,0.0,0.0
2.9000000000000004,172.16492473620008,0.0004429443439292076,7.133975702737776,3.963519264950289e-05,-5.422136102252114e-05,4.462873568339024e-05,-0.44780399112425157,0.7713705362735105,0.4306234687443206,0.13792211377751862,1278822.0273660782,-5006257.302144405,3731993.524153994,0.628708600732321,-1.3206998164681893,3053.6898603414497,0.0,-1.2560412933417074e-06,0.04648572243580058,0.7856816106141516,3.38970712050165e-08,1.452506059374989e-05,9.94971859935205e-05,-4.589635895537685e-06,1.4524935756163393e-05,9.938972074650631e-05,328.37024308043834,0.9042438023787541,69644.2538148996,268.31054664199144,0.5247511605904074,0.04141317907251196,2.570584937012683e-06,172.31266615981116,13424.24747148108,9.78883825236507,121.8070268965847,121.87673747331286,-0.87405972342045,4317.215896543932,-0.5688268361393313,-91419.2375986264,0.006093578427345994,-0.9100560688648741,-0.35960768131028475,0.04734383963834335,-6.237919797739415e-06,1.0025298313651139,-3.6734359935784204e-06,-0.012868552435933264,3.725691832072221e-06,10.441098639380328,-3.673433132782218e-06,-0.012868552428776634,3.725688304445065e-06,10.441098649731536,0.5,0.0,0.0,1.0,0.0,0.0,0.0
3.0,172.16592693787277,0.00043533173102298895,7.127285543669648,3.963857220922783e-05,-5.537553885055014e-05,4.416792623508459e-05,-0.44780414320540024,0.7713725528551522,0.43062044412541783,0.13791978513263548,1278832.0805597927,-5006247.4138596775,3732003.427330847,0.6287105157629022,-1.3206974577026729,3053.777618486434,0.0,-1.2534921069941589e-06,0.046487116645021184,0.785691537793236,1.6373023481492108e-08,1.3371344754951754e-05,9.903620459825295e-05,-4.585876536959319e-06,1.3371220747954012e-05,9.892922943435727e-05,328.36989427051805,0.9042356424119491,69643.47806784403,268.3099767655225,0.5247539243334545,0.041374146032367144,2.5263952463457313e-06,172.3133906514159,13424.239214207324,9.788838076435372,121.80630945958826,121.87842861107721,-0.8810294643894565,4316.084103170194,-0.5479123509729353,-91365.64996570811,0.006599188417951274,-0.8377998531773595,-0.4047239715284037,0.04733142806447861,-6.0085654972910575e-06,1.0019421738654015,-3.631630698907365e-06,-0.012871737839562657,3.811647233485358e-06,10.44270181195148,-3.63162331504276e-06,-0.01287173782864902,3.8116597816263897e-06,10.442701826184496,0.5,0.0,0.0,1.0,0.0,0.0,0.0
3.1,172.16691686325692,0.00043561475681520867,7.121130959311109,3.964010318631884e-05,-5.6437795721769686e-05,4.3734045224407076e-05,-0.44780426829312303,0.7713745670834391,0.43061746218296487,0.1379174239113488,1278842.1340349466,-5006237.526057182,3732013.330830845,0.6287124307821773,-1.3206950989009854,3053.866047627603,0.0,-1.252785974210428e-06,0.046488399787763285,0.7857014188121947,-1.7562358994168729e-09,1.2309549951026923e-05,9.860217970014382e-05,-4.583962879113623e-06,1.2309426557047686e-05,9.849566620786742e-05,328.3695427936074,0.9042274200542789,69642.69638944941,268.30940253179494,0.5247567231941241,0.041338221740710564,2.528026974414456e-06,172.31412527312295,13424.231607489091,9.788837898437308,121.8056010138291,121.88012870204172,-0.8874445026512824,4315.046605370659,-0.5668826644029834,-91316.33029351238,0.005032350272602036,-0.7713024102690352,-0.32080955068066724,0.04732005056318532,-6.216599447513534e-06,1.0014013200588268,-3.6771147924578376e-06,-0.012874669520464548,3.596153584711913e-06,10.444184910637839,-3.6771049101662376e-06,-0.012874669506276502,3.5961743257997765e-06,10.44418492833157,0.5,0.0,0.0,1.0,0.0,0.0,0.0
3.2,172.1678955826822,0.00044181234011634945,7.115466998763186,3.96396628990386e-05,-5.741585115228172e-05,4.344721604309317e-05,-0.44780436897138254,0.7713765803967981,0.43061451716678756,0.13791503163412022,1278852.1877802631,-5006227.638692322,3732023.234621947,0.6287143457903382,-1.3206927400631367,3053.955091493515,0.0,-1.2536818759989222e-06,0.04648958118842755,0.7857112631420581,-1.5023347684321538e-08,1.1331956990699917e-05,9.831536830415815e-05,-4.5840174152726e-06,1.1331833867668219e-05,9.82091580680048e-05,328.369188873367,0.9042191405379998,69641.90927713284,268.3088243062195,0.5247595542398197,0.041305145263655335,2.5639826795503392e-06,172.314869179276,13424.224597204484,9.788837718544311,121.80490108366232,121.88183677414757,-0.8933513967936643,4314.0948751954065,-0.6106267035487333,-91270.92034135057,0.002348372849617731,-0.7100796789464388,-0.16336216395068154,0.04730961361449527,-6.696309247551032e-06,1.0009033413742643,-3.77557903189567e-06,-0.012877368777860356,3.21458448231758e-06,10.445557495680033,-3.7755689334071507e-06,-0.012877368761720973,3.214605018379623e-06,10.445557514413483,0.5,0.0,0.0,1.0,0.0,0.0,0.0
3.3000000000000003,172.1688640172775,0.00045071311320247945,7.110254818906921,3.963772652465278e-05,-5.8316375576742194e-05,4.3355960536864295e-05,-0.44780444812739556,0.7713785960894826,0.4306116004351557,0.13791260748391423,1278862.2417866238,-5006217.751726335,3732033.1386762247,0.628716260787514,-1.3206903811889807,3054.0447014570236,0.0,-1.2555339995985627e-06,0.046490668904254684,0.7857210884992682,-2.0693357553659708e-08,1.0431896239184145e-05,9.822434813956678e-05,-4.585564185332212e-06,1.0431773048418406e-05,9.811823017146155e-05,328.3688327030738,0.9042108083845823,69641.11716073896,268.30824240456707,0.5247624149356862,0.041274691122676524,2.6156253792680214e-06,172.31562163887733,13424.218136541414,9.78883753690625,121.80420915612844,121.88355208352591,-0.8987903789633496,4313.2216078704905,-0.6605286723757003,-91229.11054704318,-0.0004056987455636245,-0.6537154381928266,0.00429785762245928,0.04730003711214214,-7.243548687596835e-06,1.000444843063215,-3.885708630695742e-06,-0.012879854016661543,2.8175500651715004e-06,10.446827875714959,-3.885700151211099e-06,-0.012879853997629248,2.81756404344866e-06,10.44682789849818,0.5,0.0,0.0,1.0,0.0,0.0,0.0
3.4000000000000004,172.1698229686205,0.0004590568961344087,7.1054604937832275,3.9635093236084356e-05,-5.9145195114303393e-05,4.344091643645498e-05,-0.4478045085490452,0.7713806178092522,0.4306087030455418,0.13791014992647244,1278872.296046804,-5006207.865125109,3732043.0429689963,0.6287181757737735,-1.3206880222782076,3054.134835051062,0.0,-1.2575669834527396e-06,0.046491669972359075,0.7857309139853497,-1.8865548605795585e-08,9.603542094185085e-06,9.830973812956987e-05,-4.587803093115839e-06,9.60341859668444e-06,9.820352230357945e-05,328.36847445152057,0.9042024275427186,69640.32041565969,268.30765710260664,0.5247653030673172,0.04124666238298971,2.664035135083362e-06,172.31638201330145,13424.212184572641,9.788837353653998,121.80352466180382,121.88527409724264,-0.903796588141973,4312.420465317853,-0.7004495784744414,-91190.63053644008,-0.002402325571033403,-0.6018436193766978,0.13039314152917642,0.047291251550926665,-7.681332903593347e-06,1.0000228601244572,-3.972273304828296e-06,-0.012882141311704377,2.5256414257926753e-06,10.448003351848016,-3.972267439992709e-06,-0.01288214129029898,2.5256459276960344e-06,10.448003377886637,0.5,0.0,0.0,1.0,0.0,0.0,0.0
3.5,172.1707732575325,0.00046452149111333784,7.1010489533481795,3.9632582157170204e-05,-5.990833132985651e-05,4.363424335296709e-05,-0.4478045527907117,0.7713826481774354,0.43060581778357565,0.1379076585311924,1278882.3505518248,-5006197.978853894,3732052.9474753477,0.6287200907492804,-1.3206856633308675,3054.2254483746365,0.0,-1.2591342345238965e-06,0.04649259166665418,0.7857407540936423,-1.1875322637646292e-08,8.840873402603035e-06,9.85036248352502e-05,-4.589914429203464e-06,8.84074950733322e-06,9.839719434156302e-05,328.3681142931993,0.9041940020944301,69639.51942996235,268.30706868541887,0.5247682163431704,0.04122085547134106,2.6957356944882675e-06,172.31714964160912,13424.206698893451,9.78883716892288,121.8028469045595,121.88700236033542,-0.908406347856733,4311.685023401941,-0.7210675553188761,-91155.20082308834,-0.003237538806275091,-0.5540867159059801,0.18789291029030897,0.04728318648191815,-7.907435607924492e-06,0.9996343276286187,-4.0154649449630754e-06,-0.012884247279387345,2.399307120300466e-06,10.449091576321479,-4.0154616572553746e-06,-0.012884247256144052,2.399302701692912e-06,10.449091604093306,0.5,0.0,0.0,1.0,0.0,0.0,0.0
3.6,172.17171559101638,0.00046618121881115135,7.096989892734648,3.963077722013933e-05,-6.061098708287636e-05,4.385325198443977e-05,-0.44780458268387,0.7713846881903278,0.4306029406656455,0.13790513421528022,1278892.4052945874,-5006188.092882445,3732062.8521734877,0.6287220057141348,-1.3206833043468436,3054.3165034875274,0.0,-1.2598808976858183e-06,0.04649344027256586,0.7857506155188886,-2.985122239748271e-09,8.138687249150942e-06,9.872322836647202e-05,-4.591314174237513e-06,8.138563004042552e-06,9.86165558006256e-05,328.36775237891,0.9041855355674911,69638.7145390234,268.30647739937683,0.5247711527826445,0.04119709447557288,2.7053553578103256e-06,172.31792395252657,13424.201642837003,9.788836982829817,121.80217522584982,121.88873653307073,-0.9126510460093877,4311.009761080171,-0.7209047622746368,-91122.579896863,-0.002941229039933191,-0.5101176435201674,0.17616292802301878,0.04727578135976494,-7.905650372262111e-06,0.9992765971057365,-4.012828935208627e-06,-0.012886186278726449,2.436443458412362e-06,10.45009918736445,-4.012827509190763e-06,-0.0128861862548392,2.4364331756532448e-06,10.450099214625372,0.5,0.0,0.0,1.0,0.0,0.0,0.0
3.7,172.17265058482852,0.0004644285736510453,7.093256843356264,3.9629922191376623e-05,-6.125770613463023e-05,4.402679695966273e-05,-0.4478045993688445,0.7713867372170423,0.43060007088561353,0.1379025793195984,1278902.460269654,-5006178.2071841,3732072.7570440737,0.628723920668377,-1.3206809453258472,3054.4079672582448,0.0,-1.2597720790140817e-06,0.046494221279720416,0.7857604971784364,4.738677656128672e-09,7.492439850704272e-06,9.889732436496173e-05,-4.591758936763789e-06,7.492315397248174e-06,9.879045926168094e-05,328.3673888403396,0.9041770310425489,69637.90603571199,268.3058834596268,0.524774110655781,0.0411752257524237,2.695172153174227e-06,172.31870444704674,13424.196984352693,9.788836795476916,121.80150904280646,121.8904763236431,-0.916558097016407,4310.389895391629,-0.7048593689497887,-91092.5568214812,-0.0018651756999846707,-0.4696527335607751,0.11482656314428086,0.047268983733132666,-7.729691942869252e-06,0.9989473553674524,-3.975790325434052e-06,-0.012887970851042237,2.5879379799026937e-06,10.451032010193533,-3.975789656888571e-06,-0.012887970825348686,2.5879259053232177e-06,10.45103203990943,0.5,0.0,0.0,1.0,0.0,0.0,0.0
3.8000000000000003,172.17357887067246,0.0004605922611751469,7.089822443924237,3.9629915862952436e-05,-6.185318480542212e-05,4.411427813951789e-05,-0.4478046036232764,0.7713887933465047,0.43059720986438216,0.13789999757132593,1278912.515469899,-5006168.3217318095,3732082.6620677067,0.6287258356121388,-1.3206785862679506,3054.4998054327443,0.0,-1.2590391197187336e-06,0.046494940362569404,0.7857703921030834,9.305309492462431e-09,6.897434257987801e-06,9.898526652941291e-05,-4.591350735865259e-06,6.897309766342671e-06,9.887830232756793e-05,328.36702381363654,0.9041684917046277,69637.09422282023,268.305287088605,0.5247770881724827,0.04115509047883573,2.6728970681838394e-06,172.31949060878097,13424.192690251062,9.788836606969754,121.80084780836985,121.89222136795877,-0.9201558396226108,4309.820544950261,-0.6814593268595911,-91064.91354960321,-0.000513044250599619,-0.4323957447889282,0.033822470190846714,0.047262740071328364,-7.473080305462918e-06,0.9986442112435001,-3.92344626775109e-06,-0.012889613960007951,2.7818123542888936e-06,10.451896128996895,-3.923445321916941e-06,-0.012889613933224527,2.7818021196016784e-06,10.451896160347387,0.5,0.0,0.0,1.0,0.0,0.0,0.0
3.9000000000000004,172.17450099304554,0.00045628202591781013,7.086663050876524,3.9630434913781345e-05,-6.240148086944761e-05,4.410988312184636e-05,-0.44780459589925453,0.7713908542556249,0.43059436003649243,0.13789739289430372,1278922.570889819,-5006158.436501983,3732092.5672273636,0.6287277505454948,-1.3206762271730554,3054.5919884126633,0.0,-1.2580379840180581e-06,0.04649560242446478,0.7857802911368208,1.012030405820903e-08,6.349612345771717e-06,9.898123441592459e-05,-4.590413796751965e-06,6.349487958188396e-06,9.887427082966477e-05,328.3666574164448,0.904159920305856,69636.27936198587,268.3046884785148,0.5247800837857212,0.0411365514121768,2.6478718618915183e-06,172.32028199143912,13424.188731832064,9.788836417399557,121.80019110337997,121.89397129569166,-0.9234687619558626,4309.29752065947,-0.6592918763795721,-91039.46166252224,0.0006538053199317515,-0.3980936163489644,-0.0384828214584441,0.047257004435505755,-7.229985624569824e-06,0.9983650984797814,-3.874691740583566e-06,-0.012891126805588455,2.95128615975511e-06,10.452696823009369,-3.874689831493625e-06,-0.012891126778131605,2.951280011150102e-06,10.452696854670911,0.5,0.0,0.0,1.0,0.0,0.0,0.0
4.0,172.17541742650243,0.0004528766673093406,7.083758013669573,3.963107637398845e-05,-6.29061384539439e-05,4.4035868123615686e-05,-0.44780457656086653,0.7713929178594617,0.430591523637795,0.137894768786308,1278932.626525357,-5006148.551473767,3732102.472507877,0.6287296654684638,-1.320673868040893,3054.6844903494543,0.0,-1.2571210920150129e-06,0.04649621174797298,0.7857901859936472,7.815690372372175e-09,5.8454295904602785e-06,9.890750735875538e-05,-4.589351862848238e-06,5.845305386121339e-06,9.880062001045388e-05,328.36628975150376,0.9041513192496947,69635.46168169977,268.30408779720915,0.5247830961444062,0.041119488683414814,2.628097920842158e-06,172.3210782052418,13424.185084017623,9.788836226845989,121.7995386151163,121.89572572840186,-0.9265182521518657,4308.817179806871,-0.6446170015877111,-91016.03659336767,0.0013336198534948712,-0.3665237057789899,-0.08275553281348082,0.047251736878626,-7.0690566982646055e-06,0.9981082123883401,-3.843047700688675e-06,-0.01289251917217476,3.051982705858411e-06,10.453438715191478,-3.843044580619164e-06,-0.012892519144127387,3.05198115944614e-06,10.453438747094468,0.5,0.0,0.0,1.0,0.0,0.0,0.0
4.1000000000000005,172.17632865858866,0.0004511570799072317,7.0810859852077765,3.963149443902125e-05,-6.337082080456998e-05,4.393025533010745e-05,-0.4478045462074789,0.7713949827570197,0.4305887016422972,0.13789212809711174,1278942.6823707935,-5006138.666626112,3732112.3778941785,0.6287315803811592,-1.3206715088715584,3054.777284515711,0.0,-1.2565323972292938e-06,0.046496772759928626,0.7858000715717549,3.814561010712614e-09,5.381222573880798e-06,9.880214854655703e-05,-4.58851134076504e-06,5.381098559952659e-06,9.869537190215973e-05,328.3659209250462,0.9041426910213235,69634.64141822157,268.30348521824845,0.5247861238504696,0.0411037783819062,2.6181067833008764e-06,172.32187884684126,13424.181720848484,9.78883603539142,121.79889005255127,121.89748423837658,-0.9293264196093807,4308.375802329475,-0.6399580380340036,-90994.46822754337,0.0014427744486952437,-0.3374574830294582,-0.09267748085006519,0.04724689660540119,-7.01796515485947e-06,0.997871687443256,-3.833686647012586e-06,-0.012893801171832786,3.0707360453297947e-06,10.454126622588358,-3.833682516648113e-06,-0.012893801142692703,3.070738152362324e-06,10.45412665625253,0.5,0.0,0.0,1.0,0.0,0.0,0.0
4.2,172.17723510982512,0.0004512273696946664,7.0786285189298415,3.963149080014212e-05,-6.379869351963785e-05,4.383102325306749e-05,-0.44780450556667584,0.7713970484323445,0.43058589365638306,0.13788947257925716,1278952.7384218257,-5006128.7819406055,3732122.283372993,0.6287334952836404,-1.320669149664977,3054.870347819291,0.0,-1.2563618611495794e-06,0.04649728928562171,0.7858099466638514,-3.1413538327303706e-10,4.953825488022155e-06,9.870317806577725e-05,-4.5880908149833045e-06,4.953701615136938e-06,9.859650547913257e-05,328.36555102885586,0.9041340377679064,69633.8187756766,268.3028808915863,0.5247891656959024,0.04108931343354527,2.6185024533806485e-06,172.32268356770854,13424.178619881663,9.788835843107025,121.79824517759639,121.89924644135476,-0.9319123695693339,4307.970181618283,-0.6443281084300649,-90974.60956474673,0.0010830482530935583,-0.3106955469589392,-0.073403162708899,0.04724244845122849,-7.0658886122443616e-06,0.9976539115966441,-3.844080546818225e-06,-0.01289498154320458,3.0212855982355466e-06,10.454764719544935,-3.844075876344451e-06,-0.012894981513996075,3.0212895708783815e-06,10.454764752896168,0.5,0.0,0.0,1.0,0.0,0.0,0.0
4.3,172.17813714687912,0.00045264795937402367,7.076369503404586,3.963103423881188e-05,-6.419252173201615e-05,4.3765622131321454e-05,-0.4478044554845671,0.7713991151149744,0.43058309812279155,0.13788680306295256,1278962.7946754363,-5006118.89740092,3732132.188932436,0.6287354101759148,-1.320666790420901,3054.963660094887,0.0,-1.2565574285937605e-06,0.04649776466607917,0.7858198133623332,-3.3239662947649994e-09,4.560473474721397e-06,9.863807662550275e-05,-4.5881215358904485e-06,4.560349664272293e-06,9.853147172795861e-05,328.36518014308314,0.9041253613644625,69632.99393231815,268.3022749481707,0.5247922206256919,0.04107600031875136,2.626733905669825e-06,172.3234920634403,13424.1757615017,9.788835650054953,121.79760377405685,121.9010120089062,-0.9342927887269944,4307.597541379045,-0.6543424855966403,-90956.33221424179,0.0004691765454595255,-0.286066822767215,-0.037391141021879404,0.04723836197046124,-7.175709172071305e-06,0.9974534768785165,-3.866541501844609e-06,-0.012896067917391413,2.9340440166615977e-06,10.455356666491335,-3.866536805012362e-06,-0.01289606788740507,2.9340479312483184e-06,10.455356700381621,0.5,0.0,0.0,1.0,0.0,0.0,0.0
4.4,172.17903514691488,0.00045467629928765097,7.074292283693999,3.963023661374721e-05,-6.455516335304483e-05,4.3744854342694375e-05,-0.44780439697202673,0.7714011834592681,0.4305803126829325,0.1378841199702358,1278972.8511269826,-5006109.012990678,3732142.0945608304,0.628737325058084,-1.3206644311394478,3055.0572004867718,0.0,-1.256969093349358e-06,0.04649820235489372,0.785829675774656,-4.5998986432691956e-09,4.198308542458993e-06,9.861765898706084e-05,-4.588491553008253e-06,4.1981847170873175e-06,9.851107369777297e-05,328.36480835062287,0.9041166637502087,69632.16707250255,268.3016675234327,0.5247952875482033,0.04106374236438081,2.638492009847346e-06,172.32430401907212,13424.17312542028,9.788835456299479,121.79696558455748,121.90278063280826,-0.9364849265831454,4307.25502072993,-0.6657138002274612,-90939.50345539312,-0.00015814240191926716,-0.2633906378010858,0.0007944388549859121,0.04723460578984087,-7.300410301053459e-06,0.9972689278359538,-3.891560300260307e-06,-0.012897068185001508,2.8436391702482228e-06,10.455906259562216,-3.891555997123283e-06,-0.012897068154796331,2.843641587835609e-06,10.455906293394222,0.5,0.0,0.0,1.0,0.0,0.0,0.0
4.5,172.17992943539267,0.00045657426096026935,7.072382467840535,3.962928062262772e-05,-6.488908831694483e-05,4.3764016074468284e-05,-0.44780433096036,0.7714032541970197,0.43057753499719176,0.13788142348820828,1278982.9077730963,-5006099.128695513,3732152.00024783,0.628739239930196,-1.320662071820561,3055.1509509822354,0.0,-1.2574207930964126e-06,0.046498605336376474,0.7858395382345209,-4.177586903772832e-09,3.86486090827657e-06,9.863721665297991e-05,-4.589018015921321e-06,3.86473701384442e-06,9.853060795986945e-05,328.36443572306945,0.9041079466000105,69631.33835545497,268.30105873434167,0.5247983655202981,0.041052456032843194,2.6494933714820875e-06,172.32511916246185,13424.17069408909,9.788835261896129,121.79633035910547,121.90455207349042,-0.9385036888462723,4306.940170628114,-0.6748011855839291,-90924.00860161398,-0.0006126542459231187,-0.24251302951024092,0.029490113279605736,0.04723115305245463,-7.400065200265903e-06,0.9970990067826364,-3.911194139687054e-06,-0.012897989162812587,2.7772221689598787e-06,10.45641679700602,-3.911190414503168e-06,-0.012897989132638319,2.777222420481096e-06,10.456416830547125,0.5,0.0,0.0,1.0,0.0,0.0,0.0
4.6000000000000005,172.18082029624674,0.00045781098860975863,7.070627485742981,3.962835247060144e-05,-6.51964535955544e-05,4.380790405536513e-05,-0.44780425823622516,0.7714053278618564,0.43057476320584215,0.13787871388295075,1278992.9646115834,-5006089.244502627,3732161.9059841,0.6287411547922472,-1.3206597124640078,3055.2448958456516,0.0,-1.2577652774879687e-06,0.04649897621703228,0.7858494040530006,-2.5779209748029242e-09,3.557973839745001e-06,9.868152993393171e-05,-4.589514672893276e-06,3.5578498556974725e-06,9.857487125826709e-05,328.3640623229672,0.9040992113770051,69630.5079202721,268.30044868308033,0.524801453718413,0.04104206836153385,2.6566574706524225e-06,172.32593725597303,13424.16845218479,9.788835066893386,121.79569785620664,121.90632614422185,-0.9403620943138457,4306.650851636537,-0.6794615361396513,-90909.74748457978,-0.0008009357425800605,-0.22329942991603055,0.04246167215244922,0.04722798029661619,-7.451171953936759e-06,0.9969426152437117,-3.9208861692352195e-06,-0.012898836806279138,2.7487543748771726e-06,10.456891155761078,-3.920883067254563e-06,-0.012898836774646386,2.748752609369473e-06,10.456891192537407,0.5,0.0,0.0,1.0,0.0,0.0,0.0
4.7,172.18170802173964,0.0004581804154773993,7.069014343213217,3.962758543211113e-05,-6.547948875491549e-05,4.385747407091256e-05,-0.4478041794873586,0.7714074045891801,0.43057199612676444,0.1378759918549612,1279003.0216386605,-5006079.360399297,3732171.8117605927,0.6287430696443265,-1.3206573530699193,3055.3390188071257,0.0,-1.257922449599507e-06,0.04649931769121634,0.7858592747342678,-5.535525382207961e-10,3.2754175349756107e-06,9.873153367904667e-05,-4.589848267443657e-06,3.275293472604243e-06,9.862481903320886e-05,328.36368821498326,0.904090459594007,69629.6759107733,268.2998374753009,0.5248045512902256,0.04103250392723703,2.6587885749924127e-06,172.32675805366415,13424.16638384705,9.788834871341402,121.7950678166112,121.90810265993682,-0.9420736009393534,4306.384863890361,-0.6793915441543603,-90896.61655764819,-0.0007318714195442491,-0.20560893826320076,0.03968418357381118,0.04722506339797075,-7.450404401558793e-06,0.9967986176967163,-3.920152209337761e-06,-0.012899617269218107,2.757467235580307e-06,10.457332331449905,-3.920149541616847e-06,-0.01289961723773115,2.757464146158282e-06,10.45733236721245,0.5,0.0,0.0,1.0,0.0,0.0,0.0
4.800000000000001,172.18259286419837,0.00045777753272223235,7.067531811633244,3.96270333224238e-05,-6.574012052297927e-05,4.389667615725704e-05,-0.4478040952033831,0.7714094841541935,0.4305692333471836,0.1378732583601995,1279013.078851708,-5006069.476374317,3732181.717569233,0.6287449844864708,-1.3206549936382497,3055.433305811137,0.0,-1.2578858979172052e-06,0.04649963208715555,0.7858691500001307,1.202524655687722e-09,3.0152652659647284e-06,9.877116004304756e-05,-4.589965144839523e-06,3.015141157408728e-06,9.866440079433377e-05,328.36331345498394,0.9040816925579328,69628.8424512038,268.29922520227575,0.5248076574994913,0.04102369755487664,2.656437983722388e-06,172.3275813430813,13424.164475368336,9.788834675283498,121.7944400149027,121.90988146165847,-0.9436498380764906,4306.1403209790915,-0.6757296549223819,-90884.52634387817,-0.0004865751410109627,-0.1893209205150751,0.025693811520495446,0.047222381669594575,-7.410247063884077e-06,0.9966660329116053,-3.911642318143595e-06,-0.012900335871609492,2.792024719053343e-06,10.457742915102418,-3.911639850533373e-06,-0.01290033584064513,2.792021234832008e-06,10.45774294875137,0.5,0.0,0.0,1.0,0.0,0.0,0.0
4.9,172.18347504382905,0.0004569001207486732,7.0661700837964405,3.962667468060665e-05,-6.598003131940268e-05,4.391617096420737e-05,-0.447804005723042,0.7714115660773367,0.43056647501252143,0.1378705145262659,1279023.1362491886,-5006059.592417644,3732191.623402665,0.6287468993186659,-1.320652634168775,3055.5277445794395,0.0,-1.2577070353769327e-06,0.04649992143833934,0.7858790282952322,2.2342014207143822e-09,2.775834545424327e-06,9.879105902778445e-05,-4.5898869845507214e-06,2.775710429517518e-06,9.868427663959244e-05,328.36293809177124,0.9040729114104441,69628.00765009841,268.2986119437364,0.524810771703351,0.04101559231984147,2.6513337463099833e-06,172.3284069387184,13424.162714778024,9.788834478757513,121.79381426168585,121.91166240266317,-0.9451009629292034,4305.915575246731,-0.67039669868894,-90873.39869339929,-0.00017878166606931392,-0.17433063888213185,0.007243663372669746,0.0472199170428149,-7.3517643215879376e-06,0.99654400387427,-3.899658844105665e-06,-0.01290099725944152,2.8361826837805413e-06,10.458125167921983,-3.8996563189461556e-06,-0.0129009972279812,2.836179628055676e-06,10.458125202879561,0.5,0.0,0.0,1.0,0.0,0.0,0.0
5.0,172.1793692951822,0.0006123174473934077,7.054424413089297,-0.018064033082946986,-0.004347471857419425,-0.0002463729251482994,-0.44780391135993114,0.7714136497568075,0.4305637214654294,0.1378677616319558,1279033.1938279944,-5006049.708519412,3732201.5292538903,0.6287488141409905,-1.320650274661637,3055.6223224190376,0.0,-1.257468088923319e-06,0.04650018784680995,0.7858889075114649,2.411403509556815e-09,2.5553859139945265e-06,9.879005141888177e-05,-4.589689235652393e-06,2.5552618229353405e-06,9.868326861860035e-05,328.36256217579563,0.9040641173317663,69627.17161965815,268.29799778210753,0.5247974142529707,0.040948465206348185,3.553309456892692e-06,172.32382356758205,13423.318081264815,9.788834281802565,121.7892152316037,121.90968753313737,-0.9566889971913176,-18873.44961168494,726.4821558456684,-139655.96633886086,-116347.67897277122,-161989.80056715428,-365.6465639288058,-0.2069717135418856,0.007966813685182882,1.531507766423704,0.1874212561355669,0.2865876888570401,-0.05834888989826542,3.486151296199692,0.217847149542193,0.2865876888677871,-0.06795868701205081,3.486151308400169,0.5,0.0,0.0,1.0,0.0,0.0,0.0
5.1000000000000005,171.98902535207395,-0.011171428248540373,5.124574901564515,0.004150158594191547,-0.10993748637144209,-0.0003783777168593122,-0.44401590516650297,0.7729772686829122,0.43272385556451076,0.13455891904915424,1279043.2460211248,-5006039.848381452,3732211.436984851,0.6287507271942246,-1.320647917296317,3055.7355923838913,0.0,-0.0038029062173222687,0.03577002237832506,0.7858433678406069,0.004560308486860502,-0.11028340000090742,0.00010305997291679318,0.004556622815406359,-0.1102829942130861,-0.0003164031137791297,328.3621119647363,0.9040535852135977,69626.17035827399,268.29726223912616,0.5240109874864762,0.02978712838840752,-6.492549465294041e-05,172.06535454378633,13382.925012838428,9.788834027153365,121.60634171714376,121.726436408866,-1.0294371059819447,-15136.539411304067,58.591156776933964,-32972.109220691855,-3961.2900057016163,138889.88907233256,-109.79856944867281,-0.16599167420418384,0.0006425275911943192,0.3615816972998798,0.006961491876975966,-0.1973824095834292,-0.001938473370697148,0.0,0.007193725497037702,-0.19875412341116824,-0.0020136216244577023,0.0,0.5,0.0,0.0,1.0,0.0,0.0,0.0
5.2,171.84223246421416,-0.005589871677627824,4.834733221898361,0.0006316088814916955,-0.0041466869433289975,-0.0005021023541521906,-0.44308161827224296,0.7732613792829266,0.4336656976845459,0.1329646489346186,1279053.2801166011,-5006029.971069887,3732221.3130364357,0.628752638169385,-1.320645562495351,3055.8131968397647,0.0,-0.0038673442131435007,0.03158648158583402,0.7858149576022387,0.0005717649016858495,-0.004042874023631939,-0.00043108509796094274,0.0005853790484613667,-0.0040411774625718835,-0.0004465067080103868,328.3618035124089,0.9040463693616224,69625.48436578689,268.29675829783054,0.5235390642502384,0.02812730334768203,-3.2516141520972484e-05,171.910231346701,13358.698898245746,9.788833882318851,121.49821659361805,121.61808312835744,-0.5946819740422575,-9812.085448498798,5.38935928862267,-68121.90059357596,350.74916732212074,19138.44757370992,3.33637839539851,-0.10760217026980973,5.910127453163182e-05,0.7470444876623529,-0.0006790005547259037,-0.040542342578614915,0.00019356221413060966,0.0,-0.0006959731237323529,-0.040542614117313,0.0001988990559756928,0.0,0.5,0.0,0.0,1.0,0.0,0.0,0.0
5.300000000000001,171.71493486339358,1.0508545926913703e-07,5.017950822760737,0.001009887729064883,-0.00100610167004542,-0.0004397546194042901,-0.4431040866111172,0.7732345122997957,0.43369987800870263,0.13293452035173836,1279063.300663858,-5006020.079124123,3732231.1647939174,0.6287545476739413,-1.3206432095273184,3055.862379664866,0.0,-0.0037749282332382133,0.03153875984782941,0.7857730230366823,0.0009544759582612541,-0.0009347745256157159,-0.00038078686656625873,0.0009664835443242457,-0.0009333311099929808,-0.00038412255832034263,328.36160802676704,0.9040417962223397,69625.04960919806,268.29643891853294,0.5231678550684277,0.029214252942567492,6.756599137721085e-10,171.78823815837,13339.678593087328,9.788833825004168,121.41335764764813,121.5312164117328,-0.3993586463637958,-8731.476732754843,-19.564981807765115,-74678.36483643929,-6.047277148055517,-2233.1428885549412,87.08101529470308,-0.09575190218594268,-0.00021455525584797695,0.8189445730755344,-0.00011217857888212174,-0.010643316935751435,-0.00020050636481668208,0.0,-0.00011200191768936536,-0.010624270245478393,-0.00020055684984572036,0.0,0.5,0.0,0.0,1.0,0.0,0.0,0.0
5.4,171.5909166943607,0.0038057957919616445,5.160148023073735,0.0009950118082325261,-0.002036138220387378,-0.00030986331384622766,-0.4431005214155486,0.7732177494421189,0.43375836452507105,0.13285304705888423,1279073.3104904988,-5006010.179869823,3732240.999178985,0.6287564558670135,-1.320640858212966,3055.893518075347,0.0,-0.003680401675748188,0.03136486633064508,0.785741314525445,0.0009438506814268156,-0.0019693087850904075,-0.00024711628709854104,0.0009516001799928225,-0.001968386409785303,-0.0002542409043173973,328.3614842617709,0.9040389008968296,69624.774358049,268.2962367145391,0.5228033627825268,0.030063324109661463,2.2169448992152225e-05,171.66848818031556,13321.044771093133,9.78883382323574,121.33006244684474,121.44561122968035,-0.2234825959793385,-8763.375078331494,-34.01571039349554,-75061.19449422078,-1.4578151526514536,248.4354792452567,127.57670205264513,-0.09610170868019709,-0.00037302612995175567,0.823142793957033,-0.00015109366223143742,-0.013958791540006177,-0.00028860037794976856,0.0,-0.00015107911784781883,-0.013959564647706217,-0.00028860658974245806,0.0,0.5,0.0,0.0,1.0,0.0,0.0,0.0
5.5,171.46735564113206,0.005140071112214901,5.2948712494536165,0.0009796749797424795,-0.001497116540853562,-0.00015972642692383695,-0.44309822874620275,0.7732041022047668,0.4338105921257224,0.13276955671487664,1279083.3097192456,-5006000.273902433,3732250.816617745,0.6287583627466361,-1.320638508557773,3055.9073539612195,0.0,-0.0035861227367063207,0.031193730287535772,0.7857240931747552,0.0009331962739494697,-0.0014290829021768605,-9.903455804246429e-05,0.000936285093842167,-0.0014287186940341024,-0.00010411075991271755,328.3614292686503,0.9040376144023456,69624.65205432748,268.29614686822583,0.5224398279093988,0.030869954840318816,2.9962684792344448e-05,171.54908859922202,13302.50208857514,9.788833874727043,121.24690769141736,121.3601027172294,-0.05559614760345066,-8693.441518657715,-34.809830809512476,-76063.0325269051,-7.452377928056244,416.5671878631742,122.63441737849541,-0.09533479701446726,-0.0003817346843836843,0.8341292399211947,-0.00013883951477867938,-0.014183376236989882,-0.0002751428730592246,0.0,-0.0001388572588777344,-0.014183605120123247,-0.00027514335033169496,0.0,0.5,0.0,0.0,1.0,0.0,0.0,0.0
5.6000000000000005,171.34451496006926,0.004218462974967394,5.427677940893151,0.000911704336680964,-0.0009994972163527615,-3.734524725452492e-05,-0.443106902835936,0.773190830579495,0.4338452271282572,0.1327047039550615,1279093.2986338662,-5005990.3620242905,3732260.617813961,0.6287602683239522,-1.3206361605469958,3055.904986430891,0.0,-0.0034956294780845243,0.031076470147754384,0.7857205976537225,0.0008689847728817563,-0.0009310000222916908,2.1527895010854003e-05,0.0008683158986779044,-0.0009310695237982068,1.8262816796778426e-05,328.36143867880895,0.904037834541102,69624.67298235281,268.29616224229534,0.5220785380873035,0.03166639970119114,2.460740664542902e-05,171.43045986963142,13284.113930681471,9.7888339760913,121.1641234184088,121.27509188220893,0.10108370953699557,-8613.696595749476,-24.967122854568085,-77098.83081274132,-12.553961120397847,349.0301127913582,84.3349361269084,-0.09446029109847584,-0.0002737966988409703,0.8454881038551383,-0.00010036755254092343,-0.014071128156369288,-0.00018479428391448053,0.0,-0.00010039283248348866,-0.014071099480166816,-0.00018479397496105613,0.0,0.5,0.0,0.0,1.0,0.0,0.0,0.0
5.7,171.22236267505005,0.0018438506083963818,5.557574097506887,0.0008151546811696235,-0.0005555498203307688,2.9435400575676008e-05,-0.44312302855800123,0.7731784247284365,0.43386528420715587,0.13265755279821487,1279103.2775020422,-5005980.445072786,3732270.4034463405,0.6287621726041319,-1.3206338141705574,3055.8875243226066,0.0,-0.003413316262206047,0.031005769936088154,0.7857265191656116,0.0007744559906694616,-0.0004868538342549103,8.673863985731639e-05,0.0007717670232490908,-0.0004871469216907815,8.503466184099664e-05,328.36150808497746,0.9040394582106083,69624.82734043646,268.296275636267,0.5217192917588487,0.03244683428765471,1.0763080618902525e-05,171.3125334389619,13265.867828669534,9.788834123911448,121.08162367834066,121.19060998871231,0.24683368323477772,-8537.348617577707,-9.82853631257992,-78095.8757960761,-13.409406969934329,324.5605782021896,31.477582206978276,-0.09362303706210265,-0.00010778257520892623,0.8564219878522312,-5.619706270653374e-05,-0.014015711240771068,-6.026714653953951e-05,0.0,-5.6225465286438174e-05,-0.014015700103875674,-6.0264852487036574e-05,0.0,0.5,0.0,0.0,1.0,0.0,0.0,0.0
5.800000000000001,171.10084139935802,-0.0009464932158379571,5.684251493852245,0.0007192371710288272,-0.00014123905771594442,3.5008622083627105e-05,-0.44314490980132953,0.7731661277125126,0.4338737655448803,0.13262838460896653,1279113.2465389902,-5005970.523843079,3732280.174096545,0.6287640755849766,-1.3206314694261658,3055.8559760280573,0.0,-0.003340768748800542,0.030978111791250606,0.7857358746840857,0.0006786686505792984,-7.254723671325781e-05,9.088375647660288e-05,0.0006758536931948136,-7.285031212688498e-05,9.059719550802314e-05,328.3616334791287,0.9040423916481408,69625.10621479746,268.2964805019316,0.521361871055449,0.033209433214443,-5.5287696741742595e-06,171.1952356133277,13247.75075363699,9.78883431507963,120.99935986261302,121.10663875642123,0.3819624783283549,-8462.667002919863,4.9749857535358135,-79063.35203291941,-10.987808954560201,302.4051095416924,-17.24677407993658,-0.09280405685054456,5.4557134357583435e-05,0.8670316124132095,-1.962717743961093e-05,-0.013962176843781968,5.422136891824025e-05,0.0,-1.965103650194537e-05,-0.013962168861457952,5.422492552710164e-05,0.0,0.5,0.0,0.0,1.0,0.0,0.0,0.0
5.9,170.9798962604802,-0.0032334499616307123,5.807531816763055,0.0006451192482282456,0.00024366122990814265,-6.793423522413423e-06,-0.4431719821391653,0.7731526633941319,0.4338736019819002,0.13261694799130808,1279123.2060441282,-5005960.599147568,3732289.930467959,0.6287659772763168,-1.3206291262966292,3055.8114514487484,0.0,-0.0032769048101592368,0.03099033947484014,0.7857431108053932,0.0006032222415693347,0.0003121938155183135,4.778232889220666e-05,0.0006017416937128478,0.00031203562553942414,4.878208523725276e-05,328.3618104497673,0.9040465316523448,69625.49979434845,268.29676963190406,0.5210060742849754,0.033953115996607906,-1.8900411253506217e-05,171.07849780731263,13229.750250322471,9.78883454617573,120.91732514395396,121.0231225457138,0.5068458002493678,-8389.611101162092,15.229382422430737,-80000.42543969037,-6.809580980236202,280.2108850817023,-48.74535290888231,-0.09200290467739906,0.0001670098175483332,0.8773078307360028,1.079738214624924e-06,-0.013907281785446878,0.00012777836438281282,0.0,1.0657660216327996e-06,-0.013907272941597474,0.00012778201399478732,0.0,0.5,0.0,0.0,1.0,0.0,0.0,0.0
6.0,170.85947907387458,-0.004461044154620028,5.9272407223895485,0.0006025532951934606,0.0005996911665185818,-7.199309542707905e-05,-0.44320444343868737,0.7731368382611558,0.43386700352083973,0.1326223104179137,1279133.1562556298,-5005950.671749795,3732299.6731704925,0.6287678776818628,-1.32062678477387,3055.7549551893026,0.0,-0.0032190754370091308,0.031039529136731418,0.7857446650756958,0.0005586043872053044,0.0006679942156532548,-1.859250635739896e-05,0.000559181397184089,0.0006680505763769116,-1.6433134235975264e-05,328.3620350039185,0.9040517848126273,69625.99919878462,268.2971365025671,0.5206517202340751,0.03467682778369606,-2.6093736695365216e-05,170.96225838435177,13211.855179609025,9.788834814103865,120.8355365833293,120.9399868566991,0.6218230974142083,-8318.279155311518,19.026415448758154,-80905.62839797507,-2.4923610067371267,258.66768795979465,-57.96567633603754,-0.09122065790393005,0.00020864918120486176,0.8872345484921134,4.069866818907324e-06,-0.013852136666137974,0.00014852254406759423,0.0,4.0678688416971585e-06,-0.01385212785172657,0.0001485251017938659,0.0,0.5,0.0,0.0,1.0,0.0,0.0,0.0
6.1000000000000005,170.7395467763125,-0.004501459313069313,6.043213264833011,0.0005900723110843307,0.0009276128450272552,-0.00013536483979813957,-0.44324285778659944,0.7731178959083189,0.4338551920409024,0.13264299114156441,1279143.0973543727,-5005940.742380883,3732309.4027352524,0.6287697767995071,-1.3206244448589712,3055.6874088542536,0.0,-0.0031641626806006968,0.03112299521733849,0.7857394649140863,0.0005441205342575944,0.000995699334593799,-8.301377986090928e-05,0.0005467037725826417,0.0009959568820531374,-7.982266711298068e-05,328.3623034785056,0.904058065435946,69626.59628148885,268.2975751292828,0.5202986440585504,0.03537957061546466,-2.6347974568712403e-05,170.8464612594818,13194.055463622155,9.78883511602364,120.75401699721866,120.85715538098823,0.7272024440066854,-8248.73644649611,16.73333262824078,-81777.73801633745,0.6857806828780875,237.81286644893945,-47.354585313478864,-0.09045803242189003,0.0001835025709973614,0.8967983550999455,-7.0665557925220094e-06,-0.013796949191626327,0.00012231796668217302,0.0,-7.057602909380988e-06,-0.013796939684804731,0.00012231857304262667,0.0,0.5,0.0,0.0,1.0,0.0,0.0,0.0
6.2,170.62005467732803,-0.0036087500793660857,6.155347209353481,0.000597731943505718,0.0012284860778162033,-0.00017810304541434862,-0.44328766622028437,0.7730957261494703,0.43383850790823614,0.13267703062666142,1279153.0295939636,-5005930.811763476,3732319.119799325,0.628771674639736,-1.3206221065390356,3055.6098038563505,0.0,-0.0031095586995136585,0.03123782244390261,0.7857287548574023,0.0005504066003117665,0.0012964271365646183,-0.00012667407592300257,0.0005543629915291183,0.0012968145712824173,-0.00012258040499217294,328.3626119329874,0.9040652813383206,69627.28227876729,268.29807907409815,0.5199466800789471,0.03606070313284561,-2.1137030913877853e-05,170.7310499362412,13176.340782952473,9.788835448880166,120.6727759367126,120.77456141783597,0.8233935768819874,-8181.019581328961,10.435849342977123,-82616.06729273044,2.0943658040049598,217.67532860129387,-24.659700977734644,-0.08971542966999817,0.00011444254575717212,0.9059917166961193,-2.541386863108817e-05,-0.01374191236890558,6.758908595427613e-05,0.0,-2.53971792410719e-05,-0.013741902854789571,6.758741861849016e-05,0.0,0.5,0.0,0.0,1.0,0.0,0.0,0.0
6.300000000000001,170.50096351241942,-0.0022422004066772936,6.263548204352395,0.0006124105512609403,0.001503286119259999,-0.00019176432131719464,-0.443338989669595,0.7730707584619917,0.43381663388995423,0.13272254004097067,1279162.953170773,-5005920.880580081,3732328.8249129145,0.6287735712068816,-1.3206197698099453,3055.5230378182605,0.0,-0.003053823244496379,0.03138137092965585,0.7857151167194794,0.0005646086321591439,0.0015711756230232096,-0.00014113063184750772,0.0005690367779838947,0.0015715990719009595,-0.0001362624025644827,328.3629567996073,0.904073349056602,69628.04925599296,268.2986425081067,0.5195956806739169,0.036719633187188315,-1.3141796477580468e-05,170.61597404639193,13158.701979681864,9.788835809907273,120.59180534015618,120.69216087159823,0.9107661522210869,-8115.1634006174845,2.8590759539628094,-83419.9789252876,1.7628106892190234,198.2996150412878,0.7910850064987712,-0.08899323172263726,3.135345480095597e-05,0.914807644443827,-4.366655153000933e-05,-0.013687232211651646,6.506366733818943e-06,0.0,-4.364625088796919e-05,-0.013687222349187204,6.5026512092994295e-06,0.0,0.5,0.0,0.0,1.0,0.0,0.0,0.0
6.4,170.382238415993,-0.0008940846162264942,6.367726286795257,0.0006221388518434536,0.001752929734155527,-0.0001781156596169091,-0.44339652351004616,0.7730437614958182,0.4337889944344903,0.13277791806055023,1279172.868230892,-5005910.949489338,3732338.518550396,0.6287754664989097,-1.3206174346758377,3055.427935215955,0.0,-0.0029967820759825904,0.03155121583737181,0.7857014577317435,0.0005747132651937223,0.0018208515343436941,-0.00012815617572596406,0.0005787560633510394,0.0018212272270821722,-0.00012263517439528771,328.36333480134306,0.9040821919289987,69628.88992512658,268.2992600773955,0.5192455126008594,0.0373557968236221,-5.24384647691668e-06,170.50118809781003,13141.130829579575,9.788836196563926,120.5110787836346,120.60993193849882,0.9896563433007618,-8051.201532679266,-3.5190957378827195,-84188.86433170259,0.2109034400610616,179.7288232224219,20.979537219336574,-0.08829180735767556,-3.859142287039007e-05,0.9232394644532719,-5.618233203027248e-05,-0.013633103384768698,-4.1877048128795775e-05,0.0,-5.616223880970944e-05,-0.013633093577156953,-4.188217621699749e-05,0.0,0.5,0.0,0.0,1.0,0.0,0.0,0.0
6.5,170.26384373681742,6.129372697593106e-05,6.467852806275294,0.0006193768871720845,0.0019786182718163534,-0.0001466271540549282,-0.4434595029804913,0.7730156073622168,0.43375520986862476,0.13284185744921345,1279182.774993501,-5005901.019121666,3732348.2012708373,0.6287773605254338,-1.3206151011258556,3055.325362417226,0.0,-0.002939285093498662,0.03174478454456961,0.785690088932613,0.0005728956892928565,0.0020466236585249,-9.723346706174777e-05,0.0005759818030327034,0.0020469004768652174,-9.116849708321772e-05,328.36374249466604,0.9040917293985166,69629.79662782191,268.2999261560182,0.5188960455274915,0.03796898080940462,3.597419141661914e-07,170.38664747461937,13123.619100587082,9.78883660618055,120.43055352983822,120.5278674927622,1.0604848442377302,-7989.1392830243985,-7.146414315939028,-84922.63934477937,-1.8038982890053639,161.98606568589307,31.291877136333763,-0.08761121475687302,-7.83696487437261e-05,0.931286253722611,-6.030785035246551e-05,-0.013579693010843216,-6.661473430105481e-05,0.0,-6.0290554288257044e-05,-0.01357968300477992,-6.6620470240106e-05,0.0,0.5,0.0,0.0,1.0,0.0,0.0,0.0
6.6000000000000005,170.14574830382995,0.000448485347145949,6.563901340916376,0.0006020842428756684,0.002181452732262668,-0.00010962324185941969,-0.44352696044552903,0.772987011085452,0.4337152511507667,0.13291349807985814,1279192.6736291144,-5005891.090077904,3732357.873550158,0.6287792532892459,-1.3206127691568195,3055.2161041870713,0.0,-0.0028826861804190046,0.031959746850131546,0.7856821907114786,0.0005567350733700288,0.0022495541900204347,-6.070268597831163e-05,0.000558674785595769,0.0022497197404560357,-5.418668510237021e-05,328.3641767603921,0.9041018884957879,69630.76242706882,268.3006356479339,0.5185471642012288,0.03855898853753298,2.6339299682726965e-06,170.27231268437237,13106.159540313802,9.788837036338723,120.35018286987356,120.44596905053093,1.1236314438621378,-7928.981299569861,-7.615961928723024,-85621.22880211224,-3.577196308598635,145.08280912536526,30.999720291185348,-0.08695150489063312,-8.351884383031153e-05,0.938947187999139,-5.6386242178139974e-05,-0.013527139673248102,-6.601664218800472e-05,0.0,-5.637276413620671e-05,-0.013527129618550852,-6.602224834886191e-05,0.0,0.5,0.0,0.0,1.0,0.0,0.0,0.0
6.7,170.02792455646417,0.00029179983708619016,6.65584542325044,0.00057295130575178,0.002362439980531132,-7.82960707350378e-05,-0.4435979027995288,0.7729584112337444,0.4336695069254595,0.13299231056440927,1279202.5642639697,-5005881.162943485,3732367.5357923103,0.6287811447863679,-1.3206104387730861,3055.1008822430545,0.0,-0.002828346563973936,0.03219396120628073,0.7856777558279869,0.0005285682648097852,0.002430617439785774,-2.977205544811161e-05,0.0005295265600957021,0.0024306918841336816,-2.2881919159911324e-05,328.36463472993006,0.9041126021137496,69631.78094317148,268.3013838665136,0.5181987653731428,0.039125626028686314,1.7148694669619737e-06,170.15814830873,13088.74568443736,9.78883748481401,120.26992359919458,120.36423832581808,1.1794422643290992,-7870.732508337286,-5.507182223382866,-86284.54901241981,-4.634609277312801,129.02141660425949,22.545757396414206,-0.08631273177913551,-6.039335495167086e-05,0.94622134950003,-4.696918268240636e-05,-0.013475560473518158,-4.5953563105098546e-05,0.0,-4.695909674799893e-05,-0.013475550206767025,-4.595854376301557e-05,0.0,0.5,0.0,0.0,1.0,0.0,0.0,0.0
6.800000000000001,169.91034467338903,-0.00023027546692989357,6.743715833113784,0.0005376640952724897,0.0025227855844937004,-5.96447675978601e-05,-0.4436714353419515,0.7729299411450068,0.4336187840736186,0.1330778503681231,1279212.4470936279,-5005871.238258049,3732377.1884717187,0.6287830350243216,-1.3206081099638798,3054.980437313517,0.0,-0.0027771977313648306,0.03244521004812078,0.7856758153272856,0.0004938524127249812,0.0025910005117279838,-1.1455201579887446e-05,0.0004942240046174784,0.00259102231817914,-4.25344122368609e-06,328.3651134591269,0.9041238013776701,69632.8456283863,268.30216600167785,0.5178507510332186,0.039669028356283866,-1.3542179768712931e-06,170.0441206173739,13071.371213037739,9.78883794932393,120.18974065995711,120.28266886699092,1.2283316991994704,-7814.371571503919,-2.0250441898337175,-86912.99815552385,-4.824092399864353,113.78560160429676,10.2141266609316,-0.08569466142563711,-2.2207220968679406e-05,0.9531131047805083,-3.56496333806498e-05,-0.013425038156109629,-1.6688717005706276e-05,0.0,-3.5641562986229955e-05,-0.01342502761462878,-1.669289610617038e-05,0.0,0.5,0.0,0.0,1.0,0.0,0.0,0.0
6.9,169.79298447258122,-0.0008784671210853894,6.827539748374295,0.0005024191186247769,0.002663565818154921,-5.54860499719411e-05,-0.44374691331867044,0.7729014958815955,0.4335640454380047,0.13316971741800956,1279222.3222665708,-5005861.316540266,3732386.8319883966,0.6287849240041107,-1.3206057827262192,3054.855440721847,0.0,-0.0027295844914736428,0.03271148528505991,0.7856749780668569,0.0004587161676759965,0.002731776736151816,-7.578781908129321e-06,0.0004589640366783335,0.00273178723526018,-1.1809309298614764e-07,328.365610279692,0.9041354238662602,69633.95054848185,268.3029776940433,0.5175030353105404,0.040189313296742246,-5.169576220299196e-06,169.9302000113386,13054.0306081619,9.788838427799599,120.10961122023097,120.20124619937339,1.2706739463281798,-7759.879462852883,1.5225969372354242,-87506.93148991675,-4.274729929144511,99.35895653197842,-1.6268644566677017,-0.08509708518313439,1.6697238905289275e-05,0.9596263497080725,-2.572591208430506e-05,-0.013375644086764971,1.1320156964339452e-05,0.0,-2.5718163950591767e-05,-0.013375633433009248,1.13166690823259e-05,0.0,0.5,0.0,0.0,1.0,0.0,0.0,0.0
7.0,169.67582272650387,-0.0014310149297356639,6.907339665396914,0.0004721433808328673,0.00278574982017877,-6.31680269391924e-05,-0.4438239432647992,0.7728728481578155,0.4335062362324973,0.13326744350115424,1279232.1898867993,-5005851.398300026,3732396.4666785942,0.6287868117204236,-1.3206034570650131,3054.726510717223,0.0,-0.002685299331918433,0.03299093989795773,0.7856739006319169,0.0004281624978401508,0.0028539244642449644,-1.5496165447034655e-05,0.00042867364932791627,0.0028539557621768,-7.824060177379332e-06,328.3661227342869,0.9041474120932002,69635.09023838161,268.3038149288753,0.5171555419943148,0.040686574237538214,-8.426843460634836e-06,169.8163601746441,13036.718997892973,9.78883891833537,120.0295230286818,120.11994860475919,1.3068105941500554,-7707.239901583009,4.099755076489898,-88066.65493408738,-3.294824863767608,85.72740589950767,-9.715654473779928,-0.08451982451164729,4.495910131647656e-05,0.9657644390734546,-1.9388771843136156e-05,-0.013327444780826569,3.0270854518936303e-05,0.0,-1.9379906510206125e-05,-0.013327434234857457,3.0267763208897495e-05,0.0,0.5,0.0,0.0,1.0,0.0,0.0,0.0
7.1000000000000005,169.55883831216153,-0.0017450081154243243,6.983189466170405,0.00044930699394891743,0.002890461956763717,-7.719722525437482e-05,-0.44390231289626425,0.7728437749068647,0.4334461686180155,0.1333703692798376,1279242.0501209283,-5005841.483986153,3732406.09294065,0.6287886981799039,-1.3206011329705654,3054.5942663261667,0.0,-0.0026437147569009526,0.03328170678207533,0.7856716669002204,0.00040483381019205944,0.0029585840417818724,-2.971604935160834e-05,0.00040582264295551106,0.0029586522178778234,-2.1877858125762185e-05,328.3666483624838,0.9041597084998911,69636.25922613758,268.3046736863914,0.5168082012914367,0.04116120112426808,-1.0282746034080005e-05,169.70257690372253,13019.431740382035,9.78883941902381,119.94947047840954,120.03874884157541,1.3371368198460991,-7656.413647933224,5.192004427274682,-88592.90131316896,-2.2465359516442356,72.87035506014176,-12.635164914152881,-0.08396244909659345,5.69370239749278e-05,0.9715354092492668,-1.7294963165945808e-05,-0.013280488958462287,3.6787102641239636e-05,0.0,-1.728418148844743e-05,-0.013280478430966492,3.678406493694337e-05,0.0,0.5,0.0,0.0,1.0,0.0,0.0,0.0
7.2,169.44201302297571,-0.0017783091584955629,7.055154929758194,0.00043385000064755493,0.002978713305325719,-9.16086378623421e-05,-0.44398192551895327,0.7728141472286034,0.4333843954144582,0.13347775008850143,1279251.9030890684,-5005831.574034599,3732415.7111075358,0.6287905833830896,-1.3205988104412534,3054.4592689434066,0.0,-0.002604084275022923,0.033582093884367795,0.7856679498573194,0.0003888641160837169,0.0030467828631291507,-4.427357514052808e-05,0.0003903506359983693,0.0030468877596153124,-3.631439216224649e-05,328.36718493292204,0.9041722608864791,69637.45254924396,268.30555032105383,0.5164609528227526,0.041613540197930544,-1.0486004100931243e-05,169.58882920618194,13002.164831669877,9.78883992813479,119.86945091935702,119.95762032843403,1.3620096566947462,-7607.365947833128,4.822904779172372,-89086.32476611757,-1.4241323585849048,60.77375231988577,-10.751443094886428,-0.08342457781477329,5.288937035530834e-05,0.9769464337127174,-1.877113967157736e-05,-0.01323482730786778,3.177295896991688e-05,0.0,-1.8758384274248275e-05,-0.013234816471514001,3.1769700036103196e-05,0.0,0.5,0.0,0.0,1.0,0.0,0.0,0.0
7.300000000000001,169.32588408732562,-0.0015775470612994804,7.123295912425742,0.00042379586984238966,0.003052265106258327,-0.00010166872701206018,-0.44406270598429887,0.7727839694927926,0.43332122363647585,0.13358879804908205,1279261.7488693376,-5005821.668878002,3732425.321456606,0.6287924673246917,-1.3205964894831401,3054.32203646563,0.0,-0.0025657566211368657,0.033890545137993076,0.7856629622772588,0.0003784336863260218,0.003120954712093122,-5.443900672356826e-05,0.00038027830769676006,0.0031210840353774797,-4.639997787895351e-05,328.3677303871319,0.9041850210976644,69638.66562970025,268.30644146978847,0.5161154267656283,0.04204376877844412,-9.30839626144382e-06,169.4756513042777,12984.999467486621,9.788840444071939,119.78985165821821,119.87693121516881,1.38173815829753,-6730.195478822083,3.4228939163977583,-89545.31523173829,-0.9973620972389566,61.36812231706967,-5.702168441329784,-0.07380527245327995,3.753644583925604e-05,0.9819798560665246,-2.228853852286581e-05,-0.013212285013293386,1.9183313217060855e-05,0.7019852907087044,-2.2273225009964123e-05,-0.013207991456704588,1.917935968705656e-05,0.7075063908487933,0.5,0.0,0.0,1.0,0.0,0.0,0.0
7.4,169.27876418290157,-0.0012467844554039872,7.190279114741876,0.0004202398142968196,0.003468192059487183,-0.00010494465486195061,-0.4441475196061363,0.7727524419229466,0.4332537640242741,0.13370796682200511,1279271.5892547402,-5005811.767314536,3732434.925975977,0.6287943503241378,-1.3205941697024466,3054.18315527495,0.0,-0.002528206547150365,0.03421920885198314,0.7856572562090275,0.0003746910003049953,0.003535970661034674,-5.867081756100773e-05,0.0003766982786061557,0.003536107605362129,-4.969669085116731e-05,328.3682823944363,0.9041979346102049,69639.89328412208,268.30734332479636,0.5159798053810534,0.042450449059594546,-7.358638022874377e-06,169.43140244311428,12978.405115125492,9.788840965043873,119.7590150568172,119.8450397912212,1.394595007015388,1807.2848397974797,1.610370354342125,-90002.90877657675,0.16428362884691908,388.0817453678126,0.3596469626502036,0.01981920888058377,1.7659787613436047e-05,0.9869979593825334,-2.860037119028432e-05,-0.013689030231998033,5.002227384976688e-06,7.961254438646535,-2.8586589889471038e-05,-0.01368967413503399,4.998597074012021e-06,7.963227518900415,0.5,0.0,0.0,1.0,0.0,0.0,0.0
7.5,169.26959467234812,-0.000899956910483877,7.25832743143252,0.00041732424983033253,0.0037641384442019545,-0.00010151419263111522,-0.4442416279089319,0.7727180361759975,0.43317668014537497,0.1338438513526221,1279281.4282623474,-5005801.866090076,3732444.5289009954,0.6287962331195196,-1.3205918501899487,3054.043371031992,0.0,-0.002490798030599425,0.034591079494193426,0.7856514710343613,0.0003718400461884486,0.0038322301287339704,-5.5864376401372635e-05,0.00037377206992814024,0.0038323573045145076,-4.628548309856283e-05,328.3688379910781,0.9042109320907534,69641.12892116644,268.30825104396934,0.5159598693779263,0.042854026287146324,-5.3118261896664715e-06,169.4251427576581,12977.632697371662,9.788841488788977,119.75507709931672,119.84006323258181,1.3999147488009749,2901.785850067682,-0.008140204684467781,-90629.28155994049,-1.1047070386558142,84.65764279841132,5.504299459895546,0.03182182388895505,-8.926784169243185e-08,0.9938669447008575,-2.975678305907312e-05,-0.013244595418807084,-8.160101895635443e-06,8.85785509217901,-2.974281715940505e-05,-0.013244578065381431,-8.16414687499189e-06,8.858085393175418,0.5,0.0,0.0,1.0,0.0,0.0,0.0
7.6000000000000005,169.26523471272688,-0.0006352770524432932,7.322583813178358,0.00040656461237946484,0.0038082457608434213,-9.34077758653767e-05,-0.4443385860584848,0.772682934163876,0.43309611345090915,0.13398530039167272,1279291.2669586218,-5005791.964835186,3732454.131553664,0.6287981158875975,-1.3205895307279276,3053.903385585174,0.0,-0.0024541024407466285,0.03497730115855284,0.7856462624872922,0.0003613204978228589,0.0038763089279384203,-4.7740722077958055e-05,0.00036298998700529464,0.003876414345133713,-3.8198529977713885e-05,328.36939438743946,0.9042239482797284,69642.3663367728,268.30916006970307,0.5159541503168723,0.04323404532942176,-3.749638354121564e-06,169.42355187122956,12977.575791523523,9.788842013152962,119.75447245649191,119.83843073152434,1.3988505519000045,3085.029554224811,-1.0166963519158645,-91153.4747837095,-1.80585815963327,7.778970266329452,8.407361567830561,0.033831327409799605,-1.1149386595311674e-05,0.999615399380989,-2.9925959099504446e-05,-0.013106116213278582,-1.5550278338407778e-05,8.987243087683117,-2.9911685890674473e-05,-0.013106070207739781,-1.555479623414247e-05,8.987269584675138,0.5,0.0,0.0,1.0,0.0,0.0,0.0
7.7,169.2616191503848,-0.0005055282905893136,7.381809777521619,0.00039206643746378476,0.003808964744305799,-8.349251738271662e-05,-0.44443543732299867,0.7726481816948771,0.43301473733302986,0.13412742679586048,1279301.105577292,-5005782.0638882285,3732463.7343880795,0.6287999986504551,-1.3205872112888006,3053.7637777347118,0.0,-0.002418656002990469,0.03536510512780381,0.7856419874073904,0.00034713665343558657,0.0038770420043282993,-3.7703427585427366e-05,0.0003484697487967745,0.003877121799800659,-2.8302520083357075e-05,328.3699492829788,0.9042369293588717,69643.60041457774,268.31006664343323,0.5159501051153669,0.04358421655881554,-2.983831899909224e-06,169.42250984927367,12977.6024619139,9.788842536353117,119.75427577897752,119.83722843748072,1.3924664543005438,3154.0120601614403,-1.2627637757903871,-91620.00081979725,-2.193424554409079,-5.256673411660683,8.719395481467643,0.03458780954485552,-1.3847833218159904e-05,1.0047314589825789,-2.858906761430221e-05,-0.01305856863028035,-1.6500264078845954e-05,9.023494585419316,-2.857550785203734e-05,-0.013058558716669751,-1.6504842887868006e-05,9.023496229496674,0.5,0.0,0.0,1.0,0.0,0.0,0.0
7.800000000000001,169.25824431653663,-0.0005130336901177816,7.436115590870225,0.0003750407977278534,0.0037948774140436374,-7.45646303368279e-05,-0.44453157666803206,0.7726140058612252,0.43293302022850877,0.13426941341487436,1279310.9442354906,-5005772.163629162,3732473.337713612,0.6288018814107045,-1.3205848918688128,3053.6250506099313,0.0,-0.002384760173851498,0.035752227439240634,0.7856386874181532,0.0003303991537725411,0.003862978901136751,-2.8624286410358902e-05,0.0003314223177663126,0.0038630361349760315,-1.9393643419660408e-05,328.3705006779216,0.9042498285459883,69644.82670711837,268.310967497981,0.5159462031490072,0.043905316778586403,-3.0281496185457633e-06,169.42151305091213,12977.63488163376,9.788843056838973,119.75412200116425,119.83610239350706,1.3812735206790678,3207.9805737503643,-0.8446081985754939,-92046.17788719221,-2.4223472824761134,-16.053102625284126,6.902515299870539,0.03517964389229207,-9.262218074986497e-06,1.009405040109814,-2.5801731167950847e-05,-0.013015251550099739,-1.2309700339915621e-05,9.048849592650283,-2.5788839768006995e-05,-0.013015243025627855,-1.2314209041244873e-05,9.04884828325931,0.5,0.0,0.0,1.0,0.0,0.0,0.0
7.9,169.25505090454385,-0.0006211434821143168,7.48566068186729,0.0003566984559146816,0.0037669477055149395,-6.857332261033837e-05,-0.44462660148671157,0.7725805048384945,0.4328513448365791,0.1344107957890041,1279320.7830306396,-5005762.264421648,3732482.941805525,0.62880376416852,-1.3205825724670939,3053.4876707925773,0.0,-0.002352626012208296,0.03613723466707068,0.7856361633652437,0.0003122467846810308,0.003835065839011347,-2.245830310309356e-05,0.0003130581837412377,0.0038351080276204774,-1.3421107844028149e-05,328.37104671775813,0.9042626024571677,69646.04108999785,268.311859603497,0.5159422741342613,0.04419830085196385,-3.666282816631821e-06,169.42050460340104,12977.663715310033,9.788843573172597,119.75396397718436,119.83501334963819,1.365675868662179,3259.128706137104,-0.02755970439863869,-92433.61465126046,-2.448813083399771,-26.014754348732403,3.9199320157169435,0.035740549122780324,-3.0222769877545743e-07,1.0136537838529123,-2.2388819815718363e-05,-0.012974106057941904,-5.331780788413644e-06,9.073596139413223,-2.237666703350042e-05,-0.01297409706257327,-5.336043672616783e-06,9.07359469379432,0.5,0.0,0.0,1.0,0.0,0.0,0.0
8.0,169.25203208349905,-0.0007721731253497631,7.530652469136629,0.0003385200875123002,0.00372654497959889,-6.619747320256526e-05,-0.44472018782680295,0.7725477040894029,0.4327701304279216,0.13455115607616538,1279330.622049374,-5005752.366588178,3732492.5469056456,0.6288056469237833,-1.3205802530828856,3053.3520503329732,0.0,-0.0023223141436623605,0.03651882022109755,0.785634075594662,0.00029413195440093176,0.0037946708348614378,-1.9889520859179564e-05,0.00029485813370419084,0.0037947067612125835,-1.1063792032589361e-05,328.37158576472314,0.9042752127789634,69647.23992085541,268.31274028424343,0.5159383149549234,0.04446439322817313,-4.557758743545667e-06,169.41948263852055,12977.688126910405,9.788844084084083,119.75379583878382,119.83395800272974,1.346102203556344,3308.796818455796,0.8653221083207945,-92784.0207065526,-2.2904615955856515,-34.993194424198606,0.8628419539597889,0.03628522402463961,9.489372807287398e-06,1.0174964381207556,-1.9201388536139393e-05,-0.012935378762984017,1.7938797995516226e-06,9.098807354741592,-1.919001044646488e-05,-0.01293536941421145,1.7899895941382988e-06,9.09880608308097,0.5,0.0,0.0,1.0,0.0,0.0,0.0
8.1,169.24918737087472,-0.0009098459785596778,7.571279272298116,0.00032174913737249383,0.0036748665435031263,-6.696791277197787e-05,-0.44481208876391076,0.7725155911395777,0.4326897792073504,0.13469009672246382,1279340.461370524,-5005742.470423787,3732502.153234845,0.6288075296763382,-1.3205779337155479,3053.2185661038384,0.0,-0.002293755004407813,0.036895800931122325,0.7856320803505856,0.00027731131586361345,0.0037429926094275363,-2.045199099133911e-05,0.00027806573725903006,0.0037430296427944914,-1.1852517655144005e-05,328.3721163208707,0.904287624468829,69648.41986828629,268.3136070929159,0.5159343410818819,0.044704704094342414,-5.370406651126487e-06,169.4184514636715,12977.708273471068,9.788844588411932,119.7536185049305,119.83293529430385,1.3229410180355696,3357.0372648040466,1.563713545128903,-93099.00921761135,-2.0141945923661866,-43.118497760604846,-1.4054386809013673,0.03681424272806419,1.7148135533400887e-05,1.0209506933428363,-1.6841006482139868e-05,-0.012898905832492563,6.990815527305539e-06,9.124453803600437,-1.6830390917742827e-05,-0.01289889660718785,6.987347870565614e-06,9.124452724672457,0.5,0.0,0.0,1.0,0.0,0.0,0.0
8.200000000000001,169.2465169208979,-0.0009939982282229486,7.607712186298459,0.00030711034326937867,0.0036129563151266037,-6.965053707782381e-05,-0.4449021165983665,0.7724841465921717,0.432610647955257,0.13482721208746778,1279350.3010672512,-5005732.576204205,3732511.7609996204,0.6288094124260473,-1.320575614364547,3053.087570476035,0.0,-0.002266783632388214,0.03726707488014803,0.7856299211524524,0.0002625521259559731,0.0036810782522223025,-2.2913328963681598e-05,0.0002634058444842238,0.003681120698159213,-1.4553154036091722e-05,328.3726369856421,0.9042998047624607,69649.5778174724,268.3144577413182,0.5159303691197882,0.044920241894763284,-5.86715494649273e-06,169.417415808834,12977.7244094955,9.788845085070177,119.75343486389716,119.83194305357642,1.2965498419988128,3403.7558400811977,1.9103407496914342,-93380.02566882559,-1.7057291401288341,-50.43574737640435,-2.4287590362655984,0.03732657215264172,2.0949349829918457e-05,1.0240324011195248,-1.5557812210370697e-05,-0.012864641820212684,9.174302758943239e-06,9.150390578368457,-1.5547914582082636e-05,-0.012864632102660964,9.171233704034917e-06,9.150389661076117,0.5,0.0,0.0,1.0,0.0,0.0,0.0
8.3,169.2440184115447,-0.0010092779281030927,7.640163239303227,0.00029468771045434197,0.003541904174981448,-7.274516109184338e-05,-0.4449901498177039,0.7724533593312699,0.43253300640383957,0.13496211514493742,1279360.141201512,-5005722.684157868,3732521.3703715517,0.6288112951728514,-1.3205732950292473,3052.9593555501974,0.0,-0.002241174584409437,0.03763170173372581,0.7856274841861142,0.00024999283482322074,0.0036100210738309125,-2.5774474825508398e-05,0.00025096254628939775,0.0036100697314384077,-1.7665475255702862e-05,328.3731465980327,0.9043117264996275,69650.71118636044,268.31529033263166,0.5159264145529019,0.045112257059923964,-5.957381020798662e-06,169.41638015977105,12977.736832573495,9.78884557315859,119.75324836135893,119.83097814553268,1.267299872275242,3448.871424728376,1.885886520871948,-93628.83945473941,-1.441349075971234,-56.984361383007986,-2.2158227671366353,0.03782132271780016,2.0681177675582618e-05,1.0267609651437477,-1.5241566044347952e-05,-0.012832532052585797,8.383842834081953e-06,9.176468793695351,-1.5232330295110313e-05,-0.012832522213285543,8.381098246067528e-06,9.176468018206664,0.5,0.0,0.0,1.0,0.0,0.0,0.0
8.4,169.24168956196414,-0.0009633698701649852,7.668823505015645,0.0002840662393558366,0.003462699123202148,-7.499749722344494e-05,-0.44507608324506687,0.7724232491097783,0.4324570511252113,0.1350944237093797,1279369.9818295185,-5005712.794494239,3732530.981508209,0.6288131779167287,-1.3205709757091488,3052.8341893851757,0.0,-0.0022167233762017974,0.03798881986298621,0.7856247955804896,0.0002392657479557541,0.0035308129201992423,-2.778208191688626e-05,0.00024032090262722294,0.0035308657859451672,-1.9935140129267312e-05,328.3736440925963,0.9043233647555623,69651.81760541689,268.3161031261582,0.5159224914849742,0.045281876465637014,-5.6864379652795775e-06,169.41534859825245,12977.745810503573,9.788846051851037,119.75306190692154,119.83003787247583,1.2355280797870227,3492.3110552533835,1.5795645533738973,-93847.04600518955,-1.2678405408105469,-62.79982181639581,-1.1191958985707962,0.03829769428475636,1.7321962279720854e-05,1.029153881361076,-1.5545991102913797e-05,-0.012802529180671122,5.485000139807792e-06,9.202554357755302,-1.5537365457303163e-05,-0.012802519279472164,5.482487139957587e-06,9.202553701399458,0.5,0.0,0.0,1.0,0.0,0.0,0.0
8.5,169.239528160346,-0.0008797398466712485,7.693866905882287,0.00027455297982555203,0.0033762533093760847,-7.567797268430268e-05,-0.44515980614274037,0.7723938675420875,0.43238292412100743,0.13522376727302035,1279379.8230034986,-5005702.90741017,3732540.594557841,0.6288150606576813,-1.3205686564038657,3052.7123240937167,0.0,-0.0021932834783040247,0.03833762105577296,0.785621981540272,0.00022970684679802784,0.0034443674602284927,-2.820778664912781e-05,0.00023078800082182929,0.0034444209978603526,-2.0632517094595463e-05,328.37412846726727,0.9043346960882056,69652.89484606548,268.3168944847494,0.5159186129979078,0.04543012585120107,-5.192830331165647e-06,169.41432490322342,12977.751585986553,9.78884652037053,119.75287732904943,119.8291205848732,1.201545274724333,3534.0089891776975,1.1408158539051274,-94036.09880829173,-1.1967479244334311,-67.91411894046973,0.33635843846085933,0.03875496590245408,1.2510516994853392e-05,1.0312270891430668,-1.6034036128012558e-05,-0.01277459154135254,1.7518452036041188e-06,9.228525748799877,-1.6025984017049426e-05,-0.01277458150795055,1.7494814904108122e-06,9.228525191829933,0.5,0.0,0.0,1.0,0.0,0.0,0.0
8.6,169.2375297571363,-0.000787862557957887,7.715500587291822,0.0002654207011411561,0.003283501935116133,-7.469565946200882e-05,-0.4452412235437895,0.7723652782586637,0.43231070872504895,0.13534984613465056,1279389.664764056,-5005693.023053261,3732550.209632071,0.6288169433957571,-1.3205663371128922,3052.5939488963536,0.0,-0.0021707700687015057,0.038677469186666986,0.7856192101734077,0.00022059404839209657,0.0033516200025324,-2.696245481585852e-05,0.00022163662582954315,0.0033516705913037735,-1.966662931335727e-05,328.3745989699558,0.9043457029033702,69653.94123567207,268.31766317966077,0.515914790499738,0.04555822745417734,-4.650535102513519e-06,169.41331243301462,12977.754421259775,9.788846978133915,119.75269516243513,119.82822559586859,1.1656663965990375,3573.93095120994,0.7246365064963748,-94197.71524742643,-1.2075972464131572,-72.36515659849374,1.6385108503408332,0.03919276169812313,7.946573759982125e-06,1.0329994218131653,-1.632111067915971e-05,-0.012748654644110055,-1.5798650170521255e-06,9.25427562571886,-1.6313611557272194e-05,-0.012748644649768342,-1.5821314885361917e-06,9.254275152182005,0.5,0.0,0.0,1.0,0.0,0.0,0.0
8.700000000000001,169.23569017187592,-0.0007129498258938894,7.733911541651735,0.0002561329805898042,0.0031852957941541494,-7.246224386617642e-05,-0.44532022344278804,0.7723375528143029,0.43224047954052935,0.13547239928216073,1279399.507148307,-5005683.14155964,3732559.8268337995,0.6288188261309902,-1.3205640178357962,3052.479238412343,0.0,-0.002149168132365597,0.0390077787431355,0.7856166308271626,0.00021137647984899568,0.0032534203776376424,-2.4459929781252757e-05,0.00021233036542856067,0.0032534653924622984,-1.7449124482627882e-05,328.3750549066075,0.9043563689645304,69654.95523067193,268.31840807696443,0.5159110343759316,0.04566728463936269,-4.208370737946916e-06,169.4123142401212,12977.754551193171,9.788847424603038,119.75251489899884,119.82735333641573,1.1281776500921614,3612.0480352726163,0.4442166448500223,-94333.44662542244,-1.262192046009845,-76.18798857800684,2.43606269988096,0.039610764679347495,4.871408357246692e-06,1.0344878914073958,-1.6175667673649272e-05,-0.012724660015989653,-3.669293599965524e-06,9.279708761510806,-1.6168711779851132e-05,-0.012724650115133006,-3.6714792611023122e-06,9.279708355179055,0.5,0.0,0.0,1.0,0.0,0.0,0.0
8.8,169.2340054739484,-0.000670160123322896,7.749270493020847,0.0002464405578068852,0.0030824212277650066,-6.96678752948174e-05,-0.4453966799543851,0.7723107584064056,0.4321723225050568,0.1355912000459554,1279409.3501911887,-5005673.263058543,3732569.4462605636,0.6288207088633877,-1.3205616985721942,3052.36835848478,0.0,-0.0021285089179516707,0.03932799622119205,0.785614337152083,0.00020177886026012334,0.003150553373243326,-2.139269790761798e-05,0.00020261997222167433,0.003150591735863804,-1.467012512491068e-05,328.3754956180503,0.9043666788511902,69655.93536507817,268.31912809972255,0.5159073542957279,0.04575830480565903,-3.955816357619955e-06,169.4113331598517,12977.752189097599,9.788847859266781,119.75233544762689,119.82650493210744,1.0893435279923451,3648.3347375713533,0.35009521789460885,-94444.71029899654,-1.3188321249389319,-79.41442531720124,2.5965145994557206,0.04000869516413307,3.839245534934198e-06,1.0357080410699322,-1.5546345914634796e-05,-0.012702556000910638,-4.206413935339034e-06,9.304738954123197,-1.553992631063429e-05,-0.012702545605357073,-4.208505290698697e-06,9.304738595345244,0.5,0.0,0.0,1.0,0.0,0.0,0.0
8.9,169.232469852867,-0.0006620192875439961,7.761774336548399,0.00023639103100891052,0.0029756634622776002,-6.702708797106818e-05,-0.4454704999221534,0.7722849345768331,0.43210631352943935,0.13570610623543428,1279419.193916194,-5005663.387630015,3732579.0679730526,0.6288225915929656,-1.320559379321552,3052.261412016116,0.0,-0.002108827127360307,0.039637743161104355,0.7856123474966661,0.00019182084127678992,0.0030438026533023766,-1.8477567083738487e-05,0.00019255305597589068,0.003043834820685162,-1.2044157000395058e-05,328.3759206952807,0.9043766229952279,69656.88072927407,268.3198225797156,0.5159037581303174,0.04583245019675052,-3.9077848749586855e-06,169.41037156619362,12977.747561625947,9.78884828180801,119.75215565622631,119.82568135542925,1.0494250590305734,3682.794163966665,0.4269957979116152,-94533.12978524558,-1.3450691690250862,-82.08155912590135,2.2042440228145495,0.04038658721224559,4.682559563156714e-06,1.0366776747593731,-1.4543061320322038e-05,-0.012682268477521567,-3.4044196001594844e-06,9.329294398325725,-1.4537166922033418e-05,-0.012682258343287319,-3.4063864772126214e-06,9.329294082887957,0.5,0.0,0.0,1.0,0.0,0.0,0.0
9.0,169.23107793684198,-0.0006808830920917663,7.771601049968481,0.00022623941135751328,0.002865736437642081,-6.506038759950099e-05,-0.44554159632564994,0.7722601030410302,0.43204254699200084,0.13581699743239506,1279429.0383450359,-5005653.515348786,3732588.6920277607,0.6288244743197102,-1.3205570600833838,3052.158495137468,0.0,-0.0020901483644127465,0.039936668288878006,0.7856106184707913,0.0001817363690416442,0.002933881089696507,-1.623694860802447e-05,0.00018238464631320278,0.002933908591592353,-1.0091724134982963e-05,328.3763297562088,0.9043861924581377,69657.79047349886,268.32049089269566,0.5159002530703303,0.04589077142752085,-4.019156935764202e-06,169.40943162353435,12977.740872347495,9.788848691930452,119.75197475923828,119.82488335190217,1.0086597283388485,3715.4305936875953,0.6151083997337873,-94600.17330453564,-1.3249600190437587,-84.22364851592727,1.4802803289688804,0.04074448775094988,6.745456825660997e-06,1.0374128934053992,-1.3363432593607927e-05,-0.012663731838895602,-1.8033232177603743e-06,9.353311417477462,-1.3358044603795826e-05,-0.012663721875166229,-1.8051334631497686e-06,9.353311134685892,0.5,0.0,0.0,1.0,0.0,0.0,0.0
9.1,169.22982473071878,-0.0007132635644319006,7.778913501956209,0.00021632959254527215,0.0027533004175880676,-6.399800000662748e-05,-0.44560989276036167,0.7722362706081307,0.43198113019683243,0.13592376145958354,1279438.88349843,-5005643.646287281,3732598.3184793065,0.6288263570435876,-1.3205547408572504,3052.0597010866427,0.0,-0.0020724736962979538,0.04022443468637991,0.7856090693490505,0.00017185937837695684,0.002821448561773617,-1.4902519037522298e-05,0.0001724586613595918,0.0028214733626146966,-9.043052559070306e-06,328.3767224302449,0.90439537857044,69658.66377356744,268.3211324332027,0.5158968458537038,0.04593422995123288,-4.210317076023728e-06,169.40851535353642,12977.73230682067,9.788849089346767,119.75179259461838,119.82411123454429,0.9672674683272972,3746.248469174002,0.8361127590182797,-94647.18531696225,-1.2595830059875286,-85.8725381493996,0.6923915889070695,0.04108244549732779,9.16905462481576e-06,1.0379284407467269,-1.2219976118558357e-05,-0.012646885403338944,-5.194514131274423e-08,9.376732155554206,-1.221506676677199e-05,-0.012646875333865997,-5.357671509524743e-08,9.376731891896322,0.5,0.0,0.0,1.0,0.0,0.0,0.0
9.200000000000001,169.22870370993323,-0.0007448274865088239,7.7838943430344445,0.0002069689874528941,0.002638995167938324,-6.376509135152065e-05,-0.44567536607368496,0.7722134210488267,0.43192213858256534,0.1360263451583384,1279448.7293858328,-5005633.780470234,3732607.94734672,0.6288282397645929,-1.320552421642599,3051.965062113479,0.0,-0.002055761479218856,0.0405008772409675,0.7856076102069194,0.00016249946239807765,0.002707144966860463,-1.440040003921769e-05,0.00016308253164377227,0.002707168825941153,-8.823314205235154e-06,328.37709858920647,0.9044041783334661,69659.50034440409,268.3217469918156,0.5158935413833229,0.04596390430876991,-4.3966585922075946e-06,169.40762430036247,12977.722058842508,9.788849473957553,119.75160963953394,119.8233645007923,0.9254589297063308,3775.2774436574437,1.0194334186257807,-94675.66404901138,-1.1635338684974714,-87.06339878996928,0.06831114234000915,0.04140078563730315,1.1179402061412747e-05,1.0382407467688364,-1.1274814503695488e-05,-0.012631651406367612,1.3013471754950199e-06,9.399512730329654,-1.127035067852449e-05,-0.012631641418471748,1.299899927538235e-06,9.399512481687394,0.5,0.0,0.0,1.0,0.0,0.0,0.0
9.3,169.22770889437024,-0.0007648601432755402,7.786708831659034,0.0001983470820743568,0.0025234029225286703,-6.408132781701598e-05,-0.4457380039164433,0.7721915371756377,0.4318656395743087,0.13612468967275274,1279458.5760160494,-5005623.91792196,3732617.5786486967,0.6288301224827197,-1.3205501024389485,3051.8746100300923,0.0,-0.002039949048741132,0.04076583881948688,0.7856061707638274,0.00015385682243771769,0.002591553192411289,-1.4450844809150621e-05,0.00015444576009501852,0.002591577254653845,-9.152176031804303e-06,328.37745810665075,0.9044125887892478,69660.29990480236,268.32233436195537,0.5158903441655673,0.04598077037441783,-4.514932838719681e-06,169.40675987885422,12977.710302967247,9.788849845664767,119.7514268261506,119.82264236976319,0.88342602412453,3802.5451688628073,1.1212018244862316,-94686.96555959948,-1.0571596439966255,-87.828430318537,-0.26163108024492715,0.041699811407698045,1.2295423868699261e-05,1.0383646824064734,-1.060442814127324e-05,-0.012617960287928432,1.9457394944488654e-06,9.421614134046521,-1.0600374466069328e-05,-0.01261794996460539,1.944465641074079e-06,9.421613890287775,0.5,0.0,0.0,1.0,0.0,0.0,0.0
9.4,169.22683475655288,-0.000768311034569244,7.787508480286327,0.00019050810017434653,0.0024070631383051287,-6.458153225395827e-05,-0.4457977991627314,0.7721706070527217,0.43181168837253925,0.1362187270752405,1279468.4233977061,-5005614.05866808,3732627.2124049393,0.6288320051979642,-1.3205477832458832,3051.788378442327,0.0,-0.002024964539453589,0.04101916232688023,0.7856047137674181,0.00014599022046827247,0.0024752134563802196,-1.4689063555161872e-05,0.00014659258476431745,0.0024752381013689964,-9.664455997352666e-06,328.37780084900544,0.9044206068130316,69661.06215769998,268.3228943253952,0.5158872584704246,0.045985722874334015,-4.535325677924959e-06,169.40592342253723,12977.697198886472,9.78885020436484,119.75124531051283,119.82194401336517,0.8413469190767534,3828.077068959891,1.1299811011584193,-94682.33353548597,-0.9598208418310314,-88.19641972567942,-0.27748253626222374,0.041979801617320456,1.2391699958862238e-05,1.03831388628877,-1.0198216831308305e-05,-0.01260574844013825,1.8376432882914019e-06,9.44300067811164,-1.0194538895101072e-05,-0.012605738244088902,1.8365196703566133e-06,9.443000438230142,0.5,0.0,0.0,1.0,0.0,0.0,0.0
9.5,169.22607456230995,-0.0007562111002096831,7.7864589714060415,0.00018335696822093756,0.0022904822712496524,-6.493684238856934e-05,-0.4458547844602628,0.7721506143223076,0.43176029016012163,0.13630844352311305,1279478.2715286985,-5005604.202689208,3732636.84860167,0.6288338879103679,-1.320545464062904,3051.7063434189186,0.0,-0.00201072959554096,0.04126085441568738,0.785603237727953,0.00013881800365887534,0.0023586328775472634,-1.4786479815073688e-05,0.00013942793331693789,0.002358657815811659,-1.0031290135449958e-05,328.3781269113895,0.904428234630005,69661.7873146398,268.3234270375381,0.5158842867608163,0.04597974044786942,-4.463921271890237e-06,169.40511578953203,12977.682910231773,9.788850550131528,119.75106619908661,119.82126846274579,0.7993862605941852,3851.9203030793838,1.0641188825052146,-94663.1201995599,-0.8843988358669032,-88.19917540782201,-0.055182056595157264,0.042241273426853174,1.166943579768396e-05,1.0381031872834854,-9.97710529326126e-06,-0.012594939243410722,1.1640830014497754e-06,9.463649817476538,-9.973772851790875e-06,-0.012594929055915501,1.1630816176543686e-06,9.46364957691365,0.5,0.0,0.0,1.0,0.0,0.0,0.0
9.600000000000001,169.22542217157653,-0.0007338175138941673,7.783710359321186,0.00017672314959329906,0.002174122218942168,-6.494281085905659e-05,-0.44590898571405485,0.7721315527515574,0.43171144010892976,0.13639382019169666,1279488.1204072814,-5005594.34996941,3732646.4872277183,0.6288357706199746,-1.3205431448895788,3051.6284855548292,0.0,-0.0019971826195962156,0.04149091444216015,0.7856017680839444,0.00013217820412464445,0.0022422737702693808,-1.4538995489401934e-05,0.00013278126727934642,0.0022422983103689356,-1.0048226676999991e-05,328.3784363709317,0.9044354740444958,69662.47554715462,268.3239326243947,0.5158814313331911,0.04596370944803838,-4.331751615920692e-06,169.40433777399147,12977.667584777771,9.78885088302463,119.75089038360859,119.82061512303348,0.757694303615141,3874.117927496324,0.9587272977879415,-94630.5506595766,-0.83513979540054,-87.86590375834275,0.28035414173604584,0.04248469900387587,1.0513681161905883e-05,1.0377460202770128,-9.834400839268483e-06,-0.012585462556559276,2.2855002746833837e-07,9.483541413150702,-9.83138762071689e-06,-0.01258545220492677,2.2764455734053158e-07,9.483541167291927,0.5,0.0,0.0,1.0,0.0,0.0,0.0
9.700000000000001,169.22487192912422,-0.0007082506219282585,7.77940047425372,0.0001704201240041738,0.002058412857854422,-6.45456090867784e-05,-0.44596041900786026,0.7721134243227475,0.4316651293266248,0.13647483558903925,1279497.9700323306,-5005584.500496868,3732656.128275015,0.6288376533268272,-1.320540825725526,3051.5547908348963,0.0,-0.0019842827564523794,0.04170933057205307,0.7856003434399369,0.00012588675305266457,0.002126566101460454,-1.3893252630479098e-05,0.00012646606275256139,0.0021265894590855334,-9.661431938102625e-06,328.3787292833376,0.904442326359668,69663.12697913291,268.32441117697556,0.5158786944210065,0.04593844403902749,-4.1808477672171005e-06,169.4035901383149,12977.6513582287,9.788851203087345,119.75071848735962,119.81998382390874,0.7164109715711287,3894.7091516471132,0.8525158375353781,-94585.75047904905,-0.8084523329491108,-87.22212706906404,0.5996510883666581,0.04271050833042184,9.348935533600132e-06,1.0372547285247604,-9.670338836962136e-06,-0.012577255758004648,-6.564153182196604e-07,9.502656727264059,-9.667622911893566e-06,-0.012577245643338387,-6.57244413960396e-07,9.502656477770847,0.5,0.0,0.0,1.0,0.0,0.0,0.0
9.8,169.22441725843868,-0.000686064121206554,7.773676517439582,0.00016429540082297012,0.0019437417268571746,-6.382910110991025e-05,-0.44600912887543404,0.7720962226733158,0.4316213149857704,0.1365515298825414,1279507.8203929197,-5005574.654218344,3732665.77170461,0.6288395360310018,-1.3205385065702775,3051.4851922299713,0.0,-0.0019720003450839413,0.04191624328787353,0.785599000078499,0.00011978784669801636,0.002011897240072188,-1.2933623099227288e-05,0.00012032981616886806,0.0020119188108770163,-8.954773804669364e-06,328.3790059150262,0.9044487978080556,69663.74220308563,268.3248631305489,0.5158760765290467,0.04590481392097205,-4.049896604783566e-06,169.4028731859501,12977.6343667037,9.78885151052625,119.75055083170355,119.81937446787316,0.6756597840463227,3913.75167448335,0.7758368335278406,-94529.91534910718,-0.7953730147329774,-86.29675313295292,0.8072346555140542,0.04291933414990194,8.508051372058224e-06,1.0366424243218897,-9.419414387007964e-06,-0.01257024386269067,-1.2620837713978525e-06,9.52098917262146,-9.416975432151092e-06,-0.012570233744595089,-1.2628476209340736e-06,9.52098891564449,0.5,0.0,0.0,1.0,0.0,0.0,0.0
9.9,169.2240521839607,-0.000671443130245513,7.766671945048729,0.00015826711531106947,0.0018304631050553844,-6.295474600665117e-05,-0.4460551490216172,0.7720799431735877,0.4315799623063445,0.1366239419625509,1279517.671479353,-5005564.811086983,3732675.4174822904,0.6288414187325653,-1.3205361874234103,3051.4196309633553,0.0,-0.0019603212155463834,0.04211177407410205,0.7855977616107046,0.00011379294784706215,0.0018986211293371214,-1.1822125483511958e-05,0.00011429065138935559,0.0018986406358735579,-8.089716753396249e-06,328.3792664996156,0.9044548938548599,69664.32173857541,268.32528886679387,0.5158735781784233,0.04586360760168195,-3.963603665989379e-06,169.40218720876274,12977.616733518613,9.788851805522494,119.75038758860924,119.8187872373858,0.6355537197483727,3931.29771361451,0.7438073746702426,-94464.12937749072,-0.7855911746090651,-85.11502891058036,0.8612981430227301,0.043111749095742086,8.156807051599067e-06,1.0359209963077949,-9.061102419907545e-06,-0.012564359516766946,-1.4900574058061317e-06,9.538532732068258,-9.058920389267174e-06,-0.012564349615224076,-1.4907596346452675e-06,9.538532468980094,0.5,0.0,0.0,1.0,0.0,0.0,0.0
10.0,169.2237712137429,-0.000665613196374807,7.75850957542391,0.00015232715619988103,0.0017189079061272969,-6.210051322636239e-05,-0.44609850490160013,0.7720645803602427,0.43154104685330763,0.13669210853137073,1279527.523283185,-5005554.971062126,3732685.0655784556,0.6288433014315745,-1.3205338682845327,3051.3580562866605,0.0,-0.0019492391889312836,0.042296024880588375,0.7855966347122094,0.00010788643936549385,0.001787068387079491,-1.0737285565903788e-05,0.00010834044788771408,0.0017870859029012192,-7.244237047846206e-06,328.3795112388142,0.90446061921879,69664.86603419778,268.3256887152562,0.5158711999623448,0.04581555074720891,-3.929204101704203e-06,169.40153250581358,12977.598572365441,9.788852088232474,119.75022890721156,119.81822246491451,0.59619841514003,3947.394768813595,0.7556941856054064,-94389.39090822794,-0.7704992155701189,-83.70097007557025,0.772785147095764,0.04328827406420733,8.287161262324599e-06,1.035101392612176,-8.615029565825816e-06,-0.012559541282299774,-1.3692620872038103e-06,9.555281388407858,-8.613084611874622e-06,-0.01255953103025005,-1.3699012074416263e-06,9.555281111085721,0.5,0.0,0.0,1.0,0.0,0.0,0.0
10.100000000000001,169.22356818135776,-0.0006670216048215869,7.749317547130474,0.00014652330682888334,0.0016093583562346201,-6.140522330735355e-05,-0.44613925376495017,0.7720501138148526,0.4315045203879967,0.13675612188202485,1279537.3757871864,-5005545.1340657985,3732694.7159356494,0.6288451841281139,-1.320531549153173,3051.300369646711,0.0,-0.0019387408676605302,0.042469236229471574,0.7855956087214145,0.00010211012274796561,0.0016775208829898527,-9.818321520363617e-06,0.0001025269735938898,0.001677536748353393,-6.557170290475114e-06,328.37974052433844,0.904465983063561,69665.37596112357,268.3260633159122,0.5158689408609669,0.045761400601670645,-3.937532620250428e-06,169.40090894448804,12977.579994572638,9.788852358959927,119.75007495236058,119.81768019378853,0.5576813714318613,3962.105671041279,0.7980535454147213,-94306.73535816756,-0.7453577884054323,-82.07890400008067,0.5924179689368213,0.04344959807780608,8.751686267803366e-06,1.0341949679160167,-8.127399767562263e-06,-0.012555718094058352,-1.0240268553893253e-06,9.571240171076337,-8.125672101846868e-06,-0.012555707987379454,-1.024599709798025e-06,9.571239886365742,0.5,0.0,0.0,1.0,0.0,0.0,0.0
10.200000000000001,169.22343749707156,-0.0006725038036221888,7.739212152857592,0.0001409308159511069,0.00150207289280642,-6.093716994436512e-05,-0.4461774475177476,0.7720365219179274,0.4314703448280015,0.1368160651611078,1279547.2289759177,-5005535.300028482,3732704.368502716,0.6288470668222582,-1.3205292300288982,3051.246483392082,0.0,-0.0019288097956005534,0.04263162115540657,0.7855946630419571,9.653619291022046e-05,0.0015702369707951114,-9.133826782318939e-06,9.692546481426052e-05,0.0015702516513106909,-6.096824331583547e-06,328.3799547045742,0.9044709935392163,69665.85229415647,268.32641323794525,0.5158668000102795,0.04570184441466698,-3.9699087807648834e-06,169.4003164209692,12977.561101318664,9.788852617974996,119.74992602878983,119.8171604297851,0.5200828874219949,3975.487139955526,0.8519552751408861,-94217.102979968,-0.7097220539154313,-80.27236204891767,0.3855165310559837,0.043596343140731644,9.342788244062595e-06,1.0332120333022348,-7.650504887028723e-06,-0.01255282514792958,-6.129028494983253e-07,9.586413361375623,-7.648974782485442e-06,-0.012552815073459784,-6.13407634867352e-07,9.586413068914712,0.5,0.0,0.0,1.0,0.0,0.0,0.0
10.3,169.22337403060192,-0.0006784897930627564,7.728300606982096,0.0001356234352053773,0.0013972938194736348,-6.0691382372561015e-05,-0.4462131342702282,0.7720237829002575,0.431438489200946,0.13687201124095325,1279557.0828355497,-5005525.468888249,3732714.0232341997,0.6288489495140777,-1.3205269109113065,3051.1963197061173,0.0,-0.001919424568361744,0.04278336724410457,0.7855937741800846,9.1238458081384e-05,0.0014654589866428785,-8.679037950722218e-06,9.160966311579444e-05,0.0014654729306374566,-5.858240797434406e-06,328.38015408881716,0.9044756578813395,69666.29572116477,268.3267389866747,0.5158647767199834,0.04563751579023032,-4.005258411648809e-06,169.3997548683002,12977.541986294123,9.788852865517493,119.74978259515092,119.81666312445951,0.4834784858556704,3987.590642366434,0.8992848125538768,-94121.36061678203,-0.6665854862147657,-78.30138897522825,0.21120871899652766,0.043729073652926574,9.861817656335306e-06,1.0321620948238506,-7.227172726597598e-06,-0.01255080480072647,-2.7852591602543677e-07,9.600804270806334,-7.225819861855771e-06,-0.012550794764054712,-2.789643618696644e-07,9.600803970181426,0.5,0.0,0.0,1.0,0.0,0.0,0.0
10.4,169.22337218476346,-0.0006821144126909228,7.7166921048703685,0.00013064618836401443,0.0012952115933558207,-6.0604028952371226e-05,-0.4462463933341026,0.7720118646881193,0.43140889445696723,0.13692407745386076,1279566.9373444798,-5005515.640550249,3732723.680060085,0.6288508322036724,-1.3205245917999369,3051.149758547234,0.0,-0.0019105523323916297,0.04292478553676652,0.7855929217477619,8.626454050193647e-05,0.0013633775418426255,-8.3901540609946e-06,8.662457537567998e-05,0.0013633910685902791,-5.777605026147256e-06,328.3803391541934,0.9044799872516898,69666.70730326821,268.32704134161645,0.5158628688260064,0.04556906015771623,-4.026667875571169e-06,169.3992238221381,12977.522738630782,9.788853101957383,119.74964514581627,119.81618788164228,0.4479247778772689,3998.4802170068647,0.9278782137181638,-94020.38607301352,-0.6208457536056332,-76.1877376788443,0.1062849830079209,0.04384849188167881,1.0175381173165798e-05,1.0310547787381397,-6.879614013125819e-06,-0.012549591244866154,-1.08960072025474e-07,9.614426117949536,-6.878420494253356e-06,-0.012549581056762316,-1.0933712699590336e-07,9.614425806144006,0.5,0.0,0.0,1.0,0.0,0.0,0.0
10.5,169.2234268937351,-0.000681887049468377,7.704485847237368,0.00012600918045361942,0.001196001344165677,-6.058621475807828e-05,-0.4462772973557855,0.7720007390926209,0.43138150578918066,0.13697236644203356,1279576.792483227,-5005505.814929412,3732733.3389177006,0.6288527148911394,-1.320522272694368,3051.1066924948245,0.0,-0.001902159814101007,0.04305615380689186,0.7855920935526417,8.162827506422762e-05,0.001264167859433466,-8.178278072780273e-06,8.19802914760397e-05,0.0012641811143858045,-5.766036033387197e-06,328.3805103276647,0.904483991638498,69667.0879900222,268.32732100032933,0.5158610744218084,0.04549706387403408,-4.0253376052079e-06,169.39872287681087,12977.503439596192,9.788853327625729,119.74951422396948,119.81573433688116,0.41347400798108325,4008.2135125389477,0.9336174870677535,-93914.97684402505,-0.5773730753631342,-73.950580292273,0.07995952659458308,0.043955230018910364,1.023831970661304e-05,1.0298988306101744,-6.6080549444203676e-06,-0.012549125034469893,-1.2544608694506872e-07,9.627290481632055,-6.607005354284153e-06,-0.012549115037979298,-1.2576919264122027e-07,9.627290165304487,0.5,0.0,0.0,1.0,0.0,0.0,0.0
10.600000000000001,169.22353351078254,-0.000677778067776342,7.69177346222448,0.00012169028553640746,0.0010998286150222826,-6.0553135694762116e-05,-0.446305912158768,0.7719903823596275,0.4313562712531711,0.1370169681346838,1279586.648234137,-5005495.991949104,3732742.9997507413,0.6288545975765749,-1.3205199535942105,3051.067025069458,0.0,-0.001894216099766246,0.04317772055982246,0.7855912863826074,7.731114403094885e-05,0.0011679956988160298,-7.95861012702077e-06,7.765467181902211e-05,0.001168008664670063,-5.738741067536826e-06,328.3806679927051,0.9044876800126572,69667.4386342665,268.3275785893236,0.5158593918462802,0.04542206853518301,-4.001092461034053e-06,169.39825168479132,12977.484164757114,9.788853542819883,119.74939036829556,119.81530220821514,0.38017580055549416,4016.8428933980595,0.9197209555872605,-93805.87002188529,-0.5397041071666194,-71.60815572624037,0.11759729514518216,0.04404986230818249,1.0085926318441664e-05,1.0287023336050167,-6.3954607100009216e-06,-0.012549351762886666,-2.917694856997954e-07,9.639407309334704,-6.394540409403947e-06,-0.01254934189680657,-2.920476816086148e-07,9.639406988461444,0.5,0.0,0.0,1.0,0.0,0.0,0.0
10.700000000000001,169.2236870925029,-0.0006709523750616263,7.678645892457261,0.00011764212863329597,0.0010068064347176604,-6.044759054242425e-05,-0.4463323275337808,0.7719807647047694,0.43133311209467445,0.13705801226576542,1279596.5045728507,-5005486.171504264,3732752.662481673,0.6288564802601018,-1.3205176344990297,3051.030623247847,0.0,-0.0018866892703532745,0.04328984203211616,0.7855905040729333,7.326822364321772e-05,0.0010749742285655203,-7.673880879414256e-06,7.360032087394e-05,0.0010749867799884618,-5.638534608796074e-06,328.38081267803886,0.9044910647429981,69667.760411874,268.32781497241444,0.5158578181181789,0.04534461178662939,-3.960809037754995e-06,169.39780953996686,12977.464983484844,9.7888537479498,119.74927395913868,119.81489103474428,0.3480608618848258,4024.4307539944066,0.8944493658749644,-93693.79215541804,-0.5092295936745941,-69.17794229868771,0.18935847762740707,0.044133072984664797,9.808790747875746e-06,1.0274732552674517,-6.215338181543259e-06,-0.012550213299538267,-5.354608211159322e-07,9.650795366894453,-6.214534674463201e-06,-0.012550203158604585,-5.35702614744912e-07,9.650795036925485,0.5,0.0,0.0,1.0,0.0,0.0,0.0
10.8,169.22388316844535,-0.000663118626361607,7.665185852542304,0.00011381235430751327,0.0009170395944978355,-6.0249821702803556e-05,-0.44635662273140037,0.7719718612252537,0.4313119557165985,0.1370956150880939,1279606.3614773501,-5005476.353500346,3732762.3270408553,0.6288583629418381,-1.3205153154084257,3050.9973675813526,0.0,-0.0018795545520254467,0.043392837726196974,0.7855897544109615,6.9448009235216e-05,0.00098520821752276,-7.304312987573896e-06,6.976486464500439e-05,0.0009852201932116513,-5.445672891406575e-06,328.3809448584351,0.904494156936147,69668.05437872309,268.32803092526757,0.5158563505836357,0.04526518262984086,-3.914573911655986e-06,169.3973958158784,12977.445959232049,9.788853943383627,119.74916529475011,119.81450050516236,0.31715788387429544,4031.033247727113,0.8673708115306761,-93579.40422428245,-0.4853314906531369,-66.6758663191554,0.26291956097290015,0.04420547784279215,9.511839479920758e-06,1.0262188440918187,-6.041984397717018e-06,-0.01255165570269652,-7.785247387358224e-07,9.661471207067592,-6.041286354095409e-06,-0.012551645779136072,-7.787371024484283e-07,9.661470874540186,0.5,0.0,0.0,1.0,0.0,0.0,0.0
10.9,169.22411763739575,-0.0006559468588891678,7.651469905168359,0.00011015650815771379,0.0008306289331469977,-5.997413117608273e-05,-0.44637886764632717,0.7719636506472443,0.43129273588110084,0.13712988211341434,1279616.2189275883,-5005466.537851644,3732771.9933653,0.6288602456218986,-1.3205129963220221,3050.96715006729,0.0,-0.0018727938296261345,0.04348699581885049,0.7855890456016535,6.580542045207802e-05,0.0008987984996557392,-6.864237213246876e-06,6.610383129798248e-05,0.000898809766599149,-5.1744705905384245e-06,328.38106496316925,0.9044969666344574,69668.3214895145,268.3282271492217,0.5158549868811005,0.045184233692252405,-3.872245791153737e-06,169.39700995857703,12977.427151280626,9.78885412945421,119.74906460092612,119.81413044470331,0.28749470486196227,4036.7014199079363,0.8465051140296982,-93463.31854882182,-0.4659868778273744,-64.1173169122379,0.3126706340167883,0.04426763666023425,9.2830201991386e-06,1.024945814960309,-5.857046591570527e-06,-0.012553630217474323,-9.59564316286655e-07,9.671449360464665,-5.856443428110817e-06,-0.012553620097122582,-9.597521133981389e-07,9.671449023215816,0.5,0.0,0.0,1.0,0.0,0.0,0.0
11.0,169.22438623819798,-0.0006505839215088372,7.637571871187292,0.0001066446977059958,0.0007476234059221778,-5.9658018767504915e-05,-0.44639915172719885,0.7719561047377184,0.43127536689955986,0.13716095507165085,1279626.0768978933,-5005456.7244484555,3732781.6613740423,0.6288621283004161,-1.3205106772394077,3050.939831771267,0.0,-0.0018663892951156058,0.04357269653962125,0.7855883827424532,6.230891618385196e-05,0.000815793953680189,-6.391112144710421e-06,6.258730593929086e-05,0.0008158044497897502,-4.862445128512319e-06,328.38117354446,0.9044995067563887,69668.56297237295,268.32840454647726,0.515853723489785,0.04510220148270303,-3.840594942519494e-06,169.39665109685458,12977.40861156105,9.788854306589744,119.74897193731181,119.81378049890463,0.25908083766944756,4041.4941909367103,0.8362697143285546,-93346.12071518548,-0.44859750871733445,-61.51623199684991,0.3259220341864864,0.044320195575157,9.170775842197077e-06,1.023660589580202,-5.6531957305740655e-06,-0.01255608495485959,-1.0486536939984298e-06,9.680752114850312,-5.652677372684107e-06,-0.012556074849808814,-1.0488197270911955e-06,9.680751776115875,0.5,0.0,0.0,1.0,0.0,0.0,0.0
11.100000000000001,169.2246851179691,-0.0006474455537483538,7.623558985539112,0.00010326651927861953,0.0006680700446248813,-5.9345055407381064e-05,-0.4464175543693397,0.7719491977884495,0.43125977289008893,0.13718896264488112,1279635.9353650366,-5005446.9131918335,3732791.330994175,0.6288640109775163,-1.320508358160198,3050.9152876278386,0.0,-0.0018603271479104878,0.043650281846255135,0.7855877669470699,5.8946166663702785e-05,0.0007362415581227015,-5.928490472200476e-06,5.92048647738561e-05,0.0007362513025444956,-4.553183835920103e-06,328.3812710994017,0.9045017889308313,69668.77993282715,268.32856392917375,0.5158525572590953,0.04501948356346696,-3.822075707808404e-06,169.3963184526186,12977.390387758278,9.78885447517567,119.7488873423912,119.81345039704647,0.2319256816547592,4045.464598037106,0.8370860245900688,-93228.34456630787,-0.4309045251589505,-58.886541891536616,0.3033754740139558,0.04436373620911291,9.179727736900145e-06,1.022369022227699,-5.433479939357817e-06,-0.012558972225762285,-1.0481960707623999e-06,9.689399206312562,-5.433036923674793e-06,-0.012558961791254734,-1.048341593112362e-06,9.68939886312506,0.5,0.0,0.0,1.0,0.0,0.0,0.0
11.200000000000001,169.22501073956278,-0.000646267776245157,7.609493633955786,0.0001000274012496022,0.0005920155648903073,-5.9071654925089276e-05,-0.4464341470980907,0.7719429057603927,0.4312458864639984,0.13721402244580377,1279645.7943077977,-5005437.103991701,3732801.0021594577,0.628865893653319,-1.3205060390840264,3050.8934040650106,0.0,-0.0018545955225173722,0.04372006177022828,0.7855871954519016,5.572097627723733e-05,0.0006601879230679355,-5.5127753496955185e-06,5.596191830041757e-05,0.0006601970018992213,-4.28311585412625e-06,328.3813580794057,0.9045038237179874,69668.97337480831,268.3287060348155,0.5158514853580013,0.044936448816447865,-3.8151298320053015e-06,169.39601132913887,12977.372524681974,9.788854635562016,119.74881086348009,119.81313991723289,0.20603918658934806,4048.6608909547363,0.8461671318766157,-93110.48534939357,-0.4115120213119168,-56.23960768144782,0.2559058379974959,0.044398787682783845,9.279313788979923e-06,1.021076543927052,-5.208024160225818e-06,-0.012562248739031466,-9.850029920094742e-07,9.697408177654781,-5.207647379202436e-06,-0.012562238720699268,-9.851285719627676e-07,9.69740783852497,0.5,0.0,0.0,1.0,0.0,0.0,0.0
11.3,169.225359513229,-0.0006463058713825749,7.595433940846968,9.693976340984105e-05,0.0005194576859106195,-5.885744401695714e-05,-0.44644901937863923,0.771937197695505,0.4312336245331546,0.13723628157082332,1279655.6537003429,-5005427.296738212,3732810.674788789,0.628867776327957,-1.3205037200105045,3050.874041918665,0.0,-0.0018491785607416397,0.043782423245824945,0.7855866622256089,5.264486661618108e-05,0.000587630775306953,-5.163478769986733e-06,5.287086395110322e-05,0.0005876393096587594,-4.0718869982370045e-06,328.381435037604,0.9045056240576764,69669.14452847182,268.3288317670947,0.5158505039569067,0.04485344101142782,-3.81536108459718e-06,169.39572875424,12977.355059073925,9.788854788177671,119.74874245897276,119.81284858806322,0.18141402063461437,4051.13736670054,0.8589239018889918,-92993.0005347215,-0.3901116162191162,-53.58776192107625,0.19948546941717768,0.0444259454329143,9.419208222856311e-06,1.0197881714298074,-4.989487583877413e-06,-0.012565869715222394,-8.979802570123516e-07,9.704803280545821,-4.989168545978705e-06,-0.012565859342949865,-8.980864992976082e-07,9.704802938413462,0.5,0.0,0.0,1.0,0.0,0.0,0.0
11.4,169.2257281922194,-0.0006466771716471682,7.581432930550434,9.401725744019909e-05,0.00045039624547024096,-5.870363713104382e-05,-0.4464622522328798,0.7719320450747404,0.4312229128380722,0.13725587259344865,1279665.513519257,-5005417.491332116,3732820.348809012,0.6288696590015558,-1.3205014009392677,3050.857075707987,0.0,-0.001844060707360862,0.043837714949809085,0.7855861604454212,4.97313998286541e-05,0.0005185698956785812,-4.881700966926681e-06,4.9945333907613226e-05,0.0005185780074641406,-3.920728906299295e-06,328.3815024727417,0.9045072016174115,69669.29450301811,268.3289419408482,0.5158496096183296,0.04477077374909638,-3.817558829623785e-06,169.39546985644435,12977.338024842657,9.788854933409374,119.74868212124234,119.81257596821098,0.15804422396953122,4052.9428956648617,0.8707859663489999,-92876.30737234745,-0.3673007771800945,-50.94122762022974,0.14914125436298642,0.044445745386355984,9.549291056569558e-06,1.018508480420898,-4.788629509482862e-06,-0.01256979311057855,-8.234981607725222e-07,9.711606088721705,-4.7883610101385276e-06,-0.01256978309508924,-8.235860305899584e-07,9.711605752772801,0.5,0.0,0.0,1.0,0.0,0.0,0.0
11.5,169.22611379187268,-0.000646626647943378,7.5675399469868925,9.126895266712121e-05,0.00038483439550527585,-5.859669764945884e-05,-0.44647391987749885,0.7719274216751305,0.4312136838170594,0.13727291583817763,1279675.37374307,-5005407.68768276,3732830.0241534505,0.6288715416742376,-1.3204990818699684,3050.842391095745,0.0,-0.0018392265299245932,0.04388625416958885,0.7855856840687745,4.699020765663347e-05,0.0004530085559370623,-4.653794984950325e-06,4.719437970215057e-05,0.00045301634086731597,-3.816120387200766e-06,328.3815608392721,0.9045085670285474,69669.42430914278,268.32903729854945,0.5158487992343912,0.04468873885488042,-3.817265889056468e-06,169.39523384965355,12977.321454105951,9.78885507160948,119.74862987136726,119.81232164390909,0.13592546733280547,4054.1220327019564,0.8784208011411904,-92760.79447664144,-0.34421224832717395,-48.309577138958716,0.11513475030591612,0.044458676144542186,9.633016865685585e-06,1.0172417325580347,-4.611730105201486e-06,-0.012573982697061756,-7.862352310603255e-07,9.71783592656936,-4.611505133123461e-06,-0.012573972478829586,-7.863066008490826e-07,9.71783558919899,0.5,0.0,0.0,1.0,0.0,0.0,0.0
11.600000000000001,169.22651335744732,-0.0006457204727905181,7.553799018769457,8.869364712736405e-05,0.00032272955237749255,-5.851474384084428e-05,-0.44648411133977983,0.771923296611473,0.4312058554584676,0.1372875547414677,1279685.2343466338,-5005397.885683668,3732839.700743476,0.6288734243461326,-1.3204967628022506,3050.8298531581336,0.0,-0.0018346573977926482,0.04392842083330272,0.7855852286638554,4.442102227565826e-05,0.0003909041283706753,-4.457681141647365e-06,4.461677817247773e-05,0.00039091164091008957,-3.736197723032221e-06,328.38161067347284,0.9045097328366296,69669.53513951854,268.32911871635537,0.5158480688553891,0.044607596801338974,-3.8119212352217273e-06,169.3950197135331,12977.305370550877,9.78885520319384,119.74858563103874,119.81208498382443,0.1150375006019764,4054.723766417435,0.8804770483168544,-92646.80443124556,-0.32206397285805205,-45.702061748561334,0.1008307811681122,0.044465274930707455,9.655566267632189e-06,1.0159916847126373,-4.459333581712554e-06,-0.01257839847022499,-7.941623284314841e-07,9.723517832924811,-4.459147203155988e-06,-0.012578388582367197,-7.94219274476062e-07,9.723517501279119,0.5,0.0,0.0,1.0,0.0,0.0,0.0
11.700000000000001,169.22692421428584,-0.0006438923097401537,7.54025039506857,8.628249829256557e-05,0.0002640448912718399,-5.843610368671441e-05,-0.4464929070546347,0.7719196424263844,0.4311993529820771,0.13729991833245656,1279695.0953071124,-5005388.0852384865,3732849.3785080635,0.6288753070173648,-1.320494443735779,3050.819340046495,0.0,-0.0018303364940982817,0.04396455782200556,0.785584792178493,4.201593329112046e-05,0.00033221986993656693,-4.271513302050674e-06,4.220366799285341e-05,0.0003322271241941706,-3.6593048399849538e-06,328.3816524596527,0.9045107103714445,69669.628071239,268.32918698551646,0.5158474149276604,0.04452758569560966,-3.8011332632046194e-06,169.39482653098523,12977.28979623403,9.788855328537979,119.74854932559957,119.81186542183835,0.09536256313430425,4054.7922181587637,0.877480691310722,-92534.65042461605,-0.30177890225376774,-43.12632630390113,0.10345266584492133,0.04446602559232413,9.622707349061282e-06,1.0147617714000055,-4.327520048578937e-06,-0.01258300723026099,-8.404322240148304e-07,9.728674192875014,-4.3273667912853855e-06,-0.012582997230676667,-8.404775053744485e-07,9.728673862784474,0.5,0.0,0.0,1.0,0.0,0.0,0.0
11.8,169.22734389875438,-0.0006413766562035469,7.526931675187268,8.40213884682967e-05,0.00020874948753836544,-5.8344931179712516e-05,-0.4465003802387594,0.7719164346133518,0.43119410737468483,0.13731012411807358,1279704.9566035063,-5005378.286258978,3732859.0573823107,0.6288771896880554,-1.3204921246702335,3050.810740458779,0.0,-0.0018262491738522792,0.0439949780468659,0.7855843745749008,3.9761503011529396e-05,0.0002769248547248748,-4.07929827225182e-06,3.994091374222396e-05,0.00027693183553067097,-3.5696100675264355e-06,328.38168664020094,0.9045115099821279,69669.70408816998,268.3292428287967,0.5158468342244752,0.04444892795964462,-3.7862863027599848e-06,169.39465347064126,12977.274752273266,9.788855447984915,119.74852087204998,119.81166245830681,0.07688531604977653,4054.367728008048,0.8712707475248227,-92424.62545395005,-0.2837961547797496,-40.590021432079794,0.11620173915293654,0.04446137051041368,9.554607307319543e-06,1.0135552057122448,-4.209845686921151e-06,-0.012587776049501781,-9.085633713846587e-07,9.733325137390187,-4.209721322077595e-06,-0.012587766090054736,-9.08599469607697e-07,9.733324811846296,0.5,0.0,0.0,1.0,0.0,0.0,0.0
11.9,169.22777003859008,-0.0006385821046722367,7.5138744883020765,8.189255643496877e-05,0.00015677071807638127,-5.8234527230081274e-05,-0.4465066150788423,0.7719136453330743,0.4311900381889627,0.1373183083413608,1279714.8182119976,-5005368.488644669,3732868.7372920066,0.6288790723583281,-1.3204898056052952,3050.8039270369336,0.0,-0.001822380135865693,0.0440200439326574,0.7855839767915901,3.764024983609519e-05,0.00022494650124389864,-3.8741287321392e-06,3.7810734065649383e-05,0.00022495318100597785,-3.4604309215347664e-06,328.3817137213241,0.9045121435107433,69669.76431610592,268.32928707322304,0.5158463228256714,0.04437181078235707,-3.769792446195737e-06,169.39449950633733,12977.260251355912,9.788855561927168,119.74850006275715,119.81147543335626,0.05957606591571116,4053.493668867591,0.8642196071856368,-92316.97154613675,-0.2680146348217798,-38.09947424558373,0.130969732667163,0.04445178532478204,9.47728246059295e-06,1.0123746417863049,-4.099468866372846e-06,-0.01259267367752266,-9.790530595811696e-07,9.737495642008767,-4.0993696035780035e-06,-0.01259266360221369,-9.79082072149374e-07,9.737495319388275,0.5,0.0,0.0,1.0,0.0,0.0,0.0
12.0,169.22820048316885,-0.0006359251679801741,7.50110783895822,7.98804350603084e-05,0.00010804441380131607,-5.8106940739974495e-05,-0.44651168714200234,0.7719112498069276,0.4311870724653689,0.13732459432263025,1279724.6801109298,-5005358.6923045255,3732878.4181700335,0.6288809550283004,-1.3204874865406633,3050.7987846368924,0.0,-0.001818716906140967,0.044040082993663604,0.7855836000912804,3.563650225750676e-05,0.00017622063293607152,-3.657879351167379e-06,3.579754349857399e-05,0.00017622698768380508,-3.3338313316729927e-06,328.3817341606822,0.9045126216636674,69669.80977287453,268.32932046650836,0.5158458771975029,0.044296405812652935,-3.7541105503148025e-06,169.39436371375427,12977.246305476325,9.788855670719602,119.7484866817672,119.81130377024581,0.04340840200624818,4052.209199760442,0.8583929034555905,-92211.91091227447,-0.25396056877527085,-35.66070056314155,0.1410759723383382,0.04443769946461508,9.413385140276799e-06,1.0112225164534347,-3.9912543117599226e-06,-0.012597670683917813,-1.0359345225496064e-06,9.741208071775246,-3.991176747989836e-06,-0.012597660750298688,-1.0359579825888723e-06,9.741207754561504,0.5,0.0,0.0,1.0,0.0,0.0,0.0
12.100000000000001,169.22863324653466,-0.0006337157046217693,7.4886589670471135,7.797375893242014e-05,6.251393191076282e-05,-5.7970332607567094e-05,-0.44651566505380286,0.7719092255593881,0.4311851434961679,0.1373290951909849,1279734.5422803403,-5005348.897154986,3732888.0999549096,0.6288828376980862,-1.3204851674760456,3050.795207841322,0.0,-0.0018152492979720723,0.04405539480822097,0.7855832453221494,3.373862135534622e-05,0.00013069059635832333,-3.4385644326443597e-06,3.389005966167897e-05,0.0001306966168305003,-3.1979860397434895e-06,328.38174837727456,0.9045129542428615,69669.84139032307,268.329343693203,0.5158454941210622,0.044222874246640446,-3.741069855569614e-06,169.39424525201352,12977.232926434865,9.788855774687113,119.7484805076433,119.81114695934504,0.028358876120462704,4050.5501819128135,0.8550656870089619,-92109.65253666014,-0.24099167018506923,-33.27916082332904,0.1427260286782726,0.04441950619450363,9.376897921275927e-06,1.0101011214959488,-3.882659165639273e-06,-0.012602740866440504,-1.0702621207259703e-06,9.744482669024935,-3.882600031032584e-06,-0.012602730911088654,-1.0702810428671646e-06,9.744482355529334,0.5,0.0,0.0,1.0,0.0,0.0,0.0
12.200000000000001,169.2290664777371,-0.0006320840236340147,7.476548823443219,7.616500128613206e-05,2.008568166533242e-05,-5.783527841763891e-05,-0.4465186258492424,0.7719075470626049,0.43118417663218944,0.1373319386722883,1279744.4046982226,-5005339.103103465,3732897.782578207,0.6288847203677966,-1.3204828484111621,3050.793079231245,0.0,-0.0018119662374467011,0.044066316669694496,0.7855829121697224,3.193860058312776e-05,8.826274335536327e-05,-3.226553367302632e-06,3.208073688828751e-05,8.826843919076182e-05,-3.063486414656783e-06,328.3817568378033,0.9045131521662289,69669.86020638852,268.32935751579225,0.5158451698211483,0.044151340153878546,-3.7314396589096685e-06,169.39414312216365,12977.220117820321,9.788855874191572,119.74848122126637,119.81100434268131,0.014391362791913288,4048.5543693863483,0.8544966132020616,-92010.35232566012,-0.2284987286642356,-30.95873188612241,0.13557146955860924,0.04439761953641993,9.370657293125307e-06,1.009012166628206,-3.77380009706714e-06,-0.012607859200902126,-1.0814425809006995e-06,9.747343658049706,-3.7737565905395113e-06,-0.012607849220045573,-1.0814574684960039e-06,9.747343350158603,0.5,0.0,0.0,1.0,0.0,0.0,0.0
12.3,169.22949849546342,-0.0006309875242985039,7.464796715605809,7.445127473049668e-05,-1.932396973972891e-05,-5.7710967568281546e-05,-0.4465206389903225,0.7719061911063265,0.43118410465945534,0.13733324060995666,1279754.2673445384,-5005329.310065972,3732907.4659779607,0.628886603037537,-1.3204805293457451,3050.7922925390303,0.0,-0.001808858163061144,0.04407315371836785,0.7855825994335862,3.0233134766149046e-05,4.885348590501655e-05,-3.0308533192369285e-06,3.036667078957036e-05,4.8858883038554555e-05,-2.9395362337747844e-06,328.3817599646476,0.9045132253147936,69669.86716043441,268.32936262434805,0.5158449008897749,0.04408191786440846,-3.724968500219395e-06,169.39405642297348,12977.207883315648,9.788855969560494,119.74848852091156,119.81087532530577,0.001473534081723571,4046.2559190529237,0.8561102186427237,-91914.15438805947,-0.21607907186799277,-28.703768583003068,0.1219320211474291,0.044372414064511645,9.3883525576321e-06,1.007957232188872,-3.666710229218798e-06,-0.012613002142192842,-1.0752824926484358e-06,9.749812801696683,-3.6666794703411525e-06,-0.012612991890537535,-1.0752937003979362e-06,9.749812495567095,0.5,0.0,0.0,1.0,0.0,0.0,0.0
12.4,169.2299277415832,-0.0006302600257081304,7.453420937307267,7.283265053101054e-05,-5.5789784575249906e-05,-5.760296222517841e-05,-0.44652176805180444,0.7719051362675532,0.4311848662434786,0.1373331073785641,1279764.1302007711,-5005319.517965242,3732917.15009729,0.6288884857074085,-1.3204782102795334,3050.792750279419,0.0,-0.0018059164474637924,0.04407618565675198,0.785582305266289,2.862203806805208e-05,1.238802236049338e-05,-2.8568621685257327e-06,2.8747916887865736e-05,1.2393156401582332e-05,-2.8317108949819516e-06,328.3817581452792,0.9045131827529737,69669.86311419166,268.32935965191194,0.515844684213887,0.04401471569530042,-3.720675372233842e-06,169.39398433205255,12977.196226966067,9.788856061094322,119.74850212301541,119.81075935872929,-0.010423646816740314,4043.68619499577,0.8588391048075505,-91821.19562706596,-0.20359070216697284,-26.518170789421447,0.10556602508990044,0.04434423372639743,9.418278313506917e-06,1.0069378194981655,-3.564269805790635e-06,-0.012618147256612065,-1.0609987036951847e-06,9.751909866041188,-3.564249622255457e-06,-0.012618137140577869,-1.0610063848086426e-06,9.751909565532577,0.5,0.0,0.0,1.0,0.0,0.0,0.0
12.5,169.23035282264456,-0.0006296812661639295,7.4424334393319445,7.130888977873211e-05,-8.941896129697491e-05,-5.751209478459662e-05,-0.4465220830782456,0.7719043587883978,0.4311863942277762,0.1373316556361519,1279773.9932470315,-5005309.726717793,3732926.834874435,0.6288903683775064,-1.3204758912122858,3050.7943465107433,0.0,-0.0018031308794572139,0.04407571948222752,0.7855820273421052,2.710502468478014e-05,-2.1240845533035677e-05,-2.705189200311346e-06,2.7224219244707217e-05,-2.12359379320202e-05,-2.7408573118882146e-06,328.38175180078184,0.9045130343314838,69669.84900414238,268.32934928643914,0.5158445162492276,0.043949804510276025,-3.717260006868992e-06,169.39392590274824,12977.185145057125,9.78885614911956,119.74852167785416,119.8106557571626,-0.021340184035434067,4040.877509073172,0.8615264003918341,-91731.55989724831,-0.19113084556265356,-24.40431008870102,0.09029634852236508,0.044313432863271635,9.447747975032298e-06,1.005954848129569,-3.469037597559642e-06,-0.012623275727578126,-1.047917332044791e-06,9.753657835557053,-3.4690258342902274e-06,-0.012623265337349032,-1.0479218064433236e-06,9.75365753696021,0.5,0.0,0.0,1.0,0.0,0.0,0.0
12.600000000000001,169.23077246926783,-0.0006290556577878162,7.4318453485439075,6.987920812725789e-05,-0.0001203076236801336,-5.7435387881984413e-05,-0.44652164754342216,0.7719038371241139,0.43118862779310646,0.13732899100365256,1279783.8564651757,-5005299.936247799,3732936.520253406,0.6288922510479212,-1.3204735721437697,3050.7969852564856,0.0,-0.0018004921005754825,0.04407203321964989,0.7855817635680832,2.568143275826146e-05,-5.212924522726094e-05,-2.5726552125147624e-06,2.5794778203290647e-05,-5.2124533186622645e-05,-2.664011203646198e-06,328.3817413126306,0.9045127889744555,69669.8256786808,268.3293321511737,0.5158443937918799,0.04388725027890369,-3.713567790940523e-06,169.39388027973584,12977.174634572633,9.788856233932007,119.74854686304782,119.81056389138979,-0.03131200212784896,4037.8591350766383,0.8632918429461964,-91645.32561568293,-0.1789469179402095,-22.364382279397066,0.07885702484348872,0.04428033250000862,9.467108329294717e-06,1.0050091780274488,-3.3825420630439432e-06,-0.012628368759797446,-1.0426804213548191e-06,9.755077405966336,-3.3825368715688858e-06,-0.0126283585764914,-1.0426821473335081e-06,9.75507711376486,0.5,0.0,0.0,1.0,0.0,0.0,0.0
12.700000000000001,169.23118549974757,-0.0006282581429021535,7.421667392849172,6.854133477928981e-05,-0.0001485423774225889,-5.7367634091925513e-05,-0.44652051974923473,0.7719035515585058,0.4311915109559759,0.13732521040816262,1279793.719838392,-5005290.146485355,3732946.206182707,0.6288941337187409,-1.3204712530737572,3050.8005783039457,0.0,-0.0017979915231438979,0.0440653821923059,0.7855815123501945,2.4349213010869343e-05,-8.03637625855494e-05,-2.453869983461001e-06,2.4457308741934894e-05,-8.035922493396069e-05,-2.5959770722123563e-06,328.38172703144227,0.904512454884121,69669.79391757204,268.32930881894396,0.5158443139084521,0.043827116592825205,-3.708860476423944e-06,169.3938466806069,12977.164693310518,9.788856315803528,119.74857737544453,119.81048317951559,-0.040371582171978955,4034.6580261269305,0.8637049084513012,-91562.5690287622,-0.16732860472619776,-20.400781446403997,0.07240168632049773,0.04424522821233537,9.471638125233223e-06,1.0041016453318226,-3.305024687595842e-06,-0.012633409855052478,-1.0480820241568358e-06,9.756187452062647,-3.305025049653232e-06,-0.01263339978454906,-1.048081419153172e-06,9.756187165619306,0.5,0.0,0.0,1.0,0.0,0.0,0.0
12.8,169.23159091475034,-0.0006272560497850136,7.411904118662413,6.729008633345307e-05,-0.00017423769636439423,-5.7303204758051704e-05,-0.44651876234501714,0.7719034810071295,0.4311949835192279,0.13732041753017055,1279803.5833490714,-5005280.357356738,3732955.8926077355,0.6288960163900441,-1.3204689340020468,3050.80503203099,0.0,-0.0017956195881288462,0.04405604003817905,0.7855812725525508,2.3103423726178076e-05,-0.0001060588573225918,-2.3429750925706433e-06,2.3206612546313867e-05,-0.00010605448333451245,-2.5311389838637308e-06,328.3817093293341,0.9045120407656954,69669.75454839849,268.3292798977055,0.5158442733453381,0.04376943053791107,-3.7029452085485765e-06,169.39382422889042,12977.155311872213,9.788856395022664,119.74861285489698,119.81041293594616,-0.048560690740844285,4031.3013545775198,0.8628271168265661,-91483.31516926647,-0.15650476092637886,-18.514982558645258,0.07045036223133357,0.04420841798014821,9.462012008098194e-06,1.0032325245594076,-3.235454568834026e-06,-0.012638383688316131,-1.0629853847173977e-06,9.757009345611017,-3.2354592285549752e-06,-0.012638373513138604,-1.0629830834173841e-06,9.757009062600094,0.5,0.0,0.0,1.0,0.0,0.0,0.0
12.9,169.23198780037026,-0.0006260948788657107,7.402559912037077,6.611925693468479e-05,-0.00019749637367679108,-5.723779568355834e-05,-0.4465164320131551,0.7719036065380495,0.4311989907026978,0.13731470632372647,1279813.4469811188,-5005270.568794902,3732965.5794789325,0.6288978990619055,-1.3204666149284425,3050.8102615270764,0.0,-0.0017933679698313584,0.04404425480598588,0.785581043628654,2.1938042489313848e-05,-0.00012931733687348985,-2.2354622859974075e-06,2.2036469929471256e-05,-0.00012931312380394695,-2.465204208151268e-06,328.3816885437978,0.9045115545143682,69669.70832173551,268.32924593884314,0.5158442691578465,0.04371421822993602,-3.696090612686488e-06,169.39381213169494,12977.146482043185,9.788856471851098,119.74865296149501,119.81035253980868,-0.055916923408775965,4027.813737340941,0.8610682423246749,-91407.58863520627,-0.1465875723990319,-16.707205818386488,0.07144643543995954,0.0441701717596382,9.442723681001054e-06,1.0024020854591107,-3.1721348310033076e-06,-0.012643277549967193,-1.0836636568466187e-06,9.757562386629512,-3.1721429590671076e-06,-0.012643267345885643,-1.083660202948084e-06,9.757562108682844,0.5,0.0,0.0,1.0,0.0,0.0,0.0
13.0,169.23237530019466,-0.0006248676983144992,7.393639255802145,6.502237613836778e-05,-0.0002184115334565016,-5.716921723568725e-05,-0.446513580734767,0.7719039109174697,0.4312034819333033,0.13730816326086567,1279823.310719577,-5005260.780737905,3732975.2667506253,0.628899781734398,-1.32046429585275,3050.8161886188514,0.0,-0.0017912294922527133,0.044030254716583256,0.785580825429679,2.0846689658923133e-05,-0.0001502322695691524,-2.1289601643047724e-06,2.0940398037338837e-05,-0.00015022821880010382,-2.3959936133559745e-06,328.38166498554676,0.9045110033988889,69669.65592860445,268.3292074499925,0.5158442986441079,0.04366150633873036,-3.6888461246759837e-06,169.39380966205374,12977.138196721886,9.788856546529754,119.74869736789307,119.81030142413518,-0.062474422677788945,4024.21796078701,0.858998012273617,-91335.41614682329,-0.13756459612338215,-14.979592559951561,0.0734116581405217,0.044130739432734906,9.420020938793923e-06,1.0016106210528393,-3.1132322304394893e-06,-0.012648077325177594,-1.1053913094503036e-06,9.757864217322748,-3.1132427803847515e-06,-0.012648066973561908,-1.105387269776677e-06,9.757863941213484,0.5,0.0,0.0,1.0,0.0,0.0,0.0
13.100000000000001,169.23275274867225,-0.0006236778809984475,7.385140770858565,6.399258607639237e-05,-0.00023709952672702777,-5.709754140137266e-05,-0.44651026296153523,0.7719043760929758,0.4312084042614782,0.13730087884822834,1279833.1745491778,-5005250.9931219835,3732984.9543755194,0.6289016644075832,-1.3204619767748058,3050.8227322526895,0.0,-0.001789196566439056,0.0440142786972213,0.7855806178277145,1.9822499369837434e-05,-0.0001689200613604797,-2.023322080244435e-06,1.9911525686453585e-05,-0.00016891617437157617,-2.3235902342595546e-06,328.3816389767427,0.9045103949558216,69669.59808548706,268.3291649574929,0.5158443588789623,0.043611286910892506,-3.6818220147180426e-06,169.3938160255807,12977.130442319089,9.788856619308442,119.74874570114235,119.8102589478031,-0.06827500916010101,4020.5363507219677,0.8571502963593733,-91266.77564540425,-0.1293127571677319,-13.331185629464024,0.07459349591314492,0.04409036583069434,9.399758351043518e-06,1.000857889438356,-3.057208160635479e-06,-0.012652773431955953,-1.1240243763340288e-06,9.757934356894845,-3.0572202260614485e-06,-0.012652763164249453,-1.1240201685569719e-06,9.75793408580113,0.5,0.0,0.0,1.0,0.0,0.0,0.0
13.200000000000001,169.2331195333444,-0.0006226055118207219,7.377063442758061,6.302439641363994e-05,-0.0002536652240655762,-5.7024477656290424e-05,-0.44650652791623074,0.7719049857809702,0.43121370962113775,0.13729293532243686,1279843.0384559343,-5005241.205889077,3732994.642310636,0.6289035470815197,-1.3204596576944492,3050.8298188541085,0.0,-0.0017872627839908798,0.04399654355150513,0.7855804206713117,1.8859901774724785e-05,-0.00018548556276187314,-1.9200634038210506e-06,1.8944350677173796e-05,-0.00018548183817766734,-2.24971357732061e-06,328.38161080982013,0.9045097360263018,69669.53544275247,268.3291189391159,0.5158444472120858,0.04356355412826481,-3.6754910729278924e-06,169.39383050280594,12977.123206746739,9.788856690413903,119.74879760908615,119.81022453209498,-0.0733563938978703,4016.789240081818,0.8558738491170219,-91201.64927808542,-0.1216620067969809,-11.76214027292961,0.07392567515322847,0.044049273930380446,9.385760460968789e-06,1.0001436948359876,-3.0031736389019255e-06,-0.01265735605881287,-1.1370841427848533e-06,9.757790460789929,-3.003186779000739e-06,-0.012657346014566691,-1.1370799220842324e-06,9.75779019576202,0.5,0.0,0.0,1.0,0.0,0.0,0.0
13.3,169.23347507459493,-0.0006216905739197149,7.369406735006547,6.21138409149329e-05,-0.0002682039334586854,-5.6952495149565e-05,-0.4465024207985131,0.7719057250280997,0.4312193537441313,0.13728440860487195,1279852.9024268088,-5005231.418985416,3733004.3305162853,0.6289054297562647,-1.3204573386115173,3050.837380555769,0.0,-0.001785422653216202,0.04397724910672451,0.7855802336589958,1.795481769368568e-05,-0.00020002407258339677,-1.821478801350955e-06,1.803489550923076e-05,-0.00020002050480779151,-2.176842058961116e-06,328.38158075452947,0.9045090329208003,69669.46860032092,268.329069835573,0.5158445612069521,0.043518304981701464,-3.6700893509005493e-06,169.39385243276556,12977.116479267497,9.788856760055312,119.74885275562939,119.81019764674645,-0.07775293624956732,4012.9954706141248,0.8552808163209719,-91140.02392884548,-0.11444544418559213,-10.273003765470174,0.07115451581016728,0.04400767035585291,9.379257091605459e-06,0.9994678934116464,-2.9509180360844515e-06,-0.012661815840832223,-1.144051818841963e-06,9.757448726785348,-2.950931723041165e-06,-0.01266180574703506,-1.1440476698320237e-06,9.757448464568968,0.5,0.0,0.0,1.0,0.0,0.0,0.0
13.4,169.23381898450253,-0.0006209276463640642,7.362164686387672,6.12575760750181e-05,-0.000280829797708721,-5.6883881237245005e-05,-0.44649798795275714,0.771906578390881,0.43122529153095474,0.13727537628651734,1279862.7664488507,-5005221.632357053,3733014.018952363,0.6289073124318623,-1.3204550195258826,3050.845348686911,0.0,-0.001783670160835682,0.04395659963135425,0.7855800561663842,1.710380061838308e-05,-0.00021264976386556195,-1.7296492736743655e-06,1.7179805643542733e-05,-0.0002126463434527464,-2.1072725676114848e-06,328.38154908381455,0.9045082920244923,69669.39816521462,268.32901809279247,0.5158446982863819,0.04347550441737849,-3.6655848623175756e-06,169.393881109955,12977.110243391575,9.788856828444299,119.74891077943134,119.81017770415637,-0.08150517584853806,4009.1729777384126,0.8552579411920888,-91081.84177447238,-0.10753720727404076,-8.862221043480726,0.066755712622386,0.04396575179211573,9.379006236318277e-06,0.9988298510592456,-2.900732238987867e-06,-0.0126661466492598,-1.1461721078276523e-06,9.75692665529197,-2.900745997176653e-06,-0.012666136434560242,-1.1461680489968132e-06,9.756926395673936,0.5,0.0,0.0,1.0,0.0,0.0,0.0
13.5,169.23415090183704,-0.000620278863518125,7.355332098801243,6.045335096473061e-05,-0.0002916458550037498,-5.6820088999255775e-05,-0.44649327139322864,0.7719075318440107,0.4312314820710293,0.13726590892819754,1279872.6305101644,-5005211.8459547805,3733023.7075823816,0.6289091951083549,-1.3204527004374167,3050.8536608498544,0.0,-0.001782000037449753,0.04393478067583785,0.7855798874482449,1.6304533287614035e-05,-0.00022346566748496948,-1.6458420453185716e-06,1.637681973633098e-05,-0.00022346238261589034,-2.0424668515911228e-06,328.38151604568577,0.9045075191392666,69669.32468900418,268.32896411596704,0.5158448561127719,0.04343512187413232,-3.661754085106366e-06,169.39391589468067,12977.104484344369,9.788856895773177,119.74897134484455,119.81016416986748,-0.08464972048470898,4005.338145265666,0.8555577426831692,-91027.05230310804,-0.10087738882459636,-7.529467982859384,0.061605317011314484,0.04392369790878435,9.382293946281638e-06,0.9982290138511227,-2.853170898991193e-06,-0.012670340916218416,-1.1456360115734982e-06,9.756240096594304,-2.853184271658681e-06,-0.01267033107270379,-1.145632052129213e-06,9.756239844041472,0.5,0.0,0.0,1.0,0.0,0.0,0.0
13.600000000000001,169.2344704784143,-0.0006196908546168609,7.348904534420741,5.9699477723030675e-05,-0.00030074616679350724,-5.676149682557496e-05,-0.44648830985294335,0.7719085724495202,0.43123788761357384,0.13725607174054985,1279882.4945996185,-5005202.059732913,3733033.396372565,0.6289110777857838,-1.320450381345986,3050.862259366239,0.0,-0.0017804075705203984,0.043911963580730407,0.7855797267215885,1.555530922635075e-05,-0.00023256581564263927,-1.5702657941697967e-06,1.5624240528138424e-05,-0.00023256265402631492,-1.9828112890875566e-06,328.38148186939577,0.9045067196281981,69669.24868154334,268.32890827964377,0.5158450325331045,0.043397131270423564,-3.6582819631043063e-06,169.3939561981875,12977.099188860462,9.788856962219695,119.7490341359428,119.81015655041551,-0.0872200119678694,4001.5061753974355,0.8558951465549388,-90975.61163725228,-0.09446799990244538,-6.273685789667759,0.05665137472350582,0.04388167541760302,9.38599401483999e-06,0.9976649006139057,-2.8087878686622274e-06,-0.012674394297327937,-1.1447881199366912e-06,9.755403659765859,-2.8088010980736585e-06,-0.012674384229316086,-1.144784087253629e-06,9.755403407388753,0.5,0.0,0.0,1.0,0.0,0.0,0.0
13.700000000000001,169.23477755281513,-0.0006191123075291224,7.342872643263459,5.899370253068417e-05,-0.00030823954155670554,-5.6707432950767927e-05,-0.4464831421494277,0.7719096871814402,0.43124447059693666,0.13724592959654974,1279892.3587064857,-5005192.27364688,3733043.085289694,0.6289129604641774,-1.3204480622514956,3050.871087411108,0.0,-0.0017788874979686473,0.04388831909336114,0.7855795731621346,1.4853903534024327e-05,-0.00024005906399538783,-1.5020530423360306e-06,1.4919804961095837e-05,-0.00024005601475987845,-1.9276420947019015e-06,328.3814467808051,0.9045058987750101,69669.1706451421,268.32885095282774,0.5158452253228291,0.04336147750463636,-3.6548655937667634e-06,169.39400140648098,12977.094338669223,9.78885702795899,119.74909882710199,119.81015431195408,-0.08925430727612109,3997.691059427526,0.8560376977172757,-90927.43592148372,-0.08835178391069949,-5.093178195300662,0.05261853462251075,0.04383983775115097,9.387557272164075e-06,0.9971365917647615,-2.767882084738826e-06,-0.012678302244591998,-1.1454269616233863e-06,9.754432737328893,-2.767894318869154e-06,-0.012678292338473804,-1.145423082054098e-06,9.75443248947296,0.5,0.0,0.0,1.0,0.0,0.0,0.0
13.8,169.23507196945476,-0.0006185084829856745,7.337228123081758,5.833367221845795e-05,-0.0003142244695193385,-5.6656627726918955e-05,-0.4464778035361921,0.7719108642435594,0.4312511968238874,0.13723554149790615,1279902.2228208783,-5005182.48765595,3733052.774303494,0.628914843143563,-1.3204457431538468,3050.88009328302,0.0,-0.0017774351639873616,0.043864002481368625,0.7855794261046813,1.4198017937927982e-05,-0.00024604387660285,-1.4397571748577124e-06,1.4261151200406624e-05,-0.00024604093133054073,-1.8756968497925014e-06,328.3814109854101,0.9045050613870289,69669.09103682062,268.32879247125334,0.5158454324621587,0.043328111652269456,-3.6512999097276014e-06,169.39405096230277,12977.089917358378,9.788857093150405,119.7491651167852,119.81015696900417,-0.09078719478067576,3993.905592064608,0.8558611998109815,-90882.45056992154,-0.0825862213203529,-3.9866194006017164,0.049848455772724676,0.0437983252199084,9.385621745015948e-06,0.9966432693733243,-2.7304505757387943e-06,-0.01268206169177959,-1.1484134337938243e-06,9.753341320542958,-2.730461789050801e-06,-0.012682051796553162,-1.1484097301732481e-06,9.753341075729605,0.5,0.0,0.0,1.0,0.0,0.0,0.0
13.9,169.23535356995598,-0.0006178663424117384,7.331963631560615,5.77168210322339e-05,-0.0003187908951958729,-5.6607657162174574e-05,-0.44647232657231667,0.7719120927923762,0.43125803458480555,0.13722496205657628,1279912.0869335006,-5005172.701722191,3733062.4633858725,0.6289167258239678,-1.3204434240529332,3050.8892290933677,0.0,-0.0017760464465286683,0.043839157428954646,0.7855792850665669,1.3585148448885972e-05,-0.000250610146584963,-1.3817929844254708e-06,1.3645705692014064e-05,-0.00025060729956057613,-1.8255582147218571e-06,328.3813746735524,0.9045042119170545,69669.01027989513,268.3287331458956,0.5158456520869177,0.04329699045044722,-3.64750795063713e-06,169.39410435167702,12977.085910061125,9.788857157941527,119.74923272023412,119.81016407439968,-0.09185034157328491,3990.1617174068574,0.8553585970518566,-90840.58939456109,-0.0772218070595488,-2.953006017851743,0.04829200080143875,0.04375726880631452,9.380110057622956e-06,0.9961842076027688,-2.696209086881986e-06,-0.012685668908662318,-1.1536589146096976e-06,9.752142307549821,-2.696218672415241e-06,-0.012685658898091645,-1.1536556307762405e-06,9.752142061651218,0.5,0.0,0.0,1.0,0.0,0.0,0.0
14.0,169.2356223735962,-0.0006171936099614347,7.3270674679161605,5.713986474909999e-05,-0.0003220400725513787,-5.655933586226332e-05,-0.4464667429739548,0.7719133622457505,0.4312649531695397,0.13721424405553484,1279921.9510357045,-5005162.915809774,3733072.15251003,0.6289186085054058,-1.3204411049486895,3050.89844905523,0.0,-0.0017747169031251775,0.04381392310559015,0.7855791496580612,1.3012062954564884e-05,-0.00025385924219678265,-1.3267946025367045e-06,1.30701764384452e-05,-0.0002538564899927605,-1.7760472620625273e-06,328.38133802721984,0.9045033546224666,69668.92877910373,268.3286732740819,0.5158458823179738,0.04326804488444706,-3.643535326912728e-06,169.394161051408,12977.082297694755,9.788857222473464,119.74930135198996,119.81017515909222,-0.09247901208510445,3986.469899477829,0.8546203919389906,-90801.75063428491,-0.07227713652833392,-1.9896340988504555,0.04759147965512763,0.04371678326188164,9.372014686596526e-06,0.9957582905112146,-2.6646505685673337e-06,-0.012689123192627775,-1.1603377634510156e-06,9.75084899735731,-2.6646592584841046e-06,-0.012689113405396225,-1.1603347393013568e-06,9.750848757059781,0.5,0.0,0.0,1.0,0.0,0.0,0.0
14.100000000000001,169.23587838909378,-0.0006165110388292838,7.32252917080192,5.6599642584850217e-05,-0.00032406378170943544,-5.651099712363473e-05,-0.44646108153640524,0.7719146630454831,0.43127192455828295,0.13720343558568857,1279931.8151194828,-5005153.129885874,3733081.8416514997,0.6289204911878908,-1.3204387858410425,3050.907711454667,0.0,-0.0017734427236409164,0.04378842623463396,0.7855790196295742,1.247563028181149e-05,-0.0002558828342916791,-1.2739329792725545e-06,1.2531395977013343e-05,-0.00025588017482298394,-1.726503149436641e-06,328.38130121221184,0.9045024933819293,69668.84690318108,268.3286131266906,0.5158461214471258,0.043241213251855315,-3.639504563364704e-06,169.39422058607983,12977.079063064053,9.788857286874775,119.74937074609342,119.81018979886542,-0.09270512378629991,3982.8397574111377,0.8537830318260728,-90765.84341248886,-0.06774316849591612,-1.0949603657124598,0.04726415401112341,0.043676974072814345,9.362831953127657e-06,0.9953645215195059,-2.6352294222257355e-06,-0.012692423806708588,-1.1673237771464113e-06,9.74947349323002,-2.6352365249370693e-06,-0.012692413734819467,-1.1673212903630533e-06,9.74947325153393,0.5,0.0,0.0,1.0,0.0,0.0,0.0
14.200000000000001,169.23612161052063,-0.0006158435748377933,7.318339361979783,5.609327538948865e-05,-0.0003249459107460462,-5.6462530120327345e-05,-0.4464553688699493,0.7719159864002718,0.4312789227203889,0.13719258129865616,1279941.6791772635,-5005143.34391981,3733091.530787508,0.6289223738714377,-1.320436466729911,3050.9169775573537,0.0,-0.0017722206403867596,0.0437627843586314,0.7855788948098767,1.1972975829023475e-05,-0.0002567648539812985,-1.222949563863831e-06,1.20264784294923e-05,-0.00025676228550181745,-1.6768204813659827e-06,328.38126438248463,0.9045016317970548,69668.76499452318,268.32855295525144,0.5158463678945375,0.0432164402416887,-3.6355629345435063e-06,169.39428251632052,12977.076190521702,9.788857351264834,119.74944065004152,119.81020760455081,-0.09255795631554194,3979.280309631183,0.8529820994700997,-90732.78604837396,-0.06358373729263296,-0.2673883941087678,0.0468572508487,0.043637940137766035,9.354048696989667e-06,0.9950020048923494,-2.6074783788731717e-06,-0.012695568825091482,-1.1735643071918717e-06,9.748026968077673,-2.6074845179517327e-06,-0.01269555860641876,-1.1735622001088556e-06,9.748026726384897,0.5,0.0,0.0,1.0,0.0,0.0,0.0
14.3,169.23635219732483,-0.0006152117196800313,7.314484874119987,5.561786175621108e-05,-0.00032477880068975,-5.6414268800925954e-05,-0.4464496300604814,0.7719173239729301,0.43128592332545423,0.13718172294440636,1279951.5432023006,-5005133.557883724,3733101.219897115,0.6289242565560477,-1.3204341476152541,3050.9262116532773,0.0,-0.0017710471779536728,0.04373710758271117,0.785578774980709,1.1501184780132315e-05,-0.0002565976432288682,-1.1740166006841339e-06,1.1552516505066528e-05,-0.0002565951635563743,-1.6273383282910022e-06,328.38122767997385,0.9045007731882473,69668.68336879232,268.32849299165514,0.5158466201103592,0.04319364815267301,-3.631831479228572e-06,169.3943464064048,12977.073660945038,9.788857415753707,119.74951081940459,119.81022817858644,-0.09206932225340836,3975.798956875868,0.8523130375658436,-90702.46614943403,-0.05974621699969666,0.49586931184711347,0.0460707285279735,0.04359976261537154,9.34671157041034e-06,0.9946695081009769,-2.581063167941874e-06,-0.012698559624555352,-1.1783837511971576e-06,9.746520670735386,-2.5810679468538725e-06,-0.012698549489184951,-1.1783821561284348e-06,9.746520431055941,0.5,0.0,0.0,1.0,0.0,0.0,0.0
14.4,169.23657028589687,-0.0006146264796070532,7.3109538915227095,5.517106709271183e-05,-0.00032364577011118756,-5.636677219008338e-05,-0.446443887905564,0.771918668202735,0.43129290417797417,0.13717089865423063,1279961.4071883105,-5005123.771752003,3733110.9089611573,0.6289261392417231,-1.3204318284970218,3050.9353811386973,0.0,-0.0017699193803158095,0.04371149633222108,0.7855786599179702,1.105789888144948e-05,-0.0002554645280437783,-1.1275477960287063e-06,1.1107169988959284e-05,-0.00025546213414652394,-1.57862038631581e-06,328.3811912342687,0.9044999205870823,69668.60231419258,268.3284334476211,0.5158468766833735,0.043172767260996295,-3.6283751799158164e-06,169.3944118597631,12977.071457067066,9.788857480441854,119.74958102669666,119.81025116153442,-0.09126804321672921,3972.4025087449354,0.8518131940051716,-90674.78280310275,-0.056177547762232605,1.1973830938844003,0.04480615162345382,0.043562516181673484,9.341230141186552e-06,0.9943659245089657,-2.5558313253272463e-06,-0.012701397760251377,-1.1815897092939254e-06,9.744964842419543,-2.555834745763088e-06,-0.012701387756658767,-1.1815886089076869e-06,9.744964605566791,0.5,0.0,0.0,1.0,0.0,0.0,0.0
14.5,169.23677598954197,-0.000614088298982167,7.307735742212263,5.475104739562199e-05,-0.00032162368309617635,-5.6320606025971664e-05,-0.44643816353062227,0.7719200120952037,0.43129984463447785,0.1371601439485668,1279971.2711293036,-5005113.985500595,3733120.5979617317,0.6289280219284682,-1.3204295093751532,3050.94445566119,0.0,-0.0017688347017689198,0.043686044018242734,0.7855785493746902,1.0641250487857817e-05,-0.0002534423546503524,-1.0839752180387693e-06,1.0688590019312533e-05,-0.0002534400426254455,-1.5312367272949216e-06,328.38115516601005,0.9044990768158025,69668.52209902731,268.3283745202494,0.5158471363060125,0.04315373459415064,-3.6251966674973205e-06,169.39447850924662,12977.069563125435,9.788857545422843,119.74965105673247,119.81027622313272,-0.09018060908004137,3969.0974631679223,0.8514650906440171,-90649.6450828236,-0.05283654911837065,1.8378734352887862,0.04314542029735428,0.04352627209484874,9.337412738929401e-06,0.9940902569893676,-2.531774683236972e-06,-0.012704082491261497,-1.1834211129270952e-06,9.743368970601265,-2.531776628524781e-06,-0.012704072169324572,-1.183420513468042e-06,9.74336873199561,0.5,0.0,0.0,1.0,0.0,0.0,0.0
14.600000000000001,169.23696957206084,-0.0006135884179435971,7.304816532825642,5.4355997975086275e-05,-0.0003187945827871391,-5.6276144457939196e-05,-0.4464324761037781,0.7719213492365389,0.43130672622027577,0.13714949066336862,1279981.1350202397,-5005104.199108751,3733130.2868831316,0.6289299046162731,-1.320427190249629,3050.953408496765,0.0,-0.0017677903676798414,0.04366083457931223,0.7855784430263403,1.0249419989364302e-05,-0.0002506131586433254,-1.0435302340390449e-06,1.0294966919413116e-05,-0.00025061092406611916,-1.4855654460874733e-06,328.3811195814172,0.9044982443592697,69668.44295952593,268.32831638307783,0.5158473977341066,0.04313646814164219,-3.622244236491684e-06,169.39454600108647,12977.067960567734,9.788857610779019,119.7497207105396,119.81030303348201,-0.08883513011070752,3965.88856253312,0.8512117472246079,-90626.9357453942,-0.04969408037973382,2.4207884638508053,0.041290439983665675,0.04349108236130054,9.334634501632644e-06,0.993841219819276,-2.5089562913754706e-06,-0.012706616743364497,-1.1844050300396404e-06,9.74174233096946,-2.508956977579716e-06,-0.012706606506620527,-1.1844048293487532e-06,9.741742093339134,0.5,0.0,0.0,1.0,0.0,0.0,0.0
14.700000000000001,169.23715126562342,-0.0006131137524387847,7.302183763254929,5.398442401770944e-05,-0.0003152328993260998,-5.623350418312903e-05,-0.4464268430903929,0.7719226737930552,0.43131353204845835,0.13713896792819188,1279990.9988563815,-5005094.412557305,3733139.9757109387,0.6289317873051308,-1.320424871120418,3050.96221519541,0.0,-0.001766783979621071,0.04363594473011769,0.7855783405595466,9.880909412901208e-06,-0.0002470513944689971,-1.0061999741788e-06,9.924801966996604e-06,-0.00024704923283561987,-1.4417268255261247e-06,328.3810845776708,0.9044974254909057,69668.36511181682,268.32825919487806,0.5158476598333733,0.04312089411829848,-3.619440653486777e-06,169.39461401293653,12977.066632622633,9.788857676585733,119.74978980381735,119.81033129380741,-0.08725709964556128,3962.780234009888,0.8509838320960611,-90606.54936667145,-0.04673914724372559,2.9486948126587476,0.039471558522917755,0.04345699553065002,9.332135118336638e-06,0.9936176568870099,-2.487454457919432e-06,-0.012709003357341545,-1.1851300012057424e-06,9.740093392511747,-2.48745361486419e-06,-0.012708993327998004,-1.18513025820207e-06,9.740093157052462,0.5,0.0,0.0,1.0,0.0,0.0,0.0
14.8,169.23732127335745,-0.0006126511662362976,7.299826088974629,5.363499226843172e-05,-0.00031100735974981736,-5.619255821309861e-05,-0.4464212807384312,0.7719239803550638,0.4313202463425887,0.13712860296466167,1280000.8626331617,-5005084.625828137,3733149.6644316125,0.6289336699950359,-1.320422551987477,3050.970852900917,0.0,-0.0017658134455222055,0.04361144608191483,0.7855782416908199,9.534392238581393e-06,-0.00024282578346170792,-9.717378640272174e-07,9.576757702077692e-06,-0.0002428236906091311,-1.399597218791603e-06,328.3810502456168,0.9044966223359368,69668.28875793974,268.32820310407175,0.5158479215501054,0.04310694556184836,-3.6167083766526447e-06,169.39468224564212,12977.065563946071,9.788857742913438,119.74985816249695,119.81036072908388,-0.08546999082199076,3959.7767486499497,0.8507211185367799,-90588.39038595204,-0.04397299723065756,3.4229439260195624,0.03787782827096788,0.043424058440487155,9.329254125372773e-06,0.9934185202462261,-2.4673103761118295e-06,-0.01271124373361606,-1.1860787186581997e-06,9.73843002234028,-2.467308259499965e-06,-0.0127112334237538,-1.186079339785694e-06,9.738429784939031,0.5,0.0,0.0,1.0,0.0,0.0,0.0
14.9,169.23747993282464,-0.0006121909288146399,7.297729488771393,5.3306149884873306e-05,-0.00030618955206240437,-5.6152992685143566e-05,-0.44641580305323403,0.7719252642045751,0.43132685575034246,0.13711841880284886,1280010.7263470367,-5005074.838906711,3733159.353034033,0.6289355526859708,-1.320420232850804,3050.9793027564883,0.0,-0.001764876473025337,0.043587399486167286,0.7855781461374,9.208331915587289e-06,-0.00023800791728908934,-9.397052322740992e-07,9.249278257037384e-06,-0.00023800588972923068,-1.3588656270793799e-06,328.38101666020486,0.904495836647714,69668.2140645813,268.3281482331095,0.5158481819184586,0.04309453968889971,-3.6139899689698392e-06,169.3947504207017,12977.064737023327,9.788857809820232,119.74992563367736,119.8103910721798,-0.08349813419872937,3956.880638222884,0.8503884135072699,-90572.34156636569,-0.04140066382987266,3.84691077136902,0.0366071452218033,0.04339229885493025,9.325605585679264e-06,0.9932425242434577,-2.4484811222339025e-06,-0.012713341545175161,-1.1875130229806923e-06,9.736759659743464,-2.4484777032980197e-06,-0.012713331541317449,-1.187514019201318e-06,9.736759425902509,0.5,0.0,0.0,1.0,0.0,0.0,0.0
15.0,169.23762754426212,-0.0006117286941983247,7.295881322867516,5.299641767528522e-05,-0.00030084461143860714,-5.611444657455192e-05,-0.44641042282143145,0.7719265210576578,0.4313333480100682,0.13710843656988295,1280020.5899946273,-5005065.051779506,3733169.0415079403,0.6289374353779205,-1.3204179137103833,3050.9875474553555,0.0,-0.0017639710953186855,0.04356386071245597,0.785578053680791,8.901266706444813e-06,-0.0002326629118918497,-9.096276336812469e-07,8.94088106511644e-06,-0.00023266094688198952,-1.3191736448273705e-06,328.3809838902237,0.904495070035463,69668.14118472644,268.3280946943767,0.5158484400564621,0.043083601873220426,-3.611259779942828e-06,169.39481828397814,12977.06413600498,9.788857877359467,119.74999207533064,119.81042208164497,-0.08136361776450318,3954.094336495503,0.8499797593926097,-90558.29744233016,-0.03902608778246873,4.222440633458679,0.03565960912632129,0.04336174346337089,9.321124166325761e-06,0.9930885123125901,-2.4308606522333494e-06,-0.012715300195906038,-1.1894545174889969e-06,9.735089111198153,-2.430856091337796e-06,-0.012715290164796868,-1.1894558492658138e-06,9.735088877365335,0.5,0.0,0.0,1.0,0.0,0.0,0.0
15.100000000000001,169.23776437491605,-0.0006112652887479043,7.294270082368766,5.270437451523884e-05,-0.0002950324346970437,-5.6076609484552356e-05,-0.4464051519822719,0.7719277469413081,0.43133971158769424,0.13709867611589033,1280030.4535726192,-5005055.264433593,3733178.7298436263,0.6289393180708729,-1.320415594566186,3050.995570708377,0.0,-0.0017630956277128638,0.04354088209310078,0.7855779641612097,8.611791121597536e-06,-0.00022685070194943509,-8.81090443172507e-07,8.650142458238582e-06,-0.0002268487973923966,-1.2802133076954936e-06,328.3809520004174,0.9044943240137879,69668.07026236466,268.32804259365037,0.515848695141726,0.04307406416689232,-3.6085226929312877e-06,169.39488559881306,12977.063746362179,9.788857945581329,119.75005735233735,119.81045353559446,-0.07908681602693421,3951.420197733923,0.8495135316931328,-90546.16171221677,-0.03684925707847504,4.552138819783387,0.03495827310485932,0.043332418083373035,9.316011378369833e-06,0.9929554283820776,-2.414297630546634e-06,-0.012717122773359754,-1.191737144058869e-06,9.733424712788402,-2.4142921303467367e-06,-0.012717112837704988,-1.1917387653518637e-06,9.733424481396339,0.5,0.0,0.0,1.0,0.0,0.0,0.0
15.200000000000001,169.23789081005307,-0.0006108051981774238,7.292882089880395,5.242845332197423e-05,-0.00028881447684875984,-5.603928248763075e-05,-0.4464000000638976,0.7719289386346274,0.43134593751509326,0.1370891528535482,1280040.3170787545,-5005045.476859758,3733188.4180339016,0.6289412007648039,-1.3204132754182238,3051.0033604015284,0.0,-0.0017622482478280089,0.043518504532478665,0.785577877427184,8.338349178974787e-06,-0.00022063269002889978,-8.53787917056645e-07,8.375493027402199e-06,-0.00022063084427842422,-1.2417876298456773e-06,328.3809210389352,0.9044935997090804,69668.00140457913,268.3279920095954,0.5158489464566464,0.04306584580242491,-3.605805193194833e-06,169.39495215439786,12977.063551957115,9.78885801452316,119.75012135342718,119.8104852260836,-0.07668833929404516,3948.8589778984674,0.8490225939127608,-90535.82106297083,-0.03486137852956337,4.838206121182796,0.03438399435580771,0.043304331005016496,9.310627612511622e-06,0.9928420298281513,-2.3986142742079823e-06,-0.012718813581488787,-1.1940954595039677e-06,9.731772239489242,-2.398607500709872e-06,-0.012718803422797676,-1.1940974901498216e-06,9.731772006384446,0.5,0.0,0.0,1.0,0.0,0.0,0.0
15.3,169.23800719421124,-0.0006103542893913634,7.291704996945013,5.2167256568004835e-05,-0.0002822463686014737,-5.600240960638902e-05,-0.44639497578099585,0.7719300932123935,0.43135201751747754,0.13707988099714488,1280050.1805108245,-5005035.689049312,3733198.1060720766,0.6289430834596924,-1.3204109562664939,3051.010905349627,0.0,-0.0017614274275056462,0.043496765683057076,0.7855777933643983,8.07954786930082e-06,-0.0002140645259044495,-8.275675052396703e-07,8.115533029525641e-06,-0.00021406273750278638,-1.2038424123875637e-06,328.3808910502345,0.904492898161366,69667.9347102424,268.32794301484535,0.5158491933441929,0.04305887386076681,-3.603141919232631e-06,169.39501775791075,12977.063538168766,9.78885808421943,119.75018397443033,119.81051696572487,-0.07418691758143403,3946.411423689259,0.8485409925525821,-90527.1730737413,-0.03304655261599544,5.083056177111471,0.03382084948726334,0.04327749041683102,9.305346232540757e-06,0.9927471934741008,-2.3836566662637257e-06,-0.012720376199500283,-1.1962698675222692e-06,9.730136964573253,-2.3836487490191726e-06,-0.012720366006796957,-1.1962722765455529e-06,9.73013673106227,0.5,0.0,0.0,1.0,0.0,0.0,0.0
15.4,169.23811383706365,-0.0006099178084036383,7.2907275292574,5.1919566781220355e-05,-0.0002753795277396689,-5.596605391923855e-05,-0.44639008731491286,0.771931207947953,0.4313579437499651,0.1370708740264007,1280060.043866594,-5005025.900993789,3733207.793951739,0.628944966155521,-1.3204086371109782,3051.0181949147955,0.0,-0.0017606318867498057,0.04347570116490883,0.7855777118792016,7.834169174099969e-06,-0.00020719761432120353,-8.024032945446749e-07,7.869043233031183e-06,-0.00020719588178188403,-1.1664424012264447e-06,328.3808620765974,0.9044922203597807,69667.8702733891,268.3278956784795,0.515849435189065,0.043053081767095325,-3.600563843881509e-06,169.39508222911098,12977.063691573614,9.788858154702922,119.75024511539223,119.81054858253692,-0.07159986199195245,3944.0783532237383,0.8480946840697743,-90520.12415237247,-0.03138737070421464,5.289004065685669,0.0331853822592026,0.04325190529052937,9.300451884482742e-06,0.9926698929612457,-2.3693082782008778e-06,-0.012721814724864514,-1.1980788467629085e-06,9.728523830644217,-2.369299135019336e-06,-0.012721804424941134,-1.1980816634131402e-06,9.728523594975755,0.5,0.0,0.0,1.0,0.0,0.0,0.0
15.5,169.23821114963064,-0.0006094987090541629,7.289936710821754,5.1684179383671954e-05,-0.0002682652138400051,-5.5930340547383073e-05,-0.44638534039257577,0.7719322808730598,0.43136371098086673,0.13706214093293978,1280069.9071448878,-5005016.112688427,3733217.4816689985,0.6289468488522612,-1.3204063179516994,3051.0252226255834,0.0,-0.0017598602250988539,0.043455335010636614,0.7855776328522776,7.601005504516095e-06,-0.00020008326759843293,-7.783314461184638e-07,7.634817515841904e-06,-0.00020008158929792712,-1.129713890329056e-06,328.38083414374574,0.9044915669060555,69667.80815122424,268.3278500425216,0.5158496714901375,0.04304839288453584,-3.5980884077675833e-06,169.39514541670857,12977.063997625815,9.788858225993577,119.75030470195588,119.81057992183868,-0.06894422530212374,3941.8590491871596,0.847695454245055,-90514.56733122662,-0.029863396464972904,5.458666774674738,0.03244347061523569,0.04322756775983033,9.29607381462168e-06,0.9926089552514964,-2.3554928494205615e-06,-0.01272313378296342,-1.1994606656895516e-06,9.7269371048176,-2.3554831225141085e-06,-0.012723123783641412,-1.1994636854534589e-06,9.726936872631045,0.5,0.0,0.0,1.0,0.0,0.0,0.0
15.600000000000001,169.23829950082288,-0.0006090973680290913,7.289320812104625,5.146010018087185e-05,-0.000260950023207762,-5.589540623049074e-05,-0.44638074028172575,0.7719333101894993,0.4313693143422196,0.13705369009750729,1280079.7703444813,-5005006.32412858,3733227.169220161,0.628948731549888,-1.3204039987886635,3051.0319824256003,0.0,-0.0017591112756624237,0.04343568954226668,0.7855775561718309,7.379059313605029e-06,-0.00019276805677527026,-7.554080616404267e-07,7.411860667215275e-06,-0.00019276643092481298,-1.0937946945920034e-06,328.38080727575186,0.9044909383633288,69667.7483972839,268.3278061463002,0.515849901786939,0.04304473793857886,-3.595717837378352e-06,169.39520718191235,12977.06444314083,9.788858298110055,119.75036266405077,119.81061084431015,-0.06623552341939383,3939.752940541668,0.847341194094004,-90510.40601425843,-0.028457961689433528,5.593915043073827,0.03160728940406916,0.04320447156256744,9.292188895223733e-06,0.9925633210446495,-2.3421773329073956e-06,-0.01272433817853629,-1.2004626992603475e-06,9.725380707343605,-2.342166583468972e-06,-0.012724327961468843,-1.2004660520907544e-06,9.725380474545442,0.5,0.0,0.0,1.0,0.0,0.0,0.0
15.700000000000001,169.23837922433322,-0.0006087119774052863,7.288869098613251,5.124650048300592e-05,-0.00025347713645057285,-5.586135570800124e-05,-0.44637629198645856,0.7719342942028609,0.4313747491468977,0.13704552960254085,1280089.6334640512,-5004996.535309534,3733236.8566015903,0.6289506142483798,-1.320401679621862,3051.038468431371,0.0,-0.0017583840639970776,0.043416786203943854,0.7855774817319231,7.167499461343887e-06,-0.00018529511460541764,-7.336632637981824e-07,7.199342757271073e-06,-0.0001852935393016614,-1.0587905812744115e-06,328.3807814960005,0.9044903352786602,69667.69106357566,268.3277640280208,0.5158501256455675,0.04304205353244407,-3.5934414625062776e-06,169.39526739430153,12977.065015985867,9.7888583710705,119.75041893380785,119.81064122187811,-0.0634881279190852,3937.7596002211326,0.847019677691329,-90507.5516241145,-0.02715882218262618,5.697022377792608,0.03072078201714165,0.04318261201540983,9.288663053251937e-06,0.9925320189757981,-2.3293543844211852e-06,-0.01272543151436826,-1.2012070513700868e-06,9.723858316146758,-2.329342718245887e-06,-0.012725421273975943,-1.2012106956702023e-06,9.723858082149112,0.5,0.0,0.0,1.0,0.0,0.0,0.0
15.8,169.238450739018,-0.0006083392636728516,7.28856955221335,5.1042542105717016e-05,-0.00024588824879879476,-5.582822327446215e-05,-0.4463719981097882,0.77193523196017,0.43138001326530384,0.13703766313303553,1280099.4965033107,-5004986.746230155,3733246.543812092,0.6289524969477053,-1.3203993604513247,3051.0446787811816,0.0,-0.001757677490873469,0.043398635092674054,0.7855774094054707,6.96548897800109e-06,-0.00017770618715758115,-7.130588541229032e-07,6.996425046972472e-06,-0.0001777046605053963,-1.024736378044158e-06,328.38075681189144,0.9044897578251565,69667.63616655636,268.327723699773,0.5158503427499675,0.04304026867706414,-3.5912399604230414e-06,169.39532595390793,12977.065703328855,9.788858444880633,119.75047346968415,119.81067094540113,-0.06071577438293887,3935.877187249482,0.8467139752803614,-90505.90568410572,-0.02595665859696211,5.770197469110503,0.02983986148495723,0.043161968929680834,9.285310632092389e-06,0.9925139691210543,-2.3170214155812055e-06,-0.01272641891308192,-1.2018435104746067e-06,9.722372881005683,-2.317008863883656e-06,-0.012726408698252352,-1.2018474294595466e-06,9.722372646915153,0.5,0.0,0.0,1.0,0.0,0.0,0.0
15.9,169.238514421785,-0.000607975853926724,7.288411297658282,5.084749863256875e-05,-0.00023822133974549066,-5.5795984333127645e-05,-0.44636786108659104,0.771936122583659,0.43138510464942337,0.1370300942351495,1280109.3594618444,-5004976.956889108,3733256.2308504325,0.6289543796478376,-1.3203970412770645,3051.0506116170436,0.0,-0.0017569906407649734,0.04338124585265186,0.7855773390828684,6.772304926798067e-06,-0.00017003926167126636,-6.935042805404366e-07,6.802380571031781e-06,-0.00017003778188082901,-9.916079869402573e-07,328.38073323080954,0.9044892061755779,69667.58372264986,268.3276851736219,0.5158505528078425,0.0430393191348035,-3.5890934215054553e-06,169.39538276855777,12977.066493526903,9.788858519546192,119.75052623184527,119.81069991659393,-0.05793097805208891,3934.1040823809044,0.8464088136167361,-90505.37900112123,-0.024845896777034356,5.815710099332812,0.0290123327125939,0.043142524548261986,9.28196414092478e-06,0.9925081933629372,-2.3051721536490895e-06,-0.012727305218814393,-1.2024995482523643e-06,9.720927122019138,-2.305158743163301e-06,-0.012727295111468149,-1.2025037296758376e-06,9.720926889660708,0.5,0.0,0.0,1.0,0.0,0.0,0.0
16.0,169.23857061506044,-0.0006076191347331819,7.288384362326979,5.0660715600732905e-05,-0.0002305117692672719,-5.576457239918328e-05,-0.4463638833042667,0.7719369652307051,0.43139002121951847,0.13702282650668274,1280119.2223390797,-5004967.167284741,3733265.9177152505,0.628956262348752,-1.320394722099079,3051.0562649487206,0.0,-0.0017563227551095533,0.04336462818557364,0.7855772706745187,6.587298022762278e-06,-0.00016232964935358556,-6.748717689831643e-07,6.616554415632274e-06,-0.00016232821480916966,-9.593394100159256e-07,328.3807107606654,0.9044886805149815,69667.53374944904,268.3276484624916,0.5158507555406848,0.043039146000497075,-3.5869864194834416e-06,169.3954377508763,12977.067375848806,9.788858595073306,119.75057718065179,119.81072804501358,-0.05514536063119705,3932.438919812777,0.8460943522675638,-90505.8899177402,-0.023824280096237358,5.834868333884278,0.028266329995144186,0.043124263893366245,9.278515666712594e-06,0.9925137962225248,-2.2937855869204177e-06,-0.012728094223988795,-1.2032538304832772e-06,9.719523612474363,-2.2937715824048974e-06,-0.01272808381601664,-1.2032581915290564e-06,9.719523376749468,0.5,0.0,0.0,1.0,0.0,0.0,0.0
16.1,169.2386197311634,-0.0006072676924231154,7.288477856543943,5.048148587237735e-05,-0.00022279252492780365,-5.57338943325009e-05,-0.44636006486323304,0.7719377597686837,0.4313947633235675,0.13701585935699054,1280129.0851354385,-5004957.377418804,3733275.6044074986,0.6289581450504164,-1.320392402917403,3051.0616405724236,0.0,-0.0017556729614035863,0.0433487809916409,0.7855772040866741,6.409767566559529e-06,-0.00015461038350130497,-6.570105958991116e-07,6.438239256964207e-06,-0.00015460899280520237,-9.27837527309946e-07,328.3806893943196,0.9044881806763514,69667.48623107612,268.327613554718,0.5158509507871161,0.043039684942675245,-3.5849106100665394e-06,169.39549084418837,12977.068339215733,9.788858671456428,119.75062630226095,119.81075525993796,-0.05236963333579911,3930.8789977660003,0.8457679854122493,-90507.34942436934,-0.022888261042948495,5.830684697541813,0.027604956423330215,0.04310715733650166,9.27493663327263e-06,0.9925298015948427,-2.2828223197949893e-06,-0.012728791402411654,-1.2041237212319591e-06,9.718164176841398,-2.282807717487321e-06,-0.012728781255625533,-1.204128264382525e-06,9.718163943665708,0.5,0.0,0.0,1.0,0.0,0.0,0.0
16.2,169.23866214191068,-0.0006069214580815169,7.288681915646437,5.030916903008687e-05,-0.00021509375377575887,-5.570386932375573e-05,-0.4463564059194568,0.7719385060684293,0.431399331168483,0.1370091924320865,1280138.9478511515,-5004947.587292584,3733285.290927899,0.6289600277528018,-1.3203900837320548,3051.0667399717495,0.0,-0.001755040546156398,0.04333370370939136,0.7855771392492806,6.23907945717231e-06,-0.0001469115742573045,-6.397875030705382e-07,6.266795143235147e-06,-0.00014691022620290205,-8.970215501756811e-07,328.3806691258753,0.9044877065217389,69667.44115441671,268.32758044066713,0.5158511383956494,0.04304087768568791,-3.5828655874438163e-06,169.39554199570784,12977.069373561697,9.788858748691002,119.75067358210143,119.81078149793545,-0.049613572754509505,3929.4219673603593,0.8454333947587089,-90509.67727924965,-0.02203386214441375,5.804113044010988,0.027011436589622566,0.04309117911916764,9.27126741527999e-06,0.9925553295255266,-2.272233687860537e-06,-0.012729400988690177,-1.205077366452841e-06,9.716850504107946,-2.272218414176916e-06,-0.01272939067011837,-1.2050821199494233e-06,9.716850268612527,0.5,0.0,0.0,1.0,0.0,0.0,0.0
16.3,169.23869818615944,-0.000606581372906031,7.288987477519192,5.0143187029450166e-05,-0.00020744343262194857,-5.567444582492719e-05,-0.4463529067455637,0.7719392039821391,0.43140372476752903,0.13700282570694747,1280148.8104862478,-5004937.796906871,3733294.977276909,0.628961910455883,-1.3203877645430362,3051.071564252799,0.0,-0.0017544249350670944,0.043319396563920115,0.7855770761120251,6.074659589955704e-06,-0.0001392612305967609,-6.23102239061242e-07,6.101643562279815e-06,-0.00013925992411326172,-8.668399897785384e-07,328.3806499509361,0.9044872579482963,69667.39850969332,268.3275491131561,0.5158513182178923,0.04304267069569246,-3.580856908811815e-06,169.39559115443868,12977.07046959851,9.7888588267736,119.75071900390712,119.8108067006552,-0.046886285482524166,3928.0657007383716,0.8450981801812865,-90512.79935057723,-0.02125579187505141,5.757710802746159,0.02645767037396504,0.04307630590666288,9.267591355157392e-06,0.9925895670637491,-2.2619690675314037e-06,-0.01272992765899463,-1.2060545880948819e-06,9.715584218143622,-2.2619529649015376e-06,-0.01272991744468276,-1.2060596035587854e-06,9.715583983358318,0.5,0.0,0.0,1.0,0.0,0.0,0.0
16.400000000000002,169.23872825855568,-0.0006062487688023871,7.289384878121617,4.9982944379036537e-05,-0.0001998667473665854,-5.5645600549540266e-05,-0.4463495654883733,0.7719398540209429,0.4314079463898196,0.13699675526807784,1280158.6730416943,-5004928.006265611,3733304.6634571287,0.6289637931596271,-1.3203854453503847,3051.076118015995,0.0,-0.0017538254514648753,0.04330584974842651,0.7855770146167194,5.915916332769917e-06,-0.00013168453212922932,-6.068875104726717e-07,5.942189898763929e-06,-0.0001316832662284447,-8.372691693773801e-07,328.380631851217,0.9044868345282647,69667.35825624001,268.3275195423113,0.5158514902185088,0.04304500687471208,-3.5788924371986573e-06,169.39563829934582,12977.071617966878,9.788858905690049,119.75076257597262,119.81083082937792,-0.044195782537391176,3926.8069686572326,0.8447708455977124,-90516.6373417938,-0.020547126620061997,5.692820921760476,0.025913944530298466,0.04306250228617571,9.264001709329113e-06,0.9926316555867799,-2.251977442998049e-06,-0.012730376002461418,-1.2069920149961869e-06,9.714366194222109,-2.2519607608842572e-06,-0.012730365765535717,-1.2069972179935752e-06,9.714365959591127,0.5,0.0,0.0,1.0,0.0,0.0,0.0
16.5,169.2387527155646,-0.0006059249131774449,7.289865354325784,4.9827930982916e-05,-0.00019238675903088275,-5.561734315773748e-05,-0.44634638052207587,0.7719404566403334,0.43141199799928065,0.13699097772855057,1280168.5355182213,-5004918.215372102,3733314.3494707854,0.6289656758640056,-1.3203831261541215,3051.0804053023458,0.0,-0.0017532415552265325,0.04329305475296843,0.785576954718221,5.762341151617537e-06,-0.000124204525193994,-5.911127726124016e-07,5.787924235819094e-06,-0.00012420329890875753,-8.083184168778694e-07,328.38061481065614,0.9044864358859015,69667.32035833591,268.3274917018914,0.5158516543607884,0.043047834448036205,-3.5769796548584665e-06,169.3956834100898,12977.07281016029,9.788858985427899,119.75080430394159,119.81085384963413,-0.041549392883669434,3925.6428619867465,0.8444581501913654,-90521.12007256113,-0.019899994443361952,5.611370594998379,0.025357943473950418,0.04304973635534201,9.260572600957307e-06,0.9926808145104186,-2.2422205520283247e-06,-0.012730750458086902,-1.2078429299368863e-06,9.71319726396482,-2.24220373742295e-06,-0.01273074043868372,-1.207848181091941e-06,9.713197031254378,0.5,0.0,0.0,1.0,0.0,0.0,0.0
16.6,169.23877188297305,-0.0006056106474159992,7.29042084090819,4.9677717234990745e-05,-0.00018502488282100556,-5.558970494288091e-05,-0.44634335046129625,0.7719410122333838,0.4314158812512357,0.13698549023577852,1280178.3979163228,-5004908.424229009,3733324.035319738,0.6289675585689924,-1.320380806954251,3051.0844296055534,0.0,-0.001752672824399195,0.04328100439262852,0.7855768963804648,5.613505473097908e-06,-0.00011684261545319269,-5.757720299833143e-07,5.638417685939669e-06,-0.00011684142779655366,-7.800187345693317e-07,328.38059881536725,0.9044860616963537,69667.28478509806,268.3274655692093,0.5158518106028629,0.04305110576498038,-3.575123529104784e-06,169.3957264657595,12977.074038314733,9.788859065976371,119.7508441904184,119.81087572967478,-0.038953971350161105,3924.5707754927466,0.844163720350321,-90526.18208812909,-0.01930732170607628,5.514804548874474,0.024778757582442076,0.043037979544409535,9.257343798063683e-06,0.992736326038922,-2.2326737338200157e-06,-0.012731055804886902,-1.2085871997373022e-06,9.712078251951096,-2.2326559307096474e-06,-0.012731045390456764,-1.2085927664769202e-06,9.712078014600625,0.5,0.0,0.0,1.0,0.0,0.0,0.0
16.7,169.23878612939635,-0.0006053060797335536,7.291042937457184,4.9531884817558236e-05,-0.00017779931612509544,-5.55627158604478e-05,-0.44634047199443655,0.7719415217871083,0.431419599851959,0.13698028640724827,1280188.2602373674,-5004898.632841874,3733333.721007792,0.6289694412745561,-1.3203784877508125,3051.0881975671896,0.0,-0.0017521187342297488,0.043269682377062905,0.7855768395527317,5.468991786723728e-06,-0.00010961706202416482,-5.608631987900046e-07,5.493252587611411e-06,-0.00010961591198772889,-7.523994004215564e-07,328.38058383895225,0.9044857113420718,69667.25147781763,268.3274411011366,0.515851959008847,0.04305477118718232,-3.5733246984976583e-06,169.39576747379243,12977.075294710177,9.788859147315007,119.75088226093631,119.8108964563656,-0.036415167072811186,3923.587112462778,0.8438874704476661,-90531.75550256108,-0.018761510962286763,5.405024955764649,0.024177550821978696,0.04302719241078801,9.254314361638727e-06,0.9927974457154518,-2.223320082532632e-06,-0.012731295614777448,-1.2092340980597768e-06,9.711009256813849,-2.2233019995223793e-06,-0.012731285679244485,-1.209239757121014e-06,9.711009025109105,0.5,0.0,0.0,1.0,0.0,0.0,0.0
16.8,169.2387957883597,-0.0006050107846878943,7.291724017929653,4.939008682994766e-05,-0.00017072690935226973,-5.553640123067432e-05,-0.44633774216451944,0.771941986188981,0.4314231570841377,0.13697536059322976,1280198.1224824518,-5004888.841215459,3733343.406538276,0.6289713239806682,-1.3203761685438284,3051.0917150955647,0.0,-0.001751578871460371,0.04325907425866373,0.7855767841920974,5.328454297960721e-06,-0.0001025446432857657,-5.463821802634891e-07,5.3520829141024355e-06,-0.00010254352984519548,-7.254851258614158e-07,328.3805698579275,0.9044853842736864,69667.22038426752,268.32741825930634,0.5158520996329293,0.04305878565238549,-3.5715806512833635e-06,169.39580643986974,12977.076572335644,9.788859229425588,119.75091853705055,119.81091601831345,-0.033938166163401284,3922.688653297909,0.8436266816216262,-90537.77879076899,-0.01825715542058173,5.28322697065302,0.023563985437021116,0.04301733964742326,9.251454475856922e-06,0.9928634988380763,-2.214152641199321e-06,-0.012731475017411663,-1.2098120651866438e-06,9.709990417574756,-2.214133854221236e-06,-0.012731465104948225,-1.2098179468233475e-06,9.70999018588465,0.5,0.0,0.0,1.0,0.0,0.0,0.0
16.900000000000002,169.2388011652747,-0.000604724008448499,7.292457052125638,4.925203954849714e-05,-0.00016382320223210726,-5.551077495687748e-05,-0.44633515834691195,0.7719424062325924,0.43142655583704465,0.1369707078237412,1280207.984652416,-5004879.049353799,3733353.091914085,0.6289732066873034,-1.3203738493333042,3051.0949874393023,0.0,-0.0017510529197833388,0.04324916730297204,0.7855767302632175,5.191610537457536e-06,-9.56409072117398e-05,-5.323156447025417e-07,5.214625569790815e-06,-9.563982934454364e-05,-6.992892768342245e-07,328.3805568514316,0.9044850800031681,69667.19145805195,268.32739700963555,0.5158522325176412,0.04306310761973538,-3.569886937184891e-06,169.39584336719722,12977.077864680889,9.78885931229194,119.75095303627151,119.81093440485905,-0.03152784842059472,3921.8724868442882,0.8433773175198748,-90544.19523280142,-0.01778965800556292,5.1504883951123706,0.022951555225815524,0.04300838932975919,9.248719876909872e-06,0.9929338633993843,-2.205168564165497e-06,-0.012731597389401194,-1.2103579569789298e-06,9.709021893694496,-2.2051494708020665e-06,-0.012731587127881984,-1.2103639349183698e-06,9.709021657836441,0.5,0.0,0.0,1.0,0.0,0.0,0.0
17.0,169.23880259716702,-0.000604444821274361,7.2932348902261985,4.911745053722868e-05,-0.00015710052326672118,-5.5485828340598894e-05,-0.4463327162059361,0.7719427832379558,0.4314298008272538,0.1369663199809248,1280217.8467489034,-5004869.257263519,3733362.777139846,0.6289750893944316,-1.320371530119279,3051.0980226214356,0.0,-0.00175054045832871,0.04323994066376087,0.7855766777192694,5.058170673867042e-06,-8.891823057864841e-05,-5.186329319123565e-07,5.080589343926708e-06,-8.891718729962624e-05,-6.738022628377425e-07,328.38054478757545,0.9044847977845152,69667.16462825054,268.3273773000248,0.5158523578030413,0.043067694834923675,-3.5682380669129285e-06,169.39587828531796,12977.0791655697,9.78885939588933,119.75098579718492,119.81095162258603,-0.02918784041247534,3921.1348388569004,0.8431353445470847,-90550.94722471507,-0.017355195270400702,5.00895867161297,0.022352641793060506,0.04300030006833208,9.246066331223228e-06,0.9930079076978534,-2.1963639618127424e-06,-0.012731667341285391,-1.2109052557972143e-06,9.708103189193412,-2.1963444537938095e-06,-0.012731657131008678,-1.2109113628363278e-06,9.708102954308636,0.5,0.0,0.0,1.0,0.0,0.0,0.0
17.1,169.23880038915865,-0.0006041724844775421,7.294051036434804,4.898607504667062e-05,-0.00015057014142320926,-5.546154350232651e-05,-0.4463304118499738,0.771943118396259,0.431432896262561,0.13696218982255862,1280227.7087732637,-5004859.464950371,3733372.4622196425,0.6289769721020259,-1.320369210901776,3051.1008278243244,0.0,-0.0017500411599899743,0.043231375719333394,0.7855766265238135,4.92789250469077e-06,-8.23878598177834e-05,-5.052962219889933e-07,4.9497303517155505e-06,-8.238685019295353e-05,-6.490054074921895e-07,328.38053363781154,0.9044845369498944,69667.13983137405,268.3273590838339,0.515852475612393,0.04307250890912377,-3.566629679120309e-06,169.3959112199838,12977.080469366416,9.788859480195637,119.75101685327147,119.8109676777943,-0.02692149072856953,3920.472346127819,0.8428980031819715,-90557.9827271289,-0.016951241655349412,4.859303636410626,0.021775087629743416,0.04299303498122993,9.24346357708752e-06,0.9930850610545623,-2.18773165347359e-06,-0.012731688413026009,-1.2114761571550453e-06,9.707233874045992,-2.187712247593946e-06,-0.012731678134639105,-1.2114822310857485e-06,9.707233639558908,0.5,0.0,0.0,1.0,0.0,0.0,0.0
17.2,169.23879482137156,-0.0006039065802431546,7.294899489977011,4.8857700265928404e-05,-0.00014424268157338984,-5.5437899435654114e-05,-0.4463282417766498,0.7719434127862219,0.4314358459038029,0.1369583108749122,1280237.5707265767,-5004849.672419329,3733382.1471570833,0.6289788548100619,-1.3203668916808,3051.10340949893,0.0,-0.0017495547813111388,0.043223455800139955,0.7855765766505907,4.800566182892178e-06,-7.606037247450918e-05,-4.92265773651182e-07,4.821836986413374e-06,-7.605939562520511e-05,-6.248769805407158e-07,328.3805233764994,0.90448429689948,69667.1170103986,268.3273423191723,0.5158525860530239,0.043077514379466955,-3.56505930676762e-06,169.39594219321268,12977.081770838988,9.788859565190958,119.751046233312,119.81098257617151,-0.024731982991889775,3919.8819263664104,0.8426642533275168,-90565.2534705112,-0.016576031824010514,4.702916822864551,0.021221010529637443,0.04298656026716112,9.240900208497673e-06,0.9931647941318493,-2.179263177064332e-06,-0.012731664333107027,-1.2120780187774504e-06,9.706413597945224,-2.179243075339435e-06,-0.012731654041710939,-1.212084309970077e-06,9.706413361901006,0.5,0.0,0.0,1.0,0.0,0.0,0.0
17.3,169.23878619549694,-0.0006036469546809981,7.295774305161588,4.873210330478542e-05,-0.0001381253747398051,-5.5414869550521365e-05,-0.44632620099729636,0.771943667942895,0.4314386551037773,0.13695467391935803,1280247.4326106529,-5004839.879677655,3733391.831957291,0.6289807375185116,-1.3203645724563904,3051.105776494369,0.0,-0.0017490809767179403,0.04321615717023419,0.7855765280647191,4.675971603441119e-06,-6.994307607006598e-05,-4.795017511350109e-07,4.696687377104692e-06,-6.994213117827824e-05,-6.013893710365493e-07,328.38051396846686,0.9044840768104591,69667.09608710147,268.3273269485762,0.5158526893196604,0.04308267610252835,-3.563526040348732e-06,169.39597125080596,12977.083065200017,9.788859650848034,119.7510739849266,119.81099633892475,-0.022621249699361363,3919.3598221030743,0.8424346279253658,-90572.71197505132,-0.01622630930217936,4.540964962414214,0.020687075243985557,0.042980834720625985,9.238382069846088e-06,0.9932465862523618,-2.1709457996451266e-06,-0.01273159888110794,-1.2127049495274568e-06,9.705641401566174,-2.1709254347413287e-06,-0.012731588716211339,-1.2127113230918249e-06,9.705641167339957,0.5,0.0,0.0,1.0,0.0,0.0,0.0
17.400000000000002,169.23877478504514,-0.000603393742001711,7.296670073189317,4.8609094757108594e-05,-0.0001322249072951733,-5.539243598479115e-05,-0.4463242850181369,0.7719438852553527,0.4314413286592843,0.13695127069374288,1280257.2944269984,-5004830.086731694,3733401.5166248106,0.62898262022735,-1.3203622532285686,3051.107936758548,0.0,-0.001748619483333146,0.04320945853371351,0.7855764807412068,4.553922017180295e-06,-6.404259549594679e-05,-4.66974296971318e-07,4.574093445465308e-06,-6.404168178763287e-05,-5.785237908244889e-07,328.3805053821234,0.904483875943816,69667.07699122635,268.32731292043417,0.5158527855858172,0.043087962108577384,-3.5620306712265795e-06,169.39599843344675,12977.084348080129,9.788859737142367,119.75110014993572,119.81100898561445,-0.02059109906040657,3918.902631452018,0.8422107491056733,-90580.31504507175,-0.015899948562237,4.374536523384836,0.0201668711966664,0.04297582103555986,9.235926949881755e-06,0.9933299637197928,-2.1627664842373906e-06,-0.012731495631671383,-1.2133433252815074e-06,9.704916435827494,-2.1627456331922306e-06,-0.012731485714715426,-1.213349852107766e-06,9.704916202868791,0.5,0.0,0.0,1.0,0.0,0.0,0.0
17.5,169.23876084160412,-0.0006031472417137976,7.297581786745361,4.848851761553639e-05,-0.00012654765580309376,-5.5370591443040295e-05,-0.4463224897655575,0.7719440659891866,0.4314438708931083,0.1369480937518575,1280267.1561768416,-5004820.293586993,3733411.201163689,0.628984502936554,-1.3203599339973398,3051.109897478173,0.0,-0.0017481701128067458,0.043203340673928635,0.7855764346634068,4.434262190386083e-06,-5.836535265658272e-05,-4.546645392998731e-07,4.453899107455234e-06,-5.836446938255142e-05,-5.562721100450375e-07,328.38049758890423,0.904483693631313,69667.05965924566,268.3273001880778,0.5158528750059821,0.043093342801368534,-3.5605749666752816e-06,169.3960237771312,12977.085615407277,9.7888598240518,119.75112476498957,119.81102053416643,-0.018643289434641528,3918.5072704157656,0.841994615978872,-90588.02273996473,-0.015593583271733958,4.204306205726718,0.0196532875451171,0.04297148539195339,9.233556771428552e-06,0.9934144885338717,-2.1547147909800933e-06,-0.012731358059798194,-1.2139772034813541e-06,9.70423795685397,-2.1546939309917003e-06,-0.012731347817989108,-1.2139837348421591e-06,9.704237721569298,0.5,0.0,0.0,1.0,0.0,0.0,0.0
17.6,169.2387446297712,-0.0006029076867077552,7.298504628728299,4.8370213196053415e-05,-0.00012109660455468705,-5.5349330327479374e-05,-0.44632080990406775,0.7719442117951986,0.431446287486988,0.13694513330567673,1280277.0178620724,-5004810.500251084,3733420.885579278,0.6289863856460981,-1.320357614762741,3051.111667866508,0.0,-0.0017477325763776148,0.043197778351263934,0.7855763898042415,4.3168355123723065e-06,-5.29143198530372e-05,-4.4256112237779767e-07,4.3359472246573844e-06,-5.291346628126815e-05,-5.346276319942038e-07,328.38049055218966,0.9044835290162788,69667.04400971775,268.32728869167875,0.5158529578113821,0.043098789703232235,-3.5591603002573686e-06,169.39604733889965,12977.08686363014,9.788859911547947,119.75114788330622,119.81103101613354,-0.01677836943387289,3918.170069332494,0.8417878315850996,-90595.79675336066,-0.015304839809447092,4.031728491526794,0.01914060688744685,0.04296778754723243,9.231289113888815e-06,0.9934997406158577,-2.146780561070036e-06,-0.012731189074455711,-1.2145943200891863e-06,9.703604670378091,-2.146759532226125e-06,-0.01273117918239385,-1.2146009066205544e-06,9.703604439026895,0.5,0.0,0.0,1.0,0.0,0.0,0.0
17.7,169.2387263897326,-0.0006026752357324351,7.299434210719983,4.8254055149700686e-05,-0.00011587466695395742,-5.532865465951914e-05,-0.4463192406170406,0.7719443241689907,0.43144858354777343,0.13694238055813304,1280286.8794842726,-5004800.706730575,3733430.5698763365,0.6289882683559593,-1.3203552955247921,3051.113256216049,0.0,-0.0017473066578191816,0.04319274885945452,0.7855763461433609,4.201516856230416e-06,-4.769235478110811e-05,-4.3066058304290276e-07,4.220112487335144e-06,-4.7691530182928973e-05,-5.135913922084588e-07,328.3804842390198,0.9044833813276564,69667.0299693403,268.3272783773879,0.5158530342092371,0.04310427687101958,-3.557787607985196e-06,169.3960691697969,12977.08808950709,9.788859999605238,119.7511695519458,119.81104046043976,-0.01499688746205674,3917.8877452815286,0.8415912720117682,-90603.60243568559,-0.015030597815707473,3.856988151642242,0.01862588369732362,0.042964691499938236,9.229133584690789e-06,0.9935853399884894,-2.1389583441809307e-06,-0.012730992304554885,-1.2151885116932018e-06,9.70301542971366,-2.1389372261373825e-06,-0.012730981922984575,-1.2151951278107908e-06,9.70301519237805,0.5,0.0,0.0,1.0,0.0,0.0,0.0
17.8,169.23870634284242,-0.0006024499267375374,7.300366460072983,4.8139949174057746e-05,-0.00011088473497762117,-5.5308570643151336e-05,-0.44631777751887697,0.7719444044777908,0.4314507637023695,0.1369398275398417,1280296.741044744,-5004790.913031275,3733440.254059126,0.6289901510661168,-1.3203529762834976,3051.1146700624377,0.0,-0.0017468922061678828,0.04318823160561454,0.7855763036661413,4.08821325068995e-06,-4.2702449977316623e-05,-4.189634543026611e-07,4.106301917088878e-06,-4.270165362005377e-05,-4.931686916283122e-07,328.38047861944284,0.9044832498647637,69667.01747150124,268.327269196271,0.5158531043859746,0.043109780228741436,-3.5564571128705318e-06,169.39608931559178,12977.089289997799,9.78886008820046,119.75118981260945,119.81104889365022,-0.013299433623942905,3917.6572609802083,0.8414049915915763,-90611.40724425705,-0.014768606170452427,3.681794846073854,0.018109114742947047,0.04296216394234965,9.227090779662579e-06,0.9936709297792875,-2.1312458951865914e-06,-0.012730770282764932,-1.215760514759723e-06,9.702469203204272,-2.13122450892646e-06,-0.012730760204719777,-1.2157672163345013e-06,9.702468969680583,0.5,0.0,0.0,1.0,0.0,0.0,0.0
17.900000000000002,169.23868471647057,-0.0006022315789698467,7.30129759213574,4.80277990783494e-05,-0.00010612642535267129,-5.528907709812182e-05,-0.4463164151766469,0.7719444544061363,0.4314528337143692,0.13693746432326548,1280306.6025453834,-5004781.1191607015,3733449.938133006,0.6289920337765471,-1.3203506570388917,3051.115918610245,0.0,-0.0017464889701451398,0.043184200968357865,0.7855762623466334,3.9768298777770575e-06,-3.7944128709856264e-05,-4.0746876243237706e-07,3.994420622227264e-06,-3.794335986492405e-05,-4.73357235915177e-07,328.38047365687373,0.9044831337717372,69667.0064348358,268.3272610885562,0.5158531685941241,0.04311527739745087,-3.555167746468024e-06,169.39610784033763,12977.090462636937,9.78886017730524,119.75120872138568,119.8110563540134,-0.011685458741931757,3917.475183754692,0.8412282200516936,-90619.18164563089,-0.014516290808527035,3.5059952509794217,0.017592621205066675,0.042960167230771354,9.225152251769283e-06,0.9937561861159514,-2.1236428561601976e-06,-0.012730526194402235,-1.2163163925233303e-06,9.701964483618404,-2.1236212036251173e-06,-0.012730515682600857,-1.2163231782500008e-06,9.701964245286632,0.5,0.0,0.0,1.0,0.0,0.0,0.0
18.0,169.23866171719428,-0.0006020199437421368,7.302224153782355,4.791753427316808e-05,-0.00010159958509659063,-5.527017195552053e-05,-0.4463151486792044,0.7719444754814311,0.4314547987741605,0.13693528196891783,1280316.4639877805,-5004771.325125458,3733459.622102753,0.6289939164872298,-1.3203483377909935,3051.117010165006,0.0,-0.0017460967618532271,0.04318063385670616,0.7855762221647588,3.8672975844306035e-06,-3.341733735235305e-05,-3.961739650752752e-07,3.884399311650659e-06,-3.3416595297164434e-05,-4.5415394749791704e-07,328.3804693183007,0.9044830322763078,69666.99678592639,268.3272540003096,0.5158532270606843,0.04312074795877042,-3.553918039439735e-06,169.39612480154742,12977.091605156404,9.788860266893982,119.75122632807737,119.81106287646801,-0.010154510157935448,3917.338370235846,0.8410598451381595,-90626.89824959254,-0.014272221478338029,3.33122054423905,0.017079846895364636,0.04295866689410721,9.223305803711898e-06,0.9938408086294575,-2.116149118000653e-06,-0.012730262188912432,-1.2168650613931238e-06,9.701499915472112,-2.1161276206843516e-06,-0.01273025240319972,-1.2168717993632736e-06,9.701499685740608,0.5,0.0,0.0,1.0,0.0,0.0,0.0
18.1,169.23863753571752,-0.0006018147652290906,7.303142931287227,4.780910646089563e-05,-9.730418785861572e-05,-5.525185162106369e-05,-0.4463139735413046,0.7719444691036198,0.43145666360125673,0.13693327234879063,1280326.3253732517,-5004761.530931365,3733469.3059726567,0.6289957991981459,-1.3203460185398046,3051.117952287197,0.0,-0.0017457154509409342,0.043177509255270065,0.7855761831060885,3.7595693444684708e-06,-2.9121929726245418e-05,-3.850752087607394e-07,3.7761907672917203e-06,-2.9121213746489588e-05,-4.355543128497514e-07,328.3804655736731,0.9044829446754838,69666.98845794138,268.32724788243564,0.5158532799909824,0.043126172910300756,-3.5527064804320077e-06,169.39614025114514,12977.092715425739,9.788860356943376,119.75124267711908,119.81106849313352,-0.008706246942068362,3917.2439825605798,0.8408987448170633,-90634.53202032858,-0.014034883842414653,3.157049508934112,0.016574215946901408,0.042957631811528826,9.221539130941661e-06,0.9939245227698255,-2.1087676621922805e-06,-0.012729981548066625,-1.2174143556931187e-06,9.7010742844634,-2.1087458620686206e-06,-0.01272997132388859,-1.217421188135513e-06,9.701074049745468,0.5,0.0,0.0,1.0,0.0,0.0,0.0
18.2,169.23861236308971,-0.0006016157502137495,7.304051066730697,4.7702458451128336e-05,-9.3237323832567e-05,-5.5234103328681474e-05,-0.44631288443334505,0.7719444369263455,0.43145843384045274,0.136931425739952,1280336.1867036428,-5004751.736585697,3733478.989747917,0.628997681909275,-1.320343699285358,3051.118753889886,0.0,-0.001745344807840844,0.043174802062226535,0.785576145146076,3.6535899037097704e-06,-2.5055060974459937e-05,-3.741640135362863e-07,3.6697393426652995e-06,-2.5054370376405795e-05,-4.1754446860118584e-07,328.38046238756465,0.9044828701405067,69666.98137209282,268.3272426770555,0.5158533276462043,0.043131535348046264,-3.5515313370317365e-06,169.39615425662444,12977.093791895504,9.788860447425966,119.75125782523118,119.81107324591683,-0.007339280473180385,3917.188822300361,0.8407439836011844,-90642.06057558785,-0.013803245832389092,2.9847318379426415,0.016078090233480384,0.042957026908142765,9.219841974634822e-06,0.9940070830868087,-2.101498174349717e-06,-0.012729685932465139,-1.2179700589103212e-06,9.70068595675327,-2.101475906046486e-06,-0.012729675919604687,-1.2179770379025958e-06,9.700685722953434,0.5,0.0,0.0,1.0,0.0,0.0,0.0
18.3,169.23858637309417,-0.0006014227029953072,7.3049459464236435,4.759755042876171e-05,-8.939639623671908e-05,-5.521691506700595e-05,-0.44631187653052945,0.771944380451046,0.4314601145838185,0.13692973337141456,1280346.047980501,-5004741.942094843,3733488.6734331716,0.6289995646205987,-1.3203413800276698,3051.1194230159745,0.0,-0.0017449846602146503,0.04317248961613434,0.7855761082664278,3.54932076838346e-06,-2.1214156634708825e-05,-3.634322525192934e-07,3.565006169896263e-06,-2.1213490744006347e-05,-4.001114173178254e-07,328.38045972800734,0.9044828079235276,69666.97545728464,268.3272383319407,0.515853370261538,0.04313681981282557,-3.5503914526421452e-06,169.39616687872584,12977.094833142439,9.788860538316948,119.75127182291466,119.81107717305657,-0.006052390767654181,3917.1700047189915,0.8405950677561299,-90649.46358893393,-0.013575957502282554,2.8147763168850335,0.015592437869516845,0.04295682054909654,9.21820892035706e-06,0.9940882666748191,-2.094340553825871e-06,-0.012729378351331722,-1.218534225235728e-06,9.70033347111814,-2.094318534744186e-06,-0.012729368444275984,-1.2185411259966345e-06,9.700333238853757,0.5,0.0,0.0,1.0,0.0,0.0,0.0
18.400000000000002,169.23855972648326,-0.0006012355329537533,7.305825128719543,4.7494357730081515e-05,-8.577921819335217e-05,-5.520027698152198e-05,-0.44631094541575755,0.7719443010570332,0.4314617104739418,0.13692818724625236,1280355.9092051075,-5004732.147464449,3733498.357032595,0.6290014473321002,-1.32033906076674,3051.1199670176334,0.0,-0.001744634887997432,0.04317055123710814,0.7855760724546613,3.446739039242286e-06,-1.7597008152374034e-05,-3.5287335982410294e-07,3.4619680453585326e-06,-1.7596366310634812e-05,-3.8324439257117087e-07,328.38045756577867,0.9044827573409236,69666.9706485266,268.3272347993484,0.5158534080507153,0.04314201186344295,-3.549286291114472e-06,169.39617817256024,12977.095837802173,9.788860629593678,119.75128471544896,119.8110803097757,-0.0048445210606032395,3917.184896767118,0.8404519400681284,-90656.72215764844,-0.013352761951087323,2.647203277339492,0.01511694227228315,0.04295698385960852,9.216639340685594e-06,0.9941678662411736,-2.0872949526148166e-06,-0.012729060448433088,-1.2191055037021063e-06,9.700015495829268,-2.0872725700551085e-06,-0.012729050323338433,-1.2191125184382434e-06,9.700015262469435,0.5,0.0,0.0,1.0,0.0,0.0,0.0
18.5,169.23853257992232,-0.0006010541587811885,7.306686568812976,4.739284494010736e-05,-8.238095096116437e-05,-5.518417489150043e-05,-0.44631008601180466,0.7719442003196443,0.4314632268861664,0.13692677810407256,1280365.7703792155,-5004722.352701371,3733508.0405510985,0.6290033300437616,-1.3203367415025993,3051.1203942910456,0.0,-0.0017442952746915983,0.04316896301719009,0.7855760376887353,3.3458106453053378e-06,-1.4198733945109005e-05,-3.424809868788243e-07,3.360590602856077e-06,-1.4198115513687776e-05,-3.6692817457802085e-07,328.3804558675066,0.9044827176119975,69666.96687159978,268.32723202475626,0.5158534412733996,0.04314709940024331,-3.5482153710029584e-06,169.396188206181,12977.09680510055,9.788860721230268,119.75129655839518,119.81108269927287,-0.0037136711116545615,3917.2306079671057,0.8403147752995667,-90663.82053430176,-0.01313269765439195,2.482916891605808,0.01465028993573948,0.04295748514186397,9.215135152115359e-06,0.994245709094999,-2.0803590772574316e-06,-0.012728734563358721,-1.2196805687428608e-06,9.699730363276112,-2.080336737506936e-06,-0.012728724333646867,-1.2196875703235356e-06,9.699730127810714,0.5,0.0,0.0,1.0,0.0,0.0,0.0
18.6,169.23850507601432,-0.0006008785641018368,7.307528391624365,4.7292992341495245e-05,-7.919714693441871e-05,-5.5168598907401785e-05,-0.44630929371813083,0.7719440796703484,0.4314646686747326,0.13692549758217198,1280375.63150429,-5004712.557811632,3733517.7239930644,0.6290052127555673,-1.320334422235261,3051.120712426491,0.0,-0.0017439656564543558,0.04316770335026392,0.785576003952214,3.2465173738655533e-06,-1.1014983554396683e-05,-3.32252207328323e-07,3.260855484560483e-06,-1.10143879074725e-05,-3.5115192610772524e-07,328.3804546030222,0.9044826880309863,69666.96405940913,268.327229958875,0.5158534701636942,0.0431520713281522,-3.547178594322372e-06,169.39619704090046,12977.097734305677,9.78886081320333,119.75130740129292,119.81108438093426,-0.0026580604253663154,3917.3045382145447,0.84018388717057,-90670.74440124522,-0.012914535080799412,2.322150056295608,0.014190936315220564,0.042958295882365036,9.213699794992094e-06,0.9943216382248141,-2.073533511985939e-06,-0.012728402366648937,-1.220254718540605e-06,9.69947656054333,-2.073511175900186e-06,-0.012728392143150226,-1.220261719615527e-06,9.699476327202266,0.5,0.0,0.0,1.0,0.0,0.0,0.0
18.7,169.23847734698828,-0.0006007087630441898,7.308348835820865,4.71947937285259e-05,-7.622397693932323e-05,-5.515354321795048e-05,-0.4463085643138018,0.7719439404267799,0.4314660402758807,0.1369243380380933,1280385.4925815407,-5004702.762800553,3733527.4073624425,0.629007095467502,-1.320332102964724,3051.1209283738085,0.0,-0.00174364591747694,0.04316675247406798,0.7855759712336144,3.1488540063627565e-06,-8.041809563544977e-06,-3.2218752617411326e-07,3.1627574767604665e-06,-8.041236081412765e-06,-3.359089706135727e-07,328.3804537447023,0.9044826679516769,69666.96215052083,268.3272285565745,0.5158534949350493,0.04315691722558376,-3.5461760432818054e-06,169.39620473256198,12977.098624702121,9.78886090549144,119.75131728873376,119.81108539111432,-0.0016761067569533107,3917.4042910501635,0.8400595736683222,-90677.48030013083,-0.012698263156819682,2.1651159573725525,0.013737624836532368,0.04295938980084541,9.21233653712954e-06,0.9943955060424777,-2.0668172461983484e-06,-0.012728065549006136,-1.2208246489666618e-06,9.699252717902537,-2.0667947364492394e-06,-0.01272805529684537,-1.2208317049744352e-06,9.699252483075933,0.5,0.0,0.0,1.0,0.0,0.0,0.0
18.8,169.23844951764593,-0.0006005446909146361,7.309146556451996,4.709823137159401e-05,-7.345521203820941e-05,-5.5138998156457166e-05,-0.44630789308339225,0.7719437840506342,0.43146734668553405,0.13692329086458033,1280395.353612597,-5004692.967674455,3733537.090663764,0.6290089781795508,-1.3203297836910155,3051.1210498620444,0.0,-0.0017433358485317186,0.043166088171029966,0.7855759395116708,3.052804029982186e-06,-5.2730621699434954e-06,-3.1228732937579575e-07,3.0662800664752936e-06,-5.2725102426476215e-06,-3.211886724699467e-07,328.3804532618263,0.9044826566554038,69666.96107661321,268.32722776766434,0.5158535158376948,0.0431616291285881,-3.5452073345607033e-06,169.3962113474889,12977.099476140622,9.788860998070783,119.75132627374957,119.81108577244765,-0.0007653956230816172,3917.527321889339,0.8399418919711771,-90684.01816679371,-0.012482327773410918,2.0123287221896606,0.013289654721910543,0.0429607389926533,9.211046005562085e-06,0.9944672021814436,-2.0602115157110657e-06,-0.012727726122803804,-1.2213877272626794e-06,9.699057185895887,-2.06018890704004e-06,-0.012727715789285847,-1.2213948146267261e-06,9.699056950228588,0.5,0.0,0.0,1.0,0.0,0.0,0.0
18.900000000000002,169.2384217017161,-0.0006003862725355464,7.30992031446428,4.70033027235933e-05,-7.088520822350008e-05,-5.512495684680578e-05,-0.4463072757507229,0.7719436118709803,0.43146859241966523,0.13692234828159452,1280405.2145988154,-5004683.172438884,3733546.773901075,0.6290108608917001,-1.3203274644141472,3051.121083887294,0.0,-0.0017430352888550035,0.04316569034449571,0.7855759087698652,2.9583659490020134e-06,-2.703079340682951e-06,-3.0255400254330973e-07,2.9714218460483502e-06,-2.7025483636722487e-06,-3.06983276493559e-07,328.3804531265871,0.904482653491653,69666.96077584356,268.3272275467141,0.5158535330975232,0.043166199700583704,-3.544272023087216e-06,169.39621694551556,12977.100288455487,9.788861090919792,119.75133440370463,119.81108556380943,7.623446232063458e-05,3917.671326429775,0.8398307235715056,-90690.3488021337,-0.012266696581456082,1.8639489129388183,0.012847080251550895,0.042962318188142466,9.209826900700754e-06,0.9945366257617155,-2.053716601548578e-06,-0.012727385131836433,-1.2219437051152066e-06,9.698888468661757,-2.053693817099538e-06,-0.012727375002633172,-1.2219508478719122e-06,9.698888234801876,0.5,0.0,0.0,1.0,0.0,0.0,0.0
19.0,169.2383940050017,-0.0006002334198965199,7.310668934557926,4.691001638478166e-05,-6.85089874423307e-05,-5.511141431156335e-05,-0.44630670838338743,0.7719434251138686,0.43146978161546595,0.13692150316202906,1280415.075541306,-5004673.377098732,3733556.4570780233,0.6290127436039372,-1.3203251451341151,3051.121036867611,0.0,-0.0017427441219050991,0.0431655405688487,0.785575878995995,2.865549266850416e-06,-3.26881405493088e-07,-2.929906866713118e-07,2.878192441107739e-06,-3.263707771717478e-07,-2.932869975004389e-07,328.38045331347496,0.904482657863658,69666.96119147883,268.3272278520465,0.5158535469210913,0.04317062198300449,-3.543369588144383e-06,169.3962215813119,12977.101061460902,9.788861184018693,119.75134172137908,119.8110848011523,0.000850725955756942,3917.834184884226,0.8397257905207209,-90696.4634402073,-0.012050835119022402,1.7201409895429107,0.012410573581243907,0.042964104141112174,9.208676174480857e-06,0.994603680653419,-2.0473346204008775e-06,-0.012727044215084634,-1.2224934446058838e-06,9.698745208910344,-2.0473117777124387e-06,-0.012727034227711964,-1.2225006061663757e-06,9.698744976307662,0.5,0.0,0.0,1.0,0.0,0.0,0.0
19.1,169.23836652339236,-0.0006000859630418165,7.311391661178019,4.6818368751699895e-05,-6.631936019477101e-05,-5.509835980384141e-05,-0.4463061867017715,0.7719432251033806,0.43147091881549937,0.13692074767987875,1280424.9364415559,-5004663.58165971,3733566.1401987015,0.6290146263162492,-1.3203228258509447,3051.120915765874,0.0,-0.001742462140935784,0.043165618651124754,0.785575850168382,2.774351312238512e-06,1.862735445674899e-06,-2.835985531191981e-07,2.7865892179790175e-06,1.8632263170793948e-06,-2.800882111044652e-07,328.38045379481474,0.9044826691239936,69666.96226196995,268.3272286384468,0.5158535575432366,0.043174891495381715,-3.54249902509673e-06,169.3962253177176,12977.101795495964,9.788861277346017,119.75134827629157,119.8110835251225,0.001560740479600473,3918.013691629136,0.8396266420104409,-90702.35680708461,-0.011833951546512587,1.5810803542354308,0.011981068500547736,0.04296607266405581,9.207588883207134e-06,0.9946683090211115,-2.041067920175222e-06,-0.01272670476053664,-1.223038275662888e-06,9.698625820170813,-2.041045015504941e-06,-0.012726694783806699,-1.2230454564491677e-06,9.698625586961803,0.5,0.0,0.0,1.0,0.0,0.0,0.0
19.200000000000003,169.2383393444948,-0.0005999437460878785,7.312087790402319,4.672836621554917e-05,-6.430994854085628e-05,-5.5085783831143924e-05,-0.4463057068206542,0.7719430130447675,0.43147200813064374,0.13692007475308893,1280434.797300792,-5004653.786126816,3733575.8232667614,0.6290165090286245,-1.3203205065646453,3051.1207268917933,0.0,-0.001742189184178651,0.04316590630515677,0.7855758222699056,2.6847795670661586e-06,3.8721246675151624e-06,-2.743785953616758e-07,2.6966196900649617e-06,3.872596365038481e-06,-2.6737662453955457e-07,328.3804545455274,0.9044826866859672,69666.96393154161,268.3272298649415,0.5158535651763544,0.04317900406386491,-3.541659412510192e-06,169.3962282115421,12977.102490847175,9.788861370882325,119.75135411277006,119.81108177283336,0.0022086685949878277,3918.2078538685964,0.8395328404358926,-90708.02397348553,-0.011616150763532678,1.4468490506756668,0.01155954436868396,0.042968201903396425,9.206560227978938e-06,0.9947304568088798,-2.034917614997211e-06,-0.012726367956116504,-1.2235800697129227e-06,9.698528872388025,-2.034894769362168e-06,-0.012726357747127465,-1.2235872320430658e-06,9.698528637139425,0.5,0.0,0.0,1.0,0.0,0.0,0.0
19.3,169.2383125499976,-0.0005998066396807198,7.312756642861881,4.6640025712486625e-05,-6.247493999636372e-05,-5.507367805531162e-05,-0.44630526516155805,0.7719427900516338,0.43147305333298047,0.13691947788346326,1280444.65812001,-5004643.9905044455,3733585.506285498,0.6290183917410527,-1.320318187275211,3051.1204760431624,0.0,-0.0017419251308673524,0.04316638673841381,0.7855757952876739,2.596851744501863e-06,5.707102337878385e-06,-2.653320699279247e-07,2.608301614629215e-06,5.707555437178626e-06,-2.551431661048042e-07,328.3804555425687,0.904482710010486,69666.96614894364,268.32723149388124,0.5158535700149056,0.04318295566091231,-3.5408499856666056e-06,169.39623031475506,12977.10314774246,9.788861464609743,119.75135927091424,119.81107957862484,0.002796672633299901,3918.4148220375696,0.8394440210528659,-90713.46009286278,-0.01139727694042238,1.3177874197887773,0.01114680630216461,0.04297047157626824,9.205586208905637e-06,0.9947900708680835,-2.0288859506728277e-06,-0.012726034846661115,-1.2241199107857993e-06,9.698453055707022,-2.0288633778770795e-06,-0.01272602450516207,-1.2241269875565273e-06,9.698452819701686,0.5,0.0,0.0,1.0,0.0,0.0,0.0
19.400000000000002,169.23828621021022,-0.0005996744797709757,7.313397946707798,4.65533470762777e-05,-6.080675801140705e-05,-5.506202899637789e-05,-0.4463048579238203,0.7719425572967857,0.43147405846819054,0.13691895010071056,1280454.5189005425,-5004634.194797658,3733595.1892585345,0.6290202744535228,-1.3203158679826648,3051.1201693657786,0.0,-0.0017416697741184186,0.043167041977321435,0.7855757692000214,2.5105689781937474e-06,7.375234458320609e-06,-2.5645807781954945e-07,2.5216360769764034e-06,7.375669521229342e-06,-2.4337356999203564e-07,328.38045676151097,0.9044827385260986,69666.96885984958,268.32723348535706,0.5158535722744081,0.043186744665351884,-3.5400697749019965e-06,169.39623168552723,12977.103766895576,9.788861558509332,119.75136379611551,119.81107698019403,0.0033275226230807557,3918.6327208710204,0.8393598724150906,-90718.66366044668,-0.011177317786280835,1.1942859407315682,0.01074321421988838,0.042972861117971835,9.20466341057725e-06,0.9948471346969823,-2.022974462545052e-06,-0.012725706592721901,-1.2246578025468406e-06,9.698396890056552,-2.022951471918936e-06,-0.012725696490796032,-1.224665010388012e-06,9.698396657350665,0.5,0.0,0.0,1.0,0.0,0.0,0.0
19.5,169.23826038945066,-0.0005995471456247321,7.314011439147272,4.646834088986054e-05,-5.929858097109146e-05,-5.505082519489276e-05,-0.44630448165451675,0.7719423158486558,0.43147502719997677,0.13691848509272345,1280464.3796434768,-5004624.399010866,3733604.8721891,0.6290221571660255,-1.320313548687014,3051.1198124354705,0.0,-0.0017414229493537985,0.04316785573409874,0.7855757439897448,2.4259424764887086e-06,8.883379128215936e-06,-2.477565658838982e-07,2.436634274830095e-06,8.883796705375862e-06,-2.3205567125653208e-07,328.38045818019214,0.904482771714351,69666.97201497137,268.3272358031611,0.5158535721498543,0.04319036951093982,-3.5393180663757585e-06,169.39623237645796,12977.104348927034,9.78886165256391,119.75136772902391,119.81107401195763,0.003803712332336673,3918.859883228055,0.8392802109630928,-90723.63344338836,-0.010956539139094997,1.0755702428343128,0.010348826115359753,0.042975352246157464,9.203789820027433e-06,0.9949016347757985,-2.0171827452455793e-06,-0.012725383249243277,-1.2251936167848835e-06,9.698359031851064,-2.0171596172596057e-06,-0.012725373371255202,-1.2252008677772523e-06,9.698358801387204,0.5,0.0,0.0,1.0,0.0,0.0,0.0
19.6,169.23823514811087,-0.0005994245555521233,7.314596847831096,4.638502303418877e-05,-5.794420986176447e-05,-5.50400573987822e-05,-0.44630413316498274,0.7719420666971651,0.43147596289854756,0.13691807705314202,1280474.2403496827,-5004614.603147933,3733614.5550801065,0.629024039878552,-1.3203112293882509,3051.1194103816524,0.0,-0.001741184530520963,0.043168813013309465,0.7855757196437069,2.3429888509163277e-06,1.0237725333383302e-05,-2.392285567932704e-07,2.3533128564830765e-06,1.0238125967209151e-05,-2.2117956333527348e-07,328.38045977822463,0.9044828090982976,69666.97556896703,268.3272384139844,0.5158535698203057,0.04319382857606268,-3.5385943768285602e-06,169.3962324358305,12977.104894391596,9.788861746757672,119.75137110653574,119.81107070586734,0.004227507232859774,3919.0947271142727,0.839204950199716,-90728.36778200154,-0.01073398379941602,0.9621256036014175,0.009963475447430209,0.04297792761221642,9.202964488703319e-06,0.9949535529039318,-2.0115137415656527e-06,-0.012725066633496047,-1.2257256442586847e-06,9.698338259452953,-2.0114909301189624e-06,-0.012725056583820298,-1.2257327960349521e-06,9.69833802737531,0.5,0.0,0.0,1.0,0.0,0.0,0.0
19.700000000000003,169.23821053418212,-0.0005993065923004815,7.315154288181277,4.630339534094074e-05,-5.673594687460776e-05,-5.5029712495549225e-05,-0.4463038091527687,0.7719418108578402,0.43147686909301214,0.13691771990117144,1280484.1010203348,-5004604.807213257,3733624.2379346974,0.6290259225910937,-1.320308910086396,3051.11896851783,0.0,-0.0017409543100605895,0.043169898148765984,0.7855756961404503,2.2617110660133907e-06,1.1445983526442946e-05,-2.3087382252940988e-07,2.2716747699209413e-06,1.1446367746608874e-05,-2.1073145006647425e-07,328.38046153448875,0.9044828501838759,69666.97947486726,268.32724128332256,0.5158535654792089,0.04319712252926249,-3.537898012973176e-06,169.39623191627425,12977.105404264317,9.788861841074231,119.75137396948186,119.81106709598103,0.004601674365040043,3919.3357147003867,0.8391340104402034,-90732.86832520508,-0.010510893101922622,0.8538646055469513,0.00958680522921285,0.04298057035186744,9.202186542758797e-06,0.9950029071639039,-2.0059662508448354e-06,-0.012724756924604171,-1.2262528921383641e-06,9.698333218441626,-2.0059432170769823e-06,-0.012724746693556168,-1.2262601135620884e-06,9.69833298339707,0.5,0.0,0.0,1.0,0.0,0.0,0.0
19.8,169.23818659187708,-0.0005991931641449096,7.315683848486259,4.6223465705080674e-05,-5.566687048465923e-05,-5.5019779931024816e-05,-0.44630350661183804,0.7719415492577417,0.43147774898490066,0.13691740812057993,1280493.9616563788,-5004595.01121065,3733633.9207556713,0.6290278053036429,-1.3203065907814553,3051.118491667323,0.0,-0.0017407321204993104,0.04317109691832851,0.785575673462659,2.1821176842824254e-06,1.2515012248503382e-05,-2.2269325937542687e-07,2.191728610532991e-06,1.2515380575267194e-05,-2.0070016014486655e-07,328.3804634298135,0.9044828945226014,69666.98369003585,268.32724437985433,0.5158535593019643,0.04320025188000823,-3.53722843232518e-06,169.3962308654978,12977.105879420276,9.788861935498728,119.75137635451617,119.81106321347741,0.004928709207608684,3919.581436284733,0.8390673217212106,-90737.13633602824,-0.0102866876844244,0.7511051062458557,0.009218526743382116,0.04298326500591388,9.201455214955568e-06,0.9950497114064595,-2.0005413930131365e-06,-0.012724454944880025,-1.2267738902662764e-06,9.698342685515131,-2.000518211043965e-06,-0.012724444784937077,-1.2267811586532779e-06,9.698342451954137,0.5,0.0,0.0,1.0,0.0,0.0,0.0
19.900000000000002,169.2381633629054,-0.0005990841955542573,7.316185584230264,4.614525104974001e-05,-5.473063259984164e-05,-5.501025131881888e-05,-0.44630322276258444,0.7719412827570307,0.43147860552276235,0.13691713663121263,1280503.8222585549,-5004585.215143439,3733643.6035455456,0.6290296880161921,-1.3203042714734188,3051.11798427999,0.0,-0.0017405178304697381,0.04317239621264968,0.7855756515967001,2.1042260008014816e-06,1.345124108400625e-05,-2.146892208105697e-07,2.113491769901902e-06,1.3451594031455812e-05,-1.9107673958241087e-07,328.38046544651223,0.9044829417007156,69666.98817513783,268.3272476746835,0.5158535514497773,0.04320321694492754,-3.53658518807953e-06,169.3962293273142,12977.106320635885,9.788862030017446,119.75137829492527,119.81105908731526,0.005210886070596983,3919.830598454106,0.8390048005281877,-90741.17294919661,-0.010061169198787552,0.653436703178961,0.008858519073196652,0.042985997390412,9.200769589448898e-06,0.9950939780753278,-1.9952405871944783e-06,-0.012724161128465555,-1.2272875819479913e-06,9.698365533965124,-1.9952176225801796e-06,-0.012724150858395561,-1.2272947820518153e-06,9.698365298300764,0.5,0.0,0.0,1.0,0.0,0.0,0.0
20.0,169.2381408763863,-0.0005989795593554702,7.316659908434515,4.6068750846784914e-05,-5.3919672740245845e-05,-5.5001114540491394e-05,-0.4463029547968987,0.7719410122151945,0.4314794417231399,0.13691690023522618,1280513.6828278808,-5004575.419015366,3733653.286306991,0.6290315707287347,-1.3203019521623056,3051.1174508494637,0.0,-0.0017403112321147524,0.043173782655566484,0.7855756305210334,2.028036480588808e-06,1.4262160879761283e-05,-2.0686214912079045e-07,2.036964727743715e-06,1.4262498950861562e-05,-1.8184848735407983e-07,328.38046756672406,0.9044829913003897,69666.99289045126,268.3272511386299,0.5158535420928465,0.043206020152537244,-3.535967528513986e-06,169.39622734839972,12977.10672906788,9.788862124616543,119.75137982684429,119.81105474757042,0.005450882209103426,3920.0819552601115,0.8389462781271443,-90744.98205269981,-0.009834785237503538,0.5610693465491713,0.008506746634993956,0.04298875384193091,9.200127815852988e-06,0.9951357498073289,-1.990063710581759e-06,-0.012723875855353011,-1.2277935375250843e-06,9.698400553935606,-1.990040822466478e-06,-0.012723865745807743,-1.2278007137939107e-06,9.698400320126687,0.5,0.0,0.0,1.0,0.0,0.0,0.0
20.1,169.23811915930858,-0.0005988791405917323,7.317107182275366,4.599397187879781e-05,-5.3227268877535116e-05,-5.499235940139009e-05,-0.44630270015728063,0.7719407384174026,0.43148026032371534,0.13691669421547661,1280523.5433651612,-5004565.622829659,3733662.969042381,0.6290334534412647,-1.3202996328481198,3051.1168954595923,0.0,-0.0017401121553222503,0.0431752440985988,0.7855756102179469,1.95355642379727e-06,1.4954534254804772e-05,-1.99213187015813e-07,1.962154829809373e-06,1.4954857943783196e-05,-1.730046840088637e-07,328.38046977421715,0.9044830429418974,69666.99779987657,268.32725474517395,0.5158535313855911,0.04320866362612084,-3.5353747741142997e-06,169.39622497108928,12977.107105754498,9.78886221928342,119.75138098272934,119.81105022179713,0.005651115208326729,3920.334382455835,0.838891562857472,-90748.56714881043,-0.009608165813160697,0.4738325212875288,0.008163354798809646,0.042991522031653434,9.199527792362106e-06,0.9951750650093981,-1.985010264987703e-06,-0.012723599739540238,-1.228291978595384e-06,9.698446656434538,-1.9849874194669653e-06,-0.01272358968059212,-1.2282991413460154e-06,9.698446422902796,0.5,0.0,0.0,1.0,0.0,0.0,0.0
20.200000000000003,169.23809823756173,-0.0005987828370713724,7.317527714123602,4.5920927854281737e-05,-5.2647117475272415e-05,-5.498397727721781e-05,-0.44630245647137823,0.7719404620946895,0.43148106385306545,0.13691651421532355,1280533.4038710077,-5004555.826589107,3733672.6517538433,0.6290353361537763,-1.3202973135308498,3051.1163218868896,0.0,-0.0017399204640021879,0.0431767693110983,0.7855755906731836,1.8808002031111604e-06,1.5534658697822006e-05,-1.9174426187125782e-07,1.8890765287761782e-06,1.553496849228908e-05,-1.645362150256381e-07,328.380472053981,0.9044830962740891,69667.00287003085,268.3272584697922,0.5158535194702856,0.043211149177800494,-3.5348063207938453e-06,169.39622223435987,12977.107451629485,9.788862314006451,119.75138179212465,119.81104553566482,0.005813794466877318,3920.5868255674536,0.8388404475650447,-90751.93128375558,-0.009380647892799694,0.39155032370054416,0.007828601900675485,0.04299429039591426,9.198967247264122e-06,0.9952119570873441,-1.9800835121543474e-06,-0.012723333101347024,-1.2287822810061886e-06,9.698502826126854,-1.9800600899832925e-06,-0.012723322868788321,-1.228789624167231e-06,9.698502590612696,0.5,0.0,0.0,1.0,0.0,0.0,0.0
20.3,169.2380781245226,-0.0005986905030824255,7.317922137334475,4.58496155417556e-05,-5.217204554459684e-05,-5.497595572742397e-05,-0.44630222140979153,0.7719401839555351,0.43148185483111523,0.13691635589248588,1280543.2643462885,-5004546.030296832,3733682.3344435985,0.6290372188662643,-1.3202949942105133,3051.115733841434,0.0,-0.0017397359506439013,0.04317834713553778,0.7855755718651378,1.8097649501853168e-06,1.600967857820633e-05,-1.8445496147498747e-07,1.8177269359535556e-06,1.6009974953792292e-05,-1.5643016410576873e-07,328.38047439126933,0.9044831509519927,69667.0080681185,268.3272622883924,0.5158535064934899,0.04321348053958056,-3.534261307520571e-06,169.39621917873197,12977.107767951731,9.788862408774195,119.75138228645429,119.8110407150848,0.005941442218622878,3920.838310956012,0.8387926864034556,-90755.08001440126,-0.0091525354197335,0.31453586324403665,0.007502681438363823,0.042997048257506686,9.19844348453615e-06,0.9952464869793686,-1.9752813676127274e-06,-0.012723076322411266,-1.2292652416014703e-06,9.698568008882706,-1.975258413382568e-06,-0.012723066151858928,-1.2292724382873544e-06,9.698567774874546,0.5,0.0,0.0,1.0,0.0,0.0,0.0
20.400000000000002,169.2380588329286,-0.0005986020142986615,7.318291013708958,4.57800372565473e-05,-5.179558567067061e-05,-5.4968283973818947e-05,-0.44630199284636884,0.7719399046488141,0.43148263554901906,0.1369162152990358,1280553.1247916727,-5004536.233955504,3733692.0171136106,0.6290391015787241,-1.3202926748871122,3051.1151347029954,0.0,-0.0017395584435211128,0.04317996741915306,0.7855755537758911,1.7404538537525724e-06,1.6386098633305718e-05,-1.7734544528315192e-07,1.7481092448592365e-06,1.6386382055676655e-05,-1.486753098916581e-07,328.3804767726487,0.9044832066613491,69667.01336426374,268.3272661790272,0.5158534925884161,0.04321566102161158,-3.533738999587221e-06,169.39621584102008,12977.108055852947,9.788862503576228,119.75138249398411,119.81103578385253,0.006036339033857807,3921.0879654351793,0.8387480715515014,-90758.0184630188,-0.008924663703232286,0.2422931698836779,0.007185760434689059,0.042999786040816564,9.197954225150698e-06,0.9952787108577819,-1.9706045110676625e-06,-0.012722829395139001,-1.229740767526209e-06,9.698641242240223,-1.9705813306430954e-06,-0.012722819168224982,-1.2297480352839673e-06,9.698641007878651,0.5,0.0,0.0,1.0,0.0,0.0,0.0
20.5,169.23804037539873,-0.0005985172677974048,7.318634840750791,4.5712202391070454e-05,-5.1511769587769246e-05,-5.496095271673233e-05,-0.4463017688058184,0.7719396247798255,0.4314834081254702,0.1369160887843596,1280562.9852076485,-5004526.437567397,3733701.6997656347,0.6290409842911513,-1.3202903555606342,3051.1145276023694,0.0,-0.0017393878027410527,0.043181620764265134,0.7855755363908159,1.672876473902111e-06,1.666990543736154e-05,-1.7041648301081435e-07,1.6802330470676273e-06,1.6670176364108062e-05,-1.4126195095265736e-07,328.38047918567503,0.9044832631110491,69667.0187307915,268.32727012136627,0.5158534778779615,0.043217693554858855,-3.5332387886991e-06,169.39621225516203,12977.108316356247,9.78886259840292,119.75138244047031,119.81103076417932,0.006100573341641714,3921.3349648037943,0.838706426959798,-90760.75111543726,-0.008696436475174681,0.17469724240774778,0.0068779573349219076,0.04300249470741529,9.197497538499241e-06,0.9953086779154846,-1.966054018317244e-06,-0.012722592222484373,-1.2302085450274916e-06,9.69872163648984,-1.9660309508326793e-06,-0.012722582076160798,-1.2302157771825066e-06,9.698721401360407,0.5,0.0,0.0,1.0,0.0,0.0,0.0
20.6,169.23802275270856,-0.0005984361301382852,7.318954402265724,4.564610191984214e-05,-5.131398494387475e-05,-5.495394941771755e-05,-0.44630154740615563,0.7719393449161587,0.4314841746154609,0.13691597280702797,1280572.8455949435,-5004516.64113506,3733711.382401471,0.6290428670035421,-1.3202880362310954,3051.113915521962,0.0,-0.0017392238226031779,0.043183298089457485,0.785575519688575,1.6070245771223591e-06,1.6867631922631555e-05,-1.636665553702062e-07,1.6140900423130812e-06,1.6867890798455907e-05,-1.3417715690883716e-07,328.38048161849446,0.9044833200237813,69667.02414133858,268.3272740960426,0.5158534624857593,0.04321958276185887,-3.5327598863951657e-06,169.39620845564158,12977.108550766352,9.788862693245063,119.7513821528058,119.81102567787158,0.006136466543648153,3921.578588558977,0.8386675870264609,-90763.28470145316,-0.008468886655542787,0.11182350035946377,0.006579203980189311,0.043005166356059665,9.197071608543561e-06,0.995336461953374,-1.9616280900825646e-06,-0.012722365726359458,-1.2306686044231524e-06,9.698808294344376,-1.9616048650044763e-06,-0.012722355239716515,-1.2306758859051237e-06,9.698808057361447,0.5,0.0,0.0,1.0,0.0,0.0,0.0
20.700000000000003,169.2380059659868,-0.0005983584916002535,7.31925039973068,4.5581733629820063e-05,-5.119611055202605e-05,-5.494726333915189e-05,-0.44630132692795516,0.7719390655783854,0.4314849368884215,0.136915864145505,1280582.7059541007,-5004506.844660637,3733721.065022702,0.6290447497158932,-1.3202857168984965,3051.1133011849597,0.0,-0.0017390663311735608,0.043184991125991175,0.785575503651328,1.5428963633868282e-06,1.6985487936294407e-05,-1.5709541324234585e-07,1.5496784189298654e-06,1.6985735195751484e-05,-1.2740983634153397e-07,328.38048406028315,0.9044833771463372,69667.02957183305,268.3272780853726,0.5158534465241276,0.0432213327794967,-3.5323016443039075e-06,169.39620447375842,12977.108760245954,9.788862788094276,119.75138165515196,119.81102054495116,0.0061461201092223305,3921.818173849513,0.8386314178868454,-90765.62537939542,-0.008241731061913742,0.05330900903810774,0.006289401499586015,0.04300779371773132,9.196674967285202e-06,0.9953621305054685,-1.957326791678356e-06,-0.01272214876621757,-1.2311203524690463e-06,9.69890037729622,-1.9573036216277744e-06,-0.012722138394321115,-1.2311276170165526e-06,9.698900140232602,0.5,0.0,0.0,1.0,0.0,0.0,0.0
20.8,169.2379900171155,-0.0005982842621650201,7.319523462275348,4.5519101280561414e-05,-5.1152655294648216e-05,-5.4940885371007885e-05,-0.4463011057695243,0.7719387872537038,0.4314856966766702,0.13691575981466453,1280592.5662854922,-5004497.048145926,3733730.747630733,0.6290466324282007,-1.3202833975628239,3051.1126871133843,0.0,-0.0017389151863813996,0.04318669220324703,0.7855754882643222,1.480495867604233e-06,1.7028882722122597e-05,-1.5070306232790446e-07,1.4870022114100558e-06,1.7029118791309792e-05,-1.2095055127139896e-07,328.3804865010168,0.9044834342442131,69667.03499998123,268.327282072979,0.5158534300969533,0.04322294731777375,-3.53186353041496e-06,169.39620033845577,12977.10894586507,9.788862882942773,119.75138096957876,119.81101538418828,0.006131461875714746,3922.0530951144924,0.8385978172239756,-90767.77849006478,-0.008015357922660445,-0.00045158929088616115,0.006008446778655014,0.043010369932348184,9.196306492686578e-06,0.9953857421405352,-1.953150014977262e-06,-0.012721942414007946,-1.2315632859936585e-06,9.698997135250432,-1.953126857854704e-06,-0.012721932333706477,-1.2315705462739744e-06,9.698996901935013,0.5,0.0,0.0,1.0,0.0,0.0,0.0
20.900000000000002,169.23797489698896,-0.0005982133216484838,7.319774466423188,4.5458189579710604e-05,-5.1177563805529425e-05,-5.4934803694580335e-05,-0.4463008824593191,0.771938510380693,0.4314864556077972,0.13691565700929734,1280602.4265897172,-5004487.251592951,3733740.4302269807,0.6290485151404627,-1.3202810782240926,3051.112075632438,0.0,-0.0017387701859851426,0.0431883941474751,0.7855754735066605,1.419808453845741e-06,1.7003948239924867e-05,-1.444880686241033e-07,1.4260467217392403e-06,1.7004173532883387e-05,-1.1478717571143827e-07,328.3804889314535,0.904483491101206,69667.04040522932,268.3272860437626,0.5158534133060457,0.04322443154857254,-3.5314448346458834e-06,169.39619607839845,12977.109108913623,9.788862977783397,119.75138011867068,119.8110102134228,0.0060945831500607275,3922.282854081367,0.8385666634553481,-90769.7516393777,-0.007789906648190918,-0.050196076850844824,0.005736139230728346,0.043012889535709205,9.195964851438753e-06,0.9954073802672568,-1.9490965720437102e-06,-0.01272174643561437,-1.2319969264318715e-06,9.69909780359362,-1.9490733180943896e-06,-0.012721736156411855,-1.2320042172162678e-06,9.699097567671858,0.5,0.0,0.0,1.0,0.0,0.0,0.0
21.0,169.2379605976917,-0.0005981455666797271,7.32000420010388,4.539899104014721e-05,-5.126537586403649e-05,-5.49290082073858e-05,-0.44630065565132776,0.7719382353623317,0.43148721516325705,0.1369155531761871,1280612.2868672032,-5004477.455003382,3733750.1128126807,0.6290503978526764,-1.3202787588823024,3051.111468864605,0.0,-0.0017386311594925778,0.04319009042249947,0.785575459360701,1.3608268078097841e-06,1.691608344112545e-05,-1.3844946743764633e-07,1.3668045939451467e-06,1.6916298361800536e-05,-1.0890933279515165e-07,328.38049134315713,0.9044835475199621,69667.04576881534,268.3272899839406,0.5158533962439621,0.04322579012096231,-3.5310449462227234e-06,169.3961917196286,12977.109250550151,9.78886307260961,119.75137912272527,119.81100504907111,0.006037378673558358,3922.5069873205084,0.8385378436257157,-90771.55149424507,-0.0075658512442174685,-0.09589525321538574,0.005472349382122815,0.04301534744571089,9.195648804841774e-06,0.9954271179969082,-1.9451645263489876e-06,-0.012721560153922944,-1.2324212638563272e-06,9.699201688067108,-1.94514164903492e-06,-0.01272155004726783,-1.2324284365497808e-06,9.699201454460287,0.5,0.0,0.0,1.0,0.0,0.0,0.0
21.1,169.23794711269323,-0.0005980809079581327,7.320213374490042,4.534150380801942e-05,-5.14109675650648e-05,-5.492349028634812e-05,-0.44630042408577764,0.771937962577923,0.4314879767209715,0.13691544594069743,1280622.1471182157,-5004467.65837858,3733759.7953889193,0.6290522805648393,-1.3202764395374385,3051.110868780563,0.0,-0.0017384979644672303,0.043191774941175466,0.7855754458116718,1.3035497229048117e-06,1.67704552405353e-05,-1.3258737570548234e-07,1.3092746265818568e-06,1.677066018503543e-05,-1.0330813424439308e-07,328.3804937282949,0.904483603317243,69667.05107331931,268.3272938807159,0.5158533789964661,0.0432270272309602,-3.530663337473183e-06,169.39618728626877,12977.109371841585,9.788863167415327,119.7513780002994,119.81099990657557,0.005961590377634588,3922.725037925803,0.83851124649035,-90773.18407429439,-0.007343233274339557,-0.13740917242320955,0.005217014068790234,0.04301773865178848,9.195357132953743e-06,0.9954450213424679,-1.9413550834320473e-06,-0.012721384494941635,-1.232835513141237e-06,9.699308151500233,-1.941331798375422e-06,-0.01272137436661853,-1.2328428136160672e-06,9.699307917359844,0.5,0.0,0.0,1.0,0.0,0.0,0.0
21.200000000000003,169.23793442533884,-0.0005980192252709668,7.320402912491636,4.528570876373087e-05,-5.160896465524869e-05,-5.491823878091403e-05,-0.4463001866622338,0.7719376923496127,0.4314887415212054,0.13691533316489304,1280632.0073432396,-5004457.8617201,3733769.477956771,0.6290541632769502,-1.3202741201895152,3051.110277114436,0.0,-0.0017383704036196366,0.04319344225781533,0.785575432839183,1.2479582000044918e-06,1.657241508957215e-05,-1.268997372247747e-07,1.2534377322398975e-06,1.6572610442113413e-05,-9.79722058443942e-08,328.38049607997425,0.9044836583318054,69667.05630341226,268.3272977228277,0.5158533616449326,0.043228148325950566,-3.5302992982611658e-06,169.39618280148534,12977.109474023955,9.788863262195212,119.75137676994473,119.81099480002251,0.005869063510248293,3922.9366952155774,0.8384867307010351,-90774.65721471731,-0.007122215640660995,-0.17521658333177031,0.0049700253996861924,0.0430200597469168,9.195088285709187e-06,0.9954611762269164,-1.9376655611889616e-06,-0.012721218613737435,-1.2332399400002706e-06,9.69941656793996,-1.9376422021317266e-06,-0.012721208491280535,-1.2332472636079271e-06,9.699416333802391,0.5,0.0,0.0,1.0,0.0,0.0,0.0
21.3,169.23792252094614,-0.0005979604134509187,7.320573644047197,4.523159175154747e-05,-5.1854519951706746e-05,-5.491324405294756e-05,-0.4462999423691993,0.7719374249752562,0.4314895106969614,0.13691521289585332,1280641.8675425982,-5004448.065029191,3733779.1605171594,0.6290560459890072,-1.320271800838531,3051.1096954522654,0.0,-0.0017382483095711929,0.043195087391523564,0.7855754204259103,1.1940384524513725e-06,1.632681165815154e-05,-1.2138514475295762e-07,1.1992800640520343e-06,1.6326997792974268e-05,-9.289169952664787e-08,328.38049839189114,0.9044837124161758,69667.06144507423,268.3273014999766,0.5158533442636164,0.043229158304487314,-3.5299522073109967e-06,169.39617828641013,12977.109558219114,9.788863356944374,119.75137544838142,119.8109897424584,0.00576147161508711,3923.141662305754,0.838464165016967,-90775.97791826833,-0.0069031038738087795,-0.2095421787116518,0.0047313253799863095,0.04302230747537907,9.194840823883452e-06,0.995475659444487,-1.9340943563531464e-06,-0.012721062290259752,-1.2336346421438412e-06,9.699526370583717,-1.9340714062833534e-06,-0.012721052163409623,-1.2336418380032787e-06,9.699526136949617,0.5,0.0,0.0,1.0,0.0,0.0,0.0
21.400000000000002,169.23791138658925,-0.0005979043809719259,7.320726322558541,4.5179146523300345e-05,-5.2143088368399246e-05,-5.4908497692276216e-05,-0.4462996902562078,0.771937160736741,0.43149028530481875,0.13691508331252314,1280651.7277164618,-5004438.268306821,3733788.843070886,0.629057928701009,-1.3202694814844709,3051.109125273923,0.0,-0.0017381315410728954,0.04319670569025068,0.7855754085572012,1.1417845977240734e-06,1.6038205054975873e-05,-1.1604292705206193e-07,1.1467957111061184e-06,1.60383823380828e-05,-8.805800715483715e-08,328.3805006581635,0.9044837654327516,69667.06648522371,268.32730520255285,0.5158533269214117,0.043230061613277554,-3.529621523907851e-06,169.39617376063248,12977.109625454203,9.788863451658251,119.75137405089116,119.81098474619202,0.005640355989054175,3923.339643110799,0.8384434279920318,-90777.15249115771,-0.006686327827513129,-0.24030753483279957,0.004500895915821622,0.04302447859021562,9.194613415663284e-06,0.9954885401509079,-1.930641508290328e-06,-0.012720915926761526,-1.2340193367553196e-06,9.699637036600649,-1.9306182967588065e-06,-0.012720905574708143,-1.2340266142467358e-06,9.69963680055411,0.5,0.0,0.0,1.0,0.0,0.0,0.0
21.5,169.23790100034827,-0.0005978510110956383,7.320861876677018,4.512834784704526e-05,-5.246999623089077e-05,-5.4903989047434006e-05,-0.4462994295470454,0.7719368998547795,0.4314910662455239,0.13691494286188152,1280661.5878652143,-5004428.47155414,3733798.5256187264,0.6290598114129546,-1.3202671621273478,3051.1085677978895,0.0,-0.001738019907409814,0.04319829322197512,0.7855753972133593,1.091171696922361e-06,1.571126411112084e-05,-1.1087039115998308e-07,1.0959596191218276e-06,1.5711432896601662e-05,-8.3460316576192e-08,328.38050287394844,0.9044838172682357,69667.07141308987,268.3273088226439,0.5158533096813037,0.04323086373491023,-3.5293065585302156e-06,169.39616924233718,12977.109676889899,9.788863546333094,119.75137259239035,119.81097982191156,0.005507311433472201,3923.530470686103,0.8384243855767861,-90778.18869662336,-0.006472054014281208,-0.2677585102085655,0.0042786225405034,0.04302657126066348,9.194404591023675e-06,0.9954999034800934,-1.92730425598141e-06,-0.012720778701785002,-1.2343943191048936e-06,9.699748067423272,-1.9272808575627823e-06,-0.012720768371346105,-1.2344016549708186e-06,9.699747830915875,0.5,0.0,0.0,1.0,0.0,0.0,0.0
21.6,169.23789134267474,-0.0005978002036814967,7.320981143234813,4.507917750402849e-05,-5.283095556146227e-05,-5.4899708835250794e-05,-0.44629915952482807,0.7719366425348941,0.43149185434421217,0.13691479012137497,1280671.4479890876,-5004418.674772024,3733808.2081613317,0.6290616941248433,-1.3202648427671606,3051.1080241389573,0.0,-0.0017379132458830708,0.04319984637895771,0.7855753863775687,1.0421818764673083e-06,1.5350251728236373e-05,-1.0586551603132708e-07,1.0467538281372783e-06,1.5350412360071572e-05,-7.90891947626297e-08,328.38050503481486,0.9044838678189719,69667.07621881833,268.3273123530106,0.515853292600789,0.04323156960983818,-3.529006719671762e-06,169.39616474811922,12977.109713581605,9.788863640965458,119.75137108631124,119.81097497954985,0.005363785981275626,3923.7139762971356,0.8384069214765049,-90779.09346541147,-0.006260115044801763,-0.29181407382366154,0.004064402476365945,0.04302858363633096,9.19421307464299e-06,0.9955098254366137,-1.9240816707010173e-06,-0.012720650836705006,-1.2347593713998793e-06,9.699859013829986,-1.9240582143005728e-06,-0.012720640679590394,-1.2347667258188527e-06,9.699858779273725,0.5,0.0,0.0,1.0,0.0,0.0,0.0
21.700000000000003,169.23788239605804,-0.0005977518728726664,7.321084884825999,4.503162389816331e-05,-5.32219905038058e-05,-5.4895648950546534e-05,-0.44629887951167607,0.7719363889733514,0.4314926503733877,0.13691462375930435,1280681.308088169,-5004408.877961102,3733817.890699252,0.629063576836674,-1.3202625234038925,3051.1074953479692,0.0,-0.0017378114180260343,0.04320136177690572,0.7855753760355032,9.948035736732452e-07,1.4959163787893094e-05,-1.0102700582192931e-07,9.991667203839798e-07,1.4959316601635652e-05,-7.493639913492615e-08,328.38050713658606,0.9044839169872504,69667.0808931201,268.3273157868291,0.5158532757334165,0.043232183740152814,-3.528721500171823e-06,169.39616029340849,12977.109736491546,9.788863735552113,119.75136954494468,119.81097022854131,0.00521111555731135,3923.8900122482783,0.8383909382236837,-90779.8732599172,-0.006050723135226023,-0.3129920096516157,0.0038581437925168695,0.04303051409754514,9.194037797664354e-06,0.9955183768889652,-1.9209725145831626e-06,-0.012720531960431597,-1.2351144317031515e-06,9.69996945356737,-1.9209492022208982e-06,-0.012720521765603676,-1.23512174096812e-06,9.699969219065453,0.5,0.0,0.0,1.0,0.0,0.0,0.0
21.8,169.23787413513804,-0.0005977059119921425,7.321174005529778,4.4985657505454186e-05,-5.3639127705075755e-05,-5.4891799396380986e-05,-0.4462985890107557,0.7719361393037596,0.4314934549400552,0.1369144427286866,1280691.1681627557,-5004399.081122173,3733827.573233006,0.6290654595484466,-1.3202602040375564,3051.106982200717,0.0,-0.0017377142411194402,0.04320283679220713,0.7855753661683381,9.490076395819605e-07,1.454196550989025e-05,-9.635164619945474e-08,9.531690092016338e-07,1.4542110829381724e-05,-7.09918274178052e-08,328.3805091761785,0.9044839647009361,69667.08542913747,268.32731911906154,0.515853259125775,0.043232711464400074,-3.528450269997615e-06,169.39615589191314,12977.109746685072,9.788863830090664,119.75136797994715,119.8109655765259,0.005050648922182434,3924.058533318967,0.8383763350373178,-90780.53555392906,-0.005844247792522783,-0.33140492410231265,0.0036596539769045947,0.0430323621484042,9.193877654894085e-06,0.9955256397968767,-1.917974021832436e-06,-0.01272042149050057,-1.2354596164813111e-06,9.700079006676983,-1.9179510382013767e-06,-0.01272041141283845,-1.2354668226040774e-06,9.700078774172441,0.5,0.0,0.0,1.0,0.0,0.0,0.0
21.900000000000002,169.23786653721183,-0.0005976622296572391,7.321249321104224,4.494125511234263e-05,-5.4078781068314355e-05,-5.4888151498444154e-05,-0.446298287559374,0.7719358936522384,0.4314942686027048,0.13691424606631394,1280701.0282130013,-5004389.284255799,3733837.2557630134,0.6290673422601607,-1.3202578846681505,3051.1064854133874,0.0,-0.0017376215585206446,0.04320426900541194,0.785575356759929,9.047713518716526e-07,1.4102302758115275e-05,-9.183699456969438e-08,9.087378678319377e-07,1.4102440897326814e-05,-6.724670454778635e-08,328.38051115074563,0.904484010893436,69667.08982053964,268.3273223450574,0.5158532428205602,0.043233157599547795,-3.5281924894276395e-06,169.3961515561853,12977.109745129928,9.788863924578905,119.75136640182642,119.81096103066672,0.004883611898540252,3924.2194951065576,0.8383630301446046,-90781.08714527616,-0.005641541069348693,-0.34736336855760835,0.003468759565488383,0.0430341273019759,9.193731749587954e-06,0.9955316887073109,-1.9150839162980978e-06,-0.012720319357797355,-1.2357949721480462e-06,9.70018733010333,-1.915060461219469e-06,-0.012720309128900324,-1.235802325991376e-06,9.700187094127488,0.5,0.0,0.0,1.0,0.0,0.0,0.0
22.0,169.23785958177444,-0.0005976207472269294,7.321311576642642,4.489840073500554e-05,-5.453747759523114e-05,-5.4884697692494705e-05,-0.44629797471386407,0.7719356521417319,0.43149509188877916,0.13691403286264395,1280710.8882389201,-5004379.487362314,3733846.9382896093,0.629069224971816,-1.320255565295658,3051.1060056615,0.0,-0.0017375332360975056,0.04320565612492934,0.7855753477964379,8.620785210390478e-07,1.364352206827629e-05,-8.748121260048396e-08,8.65857028378655e-07,1.3643653332824801e-05,-6.369338027406888e-08,328.38051305760246,0.9044840555019391,69667.0940613553,268.3273254604299,0.5158532268576157,0.04323352654523657,-3.5279476939762205e-06,169.39614729792362,12977.109732717367,9.788864019014744,119.7513648201945,119.8109565978237,0.004711137956248855,3924.372819162696,0.8383509412607296,-90781.53398585832,-0.005441665788001993,-0.3600249715977769,0.00328531988528737,0.04303580869797287,9.193599179386857e-06,0.9955365888905244,-1.9123013301208583e-06,-0.012720226249177126,-1.2361202082510571e-06,9.700294103130279,-1.9122781477122496e-06,-0.012720216101832268,-1.2361274766063488e-06,9.700293869959276,0.5,0.0,0.0,1.0,0.0,0.0,0.0
22.1,169.2378532415485,-0.0005975813665144896,7.321361628792972,4.4857061657715345e-05,-5.501186985422242e-05,-5.488142880035679e-05,-0.44629765021268847,0.7719354148328013,0.4314959251566476,0.13691380249905216,1280720.7482407372,-5004369.690442227,3733856.620813097,0.629071107683413,-1.320253245920091,3051.105543356078,0.0,-0.0017374491003533962,0.04320699663347535,0.7855753392600202,8.208969787590285e-07,1.3169104687448542e-05,-8.328110333092548e-08,8.244941856114039e-07,1.3169229372036051e-05,-6.032261569652774e-08,328.38051489511525,0.9044840984882271,69667.09814795112,268.32732846251,0.5158532112692238,0.04323382336076287,-3.5277153038136584e-06,169.3961431268864,12977.109710394168,9.788864113396933,119.75136324382919,119.8109522829557,0.004534341143696288,3924.5185928103506,0.8383399853710353,-90781.88345796394,-0.00524533102880536,-0.3709176861068337,0.003109126979878765,0.04303740729400408,9.193479033928022e-06,0.9955404213028298,-1.909623734941963e-06,-0.012720140211641525,-1.2364353549895177e-06,9.700399035786443,-1.9096004130974617e-06,-0.012720130034483327,-1.236442667135777e-06,9.700398801145543,0.5,0.0,0.0,1.0,0.0,0.0,0.0
22.200000000000003,169.23784749210188,-0.0005975440022663001,7.321400250779132,4.481721065793515e-05,-5.549897690777195e-05,-5.487833685403795e-05,-0.4462973138066256,0.7719351817851625,0.431496768739744,0.13691355440006023,1280730.6082185402,-5004359.893495833,3733866.3033337,0.6290729903949515,-1.3202509265414475,3051.1050988752395,0.0,-0.0017373690019860562,0.0432082891134998,0.7855753311353125,7.811995490742024e-07,1.268192502316971e-05,-7.923363578029533e-08,7.846220337463192e-07,1.2682043412802312e-05,-5.7126392614801677e-08,328.3805166617812,0.9044841398171418,69667.10207698474,268.32733134884234,0.5158531960851496,0.04323405261267925,-3.5274948154742394e-06,169.39613905207256,12977.109679034696,9.78886420772429,119.75136168066551,119.81094809079917,0.004354235145561874,3924.6568433306275,0.8383300839582818,-90782.14173490272,-0.005052341727092317,-0.37940095922966577,0.0029400080497808258,0.04303892338924201,9.19337045216866e-06,0.9955432536425285,-1.9070488304833875e-06,-0.012720061846870702,-1.23674048970555e-06,9.700501882781662,-1.9070256844847785e-06,-0.01272005176227266,-1.2367477471638478e-06,9.700501650413635,0.5,0.0,0.0,1.0,0.0,0.0,0.0
22.3,169.23784231120015,-0.0005975085796298348,7.321428151254744,4.477882806392262e-05,-5.5995933170156756e-05,-5.4875414856609385e-05,-0.44629696525114043,0.7719349530596447,0.43149762295625516,0.13691328801663089,1280740.4681722822,-5004350.0965232225,3733875.9858515738,0.6290748731064316,-1.3202486071597104,3051.1046725887186,0.0,-0.0017372928123581426,0.04320953220562834,0.7855753234090602,7.429666528049759e-07,1.2184933322364366e-05,-7.533688209274171e-08,7.462209113512214e-07,1.218504569416446e-05,-5.4097663522560844e-08,328.38051835613066,0.9044841794543044,69667.10584518783,268.32733411702594,0.5158531813333033,0.043234218486155135,-3.527285786905496e-06,169.39613508188918,12977.1096394338,9.788864301995693,119.75136013795077,119.81094402594775,0.004171759186660867,3924.787609153688,0.8383211657592541,-90782.31475888859,-0.004863161447298563,-0.38599099664545455,0.002777834972498901,0.04304035740512297,9.193272652615718e-06,0.9955451510736594,-1.9045746340007717e-06,-0.0127199906257666,-1.2370357315024941e-06,9.700602402757951,-1.9045516824706064e-06,-0.012719980478280801,-1.2370429277958984e-06,9.700602169188944,0.5,0.0,0.0,1.0,0.0,0.0,0.0
22.400000000000002,169.23783767106926,-0.0005974750070339961,7.321446121121153,4.47418773012219e-05,-5.6500076784235773e-05,-5.487265442806907e-05,-0.44629660447564423,0.7719347286578796,0.4314984879613765,0.136913003080199,1280750.328102129,-5004340.299524669,3733885.6683668466,0.629076755817854,-1.3202462877748913,3051.1042646014444,0.0,-0.001737220368251664,0.04321072529530368,0.7855753160644959,7.061621903890362e-07,1.1680746819563603e-05,-7.158697892049237e-08,7.092545531203018e-07,1.1680853439914454e-05,-5.122802778402043e-08,328.38051997774664,0.9044842173899583,69667.10945163287,268.32733676637946,0.5158531670339207,0.043234325652854975,-3.5270876774010643e-06,169.39613122276626,12977.10959243668,9.7888643962108,119.75135862202677,119.8109400911146,0.003987808733072025,3924.9110090469544,0.8383131535010663,-90782.40890269309,-0.004678137443437696,-0.39041815916327754,0.0026224094416069195,0.04304171064408488,9.193184787872356e-06,0.9955461834818803,-1.9021985430494857e-06,-0.012719926608536773,-1.2373211839621888e-06,9.700700411269363,-1.9021751276732659e-06,-0.012719916445447978,-1.2373285256629337e-06,9.700700177098891,0.5,0.0,0.0,1.0,0.0,0.0,0.0
22.5,169.23783354659506,-0.0005974432044764312,7.321454876939937,4.4706330159652075e-05,-5.700883176528572e-05,-5.487004821415391e-05,-0.44629623140721425,0.7719345085850247,0.43149936390155297,0.13691269933745986,1280760.1880081142,-5004330.50250025,3733895.350879581,0.6290786385292189,-1.3202439683869887,3051.1038750186563,0.0,-0.0017371515286735146,0.04321186779636411,0.7855753090871213,6.707578200002618e-07,1.1171967455275266e-05,-6.798107179081412e-08,6.736944949626899e-07,1.1172068581606628e-05,-4.851011925115163e-08,328.38052152621077,0.9044842536143182,69667.11289538958,268.3273392962194,0.5158531532055546,0.043234378345323725,-3.5269000145600212e-06,169.3961274805803,12977.109538803319,9.788864490369296,119.75135713856032,119.8109362889117,0.0038032000554091283,3925.027160823566,0.8383059707016633,-90782.43013009516,-0.004496750885084553,-0.3931658817227076,0.0024735753216625017,0.04304298439810075,9.193106019214214e-06,0.9955464162677181,-1.899918344556485e-06,-0.012719869141897301,-1.237596958095483e-06,9.700795727827142,-1.899894991598241e-06,-0.012719858866856865,-1.2376042803393266e-06,9.700795491335793,0.5,0.0,0.0,1.0,0.0,0.0,0.0
22.6,169.23782991496526,-0.0005974131016822519,7.321455075797536,4.467216277057354e-05,-5.751997511557916e-05,-5.4867589760470394e-05,-0.44629584596443644,0.7719342928512892,0.43150025092251587,0.1369123765364918,1280770.047890141,-5004320.705449856,3733905.033389787,0.6290805212405269,-1.3202416489959843,3051.1035039564595,0.0,-0.0017370861715620084,0.04321295911671348,0.7855753024643772,6.367298837170352e-07,1.0660734155070622e-05,-6.451639472746214e-08,6.39516960431668e-07,1.0660830036720217e-05,-4.593746452144723e-08,328.38052300106165,0.904484288116588,69667.11617543164,268.3273417057919,0.515853139866006,0.04323438044474674,-3.526722383411314e-06,169.39612386093884,12977.109479237994,9.78886458447082,119.75135569278054,119.81093262201345,0.0036186909104030086,3925.136160237014,0.8382995538818423,-90782.38372205885,-0.0043194173752605135,-0.39396895890191735,0.0023312001286901435,0.04304417971723109,9.193035650509966e-06,0.9955459073437537,-1.8977319304798478e-06,-0.012719818122804451,-1.2378632191135688e-06,9.7008881939799,-1.8977087767529406e-06,-0.012719808017416205,-1.2378704789835428e-06,9.700887961198017,0.5,0.0,0.0,1.0,0.0,0.0,0.0
22.700000000000003,169.2378267488087,-0.0005973846148192863,7.321447433235191,4.4639336908753504e-05,-5.8031347366477346e-05,-5.486527142153047e-05,-0.4462954482299501,0.7719340814113586,0.4315011490150736,0.13691203469197805,1280779.907748327,-5004310.908373571,3733914.7158974516,0.629082403951779,-1.3202393296018906,3051.1031512822956,0.0,-0.0017370241446342622,0.04321399937091891,0.7855752961806407,6.040403767202444e-07,1.0149325519416719e-05,-6.118926433031212e-08,6.0668378662145e-07,1.0149416395828756e-05,-4.350243234560324e-08,328.3805244028261,0.9044843209090938,69667.11929293082,268.3273439959578,0.5158531270253511,0.04323433617822823,-3.5265542889930856e-06,169.39612036742247,12977.109414466153,9.788864678515786,119.75135428893057,119.81092909122316,0.003434977946135116,3925.2381911852513,0.8382938377763773,-90782.27561464696,-0.004146325399870194,-0.3933546935657605,0.0021950777857905066,0.043045298618154114,9.19297296604225e-06,0.9955447218065708,-1.8956365487195976e-06,-0.012719773171588539,-1.2381201191666386e-06,9.700977692719546,-1.89561335467049e-06,-0.012719763005554784,-1.2381273916410837e-06,9.700977458653819,0.5,0.0,0.0,1.0,0.0,0.0,0.0
22.8,169.23782402339046,-0.0005973576710277394,7.32143259781094,4.460782154294292e-05,-5.85409768168797e-05,-5.486308649466742e-05,-0.446295038270554,0.7719338742274698,0.4315020581762198,0.13691167380811511,1280789.7675826624,-5004301.111271303,3733924.398402513,0.6290842866629753,-1.320237010204705,3051.1028168853372,0.0,-0.001736965315979491,0.04321498863610201,0.7855752902223713,5.726584805109512e-07,9.639660677978255e-06,-5.799631313495855e-08,5.751640104931414e-07,9.63974677980288e-06,-4.119833123996243e-08,328.38052573194466,0.9044843520021402,69667.12224886677,268.32734616743664,0.5158531146930095,0.04323424937714635,-3.52639530112227e-06,169.39611700335163,12977.109345144401,9.788864772504532,119.75135293080733,119.81092569742705,0.0032526971191852994,3925.333416801871,0.8382887636281098,-90782.11107048467,-0.0039774623815351596,-0.39135646990072387,0.0020650322740221137,0.043046342889840015,9.19291732146305e-06,0.9955429173676408,-1.8936297903917572e-06,-0.012719733883227391,-1.2383677995359758e-06,9.701064117334687,-1.8936065106205904e-06,-0.012719723655078315,-1.238375099335907e-06,9.70106388185295,0.5,0.0,0.0,1.0,0.0,0.0,0.0
22.900000000000002,169.23782171605822,-0.0005973322065002468,7.321411166463056,4.457759215491494e-05,-5.904693294416483e-05,-5.486102906245139e-05,-0.44629461613584015,0.7719336712694493,0.4315029784121132,0.13691129387345777,1280799.6273930103,-5004291.314142783,3733934.080904859,0.6290861693741167,-1.32023469080441,3051.102500675867,0.0,-0.0017369095709486057,0.04321592694013117,0.78557528457779,5.425595077793799e-07,9.133627207219694e-06,-5.4934907261747516e-08,5.44932831805213e-07,9.133708757640714e-06,-3.901925716794922e-08,328.38052698877385,0.9044843814040695,69667.12504403257,268.3273482208112,0.5158531028780772,0.04323412356790501,-3.5262450430582477e-06,169.39611377189715,12977.109271878251,9.788864866437335,119.75135162187301,119.81092244163743,0.003072441067836882,3925.421977827231,0.8382842758755459,-90781.89493526351,-0.003812447053292946,-0.3879614711203541,0.0019409167510748373,0.043047314075688334,9.192868107468937e-06,0.9955405471662202,-1.8917105373099785e-06,-0.01271969999993779,-1.2386060905631608e-06,9.70114736373942,-1.8916871948707469e-06,-0.012719689878806612,-1.2386134094291886e-06,9.701147130704838,0.5,0.0,0.0,1.0,0.0,0.0,0.0
23.0,169.2378198006228,-0.0005973081455860144,7.321383773747546,4.4548608640806016e-05,-5.9547720913633156e-05,-5.485909225350978e-05,-0.44629418202751775,0.7719334724558589,0.4315039095844095,0.13691089512524002,1280809.4871794528,-5004281.516987951,3733943.763404374,0.6290880520852042,-1.3202323714010176,3051.1022023397186,0.0,-0.001736856768566293,0.04321681496909708,0.7855752792324606,5.137038415240175e-07,8.632780552215151e-06,-5.2000900723239424e-08,5.15950455337594e-07,8.6328577648284e-06,-3.6958373180953973e-08,328.38052817456247,0.9044844091440938,69667.12768120531,268.32735015812136,0.51585309158244,0.043233962499673116,-3.526103068184505e-06,169.39611067432259,12977.109195280425,9.788864960315157,119.75135036464597,119.81091932312177,0.0028947286657044695,3925.5040987946104,0.8382803268969161,-90781.63236609413,-0.003652106756287599,-0.38336542917257843,0.001822515029672712,0.04304821463799601,9.192824801825794e-06,0.9955376677566777,-1.8898743694276277e-06,-0.012719671326875903,-1.2388356636417911e-06,9.701227386725057,-1.8898509034383681e-06,-0.012719661236080967,-1.2388430215603993e-06,9.701227154375468,0.5,0.0,0.0,1.0,0.0,0.0,0.0
23.1,169.23781825344287,-0.000597285422927331,7.321350994424802,4.452083789647949e-05,-6.004186219371287e-05,-5.485727005111529e-05,-0.4462937361197172,0.7719332777163004,0.4315048515739727,0.13691047776776272,1280819.3469419458,-5004271.7198065845,3733953.445900898,0.6290899347962385,-1.3202300519945251,3051.101921601221,0.0,-0.0017368067865353198,0.043217653314279486,0.7855752741738534,4.860581837142751e-07,8.13858778835416e-06,-4.9190854765769976e-08,4.881834352989662e-07,8.138660868534724e-06,-3.500970190342673e-08,328.3805292904062,0.9044844352478455,69667.13016282184,268.32735198115745,0.5158530808081072,0.04323376956830698,-3.5259689906486296e-06,169.39610771185292,12977.109115906376,9.78886505413886,119.75134916137421,119.81091634136564,0.0027200349971012727,3925.5799760022674,0.8382768702230108,-90781.32802628426,-0.0034960787695414203,-0.37768935984773216,0.001709636100065894,0.0430490467294266,9.192786894938814e-06,0.9955343302781965,-1.8881191646319006e-06,-0.01271964750952653,-1.2390565523817491e-06,9.701304135354162,-1.8880958950357046e-06,-0.012719637415201494,-1.2390638487029167e-06,9.701303902989764,0.5,0.0,0.0,1.0,0.0,0.0,0.0
23.200000000000003,169.23781705282556,-0.0005972639812543252,7.321313358197319,4.449425352866581e-05,-6.052784821657491e-05,-5.4855557141763465e-05,-0.44629327856172335,0.7719330869901779,0.4315058042795351,0.13691004197468343,1280829.2066803214,-5004261.922598294,3733963.12839423,0.6290918175072205,-1.3202277325849154,3051.1016582182297,0.0,-0.0017367595182662702,0.0432184424795779,0.7855752693910392,4.59596399032129e-07,7.652544310296822e-06,-4.6502071556434294e-08,4.6160552054329844e-07,7.652613456447348e-06,-3.3167956619934536e-08,328.3805303372674,0.9044844597378398,69667.1324910226,268.3273536914918,0.5158530705572953,0.043233547903423354,-3.525842472343278e-06,169.39610488571248,12977.109034266727,9.788865147909185,119.75134801409445,119.81091349606702,0.0025488048481706214,3925.6497839007266,0.8382738628675211,-90780.98624094613,-0.0033440981156351622,-0.3711056864701554,0.0016021219707529298,0.043049812263055064,9.192753915407689e-06,0.9955305821612094,-1.8864441399237095e-06,-0.012719628121639496,-1.2392684687447032e-06,9.701377554618086,-1.8864207709912414e-06,-0.012719618054322538,-1.2392757959871457e-06,9.701377322753006,0.5,0.0,0.0,1.0,0.0,0.0,0.0
23.3,169.23781617424393,-0.0005972437525192213,7.321271416932673,4.4468817020177324e-05,-6.100451345306272e-05,-5.48539473903334e-05,-0.44629280964263446,0.7719329001699576,0.43150676746630945,0.13690958814945442,1280839.0663946338,-5004252.125362913,3733972.810884174,0.6290937002181511,-1.3202254131722004,3051.101411739985,0.0,-0.0017367148343852485,0.043219183576352134,0.785575264870782,4.342801212476674e-07,7.175840346434005e-06,-4.393053050223658e-08,4.361781718813656e-07,7.175905748150905e-06,-3.14270596482967e-08,328.3805313169378,0.9044844826559892,69667.13466979214,268.3273552920515,0.515853060825213,0.04323330076608785,-3.525723111574628e-06,169.39610219525204,12977.10895086336,9.788865241627516,119.75134692388146,119.81091078524234,0.002381402370684962,3925.7137649850847,0.838271262958785,-90780.61145025372,-0.003196733760348237,-0.3636544696268326,0.0014997712664037977,0.043050513898152856,9.192725404055644e-06,0.9955264720979499,-1.8848448828199553e-06,-0.012719613073312555,-1.2394721389937667e-06,9.701447647643173,-1.8848216157246512e-06,-0.012719602943557003,-1.2394794346783322e-06,9.701447414554384,0.5,0.0,0.0,1.0,0.0,0.0,0.0
23.400000000000002,169.23781559562406,-0.0005972246775081082,7.321225670235426,4.444449375201273e-05,-6.14708639698889e-05,-5.485243545243257e-05,-0.44629232961648674,0.7719327171612846,0.4315077409273634,0.1369091166476831,1280848.9260848155,-5004242.328100126,3733982.493370501,0.6290955829290312,-1.3202230937563775,3051.101181771606,0.0,-0.0017366726224298358,0.04321987758336828,0.7855752606015767,4.100747250130027e-07,6.709454978506966e-06,-4.147263113414401e-08,4.1186660907144355e-07,6.709516817632845e-06,-2.978171920215583e-08,328.3805322309869,0.9044845040390112,69667.13670262104,268.3273567854008,0.5158530516080015,0.043233031108503336,-3.525610558793945e-06,169.39609964001428,12977.108866153001,9.788865335295077,119.75134589172195,119.81090820726875,0.002218161857063805,3925.772144472372,0.8382690328969785,-90780.20771814797,-0.003053962340294893,-0.3556109469192124,0.0014024016304081564,0.043051154104515134,9.192700948552125e-06,0.9955220446547713,-1.8833194267571778e-06,-0.012719601731943446,-1.239667591464084e-06,9.70151440965134,-1.8832959285676674e-06,-0.012719591536197382,-1.239674959353348e-06,9.701514174902082,0.5,0.0,0.0,1.0,0.0,0.0,0.0
23.5,169.23781529671862,-0.0005972067044059387,7.321176578684269,4.4421255725789286e-05,-6.192584725431665e-05,-5.4851016595094474e-05,-0.4462918387066285,0.7719325378812626,0.4315087244804288,0.13690862778261462,1280858.7857506755,-5004232.530809456,3733992.1758529423,0.6290974656398615,-1.3202207743374292,3051.1009679570175,0.0,-0.001736632784175613,0.04322052536235649,0.7855752565733676,3.86952324281853e-07,6.2544079192905215e-06,-3.912544779338438e-08,3.886428202595821e-07,6.254466371027769e-06,-2.8227246665236206e-08,328.38053308082993,0.9044845239200142,69667.13859265686,268.327358173852,0.515853042902465,0.043232741652239816,-3.525504508127441e-06,169.39609721967972,12977.108780561732,9.788865428912962,119.75134491850625,119.8109057608152,0.0020593983567600577,3925.825105829524,0.8382671347607543,-90779.77867327968,-0.002915154993187969,-0.3466624896850158,0.0013098589251401315,0.043051734894093446,9.192680133040656e-06,0.9955173396245092,-1.881866210957865e-06,-0.0127195943185344,-1.2398548070445453e-06,9.701577835496902,-1.8818428789931157e-06,-0.012719584162488723,-1.2398621230231468e-06,9.701577601782848,0.5,0.0,0.0,1.0,0.0,0.0,0.0
23.6,169.2378152552145,-0.0005971897725390568,7.321124610400469,4.439906436116911e-05,-6.236868664925086e-05,-5.484968540328347e-05,-0.446291337259674,0.7719323622056998,0.43150971782520187,0.13690812207064318,1280868.6453922493,-5004222.733490667,3734001.858331252,0.6290993483506431,-1.3202184549153682,3051.100769760087,0.0,-0.0017365952019504063,0.04322112831172512,0.7855752527741323,3.6487454863783316e-07,5.811524871358151e-06,-3.688505825572465e-08,3.6646826616634825e-07,5.811580102833388e-06,-2.675829500601113e-08,328.3805338685979,0.9044845423488492,69667.14034463878,268.3273594608866,0.5158530346989901,0.043232435163879326,-3.5254046014422484e-06,169.39609493219075,12977.108694489538,9.788865522482823,119.75134400421902,119.81090344300294,0.0019053436330557561,3925.8729038193783,0.83826553752872,-90779.32811845225,-0.002781181018184207,-0.3370795848379179,0.0012219472941011268,0.04305225906069084,9.192662617331665e-06,0.9955123987098063,-1.8804816098536137e-06,-0.012719590466246595,-1.2400343011714304e-06,9.701637963145435,-1.8804579609998574e-06,-0.012719580282930402,-1.2400417167146698e-06,9.701637728547656,0.5,0.0,0.0,1.0,0.0,0.0,0.0
23.700000000000003,169.23781545086632,-0.0005971738288551855,7.321070191188992,4.437788741538666e-05,-6.279859195493185e-05,-5.484843711574302e-05,-0.446290825584795,0.7719321900241126,0.43151072069257745,0.1369075999745524,1280878.5050094516,-5004212.936143378,3734011.5408051517,0.6291012310613768,-1.3202161354901916,3051.100586700253,0.0,-0.0017365597732576126,0.04322168768320224,0.7855752491933926,3.438089788145541e-07,5.381542530377938e-06,-3.47480390203396e-08,3.4531038013791556e-07,5.381594701645249e-06,-2.5370169494571797e-08,328.3805345962009,0.9044845593702,69667.14196281483,268.3273606496252,0.51585302698903,0.043232114159903155,-3.5253105255919773e-06,169.39609277572615,12977.108608298475,9.788865616006145,119.75134314880592,119.81090125132643,0.0017562119301421878,3925.915772365286,0.8382642029145093,-90778.85951719432,-0.0026511474164822193,-0.3271336441323967,0.0011385028340542363,0.04305272916957851,9.192647981565772e-06,0.995507259892721,-1.879163870049989e-06,-0.012719589466066385,-1.2402060915828956e-06,9.701694818793225,-1.879140519851697e-06,-0.01271957936852417,-1.2402134137708468e-06,9.701694586422525,0.5,0.0,0.0,1.0,0.0,0.0,0.0
23.8,169.2378158651864,-0.0005971588266727466,7.321013713438366,4.435769456546228e-05,-6.321495121252038e-05,-5.4847267565643183e-05,-0.4462903039571384,0.7719320212383408,0.4315117328423301,0.13690706190748178,1280888.364602076,-5004203.138767049,3734021.223274328,0.6291031137720637,-1.3202138160618824,3051.100418345692,0.0,-0.0017365264083293289,0.04322220459335923,0.7855752458219752,3.237254949656148e-07,4.965146185747892e-06,-3.2711459395558396e-08,3.2513891617449005e-07,4.965195450724335e-06,-2.40587565923182e-08,328.38053526535515,0.9044845750242185,69667.1434510021,268.3273617428719,0.515853019765292,0.043231780959260495,-3.525222005031992e-06,169.39609074877643,12977.108522333354,9.788865709484252,119.75134235225602,119.81089918367694,0.001612206926006423,3925.9539078563525,0.8382631063053106,-90778.37598335514,-0.00252541853618715,-0.3167310558156245,0.0010593709570386094,0.04305314737441627,9.19263595583176e-06,0.9955019573206261,-1.8779110068150587e-06,-0.012719591603203368,-1.2403703139762612e-06,9.701748434956913,-1.877887630609586e-06,-0.012719581431834628,-1.2403776440928651e-06,9.70174820108539,0.5,0.0,0.0,1.0,0.0,0.0,0.0
23.900000000000002,169.237816478234,-0.0005971447124212139,7.320955565945947,4.433844932613429e-05,-6.361730605214809e-05,-5.484617198167269e-05,-0.4462897727589916,0.7719318557143938,0.4315127539314139,0.13690650845953758,1280898.2241701465,-5004193.341361408,3734030.905738503,0.6291049964827046,-1.3202114966304528,3051.100264108119,0.0,-0.0017364950009525772,0.04322268062602852,0.7855752426490409,3.04587677517253e-07,4.562739207945299e-06,-3.0771317970542266e-08,3.0591728227868693e-07,4.562785712979118e-06,-2.2819362722562012e-08,328.38053587839903,0.9044845893656052,69667.14481440083,268.3273627444469,0.5158530130146103,0.043231437860091496,-3.5251387235833993e-06,169.39608884822448,12977.108436901395,9.788865802918963,119.75134161370794,119.81089723652632,0.0014734496216316103,3925.98756702732,0.83826222036703,-90777.88061888628,-0.0024042444559467576,-0.305968647487829,0.000984367095238802,0.04305351649063164,9.192626240376038e-06,0.9954965250104199,-1.8767193564691526e-06,-0.012719596366209524,-1.240527536290827e-06,9.701798877523006,-1.8766961226076448e-06,-0.012719586183157636,-1.2405348217319161e-06,9.701798643528152,0.5,0.0,0.0,1.0,0.0,0.0,0.0
24.0,169.23781727192733,-0.0005971314394177735,7.320896102418345,4.4320119477075195e-05,-6.400514907505262e-05,-5.4845146194771845e-05,-0.44628923233214957,0.7719316933327534,0.4315137836519318,0.13690594016039714,1280908.0837135674,-5004183.543926032,3734040.5881973715,0.6291068791933007,-1.320209177195901,3051.1001234566793,0.0,-0.0017364654585194036,0.04322311720147006,0.7855752396651362,2.863634808293418e-07,4.174866161873365e-06,-2.8924451676706768e-08,2.876132965504727e-07,4.174910046988306e-06,-2.1647886196893013e-08,328.3805364374426,0.9044846024437195,69667.14605770355,268.3273636577974,0.5158530067252141,0.0432310869531036,-3.525060405720567e-06,169.39608707129346,12977.108352285335,9.788865896311911,119.75134093235171,119.81089540677482,0.0013400535882039932,3926.0169631897907,0.8382615180309752,-90777.37621484189,-0.0022871491876337038,-0.2947222452009681,0.0009133276389602655,0.043053838857461404,9.192618538355486e-06,0.9954909935696111,-1.8755878352485738e-06,-0.012719603539387692,-1.2406775835654946e-06,9.701846201763626,-1.8755645515521468e-06,-0.012719593684519779,-1.240684884776534e-06,9.70184596922785,0.5,0.0,0.0,1.0,0.0,0.0,0.0
24.1,169.23781822968863,-0.0005971189662973579,7.320835650092157,4.43026755666481e-05,-6.437820686438585e-05,-5.484418654327718e-05,-0.44628868298450736,0.7719315339860033,0.4315148217254617,0.13690535748905774,1280917.9432321219,-5004173.746460348,3734050.2706505903,0.6291087619038525,-1.3202068577582093,3051.099995912984,0.0,-0.0017364376997104779,0.043223515602822955,0.7855752368619651,2.690234536771082e-07,3.801730187105105e-06,-2.7167608388361317e-08,2.7019736760859593e-07,3.801771586362863e-06,-2.054072883941344e-08,328.38053694438696,0.9044846143030442,69667.14718513902,268.3273644860299,0.5158530008867518,0.043230730172505526,-3.5249868073027396e-06,169.39608541556487,12977.108268752834,9.78886598966457,119.7513403074697,119.81089369173661,0.0012121291143234443,3926.0423247090366,0.8382609815652853,-90776.86544721489,-0.0021746634580203598,-0.2834165464461836,0.0008461044851965746,0.043054116979225274,9.192612655317389e-06,0.9954853923439128,-1.874513218472495e-06,-0.012719613345882456,-1.2408210099994092e-06,9.70189046923722,-1.8744897135390468e-06,-0.012719603180223827,-1.2408283806138745e-06,9.701890235214105,0.5,0.0,0.0,1.0,0.0,0.0,0.0
24.200000000000003,169.2378193341226,-0.00059710724658305,7.320774522641742,4.428608130292262e-05,-6.473622718871371e-05,-5.484328890395184e-05,-0.44628812511317373,0.7719313775368951,0.43151586778798573,0.13690476107183164,1280927.802725829,-5004163.948964065,3734059.9530978696,0.6291106446143608,-1.3202045383173906,3051.099880868569,0.0,-0.0017364116294742245,0.0432238775022223,0.7855752342298422,2.525312853929126e-07,3.443648668394274e-06,-2.549729085960857e-08,2.5363303402625683e-07,3.443687709297605e-06,-1.9493849205822356e-08,328.38053740165094,0.9044846250001551,69667.14820208584,268.3273652330957,0.5158529954837849,0.043230369372727256,-3.524917654041443e-06,169.3960838772167,12977.108186530022,9.788866082978819,119.75133973760332,119.81089208748352,0.0010897070801556524,3926.0638753768653,0.8382605871850067,-90776.35075074215,-0.0020659733283572824,-0.27182967332850233,0.0007825149370919145,0.043054353310089014,9.192608330429056e-06,0.9954797480333544,-1.8734939635228027e-06,-0.012719625007501472,-1.2409577367115744e-06,9.701931757736599,-1.8734704939232855e-06,-0.01271961487155655,-1.2409650964017408e-06,9.701931524344193,0.5,0.0,0.0,1.0,0.0,0.0,0.0
24.3,169.237820569317,-0.0005970962391960715,7.320713007494498,4.4270307271252457e-05,-6.507896044965408e-05,-5.4842449632909336e-05,-0.4462875590767265,0.7719312238618281,0.4315169215094164,0.13690415147669432,1280937.6621945875,-5004154.151436745,3734069.635538889,0.6291125273248269,-1.320202218873443,3051.0997777692974,0.0,-0.0017363871647474733,0.04322420441446559,0.7855752317602974,2.3685764023868007e-07,3.100866315785606e-06,-2.3910346316727418e-08,2.3789082414362253e-07,3.1009031199874933e-06,-1.8503675787050948e-08,328.3805378114368,0.9044846345865775,69667.14911344234,268.3273659025931,0.5158529905022714,0.043230006253020856,-3.5248527035079046e-06,169.39608245277387,12977.108105823723,9.788866176256365,119.75133922136712,119.81089059050367,0.0009728187316646597,3926.081843427177,0.838260316393312,-90775.83447171348,-0.0019614195024976726,-0.2602857832206847,0.0007224111663715082,0.04305455035293166,9.19260536084892e-06,0.9954740863680294,-1.872527587025604e-06,-0.012719638332846216,-1.2410880833176693e-06,9.701970145889549,-1.8725040672012954e-06,-0.0127196281721354,-1.241095458556228e-06,9.701969912018987,0.5,0.0,0.0,1.0,0.0,0.0,0.0
24.400000000000002,169.23782192075785,-0.0005970859079865258,7.320651369965813,4.425532392968966e-05,-6.54063336591724e-05,-5.484166557095703e-05,-0.44628698519806353,0.7719310728497165,0.43151798259158053,0.13690352921672685,1280947.5216381757,-5004144.353877796,3734079.3179732957,0.6291144100352515,-1.320199899426349,3051.0996861169115,0.0,-0.001736364232569494,0.043224497706897326,0.7855752294458991,2.2197306796148912e-07,2.773455458126984e-06,-2.2403800403328303e-08,2.2294115945684302e-07,2.773490142001621e-06,-1.7567114308213092e-08,328.38053817572506,0.9044846431086402,69667.14992361295,268.3273664977576,0.5158529859298608,0.043229642381869264,-3.5247917423609254e-06,169.39608113920244,12977.108026833794,9.788866269498742,119.75133875754074,119.81088919774253,0.000861498140948786,3926.096427654331,0.8382601548288047,-90775.31867772191,-0.0018610035323761694,-0.24871890789327444,0.0006656495492755392,0.04305471028778972,9.192603589085749e-06,0.9954684300217617,-1.871611816404005e-06,-0.012719653289515949,-1.2412123274817623e-06,9.702005707230995,-1.87158824745976e-06,-0.012719643056438011,-1.2412197180295075e-06,9.702005471790187,0.5,0.0,0.0,1.0,0.0,0.0,0.0
24.5,169.237823373493,-0.0005970762122891844,7.320589856549033,4.424109781520591e-05,-6.571834947831152e-05,-5.4840933153964036e-05,-0.44628640387594404,0.771930924364129,0.43151905066345925,0.13690289493038324,1280957.3810566114,-5004134.55628693,3734089.0004007984,0.6291162927456353,-1.320197579976122,3051.099605302016,0.0,-0.001736342748433655,0.0432247590778494,0.7855752272780459,2.0784411286300042e-07,2.461345212317104e-06,-2.0974041632468874e-08,2.0875042847319348e-07,2.461377886070974e-06,-1.668068257392829e-08,328.38053849693785,0.9044846506230066,69667.15063798445,268.3273670225466,0.5158529817496974,0.04322927921685847,-3.524734530629863e-06,169.39607993221668,12977.10794971657,9.788866362707825,119.75133834423933,119.81088790504107,0.0007557045268097689,3926.1078585788428,0.838260084658514,-90774.80529036996,-0.0017643706015878962,-0.23712974319105798,0.0006120671346531267,0.04305483564261792,9.192602819578022e-06,0.9954628000674008,-1.8707445190985717e-06,-0.012719669470461855,-1.2413306405488952e-06,9.702038540325185,-1.8707212424942818e-06,-0.012719659397319576,-1.2413379396354032e-06,9.702038308559116,0.5,0.0,0.0,1.0,0.0,0.0,0.0
24.6,169.23782491405692,-0.0005970671167605362,7.3205286908364355,4.4227597414457566e-05,-6.601509915284274e-05,-5.484024930345943e-05,-0.4462858154672594,0.7719307782831825,0.4315201253920362,0.13690224919074423,1280967.2404497936,-5004124.758663715,3734098.6828210787,0.629118175455979,-1.32019526052276,3051.099534776062,0.0,-0.001736322638591326,0.04322499005069221,0.785575225249237,1.9443945131788197e-07,2.1645497871512823e-06,-1.9618081143593055e-08,1.952871786403183e-07,2.164580555776428e-06,-1.5841372333707756e-08,328.3805387772554,0.9044846571806822,69667.1512614058,268.3273674805221,0.515852977946813,0.043228918080129075,-3.524680859749567e-06,169.3960788280261,12977.10787462309,9.788866455885307,119.75133797977153,119.81088670874523,0.0006554038018657948,3926.116332025178,0.8382600971138523,-90774.29604605625,-0.0016718304146557958,-0.22545000645256724,0.0005615094111705477,0.04305492856488405,9.192602956166869e-06,0.9954572155467971,-1.8699234942492725e-06,-0.012719687301332328,-1.2414432531661813e-06,9.702068741364403,-1.8699001262243993e-06,-0.012719677187089044,-1.2414505811031348e-06,9.702068508753372,0.5,0.0,0.0,1.0,0.0,0.0,0.0
24.700000000000003,169.23782652984744,-0.000597058590007791,7.320468082834172,4.421479858112357e-05,-6.629647039149842e-05,-5.4839611250013666e-05,-0.4462852202980229,0.7719306344958305,0.4315212064718682,0.1369015925234849,1280977.0998174981,-5004114.961007556,3734108.3652337813,0.6291200581662834,-1.320192941066246,3051.0994740373767,0.0,-0.0017363038381435936,0.04322519202138194,0.7855752233528613,1.8173478741256106e-07,1.88313845137304e-06,-1.8333334382530488e-08,1.8252700255903186e-07,1.8831674152665694e-06,-1.5046483386974072e-08,328.38053901867187,0.9044846628283136,69667.15179831158,268.3273678749419,0.5158529745073706,0.043228560213472975,-3.5246305444715165e-06,169.39607782311555,12977.107801684042,9.78886654903274,119.7513376625072,119.81088560552804,0.000560569851418612,3926.122046622725,0.8382601753471716,-90773.79267469938,-0.0015828791343507345,-0.21403140470332854,0.0005138574828394256,0.0430549912328155,9.192603814096102e-06,0.9954516954307387,-1.8691472922965122e-06,-0.012719705994373776,-1.241550252367893e-06,9.702096384147923,-1.869124076942865e-06,-0.012719695819806948,-1.2415575324277425e-06,9.702096150135715,0.5,0.0,0.0,1.0,0.0,0.0,0.0
24.8,169.237828208391,-0.0005970505966642479,7.320408217756191,4.420266771630694e-05,-6.656274380213935e-05,-5.483901598651782e-05,-0.4462846187547386,0.7719304928707758,0.43152229353963234,0.1369009255538746,1280986.9591597468,-5004105.163318181,3734118.047638627,0.6291219408765492,-1.3201906216065935,3051.0994224973642,0.0,-0.0017362862725692088,0.04322536664904619,0.785575221581347,1.696967440717678e-07,1.6168091097067103e-06,-1.7116340348400598e-08,1.7043637378350964e-07,1.616836363710561e-06,-1.4293084633967381e-08,328.3805392235265,0.90448466762063,69667.15225390477,268.3273682096281,0.5158529714141176,0.04322820671242963,-3.5245833761075227e-06,169.39607691302632,12977.107731001504,9.788866642151932,119.75133739034172,119.81088459120272,0.00047110720612527366,3926.125206047012,0.8382603107302646,-90773.29652899281,-0.0014978454917367746,-0.2025775448577269,0.0004689580017397726,0.04305502587997709,9.192605298746302e-06,0.9954462545532538,-1.8684136135546951e-06,-0.012719725773375126,-1.2416519051788803e-06,9.702121582762253,-1.8683899818856836e-06,-0.012719715607215099,-1.2416593154618591e-06,9.702121348802928,0.5,0.0,0.0,1.0,0.0,0.0,0.0
24.900000000000002,169.2378299382973,-0.0005970431058249213,7.320349265444649,4.4191177336512314e-05,-6.681411138597491e-05,-5.483846085245589e-05,-0.4462840111859603,0.7719303532898624,0.4315233862666197,0.13690024884764612,1280996.8184764406,-5004095.365595172,3734127.730035307,0.6291238235867771,-1.3201883021438008,3051.0993796261027,0.0,-0.0017362698767718757,0.04322551543365215,0.7855752199280762,1.5829772325119949e-07,1.3653868974076764e-06,-1.5964203813953086e-08,1.5898756931944725e-07,1.3654125315993058e-06,-1.3578589026510765e-08,328.3805393939258,0.9044846716069047,69667.15263286965,268.3273684880219,0.5158529686514397,0.04322785858160217,-3.5245391722996333e-06,169.39607609371768,12977.107662663322,9.788866735244522,119.75133716132413,119.81088366201848,0.0003869319534937077,3926.1260128061977,0.8382604920388761,-90772.80901654418,-0.0014166293547843108,-0.19150194890059005,0.0004266825455696131,0.04305503472713193,9.192607287029037e-06,0.9954409083505754,-1.8677194961611043e-06,-0.012719746027853886,-1.2417487535918277e-06,9.702144432210268,-1.86769598947529e-06,-0.0127197358492675,-1.2417561247161083e-06,9.702144198209615,0.5,0.0,0.0,1.0,0.0,0.0,0.0
25.0,169.2378317091109,-0.0005970360906657117,7.3202913835142756,4.418030153097511e-05,-6.705071952111828e-05,-5.48379435311654e-05,-0.44628339790739835,0.7719302156462754,0.43152448435420193,0.13689956291878708,1281006.6777673585,-5004085.567837949,3734137.4124234766,0.6291257062969676,-1.3201859826778508,3051.099344937131,0.0,-0.0017362545935603962,0.04322563973698041,0.7855752183872385,1.475119502169978e-07,1.1287132260202909e-06,-1.4874391369081389e-08,1.481547050957431e-07,1.1287373263165978e-06,-1.2900742511519947e-08,328.38053953180304,0.90448467483237,69667.15293950634,268.3273687132822,0.5158529662052295,0.043227516753240186,-3.524497774772235e-06,169.3960753615542,12977.107596761465,9.788866828311996,119.75133697366982,119.81088281463028,0.0003079713328541335,3926.1246232428407,0.8382607103057097,-90772.3312524861,-0.0013387416027158617,-0.18035580921812788,0.0003869072622509999,0.04305501948877779,9.192609680606335e-06,0.9954356690515704,-1.8670644656542637e-06,-0.012719767236697455,-1.241840579601001e-06,9.70216502337981,-1.8670411292019762e-06,-0.012719757106455227,-1.2418478975702532e-06,9.702164790285416,0.5,0.0,0.0,1.0,0.0,0.0,0.0
25.1,169.2378335105868,-0.0005970295210492517,7.320234704206599,4.417001115526203e-05,-6.727286695467164e-05,-5.4837461451902186e-05,-0.44628277928452975,0.7719300798165362,0.4315255874561654,0.13689886836316975,1281016.5370325274,-5004075.770046268,3734147.0948028755,0.6291275890071217,-1.3201836632087574,3051.0993178775534,0.0,-0.001736240357771045,0.04322574113721699,0.7855752169522175,1.3731041650736062e-07,9.065234721730265e-07,-1.384394141142914e-08,1.3790864479947986e-07,9.065461197476619e-07,-1.2257047263889585e-08,328.3805396393561,0.9044846773484356,69667.15317870224,268.32736888899944,0.5158529640582636,0.04322718200989324,-3.524459005708855e-06,169.39607471201396,12977.107533340693,9.78886692135607,119.75133682513375,119.8108820448993,0.00023409056684867903,3926.1212355348703,0.8382609593268106,-90771.86433742783,-0.0012644838691283275,-0.16953283171506794,0.000349497216603878,0.043054982338191224,9.192612411443835e-06,0.995430548725839,-1.8664462781428479e-06,-0.012719788894699583,-1.2419276874978854e-06,9.702183463767186,-1.866422664336229e-06,-0.012719778717000052,-1.241935092673726e-06,9.702183229419054,0.5,0.0,0.0,1.0,0.0,0.0,0.0
25.200000000000003,169.2378353333654,-0.0005970233705612371,7.320179349292281,4.4160280762277946e-05,-6.748077337394495e-05,-5.483701236617702e-05,-0.44628215564745166,0.7719299456893461,0.4315266952588467,0.13689816572067456,1281026.396271854,-5004065.972219731,3734156.7771732127,0.6291294717172402,-1.320181343736519,3051.099297943525,0.0,-0.0017362271124675497,0.04322582106318183,0.7855752156172302,1.2766743083712647e-07,6.985386386142256e-07,-1.287018891877443e-08,1.282235820904798e-07,6.985599104344556e-07,-1.1645326505053022e-08,328.38053971858733,0.9044846792019504,69667.1533549111,268.3273690184453,0.5158529621949418,0.04322685507212978,-3.524422709262463e-06,169.39607414100703,12977.10747244654,9.78886701437829,119.75133671364877,119.81088134911862,0.0001651696807485313,3926.116014413068,0.8382612278224207,-90771.40914270908,-0.0011931849602341085,-0.15879344010374272,0.0003143368069784118,0.04305492508185768,9.192615355844445e-06,0.9954255569287443,-1.865863744154538e-06,-0.012719811027679483,-1.2420101052904002e-06,9.702199852081012,-1.8658399879173652e-06,-0.012719800943033321,-1.2420175545934614e-06,9.702199619842478,0.5,0.0,0.0,1.0,0.0,0.0,0.0
25.3,169.23783716883668,-0.000597017615666662,7.32012543288051,4.4151085926962246e-05,-6.767487401281186e-05,-5.483659431701812e-05,-0.4462815272977261,0.7719298131632457,0.4315278074747678,0.13689745548613472,1281036.2554851214,-5004056.174357782,3734166.459534158,0.6291313544273229,-1.320179024261119,3051.0992846805602,0.0,-0.001736214807477841,0.04322588082345617,0.7855752143771882,1.1855879147772501e-07,5.043927848905392e-07,-1.1950596481703545e-08,1.1907520568381525e-07,5.044127540702352e-07,-1.1063681729672774e-08,328.38053977130323,0.9044846804351733,69667.15347215043,268.3273691045713,0.5158529606012434,0.043226536615141115,-3.5243887465747607e-06,169.39607364486113,12977.107414122655,9.788867107380067,119.75133663733573,119.81088072398295,0.00010110138103206787,3926.1091373402137,0.8382615150244949,-90770.9666462159,-0.0011256458282115902,-0.14865737542218646,0.0002813178993529695,0.043054849665885395,9.192618505385554e-06,0.9954207043840684,-1.8653132154029352e-06,-0.01271983307790628,-1.242088662548152e-06,9.70221428341159,-1.8652897524972478e-06,-0.012719822938612596,-1.2420960202312564e-06,9.70221405021153,0.5,0.0,0.0,1.0,0.0,0.0,0.0
25.400000000000002,169.23783900893818,-0.0005970122313799095,7.320073040289668,4.4142399636342165e-05,-6.78555116070452e-05,-5.483620515520832e-05,-0.44628089457141923,0.7719296821251382,0.43152892378384,0.13689673821048587,1281046.1146723642,-5004046.376460215,3734176.141885478,0.629133237137371,-1.3201767047825714,3051.0992775779837,0.0,-0.0017362033863489292,0.04322592187530786,0.7855752132263681,1.0995751875645938e-07,3.237069872788539e-07,-1.1082421883180882e-08,1.1043641749088995e-07,3.2372572274298087e-07,-1.0510032272484962e-08,328.38053979953366,0.9044846810955881,69667.15353493438,268.32736915069336,0.5158529592606736,0.04322622714417606,-3.524356970238515e-06,169.39607321920684,12977.107358380856,9.788867200362962,119.75133659396523,119.81088016555077,4.172439979802891e-05,3926.1007501263935,0.8382618147882153,-90770.53736527254,-0.001061154194500105,-0.13862684565206027,0.00025031072946083837,0.04305475768927,9.192621792681313e-06,0.9954159967649386,-1.864794822507114e-06,-0.012719855512168567,-1.242162938806051e-06,9.702226865993982,-1.8647713253602757e-06,-0.012719845349026716,-1.2421703070933165e-06,9.702226632055053,0.5,0.0,0.0,1.0,0.0,0.0,0.0
25.5,169.23784084627772,-0.0005970071955267816,7.32002225088905,4.4134197534605644e-05,-6.802305162256096e-05,-5.4835843020051505e-05,-0.4462802577729761,0.7719295524727783,0.43153004389520194,0.13689601439438306,1281055.9738334964,-5004036.578526664,3734185.8242269047,0.6291351198473847,-1.3201743853008747,3051.099276174791,0.0,-0.0017361927997095214,0.043225945542029395,0.785575212159767,1.0183931729414451e-07,1.5610104160449625e-07,-1.0263202705848121e-08,1.0228281579376038e-07,1.561186085769021e-07,-9.982579069702684e-09,328.3805398051109,0.9044846812260604,69667.15354733804,268.3273691598053,0.5158529581583039,0.043225927129225857,-3.5243272494346206e-06,169.39607286008714,12977.10730522987,9.788867293328403,119.75133658148523,119.8108796702854,-1.310580849978038e-05,3926.091001989801,0.8382621251039557,-90770.12186551714,-0.0009998329121479767,-0.12861502492134935,0.00022120411273967905,0.0430546507883814,9.192625195693578e-06,0.9954114402743065,-1.864306125822368e-06,-0.012719878347122278,-1.2422333758332841e-06,9.70223769919392,-1.8642826607389684e-06,-0.012719868225123396,-1.2422407343967095e-06,9.702237466164894,0.5,0.0,0.0,1.0,0.0,0.0,0.0
25.6,169.23784267394203,-0.000597002488475526,7.319973140573544,4.412645881620139e-05,-6.81778138725755e-05,-5.4835506264291576e-05,-0.44627961718163,0.7719294241125995,0.43153116754116433,0.13689528449862892,1281065.8329683072,-5004026.7805566015,3734195.5065581272,0.6291370025573643,-1.3201720658160128,3051.099280050335,0.0,-0.001736183004097384,0.04322595304057062,0.7855752111729779,9.418333049975374e-08,1.2725590173272866e-09,-9.490822044077393e-09,9.459345258221084e-08,1.2890195031909795e-09,-9.479733015130548e-09,328.38053978970686,0.904484680865703,69667.15351307979,268.3273691346387,0.5158529572804583,0.04322563701966812,-3.524299468346012e-06,169.3960725638735,12977.10725467492,9.788867386277687,119.75133659797943,119.81087923497792,-6.351926730522744e-05,3926.080046080748,0.838262440596718,-90769.7208246888,-0.0009413761600163672,-0.11911241726123908,0.0001939048239840324,0.043054530642710274,9.192628655478566e-06,0.9954070423444554,-1.863846354647044e-06,-0.012719900729243304,-1.2422999427033676e-06,9.702246866636132,-1.8638228008017035e-06,-0.012719890788119742,-1.2423073289057032e-06,9.702246635773713,0.5,0.0,0.0,1.0,0.0,0.0,0.0
25.700000000000003,169.23784448575344,-0.0005969980887359573,7.319925756709731,4.4119158394351186e-05,-6.832033192397697e-05,-5.483519311487758e-05,-0.44627897310244297,0.7719292969422692,0.43153229442989327,0.13689454902554626,1281075.6920768414,-5004016.982549859,3734205.1888789427,0.6291388852673105,-1.320169746327999,3051.099288746404,0.0,-0.0017361739508191627,0.0432259456982243,0.7855752102610722,8.69644887940051e-08,-1.4128196748934546e-07,-8.762691984427721e-09,8.734314649700815e-08,-1.4126655521726212e-07,-8.999783541522546e-09,328.3805397551429,0.9044846800571211,69667.15343620999,268.32736907816883,0.5158529566117087,0.043225357096438224,-3.5242735001950466e-06,169.39607232643922,12977.107206695013,9.788867479212222,119.75133664130257,119.81087885594366,-0.00010969322503336666,3926.068029282377,0.8382627605558421,-90769.33458773523,-0.0008859504761123549,-0.11021284535893332,0.00016830180775367787,0.043054398863019684,9.19263216424297e-06,0.9954028067581816,-1.8634129878260922e-06,-0.012719922996541153,-1.242363109447275e-06,9.702254478449937,-1.8633895576244307e-06,-0.012719912829908621,-1.2423704568383758e-06,9.702254244547834,0.5,0.0,0.0,1.0,0.0,0.0,0.0
25.8,169.23784627604033,-0.0005969939776746293,7.319880143625941,4.4112274045689164e-05,-6.845096099683033e-05,-5.483490203469958e-05,-0.4462783258109262,0.7719291708695438,0.43153342429706226,0.13689380843013663,1281085.5511590198,-5004007.184506111,3734214.87118911,0.6291407679772238,-1.3201674268368333,3051.099301846698,0.0,-0.001736165597413068,0.04322592471640799,0.7855752094197515,8.016082895980634e-08,-2.7196826236581486e-07,-8.07662087952883e-09,8.050983965559347e-08,-2.719538432268266e-07,-8.541246092063921e-09,328.38053970307345,0.9044846788390238,69667.15332040862,268.32736899309924,0.5158529561380296,0.04322508762242339,-3.524249235060541e-06,169.39607214403205,12977.107161270622,9.788867572133293,119.75133670947143,119.8108785298641,-0.00015178666469317648,3926.0550642385097,0.83826308269685,-90768.96334196406,-0.000833339709332635,-0.1013885160827761,0.00014429737392018663,0.04305425668459441,9.192635696934543e-06,0.995398735569555,-1.8630054017493925e-06,-0.012719945216096862,-1.2424227892583033e-06,9.702260625945366,-1.8629817143989897e-06,-0.012719935056603173,-1.2424302176435784e-06,9.702260392114962,0.5,0.0,0.0,1.0,0.0,0.0,0.0
25.900000000000002,169.23784803953478,-0.0005969901387833055,7.319836344198379,4.410578651297168e-05,-6.85701940594426e-05,-5.483463166827765e-05,-0.44627767555993814,0.7719290458099509,0.43153455689927106,0.13689306313140762,1281095.4102146402,-5003997.386424862,3734224.5534883416,0.6291426506871041,-1.320165107342499,3051.0993189727888,0.0,-0.0017361579065142063,0.04322589120061407,0.7855752086452346,7.375273489562269e-08,-3.9126894188319697e-07,-7.430470560967287e-09,7.407382359476106e-08,-3.9125546377975574e-07,-8.102822942542658e-09,328.38053963500283,0.904484677246598,69667.15316902079,268.32736888188725,0.5158529558466688,0.04322482885184345,-3.524226575560023e-06,169.39607201324037,12977.10711838387,9.788867665042073,119.75133680065842,119.81087825374667,-0.00018994378820202983,3926.041285811066,0.8382634052917693,-90768.60744232929,-0.000783470291060594,-0.09292277747803196,0.00012180665843889631,0.043054105586369296,9.192639234603841e-06,0.9953948326711038,-1.8626214455007531e-06,-0.012719967100737903,-1.2424794134775918e-06,9.702265399115255,-1.8625979537631894e-06,-0.012719956988928504,-1.2424867803733667e-06,9.702265166323826,0.5,0.0,0.0,1.0,0.0,0.0,0.0
26.0,169.237849771665,-0.0005969865542142785,7.31979437474274,4.409967410259165e-05,-6.86783522567416e-05,-5.483438054820579e-05,-0.4462770226200365,0.7719289216729426,0.431535691976889,0.13689231357626816,1281105.2692437568,-5003987.588305983,3734234.235776466,0.6291445333969524,-1.32016278784501,3051.099339715826,0.0,-0.0017361508365530335,0.04322584633083661,0.7855752079333147,6.771879430310513e-08,-4.994687545749549e-07,-6.822327995202757e-09,6.80136033775504e-08,-4.994561683002677e-07,-7.683097702857429e-09,328.38053955255606,0.9044846753178596,69667.1529856606,268.3273687471879,0.5158529557233066,0.04322458088209175,-3.5242054164130974e-06,169.39607193020024,12977.107077988177,9.788867757939808,119.75133691282005,119.81087802417389,-0.00022434798345797644,3926.0267978605452,0.8382637249523953,-90768.26694845923,-0.0007359052423206355,-0.08463219047284813,0.00010073585151158264,0.04305394670730868,9.192642740094828e-06,0.9953910987167295,-1.8622610822636072e-06,-0.01271998903464774,-1.2425327204294142e-06,9.702268890511428,-1.8622375290276478e-06,-0.01271997885784704,-1.2425401063132135e-06,9.702268656359761,0.5,0.0,0.0,1.0,0.0,0.0,0.0
26.1,169.23785146831867,-0.0005969832079387833,7.319754251017129,4.409391596203624e-05,-6.87761187394586e-05,-5.483414742210434e-05,-0.446276367236863,0.771928798376474,0.431536829293488,0.13689156017170778,1281115.1282463,-5003977.790149192,3734243.91805327,0.6291464161067685,-1.3201604683443662,3051.099363716319,0.0,-0.0017361443511921715,0.04322579118089729,0.7855752072803219,6.203825135877498e-08,-5.972920752109452e-07,-6.249729795981392e-09,6.230831675406548e-08,-5.972803347407534e-07,-7.280867323066907e-09,328.38053945716194,0.9044846730862353,69667.1527735058,268.3273685913355,0.5158529557552567,0.043224343807155854,-3.5241856630681157e-06,169.39607189148268,12977.10704003776,9.788867850827614,119.75133704413093,119.81087783812535,-0.0002551652301470142,3926.011737305361,0.8382640453814979,-90767.94199604481,-0.0006913829530004684,-0.07687369178327988,8.100026827834187e-05,0.04305378154889951,9.192646254013153e-06,0.995387535194458,-1.8619211114146522e-06,-0.012720010236909964,-1.2425834756414765e-06,9.702271193190537,-1.8618974669494528e-06,-0.012720000066911609,-1.2425908903961945e-06,9.702270959059586,0.5,0.0,0.0,1.0,0.0,0.0,0.0
26.200000000000003,169.23785312563882,-0.0005969800869022657,7.319715988580248,4.408849524712549e-05,-6.886373391036013e-05,-5.483393118017491e-05,-0.4462757096335459,0.7719286758461651,0.43153796863366156,0.13689080328855738,1281124.9872220752,-5003967.991954024,3734253.6003184933,0.6291482988165529,-1.3201581488405505,3051.0993906343356,0.0,-0.0017361384187131726,0.043225726728504464,0.785575206683049,5.66940652467993e-08,-6.849581461610751e-07,-5.7112326079197344e-09,5.694086055548142e-08,-6.849472076454676e-07,-6.8950707785260465e-09,328.3805393501716,0.9044846705833322,69667.15253556125,268.3273684165375,0.5158529559307055,0.04322411771978208,-3.5241672385260308e-06,169.39607189390537,12977.107004498519,9.788867943706544,119.75133719286254,119.81087769283164,-0.00028254543705053014,3925.996184961649,0.8382643628016169,-90767.63262930822,-0.0006488559452208918,-0.06939560429013782,6.25195262921342e-05,0.04305361099739494,9.192649734934091e-06,0.9953841425892427,-1.86160225469359e-06,-0.01272003114403636,-1.2426312212359773e-06,9.702272381610197,-1.8615785212647732e-06,-0.012720020952960712,-1.2426386635983033e-06,9.702272146938219,0.5,0.0,0.0,1.0,0.0,0.0,0.0
26.3,169.23785474050518,-0.0005969771758380578,7.319679579104786,4.4083392553427045e-05,-6.894177644775398e-05,-5.4833730626237335e-05,-0.44627505004672413,0.7719285540029549,0.4315391097698255,0.13689004331856905,1281134.8461711463,-5003958.193720402,3734263.2825719947,0.6291501815263059,-1.3201558293335784,3051.0994201221815,0.0,-0.0017361330037688049,0.04322565400747466,0.7855752061379254,5.166709690159729e-08,-7.630805764816405e-07,-5.204617325110929e-09,5.1891999837267037e-08,-7.63070398996199e-07,-6.524556650049078e-09,328.3805392329671,0.9044846678414802,69667.15227490044,268.3273682250519,0.5158529562368893,0.04322390257165362,-3.5241500527351244e-06,169.3960719339899,12977.106971301355,9.788868036577659,119.75133735716688,119.81087758522357,-0.00030667191290589785,3925.9802545682282,0.8382646798306324,-90767.33874888814,-0.0006090121978442708,-0.06230342903627407,4.521622697209352e-05,0.0430534363000878,9.192653211566076e-06,0.9953809198114584,-1.861301670875021e-06,-0.01272005140151314,-1.2426766268055826e-06,9.702272548179826,-1.8612779393166251e-06,-0.012720041307246162,-1.2426840690127175e-06,9.702272315654414,0.5,0.0,0.0,1.0,0.0,0.0,0.0
26.400000000000002,169.23785631012515,-0.0005969744620959287,7.319645014893897,4.4078589596573624e-05,-6.901065993425926e-05,-5.483354474866928e-05,-0.4462743886887392,0.7719284327760232,0.4315402524972192,0.13688928061422856,1281144.705093453,-5003948.395448074,3734272.96481359,0.6291520642360275,-1.3201535098234487,3051.099451863207,0.0,-0.0017361280757227438,0.04322557394740726,0.7855752056418591,4.6938796264149635e-08,-8.320077890576949e-07,-4.728313444257577e-09,4.714311668561818e-08,-8.319983338779611e-07,-6.168361059725926e-09,328.3805391068069,0.9044846648901221,69667.15199432241,268.32736801893464,0.5158529566623185,0.04322369831808845,-3.524134031081978e-06,169.39607200861244,12977.106940390078,9.788868129441944,119.75133753536593,119.8108775125634,-0.00032770969679951634,3925.9640305971143,0.8382649935669891,-90767.06028227933,-0.0005708910283668905,-0.055682992865448144,2.9011901944979448e-05,0.04305325838332266,9.192656652089811e-06,0.9953778660659918,-1.86101967949661e-06,-0.01272007112909982,-1.2427193698333579e-06,9.702271770136814,-1.860996196324783e-06,-0.012720060974926724,-1.2427267341334754e-06,9.70227153643258,0.5,0.0,0.0,1.0,0.0,0.0,0.0
26.5,169.23785783181037,-0.0005969719342367963,7.319612291382078,4.407407105979112e-05,-6.907087269723775e-05,-5.483337265109855e-05,-0.4462737257562853,0.7719283120999314,0.43154139662545626,0.13688851550330336,1281154.5639888097,-5003938.597136616,3734282.6470430456,0.6291539469457182,-1.3201511903101453,3051.0994855652875,0.0,-0.00173612360761812,0.04322548741193221,0.78557520519213,4.2494127663326735e-08,-8.922705910111127e-07,-4.28053737264206e-09,4.267909836401537e-08,-8.922618217071859e-07,-5.8256238391883296e-09,328.38053897285215,0.9044846617564203,69667.15169640943,268.3273678000829,0.5158529571963857,0.043223504932845914,-3.5241191060979872e-06,169.39607211488877,12977.106911712493,9.788868222300293,119.75133772588426,119.81087747234905,-0.0003458095290011322,3925.9475998354515,0.8382653100013306,-90766.79709535894,-0.0005354707609080261,-0.04932625403136903,1.3842717822870586e-05,0.04305307819883249,9.192660122200428e-06,0.9953749798820128,-1.8607538590709408e-06,-0.012720090390778808,-1.2427600316195245e-06,9.702270127041386,-1.8607302796627813e-06,-0.01272008020906371,-1.2427674260463503e-06,9.702269892710737,0.5,0.0,0.0,1.0,0.0,0.0,0.0
26.6,169.2378593037802,-0.0005969695804182896,7.319581379265862,4.406981901077579e-05,-6.912286758949983e-05,-5.483321338853114e-05,-0.44627306144855244,0.7719281919081595,0.43154254196288655,0.13688774831568767,1281164.4228572901,-5003928.798785992,3734292.329260253,0.6291558296553782,-1.3201488707936833,3051.0995209347457,0.0,-0.0017361195698722962,0.043225395271540144,0.7855752047857553,3.83149968535091e-08,-9.44328882283122e-07,-3.859587545842423e-09,3.8481777103226163e-08,-9.443207646841976e-07,-5.495443630954145e-09,328.3805388322702,0.9044846584676817,69667.15138375752,268.3273675704037,0.5158529578279805,0.043223322243554047,-3.5241052079371736e-06,169.39607224977257,12977.106885193647,9.788868315153609,119.75133792710659,119.81087746188855,-0.0003611480659708734,3925.931034124832,0.8382656259310018,-90766.54888777109,-0.000501612362287651,-0.04311156646654501,-3.681424497324574e-07,0.04305289653445297,9.192663586776687e-06,0.9953722579657323,-1.8605044748887167e-06,-0.012720109309753754,-1.242798309618692e-06,9.702267694697685,-1.8604810424072228e-06,-0.01272009915597389,-1.2428056577025015e-06,9.702267460971417,0.5,0.0,0.0,1.0,0.0,0.0,0.0
26.700000000000003,169.23786072431773,-0.0005969673900375072,7.31955225380693,4.406581853682362e-05,-6.916713704151554e-05,-5.4833066135528574e-05,-0.4462723959475721,0.7719280721400625,0.4315436883337358,0.13688697935397398,1281174.2816988435,-5003919.000395992,3734302.0114650545,0.6291577123650073,-1.3201465512740616,3051.099557706155,0.0,-0.0017361159367138743,0.04322529832398525,0.7855752044201373,3.438682106068468e-08,-9.88658769956511e-07,-3.4638426449288786e-09,3.453650007149379e-08,-9.88651271987145e-07,-5.177027350139864e-09,328.3805386861158,0.9044846550485862,69667.1510587129,268.3273673316206,0.5158529585469642,0.04322315010474889,-3.5240922740651152e-06,169.3960724104787,12977.106860760898,9.788868408002719,119.7513381375318,119.81087747874507,-0.0003738850848087342,3925.9144202896623,0.8382659479171949,-90766.31549333225,-0.0004702734777422758,-0.03735388359758455,-1.3682671658114885e-05,0.04305271434232571,9.192667117770515e-06,0.995369698494733,-1.8602691334216686e-06,-0.012720127466431507,-1.2428347811465617e-06,9.702264545360222,-1.8602455454533652e-06,-0.012720117323805286,-1.2428421784617961e-06,9.70226431197401,0.5,0.0,0.0,1.0,0.0,0.0,0.0
26.8,169.23786209176288,-0.0005969653539924482,7.319524893804156,4.406205637036133e-05,-6.920402281790734e-05,-5.4832930179447654e-05,-0.4462717294208237,0.7719279527399775,0.4315448355756831,0.1368862088976214,1281184.1405132916,-5003909.201966226,3734311.693657242,0.6291595950746057,-1.3201442317512648,3051.099595630231,0.0,-0.0017361126856234375,0.043225197305375884,0.7855752040930039,3.06959735891643e-08,-1.0255902099057947e-06,-3.0920560083822465e-09,3.0829586703735135e-08,-1.0255833011562215e-06,-4.86970245543593e-09,328.38053853538,0.9044846515223128,69667.15072347918,268.3273670853524,0.5158529593439372,0.043222988391813745,-3.5240802508033315e-06,169.3960725944316,12977.106838352192,9.788868500848384,119.75133835574773,119.81087752068915,-0.0003841663886629359,3925.8978212937113,0.838266271873779,-90766.09670579349,-0.000440498566803594,-0.032012288534939204,-2.615484942843958e-05,0.04305253231292961,9.192670670372222e-06,0.9953672992072294,-1.8600482085805171e-06,-0.012720144937103446,-1.2428691751409476e-06,9.70226074300232,-1.8600246234568324e-06,-0.01272013475025503,-1.242876571237735e-06,9.70226050857252,0.5,0.0,0.0,1.0,0.0,0.0,0.0
26.900000000000002,169.23786340534065,-0.0005969634622760003,7.319499256210654,4.405851611910471e-05,-6.923405853176839e-05,-5.483280477809133e-05,-0.4462710620350364,0.7719278336522346,0.4315459835283062,0.13688543722276708,1281193.9993007188,-5003899.403496698,3734321.3758367375,0.6291614777841736,-1.320141912225308,3051.099634466072,0.0,-0.0017361097918565948,0.04322509294435132,0.7855752038018655,2.7226325147677262e-08,-1.0557027596146326e-06,-2.7425079810540076e-09,2.7344833398487458e-08,-1.0556964117849752e-06,-4.5727571652181e-09,328.38053838102024,0.9044846479112615,69667.15038018579,268.32736683316347,0.5158529602093704,0.04322283685106391,-3.524069079131413e-06,169.39607279899607,12977.106817885162,9.788868593691351,119.7513385803635,119.81087758538509,-0.000392158379005044,3925.8813003886144,0.8382666018597427,-90765.89210133941,-0.00041252548896127984,-0.026947805597297078,-3.7848826299498084e-05,0.043052351139900434,9.192674289093854e-06,0.9953650554555398,-1.859840226556958e-06,-0.012720161700082198,-1.2429017753861329e-06,9.702256358344224,-1.8598166134598756e-06,-0.012720151601913853,-1.2429091803067418e-06,9.70225612573604,0.5,0.0,0.0,1.0,0.0,0.0,0.0
27.0,169.23786466427694,-0.0005969617065067427,7.319475302917774,4.405518512730043e-05,-6.925761784741024e-05,-5.4832689273841846e-05,-0.4462703939413283,0.7719277148264915,0.4315471320456852,0.13688466458061152,1281203.8580610831,-5003889.604987233,3734331.058003411,0.6291633604937114,-1.3201395926961899,3051.0996739910915,0.0,-0.001736107234021205,0.04322498590317683,0.7855752035445672,2.396524560008244e-08,-1.0792981716929903e-06,-2.4140466050421478e-09,2.4069560239904316e-08,-1.0792923580271724e-06,-4.285564542141581e-09,328.38053822392123,0.9044846442361286,69667.15003080036,268.3273665764993,0.5158529611345021,0.04322269525793924,-3.5240587096214764e-06,169.3960730217513,12977.106799285837,9.788868686532302,119.75133881007747,119.81087767071124,-0.0003980112802635105,3925.8649078064236,0.8382669391797092,-90765.70135538076,-0.0003862304923519058,-0.022164598212802943,-4.8817793947376156e-05,0.043052171374097406,9.192677988242282e-06,0.9953629636801238,-1.8596446688074274e-06,-0.012720178047249838,-1.2429325942042364e-06,9.702251454492183,-1.8596208136979517e-06,-0.012720167861831978,-1.2429400750976891e-06,9.702251219956317,0.5,0.0,0.0,1.0,0.0,0.0,0.0
27.1,169.23786586777337,-0.0005969600789956211,7.31945300077225,4.40520511287611e-05,-6.927514131464774e-05,-5.48325831131494e-05,-0.4462697252803706,0.771927596216017,0.43154828099140546,0.13688389120601374,1281213.7167942135,-5003879.806437477,3734340.7401570803,0.6291652432032186,-1.3201372731638954,3051.0997140031927,0.0,-0.0017361049933600921,0.04322487680039942,0.7855752033192217,2.0900252100916643e-08,-1.096880744278397e-06,-2.1052740349770734e-09,2.099122397714852e-08,-1.096875439685321e-06,-4.007603615524756e-09,328.3805380648862,0.9044846405157055,69667.14967710932,268.32736631667206,0.515852962111277,0.04322256341711169,-3.5240490969289477e-06,169.39607326046647,12977.106782482031,9.788868779371859,119.75133904367091,119.81087777473135,-0.00040186295939677785,3925.8487131890856,0.8382672850809182,-90765.52421895823,-0.0003616304195634639,-0.01791984207336538,-5.910683026610448e-05,0.04305199377923427,9.1926817814951e-06,0.9953610211508218,-1.8594598290348696e-06,-0.012720193304441109,-1.2429620419365288e-06,9.702246087124529,-1.8594362633148543e-06,-0.012720183123517389,-1.2429694321489491e-06,9.70224585277969,0.5,0.0,0.0,1.0,0.0,0.0,0.0
27.200000000000003,169.23786701584777,-0.0005969585719537133,7.3194322970896915,4.4049101375861635e-05,-6.928700368157923e-05,-5.4832485691790185e-05,-0.4462690561874412,0.7719274777756049,0.4315494302354867,0.13688311732270994,1281223.5755002042,-5003870.007847467,3734350.4222976924,0.6291671259126959,-1.3201349536284392,3051.099754303383,0.0,-0.0017361030494504365,0.04322476622657876,0.7855752031237726,1.8018884845687144e-08,-1.10879775808996e-06,-1.8150053714715195e-09,1.8097313600886e-08,-1.1087929390107611e-06,-3.738293544484161e-09,328.38053790470616,0.9044846367684953,69667.14932087169,268.32736605497405,0.5158529631315724,0.04322244101785412,-3.5240401951202917e-06,169.39607351288228,12977.106767393054,9.788868872210646,119.7513392799577,119.8108778954364,-0.0004038660905315202,3925.8327408941054,0.8382676402933793,-90765.36012648772,-0.00033838083995335307,-0.013684944207121802,-6.876847390181749e-05,0.043051818622422494,9.192685676857807e-06,0.9953592216652745,-1.8592862881771787e-06,-0.012720208337995148,-1.2429897872013231e-06,9.702240319175194,-1.8592626991767428e-06,-0.012720198146808186,-1.2429971847451478e-06,9.702240084604208,0.5,0.0,0.0,1.0,0.0,0.0,0.0
27.3,169.23786810845314,-0.0005969571781445658,7.31941314551142,4.4046324030981285e-05,-6.929370326764733e-05,-5.483239650144032e-05,-0.44626838678696745,0.7719273594637895,0.4315505796578622,0.13688234313739078,1281233.4341790199,-5003860.209217071,3734360.1044251453,0.629169008622143,-1.3201326340898212,3051.099794718437,0.0,-0.001736101384524175,0.04322465472672189,0.7855752029564345,1.530927274997644e-08,-1.1155630047754517e-06,-1.5418654019390912e-09,1.5375898598122488e-08,-1.1155586492625974e-06,-3.477152420818853e-09,328.3805377440695,0.9044846330106049,69667.1489636187,268.3273657925302,0.515852964188062,0.043222327786763784,-3.524031961519035e-06,169.39607377694804,12977.106753935803,9.788868965049186,119.7513395178456,119.81087803101836,-0.00040415930878268114,3925.81705988468,0.8382680094514825,-90765.20879756374,-0.0003170926017246496,-0.010032689362972382,-7.784547730814495e-05,0.043051646659932455,9.192689725152463e-06,0.9953575621484745,-1.8591217829509596e-06,-0.012720222227276739,-1.2430164232409078e-06,9.702234202903028,-1.8590980568682592e-06,-0.01272021207206437,-1.2430238638232481e-06,9.70223396911602,0.5,0.0,0.0,1.0,0.0,0.0,0.0
27.400000000000002,169.23786914559616,-0.0005969558923092839,7.3193955026588355,4.404370806604066e-05,-6.929553266919697e-05,-5.483231512761413e-05,-0.4462677171909926,0.7719272412433114,0.43155172915003776,0.1368815688368448,1281243.292830499,-5003850.41054596,3734369.7865392766,0.6291708913315597,-1.3201303145480257,3051.0998350819573,0.0,-0.0017360999833316534,0.04322454279294055,0.7855752028156776,1.276024963802196e-08,-1.1174466293928407e-06,-1.2849950371553931e-09,1.281577566686815e-08,-1.117442716582059e-06,-3.223790972090653e-09,328.38053758363776,0.9044846292575062,69667.14860682125,268.32736553042093,0.5158529652740178,0.04322222346800016,-3.5240243651190787e-06,169.39607405079562,12977.106742046031,9.788869057887991,119.75133975632542,119.81087817984414,-0.0004028693140784393,3925.801686126633,0.8382683911184741,-90765.06976265885,-0.0002965600603578203,-0.006503847164530929,-8.638749109101574e-05,0.043051478066849995,9.192693910623207e-06,0.9953560374514477,-1.8589674205066442e-06,-0.012720235729403749,-1.2430414638102302e-06,9.702227787522492,-1.8589438307710874e-06,-0.012720225561312432,-1.2430488615403322e-06,9.7022275534791,0.5,0.0,0.0,1.0,0.0,0.0,0.0
27.5,169.23787012789543,-0.0005969547077834502,7.319379310636183,4.404124288334845e-05,-6.92929560990651e-05,-5.483224109517992e-05,-0.4462670475076003,0.7719271230779888,0.4315528786084455,0.1368807945993352,1281253.1514547425,-5003840.611834213,3734379.468640062,0.6291727740409461,-1.3201279950030675,3051.09987524307,0.0,-0.0017360988289991952,0.04322443089607514,0.7855752026998065,1.0361409708810477e-08,-1.1149415458472737e-06,-1.0430817341308092e-09,1.0406482284935218e-08,-1.1149380564083242e-06,-2.9777536335415707e-09,328.38053742401047,0.9044846255232277,69667.148251813,268.3273652696261,0.5158529663827606,0.04322212771994719,-3.524017366617398e-06,169.3960743325409,12977.106731636342,9.788869150727532,119.75133999442174,119.81087834022429,-0.00040013373305747285,3925.786660337387,0.8382687924539651,-90764.94251193944,-0.00027787711867157896,-0.003055113894945093,-9.443373213491332e-05,0.04305131328969418,9.192698311784417e-06,0.9953546419832113,-1.8588205522662901e-06,-0.01272024876742097,-1.2430656323062952e-06,9.702221128048057,-1.8587971308801154e-06,-0.012720238657712499,-1.2430729774378313e-06,9.702220895325055,0.5,0.0,0.0,1.0,0.0,0.0,0.0
27.6,169.2378710559011,-0.0005969536192946811,7.3193645170126125,4.403891906875188e-05,-6.928624319424393e-05,-5.483217400958507e-05,-0.4462663778339944,0.7719270049353626,0.4315540279395673,0.1368800205858489,1281263.0100517236,-5003830.81308172,3734389.1507274206,0.6291746567503024,-1.3201256754549469,3051.0999150658026,0.0,-0.0017360979071002216,0.0432243194609155,0.7855752026073702,8.103307114782882e-09,-1.1083022361518818e-06,-8.153088959493003e-10,8.138537314226677e-09,-1.108299151787628e-06,-2.738666375201994e-09,328.38053726572815,0.9044846218204127,69667.14789979592,268.3273650110286,0.5158529675082146,0.043222040233237266,-3.524010934925101e-06,169.39607462046772,12977.106722625185,9.788869243568225,119.75134023123024,119.81087851063579,-0.0003960769288546828,3925.772023357391,0.8382692106462538,-90764.82674007291,-0.0002601712321380598,-0.00024882641321543556,-0.00010202050920420211,0.04305115277633318,9.192702897802149e-06,0.9953533723953994,-1.8586823761097292e-06,-0.012720260583398063,-1.2430884488870606e-06,9.702214258256376,-1.858658941887914e-06,-0.012720250544852827,-1.2430957980040992e-06,9.70221402704438,0.5,0.0,0.0,1.0,0.0,0.0,0.0
27.700000000000003,169.2378719301143,-0.0005969526221123496,7.3193510741285595,4.4036726689890184e-05,-6.927577115131426e-05,-5.483211356247445e-05,-0.4462657082602644,0.7719268867854404,0.4315551770563041,0.13687924694633896,1281272.8686212867,-5003821.014288186,3734398.8328012126,0.6291765394596285,-1.320123355903648,3051.0999544194588,0.0,-0.0017360972051067107,0.043224208882671464,0.7855752025371153,5.976005308813519e-09,-1.0978618694406411e-06,-6.008076894452701e-10,6.001966660119745e-09,-1.0978591728590399e-06,-2.50623958374982e-09,328.3805371093102,0.9044846181612134,69667.14755192527,268.3273647554771,0.5158529686448164,0.04322196072665541,-3.5240050421481943e-06,169.396074913017,12977.10671494804,9.788869336410476,119.75134046591862,119.81087868970569,-0.0003908134849526234,3925.757789732091,0.8382696495329398,-90764.7219494227,-0.00024359986216966611,0.0023257173628215624,-0.00010918397200788541,0.04305099668627657,9.192707710760635e-06,0.9953522232307854,-1.8585517619922135e-06,-0.012720271960550733,-1.2431101715449195e-06,9.702207227875029,-1.8585282180445124e-06,-0.012720261810196714,-1.2431175547885766e-06,9.7022069943121,0.5,0.0,0.0,1.0,0.0,0.0,0.0
27.8,169.2378727516439,-0.0005969517110010283,7.319338921118675,4.403465713092137e-05,-6.926191297514904e-05,-5.483205937980799e-05,-0.4462650388685381,0.771926768600623,0.4315563258804167,0.13687847381546345,1281282.7271635411,-5003811.215453719,3734408.5148614356,0.6291784221689243,-1.320121036349186,3051.099993192591,0.0,-0.001736096709296842,0.04322409951750515,0.7855752024876623,3.971023305666492e-09,-1.0840427845494786e-06,-3.984849240743651e-10,3.988242094871172e-09,-1.0840404597183267e-06,-2.2801142984420728e-09,328.3805369551997,0.9044846145559929,69667.14720918621,268.3273645036954,0.5158529697872343,0.043221888840946424,-3.523999657411918e-06,169.3960752086664,12977.106708520347,9.788869429254623,119.75134069771772,119.81087887604987,-0.0003844645899751717,3925.7439875151526,0.8382701115745711,-90764.6276311709,-0.0002284533592953543,0.004632983960202518,-0.00011595498669144942,0.04305084532716898,9.192712777642953e-06,0.9953511889095248,-1.8584274253137803e-06,-0.012720282612118316,-1.2431311154828843e-06,9.702200077340395,-1.8584037675775614e-06,-0.012720272390662165,-1.2431385346461905e-06,9.70219984208537,0.5,0.0,0.0,1.0,0.0,0.0,0.0
27.900000000000002,169.23787352151803,-0.0005969508817600833,7.3193280025340695,4.403270169790794e-05,-6.924496061304384e-05,-5.483201116972125e-05,-0.4462643697325213,0.7719266503562043,0.4315574743413823,0.1368777013146149,1281292.5856784661,-5003801.416578236,3734418.1969080274,0.6291803048781899,-1.3201187167915607,3051.10003128089,0.0,-0.0017360964079637634,0.04322399168615051,0.7855752024578377,2.079481120394198e-09,-1.0671788079155298e-06,-2.0748673049364956e-10,2.0884467327370363e-09,-1.067176839780729e-06,-2.0600169875321667e-09,328.3805368038112,0.9044846110144498,69667.14687250083,268.3273642563608,0.5158529709306479,0.0432218242488209,-3.5239947559470427e-06,169.39607550604697,12977.106703271507,9.78886952210099,119.75134092592572,119.81087906843365,-0.0003771400163117278,3925.7306225979237,0.8382705957827168,-90764.543221969,-0.00021407524742663453,0.007100140225484823,-0.00012236615634990554,0.04305069876361663,9.192718087609689e-06,0.9953502632537748,-1.8583097091690259e-06,-0.012720292989165796,-1.2431510825480407e-06,9.702192844631547,-1.858286198105507e-06,-0.012720282901400084,-1.2431584556929542e-06,9.702192612240031,0.5,0.0,0.0,1.0,0.0,0.0,0.0
28.0,169.23787424062257,-0.0005969501306818179,7.3193182683710285,4.4030852568784116e-05,-6.922523551627238e-05,-5.48319686926515e-05,-0.44626370092136114,0.7719265320291014,0.4315586223726003,0.13687692955845576,1281302.4441659122,-5003791.61766147,3734427.87894087,0.6291821875874251,-1.320116397230757,3051.1000685906038,0.0,-0.0017360962909985598,0.04322388569107152,0.7855752024466303,2.937050247483902e-10,-1.0474931294573255e-06,-2.719743456175322e-11,2.948802375872705e-10,-1.0474915036964497e-06,-1.8457200143962815e-09,328.38053665551723,0.9044846075453016,69667.14654269781,268.3273640140821,0.515852972070587,0.043221766655140395,-3.5239903158923714e-06,169.3960758038829,12977.106699131124,9.788869614949865,119.75134114987277,119.81087926572246,-0.00036894099526770446,3925.7177272554213,0.8382711058846821,-90764.46844822443,-0.00020074055202621042,0.00912641404479791,-0.00012844529170050846,0.043050557349556706,9.19272368153555e-06,0.99534944326324,-1.8581979067092508e-06,-0.01272030263965742,-1.2431702196468425e-06,9.702185561520613,-1.8581744060628437e-06,-0.01272029247195231,-1.2431775894512832e-06,9.702185327475933,0.5,0.0,0.0,1.0,0.0,0.0,0.0
28.1,169.23787491039855,-0.0005969494537319784,7.31930965749441,4.4029103022607516e-05,-6.920300141955594e-05,-5.483193165358063e-05,-0.4462630324944949,0.7719264135992014,0.4315597699180335,0.13687615864341962,1281312.3026259951,-5003781.818703553,3734437.5609599785,0.6291840702966295,-1.3201140776667897,3051.10010504319,0.0,-0.001736096347313469,0.043223781787967736,0.7855752024529251,-1.3930449429760844e-09,-1.0253071124853466e-06,1.432238643925256e-10,-1.3992336924941047e-09,-1.0253058157503295e-06,-1.6369411613241027e-09,328.3805365106301,0.9044846041558509,69667.14622047146,268.3273637773693,0.5158529732029004,0.04322171569897378,-3.5239863134573998e-06,169.39607610097215,12977.106696019797,9.7888697078015,119.75134136897188,119.81087946680272,-0.0003599719814359284,3925.7053154494283,0.8382716426117612,-90764.40280258047,-0.00018842123781179725,0.010702456604849017,-0.00013421723787646755,0.04305042123809815,9.192729567440116e-06,0.9953487233740996,-1.858091500215615e-06,-0.012720311293506504,-1.2431886177378842e-06,9.702178256772074,-1.8580679449744877e-06,-0.012720301087202802,-1.2431960043592795e-06,9.70217802187941,0.5,0.0,0.0,1.0,0.0,0.0,0.0
28.200000000000003,169.23787553218614,-0.000596948847435631,7.319302114320137,4.402744494277149e-05,-6.917858594651744e-05,-5.4831899843207126e-05,-0.44626236450577345,0.7719262950483424,0.43156091692661763,0.13687538865739457,1281322.1610587004,-5003772.0197044285,3734447.242965311,0.6291859530058038,-1.3201117580996589,3051.1001405641437,0.0,-0.001736096567442723,0.04322368020955183,0.7855752024757768,-2.9887433903140252e-09,-1.0009747468570708e-06,3.045926576406293e-10,-3.0019049068012734e-09,-1.0009737666809469e-06,-1.4334802389971197e-09,328.38053636944596,0.9044846008530258,69667.14590648038,268.32736354670635,0.5158529743238861,0.04322167105215476,-3.523982728150575e-06,169.39607639625177,12977.10669387407,9.788869800656107,119.75134158269952,119.81087967069462,-0.0003503279853109827,3925.6933808105323,0.8382722077320018,-90764.34566769266,-0.00017700946695210011,0.012478036093724144,-0.00013970902644692051,0.04305029035939216,9.192735764712314e-06,0.9953480968163756,-1.8579899457381425e-06,-0.01272031977643085,-1.2432063734502992e-06,9.702170968051634,-1.8579664290510307e-06,-0.012720309683864136,-1.2432137484798521e-06,9.70217073552681,0.5,0.0,0.0,1.0,0.0,0.0,0.0
28.3,169.23787610716215,-0.000596948309079569,7.319295588336719,4.4025872361332544e-05,-6.915223538778872e-05,-5.483187307704729e-05,-0.44626169700546725,0.771926176359652,0.4315620633502917,0.13687461968312295,1281332.0194638835,-5003762.22066385,3734456.924956763,0.6291878357149472,-1.3201094385293493,3051.100175087961,0.0,-0.0017360969433308589,0.04322358117446797,0.7855752025143797,-4.499560546158657e-09,-9.7467682953622e-07,4.5739411205347765e-10,-4.519324602176836e-09,-9.746761540211767e-07,-1.235166394183967e-09,328.3805362322251,0.9044845976429169,69667.14560130358,268.3273633225185,0.5158529754300688,0.04322163241647591,-3.523979543975904e-06,169.39607668871486,12977.106692627045,9.788869893513898,119.75134179054187,119.81087987648755,-0.0003400965593541489,3925.681946382488,0.8382728025184099,-90764.29676492774,-0.00016632911631626229,0.013873773936515508,-0.00014494373012970685,0.04305016496614321,9.192742287312294e-06,0.995347560534495,-1.8578931506044094e-06,-0.012720327546170763,-1.2432234535788603e-06,9.702163717249435,-1.8578697388086953e-06,-0.012720317426931076,-1.2432307956938295e-06,9.702163484294653,0.5,0.0,0.0,1.0,0.0,0.0,0.0
28.400000000000002,169.23787663700585,-0.0005969478354822416,7.319290019982346,4.4024379317038185e-05,-6.912421165265944e-05,-5.483185113544703e-05,-0.44626103003356804,0.7719260575194216,0.43156320915209145,0.13687385178419711,1281341.8778416656,-5003752.421581975,3734466.6069343686,0.62918971842406,-1.320107118955876,3051.100208565282,0.0,-0.0017360974660516732,0.04322348485215383,0.7855752025678386,-5.93127617820165e-09,-9.46703892713191e-07,6.023472928770272e-10,-5.957303621101034e-09,-9.467035107708744e-07,-1.0417856035619998e-09,328.3805360991637,0.9044845945301138,69667.14530537739,268.3273631051263,0.5158529765184119,0.043221599440224544,-3.523976742170296e-06,169.39607697746538,12977.106692207297,9.788869986375024,119.75134199208966,119.81088008332333,-0.00032936598419504743,3925.6710165426466,0.8382734301721436,-90764.25559193661,-0.00015673254664402752,0.014925713908179691,-0.00014994286970106268,0.0430500451063546,9.192749170344885e-06,0.995347109019552,-1.8578003188563672e-06,-0.012720334515022464,-1.2432400474545087e-06,9.702156528848425,-1.8577767624778e-06,-0.012720324369462788,-1.2432474347541858e-06,9.702156295284654,0.5,0.0,0.0,1.0,0.0,0.0,0.0
28.5,169.23787712327078,-0.0005969474242023479,7.319285354825185,4.402295919471551e-05,-6.909472550275115e-05,-5.48318338665025e-05,-0.44626036362566596,0.7719259385154936,0.4315643542989011,0.1368730850176022,1281351.7361920378,-5003742.622458765,3734476.2888981,0.6291916011331419,-1.320104799379239,3051.10024094861,0.0,-0.00173609812809763,0.04322339139418802,0.7855752026354044,-7.290560925964632e-09,-9.172947468014923e-07,7.40010785744069e-10,-7.322536743090493e-09,-9.172946479525938e-07,-8.531943805156848e-10,328.3805359704505,0.9044845915190328,69667.14501912167,268.32736289483813,0.5158529775861826,0.04322157180197569,-3.5239743083385993e-06,169.39607726170345,12977.106692555628,9.788870079239633,119.75134218697097,119.81088029044253,-0.00031821638460982626,3925.660577731076,0.8382740885164269,-90764.2215904835,-0.00014733674977544334,0.0161132444692857,-0.0001547298612422945,0.0430499306313242,9.19275638993893e-06,0.9953467361497715,-1.8577123194538607e-06,-0.012720341275479396,-1.243255816588474e-06,9.702149427229456,-1.8576887101103042e-06,-0.012720331211203448,-1.2432632203454145e-06,9.702149195474606,0.5,0.0,0.0,1.0,0.0,0.0,0.0
28.6,169.23787756729757,-0.0005969470728469931,7.319281544098942,4.40216073251e-05,-6.906405734701901e-05,-5.483182113189983e-05,-0.44625969781678254,0.7719258193360067,0.4315654987576577,0.1368723194402568,1281361.59451486,-5003732.823293995,3734485.970847869,0.6291934838421929,-1.3201024797994232,3051.100272197897,0.0,-0.0017360989230270276,0.043223300951427616,0.7855752027164333,-8.582073293587683e-09,-8.866692707638507e-07,8.708979014113801e-10,-8.619704655598699e-09,-8.866694450880999e-07,-6.692616049998122e-10,328.38053584624487,0.9044845886133978,69667.14474289042,268.3273626919142,0.5158529786307929,0.04322154921377295,-3.5239722283707507e-06,169.3960775406613,12977.10669360783,9.788870172107849,119.7513423748114,119.81088049713337,-0.0003067220937354637,3925.6506576041334,0.8382747823475647,-90764.19452868463,-0.00013890145572234731,0.01669427233467378,-0.0001593188450068856,0.04304982184433962,9.192763998692097e-06,0.9953464393822489,-1.8576271926229902e-06,-0.012720347005540344,-1.2432713386909566e-06,9.702142430911122,-1.8576037670597396e-06,-0.012720336876117476,-1.243278684945718e-06,9.702142197795293,0.5,0.0,0.0,1.0,0.0,0.0,0.0
28.700000000000003,169.23787797093078,-0.0005969467791331363,7.319278530810421,4.402031826393388e-05,-6.90323902614791e-05,-5.4831812775287426e-05,-0.4462590326295449,0.7719256999729597,0.43156664250847254,0.13687155508635118,1281371.4528102586,-5003723.024087839,3734495.652783722,0.6291953665512129,-1.3201001602164437,3051.1003022845834,0.0,-0.001736099843757119,0.04322321361612775,0.7855752028102168,-9.81113419743729e-09,-8.550468857483707e-07,9.955434621884684e-10,-9.854151387763723e-09,-8.550473239225261e-07,-4.898338710376831e-10,328.3805357266601,0.9044845858158641,69667.14447693608,268.32736249653976,0.5158529796501773,0.04322153133901072,-3.5239704888021086e-06,169.39607781371913,12977.106695307037,9.788870264979757,119.75134255536264,119.81088070276753,-0.00029495575872573427,3925.641228088745,0.8382755126534666,-90764.17376961074,-0.00013120398356473295,0.017410475038192662,-0.0001637306404578609,0.043049718437543405,9.192772007438089e-06,0.9953462117322336,-1.857545606857094e-06,-0.01272035262192598,-1.243286346115998e-06,9.702135562263349,-1.8575219663337778e-06,-0.01272034244820714,-1.2432937597252897e-06,9.702135327942745,0.5,0.0,0.0,1.0,0.0,0.0,0.0
28.8,169.23787833575898,-0.0005969465408625958,7.31927626435929,4.401908764415002e-05,-6.89998800365949e-05,-5.483180866709103e-05,-0.44625836808604924,0.7719255804186365,0.43156778553146974,0.13687079199007726,1281381.3110782278,-5003713.224840278,3734505.3347056448,0.6291972492602016,-1.3200978406303003,3051.1003311853856,0.0,-0.0017361008842741341,0.04322312947999758,0.7855752029161522,-1.0982303815380826e-08,-8.225877971880999e-07,1.1143477425985923e-09,-1.1030454416072026e-08,-8.225884903418116e-07,-3.147893917442566e-10,328.3805356117889,0.9044845831285968,69667.1442214645,268.32736230886616,0.5158529806423652,0.04322151787885255,-3.5239690766685603e-06,169.39607808027765,12977.106697592497,9.788870357855428,119.75134272836472,119.81088090675723,-0.00028298353633093853,3925.6322962923578,0.8382762765189729,-90764.15897893532,-0.0001237165936135871,0.01792878149062028,-0.00016797631673743768,0.043049620488877886,9.192780384208419e-06,0.995346049533404,-1.8574673019991189e-06,-0.012720357664339384,-1.2433008866899452e-06,9.70212883267366,-1.8574439928635168e-06,-0.012720347452432473,-1.2433081965638115e-06,9.702128597790406,0.5,0.0,0.0,1.0,0.0,0.0,0.0
28.900000000000002,169.23787866324437,-0.0005969463562191266,7.319274698301352,4.401791131585864e-05,-6.896673979711012e-05,-5.4831808710687464e-05,-0.4462577042073252,0.7719254606657626,0.43156892780739053,0.13687003018458502,1281391.1693186322,-5003703.425551099,3734515.016613559,0.6291991319691591,-1.3200955210409782,3051.100358875779,0.0,-0.0017361020395316954,0.04322304863154666,0.7855752030337355,-1.2099480162032362e-08,-7.895067216932291e-07,1.2277800199129835e-09,-1.2152532035045546e-08,-7.895076614465667e-07,-1.4403208011307704e-10,328.3805355017286,0.9044845805538765,69667.14397669246,268.32736212905263,0.5158529816055408,0.04322150855900633,-3.5239679812595778e-06,169.39607833979088,12977.10670041327,9.788870450734938,119.75134289357388,119.81088110857408,-0.0002708668836005992,3925.623855345225,0.838277078187772,-90764.14972424449,-0.00011705230869799196,0.01845930600229671,-0.00017206808074889509,0.043049527923007425,9.192789175540607e-06,0.9953459480437845,-1.8573919362762214e-06,-0.012720362391478328,-1.2433150366287815e-06,9.702122261485231,-1.857368371390306e-06,-0.012720352195786478,-1.243322426559291e-06,9.702122026738337,0.5,0.0,0.0,1.0,0.0,0.0,0.0
29.0,169.23787895522858,-0.0005969462230404241,7.3192737807092,4.401678487605591e-05,-6.893320948411716e-05,-5.4831812778505046e-05,-0.44625704100398866,0.7719253407102946,0.4315700693281178,0.13686926968379715,1281401.027531601,-5003693.6262204945,3734524.6985075246,0.6292010146780852,-1.3200932014484923,3051.10038535359,0.0,-0.00173610330380241,0.043222971109782383,0.7855752031623935,-1.3167208454205198e-08,-7.560467706009166e-07,1.3363856400692164e-09,-1.3224953028193544e-08,-7.560479491535093e-07,2.256085086544345e-11,328.38053539648797,0.904484578091905,69667.14374263913,268.3273619571132,0.5158529825384611,0.043221503072744284,-3.523967189818775e-06,169.39607859185503,12977.106703710391,9.788870543618298,119.75134305086512,119.81088130777196,-0.00025866436657147806,3925.6159157126363,0.8382779172423833,-90764.14568635951,-0.00011106257454657323,0.01852251713802983,-0.0001760183554446533,0.04304944085469741,9.192798376856435e-06,0.9953459037631687,-1.8573186723976711e-06,-0.012720366126813059,-1.2433290227192968e-06,9.702115857941308,-1.8572950528513e-06,-0.012720355983037262,-1.243336429631494e-06,9.702115624389155,0.5,0.0,0.0,1.0,0.0,0.0,0.0
29.1,169.23787921343168,-0.0005969461401519645,7.319273463465667,4.4015703897024236e-05,-6.889937945402784e-05,-5.483182078885823e-05,-0.4462563784839853,0.7719252205491492,0.43157121008775806,0.1368685104978257,1281410.885717133,-5003683.82684846,3734534.380387538,0.6292028973869798,-1.320090881852843,3051.100410609506,0.0,-0.0017361046724354541,0.04322289694327766,0.7855752033016643,-1.4189870552143502e-08,-7.222663266999677e-07,1.4403468597348871e-09,-1.4252107133207821e-08,-7.222677364796177e-07,1.8507014439017328e-10,328.380535296104,0.904484575743548,69667.14351938691,268.3273617931085,0.5158529834399697,0.04322150113584165,-3.5239666954200555e-06,169.3960788361095,12977.106707441031,9.788870636505528,119.75134320012113,119.81088150395817,-0.0002464289718160373,3925.608440887173,0.8382787934340499,-90764.14634033867,-0.00010512360154049786,0.01874403692021313,-0.00017984626943569446,0.04304935888359693,9.192807985427965e-06,0.9953459109348934,-1.857248560115596e-06,-0.012720369910309759,-1.243342462148393e-06,9.702109635812292,-1.8572249143343533e-06,-0.012720359740827525,-1.2433498771682269e-06,9.702109401491565,0.5,0.0,0.0,1.0,0.0,0.0,0.0
29.200000000000003,169.23787943933698,-0.0005969461061010962,7.319273703737968,4.401466574201315e-05,-6.886546472060268e-05,-5.4831832663748583e-05,-0.44625571665739044,0.771925100178642,0.43157235007786504,0.13686775264120193,1281420.7438750959,-5003674.027434797,3734544.0622535306,0.6292047800958427,-1.3200885622540148,3051.100434640112,0.0,-0.0017361061414668958,0.043222826171708695,0.7855752034511522,-1.5169973684180898e-08,-6.883997534244767e-07,1.5401486443365463e-09,-1.5236522535540127e-08,-6.88401387346993e-07,3.435734476167568e-10,328.3805352005902,0.9044845735091235,69667.14330696591,268.32736163706056,0.5158529843089222,0.043221502495300414,-3.5239664894956176e-06,169.39607907218556,12977.106711553251,9.78887072939665,119.75134334120048,119.81088169675232,-0.00023421027709572906,3925.601446265546,0.8382797118211833,-90764.15143089322,-0.00010015108665388902,0.01867813685969846,-0.00018355872056698892,0.043049282178550766,9.192818056727205e-06,0.9953459667593888,-1.8571798012291596e-06,-0.012720373033056065,-1.2433559014102679e-06,9.70210360497269,-1.8571559993064838e-06,-0.012720362819510929,-1.2433633656544028e-06,9.702103369806,0.5,0.0,0.0,1.0,0.0,0.0,0.0
29.3,169.2378796347527,-0.0005969461194643854,7.3192744543580535,4.4013667078688403e-05,-6.883152958535744e-05,-5.4831848306700266e-05,-0.4462550555232754,0.7719249795985221,0.43157348930167266,0.13686699610830566,1281430.6020056214,-5003664.227979708,3734553.744105571,0.6292066628046737,-1.3200862426520232,3051.100457452548,0.0,-0.00173610770639638,0.04322275878277881,0.7855752036104053,-1.6111121445504562e-08,-6.545449292082656e-07,1.6360533454085758e-09,-1.6181814168351996e-08,-6.545467804970211e-07,4.981629522119964e-10,328.38053510991824,0.9044845713879675,69667.14310531307,268.3273614889231,0.5158529851446582,0.04322150687247107,-3.523966563647286e-06,169.39607929985155,12977.10671600204,9.788870822291633,119.75134347407393,119.81088188585646,-0.00022205340140857302,3925.5949052661686,0.8382806665247541,-90764.16049266615,-9.495536251353586e-05,0.018703608850762277,-0.00018716605870317064,0.04304921044805755,9.19282852628301e-06,0.9953460661334146,-1.8571137397681654e-06,-0.012720375911514576,-1.2433688858238803e-06,9.702097771762341,-1.8570903422130143e-06,-0.01272036578283198,-1.2433762233082025e-06,9.702097538716819,0.5,0.0,0.0,1.0,0.0,0.0,0.0
29.400000000000002,169.23787980130996,-0.0005969461788373234,7.3192756727783745,4.401270482300872e-05,-6.879772789020446e-05,-5.483186764757755e-05,-0.4462543950815828,0.7719248588083413,0.43157462776113553,0.13686624089573743,1281440.460108711,-5003654.428483199,3734563.4259436624,0.6292085455134729,-1.3200839230468682,3051.100479055196,0.0,-0.001736109363465708,0.04322269476956721,0.7855752037790488,-1.7016035512804347e-08,-6.208041923680245e-07,1.7283146178167454e-09,-1.7090714670309898e-08,-6.208062545321494e-07,6.489144172634916e-10,328.3805350240548,0.9044845693793004,69667.14291435426,268.3273613486416,0.5158529859465943,0.04322151401600014,-3.523966909588129e-06,169.39607951889886,12977.10672074424,9.788870915190454,119.75134359870947,119.8108820710073,-0.00020999975058977327,3925.588808838179,0.8382816632752244,-90764.17320897305,-9.049209835930817e-05,0.01870775256437905,-0.00019067671256122165,0.043049143592862896,9.192839456937291e-06,0.9953462055841182,-1.857049598008858e-06,-0.012720378576463985,-1.243381638696707e-06,9.70209214465826,-1.8570258929153043e-06,-0.012720368477693736,-1.2433890724942895e-06,9.70209191188801,0.5,0.0,0.0,1.0,0.0,0.0,0.0
29.5,169.23787994049192,-0.0005969462831341811,7.319277319992687,4.401177630491795e-05,-6.876419683705935e-05,-5.483189063663348e-05,-0.44625373533293045,0.7719247378075098,0.43157576545715703,0.13686548700192988,1281450.318184235,-5003644.628945083,3734573.107767746,0.6292104282222399,-1.3200816034385345,3051.100499456438,0.0,-0.0017361111096161974,0.04322263412954151,0.7855752039567777,-1.788766039604574e-08,-5.87307263390968e-07,1.817202972322892e-09,-1.796618024149975e-08,-5.873095302133185e-07,7.958729024416559e-10,328.3805349429665,0.9044845674823431,69667.1427340154,268.3273612161617,0.5158529867141628,0.04322152369545785,-3.5239675209129736e-06,169.39607972912378,12977.106725737463,9.788871008093086,119.75134371506257,119.81088225196139,-0.000198087929469774,3925.58316001052,0.838282699438759,-90764.18934694713,-8.626380062945893e-05,0.018324216440893024,-0.00019409634246750357,0.04304908164618308,9.19285081980665e-06,0.9953463825578149,-1.8569869373354182e-06,-0.012720380579521138,-1.2433942798942903e-06,9.702086727086375,-1.8569633969586113e-06,-0.01272037037803263,-1.2434016620602606e-06,9.702086492165833,0.5,0.0,0.0,1.0,0.0,0.0,0.0
29.6,169.23788005403108,-0.0005969464310975717,7.319279354234524,4.4010878927395824e-05,-6.873100995124731e-05,-5.483191719242251e-05,-0.4462530762682198,0.7719246165984636,0.4315769024009938,0.1368647344074476,1281460.176232328,-5003634.82936557,3734582.7895778967,0.6292123109309751,-1.3200792838270374,3051.1005186752104,0.0,-0.001736112941232708,0.043222576814128943,0.7855752041432296,-1.872841849439656e-08,-5.54183861673388e-07,1.9030297177800414e-09,-1.8810646733944892e-08,-5.541863272813032e-07,9.391242270466596e-10,328.38053486657816,0.9044845656953348,69667.14256412911,268.32736109136044,0.5158529874472573,0.04322153566407154,-3.5239683902005884e-06,169.39607993045257,12977.106730945157,9.788871100999472,119.75134382319366,119.81088242855407,-0.00018635151223289612,3925.5779280134143,0.8382837755838098,-90764.20843722644,-8.230023548689518e-05,0.018118111406026233,-0.00019743299939744828,0.043049024270587814,9.192862621124892e-06,0.9953465919073458,-1.8569261698830364e-06,-0.012720382487612886,-1.2434066566693723e-06,9.702081524962276,-1.8569026170194358e-06,-0.012720372312656898,-1.2434140426610244e-06,9.702081290581729,0.5,0.0,0.0,1.0,0.0,0.0,0.0
29.700000000000003,169.23788014352579,-0.000596946621648604,7.319281737428769,4.401000982976278e-05,-6.869836321692255e-05,-5.4831947264651766e-05,-0.44625241787949926,0.7719244951833427,0.4315780386023832,0.13686398309548894,1281470.0342529933,-5003625.029744678,3734592.471374125,0.6292141936396778,-1.3200769642123773,3051.100536734797,0.0,-0.0017361148553533983,0.0432225227812491,0.7855752043381105,-1.9541176176781973e-08,-5.215918319106801e-07,1.9861207655263666e-09,-1.9626994600188173e-08,-5.215944907589238e-07,1.0787199690627314e-09,328.3805347947972,0.9044845640161101,69667.14240448957,268.3273609740867,0.5158529881458761,0.04322154969687366,-3.5239695110829356e-06,169.39608012283696,12977.106736328846,9.788871193909543,119.75134392316515,119.81088260065472,-0.00017482147915792682,3925.5731156272486,0.8382848941292699,-90764.23026579215,-7.888870900387652e-05,0.017659846518357385,-0.00020069508283880944,0.04304897149656762,9.1928748874183e-06,0.9953468312857182,-1.856866320486237e-06,-0.012720383852207915,-1.243419052874167e-06,9.702076541653476,-1.8568427840796162e-06,-0.012720373660455605,-1.2434264337420507e-06,9.702076307012403,0.5,0.0,0.0,1.0,0.0,0.0,0.0
29.8,169.23788021038436,-0.0005969468542929483,7.3192844347336194,4.40091678998903e-05,-6.866620168456538e-05,-5.4831980805591696e-05,-0.44625176015950313,0.7719243735641368,0.4315791740700213,0.1368632330510696,1281479.8922461031,-5003615.230082223,3734602.153156377,0.6292160763483481,-1.3200746445945386,3051.1005536479256,0.0,-0.001736116849674715,0.0432224719931906,0.7855752045411879,-2.032706918255056e-08,-4.894874100631228e-07,2.066448966511739e-09,-2.0416358407636122e-08,-4.894902566253364e-07,1.2147089909881137e-09,328.38053472757304,0.9044845624434862,69667.14225498424,268.3273608642576,0.5158529888097989,0.04322156558801463,-3.5239708806438707e-06,169.39608030617853,12977.106741856489,9.788871286823257,119.75134401498961,119.81088276811155,-0.00016352631211713473,3925.568693881096,0.8382860521705513,-90764.25449000223,-7.542881134249206e-05,0.017272936773039323,-0.00020388720989573326,0.043048923006418924,9.192887586834318e-06,0.9953470969354206,-1.8568086648091632e-06,-0.0127203851039693,-1.2434310517976134e-06,9.702071776827884,-1.8567849758156912e-06,-0.012720374912607278,-1.2434384802985508e-06,9.702071542123452,0.5,0.0,0.0,1.0,0.0,0.0,0.0
29.900000000000002,169.2378802561886,-0.0005969471275680411,7.319287410597866,4.400835062504036e-05,-6.863466692890084e-05,-5.483201775155923e-05,-0.4462511030941877,0.7719242517449176,0.4315803088199793,0.13686248424646444,1281489.7502117937,-5003605.430378427,3734611.8349247323,0.6292179590569859,-1.3200723249735367,3051.1005694459504,0.0,-0.0017361189212003357,0.04322242437956901,0.7855752047521618,-2.1088550617679536e-08,-4.579985948757923e-07,2.144304030517044e-09,-2.118120378141855e-08,-4.580016239352218e-07,1.3471585161877315e-09,328.38053466478107,0.9044845609745472,69667.142115336,268.32736076166975,0.5158529894393563,0.043221583127416634,-3.523972490248488e-06,169.39608048052148,12977.106747493015,9.788871379740517,119.75134409879243,119.81088293086178,-0.00015248967453699647,3925.564659962602,0.8382872507257808,-90764.28088223022,-7.230249181965027e-05,0.016684860208955318,-0.00020701176160878667,0.043048878769300636,9.192900730538026e-06,0.9953473863602349,-1.8567519387393506e-06,-0.012720385922679853,-1.2434430428459747e-06,9.702067231926865,-1.8567282748594788e-06,-0.012720375677910664,-1.243450463738812e-06,9.702066996159717,0.5,0.0,0.0,1.0,0.0,0.0,0.0
30.0,169.2378802824412,-0.0005969474407145387,7.31929063176352,4.400755622901581e-05,-6.860389409482779e-05,-5.4832058053204563e-05,-0.4462504466696401,0.7719241297297839,0.431581442867855,0.13686173665478238,1281499.6081500694,-5003595.63063331,3734621.516679207,0.629219841765591,-1.320070005349372,3051.10058415588,0.0,-0.0017361210676032392,0.043222379871815535,0.7855752049708004,-2.182749664174581e-08,-4.273103166681162e-07,2.2200576813335937e-09,-2.1923422943835472e-08,-4.27313523374066e-07,1.4761188638735346e-09,328.38053460631386,0.904484559606782,69667.14198530607,268.3273606661476,0.5158529900349127,0.04322160211854703,-3.5239743354127967e-06,169.39608064593014,12977.106753212256,9.788871472661233,119.7513441746993,119.81088308887097,-0.0001417332429181073,3925.5609903113254,0.8382884906564023,-90764.30905706872,-6.954162589134323e-05,0.016362563847285367,-0.00021007533617374465,0.04304883852684213,9.192914327976263e-06,0.9953476953336723,-1.8566960202501012e-06,-0.01272038676264442,-1.2434550463182093e-06,9.702062912661422,-1.856672479142031e-06,-0.012720376633065095,-1.2434624286533662e-06,9.70206267936797,0.5,0.0,0.0,1.0,0.0,0.0,0.0
30.1,169.2378802904515,-0.0005969477932725072,7.319294068061141,4.4006783450712466e-05,-6.857381929023468e-05,-5.4832101677940494e-05,-0.4462497908735962,0.7719240075223626,0.4315825762272758,0.1368609902525468,1281509.4660608047,-5003585.830846697,3734631.1984197493,0.6292217244741631,-1.3200676857220288,3051.100597801929,0.0,-0.0017361232870756567,0.04322233840994375,0.7855752051969214,-2.254505019335489e-08,-3.973059882385563e-07,2.2935443759083883e-09,-2.2644151681379464e-08,-3.9730936762890686e-07,1.6016270585626464e-09,328.38053455207535,0.9044845583379391,69667.14186468044,268.3273605775341,0.515852990596633,0.04322162238313822,-3.5239764134215623e-06,169.39608080240905,12977.106758982607,9.788871565585348,119.75134424278126,119.81088324207431,-0.00013127705356493386,3925.5576781524837,0.8382897693833423,-90764.3389137079,-6.663961118509682e-05,0.015767333839756204,-0.00021308134907687814,0.04304880220474919,9.192928350866163e-06,0.995348022750223,-1.8566418984430343e-06,-0.012720387100198557,-1.2434667387652598e-06,9.702058808451493,-1.856618485104003e-06,-0.012720377021151516,-1.2434740811754704e-06,9.70205857635445,0.5,0.0,0.0,1.0,0.0,0.0,0.0
30.200000000000003,169.23788028169483,-0.0005969481840088604,7.319297689024349,4.400603037364593e-05,-6.854463200848609e-05,-5.4832148567365115e-05,-0.4462491356873837,0.7719238851282532,0.4315837089188334,0.13686024500424854,1281519.3239441363,-5003576.031018814,3734640.880146445,0.6292236071827022,-1.320065366091523,3051.100610421039,0.0,-0.001736125577171304,0.04322229990310439,0.7855752054302801,-2.3243105631242528e-08,-3.6815230514441654e-07,2.365116152776099e-09,-2.3345299564732782e-08,-3.681558526164365e-07,1.7237454074543029e-09,328.3805345019185,0.9044845571645833,69667.14175313253,268.3273604955892,0.5158529911252281,0.04322164374112889,-3.5239787169922e-06,169.3960809501158,12977.106764778924,9.788871658512734,119.75134430322831,119.81088339050496,-0.00012113621857334755,3925.554712411681,0.8382910911881435,-90764.37018480404,-6.448621857791085e-05,0.014956273952104603,-0.00021603292974737526,0.04304876968157677,9.19294284616036e-06,0.9953483656781182,-1.8565880978949744e-06,-0.012720387096814828,-1.2434785769650126e-06,9.702054925502893,-1.856564432626658e-06,-0.012720376923734731,-1.2434859982114966e-06,9.70205469116239,0.5,0.0,0.0,1.0,0.0,0.0,0.0
30.3,169.23788025749312,-0.0005969486124924693,7.319301466612358,4.400529615888102e-05,-6.851623525178654e-05,-5.483219867308535e-05,-0.44624848109295173,0.7719237625529196,0.43158484096216565,0.13685950087604282,1281529.1818000705,-5003566.231149681,3734650.561859312,0.6292254898912087,-1.3200630464578542,3051.1006220420823,0.0,-0.0017361279360593007,0.043222264264442464,0.7855752056706913,-2.3922571402917225e-08,-3.398139409507473e-07,2.434762533743011e-09,-2.4027774589294648e-08,-3.398176519367696e-07,1.8425247742603424e-09,328.38053445572865,0.9044845560840302,69667.14165040712,268.3273604201254,0.51585299162121,0.04322166602680262,-3.5239812435773447e-06,169.39608108915945,12977.106770579403,9.788871751443304,119.75134435618344,119.81088353417425,-0.00011132409670455701,3925.5520610165795,0.8382924496308543,-90764.40256215115,-6.190932031805408e-05,0.014331243483569213,-0.0002189330519768026,0.043048740605610335,9.192957743236485e-06,0.9953487207374822,-1.8565359415620195e-06,-0.01272038711810417,-1.2434901304454595e-06,9.702051256586971,-1.856512522476467e-06,-0.01272037694172497,-1.2434974748500357e-06,9.702051022332924,0.5,0.0,0.0,1.0,0.0,0.0,0.0
30.400000000000002,169.2378802190562,-0.0005969490779238791,7.319305375426773,4.400457931738349e-05,-6.848876413041176e-05,-5.483225197104687e-05,-0.446247827075367,0.7719236398008675,0.4315859723735166,0.13685875783994586,1281539.0396284815,-5003556.431239131,3734660.243558302,0.6292273725996816,-1.3200607268210078,3051.1006326951706,0.0,-0.0017361303622280663,0.043222231422132794,0.7855752059180036,-2.4584911064008893e-08,-3.1239362499665435e-07,2.502689444281354e-09,-2.4693049209084624e-08,-3.1239749513137104e-07,1.9579925415547016e-09,328.3805344133861,0.9044845550934801,69667.14155623807,268.3273603509473,0.5158529920851059,0.04322168909005588,-3.5239839884552395e-06,169.39608121965134,12977.106776360934,9.788871844376963,119.75134440178195,119.81088367310441,-0.00010185394795136904,3925.5497193293645,0.8382938488409778,-90764.43587357983,-5.9737744870675896e-05,0.013733056852838618,-0.00022178327397664224,0.04304871492599026,9.192973087379864e-06,0.9953490860402548,-1.8564848252444154e-06,-0.012720387043136607,-1.2435015886681746e-06,9.702047804109025,-1.85646104442002e-06,-0.012720376846165072,-1.243509045868572e-06,9.70204756919089,0.5,0.0,0.0,1.0,0.0,0.0,0.0
30.5,169.2378801677283,-0.0005969495795290676,7.319309389659617,4.4003878592732224e-05,-6.846228300685563e-05,-5.4832308404704884e-05,-0.4462471736121504,0.771923516878955,0.4315871031771846,0.13685801585406654,1281548.8974295082,-5003546.631287389,3734669.9252435025,0.6292292553081216,-1.3200584071809982,3051.100642422214,0.0,-0.0017361328537059,0.04322220126853531,0.78557520617202,-2.523128687013671e-08,-2.859753852633277e-07,2.569105326722939e-09,-2.534229468673834e-08,-2.8597941041633194e-07,2.070211071776713e-09,328.3805343747243,0.9044845541890358,69667.14147025488,268.3273602877826,0.5158529925178716,0.043221712778335204,-3.5239869470518404e-06,169.39608134181933,12977.106782102514,9.788871937313592,119.75134444024987,119.81088380739168,-9.273338040690278e-05,3925.547677305775,0.8382952885404275,-90764.46994193201,-5.792991857443286e-05,0.013018879926573355,-0.00022458748491823572,0.043048692532568274,9.192988875540916e-06,0.9953494596436698,-1.8564337739105373e-06,-0.012720386607484336,-1.2435132428655681e-06,9.70204456168043,-1.8564099927155467e-06,-0.012720376433857043,-1.2435207004215886e-06,9.702044327236974,0.5,0.0,0.0,1.0,0.0,0.0,0.0
30.6,169.2378801046593,-0.0005969501167909712,7.319313486428068,4.400319368160071e-05,-6.84367052892124e-05,-5.483236792420625e-05,-0.44624652068343484,0.7719233937932551,0.4315882333945395,0.13685727488157984,1281558.7552031563,-5003536.831294483,3734679.6069149333,0.6292311380165281,-1.3200560875378264,3051.10065125674,0.0,-0.0017361354089611468,0.04322217370891323,0.7855752064325827,-2.5862127463250512e-08,-2.6045085060528645e-07,2.6338738810042374e-09,-2.5975933775274952e-08,-2.604550265730758e-07,2.1792323373162636e-09,328.38053433960994,0.90448455336758,69667.14139216118,268.32736023041366,0.5158529929202037,0.04322173695638876,-3.5239901163114225e-06,169.39608145582352,12977.106787783943,9.788872030253083,119.75134447175502,119.81088393709481,-8.396925711284808e-05,3925.545917912761,0.8382967643659986,-90764.50463296853,-5.5831273263716086e-05,0.012039353590592557,-0.00022734576329708848,0.043048673238555026,9.193005059871477e-06,0.9953498400756217,-1.856384355412447e-06,-0.012720385706779401,-1.2435245972290447e-06,9.702041519517712,-1.856360604248687e-06,-0.012720375509333377,-1.243532045262163e-06,9.702041284671884,0.5,0.0,0.0,1.0,0.0,0.0,0.0
30.700000000000003,169.2378800309586,-0.0005969506891189829,7.319317644253292,4.400252317997766e-05,-6.841212540247376e-05,-5.4832430511311895e-05,-0.44624586827128077,0.77192327054926,0.43158936304478307,0.13685653488940777,1281568.612949301,-5003527.031260244,3734689.288572548,0.629233020724901,-1.3200537678914768,3051.100659229172,0.0,-0.0017361380267950067,0.04322214865807266,0.7855752066995736,-2.6478734590582926e-08,-2.3594469892162844e-07,2.697235081801659e-09,-2.659527859131305e-08,-2.3594902172903603e-07,2.2850796293613024e-09,328.3805343079222,0.9044845526262839,69667.14132168806,268.327360178643,0.5158529932928412,0.04322176149725544,-3.5239934927436913e-06,169.39608156184417,12977.106793392259,9.788872123195336,119.75134449647125,119.81088406229505,-7.556865322448174e-05,3925.5444170764636,0.8382982780660901,-90764.53964720092,-5.3777543540944685e-05,0.011315049099879947,-0.0002300602390586324,0.043048656779949596,9.193021659544995e-06,0.9953502240518328,-1.8563355545529233e-06,-0.01272038496248776,-1.2435359644237838e-06,9.702038682362296,-1.8563121335018952e-06,-0.012720374827331389,-1.2435433094172676e-06,9.702038449007357,0.5,0.0,0.0,1.0,0.0,0.0,0.0
30.8,169.2378799477847,-0.0005969512957221009,7.319321842463159,4.4001865979275174e-05,-6.83885721275918e-05,-5.4832496113814946e-05,-0.44624521635210124,0.771923147154211,0.4315904921532215,0.1368557958339258,1281578.4706680814,-5003517.231184899,3734698.9702164344,0.6292349034332403,-1.3200514482419647,3051.1006663817293,0.0,-0.0017361407055139682,0.04322212600373605,0.7855752069728215,-2.708223224576648e-08,-2.1244640516798353e-07,2.759227401946383e-09,-2.7201454791133755e-08,-2.1245087092242476e-07,2.3878096540345512e-09,328.3805342794931,0.9044845519612216,69667.1412584623,268.3273601321963,0.5158529936368524,0.043221786278719435,-3.5239970716736086e-06,169.39608166014554,12977.106798911624,9.788872216140225,119.75134451463947,119.81088418312522,-6.753325219991771e-05,3925.5431646806837,0.8382998313319128,-90764.57488416691,-5.2106292038846704e-05,0.010584020727209972,-0.00023273419526698383,0.04304864304581483,9.193038693107778e-06,0.9953506104706055,-1.8562873933029617e-06,-0.012720384164613619,-1.2435473297897059e-06,9.702036042804432,-1.8562638447986028e-06,-0.012720374018243323,-1.2435547145138306e-06,9.702035809188523,0.5,0.0,0.0,1.0,0.0,0.0,0.0
30.900000000000002,169.2378798561416,-0.0005969519360199981,7.319326062689295,4.400122253843995e-05,-6.83660029167891e-05,-5.483256467284333e-05,-0.44624456490502823,0.7719230236145233,0.4315916207421511,0.13685505767671496,1281588.3283595035,-5003507.431068476,3734708.651846613,0.629236786141546,-1.3200491285892901,3051.1006727498025,0.0,-0.001736143443805866,0.04322210564692212,0.7855752072521901,-2.7672173729269924e-08,-1.8991739298248867e-07,2.8198467477059533e-09,-2.7794015498578805e-08,-1.8992199784240702e-07,2.4874852919313877e-09,328.38053425418207,0.9044845513691026,69667.14120217107,268.32736009084385,0.515852993953096,0.04322181119219146,-3.5240008496709615e-06,169.39608175093701,12977.106804326904,9.788872309087642,119.75134452645301,119.81088429968821,-5.986468155327884e-05,3925.5421465972677,0.8383014208513763,-90764.61021419932,-5.052177197956874e-05,0.009800810898838998,-0.0002353643184496384,0.043048631881217284,9.193056124238486e-06,0.9953509979099712,-1.8562399548689702e-06,-0.012720383243136922,-1.243558670331296e-06,9.702033593480202,-1.856216346800923e-06,-0.012720373028645952,-1.2435660735356964e-06,9.702033358239406,0.5,0.0,0.0,1.0,0.0,0.0,0.0
31.0,169.23787975698136,-0.0005969526093703681,7.319330287787384,4.400059144118941e-05,-6.834446399374366e-05,-5.4832636170492864e-05,-0.44624391391120255,0.7719228999360003,0.431592748831637,0.136854320383212,1281598.186023443,-5003497.630910808,3734718.3334630392,0.6292386688498177,-1.3200468089334383,3051.1006783672296,0.0,-0.0017361462406493325,0.04322208749849438,0.7855752075375774,-2.8249902441325864e-08,-1.6843975738554288e-07,2.879258501626405e-09,-2.8374311260068016e-08,-1.68444497672509e-07,2.584129238818513e-09,328.38053423185465,0.9044845508467805,69667.14115251525,268.3273600543659,0.5158529942424238,0.04322183613631475,-3.5240048229396284e-06,169.39608183442897,12977.106809625195,9.788872402037484,119.7513445320988,119.8108844120948,-5.2565011319375866e-05,3925.541353793756,0.8383030458112791,-90764.64549364395,-4.898294364795732e-05,0.008972084746430064,-0.00023795108318719284,0.0430486231871044,9.193073944019314e-06,0.9953513847945769,-1.856193209521883e-06,-0.01272038207458802,-1.243569993552305e-06,9.7020313299848,-1.856169620990598e-06,-0.012720371868576745,-1.2435773907890908e-06,9.702031095085117,0.5,0.0,0.0,1.0,0.0,0.0,0.0
31.1,169.23787965130128,-0.0005969533152343531,7.319334501388699,4.399997236088933e-05,-6.832392176947473e-05,-5.483271054622825e-05,-0.44624326334636283,0.771922776126126,0.4315938764475596,0.1368535839088061,1281608.0436600382,-5003487.830712122,3734728.0150658004,0.6292405515580559,-1.320044489274424,3051.100683273127,0.0,-0.0017361490945986136,0.04322207144349153,0.7855752078288357,-2.8815750398404075e-08,-1.479651344282377e-07,2.9374440627028797e-09,-2.8942673288480176e-08,-1.4797000650443294e-07,2.6778068726583986e-09,328.3805342123553,0.9044845503906181,69667.14110914909,268.32736002250834,0.5158529945059607,0.043221861014295246,-3.524008988292543e-06,169.39608191091054,12977.106814798608,9.788872494989626,119.75134453182612,119.8108845205046,-4.563116399462304e-05,3925.5407605431833,0.8383047052478716,-90764.68054932712,-4.733161921609812e-05,0.008313813735144317,-0.0002404974104868999,0.04304861668134684,9.193092141881502e-06,0.9953517692253493,-1.8561476785509548e-06,-0.012720381016361316,-1.2435811254121498e-06,9.702029246235963,-1.8561239487137614e-06,-0.012720370864470518,-1.2435885669904454e-06,9.702029012213703,0.5,0.0,0.0,1.0,0.0,0.0,0.0
31.200000000000003,169.23787953999164,-0.0005969540529375735,7.319338688905652,4.399936466629335e-05,-6.830441516979611e-05,-5.4832787758859154e-05,-0.4462426131892372,0.77192265219146,0.4315950036125633,0.13685284821447566,1281617.9012692964,-5003478.030472446,3734737.6966549163,0.6292424342662599,-1.3200421696122475,3051.100687504746,0.0,-0.0017361520044768305,0.04322205738130274,0.7855752081258465,-2.937056585780302e-08,-1.2851625750341602e-07,2.9944849420501505e-09,-2.9499953363216676e-08,-1.2852125783813086e-07,2.768560154778845e-09,328.38053419553603,0.9044845499971518,69667.14107174326,268.32735999502944,0.515852994744728,0.04322188573987102,-3.524013341743235e-06,169.39608198064082,12977.106819837149,9.788872587943956,119.75134452585596,119.81088462506311,-3.906070890113944e-05,3925.5403593243,0.8383063993969082,-90764.71529304604,-4.573251480260402e-05,0.007706276210461487,-0.0002430039092942799,0.043048612281464387,9.193110720410404e-06,0.9953521502350315,-1.8561023718628785e-06,-0.012720380004710279,-1.2435923744845345e-06,9.702027338013433,-1.856078949980049e-06,-0.012720369847183579,-1.2435997191676915e-06,9.702027103987712,0.5,0.0,0.0,1.0,0.0,0.0,0.0
31.3,169.23787942387,-0.0005969548220971453,7.319342836726704,4.399876802324546e-05,-6.828592707769467e-05,-5.483286777778012e-05,-0.4462419634201915,0.7719225281380708,0.43159613034742805,0.13685211326442923,1281627.7588510928,-5003468.230191614,3734747.378230343,0.6292443169744297,-1.3200398499468937,3051.1006910977885,0.0,-0.001736154969438634,0.043222045219516315,0.7855752084285226,-2.9914240373416655e-08,-1.1007127787787506e-07,3.0503847730371718e-09,-3.004604319526451e-08,-1.1007640297962052e-07,2.856430642861443e-09,328.3805341812548,0.904484549663062,69667.14103998219,268.32735997169726,0.5158529949596454,0.043221910232555276,-3.5240178810266574e-06,169.3960820438485,12977.10682472823,9.788872680900367,119.75134451438129,119.81088472590099,-3.285162598102661e-05,3925.5401493680224,0.8383081288025622,-90764.74971953174,-4.437840940771249e-05,0.006714870796218113,-0.0002454705850237364,0.04304860997902305,9.193129685573583e-06,0.9953525277658424,-1.856057927283306e-06,-0.01272037841494178,-1.2436035383773703e-06,9.702025593451609,-1.8560342608083245e-06,-0.012720368193957419,-1.2436109599063256e-06,9.702025358083782,0.5,0.0,0.0,1.0,0.0,0.0,0.0
31.400000000000002,169.23787930374706,-0.0005969556220542356,7.3193469328345095,4.399818259331252e-05,-6.826841265908124e-05,-5.4832950537542977e-05,-0.4462413140159724,0.7719224039731384,0.43159725667693044,0.13685137901595876,1281637.616405565,-5003458.429869848,3734757.059792166,0.6292461996825655,-1.3200375302783778,3051.1006940867132,0.0,-0.0017361579881533923,0.043222034848046875,0.7855752087367269,-3.0446866869367345e-08,-9.26384483331166e-08,3.105224019351987e-09,-3.0581039185493145e-08,-9.264369483751536e-08,2.9414843909003422e-09,328.3805341693748,0.9044845493851444,69667.14101356128,268.327359952288,0.515852995151813,0.043221934421265186,-3.5240226022474595e-06,169.3960821008243,12977.106829470413,9.788872773858747,119.75134449764514,119.81088482318611,-2.6997308319268956e-05,3925.540095412767,0.8383098908322535,-90764.78355604038,-4.299722288094149e-05,0.006114416623198155,-0.0002478967189937347,0.0430486093873341,9.1931490085014e-06,0.995352898826794,-1.8560140414047533e-06,-0.012720377151267486,-1.24361471044189e-06,9.702024011969387,-1.8559904024672456e-06,-0.012720367035669516,-1.2436221238202321e-06,9.702023778790622,0.5,0.0,0.0,1.0,0.0,0.0,0.0
31.5,169.23787918035322,-0.0005969564519798313,7.319350966568161,4.3997607334696456e-05,-6.825190753304468e-05,-5.483303600165006e-05,-0.44624066495624265,0.7719222797029371,0.43159838262270467,0.13685064543178427,1281647.4739327203,-5003448.629507178,3734766.7413404062,0.6292480823906669,-1.3200352106067,3051.1006965087727,0.0,-0.0017361610595259065,0.04322202617075919,0.7855752090503485,-3.0969535696446437e-08,-7.61874648458934e-08,3.1589898841800625e-09,-3.110603113178474e-08,-7.619282941202852e-08,3.0237612204419336e-09,328.3805341597479,0.9044845491599355,69667.14099215124,268.32735993655984,0.515852995322283,0.043221958242938424,-3.5240275005061114e-06,169.39608215183725,12977.10683405523,9.788872866818982,119.75134447586937,119.81088491707746,-2.149215346758382e-05,3925.5402008868723,0.8383116852506497,-90764.81684868151,-4.174903723969044e-05,0.005355531159690576,-0.0002502816635019384,0.04304861054399368,9.193168686613135e-06,0.9953532639235372,-1.855970659052962e-06,-0.012720375716856774,-1.243625910632275e-06,9.702022585306999,-1.855946987355669e-06,-0.01272036558209913,-1.2436333342463475e-06,9.702022351794056,0.5,0.0,0.0,1.0,0.0,0.0,0.0
31.6,169.237879054373,-0.000596957311619566,7.319354927561742,4.399704280237843e-05,-6.82363452449862e-05,-5.483312412505074e-05,-0.4462400162215149,0.7719221553335018,0.4315995082053243,0.13684991247647152,1281657.3314324336,-5003438.829103434,3734776.4228750183,0.6292499650987341,-1.3200328909318448,3051.100698395632,0.0,-0.0017361641828172404,0.04322201909611313,0.7855752093693094,-3.148164120501657e-08,-6.068691552251238e-08,3.21167760606041e-09,-3.162041317876922e-08,-6.069239484853736e-08,3.1033109047278496e-09,328.3805341522483,0.9044845489844907,69667.14097547215,268.32735992430713,0.5158529954719715,0.04322198163626418,-3.5240325742960967e-06,169.39608219712332,12977.106838476591,9.788872959780978,119.75134444924652,119.81088500771618,-1.6331040677700947e-05,3925.540450988926,0.838313509703583,-90764.84950316185,-4.033409121043836e-05,0.004506459306722618,-0.00025262453515316675,0.043048613286685224,9.1931886940923e-06,0.9953536220220242,-1.8559282820679121e-06,-0.012720374059815874,-1.2436369793496137e-06,9.702021304133838,-1.8559046411343243e-06,-0.012720363940502197,-1.2436443931598828e-06,9.702021070990469,0.5,0.0,0.0,1.0,0.0,0.0,0.0
31.700000000000003,169.23787892654028,-0.0005969582002521085,7.319358806630279,4.39964872804897e-05,-6.822182200566609e-05,-5.48332148703638e-05,-0.44623936778921125,0.7719220308718103,0.431600633448822,0.1368491801085899,1281667.1889048428,-5003429.028658843,3734786.104396088,0.6292518478067669,-1.3200305712538276,3051.100699785476,0.0,-0.0017361673567788173,0.04322201351729772,0.7855752096934858,-3.1984911321782436e-08,-4.6196499508422814e-08,3.2634326273177445e-09,-3.212591953743597e-08,-4.620209045477304e-08,3.1801750954648555e-09,328.3805341467241,0.9044845488552595,69667.14096318648,268.3273599152819,0.5158529956021414,0.04322200454688404,-3.5240378193521655e-06,169.39608223701887,12977.106842735086,9.788873052744615,119.75134441804643,119.81088509530817,-1.1505084665704509e-05,3925.5408308198034,0.8383153666422145,-90764.88140658186,-3.908767170033051e-05,0.003723231138667404,-0.0002549311785015282,0.043048617452020606,9.193209057819038e-06,0.9953539718841661,-1.8558861574175489e-06,-0.012720372560337688,-1.2436481390096681e-06,9.702020168541987,-1.8558625856396221e-06,-0.012720362336233205,-1.2436555307421833e-06,9.702019933098214,0.5,0.0,0.0,1.0,0.0,0.0,0.0
31.8,169.23787879744114,-0.0005969591175970104,7.319362595871342,4.399594190681265e-05,-6.820817795946304e-05,-5.483330817514548e-05,-0.4462387196388271,0.7719219063242109,0.4316017583749144,0.136848448290722,1281677.0463499543,-5003419.228173428,3734795.7859036326,0.6292537305147651,-1.3200282515726487,3051.100700709969,0.0,-0.0017361705804969832,0.04322200933772706,0.7855752100227806,-3.247800906336075e-08,-3.262380588671326e-08,3.314164204482465e-09,-3.262120930343481e-08,-3.262950529568491e-08,3.254423567750921e-09,328.38053414304954,0.9044845487692978,69667.14095501434,268.32735990927847,0.5158529957137332,0.04322202692804144,-3.5240432340136643e-06,169.39608227176797,12977.106846825873,9.788873145709795,119.75134438246758,119.81088518000016,-7.0058445089671295e-06,3925.5413228563257,0.8383172530351201,-90764.91247961961,-3.767540183415806e-05,0.0031176889575093383,-0.00025719924271508604,0.04304862284783559,9.193229744549875e-06,0.9953543126400958,-1.855845062107246e-06,-0.012720371111540035,-1.2436591453071498e-06,9.702019164664808,-1.8558215684171775e-06,-0.012720360944621863,-1.2436665130637105e-06,9.70201893047005,0.5,0.0,0.0,1.0,0.0,0.0,0.0
31.900000000000002,169.2378786675722,-0.0005969600627838584,7.319366288899194,4.399540684366731e-05,-6.819541440643811e-05,-5.483340399701738e-05,-0.4462380717534453,0.7719217816959185,0.4316028830015459,0.13684771699196246,1281686.9037676426,-5003409.427647018,3734805.467397607,0.629255613222729,-1.3200259318882925,3051.100701197982,0.0,-0.0017361738531617712,0.04322200647764296,0.7855752103571085,-3.296096314296928e-08,-1.9935591875273306e-08,3.3638573727892535e-09,-3.310631054333349e-08,-1.9941396613292617e-08,3.326099079612717e-09,328.3805341411098,0.9044845487239213,69667.14095070049,268.32735990610945,0.5158529958075982,0.043222048741947856,-3.524048813137681e-06,169.3960823015908,12977.106850744172,9.788873238676429,119.75134434268722,119.81088526192626,-2.8262107030958813e-06,3925.5419247721798,0.8383191682418004,-90764.94271855926,-3.6461854007262154e-05,0.0025031947920464426,-0.0002594220948912421,0.04304862944861914,9.19325074726091e-06,0.9953546442490642,-1.8558043514015388e-06,-0.012720369595835848,-1.2436702189667511e-06,9.702018288870098,-1.8557808879415041e-06,-0.01272035950076898,-1.2436775773643575e-06,9.702018056297035,0.5,0.0,0.0,1.0,0.0,0.0,0.0
32.0,169.2378785375267,-0.0005969610351434501,7.319369879566063,4.399488060616443e-05,-6.818358141118071e-05,-5.48335022927599e-05,-0.44623742411206635,0.7719216569934232,0.4316040073510706,0.13684698617377514,1281696.7611580444,-5003399.627079836,3734815.1488780924,0.6292574959306582,-1.3200236122007747,3051.1007012849054,0.0,-0.0017361771736095811,0.04322200483769675,0.7855752106963522,-3.343524858600453e-08,-8.149566066866582e-09,3.4125905393961607e-09,-3.358270167025642e-08,-8.155473109650747e-09,3.3952492124055093e-09,328.3805341407643,0.9044845487158389,69667.14094993213,268.327359905545,0.5158529958849533,0.04322206995219356,-3.5240545527668915e-06,169.39608232681448,12977.106854492882,9.788873331644409,119.75134429896389,119.8108853412907,1.0444783947368768e-06,3925.5426237092884,0.8383211111172366,-90764.97206841658,-3.518456609035251e-05,0.0019035923120026726,-0.0002616044585408086,0.04304863711336586,9.193272053395533e-06,0.9953549661080981,-1.8557644503459519e-06,-0.012720368182129927,-1.2436812131098455e-06,9.702017536406446,-1.8557409417527817e-06,-0.012720358040565675,-1.2436885854234634e-06,9.702017302828258,0.5,0.0,0.0,1.0,0.0,0.0,0.0
32.1,169.23787840771107,-0.000596962033979164,7.319373363609741,4.399436482582323e-05,-6.81725848954588e-05,-5.4833602983052535e-05,-0.4462367766971973,0.7719215322221168,0.43160513144210855,0.13684625580407794,1281706.6185211665,-5003389.826471904,3734824.830345108,0.6292593786385529,-1.320021292510095,3051.10070099961,0.0,-0.001736180540875739,0.04322200433516493,0.7855752110404075,-3.3899157083809084e-08,2.796733289474991e-09,3.460339280722443e-09,-3.404867332013512e-08,2.7907269144515027e-09,3.461958002951395e-09,328.3805341418983,0.9044845487423665,69667.14095245402,268.32735990739764,0.5158529959466541,0.043222090533537226,-3.5240604487842995e-06,169.39608234766078,12977.106858067478,9.788873424613646,119.75134425147654,119.8108854182282,4.6159600461948e-06,3925.543415832417,0.8383230807922398,-90765.00053418387,-3.418774846770876e-05,0.0011752732812714062,-0.00026373932895917325,0.04304864580001746,9.193293653421968e-06,0.9953552782719449,-1.8557247134150616e-06,-0.01272036653046317,-1.243692344466287e-06,9.702016897168129,-1.8557011953208703e-06,-0.012720356363490976,-1.2436997195921849e-06,9.702016662881457,0.5,0.0,0.0,1.0,0.0,0.0,0.0
32.2,169.2378782786477,-0.0005969630589658536,7.3193767353826065,4.399385736958455e-05,-6.816245562978214e-05,-5.483370605930921e-05,-0.44623612949088765,0.7719214073875569,0.4316062552936096,0.1368455258502282,1281716.4758568823,-5003380.025823052,3734834.5117986063,0.6292612613464127,-1.3200189728162384,3051.100700371278,0.0,-0.0017361839542752466,0.04322200488572323,0.7855752113892088,-3.4354727357907844e-08,1.2861709009996262e-08,3.5071895585747098e-09,-3.450626792864821e-08,1.2855606188862405e-08,3.526239105703833e-09,328.3805341443957,0.9044845488007903,69667.14095800824,268.3273599114778,0.5158529959937296,0.04322211045253697,-3.5240664992646774e-06,169.39608236440773,12977.106861471619,9.78887351758405,119.75134420043983,119.8108854929172,7.896853550922511e-06,3925.5442848092553,0.8383250760991002,-90765.02801651756,-3.299435200307447e-05,0.0005421903392719356,-0.00026583418707672857,0.04304865532946909,9.193315534534771e-06,0.9953555796511742,-1.8556861026700112e-06,-0.012720364933410807,-1.2437032911333838e-06,9.702016366966047,-1.85566241743673e-06,-0.012720354793652848,-1.2437107189652882e-06,9.702016133272197,0.5,0.0,0.0,1.0,0.0,0.0,0.0
32.300000000000004,169.23787815070364,-0.0005969641095964277,7.319379992093656,4.3993359680285864e-05,-6.815307435738038e-05,-5.483381143764213e-05,-0.44623548247473394,0.7719212824954191,0.4316073789252127,0.1368447962783725,1281726.3331653299,-5003370.225133496,3734844.1932386667,0.6292631440542376,-1.32001665311922,3051.100699428469,0.0,-0.0017361874126942934,0.043222006402140266,0.7855752117426373,-3.480077577688716e-08,2.2184148621036867e-08,3.552983873442016e-09,-3.4954295058893216e-08,2.217795230396001e-08,3.5881761215452896e-09,328.3805341481431,0.904484548888455,69667.14096634228,268.3273599176002,0.5158529960271068,0.04322212969263836,-3.5240727012093834e-06,169.39608237730127,12977.106864704887,9.788873610555532,119.75134414605081,119.81088556550864,1.0899131320426223e-05,3925.5452201923345,0.8383270951426198,-90765.05452981747,-3.151481021134987e-05,-9.531637253310158e-05,-0.0002678869517973303,0.04304866558715079,9.193337675950652e-06,0.9953558704036983,-1.8556485466474987e-06,-0.012720363342404374,-1.243714077295941e-06,9.702015935901445,-1.8556248711777522e-06,-0.012720353201029199,-1.2437215018210386e-06,9.702015702303436,0.5,0.0,0.0,1.0,0.0,0.0,0.0
32.4,169.23787802425664,-0.0005969651850744581,7.319383131079356,4.399287111255974e-05,-6.814453166525749e-05,-5.4833919074542446e-05,-0.4462348356325357,0.7719211575506896,0.4316085023541947,0.13684406705873778,1281736.1904465128,-5003360.42440326,3734853.8746653064,0.629265026762028,-1.3200143334190397,3051.100698199123,0.0,-0.0017361909151702637,0.04322200880768285,0.785575212100596,-3.5237761567532126e-08,3.065388266387224e-08,3.5979632704872997e-09,-3.5393224352719445e-08,3.06475955489749e-08,3.647818588567496e-09,328.3805341530293,0.9044845490027627,69667.14097720922,268.3273599255832,0.5158529960477596,0.04322214823803602,-3.5240790499113867e-06,169.3960823866038,12977.106867770217,9.788873703528008,119.75134408851432,119.81088563616882,1.3633114305022787e-05,3925.5462157195598,0.8383291399043251,-90765.0799965141,-3.0309464302920825e-05,-0.0005372733624380702,-0.0002698969556057574,0.043048676504390614,9.193360099399606e-06,0.9953561496788679,-1.8556108231911091e-06,-0.01272036194538169,-1.2437250879312362e-06,9.702015605552605,-1.8555874399353596e-06,-0.01272035186683009,-1.243732421108259e-06,9.702015373364643,0.5,0.0,0.0,1.0,0.0,0.0,0.0
32.5,169.23787789969444,-0.0005969662852048576,7.319386148974021,4.399239115160709e-05,-6.813677057265524e-05,-5.483402894013116e-05,-0.4462341889478535,0.7719210325584527,0.4316096255979207,0.13684333816141403,1281746.0477003055,-5003350.623632169,3734863.556078477,0.6292669094697833,-1.3200120137156826,3051.1006967114904,0.0,-0.001736194461055826,0.04322201202509364,0.7855752124630188,-3.566617982338655e-08,3.838845845470292e-08,3.6419571727570924e-09,-3.5823543533120936e-08,3.8382083358836696e-08,3.705200166710071e-09,328.3805341589421,0.9044845491410862,69667.1409903593,268.32735993524346,0.5158529960566008,0.0432221660687809,-3.524085544213991e-06,169.39608239255728,12977.106870666983,9.78887379650139,119.75134402801658,119.81088570505355,1.610851031378733e-05,3925.547270873004,0.8383312108041039,-90765.10452027756,-2.9301783800329686e-05,-0.0012998898890280153,-0.0002718689669655023,0.04304868807550882,9.19338280948624e-06,0.9953564186135592,-1.855573842186625e-06,-0.012720360261495606,-1.24373602516383e-06,9.702015362458488,-1.8555502333292987e-06,-0.012720350053974238,-1.2437434289081807e-06,9.702015127370057,0.5,0.0,0.0,1.0,0.0,0.0,0.0
32.6,169.23787777726753,-0.0005969674093562571,7.3193890451620085,4.3991921018231875e-05,-6.812967334735011e-05,-5.483414095575611e-05,-0.44623354240452934,0.7719209075236783,0.43161074867369315,0.13684260955657418,1281755.904926844,-5003340.822820438,3734873.2374782558,0.6292687921775039,-1.320009694009164,3051.100694986681,0.0,-0.0017361980492537135,0.04322201597757395,0.7855752128297883,-3.60848285574968e-08,4.5408767096491646e-08,3.685010884121279e-09,-3.6244052570472634e-08,4.5402306726460914e-08,3.760402381405672e-09,328.3805341657977,0.9044845493014633,69667.14100560592,268.3273599464439,0.5158529960544433,0.04322218318117813,-3.524092180385368e-06,169.39608239538526,12977.10687340129,9.788873889475612,119.75134396473578,119.81088577230099,1.8337702860193923e-05,3925.5483582898605,0.838333302959319,-90765.12792213958,-2.8028218695860507e-05,-0.0016177271367240438,-0.0002737976960925352,0.04304870000043695,9.193405752666144e-06,0.9953566752451544,-1.8555379768165772e-06,-0.012720359073722385,-1.243746779249861e-06,9.702015204717728,-1.8555142407830738e-06,-0.012720348877037551,-1.243754222914403e-06,9.702014970771058,0.5,0.0,0.0,1.0,0.0,0.0,0.0
32.7,169.23787765717267,-0.0005969685564296319,7.319391819821401,4.3991460490292266e-05,-6.81232245033836e-05,-5.4834255067422706e-05,-0.44623289598935106,0.7719207824504044,0.43161187159570974,0.1368418812197525,1281765.7621261328,-5003331.021968083,3734882.9188646576,0.6292706748851897,-1.3200073742994833,3051.100693050772,0.0,-0.0017362016787668979,0.04322202060217151,0.7855752132008001,-3.649400844030288e-08,5.1792019031365505e-08,3.727045771592107e-09,-3.665504873744509e-08,5.178547611401859e-08,3.81348071923479e-09,328.3805341734923,0.9044845494814688,69667.14102271858,268.32735995901515,0.5158529960420722,0.04322219957622785,-3.5240989519333693e-06,169.3960823952921,12977.106875969648,9.788873982450593,119.75134389883303,119.81088583803894,2.0331525241168436e-05,3925.549492197196,0.8383354153450501,-90765.1503769037,-2.6822160114816298e-05,-0.00221381944221636,-0.0002756768147736254,0.04304871243519313,9.193428917699746e-06,0.9953569214905998,-1.8555025835372184e-06,-0.012720357386377527,-1.2437575690558228e-06,9.70201512038097,-1.8554788014406356e-06,-0.012720347292800189,-1.243765026983493e-06,9.702014887768424,0.5,0.0,0.0,1.0,0.0,0.0,0.0
32.800000000000004,169.2378775397738,-0.0005969697261788525,7.319394470736566,4.3991008069675685e-05,-6.811750438416367e-05,-5.48343712538073e-05,-0.4462322496872104,0.7719206573432962,0.4316129943799567,0.13684115312341166,1281775.6192980455,-5003321.221074931,3734892.6002376303,0.6292725575928402,-1.320005054586626,3051.1006909267358,0.0,-0.001736205348942303,0.04322202582778645,0.7855752135759912,-3.689522308112344e-08,5.745751663820299e-08,3.768226286071522e-09,-3.7058042748850076e-08,5.7450893736779504e-08,3.864459363726691e-09,328.3805341819347,0.9044845496789669,69667.14104149422,268.32735997280804,0.5158529960204462,0.04322221524076983,-3.524105857399441e-06,169.3960823925456,12977.106878382443,9.788874075426264,119.7513438305112,119.81088590244332,2.209979221756705e-05,3925.5506540494507,0.8383375482991575,-90765.17176409993,-2.54408917071596e-05,-0.002670875267104145,-0.00027751451120408907,0.04304872517640139,9.193452308292118e-06,0.9953571560287867,-1.8554676493152105e-06,-0.012720356014686778,-1.2437683764837449e-06,9.702015112370619,-1.8554442692095473e-06,-0.012720345900846225,-1.2437757085476841e-06,9.702014879466553,0.5,0.0,0.0,1.0,0.0,0.0,0.0
32.9,169.23787742522572,-0.000596970917981662,7.319396998943849,4.3990564778020186e-05,-6.811240760755605e-05,-5.483448943604042e-05,-0.4462316034842265,0.7719205322066067,0.43161411704136987,0.13684042524180065,1281785.4764427168,-5003311.420141195,3734902.281597252,0.6292744403004558,-1.3200027348706072,3051.100688637855,0.0,-0.0017362090586942542,0.04322203158818657,0.7855752139552464,-3.7287309271971014e-08,6.251574476805315e-08,3.808444479772693e-09,-3.745186673223683e-08,6.250904446653652e-08,3.913422285298335e-09,328.38053419103227,0.9044845498917926,69667.14106172703,268.32735998767134,0.5158529959903184,0.04322223018087675,-3.5241128931060485e-06,169.39608238734522,12977.106880639183,9.788874168402554,119.75134375992901,119.81088596563755,2.3654751962531794e-05,3925.5518451222642,0.8383397025893212,-90765.19217634332,-2.4288317849471015e-05,-0.0033125354639951233,-0.0002793087597044815,0.043048738238050756,9.193475932861862e-06,0.9953573798753584,-1.85543337215184e-06,-0.012720354442319943,-1.2437791429517436e-06,9.702015168800799,-1.8554099509684561e-06,-0.012720344241129913,-1.2437864877549313e-06,9.702014934125831,0.5,0.0,0.0,1.0,0.0,0.0,0.0
33.0,169.23787731371308,-0.0005969721312930307,7.319399404980248,4.3990130535212905e-05,-6.810790397860591e-05,-5.483460956289545e-05,-0.44623095736747237,0.7719204070442981,0.43161523959379483,0.13683969755105935,1281795.3335601506,-5003301.619166889,3734911.9629435344,0.6292763230080365,-1.3200004151514264,3051.100686202757,0.0,-0.0017362128071347401,0.04322203782193604,0.785575214338474,-3.7670340770186685e-08,6.694954361386857e-08,3.847784116472237e-09,-3.7836598064071975e-08,6.694276837683e-08,3.960423370119083e-09,328.380534200711,0.9044845501182139,69667.14108325231,268.32736000348416,0.5158529959524375,0.04322224439966863,-3.524120055831386e-06,169.39608237989862,12977.10688274683,9.7888742613794,119.7513436872478,119.81088602775391,2.50073399943318e-05,3925.5530473238405,0.8383418763563344,-90765.2115036716,-2.317309152290577e-05,-0.00365006412060206,-0.000281059485638482,0.04304875142174135,9.193499771020377e-06,0.995357591824437,-1.855399716676029e-06,-0.012720353168853588,-1.2437898766830147e-06,9.702015288593484,-1.8553762122493745e-06,-0.012720343021912666,-1.2437972478038708e-06,9.702015055000373,0.5,0.0,0.0,1.0,0.0,0.0,0.0
33.1,169.237877205387,-0.000596973365569706,7.31940168953834,4.398970584804688e-05,-6.810397242386126e-05,-5.4834731582693694e-05,-0.4462303113254367,0.7719202818598901,0.43161636204952925,0.13683897003001055,1281805.19065022,-5003291.818151835,3734921.644276425,0.6292782057155818,-1.3199980954290689,3051.1006836419306,0.0,-0.001736216593535954,0.04322204447446438,0.7855752147255965,-3.804394305172017e-08,7.081766179809903e-08,3.886195084138479e-09,-3.821186005486501e-08,7.081081408850429e-08,4.0055145469103005e-09,328.3805342108894,0.9044845503563258,69667.141105889,268.3273600201135,0.5158529959074821,0.04322225790119162,-3.5241273423646936e-06,169.39608237038672,12977.106884705767,9.788874354356746,119.75134361260723,119.81088608890857,2.6167485741505414e-05,3925.55426699327,0.8383440682563571,-90765.2298517567,-2.210700152086773e-05,-0.00409502346058752,-0.00028276408873688244,0.0430487647969895,9.193523808030723e-06,0.9953577930348511,-1.8553667106263586e-06,-0.012720351767037978,-1.2438005746670018e-06,9.702015464464257,-1.8553430605187922e-06,-0.012720341650517551,-1.2438079911663714e-06,9.702015231377802,0.5,0.0,0.0,1.0,0.0,0.0,0.0
33.2,169.2378771003953,-0.0005969746201848169,7.319403854217667,4.398928952265787e-05,-6.810057936875036e-05,-5.4834855450913906e-05,-0.44622966534565295,0.7719201566571946,0.43161748442202874,0.13683824265544833,1281815.0477130592,-5003282.017096243,3734931.3255959973,0.6292800884230919,-1.3199957757035496,3051.1006809736914,0.0,-0.0017362204168354955,0.043222051486131695,0.7855752151165074,-3.84092396169968e-08,7.415649760104761e-08,3.923662341514296e-09,-3.857877555492318e-08,7.414957985311494e-08,4.048743977687548e-09,328.38053422149477,0.9044845506044253,69667.14112947517,268.32736003744026,0.5158529958562269,0.043222270694841795,-3.524134749000839e-06,169.3960823590263,12977.10688652478,9.788874447334528,119.75134353617658,119.81088614923902,2.7146883640583062e-05,3925.555488579213,0.8383462774312151,-90765.24717773813,-2.090234717802493e-05,-0.0043897382329395876,-0.0002844266441729026,0.04304877819325468,9.193548034481917e-06,0.9953579830365805,-1.8553343076656765e-06,-0.012720350632748774,-1.2438112388887654e-06,9.70201569277534,-1.8553107749971966e-06,-0.012720340504097156,-1.243818618710953e-06,9.70201545934981,0.5,0.0,0.0,1.0,0.0,0.0,0.0
33.300000000000004,169.2378769988464,-0.0005969758946653061,7.319405900675016,4.39888819657069e-05,-6.809768970273989e-05,-5.483498111019889e-05,-0.44622901941707305,0.7719200314395835,0.4316186067231804,0.13683751540688796,1281824.904748672,-5003272.216000127,3734941.0069022626,0.629281971130567,-1.319993455974869,3051.1006782175973,0.0,-0.0017362242761676235,0.04322205880424394,0.7855752155111154,-3.876575573978376e-08,7.700488627287913e-08,3.96017913631971e-09,-3.893686954606901e-08,7.699790087402539e-08,4.090172337426609e-09,328.38053423244935,0.9044845508606936,69667.14115383795,268.3273600553376,0.5158529957993415,0.04322228279036294,-3.5241422729434692e-06,169.39608234599723,12977.106888205328,9.788874540312701,119.75134345809589,119.81088620885939,2.7956110425719822e-05,3925.5567169398446,0.838348504501565,-90765.26357120609,-1.979368715218456e-05,-0.00485279399199691,-0.00028604734331993736,0.04304879166381305,9.193572457180256e-06,0.9953581628120971,-1.855302766268415e-06,-0.012720349323589043,-1.2438217869203471e-06,9.702015965153985,-1.8552789375720718e-06,-0.0127203391227032,-1.2438292594949876e-06,9.702015730187224,0.5,0.0,0.0,1.0,0.0,0.0,0.0
33.4,169.23787690082673,-0.0005969771884384253,7.319407830644989,4.3988483654622306e-05,-6.809529136736054e-05,-5.483510850951041e-05,-0.44622837352993916,0.771919906210023,0.4316197289634678,0.13683678826627704,1281834.7617569298,-5003262.414863304,3734950.688195167,0.6292838538380069,-1.3199911362430112,3051.1006753879287,0.0,-0.0017362281707965644,0.043222066382339296,0.7855752159093432,-3.9113183360657275e-08,7.934124305175667e-08,3.99583328364783e-09,-3.928583776307669e-08,7.933419226962554e-08,4.129849877682963e-09,328.38053424369633,0.904484551123803,69667.14117885109,268.3273600737126,0.5158529957374068,0.04322229419796335,-3.524149910808109e-06,169.39608233146086,12977.10688975309,9.7888746332912,119.75134337848986,119.81088626787329,2.860476579128837e-05,3925.5579410903715,0.8383507470959054,-90765.27896222944,-1.8642555266938842e-05,-0.005130688158502047,-0.000287622915719887,0.043048805088202205,9.193597050119171e-06,0.9953583315945158,-1.8552715983683633e-06,-0.012720348198950668,-1.243832377843347e-06,9.702016282126122,-1.8552478415279047e-06,-0.01272033801708396,-1.243839827736521e-06,9.702016047538503,0.5,0.0,0.0,1.0,0.0,0.0,0.0
33.5,169.23787680638327,-0.0005969785008571232,7.319409647018318,4.398809427651131e-05,-6.809332004980357e-05,-5.483523759187633e-05,-0.44622772767427327,0.7719197809715415,0.431620851153759,0.1368360612148703,1281844.6187379672,-5003252.613685982,3734960.3694747826,0.6292857365454116,-1.319988816507992,3051.1006725011393,0.0,-0.0017362320996774003,0.04322207417233655,0.7855752163110826,-3.945173083380288e-08,8.123934818663477e-08,4.030557334135765e-09,-3.962588564555e-08,8.123223429468505e-08,4.16783730585231e-09,328.3805342551704,0.9044845513922238,69667.14120436915,268.3273600924586,0.5158529956710485,0.04322230493468001,-3.5241576587714323e-06,169.39608231558898,12977.106891172434,9.788874726269988,119.75134329749432,119.81088632638784,2.910388051891034e-05,3925.559160275235,0.8383530037290843,-90765.29342868742,-1.732014818299292e-05,-0.005433455790808046,-0.00028915392553736344,0.04304881845813645,9.193621797012054e-06,0.995358490237883,-1.8552413157547804e-06,-0.012720347004861169,-1.2438428473237285e-06,9.702016634782277,-1.8552177217881746e-06,-0.012720336887796358,-1.2438502462097357e-06,9.702016401608551,0.5,0.0,0.0,1.0,0.0,0.0,0.0
33.6,169.2378767155851,-0.0005969798313284516,7.319411352180122,4.3987713342634654e-05,-6.80917973519053e-05,-5.483536831196469e-05,-0.4462270818409238,0.7719196557269118,0.4316219733039813,0.1368353342355568,1281854.475691786,-5003242.812468172,3734970.0507411184,0.6292876192527812,-1.319986496769811,3051.10066957213,0.0,-0.001736236061930046,0.043222082130300314,0.7855752167162442,-3.9781836552641795e-08,8.27093800362952e-08,4.064381575918483e-09,-3.995745289544074e-08,8.270220524012571e-08,4.204182548752863e-09,328.3805342668122,0.9044845516645704,69667.14123026044,268.32736011147875,0.5158529956008837,0.04322231501456232,-3.5241655133294914e-06,169.39608229855372,12977.106892469854,9.788874819249017,119.75134321524276,119.81088638451278,2.9463276999486254e-05,3925.5603705528347,0.8383552763863683,-90765.30698780363,-1.6226379475867406e-05,-0.005748783019975837,-0.0002906425474780881,0.04304883173039106,9.193646719629914e-06,0.9953586389310777,-1.8552113908917786e-06,-0.012720345899245705,-1.2438533560824968e-06,9.702017022264357,-1.8551877721092596e-06,-0.012720335752540836,-1.2438607626934884e-06,9.702016788623906,0.5,0.0,0.0,1.0,0.0,0.0,0.0
33.7,169.23787662842952,-0.0005969811793719109,7.319412948910231,4.398734175434276e-05,-6.809061863782759e-05,-5.4835500611319494e-05,-0.446226436021967,0.7719195304785234,0.4316230954227109,0.13683460731357233,1281864.332618259,-5003233.01120969,3734979.7319941176,0.6292895019601155,-1.3199841770284533,3051.1006666126973,0.0,-0.001736240056832794,0.0432220902182883,0.7855752171247493,-4.0102694564817875e-08,8.383846424886761e-08,4.097213308210163e-09,-4.027972955476133e-08,8.383123078357377e-08,4.238944258320475e-09,328.38053427857506,0.9044845519397456,69667.14125642064,268.32736013069643,0.5158529955273435,0.04322232445400585,-3.5241734716432996e-06,169.39608228047246,12977.106893647593,9.788874912228248,119.75134313182777,119.81088644232187,2.969215987184508e-05,3925.5615688144094,0.8383575608035407,-90765.31968420268,-1.4915952485532765e-05,-0.006142318959245987,-0.00029208461941868075,0.043048844870874466,9.193671771210116e-06,0.9953587781634661,-1.8551825140280746e-06,-0.012720344703322704,-1.2438636941478878e-06,9.702017436806395,-1.8551589169187418e-06,-0.012720334523052676,-1.243871093782261e-06,9.70201720241047,0.5,0.0,0.0,1.0,0.0,0.0,0.0
33.800000000000004,169.23787654496834,-0.0005969825443104139,7.319414440240606,4.3986978288980324e-05,-6.80898727226883e-05,-5.483563444697921e-05,-0.44622579020912706,0.7719194052288697,0.43162421751904584,0.13683388043321745,1281874.1895175185,-5003223.209910741,3734989.413233852,0.6292913846674145,-1.3199818572839335,3051.100663636811,0.0,-0.0017362440833481915,0.0432220983961176,0.7855752175364953,-4.041534322964463e-08,8.45453569685992e-08,4.129241167730383e-09,-4.0593762133382116e-08,8.4538066864541e-08,4.272169831632182e-09,328.38053429040326,0.9044845522164507,69667.1412827263,268.32736015002104,0.5158529954510719,0.043222333270879335,-3.5241815297119908e-06,169.39608226152794,12977.106894715016,9.788875005207638,119.75134304739187,119.8108864999308,2.9800362850866218e-05,3925.5627490772654,0.8383598611237736,-90765.33148094341,-1.4053504038910455e-05,-0.006382708370938366,-0.0002934853601323787,0.04304885781397871,9.193696997187883e-06,0.9953589075299408,-1.8551535603848712e-06,-0.012720343775872186,-1.2438742024998423e-06,9.702017881840122,-1.8551297915496801e-06,-0.012720333526156567,-1.2438816561617564e-06,9.702017645669294,0.5,0.0,0.0,1.0,0.0,0.0,0.0
33.9,169.2378764651616,-0.0005969839257397655,7.319415829591393,4.398662408529875e-05,-6.808943739196712e-05,-5.4835769751482524e-05,-0.4462251443952417,0.771919279980101,0.43162533960083294,0.13683315358097004,1281884.0463895672,-5003213.408571335,3734999.0944603276,0.6292932673746784,-1.3199795375362522,3051.100660656579,0.0,-0.001736248140636799,0.04322210662913726,0.7855752179513914,-4.07188910213743e-08,8.489764881701933e-08,4.160412766148582e-09,-4.089865684177128e-08,8.489030409357195e-08,4.303924278304056e-09,328.38053430224863,0.9044845524935602,69667.14130907036,268.32736016937383,0.5158529953724729,0.043222341485364336,-3.5241896851472243e-06,169.39608224182803,12977.106895672507,9.788875098187157,119.75134296202208,119.81088655740515,2.9797174361689827e-05,3925.563916876239,0.8383621721748841,-90765.34247427345,-1.2966605451837878e-05,-0.00674626840027071,-0.000294841897884123,0.04304887062040041,9.193722340843561e-06,0.9953590280859813,-1.8551253984904328e-06,-0.01272034251959883,-1.243884611215307e-06,9.702018345047806,-1.855101765074043e-06,-0.012720332365265341,-1.2438920224051623e-06,9.70201811122793,0.5,0.0,0.0,1.0,0.0,0.0,0.0
34.0,169.23787638906487,-0.0005969853233021404,7.319417119170068,4.3986277638835196e-05,-6.80893267280075e-05,-5.483590650666149e-05,-0.44622449857275637,0.7719191547344947,0.4316264616762487,0.1368324267427482,1281893.903234276,-5003203.607191284,3735008.775673487,0.6292951500819066,-1.3199772177853941,3051.100657681003,0.0,-0.0017362522280042131,0.0432221148811644,0.7855752183693694,-4.1014662823256506e-08,8.494586422889898e-08,4.1906629392471055e-09,-4.119573574735496e-08,8.493846694233539e-08,4.334230213865067e-09,328.3805343140756,0.9044845527702364,69667.14133537325,268.3273601886964,0.515852995292062,0.043222349110465956,-3.5241979358335053e-06,169.3960822215236,12977.106896531157,9.788875191166763,119.75134287583393,119.81088661484286,2.969092665949802e-05,3925.5650519479846,0.8383644951608371,-90765.35259140516,-1.167793727973834e-05,-0.006817229286680954,-0.00029616034281510666,0.04304888306792585,9.193747815380178e-06,0.9953591390333772,-1.855098397226571e-06,-0.012720341784036039,-1.2438947894458827e-06,9.702018830420048,-1.85507469327272e-06,-0.012720331648310117,-1.2439022227377522e-06,9.702018597014764,0.5,0.0,0.0,1.0,0.0,0.0,0.0
34.1,169.2378763165549,-0.0005969867362400386,7.319418313752688,4.3985940632712874e-05,-6.808946346004472e-05,-5.483604462907616e-05,-0.4462238527365767,0.771919029493541,0.4316275837510935,0.1368316999085416,1281903.7600517776,-5003193.805770792,3735018.456873401,0.6292970327890999,-1.3199748980313741,3051.100654720018,0.0,-0.0017362563444202723,0.04322212312676359,0.7855752187903188,-4.1301027659581504e-08,8.474013912576529e-08,4.219988278511162e-09,-4.1483367727015297e-08,8.473269126272228e-08,4.363171277948886e-09,328.3805343258445,0.904484553045556,69667.14136154718,268.32736020792413,0.5158529952101549,0.04322235617438391,-3.524206277297331e-06,169.39608220069798,12977.106897290487,9.788875284146435,119.75134278889847,119.81088667229065,2.949070532931585e-05,3925.5661667212366,0.838366830037497,-90765.36196121987,-1.067963977605353e-05,-0.006975733298494987,-0.0002974340030024322,0.04304889529285213,9.193773420313731e-06,0.9953592417854785,-1.8550714856033107e-06,-0.012720340911048506,-1.2439050880189645e-06,9.702019329623292,-1.8550477495255487e-06,-0.012720330825501072,-1.24391253146577e-06,9.70201909723196,0.5,0.0,0.0,1.0,0.0,0.0,0.0
34.2,169.23787624766553,-0.000596988164037462,7.319419416136274,4.3985611063369094e-05,-6.808992577812932e-05,-5.483618409933071e-05,-0.4462232068803718,0.7719189042591296,0.4316287058323466,0.1368309730663156,1281913.6168420736,-5003184.004309866,3735028.138060074,0.629298915496258,-1.3199725782741925,3051.1006517848,0.0,-0.0017362604890494963,0.04322213133514337,0.7855752192141576,-4.157993413450962e-08,8.42207017577384e-08,4.248514154111399e-09,-4.176350680183753e-08,8.42132051774927e-08,4.390768940963695e-09,328.38053433751105,0.9044845533184798,69667.14138749335,268.3273602269846,0.5158529951272923,0.043222362693605874,-3.5242147064893808e-06,169.39608217950573,12977.10689795927,9.788875377126137,119.75134270133526,119.81088672984745,2.9204519276682106e-05,3925.567257468956,0.8383691748080704,-90765.37057979539,-9.466218972514079e-06,-0.007132810041193683,-0.0002986685932947084,0.04304890725430746,9.193799133746803e-06,0.9953593362992733,-1.8550454948098985e-06,-0.012720340106561936,-1.243915230769502e-06,9.702019843573826,-1.8550217655276478e-06,-0.012720330018955952,-1.2439226726008559e-06,9.702019611094588,0.5,0.0,0.0,1.0,0.0,0.0,0.0
34.300000000000004,169.23787618236142,-0.0005969896064645949,7.3194204292922285,4.398529009020694e-05,-6.809064085123293e-05,-5.483632486081646e-05,-0.446222560998377,0.7719187790329776,0.43162982792631466,0.13683024620521475,1281923.473605035,-5003174.202808318,3735037.819233446,0.6293007982033804,-1.3199702585138338,3051.10064888373,0.0,-0.001736264661231945,0.04322213947846949,0.7855752196408157,-4.1850446088929245e-08,8.345270896268111e-08,4.276181641227681e-09,-4.20352142665066e-08,8.34451655285278e-08,4.417077458653998e-09,328.3805343490419,0.9044845535882282,69667.14141313765,268.32736024582334,0.5158529950438099,0.043222368685665626,-3.5242232220510424e-06,169.39608215803997,12977.106898540591,9.788875470105847,119.75134261321826,119.8108867875712,2.8840053674687245e-05,3925.568321711736,0.8383715309915981,-90765.37848308813,-8.365824540188609e-06,-0.0073171501490569045,-0.000299864786505076,0.04304891892510195,9.193824972337637e-06,0.9953594229690701,-1.8550197060906064e-06,-0.012720339303012982,-1.243925441006822e-06,9.702020367227004,-1.854996175447884e-06,-0.012720329191866291,-1.2439328203087172e-06,9.702020134296676,0.5,0.0,0.0,1.0,0.0,0.0,0.0
34.4,169.23787612046667,-0.0005969910626012827,7.319421358510964,4.398497853229154e-05,-6.809151449007464e-05,-5.483646684361843e-05,-0.4462219150875378,0.7719186538159316,0.43163095003668267,0.1368295193188731,1281933.3303407938,-5003164.401266349,3735047.500393586,0.6293026809104675,-1.3199679387503134,3051.100646021776,0.0,-0.0017362688599377788,0.04322214754075698,0.7855752200701827,-4.211151187052063e-08,8.252282035620314e-08,4.302914487922255e-09,-4.2297435173859125e-08,8.251523193310378e-08,4.44217111148375e-09,328.38053436041724,0.9044845538543399,69667.14143843619,268.32736026440807,0.5158529949598999,0.04322237418180989,-3.524231818549244e-06,169.39608213635358,12977.106899035925,9.788875563085547,119.75134252459614,119.81088684548783,2.840530938759876e-05,3925.5693655852224,0.8383738954834506,-90765.38577395822,-7.423151163370664e-06,-0.0077617078838028136,-0.00030101405928197554,0.04304893037252088,9.193850902039968e-06,0.9953595029228627,-1.854994434592461e-06,-0.012720338135897,-1.2439356381782093e-06,9.702020894214238,-1.854970977351427e-06,-0.01272032801158841,-1.2439429944209188e-06,9.702020661147255,0.5,0.0,0.0,1.0,0.0,0.0,0.0
34.5,169.237876062027,-0.0005969925321853049,7.319422206160519,4.3984673859813873e-05,-6.809259921951954e-05,-5.4836610039161366e-05,-0.44622126914205346,0.7719185286097247,0.43163207216984223,0.13682879239626747,1281943.1870493507,-5003154.599683961,3735057.1815404966,0.6293045636175195,-1.319965618983631,3051.100643204525,0.0,-0.001736273084406887,0.04322215549380175,0.7855752205021858,-4.2365631076222525e-08,8.140812618039931e-08,4.328762741751706e-09,-4.255267128317261e-08,8.140049458104943e-08,4.46606012047756e-09,328.38053437161483,0.9044845541162947,69667.14146333956,268.3273602827025,0.515852994876048,0.04322237919599324,-3.5242404944329357e-06,169.39608211459452,12977.106899460488,9.788875656065212,119.75134243558314,119.81088690369243,2.790742793123968e-05,3925.5703616468736,0.8383762680753393,-90765.39230279863,-6.14679750543528e-06,-0.00774085850706634,-0.0003021278065258097,0.04304894129562137,9.193876920569638e-06,0.9953595745200171,-1.8549707312167806e-06,-0.012720337764704175,-1.2439454639531328e-06,9.702021431011728,-1.854946931439846e-06,-0.01272032752909588,-1.243952927437642e-06,9.702021195337993,0.5,0.0,0.0,1.0,0.0,0.0,0.0
34.6,169.2378760068996,-0.000596994014566526,7.319422976561227,4.3984378207592575e-05,-6.809387387964288e-05,-5.483675437172999e-05,-0.4462206231593295,0.771918403415063,0.4316331943288573,0.13682806543213114,1281953.0437305765,-5003144.798060968,3735066.862674119,0.629306446324536,-1.3199632992137718,3051.100640441291,0.0,-0.0017362773338949107,0.04322216332430481,0.7855752209367439,-4.261091462886835e-08,8.005920066649503e-08,4.35388458411573e-09,-4.279904035200883e-08,8.005152750371674e-08,4.488816699718461e-09,328.3805343825978,0.904484554373227,69667.14148776546,268.3273603006462,0.5158529947924458,0.04322238375373262,-3.5242492458632404e-06,169.3960820928068,12977.1068998086,9.788875749044822,119.7513423462181,119.8108869622083,2.735298457542021e-05,3925.5713384826595,0.8383786490057078,-90765.39824582783,-5.1216491627191924e-06,-0.007900018572229387,-0.00030319778599289615,0.04304895200788545,9.193903030541498e-06,0.9953596396929962,-1.854946625856405e-06,-0.012720336968088887,-1.2439555555273831e-06,9.70202196895453,-1.8549230508988097e-06,-0.012720326799745234,-1.2439629483921486e-06,9.702021734800846,0.5,0.0,0.0,1.0,0.0,0.0,0.0
34.7,169.2378759550499,-0.0005969955093603617,7.319423673048872,4.398408969261598e-05,-6.809533883899787e-05,-5.483689981789273e-05,-0.44621997713523653,0.771918278233152,0.43163431651845297,0.13682733841829936,1281962.9003846033,-5003134.996397566,3735076.54379452,0.6293083290315172,-1.3199609794407505,3051.1006377361095,0.0,-0.0017362816075130623,0.04322217101154973,0.7855752213737695,-4.2848999718350734e-08,7.852052747535307e-08,4.378230943058611e-09,-4.3038177449805436e-08,7.851281438005743e-08,4.510469056178353e-09,328.38053439335005,0.9044845546247613,69667.14151167819,268.3273603182128,0.5158529947094526,0.043222387874710666,-3.5242580705675515e-06,169.3960820711,12977.106900091661,9.788875842024364,119.7513422565893,119.81088702110225,2.6748822770095146e-05,3925.5722792315223,0.8383810388185017,-90765.403557092,-4.168020805853731e-06,-0.00790398747926679,-0.00030423221911085417,0.04304896232440989,9.1939292379206e-06,0.995359697937857,-1.8549232011638348e-06,-0.012720336417849903,-1.2439655522650172e-06,9.702022509520845,-1.8548995588046412e-06,-0.012720326313259471,-1.243972966197903e-06,9.702022276833713,0.5,0.0,0.0,1.0,0.0,0.0,0.0
34.800000000000004,169.2378759063578,-0.0005969970162024356,7.319424299535333,4.398380935053841e-05,-6.809692704769938e-05,-5.483704631868648e-05,-0.4462193310669998,0.7719181530647675,0.431635438741894,0.13682661134914417,1281972.7570114315,-5003125.194693761,3735086.2249017013,0.6293102117384631,-1.3199586596645674,3051.100635093637,0.0,-0.0017362859044894473,0.04322217854132635,0.78557522181318,-4.307892061311487e-08,7.690539185869654e-08,4.40166351505404e-09,-4.326911086899825e-08,7.689764053096088e-08,4.5310757086056185e-09,328.380534403853,0.9044845548704649,69667.14153503659,268.3273603353723,0.5158529946272468,0.04322239158202954,-3.5242669663938183e-06,169.3960820495232,12977.106900310979,9.788875935003823,119.75134216674019,119.81088708040018,2.6101263078004422e-05,3925.5731898600243,0.8383834358095661,-90765.40835578529,-3.183104323412379e-06,-0.008090747528919333,-0.0003052290969022509,0.04304897231062573,9.193955524018699e-06,0.9953597505617172,-1.8549005312462953e-06,-0.012720335822477122,-1.2439754330288375e-06,9.702023047598358,-1.854876727400109e-06,-0.012720325587600787,-1.2439828974647077e-06,9.702022812041589,0.5,0.0,0.0,1.0,0.0,0.0,0.0
34.9,169.23787586071177,-0.0005969985345328881,7.319424859816336,4.3983537188866275e-05,-6.809860678059667e-05,-5.483719383410591e-05,-0.44621868495242584,0.7719180279104954,0.4316365610018065,0.1368258842201498,1281982.6136109307,-5003115.39294936,3735095.9059956023,0.6293120944453737,-1.3199563398852072,3051.1006325175986,0.0,-0.0017362902241199116,0.0432221859022652,0.7855752222549024,-4.3300716256469216e-08,7.515329166492282e-08,4.424327072002179e-09,-4.3491885808225335e-08,7.514550364490573e-08,4.5506762430059934e-09,328.3805344140919,0.9044845551099913,69667.14155780774,268.32736035210036,0.5158529945460116,0.043222394898104165,-3.5242759300359117e-06,169.39608202812897,12977.10690046965,9.788876027983186,119.75134207671535,119.81088714013191,2.5416028444820916e-05,3925.5740707425907,0.8383858387089692,-90765.41262656635,-2.1622662293518243e-06,-0.008292930099621168,-0.0003061863425621263,0.04304898197063903,9.19398187490935e-06,0.995359797396339,-1.8548782870010034e-06,-0.012720335034824816,-1.243985305238076e-06,9.702023580054457,-1.8548545646566887e-06,-0.01272032485832015,-1.2439927441198056e-06,9.702023345833203,0.5,0.0,0.0,1.0,0.0,0.0,0.0
35.0,169.2378758180659,-0.0005970000639891247,7.319425357097299,4.398327202340578e-05,-6.810043569575057e-05,-5.483734233438887e-05,-0.4462180387887008,0.7719179027711318,0.43163768330153035,0.13682515702553913,1281992.470183233,-5003105.591164562,3735105.587076288,0.6293139771522488,-1.319954020102685,3051.100630010478,0.0,-0.0017362945655603039,0.04322219307981958,0.785575222698853,-4.351544183502433e-08,7.325519306932086e-08,4.4462697522086745e-09,-4.370755953399791e-08,7.324736982731035e-08,4.5693030654054035e-09,328.3805344240569,0.9044845553431095,69667.14157996968,268.3273603683809,0.5158529944660448,0.0432223978418512,-3.5242849593513963e-06,169.39608200700988,12977.10690057853,9.788876120962444,119.75134198659042,119.81088720035278,2.469878744045434e-05,3925.5749071809128,0.8383882492449419,-90765.41629861876,-1.2183548771599105e-06,-0.008094000637425727,-0.00030711040467308094,0.04304899114326387,9.194008309544837e-06,0.995359837665129,-1.8548564686287113e-06,-0.012720334845577863,-1.2439951522311437e-06,9.702024113746347,-1.8548327712845518e-06,-0.012720324728205595,-1.2440025838419019e-06,9.702023880532776,0.5,0.0,0.0,1.0,0.0,0.0,0.0
35.1,169.23787577828475,-0.0005970016041128606,7.319425795273516,4.398301446636884e-05,-6.810235924064829e-05,-5.483749176923399e-05,-0.446217392574307,0.7719177776470588,0.4316388056430193,0.13682442976194212,1282002.3267283384,-5003095.789339367,3735115.268143761,0.6293158598590888,-1.3199517003170007,3051.100627578795,0.0,-0.0017362989280537257,0.04322220006562809,0.7855752231449519,-4.372274299024384e-08,7.129882158931697e-08,4.4673856753046e-09,-4.3915773112757084e-08,7.129096464704963e-08,4.587002710059243e-09,328.380534433722,0.9044845555692131,69667.1416014648,268.3273603841715,0.5158529943874878,0.0432224004362789,-3.5242940516341765e-06,169.39608198619902,12977.106900633997,9.788876213941586,119.75134189639721,119.8108872610778,2.395485396355923e-05,3925.575723994648,0.8383906658466225,-90765.41961537181,-2.695444787779595e-07,-0.008384700418942884,-0.00030799947496716476,0.04304900010067981,9.194034810698629e-06,0.9953598740376034,-1.854835301117862e-06,-0.01272033413516884,-1.2440049079581772e-06,9.702024637035773,-1.8548115339480588e-06,-0.012720323909565713,-1.244012360787477e-06,9.702024401513226,0.5,0.0,0.0,1.0,0.0,0.0,0.0
35.2,169.23787574129688,-0.0005970031545735053,7.3194261773504365,4.398276418373525e-05,-6.81043666830232e-05,-5.483764210849238e-05,-0.4462167463070965,0.771917652538857,0.431639928028813,0.13682370242499095,1282012.1832461164,-5003085.987473586,3735124.9491979587,0.6293177425658932,-1.3199493805281395,3051.100625222549,0.0,-0.0017363033109719336,0.043222206848667885,0.7855752235931353,-4.3922722070718006e-08,6.920209090253659e-08,4.4878517062720615e-09,-4.41166365351305e-08,6.919420159869269e-08,4.6038093488018966e-09,328.38053444308736,0.9044845557883028,69667.14162229307,268.32736039947235,0.5158529943105181,0.04322240269913106,-3.5243032049314547e-06,169.39608196575483,12977.10690064501,9.788876306920601,119.75134180618382,119.81088732234112,2.3189100962106542e-05,3925.5765013439727,0.8383930875483174,-90765.42240584937,8.077311053751304e-07,-0.008354046941958307,-0.00030885438585056337,0.0430490086253176,9.194061367780656e-06,0.9953599046387883,-1.8548145387403454e-06,-0.012720333678126633,-1.2440146435624556e-06,9.702025154643065,-1.85479108372996e-06,-0.012720323571429578,-1.2440219989750017e-06,9.702024922042366,0.5,0.0,0.0,1.0,0.0,0.0,0.0
35.300000000000004,169.23787570692886,-0.0005970047147856651,7.319426507640998,4.398252164284657e-05,-6.810638359170372e-05,-5.4837793299183976e-05,-0.4462160999867331,0.7719175274465413,0.4316410504596861,0.1368229750133336,1282022.0397366981,-5003076.185567412,3735134.630238945,0.6293196252726624,-1.3199470607361161,3051.1006229420504,0.0,-0.0017363077134707075,0.04322221342586572,0.7855752240433134,-4.411499833983882e-08,6.714003953941264e-08,4.50741557519777e-09,-4.4309758164199924e-08,6.713211938644677e-08,4.619774866351941e-09,328.38053445215155,0.9044845560003492,69667.14164245177,268.32736041428126,0.5158529942351783,0.043222404655888794,-3.524312415787189e-06,169.39608194569047,12977.106900613162,9.78887639989949,119.7513417159691,119.81088738414286,2.2406365448368583e-05,3925.5772447137024,0.8383955149119524,-90765.42482111759,1.6781726639883667e-06,-0.008438927186055718,-0.0003096731328992994,0.04304901677732531,9.19408798695316e-06,0.9953599311253191,-1.8547943466455594e-06,-0.012720333246581747,-1.2440243137567433e-06,9.702025662145934,-1.8547708031301846e-06,-0.012720323093824993,-1.2440316966861423e-06,9.702025428346197,0.5,0.0,0.0,1.0,0.0,0.0,0.0
35.4,169.2378756751278,-0.0005970062843500806,7.319426788993197,4.3982285647589695e-05,-6.810848665669379e-05,-5.483794531918628e-05,-0.446215453611803,0.7719174023704685,0.4316421729374557,0.13682224752383157,1282031.8962000841,-5003066.383620847,3735144.3112667217,0.6293215079793961,-1.3199447409409306,3051.1006207410246,0.0,-0.0017363121348472571,0.04322221978943632,0.7855752244954171,-4.430064497398953e-08,6.495005728348412e-08,4.526384007804936e-09,-4.4496224429522806e-08,6.494210750690726e-08,4.63492335986838e-09,328.3805344608999,0.9044845562050058,69667.14166190797,268.3273604285741,0.5158529941617045,0.043222406323362564,-3.524321681842962e-06,169.39608192607602,12977.10690054423,9.788876492878241,119.75134162581081,119.81088744652443,2.1610813842443122e-05,3925.577953920557,0.8383979463051959,-90765.42680087766,2.698465275274604e-06,-0.00834913789828015,-0.00031045915289570723,0.04304902455469304,9.194114650315516e-06,0.9953599528359411,-1.8547748060376478e-06,-0.012720332905917033,-1.2440338818736315e-06,9.702026161570648,-1.8547513009781703e-06,-0.012720322881331736,-1.244041253222269e-06,9.702025930425071,0.5,0.0,0.0,1.0,0.0,0.0,0.0
35.5,169.2378756457876,-0.0005970078629633992,7.319427024502918,4.3982056555923715e-05,-6.811064025155494e-05,-5.4838098129071274e-05,-0.4462148071812947,0.7719172773108647,0.43164329546347124,0.13682151995416925,1282041.752636143,-5003056.581633699,3735153.9922812255,0.6293233906860943,-1.319942421142568,3051.100618621645,0.0,-0.0017363165744997012,0.04322222593366501,0.7855752249493837,-4.447957188787919e-08,6.277405705226951e-08,4.544545976974923e-09,-4.467593612753774e-08,6.276607902975316e-08,4.649290403302947e-09,328.3805344693238,0.9044845564020709,69667.14168064244,268.3273604423367,0.5158529940901957,0.04322240771983836,-3.5243310013074065e-06,169.39608190693937,12977.10690043958,9.788876585856856,119.75134153573518,119.81088750949885,2.0806511765651236e-05,3925.5786368239437,0.838400382858162,-90765.42849723678,3.631612954944311e-06,-0.008578615199858858,-0.0003112135710578061,0.043049032043609325,9.194141370260882e-06,0.9953599714387065,-1.8547556324867327e-06,-0.012720332407480146,-1.2440434356054824e-06,9.702026649167946,-1.8547321259907774e-06,-0.012720322228423099,-1.2440508069338845e-06,9.702026414750573,0.5,0.0,0.0,1.0,0.0,0.0,0.0
35.6,169.23787561879368,-0.0005970094502827135,7.319427217431279,4.398183425886343e-05,-6.811280638650943e-05,-5.483825169036712e-05,-0.4462141606946923,0.7719171522678129,0.4316444180386457,0.136820792302754,1282051.6090450063,-5003046.779606162,3735163.67328252,0.6293252733927572,-1.3199401013410432,3051.1006165823587,0.0,-0.0017363210316759527,0.04322223185481053,0.7855752254051359,-4.465155051015899e-08,6.055090872262688e-08,4.562051553838446e-09,-4.484867117124073e-08,6.054290366367593e-08,4.662919786065766e-09,328.38053447742925,0.9044845565916888,69667.14169866891,268.3273604555793,0.5158529940207223,0.04322240886457886,-3.524340372155679e-06,169.3960818883069,12977.10690030533,9.78887667883533,119.75134144576975,119.81088757307596,1.9997355997188493e-05,3925.5792801202456,0.8384028241476289,-90765.42979228191,4.497019602179873e-06,-0.008531841287749054,-0.0003119372481530633,0.04304903909818285,9.194168142148092e-06,0.9953599856405465,-1.8547369909326129e-06,-0.012720332176721643,-1.2440529177085878e-06,9.702027126280345,-1.854713332180041e-06,-0.012720321992976225,-1.2440603369628175e-06,9.702026891777383,0.5,0.0,0.0,1.0,0.0,0.0,0.0
35.7,169.23787559398122,-0.0005970110457034264,7.319427371625373,4.398161909153136e-05,-6.811496541046411e-05,-5.483840595924121e-05,-0.44621351415280663,0.7719170272409667,0.4316455406624976,0.13682006457041218,1282061.4654266739,-5003036.977538235,3735173.354270606,0.6293271560993848,-1.3199377815363564,3051.1006146222353,0.0,-0.001736325505662824,0.04322223755537254,0.7855752258625989,-4.4816545083844186e-08,5.83318936422649e-08,4.578850649921161e-09,-4.501439163937329e-08,5.832386276598321e-08,4.6758505068073344e-09,328.3805344852201,0.9044845567739459,69667.14171599562,268.3273604683078,0.5158529939532833,0.043222409780315545,-3.524349790818614e-06,169.39608187018018,12977.10690014296,9.788876771813667,119.75134135592319,119.81088763724927,1.9186773728918638e-05,3925.57989029706,0.8384052687212602,-90765.43076577778,5.262808305209795e-06,-0.008402498482180474,-0.0003126267688183592,0.04304904578955848,9.194194950050395e-06,0.9953599963161841,-1.8547185339835776e-06,-0.012720332076061795,-1.2440624462454107e-06,9.702027592439713,-1.8546948639660524e-06,-0.012720321896646382,-1.2440698687557489e-06,9.702027358130081,0.5,0.0,0.0,1.0,0.0,0.0,0.0
35.800000000000004,169.2378755712998,-0.0005970126489400815,7.319427489471854,4.3981409885687035e-05,-6.811718294183471e-05,-5.483856091984082e-05,-0.4462128675549702,0.7719169022304491,0.43164666333600216,0.13681933675547034,1282071.3217810146,-5003027.175429723,3735183.0352454195,0.6293290388059772,-1.3199354617284922,3051.100612746241,0.0,-0.0017363299958919874,0.04322224303128731,0.7855752263217164,-4.4975577719168784e-08,5.605271840117334e-08,4.5950732355222715e-09,-4.5174125257987384e-08,5.604466279813234e-08,4.6881007795459115e-09,328.3805344926766,0.9044845569483804,69667.14173257866,268.3273604804899,0.5158529938880704,0.04322241048113729,-3.524359255609972e-06,169.39608185261199,12977.106899953931,9.788876864791865,119.75134126623938,119.81088770204967,1.837783995177011e-05,3925.5804806527785,0.8384077164278807,-90765.43151518297,6.091090495449241e-06,-0.008562423937237587,-0.0003132866066458058,0.04304905226357024,9.194221792309967e-06,0.9953600045343783,-1.8547004561754906e-06,-0.012720331554556636,-1.2440719477319964e-06,9.702028043912177,-1.85467695722499e-06,-0.01272032139177776,-1.2440793166881611e-06,9.70202780994993,0.5,0.0,0.0,1.0,0.0,0.0,0.0
35.9,169.2378755506006,-0.0005970142597616853,7.31942757420977,4.398120737032822e-05,-6.811934909610848e-05,-5.483871652394052e-05,-0.44621222090157375,0.7719167772360647,0.4316477860591023,0.13681860885800967,1282081.178108159,-5003017.373280823,3735192.7162070246,0.6293309215125342,-1.3199331419174658,3051.1006109484783,0.0,-0.0017363345016732621,0.043222248283121795,0.7855752267824155,-4.5127904316412434e-08,5.381585556464224e-08,4.6105897414829686e-09,-4.5327122328817196e-08,5.380777639572084e-08,4.699719082030274e-09,328.3805344998221,0.9044845571155409,69667.14174847017,268.3273604921641,0.51585299382502,0.043222410986185386,-3.524368765166306e-06,169.39608183559352,12977.106899744766,9.788876957769922,119.7513411767202,119.81088776746269,1.7573701079243202e-05,3925.5810316447687,0.8384101669446277,-90765.43195436135,6.9681168163516324e-06,-0.008481672665270109,-0.0003139169901165778,0.043049058305907946,9.194248665386199e-06,0.9953600093505356,-1.854683116551523e-06,-0.012720331362192692,-1.2440813070553506e-06,9.70202848258972,-1.8546596408224528e-06,-0.012720321256746119,-1.2440886687781565e-06,9.702028249794107,0.5,0.0,0.0,1.0,0.0,0.0,0.0
36.0,169.2378755317911,-0.0005970158777136021,7.319427628609283,4.398101082099001e-05,-6.812153691777015e-05,-5.4838872748393736e-05,-0.4462115741931974,0.771916652257549,0.43164890883152235,0.13681788087849844,1282091.0344081072,-5003007.571091533,3735202.3971554195,0.629332804219056,-1.3199308221032768,3051.100609230809,0.0,-0.0017363390223571757,0.043222253312418225,0.7855752272446318,-4.527423854603678e-08,5.158187356921373e-08,4.625491868720543e-09,-4.547410048459633e-08,5.1573771895667355e-08,4.710728563304956e-09,328.38053450664927,0.9044845572752539,69667.14176365368,268.3273605033182,0.5158529937642272,0.04322241131182128,-3.524378316803185e-06,169.39608181915216,12977.10689951717,9.788877050747843,119.75134108739242,119.81088783350044,1.6776867434842302e-05,3925.5815548668197,0.8384126221645479,-90765.432165408,7.543110843175094e-06,-0.008439071024217324,-0.0003145198697932077,0.04304906404371247,9.194275590038792e-06,0.9953600116649343,-1.8546658844396803e-06,-0.012720331233465563,-1.2440907185911323e-06,9.702028909666613,-1.8546421831107252e-06,-0.012720321081229767,-1.244098150953816e-06,9.70202867576256,0.5,0.0,0.0,1.0,0.0,0.0,0.0
36.1,169.23787551476968,-0.0005970175026311392,7.319427655185975,4.3980820298613055e-05,-6.81236902694331e-05,-5.4839029564557136e-05,-0.44621092742991636,0.7719165272947967,0.4316500316534416,0.13681715281663756,1282100.890680728,-5002997.768861659,3735212.078090541,0.6293346869255421,-1.3199285022859109,3051.1006075941646,0.0,-0.001736343557429136,0.043222258118647605,0.7855752277083117,-4.541450488111065e-08,4.938202102497046e-08,4.639754200420722e-09,-4.561498310014259e-08,4.93738979050498e-08,4.7211580884344985e-09,328.3805345131544,0.904484557427433,69667.14177812097,268.3273605139461,0.5158529937057195,0.04322241147290735,-3.524387909548226e-06,169.396081803295,12977.10689927099,9.788877143725626,119.75134099826688,119.81088790016193,1.5989946258917125e-05,3925.5820569749817,0.838415079748957,-90765.43222710493,8.221308972655273e-06,-0.008680950955478715,-0.00031509613401747876,0.04304906954997597,9.194302540621054e-06,0.9953600123415208,-1.8546492129654717e-06,-0.01272033070966846,-1.2441000347957665e-06,9.702029318075699,-1.854625373468624e-06,-0.012720320509130963,-1.244107510814642e-06,9.702029083123303,0.5,0.0,0.0,1.0,0.0,0.0,0.0
36.2,169.23787549942847,-0.0005970191342357017,7.319427656541526,4.398063564282603e-05,-6.812578751399232e-05,-5.4839186942613836e-05,-0.4462102806124566,0.7719164023475131,0.43165115452443215,0.1368164246731459,1282110.7469261517,-5002987.966591392,3735221.7590124523,0.6293365696319931,-1.3199261824653823,3051.100606032958,0.0,-0.0017363481062445541,0.043222262704009966,0.7855752281733897,-4.554905505309405e-08,4.7211842621150875e-08,4.653411128610726e-09,-4.5750123392945154e-08,4.720369906017301e-08,4.7310342817605604e-09,328.3805345193597,0.9044845575725978,69667.14179192141,268.3273605240841,0.5158529936494757,0.04322241148481532,-3.524397541756698e-06,169.39608178802666,12977.106899014389,9.788877236703282,119.7513409093547,119.81088796744268,1.5215168788884607e-05,3925.5825174284014,0.8384175381868004,-90765.43199218706,9.268396369770456e-06,-0.00847758082317589,-0.000315647293317519,0.043049074599441496,9.194329500562323e-06,0.9953600097653433,-1.8546332923923597e-06,-0.01272033074279961,-1.2441091912576e-06,9.702029715092117,-1.854609699576057e-06,-0.01272032059908175,-1.244116590080206e-06,9.702029481522581,0.5,0.0,0.0,1.0,0.0,0.0,0.0
36.300000000000004,169.23787548565923,-0.000597020771972126,7.319427635409115,4.3980456303068175e-05,-6.812790432721006e-05,-5.4839344859259694e-05,-0.44620963374225736,0.7719162774151666,0.43165227744331375,0.13681569645005098,1282120.603144378,-5002978.164280734,3735231.439921152,0.6293384523384088,-1.3199238626416916,3051.1006045490503,0.0,-0.001736352668182264,0.04322226707407583,0.7855752286398023,-4.567829855749497e-08,4.505783540346938e-08,4.666511402177337e-09,-4.587993296490214e-08,4.504967234255047e-08,4.74038240096537e-09,328.38053452525776,0.9044845577105752,69667.14180503857,268.32736053372014,0.5158529935955382,0.04322241136369256,-3.524407210151079e-06,169.3960817733572,12977.106898746422,9.78887732968081,119.75134082066998,119.81088803534277,1.4454326700885645e-05,3925.5829553847043,0.8384200020146981,-90765.43160905784,9.769172122502636e-06,-0.008388114265073562,-0.00031617367899392066,0.043049079402197134,9.19435651961249e-06,0.9953600055638373,-1.854617264056664e-06,-0.012720330760736538,-1.2441184604243262e-06,9.702030100221098,-1.8545933615604903e-06,-0.012720320535972341,-1.2441259556965903e-06,9.702029864724041,0.5,0.0,0.0,1.0,0.0,0.0,0.0
36.4,169.2378754733785,-0.0005970224158137701,7.319427593770915,4.398028275741379e-05,-6.812996786860602e-05,-5.483950328282441e-05,-0.44620898681941445,0.7719161524976541,0.4316534004102099,0.13681496814715158,1282130.459335276,-5002968.361929487,3735241.1208165763,0.6293403350447891,-1.3199215428148232,3051.1006031421325,0.0,-0.0017363572427980308,0.043222271228535454,0.7855752291075037,-4.5801781871045254e-08,4.2937717730835256e-08,4.679055460923614e-09,-4.600395831173208e-08,4.2929536083627224e-08,4.749233650851127e-09,328.3805345308498,0.9044845578413939,69667.14181747516,268.3273605428563,0.5158529935439119,0.04322241112125086,-3.52441691457405e-06,169.3960817592888,12977.106898467837,9.788877422658217,119.75134073221972,119.81088810385843,1.3709456406848156e-05,3925.5833719371553,0.8384224654964508,-90765.43110406499,1.0708425405730795e-05,-0.008453160140065977,-0.0003166750350209614,0.04304908397023193,9.194383534866728e-06,0.9953600000259396,-1.8546017280442413e-06,-0.012720330503678587,-1.2441276475301246e-06,9.702030466972248,-1.854578298137067e-06,-0.01272032026156404,-1.244134995016664e-06,9.702030231369696,0.5,0.0,0.0,1.0,0.0,0.0,0.0
36.5,169.23787546243713,-0.0005970240652268721,7.319427534560799,4.3980114950113416e-05,-6.813196389426043e-05,-5.483966218158836e-05,-0.4462083398460347,0.7719160275942456,0.43165452342326205,0.13681423976763188,1282140.3154989753,-5002958.559537847,3735250.801698787,0.6293422177511342,-1.3199192229847925,3051.100601806926,0.0,-0.0017363618294463409,0.04322227517598161,0.7855752295764257,-4.5919396652946646e-08,4.087816873864347e-08,4.691030925717574e-09,-4.612209055777376e-08,4.086996940006461e-08,4.7576219889235096e-09,328.38053453615674,0.9044845579655445,69667.14182927785,268.32736055152674,0.5158529934944962,0.043222410774831674,-3.5244266518751e-06,169.39608174579928,12977.106898182277,9.788877515635503,119.75134064399568,119.81088817296641,1.298203989286149e-05,3925.583760149495,0.8384249324637986,-90765.43044064048,1.1229794620276043e-05,-0.008403559778215802,-0.00031715026133355336,0.04304908822748086,9.194410588345011e-06,0.9953599927506344,-1.8545866031676691e-06,-0.012720330374816069,-1.2441367847000597e-06,9.702030819962948,-1.8545628623796886e-06,-0.01272032016814189,-1.2441442296369388e-06,9.702030584849753,0.5,0.0,0.0,1.0,0.0,0.0,0.0
36.6,169.2378754527879,-0.0005970257199963167,7.319427459418012,4.397995188588911e-05,-6.813394373371392e-05,-5.4839821542824385e-05,-0.44620769282274764,0.771915902704679,0.43165564648207216,0.1368135113121717,1282150.1716354764,-5002948.75710581,3735260.4825677834,0.629344100457444,-1.3199169031515994,3051.100600543432,0.0,-0.0017363664276189975,0.04322227891843434,0.7855752300465193,-4.60323316130734e-08,3.880825713962974e-08,4.70257051803498e-09,-4.62355241476355e-08,3.8800040881296796e-08,4.765556850601003e-09,328.3805345411787,0.9044845580830274,69667.14184044664,268.3273605597315,0.5158529934473629,0.043222410334115016,-3.524436420783845e-06,169.3960817329122,12977.106897893358,9.788877608612681,119.7513405560209,119.81088824267707,1.2273374730753517e-05,3925.5841213278254,0.8384274012860274,-90765.42960913898,1.1766789569503251e-05,-0.008169746191539528,-0.00031760358424563247,0.04304909218826702,9.19443766216446e-06,0.9953599836321481,-1.8545717122361349e-06,-0.012720330415018423,-1.2441459154587298e-06,9.702031160500638,-1.8545478030116216e-06,-0.012720320349110229,-1.2441534131491493e-06,9.70203092834059,0.5,0.0,0.0,1.0,0.0,0.0,0.0
36.7,169.23787544434518,-0.0005970273799913294,7.319427370180948,4.397979371593062e-05,-6.813587079034266e-05,-5.483998134170001e-05,-0.44620704575027303,0.7719157778286558,0.431656769586112,0.13681278278169126,1282160.0277446473,-5002938.954633181,3735270.1634235014,0.6293459831637185,-1.3199145833152288,3051.1005993516496,0.0,-0.0017363710368799882,0.043222282458488324,0.7855752305177394,-4.614049586830978e-08,3.6845816409975334e-08,4.713493318461736e-09,-4.63441603808867e-08,3.6837584139729475e-08,4.773062087924825e-09,328.3805345459157,0.9044845581938421,69667.14185098151,268.32736056747063,0.5158529934024935,0.04322240980996523,-3.5244462205284054e-06,169.3960817206215,12977.106897600144,9.78887770158975,119.75134046829633,119.81088831298072,1.1584861772995193e-05,3925.5844653332115,0.8384298704509495,-90765.42875569958,1.2582783759586165e-05,-0.00827382979040198,-0.00031803580830036673,0.04304909596072969,9.19446473974198e-06,0.9953599742730845,-1.8545571768388443e-06,-0.012720330227052769,-1.2441549974500273e-06,9.702031483637203,-1.8545336365897728e-06,-0.012720320056297583,-1.2441623795902957e-06,9.702031249410398,0.5,0.0,0.0,1.0,0.0,0.0,0.0
36.800000000000004,169.23787543698072,-0.0005970290448402173,7.319427269250893,4.3979640758789635e-05,-6.813773312242883e-05,-5.484014154543352e-05,-0.44620639863069866,0.7719156529654626,0.43165789273350347,0.13681205417940998,1282169.8838266185,-5002929.152120154,3735279.844266002,0.6293478658699575,-1.3199122634756957,3051.1005982272327,0.0,-0.001736375656663829,0.04322228580478763,0.7855752309900269,-4.624333882767215e-08,3.4938611582676053e-08,4.723926099466446e-09,-4.6447454144260945e-08,3.493036406719244e-08,4.780173656781772e-09,328.3805345503849,0.9044845582983932,69667.1418609209,268.3273605747723,0.5158529933597866,0.04322240921657735,-3.524456048915065e-06,169.39608170890284,12977.106897304706,9.788877794566721,119.75134038081163,119.81088838385341,1.0917441335559851e-05,3925.5847877544747,0.8384323420112706,-90765.42781339295,1.3146931797594673e-05,-0.008367586184138898,-0.00031844538483694697,0.043049099496494624,9.19449184358814e-06,0.995359963939477,-1.8545429686656624e-06,-0.012720330018334397,-1.2441640442140392e-06,9.70203179229249,-1.8545193779585864e-06,-0.012720319789520611,-1.2441714422960484e-06,9.702031556868684,0.5,0.0,0.0,1.0,0.0,0.0,0.0
36.9,169.23787543062943,-0.0005970307143893886,7.319427158138516,4.397949239752942e-05,-6.81395060845032e-05,-5.484030214009359e-05,-0.44620575146491476,0.7719155281147612,0.43165901592355116,0.13681132550652114,1282179.739881389,-5002919.349566726,3735289.5250952845,0.6293497485761613,-1.3199099436330002,3051.1005971664563,0.0,-0.0017363802865164298,0.04322228896065592,0.7855752314633361,-4.6341648436008846e-08,3.3078956754921926e-08,4.733893275014777e-09,-4.6546194437510266e-08,3.3070694730117354e-08,4.786902603342062e-09,328.3805345546011,0.9044845583970269,69667.14187029775,268.3273605816606,0.5158529933192197,0.04322240856287762,-3.5244659050371167e-06,169.39608169775647,12977.106897012047,9.7888778875436,119.75134029357275,119.81088845528944,1.027206247705692e-05,3925.5850765490695,0.8384348132990271,-90765.42670138074,1.4019624839361862e-05,-0.008050606966377327,-0.0003188350107425639,0.043049102663499775,9.194518944445278e-06,0.9953599517448292,-1.854529549224468e-06,-0.012720330235547564,-1.2441729023542644e-06,9.702032088119566,-1.8545060519267e-06,-0.012720320129121164,-1.2441802712556631e-06,9.702031855329341,0.5,0.0,0.0,1.0,0.0,0.0,0.0
37.0,169.23787542518028,-0.0005970323881265618,7.319427039100313,4.3979348775331126e-05,-6.814126518468818e-05,-5.484046309867328e-05,-0.4462051042552,0.7719154032757568,0.43166013915413376,0.13681059676669044,1282189.5959088278,-5002909.5469727,3735299.205911285,0.6293516312823297,-1.319907623787127,3051.1005961708724,0.0,-0.0017363849259585487,0.043222291935830125,0.7855752319376174,-4.643523835615988e-08,3.1258684915615584e-08,4.743436261438315e-09,-4.664019671306249e-08,3.125040905787839e-08,4.79327612463649e-09,328.3805345585583,0.9044845584895986,69667.14187909833,268.3273605881257,0.5158529932807617,0.043222407862202765,-3.524475785870676e-06,169.3960816871689,12977.106896718034,9.788877980520391,119.75134020657555,119.810888527274,9.649334989407062e-06,3925.5853583305748,0.8384372874082253,-90765.42561160633,1.441969928716979e-05,-0.00808486331398278,-0.00031920209160229084,0.043049105753597355,9.194546076243162e-06,0.9953599397940476,-1.8545157364003782e-06,-0.012720330054214477,-1.2441819518316184e-06,9.702032369756147,-1.8544921634731838e-06,-0.012720319966018396,-1.244189344187837e-06,9.702032137256214,0.5,0.0,0.0,1.0,0.0,0.0,0.0
37.1,169.23787542060276,-0.0005970340661341711,7.319426912986232,4.39792090072993e-05,-6.814296779770344e-05,-5.484062441176783e-05,-0.446204457002022,0.7719152784482651,0.4316612624249801,0.13680986796036623,1282199.451909066,-5002899.744338271,3735308.886714064,0.6293535139884631,-1.319905303938091,3051.100595236756,0.0,-0.0017363895745653426,0.04322229473169871,0.7855752324128296,-4.6524942069561875e-08,2.952207971482973e-08,4.752488269586557e-09,-4.6730291566470005e-08,2.951379074966026e-08,4.799304388184283e-09,328.38053456227107,0.904484558576455,69667.14188735554,268.3273605941916,0.5158529932444083,0.04322240711957338,-3.524485691902249e-06,169.39608167714638,12977.106896428599,9.788878073497104,119.7513401198306,119.81088859980545,9.049874145479923e-06,3925.585617734428,0.8384397625848377,-90765.42447515394,1.4965132249138718e-05,-0.008120597568718847,-0.0003195533312787841,0.04304910859829513,9.194573219746618e-06,0.9953599273313815,-1.8545025073204686e-06,-0.01272033000560572,-1.2441908662582879e-06,9.702032637414405,-1.8544788428395173e-06,-0.01272031981227913,-1.244198287247321e-06,9.702032402702455,0.5,0.0,0.0,1.0,0.0,0.0,0.0
37.2,169.23787541677646,-0.0005970357481618991,7.319426781734793,4.3979073878085554e-05,-6.814457015472582e-05,-5.4840786047254694e-05,-0.4462038097073625,0.7719151536316051,0.4316623857342583,0.13680913909070297,1282209.3078821022,-5002889.941663437,3735318.5675036213,0.6293553966945609,-1.3199029840858927,3051.1005943585187,0.0,-0.0017363942318960486,0.04322229735666327,0.7855752328889257,-4.6610042280727165e-08,2.7848257717891268e-08,4.761116245237248e-09,-4.6815764594925586e-08,2.7839956286143468e-08,4.80501801638811e-09,328.38053456576176,0.9044845586581157,69667.14189511881,268.3273605998946,0.5158529932100133,0.04322240634645321,-3.524495621654889e-06,169.39608166765245,12977.1068961456,9.788878166473744,119.75134003331743,119.81088867285254,8.474198666341692e-06,3925.585846115293,0.838442238333337,-90765.42320065308,1.5548235724282366e-05,-0.00770460864843278,-0.00031988590081317753,0.04304911110278582,9.194600369521554e-06,0.995359913354836,-1.8544894844342439e-06,-0.01272033046406574,-1.2441997700614693e-06,9.702032894515902,-1.8544659364980224e-06,-0.012720320323500177,-1.2442071546512023e-06,9.702032661072616,0.5,0.0,0.0,1.0,0.0,0.0,0.0
37.300000000000004,169.23787541362094,-0.0005970374338406412,7.319426647003983,4.397894294201462e-05,-6.814611898368939e-05,-5.4840947991340033e-05,-0.4462031623731042,0.7719150288251154,0.43166350908022316,0.13680841016071782,1282219.1638278053,-5002880.138948,3735328.248279891,0.6293572794006234,-1.3199006642305164,3051.1005935408175,0.0,-0.0017363988975385286,0.04322229981874549,0.7855752333658637,-4.669100139008118e-08,2.6257198693019453e-08,4.769298657353218e-09,-4.6897077268554146e-08,2.6248885442784464e-08,4.810430191924404e-09,328.38053456901184,0.9044845587341476,69667.14190234696,268.3273606052045,0.5158529931775793,0.043222405552641265,-3.5245055729498363e-06,169.3960816586783,12977.106895861487,9.788878259450321,119.75133994703475,119.81088874640427,7.922609622272103e-06,3925.58608048998,0.8384447147362877,-90765.42208490925,1.605335664765513e-05,-0.008066249625514003,-0.00032019922850354753,0.043049113673006505,9.194627526473392e-06,0.9953599011192661,-1.8544767095849447e-06,-0.01272032992121477,-1.24420865289071e-06,9.70203313082994,-1.8544531878889252e-06,-0.012720319714511454,-1.2442160290354688e-06,9.702032895924232,0.5,0.0,0.0,1.0,0.0,0.0,0.0
37.4,169.2378754110869,-0.0005970391230904435,7.319426509783357,4.3978815969409524e-05,-6.814761137733124e-05,-5.484111022627673e-05,-0.44620251500053126,0.7719149040283553,0.43166463246175163,0.13680768117232814,1282229.0197463052,-5002870.336192152,3735337.929042936,0.6293591621066507,-1.3198983443719776,3051.100592775581,0.0,-0.0017364035710800976,0.043222302123136984,0.7855752338436018,-4.676786875306211e-08,2.470050238274655e-08,4.777139902913422e-09,-4.69742834536841e-08,2.469217785398166e-08,4.815561172957161e-09,328.3805345720534,0.9044845588053012,69667.14190911135,268.32736061017374,0.5158529931470359,0.043222404743986344,-3.5245155453152303e-06,169.39608165021747,12977.106895586028,9.788878352426842,119.75133986098373,119.81088882045009,7.395218338442576e-06,3925.5862900978295,0.8384471926250296,-90765.4208771852,1.6429455820163564e-05,-0.008098433803141123,-0.0003204961970851266,0.04304911597162688,9.194654699718847e-06,0.9953598878750144,-1.8544642689491148e-06,-0.012720329764106038,-1.2442174790613003e-06,9.70203335767535,-1.8544404927645405e-06,-0.012720319588789138,-1.2442249350929903e-06,9.702033123337367,0.5,0.0,0.0,1.0,0.0,0.0,0.0
37.5,169.23787540911061,-0.0005970408157485387,7.319426371183375,4.3978692385470936e-05,-6.814902550046414e-05,-5.4841272742926347e-05,-0.44620186759101466,0.771914779240845,0.4316657558776127,0.136806952127651,1282238.8756376011,-5002860.533395895,3735347.609792754,0.6293610448126427,-1.3198960245102762,3051.1005920600146,0.0,-0.0017364082521416856,0.043222304275519485,0.785575234322103,-4.684148045028714e-08,2.3234713541625924e-08,4.784546519292843e-09,-4.704821519254141e-08,2.3226378351187292e-08,4.8204157694680056e-09,328.3805345748975,0.9044845588718363,69667.14191543667,268.3273606148204,0.5158529931183182,0.04322240392705396,-3.52452553779053e-06,169.39608164225427,12977.10689532055,9.788878445403313,119.75133977515833,119.81088889497404,6.892174531536455e-06,3925.5864738260434,0.8384496701411726,-90765.41960500991,1.7070994502018295e-05,-0.007858180981238982,-0.0003207789526948356,0.043049117986443675,9.194681868878274e-06,0.9953598739239718,-1.8544522887642447e-06,-0.012720330060822842,-1.2442262032023983e-06,9.702033574678893,-1.8544285521207674e-06,-0.012720319868398673,-1.2442336467062825e-06,9.702033339738085,0.5,0.0,0.0,1.0,0.0,0.0,0.0
37.6,169.23787540760728,-0.0005970425115570266,7.319426232651914,4.3978572761715326e-05,-6.815037886270545e-05,-5.484143551547086e-05,-0.4462012201464698,0.7719146544619194,0.4316668793260003,0.13680622302980988,1282248.7315015623,-5002850.730559029,3735357.2905292814,0.6293629275185993,-1.319893704645397,3051.100591395671,0.0,-0.001736412940366125,0.043222306284162154,0.7855752348013287,-4.691113974711368e-08,2.1808184209015245e-08,4.791635590638894e-09,-4.71181808095884e-08,2.1799838848510482e-08,4.825021275085629e-09,328.3805345775381,0.9044845589336086,69667.1419213092,268.3273606191345,0.5158529930913681,0.04322240311040507,-3.524535548853727e-06,169.39608163476655,12977.106895059587,9.788878538379741,119.75133968954725,119.81088896995591,6.413527628090787e-06,3925.5866550212836,0.8384521487071965,-90765.4184056727,1.7547918356464672e-05,-0.007917422913441191,-0.00032104507774373013,0.04304911997348315,9.194709049551e-06,0.9953598607716926,-1.8544401058609216e-06,-0.012720329860127487,-1.2442350391580142e-06,9.70203377596114,-1.8544165868702798e-06,-0.012720319716610501,-1.2442424145554192e-06,9.702033542455897,0.5,0.0,0.0,1.0,0.0,0.0,0.0
37.7,169.23787540655232,-0.0005970442105077661,7.319426094685666,4.3978456273339374e-05,-6.815166316615049e-05,-5.4841598540024414e-05,-0.44620057266785296,0.7719145296912496,0.43166800280609924,0.1368054938801918,1282258.5873383183,-5002840.927681747,3735366.971252579,0.6293648102245208,-1.3198913847773548,3051.100590776652,0.0,-0.0017364176354039652,0.043222308152849824,0.7855752352812457,-4.697762716146897e-08,2.0472322546647307e-08,4.79832226584406e-09,-4.71849571564464e-08,2.0463967577387076e-08,4.829382184659259e-09,328.38053457999854,0.9044845589911664,69667.14192678109,268.3273606231542,0.5158529930661396,0.04322240229697532,-3.5245455784568263e-06,169.39608162775122,12977.106894810537,9.788878631356138,119.75133960415366,119.81088904538841,5.959133786426197e-06,3925.58681108632,0.8384546277920174,-90765.41715473251,1.816100919381606e-05,-0.007694313353804118,-0.0003212993045036225,0.043049121684937526,9.194736235913005e-06,0.9953598470535203,-1.85442851575204e-06,-0.012720330152778103,-1.2442437248525997e-06,9.702033968566912,-1.854405118945956e-06,-0.012720319983600655,-1.2442510621089765e-06,9.702033734464159,0.5,0.0,0.0,1.0,0.0,0.0,0.0
37.800000000000004,169.2378754058466,-0.0005970459121478534,7.319425958866694,4.3978343262245144e-05,-6.815292188650699e-05,-5.484176179280843e-05,-0.4461999251577505,0.7719144049279699,0.4316691263154302,0.13680476468306635,1282268.4431478688,-5002831.12476405,3735376.651962646,0.6293666929304069,-1.31988906490615,3051.1005902038887,0.0,-0.0017364223368558321,0.04322230989285558,0.7855752357618119,-4.7040574586175586e-08,1.9169621707142942e-08,4.8047301181455375e-09,-4.7248181465444944e-08,1.916125756276459e-08,4.833522100938152e-09,328.38053458227506,0.9044845590444234,69667.14193184407,268.32736062687354,0.5158529930425452,0.043222401496120715,-3.5245556239268283e-06,169.3960816211776,12977.106894567458,9.788878724332498,119.75133951896063,119.81088912124497,5.528668262755332e-06,3925.5869674560754,0.8384571103783958,-90765.41599776734,1.812319423324094e-05,-0.007795163945979458,-0.00032153818662878785,0.043049123399733547,9.1947634606741e-06,0.9953598343659052,-1.8544164451210895e-06,-0.012720330002738733,-1.2442526082707555e-06,9.702034148924648,-1.8543926554324733e-06,-0.01272031978205673,-1.2442600685507456e-06,9.702033913500447,0.5,0.0,0.0,1.0,0.0,0.0,0.0
37.9,169.23787540544484,-0.000597047616663285,7.31942582570917,4.397823397479031e-05,-6.815401954180173e-05,-5.484192525822431e-05,-0.4461992776166722,0.7719142801718744,0.4316702498535782,0.13680403543916134,1282278.2989300822,-5002821.321805738,3735386.332659417,0.6293685756362578,-1.3198867450317675,3051.1005896705515,0.0,-0.0017364270444946788,0.04322231150617021,0.7855752362430023,-4.7099916792678953e-08,1.7991312059601082e-08,4.810713280896596e-09,-4.730778220530443e-08,1.7982939289258105e-08,4.8374537089070275e-09,328.38053458439487,0.9044845590940145,69667.14193655858,268.3273606303369,0.5158529930204716,0.043222400710885296,-3.5245656863622103e-06,169.39608161502258,12977.10689433592,9.788878817308849,119.75133943395547,119.81088919750557,5.122309474063049e-06,3925.5870989305727,0.8384595883837167,-90765.41480018022,1.8942067905553233e-05,-0.007576436075476886,-0.00032176260629202566,0.04304912484152095,9.194790635197993e-06,0.9953598212328182,-1.8544055216761803e-06,-0.012720330190550484,-1.2442611692833094e-06,9.702034315992877,-1.8543821172725875e-06,-0.012720320055641715,-1.2442685091665393e-06,9.70203408268734,0.5,0.0,0.0,1.0,0.0,0.0,0.0
38.0,169.23787540524208,-0.0005970493233439974,7.319425696957103,4.397812803830474e-05,-6.815507562168684e-05,-5.4842088919590306e-05,-0.4461986300480452,0.7719141554218412,0.43167137341722334,0.13680330615418013,1282288.1546850891,-5002811.518807003,3735396.013342955,0.6293704583420735,-1.3198844251542219,3051.100589175398,0.0,-0.0017364317578614779,0.04322231300782731,0.7855752367247704,-4.715587033950366e-08,1.6866932988084728e-08,4.816412668856361e-09,-4.736398202338294e-08,1.685855200270193e-08,4.841195443307375e-09,328.38053458636296,0.9044845591400549,69667.14194093553,268.3273606335523,0.5158529929998217,0.043222399951581676,-3.5245757615718507e-06,169.39608160925678,12977.106894113072,9.788878910285192,119.75133934912272,119.81088927414413,4.739257702427807e-06,3925.5872247337948,0.838462068978427,-90765.41365793257,1.906586297644042e-05,-0.007427781279037473,-0.000321969666546402,0.043049126221115515,9.194817838117882e-06,0.9953598087065996,-1.854394214747955e-06,-0.012720330308269535,-1.2442699027776057e-06,9.702034475139762,-1.8543704893255615e-06,-0.012720320230524365,-1.244277342943748e-06,9.702034242756673,0.5,0.0,0.0,1.0,0.0,0.0,0.0
38.1,169.23787540525248,-0.0005970510323310884,7.31942557254399,4.397802444775551e-05,-6.815609263230222e-05,-5.484225277650847e-05,-0.44619798245236714,0.771914030677683,0.43167249700597315,0.13680257682879432,1282298.0104128886,-5002801.715767847,3735405.694013257,0.629372341047854,-1.3198821052735137,3051.1005887193605,0.0,-0.001736436476708892,0.04322231439969435,0.7855752372070932,-4.720950189203694e-08,1.5810683318053182e-08,4.8218028719883195e-09,-4.74178464871349e-08,1.5802294551234622e-08,4.8447465739493594e-09,328.3805345881756,0.9044845591824585,69667.14194496672,268.3273606365137,0.5158529929806355,0.043222399217814005,-3.5245858503884593e-06,169.39608160389145,12977.106893899403,9.788879003261528,119.75133926447454,119.81088935116436,4.379129557641193e-06,3925.5873508091445,0.8384645479815883,-90765.41264517326,1.9539499865106498e-05,-0.007665939176591856,-0.00032216545137202734,0.04304912760369431,9.194845023584382e-06,0.9953597976003877,-1.8543834647998326e-06,-0.012720330010328986,-1.2442784939387138e-06,9.702034620663202,-1.8543597107714475e-06,-0.012720319847834992,-1.2442859429359237e-06,9.702034386562696,0.5,0.0,0.0,1.0,0.0,0.0,0.0
38.2,169.23787540548415,-0.000597052743754361,7.319425452403723,4.397792311429888e-05,-6.815712454885268e-05,-5.484241682124093e-05,-0.4461973348301147,0.771913905939206,0.43167362061944387,0.13680184746367427,1282307.8661133493,-5002791.912688075,3735415.374670261,0.6293742237535992,-1.3198797853896274,3051.1005883002654,0.0,-0.0017364412008132872,0.04322231568361332,0.7855752376899514,-4.7260905138201454e-08,1.4737598091860712e-08,4.827039084428954e-09,-4.746947599025043e-08,1.4729201836074674e-08,4.848114614105574e-09,328.3805345898413,0.9044845592214268,69667.14194867136,268.32736063923517,0.5158529929629152,0.04322239850919033,-3.5245959535781984e-06,169.39608159893174,12977.106893698598,9.788879096237855,119.75133918001825,119.8108894285663,4.041546622701715e-06,3925.587466174912,0.8384670306192789,-90765.41163469317,1.9699899106522357e-05,-0.007775762554287651,-0.0003223557624877952,0.043049128868828716,9.194872248908184e-06,0.9953597865191705,-1.8543720629198486e-06,-0.012720329882756214,-1.2442873089761172e-06,9.702034760291815,-1.8543484877159315e-06,-0.012720319647933622,-1.2442947020109436e-06,9.702034524642967,0.5,0.0,0.0,1.0,0.0,0.0,0.0
38.300000000000004,169.2378754058632,-0.0005970544577870501,7.3194253370725395,4.397782465645327e-05,-6.815799726262363e-05,-5.484258103890142e-05,-0.4461966871822948,0.7719137812060781,0.4316747442567121,0.13680111806039819,1282317.7217866015,-5002782.109567875,3735425.055314027,0.629376106459309,-1.3198774655025782,3051.100587910662,0.0,-0.0017364459299391715,0.043222316863804844,0.7855752381733178,-4.730932520793195e-08,1.3780287785155818e-08,4.83190781137497e-09,-4.751810643781517e-08,1.3771884503323743e-08,4.851316539289804e-09,328.3805345913899,0.9044845592576531,69667.1419521153,268.32736064176515,0.5158529929464604,0.04322239782889213,-3.524606072164782e-06,169.39608159432714,12977.106893512851,9.788879189214198,119.75133909572207,119.81088950631026,3.72633287100872e-06,3925.587549321503,0.8384695126015776,-90765.41052571233,2.0301003394919814e-05,-0.00724543915650947,-0.0003225399156812269,0.043049129780638316,9.194899467044768e-06,0.9953597743577656,-1.854362085951818e-06,-0.012720330498579497,-1.2442956941189132e-06,9.702034891429351,-1.8543383349921751e-06,-0.01272032038710814,-1.2443031424828946e-06,9.70203465820291,0.5,0.0,0.0,1.0,0.0,0.0,0.0
38.400000000000006,169.23787540625506,-0.0005970561735353433,7.319425228601936,4.397772964738184e-05,-6.815881418703076e-05,-5.4842745404126486e-05,-0.4461960395128053,0.7719136564770193,0.4316758679139471,0.1368003886255656,1282327.5774326448,-5002772.306407249,3735434.735944553,0.6293779891649836,-1.3198751456123663,3051.1005875533447,0.0,-0.0017364506636738438,0.04322231795759134,0.7855752386571475,-4.7354443659726726e-08,1.2897198852176192e-08,4.8365017484916044e-09,-4.756342339368245e-08,1.2888788909060167e-08,4.854372804412603e-09,328.38053459281014,0.9044845592908776,69667.14195527384,268.32736064408545,0.5158529929311487,0.043222397189053074,-3.5246162008727e-06,169.3960815900317,12977.106893331413,9.788879282190557,119.75133901155792,119.81088958435949,3.432609350539886e-06,3925.5876477279644,0.8384719953674729,-90765.4096256859,2.0434813274742728e-05,-0.007360902014577738,-0.0003227071921626678,0.04304913085979206,9.194926693774499e-06,0.995359764487815,-1.8543510243101453e-06,-0.012720330279089554,-1.2443044675099512e-06,9.702035009805067,-1.8543275274905644e-06,-0.012720320191793416,-1.2443118362447132e-06,9.702034777360955,0.5,0.0,0.0,1.0,0.0,0.0,0.0
38.5,169.23787540670995,-0.0005970578911500259,7.319425126436424,4.397763653709652e-05,-6.815959117838158e-05,-5.484290992869726e-05,-0.44619539182158907,0.7719135317520108,0.43167699159128736,0.13679965915894732,1282337.4330513475,-5002762.503205999,3735444.416561775,0.6293798718706228,-1.3198728257189765,3051.1005872230357,0.0,-0.0017364554018547804,0.043222318964451036,0.7855752391414269,-4.739760910742714e-08,1.208969638202903e-08,4.840809992192532e-09,-4.7606775000557515e-08,1.2081280159251658e-08,4.857274887513886e-09,328.380534594123,0.9044845593215903,69667.14195819364,268.32736064623043,0.5158529929170271,0.043222396586384174,-3.524626340591541e-06,169.39608158607172,12977.10689316533,9.788879375166935,119.75133892754755,119.81088966272918,3.1599073076667673e-06,3925.587729083471,0.8384744770355345,-90765.4087295255,2.0805365226930352e-05,-0.007245285855045692,-0.0003228650749977033,0.04304913175196011,9.194953908465068e-06,0.9953597546602605,-1.8543409315302817e-06,-0.012720330540080736,-1.2443129646393887e-06,9.70203512355426,-1.85431732327022e-06,-0.012720320336502094,-1.2443203681610064e-06,9.7020348885728,0.5,0.0,0.0,1.0,0.0,0.0,0.0
38.6,169.2378754071576,-0.0005970596105097599,7.319425031228788,4.3977546099103e-05,-6.816028199378166e-05,-5.4843074588093375e-05,-0.4461947441103979,0.7719134070304836,0.4316781152870517,0.13679892966342622,1282347.2886428402,-5002752.6999643175,3735454.097165756,0.6293817545762268,-1.3198705058224234,3051.100586920356,0.0,-0.0017364601442186097,0.04322231989200332,0.7855752396261279,-4.743808968393544e-08,1.1334202544089902e-08,4.8448969847369584e-09,-4.764743217585422e-08,1.1325780347027545e-08,4.860046229724507e-09,328.380534595326,0.9044845593497343,69667.14196086921,268.32736064819596,0.5158529929039717,0.043222396024753355,-3.5246364906058815e-06,169.39608158240515,12977.106893007347,9.788879468143342,119.75133884366524,119.81088974138582,2.907591264348728e-06,3925.5878121878363,0.8384769584853988,-90765.40794485266,2.1142517845789658e-05,-0.0073594197635846745,-0.00032301197115348657,0.04304913266330664,9.194981120762823e-06,0.9953597460553111,-1.8543311178441112e-06,-0.012720330322972814,-1.2443214052916713e-06,9.702035224264238,-1.8543072546106513e-06,-0.01272032014908522,-1.2443288884933637e-06,9.702034989898555,0.5,0.0,0.0,1.0,0.0,0.0,0.0
38.7,169.23787540759125,-0.0005970613314853516,7.319424943107307,4.3977457745724445e-05,-6.816094677310814e-05,-5.4843239379741245e-05,-0.4461940963804474,0.7719132823120254,0.4316792390000974,0.1367982001409676,1282357.144207122,-5002742.896682205,3735463.7777564935,0.6293836372817956,-1.3198681859227075,3051.100586642511,0.0,-0.0017364648905304695,0.04322232074546406,0.7855752401112277,-4.747663194476593e-08,1.0595713581351505e-08,4.848823336687949e-09,-4.7686144094024165e-08,1.05872856630073e-08,4.862686602860567e-09,328.3805345964304,0.904484559375569,69667.14196332525,268.3273606500001,0.515852992891961,0.0432223955049189,-3.524646650153076e-06,169.39608157903075,12977.106892861,9.788879561119785,119.75133875991366,119.8108898203249,2.674906122379639e-06,3925.5878910186384,0.8384794390059698,-90765.40721155035,2.163462650592328e-05,-0.00744879594261527,-0.0003231497689976331,0.043049133527788046,9.195008322869677e-06,0.9953597380137056,-1.8543210880417928e-06,-0.012720330111698767,-1.244329939585096e-06,9.702035318835158,-1.8542976299716933e-06,-0.012720319995864615,-1.24433729571724e-06,9.702035085937553,0.5,0.0,0.0,1.0,0.0,0.0,0.0
38.800000000000004,169.2378754079845,-0.0005970630540631552,7.319424862266418,4.39773712787397e-05,-6.816154745401508e-05,-5.4843404298128304e-05,-0.44619344863266813,0.7719131575963032,0.43168036272955346,0.1367974705930835,1282366.999744062,-5002733.093359463,3735473.4583339244,0.6293855199873291,-1.3198658660198135,3051.100586385466,0.0,-0.001736469640602561,0.04322232152883953,0.7855752405967084,-4.7513090489930764e-08,9.958660878502285e-09,4.852453165294879e-09,-4.772275948375823e-08,9.950227600323712e-09,4.865206863953215e-09,328.380534597452,0.9044845593994696,69667.14196559742,268.3273606516693,0.5158529928809154,0.04322239502803432,-3.5246568191529403e-06,169.3960815759306,12977.106892728918,9.78887965409627,119.75133867628307,119.81088989953074,2.461368635131568e-06,3925.5879551784315,0.8384819218474386,-90765.40650174783,2.1792638195008224e-05,-0.0073485341750118725,-0.00032328077922110025,0.04304913423138291,9.19503555042817e-06,0.9953597302298056,-1.8543111166021924e-06,-0.012720330331159189,-1.2443384767683566e-06,9.7020354089895,-1.854287513001561e-06,-0.012720320124481302,-1.2443458787203531e-06,9.702035174094526,0.5,0.0,0.0,1.0,0.0,0.0,0.0
38.900000000000006,169.23787540828368,-0.0005970647780651066,7.3194247892788855,4.3977287112513705e-05,-6.816210236631314e-05,-5.484356932597314e-05,-0.4461928008689724,0.771913032882699,0.43168148647356336,0.13679674102295877,1282376.8552537903,-5002723.289996286,3735483.13889811,0.6293874026928273,-1.3198635461137564,3051.10058614891,0.0,-0.0017364743941885735,0.04322232225052296,0.7855752410825428,-4.7547324205878173e-08,9.336047812178787e-09,4.855950167565143e-09,-4.775714430470588e-08,9.327609382788592e-09,4.867619491015232e-09,328.3805345983923,0.9044845594214652,69667.14196768848,268.32736065320546,0.5158529928707447,0.04322239459749134,-3.5246669965549057e-06,169.3960815730758,12977.106892607098,9.788879747072798,119.75133859275671,119.81088997897932,2.266131570986351e-06,3925.5880173265746,0.8384844045451804,-90765.40584745903,2.1903763243229245e-05,-0.007218178839839949,-0.0003234025217758962,0.043049134912917446,9.195062776410509e-06,0.9953597230546851,-1.8543011713822443e-06,-0.012720330459673546,-1.2443470322398435e-06,9.702035492820828,-1.8542774711297528e-06,-0.012720320294451293,-1.244354464416498e-06,9.702035258828648,0.5,0.0,0.0,1.0,0.0,0.0,0.0
39.0,169.23787540847601,-0.0005970665035116913,7.319424724134617,4.397720488653591e-05,-6.816258111830532e-05,-5.484373446082618e-05,-0.4461921530902132,0.7719129081709222,0.4316826102313317,0.13679601143196213,1282386.7107363064,-5002713.486592673,3735492.81944905,0.6293892853982905,-1.3198612262045364,3051.1005859309807,0.0,-0.0017364791511119782,0.043222322914153614,0.7855752415687138,-4.757967870698842e-08,8.802579829074448e-09,4.8591870929330726e-09,-4.7789638672911445e-08,8.794136565227345e-09,4.8699270770922965e-09,328.38053459925845,0.9044845594417288,69667.14196961488,268.32736065462063,0.5158529928613974,0.043222394213233706,-3.52467718248018e-06,169.39608157045313,12977.106892495998,9.78887984004938,119.75133850932826,119.81089005865825,2.088568924918377e-06,3925.588076355246,0.8384868856257518,-90765.40528783113,2.2323154568732525e-05,-0.00719538261345318,-0.00032351701354200356,0.043049135560242945,9.19508998465849e-06,0.9953597169176436,-1.8542916738697442e-06,-0.012720330496694516,-1.2443554669948926e-06,9.702035568166847,-1.8542681651790568e-06,-0.012720320312968766,-1.2443628391831904e-06,9.702035333870958,0.5,0.0,0.0,1.0,0.0,0.0,0.0
39.1,169.23787540853485,-0.0005970682302265562,7.319424667140257,4.397712455469862e-05,-6.816302709550155e-05,-5.484389969496838e-05,-0.4461915052977979,0.7719127834604885,0.43168373400149784,0.13679528182244924,1282396.5661914789,-5002703.683148427,3735502.4999866784,0.6293911681037182,-1.3198589062921382,3051.1005857295045,0.0,-0.001736483911176195,0.0432223235259294,0.7855752420552018,-4.761005546288931e-08,8.29556170146904e-09,4.862282577400524e-09,-4.7820149184159e-08,8.287113808629899e-09,4.872139279249957e-09,328.38053460005926,0.9044845594604626,69667.14197139586,268.32736065592894,0.515852992852819,0.04322239387707674,-3.5246873758879725e-06,169.39608156804925,12977.106892396467,9.78887993302602,119.75133842599115,119.8108901385552,1.927938310627064e-06,3925.58813052068,0.8384893683742367,-90765.4047713859,2.242387840429685e-05,-0.007073403337100184,-0.0003236242455659183,0.04304913615423678,9.195117211197294e-06,0.9953597112541556,-1.8542819406453964e-06,-0.012720330631074828,-1.2443639974507607e-06,9.70203563965,-1.8542583895607126e-06,-0.012720320474246751,-1.2443713831201041e-06,9.702035405609388,0.5,0.0,0.0,1.0,0.0,0.0,0.0
39.2,169.2378754084515,-0.000597069958255673,7.319424618148725,4.3977045758196856e-05,-6.816340813689287e-05,-5.4844065026826316e-05,-0.4461908574925322,0.7719126587511392,0.43168485778331145,0.13679455219569808,1282406.421619438,-5002693.879663743,3735512.180511059,0.6293930508091107,-1.319856586376577,3051.1005855451026,0.0,-0.0017364886742142164,0.04322232408925974,0.7855752425419901,-4.7639053880693356e-08,7.855516546523348e-09,4.865163796551268e-09,-4.78492720989163e-08,7.847064295403362e-09,4.874253709485494e-09,328.38053460079215,0.9044845594776088,69667.1419730259,268.3273606571264,0.5158529928449677,0.04322239358815521,-3.524697577049981e-06,169.3960815658491,12977.106892305375,9.788880026002722,119.75133834273777,119.8108902186565,1.7835156134182707e-06,3925.5881909318064,0.8384918486749704,-90765.40440259833,2.3029166340703655e-05,-0.0072931339861545,-0.000323725959049454,0.043049136816722684,9.195144410893351e-06,0.9953597072099243,-1.8542729730783227e-06,-0.012720330312964604,-1.244372303041731e-06,9.702035700442186,-1.8542496919291743e-06,-0.012720320141605233,-1.2443796038773977e-06,9.702035466544068,0.5,0.0,0.0,1.0,0.0,0.0,0.0
39.300000000000004,169.23787540821846,-0.000597071687443157,7.3194245771699755,4.3976968363569724e-05,-6.816377886522572e-05,-5.484423045133993e-05,-0.4461902096755607,0.7719125340424904,0.43168598157567917,0.13679382255358943,1282416.2770201836,-5002684.076138618,3735521.86102219,0.629394933514468,-1.3198542664578525,3051.100585372187,0.0,-0.0017364934400404463,0.04322232460911715,0.7855752430290612,-4.7666516875692873e-08,7.442904283351367e-09,4.867908930653262e-09,-4.787685371057996e-08,7.434447868646097e-09,4.8762798148319075e-09,328.3805346014795,0.9044845594936868,69667.1419745544,268.3273606582493,0.515852992837787,0.04322239334652973,-3.524707785046114e-06,169.39608156384566,12977.106892229094,9.78888011897949,119.75133825956611,119.8108902989542,1.65446878330755e-06,3925.5882361683834,0.8384943332569498,-90765.40400127004,2.296211302196808e-05,-0.007086568712603719,-0.00032382355471488627,0.04304913731280009,9.195171657538785e-06,0.9953597028088421,-1.8542633003733785e-06,-0.012720330654845994,-1.2443808449445886e-06,9.702035763451612,-1.8542398062683129e-06,-0.01272032042717826,-1.2443882124377965e-06,9.702035528029654,0.5,0.0,0.0,1.0,0.0,0.0,0.0
39.400000000000006,169.23787540779855,-0.0005970734177955328,7.319424544424297,4.397689302715068e-05,-6.816409449241868e-05,-5.484439595330519e-05,-0.4461895618479365,0.7719124093341772,0.4316871053775758,0.13679309289790473,1282426.1323935841,-5002674.272572858,3735531.541520009,0.6293968162197899,-1.31985194653595,3051.1005852135518,0.0,-0.0017364982085230148,0.04322232509017515,0.785575243516399,-4.769189941811366e-08,7.050698114251228e-09,4.8705433478597755e-09,-4.790235008552716e-08,7.042237697241839e-09,4.87823073806473e-09,328.38053460211,0.904484559508437,69667.14197595666,268.3273606592794,0.5158529928312103,0.04322239315350902,-3.5247179999154644e-06,169.39608156201123,12977.10689215966,9.78888021195633,119.75133817645896,119.81089037942638,1.54022783238616e-06,3925.5882901808536,0.8384968162184705,-90765.40372991508,2.31233943009085e-05,-0.00715924617902758,-0.0003239137543287375,0.04304913790511648,9.195198886413802e-06,0.9953596998330849,-1.8542541501437204e-06,-0.012720330453644658,-1.2443892420761087e-06,9.702035816926344,-1.8542305170193899e-06,-0.01272032030502052,-1.2443966532379211e-06,9.7020355832199,0.5,0.0,0.0,1.0,0.0,0.0,0.0
39.5,169.23787540720602,-0.0005970751492520341,7.319424519545684,4.3976818778490145e-05,-6.816436743224996e-05,-5.4844561541654497e-05,-0.4461889140102664,0.7719122846260056,0.4316882291884507,0.13679236322957578,1282435.9877397702,-5002664.468966655,3735541.222004576,0.6293986989250768,-1.3198496266108843,3051.1005850639194,0.0,-0.0017365029795072349,0.04322232553494119,0.7855752440039906,-4.771624898587804e-08,6.719880948079651e-09,4.872985636943992e-09,-4.792680518400492e-08,6.711416769497158e-09,4.8800963113191476e-09,328.38053460270476,0.9044845595223503,69667.14197727936,268.3273606602511,0.5158529928251997,0.04322239300693081,-3.524728221299341e-06,169.3960815603443,12977.10689210388,9.788880304933247,119.75133809341798,119.81089046006927,1.440001739479629e-06,3925.5883312322326,0.8384992997235753,-90765.40345756966,2.330533540124588e-05,-0.006932352839063593,-0.000324000660061816,0.043049138355297785,9.195226121249918e-06,0.9953596968464663,-1.8542450159584604e-06,-0.012720330766162228,-1.2443976450901867e-06,9.702035869731644,-1.8542213433173364e-06,-0.012720320620276072,-1.2444050686545022e-06,9.70203563599796,0.5,0.0,0.0,1.0,0.0,0.0,0.0
39.6,169.2378754064032,-0.0005970768816119706,7.319424502851636,4.3976746085252634e-05,-6.816461333283639e-05,-5.484472720208714e-05,-0.44618826616401,0.7719121599174943,0.43168935300687644,0.13679163355106214,1282445.8430587414,-5002654.66532001,3735550.9024758916,0.6294005816303283,-1.3198473066826555,3051.1005849251524,0.0,-0.0017365077528250703,0.04322232594987796,0.7855752444918173,-4.773908943301171e-08,6.416907499998192e-09,4.8753081732852836e-09,-4.794974598732821e-08,6.408439725589881e-09,4.8818905915270485e-09,328.3805346032563,0.9044845595352531,69667.14197850601,268.32736066115217,0.515852992819694,0.04322239290867725,-3.524738448013502e-06,169.39608155882087,12977.10689205559,9.788880397910244,119.75133801042887,119.81089054086333,1.3530145750451084e-06,3925.5883801873288,0.8385017832805713,-90765.40330936479,2.33992498637182e-05,-0.006956238731648805,-0.0003240808941994332,0.043049138892153546,9.195253356655089e-06,0.9953596952212087,-1.8542355493321734e-06,-0.012720330723856076,-1.244406171360596e-06,9.702035916638483,-1.854212112177099e-06,-0.01272032056988084,-1.2444135212314777e-06,9.70203568283299,0.5,0.0,0.0,1.0,0.0,0.0,0.0
39.7,169.2378754054015,-0.0005970786149700276,7.319424493955902,4.397667468203498e-05,-6.816480743280223e-05,-5.4844892934405126e-05,-0.44618761830942183,0.7719120352085356,0.4316904768326326,0.13679090386275586,1282455.6983503662,-5002644.861632725,3735560.582933891,0.6294024643355445,-1.3198449867512485,3051.1005847941465,0.0,-0.0017365125283869771,0.043222326336036274,0.7855752449798697,-4.776056112307701e-08,6.1699767527760306e-09,4.877464133669464e-09,-4.797131083588597e-08,6.161505587007006e-09,4.883615767525471e-09,328.380534603777,0.9044845595474343,69667.14197966405,268.32736066200295,0.515852992814658,0.043222392856467395,-3.5247486806170147e-06,169.39608155743576,12977.106892018139,9.788880490887324,119.7513379274899,119.81089062180266,1.2787019517309248e-06,3925.5884231188966,0.8385042664081639,-90765.4032032112,2.360861643616041e-05,-0.006874539419307471,-0.00032415676136115417,0.04304913936295355,9.195280587351297e-06,0.9953596940570977,-1.8542269961500456e-06,-0.012720330843082295,-1.2444144239794107e-06,9.70203596003251,-1.8542032055086404e-06,-0.012720320674569033,-1.2444218843830997e-06,9.702035725734618,0.5,0.0,0.0,1.0,0.0,0.0,0.0
39.800000000000004,169.2378754041401,-0.0005970803490196666,7.3194244934268475,4.397660489408388e-05,-6.816493235218783e-05,-5.484505872493059e-05,-0.44618697044831707,0.7719119104985497,0.43169160066393514,0.1367901741677172,1282465.5536147759,-5002635.057904995,3735570.2633786374,0.6294043470407256,-1.3198426668166783,3051.1005846690387,0.0,-0.0017365173060038663,0.04322232670145891,0.7855752454681283,-4.7780528380362816e-08,5.967737679677801e-09,4.879483522872182e-09,-4.799136535047836e-08,5.95926329207449e-09,4.885282105588646e-09,328.38053460427426,0.9044845595590673,69667.14198076994,268.3273606628153,0.5158529928099695,0.04322239285366889,-3.5247589173010377e-06,169.39608155615267,12977.106891988453,9.788880583864497,119.75133784457799,119.81089070285927,1.2162719237688658e-06,3925.588469458014,0.8385067484565901,-90765.40318551168,2.381633864558722e-05,-0.006875180054046686,-0.00032422442951233826,0.04304913987112173,9.195307806213055e-06,0.9953596938629997,-1.8542178955214877e-06,-0.012720330823091082,-1.2444228702005432e-06,9.702035998411539,-1.8541944096587904e-06,-0.012720320659905181,-1.2444302352020703e-06,9.702035765286437,0.5,0.0,0.0,1.0,0.0,0.0,0.0
39.900000000000006,169.2378754026626,-0.0005970820838128772,7.319424500631999,4.3976535850817284e-05,-6.81650554609406e-05,-5.484522458058425e-05,-0.4461863225809623,0.7719117857874402,0.43169272450055757,0.13678944446633384,1282475.4088519686,-5002625.254136818,3735579.94381013,0.6294062297458716,-1.3198403468789446,3051.1005845498294,0.0,-0.0017365220855750816,0.0432223270472029,0.7855752459565843,-4.77996273436953e-08,5.8002970881481366e-09,4.881380286200935e-09,-4.801054627249742e-08,5.791819638961086e-09,4.8868863588698796e-09,328.3805346047481,0.9044845595701517,69667.14198182372,268.32736066358945,0.5158529928056782,0.04322239289654038,-3.524769158372143e-06,169.3960815549879,12977.106891969024,9.788880676841758,119.75133776170692,119.81089078404221,1.1649116666845284e-06,3925.588512571623,0.8385092307482148,-90765.40321749206,2.3994361036963056e-05,-0.006812752734364264,-0.0003242883002389401,0.04304914034391805,9.195335027741797e-06,0.9953596942137057,-1.8542092313200305e-06,-0.01272033088901756,-1.2444311912718542e-06,9.702036035416558,-1.8541856207738964e-06,-0.012720320736493032,-1.2444385955885746e-06,9.702035801653206,0.5,0.0,0.0,1.0,0.0,0.0,0.0
40.0,169.23787540093954,-0.0005970838193042751,7.319424515690376,4.397646808815609e-05,-6.816515390265595e-05,-5.484539048788596e-05,-0.4461856747083261,0.7719116610748717,0.4316938483415532,0.13678871476024976,1282485.2640618135,-5002615.450328002,3735589.624228304,0.6294081124509819,-1.319838026938033,3051.1005844355873,0.0,-0.0017365268669855053,0.04322232737757846,0.7855752464452255,-4.78175473420575e-08,5.6543871208123455e-09,4.883187185369169e-09,-4.8028544346543625e-08,5.645906733459819e-09,4.888438218950749e-09,328.3805346052022,0.9044845595807741,69667.14198283356,268.3273606643313,0.5158529928017042,0.04322239298579136,-3.524779403562919e-06,169.3960815539171,12977.106891957368,9.788880769819114,119.75133767886149,119.81089086533252,1.1240112269087878e-06,3925.5885609244306,0.8385117141074848,-90765.40334384043,2.3954699725861083e-05,-0.006885933273025386,-0.00032434785946738474,0.043049140874168945,9.195362260978647e-06,0.9953596955992786,-1.8542002034247938e-06,-0.012720330807620339,-1.244439640044221e-06,9.702036069118224,-1.8541764983781103e-06,-0.01272032061433788,-1.2444470736904922e-06,9.702035834371381,0.5,0.0,0.0,1.0,0.0,0.0,0.0
40.1,169.237875399005,-0.0005970855556806912,7.319424537887412,4.397640123712055e-05,-6.816523035953129e-05,-5.484555645055584e-05,-0.44618502683038747,0.771911536360858,0.43169497218698083,0.13678798504934886,1282495.1192444416,-5002605.646478737,3735599.304633223,0.6294099951560573,-1.3198357069939581,3051.10058432507,0.0,-0.0017365316501629401,0.043222327692332654,0.7855752469340459,-4.783449578798709e-08,5.486242795697688e-09,4.88497905932949e-09,-4.80455702188599e-08,5.477759529747904e-09,4.8899364558513225e-09,328.3805346056414,0.9044845595910502,69667.14198381049,268.32736066504896,0.5158529927980492,0.043222393117198735,-3.5247896539762213e-06,169.39608155294349,12977.106891955631,9.788880862796573,119.75133759604599,119.81089094673028,1.0928980869924954e-06,3925.58860417576,0.8385141968161629,-90765.40346593055,2.417246593056914e-05,-0.006707696572443452,-0.0003244061018745518,0.043049141348475546,9.195389487080918e-06,0.9953596969381542,-1.854191437119817e-06,-0.012720330903730169,-1.2444480095708105e-06,9.702036101445268,-1.8541679439487403e-06,-0.01272032085191666,-1.2444553772887003e-06,9.702035869812283,0.5,0.0,0.0,1.0,0.0,0.0,0.0
40.2,169.23787539680012,-0.0005970872927433292,7.319424567702013,4.397633563536354e-05,-6.816523607345046e-05,-5.484572245995689e-05,-0.44618437894856827,0.7719114116449333,0.43169609603543607,0.1367872553360513,1282504.9743998526,-5002595.842589023,3735608.9850248857,0.6294118778610976,-1.3198333870467198,3051.100584216416,0.0,-0.0017365364349712907,0.04322232799781007,0.78557524742303,-4.7850265131451285e-08,5.476903393406514e-09,4.886447769347472e-09,-4.806140302511736e-08,5.468417570056016e-09,4.8913875999177965e-09,328.38053460607335,0.9044845596011533,69667.14198477096,268.32736066575455,0.5158529927945856,0.04322239329360203,-3.524799908439287e-06,169.39608155202893,12977.106891960459,9.788880955774133,119.7513375132353,119.81089102820671,1.0709784987739113e-06,3925.588651912105,0.8385166795378117,-90765.40374416135,2.4365372553720717e-05,-0.006880793797762917,-0.0003244602688390906,0.04304914187196612,9.19541671332543e-06,0.9953596999893137,-1.8541830615557165e-06,-0.012720330873423134,-1.244456269032255e-06,9.702036129343734,-1.8541594297158405e-06,-0.012720320590640584,-1.244463679819963e-06,9.702035892685945,0.5,0.0,0.0,1.0,0.0,0.0,0.0
40.300000000000004,169.23787539436407,-0.0005970890304464484,7.319424604616848,4.397627059670189e-05,-6.816525560578542e-05,-5.484588852279117e-05,-0.44618373106319875,0.7719112869269674,0.43169721988661863,0.13678652562088536,1282514.8295279157,-5002586.0386586655,3735618.665403229,0.6294137605661024,-1.3198310670963032,3051.100584110866,0.0,-0.0017365412213241115,0.04322232829541429,0.7855752479121708,-4.786548760927586e-08,5.370711147519521e-09,4.888031466122398e-09,-4.807669393414569e-08,5.362222713287653e-09,4.892785434217459e-09,328.3805346064928,0.9044845596109675,69667.14198570397,268.3273606664399,0.5158529927913725,0.04322239351194013,-3.524810166681743e-06,169.3960815511902,12977.10689197276,9.788881048751792,119.75133743044321,119.81089110977182,1.057496163821743e-06,3925.58870269343,0.8385191631607828,-90765.40403145012,2.447206991492282e-05,-0.006895559117314659,-0.0003245126244411445,0.043049142428848844,9.195443949454102e-06,0.9953597031398056,-1.854174321011717e-06,-0.012720330707454854,-1.244464649318767e-06,9.702036155685578,-1.8541507878710364e-06,-0.01272032054666873,-1.244472029127783e-06,9.702035921677517,0.5,0.0,0.0,1.0,0.0,0.0,0.0
40.400000000000006,169.2378753916812,-0.000597090768835688,7.319424648457636,4.397620675853146e-05,-6.816523093082527e-05,-5.4846054627048154e-05,-0.4461830831747751,0.7719111622068099,0.43169834374005484,0.1367857959046547,1282524.6846287616,-5002576.234687859,3735628.345768315,0.629415643271072,-1.319828747142723,3051.1005840056264,0.0,-0.0017365460091438498,0.0432223285872791,0.7855752484014592,-4.787947645295856e-08,5.34358517971268e-09,4.8894372458714295e-09,-4.8090743521411034e-08,5.335094324035508e-09,4.894142819088919e-09,328.3805346069111,0.904484559620753,69667.14198663425,268.3273606671233,0.5158529927883218,0.04322239377118914,-3.5248204289734934e-06,169.39608155040418,12977.106891992726,9.78888114172956,119.75133734765507,119.81089119140746,1.0519161834920965e-06,3925.5887532803563,0.838521646163311,-90765.40439505356,2.4689249983720038e-05,-0.0069716078547024905,-0.0003245615099004138,0.04304914298359972,9.195471178778819e-06,0.9953597071271861,-1.8541658640539168e-06,-0.012720330615505425,-1.2444729495827596e-06,9.702036180107713,-1.8541424512886315e-06,-0.012720320417925902,-1.2444802917738358e-06,9.702035945559338,0.5,0.0,0.0,1.0,0.0,0.0,0.0
40.5,169.2378753887589,-0.0005970925077317926,7.319424699037429,4.3976143331519404e-05,-6.816520972218411e-05,-5.4846220780431416e-05,-0.44618243528400015,0.7719110374842258,0.4316994675950707,0.13678506618851805,1282534.539702389,-5002566.430676603,3735638.026120144,0.6294175259760066,-1.3198264271859796,3051.100583899766,0.0,-0.001736550798320776,0.04322232887646548,0.7855752488908856,-4.789293413409409e-08,5.285081486189856e-09,4.890850513792827e-09,-4.8104262269672436e-08,5.276588243367775e-09,4.895453195874748e-09,328.38053460733187,0.904484559630596,69667.14198757001,268.32736066781075,0.5158529927854254,0.043222394070244606,-3.5248306942563506e-06,169.3960815496701,12977.106892021478,9.78888123470744,119.75133726487216,119.81089127311134,1.053532947992153e-06,3925.58879961781,0.8385241315422804,-90765.40474470683,2.4523564200766526e-05,-0.0067721149757322225,-0.00032460847180792,0.04304914349174965,9.195498434164277e-06,0.9953597109615852,-1.8541571494487249e-06,-0.012720330780404958,-1.2444813386476945e-06,9.702036206544287,-1.8541334127525945e-06,-0.012720320683287862,-1.2444887825313197e-06,9.702035973971249,0.5,0.0,0.0,1.0,0.0,0.0,0.0
40.6,169.23787538558014,-0.0005970942472265586,7.319424756250837,4.39760811802495e-05,-6.816513554035752e-05,-5.484638696768254e-05,-0.4461817873913009,0.7719109127590587,0.4317005914512467,0.13678433647321386,1282544.394748667,-5002556.626624702,3735647.706458651,0.6294194086809055,-1.319824107226058,3051.1005837935954,0.0,-0.0017365555888101945,0.04322232916489889,0.785575249380443,-4.7905297957850344e-08,5.3066909632550704e-09,4.892087984204397e-09,-4.811667956453947e-08,5.298195517470321e-09,4.896727059950134e-09,328.3805346077539,0.9044845596404683,69667.14198850852,268.3273606685002,0.5158529927826196,0.043222394408489295,-3.524840963072668e-06,169.39608154896644,12977.106892055308,9.788881327685424,119.75133718208059,119.81089135486688,1.0619157425987658e-06,3925.5888517131357,0.8385266142472344,-90765.4052088499,2.4779331102562334e-05,-0.006810608000750726,-0.0003246511351684766,0.04304914406304208,9.195525660225708e-06,0.9953597160515124,-1.8541488742180682e-06,-0.012720330731416025,-1.2444896002791027e-06,9.702036228705394,-1.8541252715340907e-06,-0.012720320607374914,-1.2444970019446403e-06,9.702035995650531,0.5,0.0,0.0,1.0,0.0,0.0,0.0
40.7,169.23787538218676,-0.0005970959872249325,7.319424819487782,4.397601907750738e-05,-6.816508107309975e-05,-5.484655320408717e-05,-0.446181139496852,0.7719107880312587,0.4317017153084463,0.13678360675895984,1282554.2497677265,-5002546.822532349,3735657.3867839,0.6294212913857696,-1.3198217872629727,3051.100583686804,0.0,-0.0017365603805220484,0.04322232945320243,0.7855752498701254,-4.7917527483805987e-08,5.308431623677551e-09,4.893312278574214e-09,-4.812896199228407e-08,5.299934027730183e-09,4.897953257151546e-09,328.3805346081783,0.9044845596503978,69667.14198945252,268.3273606691937,0.5158529927799498,0.043222394782314405,-3.524851234860992e-06,169.39608154830864,12977.106892096988,9.788881420663524,119.75133709929307,119.81089143668325,1.0763476942325198e-06,3925.5889029735586,0.8385290991341052,-90765.40569289307,2.477129149787529e-05,-0.006739467104264303,-0.0003246937814334841,0.04304914462517872,9.195552910214672e-06,0.99535972135967,-1.854140353340899e-06,-0.012720330821653967,-1.2444979417093847e-06,9.702036252202447,-1.8541166284760445e-06,-0.012720320685938239,-1.2445053816726234e-06,9.702036018626872,0.5,0.0,0.0,1.0,0.0,0.0,0.0
40.800000000000004,169.23787537856543,-0.0005970977278301954,7.319424888543511,4.397595780236722e-05,-6.816497667737655e-05,-5.484671947701782e-05,-0.44618049160087775,0.77191066330075,0.43170283916645813,0.13678287704612196,1282564.104759567,-5002537.018399546,3735667.067095891,0.6294231740905983,-1.3198194672967243,3051.1005835803226,0.0,-0.0017365651734167927,0.04322232974234384,0.7855752503599274,-4.7928996827080845e-08,5.382945517644623e-09,4.894372595298236e-09,-4.814047715206337e-08,5.3744459462793e-09,4.899142005515252e-09,328.3805346086016,0.9044845596602988,69667.14199039376,268.32736066988514,0.5158529927773537,0.04322239519051576,-3.5248615102314855e-06,169.39608154767453,12977.106892141885,9.788881513641739,119.75133701649514,119.8108915185435,1.0964608936347986e-06,3925.588964357117,0.838531582494921,-90765.40631979174,2.508552688820583e-05,-0.007061129069201875,-0.00032473446280836344,0.0430491452983286,9.195580143468473e-06,0.9953597282344224,-1.854132305529015e-06,-0.012720330459033584,-1.244506139473155e-06,9.702036269100788,-1.8541086649017092e-06,-0.01272032019795805,-1.2445135529752383e-06,9.702036032928822,0.5,0.0,0.0,1.0,0.0,0.0,0.0
40.900000000000006,169.23787537468837,-0.0005970994687445357,7.3194249637368864,4.397589762536378e-05,-6.816487531731716e-05,-5.48468857775037e-05,-0.44617984370464503,0.7719105385671027,0.4317039630240259,0.136782147336878,1282573.9597240575,-5002527.214226097,3735676.747394559,0.6294250567953917,-1.3198171473272973,3051.100583467943,0.0,-0.0017365699673805252,0.043222330038017336,0.7855752508498359,-4.793935876381379e-08,5.402064260283759e-09,4.89550149495705e-09,-4.815088786872467e-08,5.393562678022915e-09,4.900303075873491e-09,328.38053460904825,0.904484559670748,69667.14199138717,268.3273606706149,0.5158529927747507,0.04322239563498101,-3.5248717874263606e-06,169.39608154705013,12977.10689219614,9.788881606620068,119.75133693367845,119.81089160043625,1.1216105253453192e-06,3925.5890146931533,0.8385340672807218,-90765.40684761645,2.4988570471816123e-05,-0.006766128433822224,-0.00032476990807538326,0.04304914585032815,9.195607392349073e-06,0.9953597340227011,-1.8541235297184869e-06,-0.012720330826601666,-1.2445145809290133e-06,9.70203629385729,-1.854099989273891e-06,-0.012720320597703363,-1.2445219629965876e-06,9.702036059326018,0.5,0.0,0.0,1.0,0.0,0.0,0.0
41.0,169.23787537056714,-0.0005971012100280688,7.319425044675342,4.3975837933464956e-05,-6.816473058429684e-05,-5.484705211098056e-05,-0.4461791958082295,0.7719104138303032,0.4317050868810957,0.13678141763130675,1282583.8146613282,-5002517.410012194,3735686.4276799676,0.6294269395001499,-1.3198148273547068,3051.10058335308,0.0,-0.0017365747623664248,0.04322233034046229,0.7855752513398472,-4.7949176830158176e-08,5.485479806553803e-09,4.896486425599626e-09,-4.8160748494292154e-08,5.476976366211001e-09,4.901431968222557e-09,328.3805346095048,0.9044845596814283,69667.1419924025,268.3273606713608,0.515852992772145,0.04322239611339195,-3.5248820668006124e-06,169.39608154643,12977.10689225436,9.788881699598523,119.75133685084035,119.81089168235634,1.1513633424442568e-06,3925.5890727109254,0.8385365507932492,-90765.40749322792,2.506886644493007e-05,-0.006761593003550556,-0.0003248021632757125,0.04304914648656784,9.195634627266587e-06,0.9953597411026633,-1.8541152908212337e-06,-0.01272033093469177,-1.244522862390736e-06,9.70203631440501,-1.854091697871981e-06,-0.012720320578833957,-1.2445302610595387e-06,9.70203607894792,0.5,0.0,0.0,1.0,0.0,0.0,0.0
41.1,169.23787536624957,-0.0005971029517138455,7.319425130675225,4.3975778175022424e-05,-6.816462814526447e-05,-5.484721848337672e-05,-0.446178547911566,0.7719102890903667,0.43170621073775933,0.13678068792924739,1282593.6695713794,-5002507.605757841,3735696.1079521165,0.629428822204873,-1.3198125073789528,3051.100583237596,0.0,-0.0017365795583242877,0.04322233064928768,0.7855752518299584,-4.795910523304456e-08,5.54692363201411e-09,4.897469683646686e-09,-4.817071938416248e-08,5.538418369605805e-09,4.9025210347223e-09,328.3805346099638,0.9044845596921663,69667.14199342334,268.3273606721107,0.5158529927696044,0.04322239662170431,-3.5248923485489685e-06,169.39608154583246,12977.10689231687,9.788881792577087,119.7513367679953,119.81089176431536,1.1851005012886162e-06,3925.5891330453896,0.8385390354803244,-90765.40817403965,2.5074511532707618e-05,-0.006746435070504447,-0.00032483514445262314,0.04304914714821304,9.195661875064533e-06,0.995359748568642,-1.8541068617114727e-06,-0.012720330783018206,-1.2445312039753679e-06,9.702036334273306,-1.8540832523885103e-06,-0.012720320570814538,-1.24453860764038e-06,9.702036099075908,0.5,0.0,0.0,1.0,0.0,0.0,0.0
41.2,169.23787536168876,-0.0005971046939238379,7.319425221887073,4.397571977131987e-05,-6.816443723089532e-05,-5.484738487334732e-05,-0.44617790001506974,0.7719101643471421,0.43170733459360017,0.13677995823143452,1282603.5244540796,-5002497.801462839,3735705.7882109424,0.6294307049095607,-1.3198101874000205,3051.100583116524,0.0,-0.0017365843552281425,0.04322233096639896,0.7855752523201628,-4.796766186450002e-08,5.66624866770104e-09,4.898334798232969e-09,-4.8179313397797074e-08,5.6577417009095956e-09,4.903592584429356e-09,328.380534610445,0.9044845597034239,69667.14199449356,268.32736067289693,0.5158529927669744,0.04322239716081789,-3.524902633392311e-06,169.39608154521707,12977.1068923841,9.788881885555778,119.75133668511558,119.81089184628388,1.2226516566589888e-06,3925.589193089657,0.8385415187061068,-90765.40889480484,2.530117944442655e-05,-0.006704433281801708,-0.0003248648583750207,0.04304914780667587,9.19568910683752e-06,0.9953597564727616,-1.8540989491572924e-06,-0.012720330763525462,-1.2445393903362207e-06,9.70203635200768,-1.8540753363952735e-06,-0.012720320604897535,-1.244546795177075e-06,9.70203611807113,0.5,0.0,0.0,1.0,0.0,0.0,0.0
41.300000000000004,169.23787535691838,-0.0005971064363662717,7.319425318030988,4.397566133145446e-05,-6.816430574239999e-05,-5.48475512978249e-05,-0.44617725211941517,0.7719100396004198,0.431708458447974,0.13677922853896018,1282613.3793095597,-5002487.997127387,3735715.4684565077,0.6294325876142131,-1.3198078674179246,3051.1005829929686,0.0,-0.0017365891529682665,0.04322233129469718,0.7855752528104536,-4.797630492546746e-08,5.745808623139356e-09,4.899233248659943e-09,-4.818799528140311e-08,5.737299954074443e-09,4.904628384367744e-09,328.3805346109361,0.9044845597149123,69667.14199558574,268.3273606736992,0.5158529927643403,0.04322239772907333,-3.5249129196077536e-06,169.3960815446054,12977.106892455215,9.788881978534587,119.7513366022179,119.8108919282756,1.263244282808293e-06,3925.5892625427955,0.838544004136377,-90765.40968407776,2.5169159201523088e-05,-0.006809224812023838,-0.0003248938084054255,0.043049148568319096,9.195716362785558e-06,0.995359765128157,-1.8540902050845905e-06,-0.012720330603350845,-1.2445478426092647e-06,9.702036372095472,-1.8540667197628214e-06,-0.012720320419442032,-1.2445552074937797e-06,9.702036137599618,0.5,0.0,0.0,1.0,0.0,0.0,0.0
41.400000000000006,169.2378753519707,-0.0005971081794260643,7.319425418276118,4.397560317048123e-05,-6.816413583895672e-05,-5.484771775457817e-05,-0.4461766042237035,0.7719099148504875,0.43170958230179374,0.13677849885025248,1282623.2341378194,-5002478.19275148,3735725.148688813,0.6294344703188303,-1.3198055474326653,3051.100582863204,0.0,-0.0017365939515818576,0.043222331630085806,0.7855752533008336,-4.7984558704679744e-08,5.843752390283479e-09,4.900068974292823e-09,-4.8196285173021506e-08,5.835242100036039e-09,4.9056334441478105e-09,328.3805346114519,0.9044845597269782,69667.14199673281,268.32736067454186,0.5158529927616677,0.04322239832156219,-3.5249232094676635e-06,169.39608154399386,12977.106892534632,9.78888207151352,119.75133651930042,119.8108920102871,1.3067408506373144e-06,3925.5893173667528,0.8385464893949541,-90765.41039740313,2.5289630936281175e-05,-0.006435327435296953,-0.0003249247487590094,0.043049149169534486,9.19574361685076e-06,0.9953597729506897,-1.8540823042746252e-06,-0.012720331050452265,-1.2445560249391718e-06,9.702036394817103,-1.8540586177131377e-06,-0.01272032092934024,-1.2445634530183459e-06,9.702036161592092,0.5,0.0,0.0,1.0,0.0,0.0,0.0
41.5,169.23787534677075,-0.0005971099227214858,7.319425523470614,4.397554622510257e-05,-6.8163932011085e-05,-5.484788422614809e-05,-0.446175956329648,0.7719097900967745,0.43171070615334234,0.13677776916828546,1282633.0889387275,-5002468.388334925,3735734.8289077943,0.6294363530234124,-1.3198032274442273,3051.1005827303356,0.0,-0.0017365987509535188,0.04322233198032419,0.785575253791288,-4.799172725887504e-08,6.004000980191501e-09,4.900779005939606e-09,-4.820348440860039e-08,5.995489192875547e-09,4.90662112689111e-09,328.38053461198,0.9044845597393326,69667.14199790733,268.3273606754047,0.5158529927588595,0.04322239894330582,-3.5249335007193604e-06,169.39608154334414,12977.106892612337,9.788882164492577,119.75133643633721,119.81089209229037,1.3526775560398115e-06,3925.5893912592605,0.8385489738679275,-90765.41128711475,2.5356779336079194e-05,-0.006635289197617372,-0.0003249501149911841,0.043049149979861125,9.195770862300803e-06,0.995359782707525,-1.8540741605883786e-06,-0.012720330794220795,-1.2445642982202726e-06,9.702036412421261,-1.8540504953950312e-06,-0.012720320609029416,-1.2445717193957485e-06,9.702036177880832,0.5,0.0,0.0,1.0,0.0,0.0,0.0
41.6,169.23787534138685,-0.0005971116662348055,7.319425632786011,4.397548904982574e-05,-6.816377332911074e-05,-5.4848050731024505e-05,-0.4461753084368874,0.7719096653394066,0.43171183000301333,0.1367770394923636,1282642.943712415,-5002458.583877918,3735744.509113515,0.6294382357279592,-1.3198009074526258,3051.1005825931206,0.0,-0.001736603551044742,0.043222332343640604,0.7855752542818168,-4.799909829168541e-08,6.083751741241854e-09,4.9015954314460674e-09,-4.8210890720017953e-08,6.0752383936354115e-09,4.907575312765575e-09,328.38053461252537,0.9044845597520911,69667.14199912024,268.32736067629577,0.5158529927560067,0.04322239958940067,-3.524943793257502e-06,169.39608154268865,12977.10689269496,9.788882257471759,119.75133635335243,119.81089217430717,1.400523882940283e-06,3925.589466808953,0.8385514590094256,-90765.41216367153,2.534611970101414e-05,-0.006672022530503752,-0.00032497492989313033,0.04304915080836093,9.195798115082083e-06,0.9953597923201003,-1.8540656736374048e-06,-0.012720330619784092,-1.2445726822414956e-06,9.702036432952994,-1.85404220700101e-06,-0.012720320516122272,-1.2445800412660186e-06,9.702036200358798,0.5,0.0,0.0,1.0,0.0,0.0,0.0
41.7,169.2378753358364,-0.0005971134102424811,7.319425745628865,4.3975432033650315e-05,-6.816359314513153e-05,-5.484821726476812e-05,-0.44617466054486205,0.7719095405785626,0.4317129538513761,0.13677630982150718,1282652.7984588814,-5002448.779380459,3735754.1893059746,0.6294401184324706,-1.3197985874578608,3051.1005824506283,0.0,-0.0017366083518770047,0.04322233271748252,0.7855752547724214,-4.8006282890362094e-08,6.2158203908347915e-09,4.9022921745036965e-09,-4.821810542600987e-08,6.2073056116820555e-09,4.9085007845461296e-09,328.38053461309175,0.9044845597653405,69667.14200037983,268.32736067722107,0.5158529927530783,0.043222400256342275,-3.5249540887142767e-06,169.3960815420192,12977.106892782485,9.78888235045106,119.75133627034089,119.81089225633097,1.450118573664838e-06,3925.589538389013,0.8385539445738969,-90765.41305875113,2.5449156025709124e-05,-0.00664664801285916,-0.00032500155262215095,0.04304915159332859,9.195825372501808e-06,0.9953598021358024,-1.854057841224571e-06,-0.012720330654474086,-1.2445808571183792e-06,9.702036454065917,-1.854034150360444e-06,-0.012720320516811698,-1.2445882862006866e-06,9.702036220534312,0.5,0.0,0.0,1.0,0.0,0.0,0.0
41.800000000000004,169.23787533011296,-0.0005971151546487461,7.319425861938431,4.3975375559023284e-05,-6.816339998320598e-05,-5.4848383821961336e-05,-0.4461740126539134,0.7719094158141129,0.43171407769809983,0.13677558015629912,1282662.6531779957,-5002438.974842352,3735763.86948511,0.6294420011369468,-1.3197962674599173,3051.1005823031687,0.0,-0.0017366131534026555,0.04322233310337514,0.7855752552630964,-4.801287130099866e-08,6.3559455851151785e-09,4.9029518286602015e-09,-4.822472234145146e-08,6.347429426604159e-09,4.90940319448589e-09,328.38053461367787,0.9044845597790516,69667.1420016833,268.32736067817865,0.5158529927500489,0.04322240094377401,-3.524964386524533e-06,169.39608154132674,12977.106892873111,9.78888244343049,119.75133618729706,119.81089233835448,1.501142861866832e-06,3925.589610658467,0.8385564311444077,-90765.41397090384,2.543541842096641e-05,-0.006573621717598155,-0.0003250276091643299,0.043049152385856354,9.195852640954056e-06,0.9953598121387333,-1.8540496911994721e-06,-0.01272033074599199,-1.2445891333419531e-06,9.70203647582433,-1.8540259111174056e-06,-0.012720320585837542,-1.2445965906136477e-06,9.702036241843924,0.5,0.0,0.0,1.0,0.0,0.0,0.0
41.900000000000006,169.23787532417026,-0.0005971168992558764,7.319425982147116,4.397531990602263e-05,-6.816314860903345e-05,-5.484855039542236e-05,-0.4461733647649733,0.7719092910457708,0.43171520154225534,0.13677485049832905,1282672.5078698888,-5002429.17026379,3735773.549650984,0.6294438838413879,-1.31979394745881,3051.1005821501217,0.0,-0.0017366179555531836,0.04322233350548522,0.7855752557538325,-4.801874725720205e-08,6.5543787032244645e-09,4.903491542282098e-09,-4.823062162004403e-08,6.5458612855159814e-09,4.910287035977186e-09,328.38053461428615,0.9044845597932823,69667.14200303618,268.32736067917244,0.5158529927468306,0.04322240165425795,-3.524974685521616e-06,169.39608154058368,12977.106892963437,9.788882536410048,119.75133610420228,119.81089242035742,1.5533249137315403e-06,3925.5896909038124,0.838558915536523,-90765.414972645,2.5647476909624815e-05,-0.006734689510088785,-0.0003250488633662715,0.04304915326585004,9.195879885517385e-06,0.9953598231241167,-1.8540418401479704e-06,-0.012720330498057012,-1.2445973278550034e-06,9.702036493943538,-1.8540181638094796e-06,-0.012720320318486208,-1.244604752549744e-06,9.702036259491397,0.5,0.0,0.0,1.0,0.0,0.0,0.0
42.0,169.2378753180685,-0.0005971186439361625,7.3194261056569205,4.3975263971494835e-05,-6.816297396551574e-05,-5.484871699707335e-05,-0.44617271687802523,0.7719091662735359,0.4317163253838847,0.13677412084752075,1282682.3625345603,-5002419.365644775,3735783.229803597,0.6294457665457939,-1.3197916274545392,3051.1005819914863,0.0,-0.0017366227582769028,0.04322233392364296,0.7855752562446281,-4.8024848429485786e-08,6.678319291146575e-09,4.9041326841713586e-09,-4.8236750497397576e-08,6.669800550580742e-09,4.911142847397723e-09,328.3805346149167,0.9044845598080326,69667.14200443846,268.32736068020256,0.5158529927435276,0.04322240238425184,-3.5249849849509002e-06,169.39608153982434,12977.106893058723,9.788882629389725,119.75133602108185,119.81089250236295,1.6060934520112369e-06,3925.589771574786,0.8385614020538668,-90765.41594937751,2.5468541499504345e-05,-0.006704472757750476,-0.00032506906628857683,0.043049154150511304,9.195907153386588e-06,0.9953598338352483,-1.8540333945822095e-06,-0.012720330531026586,-1.2446057145330892e-06,9.702036518766596,-1.8540096435451835e-06,-0.012720320320257527,-1.2446131626241212e-06,9.702036283642052,0.5,0.0,0.0,1.0,0.0,0.0,0.0
42.1,169.23787531186727,-0.000597120389147952,7.319426231336865,4.3975207791924954e-05,-6.816281607533299e-05,-5.4848883629711896e-05,-0.44617206899164086,0.7719090414978507,0.4317174492244319,0.13677339120139914,1282692.217171879,-5002409.560985114,3735792.9099428854,0.6294476492501642,-1.3197893074470899,3051.100581830057,0.0,-0.0017366275616423556,0.04322233435138428,0.7855752567354908,-4.803124298378975e-08,6.758145027113755e-09,4.9048183099879535e-09,-4.8243174678919426e-08,6.749624953021778e-09,4.911966491301003e-09,328.38053461555825,0.9044845598230428,69667.14200586542,268.32736068125087,0.5158529927401904,0.04322240312707017,-3.5249952875179366e-06,169.39608153905942,12977.106893156883,9.788882722369527,119.75133593794381,119.81089258437812,1.6594109686351986e-06,3925.5898538306305,0.8385638879789714,-90765.41693349018,2.5693877048275462e-05,-0.006651943372131209,-0.000325093302320586,0.04304915505255271,9.195934414761122e-06,0.9953598446273129,-1.8540255475383369e-06,-0.012720330477605173,-1.2446139029338478e-06,9.702036542480384,-1.8540018799964058e-06,-0.01272032034914386,-1.2446213247476848e-06,9.702036309212913,0.5,0.0,0.0,1.0,0.0,0.0,0.0
42.2,169.2378753054627,-0.0005971221346648047,7.319426360198096,4.3975153093152947e-05,-6.816256522704907e-05,-5.4849050266947644e-05,-0.44617142110725144,0.7719089167182699,0.43171857306245537,0.13677266156243892,1282702.0717819757,-5002399.756285,3735802.590068912,0.6294495319544994,-1.3197869874364767,3051.1005816611773,0.0,-0.0017366323655729978,0.043222334795173865,0.7855752572264084,-4.803611200101913e-08,6.9684538151164815e-09,4.905272741215739e-09,-4.8248063333787084e-08,6.959932611851173e-09,4.912785758630219e-09,328.3805346162295,0.9044845598387455,69667.14200735826,268.32736068234755,0.5158529927366065,0.04322240388870301,-3.5250055918872274e-06,169.3960815382288,12977.106893254917,9.788882815349458,119.7513358547462,119.8108926663601,1.7131970639165212e-06,3925.5899376206094,0.838566374078595,-90765.41798900533,2.574457338849017e-05,-0.006746467819403585,-0.00032511306395569564,0.04304915597141788,9.195961678049484e-06,0.9953598562023978,-1.854017426081062e-06,-0.012720330377394277,-1.244622187896306e-06,9.702036564113902,-1.8539938934782163e-06,-0.012720320175434095,-1.2446295677442628e-06,9.702036329227688,0.5,0.0,0.0,1.0,0.0,0.0,0.0
42.300000000000004,169.23787529889134,-0.0005971238801911134,7.319426492026757,4.397509831789092e-05,-6.816234343623235e-05,-5.484921692735013e-05,-0.4461707732252728,0.7719087919346529,0.43171969689756223,0.1367719319313138,1282711.9263648505,-5002389.95154443,3735812.2701816773,0.6294514146587995,-1.3197846674226998,3051.100581485778,0.0,-0.0017366371699909543,0.04322233525680002,0.785575257717375,-4.804110560644114e-08,7.116410652859368e-09,4.905810808594997e-09,-4.8253080190759523e-08,7.107888269324426e-09,4.9135803032270735e-09,328.3805346169267,0.9044845598550546,69667.1420089087,268.3273606834865,0.5158529927328649,0.043222404667879716,-3.5250158963131402e-06,169.39608153735978,12977.10689335576,9.78888290832952,119.7513357715093,119.81089274832684,1.7669335656833596e-06,3925.590021618251,0.8385688603778252,-90765.41901382555,2.5653652164198174e-05,-0.0066336331751977486,-0.00032512995244013204,0.04304915689256034,9.195988943526788e-06,0.9953598674408729,-1.8540092471749484e-06,-0.01272033042190998,-1.2446305008276027e-06,9.702036589766113,-1.853985625169468e-06,-0.012720320295574999,-1.2446379084247019e-06,9.702036356327223,0.5,0.0,0.0,1.0,0.0,0.0,0.0
42.400000000000006,169.2378752922102,-0.0005971256259525459,7.319426625986179,4.397504304871223e-05,-6.816217620285401e-05,-5.484938361620502e-05,-0.44617012534491723,0.771908667147236,0.43172082073055507,0.13677120230665285,1282721.7809203723,-5002380.146763215,3735821.950281118,0.6294532973630642,-1.3197823474057444,3051.1005813072748,0.0,-0.0017366419749208105,0.04322233573268508,0.7855752582083957,-4.804654748932959e-08,7.232351954136915e-09,4.906376149853905e-09,-4.825854650374257e-08,7.223828391279686e-09,4.914346498121334e-09,328.3805346176362,0.9044845598716523,69667.14201048661,268.32736068464567,0.5158529927290502,0.04322240545965126,-3.525026202127432e-06,169.39608153647308,12977.106893458042,9.788883001309701,119.75133568824842,119.81089283029274,1.8203881729424652e-06,3925.5901146169126,0.8385713472617617,-90765.420102889,2.560185640163365e-05,-0.006740350651398072,-0.0003251486179483847,0.043049157912410596,9.196016215416154e-06,0.9953598793838581,-1.854000999439043e-06,-0.012720330248437587,-1.2446388317489354e-06,9.702036615900424,-1.8539773978335537e-06,-0.012720320092547859,-1.2446462330528102e-06,9.702036381833665,0.5,0.0,0.0,1.0,0.0,0.0,0.0
42.5,169.23787528543355,-0.0005971273722688735,7.319426761506741,4.397498802879346e-05,-6.816197492295389e-05,-5.484955032664232e-05,-0.4461694774653657,0.7719085423562978,0.4317219445622632,0.13677047268701464,1282731.6354486719,-5002370.341941547,3735831.6303672977,0.6294551800672937,-1.3197800273856253,3051.1005811234936,0.0,-0.0017366467804029201,0.043222336219080525,0.7855752586994734,-4.805174589419794e-08,7.380285087112235e-09,4.906863822409627e-09,-4.826376598277991e-08,7.37176043143698e-09,4.915090656572557e-09,328.38053461836665,0.9044845598887407,69667.14201211116,268.3273606858391,0.5158529927251174,0.043222406260654475,-3.5250365112180306e-06,169.3960815355585,12977.106893563085,9.788883094290007,119.75133560495654,119.81089291225008,1.8736261638470826e-06,3925.59020239137,0.8385738345103401,-90765.42117785655,2.575000559872941e-05,-0.006718326444241717,-0.0003251706855196641,0.04304915887497071,9.196043491304284e-06,0.9953598911722634,-1.8539932301565164e-06,-0.012720330262094326,-1.2446470034815808e-06,9.702036641738307,-1.8539695721721456e-06,-0.012720320078922025,-1.2446544224806569e-06,9.702036407263021,0.5,0.0,0.0,1.0,0.0,0.0,0.0
42.6,169.2378752784787,-0.0005971291187339886,7.319426899581448,4.3974934102481254e-05,-6.816171609980512e-05,-5.4849717043937385e-05,-0.44616882958818604,0.771908417561331,0.4317230683911141,0.13676974307511122,1282741.4899497484,-5002360.537079425,3735841.310440216,0.6294570627714882,-1.3197777073623425,3051.100580931641,0.0,-0.0017366515863366902,0.043222336723068855,0.7855752591905947,-4.805586864339349e-08,7.559672315332748e-09,4.907288948707664e-09,-4.826790710367744e-08,7.551146627917554e-09,4.9158269534602746e-09,328.38053461912926,0.9044845599065796,69667.14201380705,268.32736068708493,0.5158529927209282,0.04322240707676701,-3.5250468211883785e-06,169.3960815345762,12977.10689366853,9.788883187270446,119.75133552160625,119.81089299417016,1.926443438549086e-06,3925.5902878387787,0.8385763205803336,-90765.42223568668,2.590441184264065e-05,-0.006522541765451646,-0.0003251874250498137,0.04304915981201174,9.196070754267714e-06,0.995359902772735,-1.8539853861881322e-06,-0.012720330414246053,-1.2446552117095324e-06,9.702036668963707,-1.8539618407482088e-06,-0.012720320319604902,-1.2446625954900014e-06,9.702036436467615,0.5,0.0,0.0,1.0,0.0,0.0,0.0
42.7,169.2378752714267,-0.0005971308652531431,7.319427039452008,4.397487958771444e-05,-6.816155819268794e-05,-5.4849883789990745e-05,-0.44616818171302947,0.771908292762427,0.43172419221748065,0.13676901347030918,1282751.3444234717,-5002350.732176657,3735850.9904998094,0.6294589454756471,-1.3197753873358808,3051.100580737926,0.0,-0.0017366563926944395,0.043222337243012963,0.7855752596817609,-4.80605649481071e-08,7.673000486040585e-09,4.90779966612527e-09,-4.827262547846817e-08,7.66447371798903e-09,4.916534041306756e-09,328.38053461989915,0.9044845599245918,69667.14201551942,268.3273606883428,0.5158529927166683,0.043222407903495914,-3.525057131478144e-06,169.39608153357446,12977.106893773474,9.788883280251005,119.75133543823247,119.8108930760862,1.9783562296519624e-06,3925.5903894494586,0.8385788089404627,-90765.42338885843,2.5698527351402117e-05,-0.006708526133211518,-0.0003252045355957357,0.04304916092630388,9.196098042345431e-06,0.9953599154187504,-1.853976987803145e-06,-0.012720330143695334,-1.2446635961378542e-06,9.702036697818505,-1.85395336944767e-06,-0.012720319998289887,-1.2446710027571337e-06,9.702036464065491,0.5,0.0,0.0,1.0,0.0,0.0,0.0
42.800000000000004,169.2378752642844,-0.0005971326122090754,7.319427180579897,4.397482549296566e-05,-6.816135794178929e-05,-5.4850050552287764e-05,-0.44616753383892654,0.771908167959914,0.4317253160423385,0.1367682838709163,1282761.198869972,-5002340.927233435,3735860.670546141,0.6294608281797708,-1.3197730673062555,3051.1005805376917,0.0,-0.0017366611995360665,0.043222337774503315,0.7855752601729762,-4.8064878512171066e-08,7.819773275487075e-09,4.9082349570224785e-09,-4.827695785357082e-08,7.811245507223563e-09,4.917223856220207e-09,328.3805346206951,0.9044845599432101,69667.14201728941,268.3273606896431,0.5158529927122582,0.043222408737663344,-3.5250674443470967e-06,169.39608153253684,12977.106893881622,9.788883373231691,119.75133535482364,119.81089315798647,2.029573182108873e-06,3925.590482027849,0.8385812960029418,-90765.42449564212,2.5859325396198075e-05,-0.006634386063494335,-0.00032522264688266707,0.04304916194154531,9.196125316192746e-06,0.9953599275560607,-1.8539691295162751e-06,-0.012720330227747273,-1.2446718072265324e-06,9.702036727657552,-1.8539456343414008e-06,-0.012720320057563914,-1.2446791752591737e-06,9.702036493512072,0.5,0.0,0.0,1.0,0.0,0.0,0.0
42.900000000000006,169.23787525699944,-0.0005971343592489273,7.319427323649556,4.39747719471819e-05,-6.816113470431252e-05,-5.485021732613592e-05,-0.4461668859670865,0.7719080431534003,0.4317264398644798,0.13676755427901435,1282771.0532892493,-5002331.122249761,3735870.3505792115,0.6294627108838595,-1.3197707472734665,3051.1005803318694,0.0,-0.0017366660067739122,0.04322233832298303,0.7855752606642302,-4.806865651076331e-08,7.979731075833627e-09,4.908634876743282e-09,-4.828075313493657e-08,7.971202348837067e-09,4.917901232407394e-09,328.38053462151305,0.9044845599623479,69667.1420191088,268.3273606909797,0.5158529927076347,0.04322240958331937,-3.5250777577126745e-06,169.3960815314406,12977.106893988239,9.788883466212502,119.75133527136435,119.8108932398543,2.0798583202363863e-06,3925.5905809840506,0.8385837830002676,-90765.42564520192,2.589407963759268e-05,-0.0066759985655486815,-0.00032523712102575575,0.04304916302672768,9.196152589325569e-06,0.9953599401624664,-1.8539611881160086e-06,-0.012720330099152565,-1.244680054521132e-06,9.702036756866296,-1.8539376968620075e-06,-0.012720319948995007,-1.244687421193335e-06,9.702036523220176,0.5,0.0,0.0,1.0,0.0,0.0,0.0
43.0,169.23787524964493,-0.0005971361064831722,7.31942746778815,4.397471772278327e-05,-6.816094836939636e-05,-5.485038412939971e-05,-0.4461662380966454,0.7719079183431442,0.43172756368479076,0.1367668246930868,1282780.9076811727,-5002321.31722544,3735880.0305989566,0.6294645935879126,-1.3197684272374985,3051.1005801220113,0.0,-0.0017366708144212753,0.043222338884502796,0.7855752611555283,-4.807300904557622e-08,8.111537654199704e-09,4.909055359217093e-09,-4.828512384108094e-08,8.10300797523658e-09,4.918550264270081e-09,328.3805346223472,0.904484559981861,69667.14202096387,268.3273606923424,0.515852992702915,0.0432224104352975,-3.525088072226302e-06,169.39608153032103,12977.106894096667,9.788883559193435,119.75133518788004,119.81089332171422,2.129005454598597e-06,3925.5906813963184,0.8385862712707655,-90765.4268006721,2.585717244126381e-05,-0.00671847249631614,-0.0003252537940107574,0.04304916412787768,9.196179876420365e-06,0.995359952833687,-1.8539532040597612e-06,-0.012720329998953374,-1.2446883111603683e-06,9.702036787720957,-1.8539295766254704e-06,-0.012720319835928175,-1.2446957206386258e-06,9.702036553737113,0.5,0.0,0.0,1.0,0.0,0.0,0.0
43.1,169.2378752421664,-0.0005971378538939324,7.319427613476696,4.397466447827793e-05,-6.816073737613248e-05,-5.4850550935786614e-05,-0.44616559022825625,0.771907793528952,0.4317286875026094,0.1367660951142644,1282790.7620458729,-5002311.512160667,3735889.71060544,0.6294664762919308,-1.3197661071983668,3051.1005799059444,0.0,-0.0017366756224535956,0.043222339462016535,0.7855752616468634,-4.807645058708452e-08,8.278771779752226e-09,4.9094094537254645e-09,-4.82885806854498e-08,8.270241210575572e-09,4.919194497664016e-09,328.380534623206,0.9044845600019513,69667.14202287381,268.3273606937455,0.5158529926979832,0.04322241129644859,-3.525098387783142e-06,169.39608152914454,12977.106894204657,9.788883652174496,119.75133510434726,119.81089340354208,2.1769971324895713e-06,3925.5907833760803,0.8385887595927594,-90765.42797646741,2.5703654019431058e-05,-0.0067821862796310925,-0.00032526731159845886,0.043049165246217276,9.196207164079883e-06,0.995359965727799,-1.8539451696949046e-06,-0.012720329904349922,-1.244696591899508e-06,9.702036819536648,-1.8539212995180225e-06,-0.012720319694683641,-1.2447040771868216e-06,9.70203658419617,0.5,0.0,0.0,1.0,0.0,0.0,0.0
43.2,169.23787523465083,-0.0005971396015767721,7.319427759676825,4.397461027651089e-05,-6.816057115647612e-05,-5.485071777550815e-05,-0.4461649423608039,0.7719076687111774,0.43172981131908433,0.1367653655405629,1282800.6163833495,-5002301.707055442,3735899.3905986636,0.6294683589959136,-1.3197637871560715,3051.100579686463,0.0,-0.0017366804308804884,0.04322234005037577,0.785575262138242,-4.8080875974215125e-08,8.390254013870177e-09,4.909826133064993e-09,-4.829302407971525e-08,8.381722529959054e-09,4.91980443577812e-09,328.38053462407834,0.9044845600223593,69667.14202481393,268.32736069517074,0.5158529926929848,0.043222412160626354,-3.525108704946466e-06,169.39608152795313,12977.106894314918,9.78888374515568,119.75133502079623,119.81089348536707,2.223664324674246e-06,3925.5908853978544,0.8385912473312058,-90765.42913111056,2.5898009066239308e-05,-0.006757824667164185,-0.00032528458290889163,0.04304916636501759,9.19623444534005e-06,0.9953599783899499,-1.8539371771000856e-06,-0.01272032991525677,-1.2447048500255365e-06,9.702036853474551,-1.8539136199605984e-06,-0.012720319675745863,-1.2447122374757866e-06,9.702036617876942,0.5,0.0,0.0,1.0,0.0,0.0,0.0
43.300000000000004,169.23787522703347,-0.0005971413495096772,7.319427906974013,4.397455711364575e-05,-6.816037653323718e-05,-5.485088461895139e-05,-0.4461642944949946,0.7719075438895785,0.43173093513349386,0.13676463597324395,1282810.470693472,-5002291.901909571,3735909.0705785616,0.629470241699861,-1.319761467110597,3051.100579462635,0.0,-0.0017366852396840484,0.04322234065284843,0.7855752626296574,-4.808428934112551e-08,8.515700096654018e-09,4.910213829400846e-09,-4.8296454201506965e-08,8.507167727230008e-09,4.9204096698732924e-09,328.38053462496805,0.9044845600431713,69667.14202679248,268.3273606966242,0.5158529926877938,0.043222413031300325,-3.5251190235871366e-06,169.39608152670746,12977.106894422663,9.788883838136984,119.7513349371993,119.8108935671612,2.2690411848695192e-06,3925.5909937238043,0.8385937359401892,-90765.43032764946,2.588323067640503e-05,-0.006874648733526923,-0.000325299617186056,0.04304916755295133,9.196261736146777e-06,0.9953599915115421,-1.8539289699811101e-06,-0.012720329649828796,-1.2447131814196148e-06,9.702036885650935,-1.8539056111453397e-06,-0.012720319452505012,-1.2447205067068312e-06,9.702036651097984,0.5,0.0,0.0,1.0,0.0,0.0,0.0
43.400000000000006,169.23787521934895,-0.0005971430976696444,7.31942805496925,4.3974503785019184e-05,-6.816017710941132e-05,-5.485105148436544e-05,-0.4461636466304451,0.7719074190642913,0.43173205894624045,0.13676390641159875,1282820.3249763707,-5002282.096723248,3735918.7505451986,0.6294721244037733,-1.3197591470619587,3051.100579232288,0.0,-0.0017366900488538966,0.04322234126761293,0.7855752631211103,-4.808776933042258e-08,8.6583737086288e-09,4.910550698490475e-09,-4.8299948749557506e-08,8.64984051589308e-09,4.920994044343313e-09,328.3805346258836,0.9044845600645897,69667.14202882866,268.32736069812,0.5158529926824497,0.043222413906108384,-3.5251293435689967e-06,169.39608152542485,12977.106894533443,9.788883931118416,119.75133485356918,119.81089364893627,2.313036148097563e-06,3925.5910925944327,0.8385962244031969,-90765.4314630485,2.5968610461243536e-05,-0.00669355308921767,-0.00032531503117515145,0.04304916863719527,9.196289025352694e-06,0.9953600039626567,-1.8539213920367746e-06,-0.012720329855200097,-1.2447213150552747e-06,9.70203692217654,-1.8538977906123555e-06,-0.012720319663480866,-1.2447287163185465e-06,9.70203668747776,0.5,0.0,0.0,1.0,0.0,0.0,0.0
43.5,169.23787521159753,-0.0005971448459308203,7.319428203682338,4.397445043479224e-05,-6.816000412055916e-05,-5.485121836771522e-05,-0.44616299876737026,0.771907294235244,0.43173318275711847,0.1367631768559809,1282830.1792320453,-5002272.291496474,3735928.4304985744,0.6294740071076503,-1.319756827010157,3051.100578999147,0.0,-0.0017366948583561542,0.04322234189560401,0.7855752636125979,-4.809136854853546e-08,8.764348819866933e-09,4.910931265871636e-09,-4.830356441464363e-08,8.7558147833359e-09,4.921558343527136e-09,328.38053462681023,0.9044845600862677,69667.14203088953,268.327360699634,0.515852992676979,0.043222414785167265,-3.525139664149071e-06,169.3960815241064,12977.106894642462,9.78888402409997,119.751334769907,119.81089373069271,2.355510646978587e-06,3925.5912007865218,0.838598713704104,-90765.4326434945,2.590814244863362e-05,-0.006699893844737866,-0.0003253297833279187,0.04304916982366105,9.196316323747255e-06,0.9953600169077692,-1.8539131736936242e-06,-0.01272032975237901,-1.2447296526717531e-06,9.702036958192267,-1.8538896791810273e-06,-0.012720319598203902,-1.2447370203379962e-06,9.702036724311448,0.5,0.0,0.0,1.0,0.0,0.0,0.0
43.6,169.23787520377823,-0.000597146594380987,7.319428353008859,4.3974397514581564e-05,-6.81598259429347e-05,-5.4851385261832514e-05,-0.44616235090561407,0.7719071694024706,0.43173430656628375,0.1367624473061367,1282840.0334603651,-5002262.486229054,3735938.1104386253,0.6294758898114922,-1.319754506955176,3051.100578761039,0.0,-0.0017366996682014009,0.04322234253614673,0.7855752641041197,-4.8094444525763835e-08,8.874297120161066e-09,4.911295097440326e-09,-4.830665611577151e-08,8.865762262873699e-09,4.922112823814685e-09,328.3805346277566,0.9044845601084075,69667.14203299432,268.32736070118017,0.5158529926713515,0.04322241566786137,-3.5251499858456793e-06,169.39608152274664,12977.106894751776,9.788884117081645,119.75133468620913,119.8108938124264,2.3964747389489567e-06,3925.591308240705,0.8386012024333599,-90765.43381379348,2.5910821867687964e-05,-0.00663889617090358,-0.0003253427275402741,0.04304917100203473,9.196343615872926e-06,0.9953600297416068,-1.8539051926542778e-06,-0.01272032974806114,-1.2447379197372523e-06,9.702036995781313,-1.8538817291219709e-06,-0.012720319630853093,-1.2447452779949284e-06,9.702036762875426,0.5,0.0,0.0,1.0,0.0,0.0,0.0
43.7,169.23787519591397,-0.0005971483430297052,7.319428502650433,4.3974344352935255e-05,-6.815965836525478e-05,-5.48515521767698e-05,-0.44616170304486735,0.7719070445660842,0.4317354303740606,0.13676171776149268,1282849.887661461,-5002252.680921183,3735947.7903654156,0.6294777725152987,-1.3197521868970312,3051.1005785195157,0.0,-0.0017367044783828964,0.04322234318776855,0.7855752645956768,-4.809779135926723e-08,8.983150536795856e-09,4.911639084414365e-09,-4.8310017815766396e-08,8.97461489482833e-09,4.92264557763034e-09,328.38053462871665,0.904484560130865,69667.14203512928,268.3273607027486,0.5158529926656075,0.04322241655242506,-3.5251603087150514e-06,169.39608152135563,12977.106894860859,9.78888421006344,119.75133460248298,119.81089389414423,2.435878768617765e-06,3925.5914179691295,0.8386036919232509,-90765.43500118486,2.5887063726160025e-05,-0.006642291293495388,-0.0003253569605047592,0.04304917220534841,9.196370916339943e-06,0.9953600427628845,-1.8538972654965126e-06,-0.012720329682467592,-1.2447461680658633e-06,9.702037033623444,-1.8538737068441042e-06,-0.012720319569680455,-1.2447535560772566e-06,9.70203680077913,0.5,0.0,0.0,1.0,0.0,0.0,0.0
43.800000000000004,169.23787518800054,-0.0005971500919027087,7.319428652559379,4.3974291331527305e-05,-6.815947704526751e-05,-5.4851719107062424e-05,-0.4461610551850335,0.7719069197261144,0.43173655418055124,0.13676098822187327,1282859.741835333,-5002242.87557286,3735957.470278945,0.62947965521907,-1.3197498668357226,3051.100578274578,0.0,-0.0017367092888967164,0.04322234385001574,0.7855752650872676,-4.810105559668917e-08,9.132542232140228e-09,4.911895959806251e-09,-4.831329315573788e-08,9.124005895496984e-09,4.9231617055761146e-09,328.38053462969015,0.9044845601536399,69667.14203729444,268.3273607043391,0.5158529926597276,0.04322241743857821,-3.5251706329092356e-06,169.39608151992698,12977.106894968732,9.788884303045359,119.7513345187243,119.8108939758414,2.4737521471251966e-06,3925.591531097786,0.8386061810142366,-90765.43623283721,2.5985813153457728e-05,-0.0068121868115616204,-0.00032537117140364244,0.043049173445950016,9.196398212432445e-06,0.9953600562695408,-1.8538896191524224e-06,-0.01272032948445477,-1.2447543286873504e-06,9.702037070332526,-1.8538659274510138e-06,-0.012720319270365824,-1.2447617580373759e-06,9.702036835057816,0.5,0.0,0.0,1.0,0.0,0.0,0.0
43.900000000000006,169.2378751800293,-0.0005971518408753133,7.319428802882149,4.397423858786265e-05,-6.815930299584583e-05,-5.485188604910907e-05,-0.4461604073264248,0.7719067948824427,0.4317376779854473,0.13676025868782335,1282869.5959818494,-5002233.070183893,3735967.1501791496,0.629481537922806,-1.319747546771235,3051.1005780243627,0.0,-0.0017367140997114265,0.04322234452430647,0.7855752655788889,-4.810397556038712e-08,9.229943316482165e-09,4.912231909341943e-09,-4.831622763875064e-08,9.221406226362283e-09,4.923666542353603e-09,328.3805346306847,0.9044845601769055,69667.14203950625,268.32736070596394,0.5158529926536934,0.043222418327186755,-3.5251809576922267e-06,169.3960815184585,12977.106895077539,9.788884396027399,119.75133443493186,119.81089405751608,2.510001330927974e-06,3925.591639741017,0.8386086702192007,-90765.43739109319,2.5999844251093737e-05,-0.006670473922271626,-0.00032538332911314223,0.043049174637363144,9.19642550977487e-06,0.9953600689713112,-1.8538816351665122e-06,-0.012720329553739576,-1.2447626002818991e-06,9.702037110935162,-1.8538580102469907e-06,-0.012720319418607543,-1.244770008944014e-06,9.702036877374615,0.5,0.0,0.0,1.0,0.0,0.0,0.0
44.0,169.23787517204002,-0.0005971535899951406,7.319428953159382,4.3974185402501846e-05,-6.815917183806283e-05,-5.485205301315381e-05,-0.4461597594685361,0.7719066700352449,0.43173880178927143,0.13675952915842682,1282879.4501011414,-5002223.264754474,3735976.8300660932,0.6294834206265068,-1.3197452267035834,3051.1005777719743,0.0,-0.0017367189108281837,0.04322234520827604,0.7855752660705426,-4.810737768574621e-08,9.298898000606196e-09,4.912594223805607e-09,-4.831964542267173e-08,9.290360154157561e-09,4.924148316953743e-09,328.38053463168785,0.9044845602003733,69667.14204173726,268.3273607076029,0.5158529926475847,0.043222419215531334,-3.525191283344739e-06,169.39608151696999,12977.10689518618,9.78888448900956,119.75133435111988,119.81089413918178,2.544566234163881e-06,3925.591754475003,0.8386111603842383,-90765.43858161617,2.5955778991519613e-05,-0.006681779962185829,-0.0003253970435218428,0.04304917589556927,9.196452817645738e-06,0.9953600820269309,-1.8538734685886104e-06,-0.012720329540373986,-1.2447709267757199e-06,9.702037152745175,-1.8538499438457998e-06,-0.012720319341757276,-1.2447783041218425e-06,9.702036918988583,0.5,0.0,0.0,1.0,0.0,0.0,0.0
44.1,169.23787516398514,-0.0005971553393060215,7.319429103791607,4.3974133033047065e-05,-6.815900079871814e-05,-5.485221998023252e-05,-0.44615911161170546,0.7719065451844136,0.4317399255916755,0.1367587996342873,1282889.3041932092,-5002213.459284606,3735986.509939776,0.6294853033301723,-1.3197429066327677,3051.10057751555,0.0,-0.0017367237222458817,0.04322234590348843,0.7855752665622251,-4.810998096293598e-08,9.418084536827006e-09,4.912865516953882e-09,-4.832226042554924e-08,9.409546016219805e-09,4.924626394853639e-09,328.38053463270705,0.9044845602242161,69667.14204400394,268.3273607092681,0.5158529926412979,0.04322242010598633,-3.5252016101261463e-06,169.3960815154313,12977.106895292512,9.788884581991836,119.75133426726717,119.81089422081735,2.577584139906719e-06,3925.5918693351914,0.8386136496797966,-90765.43978787308,2.5990144766062467e-05,-0.006729076875096182,-0.0003254082202848408,0.043049177155159345,9.196480115981644e-06,0.9953600952550936,-1.8538656169638256e-06,-0.012720329368819108,-1.244779160288031e-06,9.702037192906548,-1.8538420893488482e-06,-0.012720319217310169,-1.2447865383897751e-06,9.702036959192903,0.5,0.0,0.0,1.0,0.0,0.0,0.0
44.2,169.2378751559253,-0.0005971570888390762,7.319429254103552,4.3974080170502726e-05,-6.815884607235552e-05,-5.485238697081676e-05,-0.4461584637551608,0.7719064203301771,0.4317410493934557,0.13675807011404267,1282899.158257921,-5002203.653774093,3735996.1898001344,0.6294871860338025,-1.3197405865587732,3051.1005772563317,0.0,-0.0017367285339676443,0.04322234660640038,0.7855752670539404,-4.811301349911497e-08,9.511463559769181e-09,4.913158825025946e-09,-4.832530563869456e-08,9.50292436571972e-09,4.925081647616662e-09,328.3805346337374,0.9044845602483189,69667.14204629532,268.3273607109513,0.5158529926349366,0.04322242099455363,-3.525211938219508e-06,169.39608151387384,12977.106895399704,9.788884674974236,119.7513341833962,119.81089430244458,2.60897799838252e-06,3925.591983289221,0.8386161399347353,-90765.44097700529,2.6018017147204745e-05,-0.006723881292971415,-0.00032542181069472576,0.04304917840481223,9.196507424838394e-06,0.9953601082954616,-1.853857761905584e-06,-0.012720329298546001,-1.244787389492716e-06,9.70203723420137,-1.8538341887140802e-06,-0.012720319166799325,-1.2447947820510137e-06,9.70203700077074,0.5,0.0,0.0,1.0,0.0,0.0,0.0
44.300000000000004,169.23787514782921,-0.0005971588384998403,7.319429404462551,4.397402760325034e-05,-6.815870702357644e-05,-5.485255397209748e-05,-0.4461578158994032,0.7719062954723896,0.43174217319410857,0.1367573405985486,1282909.012295408,-5002193.84822313,3736005.869647232,0.6294890687373974,-1.3197382664816149,3051.1005769936987,0.0,-0.0017367333459649506,0.043222347319255436,0.7855752675456835,-4.811579576000723e-08,9.582036455440145e-09,4.913479901128415e-09,-4.832810177642817e-08,9.573496574156496e-09,4.925525035180559e-09,328.3805346347812,0.9044845602727392,69667.14204861691,268.3273607126568,0.5158529926284496,0.0432224218834077,-3.5252222670674926e-06,169.39608151228214,12977.106895506198,9.788884767956755,119.75133409949632,119.81089438405235,2.638736111097255e-06,3925.592098699572,0.8386186300728967,-90765.44215264091,2.603617783768593e-05,-0.006667134745507995,-0.00032543399748602306,0.04304917967043556,9.196534732414531e-06,0.9953601211878225,-1.8538498166556164e-06,-0.012720329283326058,-1.2447956509686699e-06,9.702037277993474,-1.8538262881856658e-06,-0.012720319188953388,-1.244803029514642e-06,9.702037045548794,0.5,0.0,0.0,1.0,0.0,0.0,0.0
44.400000000000006,169.23787513970464,-0.0005971605883134499,7.319429554742258,4.397397523537835e-05,-6.815856424271423e-05,-5.4852720985259534e-05,-0.446157168044203,0.7719061706111237,0.4317432969938716,0.13675661108739592,1282918.8663056698,-5002184.042631718,3736015.549481069,0.6294909514409571,-1.3197359464012923,3051.1005767285824,0.0,-0.0017367381582391662,0.04322234804099178,0.7855752680374551,-4.811837156085839e-08,9.682100680034551e-09,4.913737624020327e-09,-4.833068871674273e-08,9.673560176959478e-09,4.925956348172337e-09,328.380534635835,0.9044845602973903,69667.14205096042,268.3273607143784,0.5158529926218502,0.043222422771801376,-3.5252325968184378e-06,169.3960815106586,12977.10689561113,9.788884860939387,119.75133401556926,119.81089446564219,2.6669117749733594e-06,3925.5922181204996,0.8386211208390281,-90765.44337086468,2.5953750670422477e-05,-0.006786358876834426,-0.00032544563472831776,0.043049180980040035,9.196562046877167e-06,0.9953601345472171,-1.8538416912516491e-06,-0.012720329112857781,-1.2448039708348542e-06,9.70203732085297,-1.8538182084547448e-06,-0.012720318958307185,-1.2448113351590964e-06,9.702037086989224,0.5,0.0,0.0,1.0,0.0,0.0,0.0
44.5,169.23787513157333,-0.0005971623383036598,7.3194297046784635,4.397392255217474e-05,-6.815843618360277e-05,-5.485288801828701e-05,-0.4461565201892301,0.7719060457464676,0.4317444207930848,0.13675588158001128,1282928.7202885756,-5002174.236999662,3736025.229301582,0.6294928341444816,-1.3197336263177908,3051.100576460672,0.0,-0.0017367429707916405,0.0432223487701115,0.7855752685292557,-4.812126172503564e-08,9.75603972375008e-09,4.914020559516642e-09,-4.833359110982871e-08,9.747498594531525e-09,4.926367478449295e-09,328.3805346368998,0.9044845603223013,69667.14205332864,268.3273607161181,0.5158529926151677,0.043222423658170875,-3.525242927612359e-06,169.39608150901347,12977.106895716479,9.788884953922144,119.7513339316226,119.81089454722114,2.693493833009578e-06,3925.592335383406,0.8386236115631533,-90765.44455693806,2.5975964941649392e-05,-0.006788295479538634,-0.0003254583806216837,0.043049182265979015,9.196589360879152e-06,0.995360147554041,-1.8538339505164987e-06,-0.012720329061719864,-1.2448121681580742e-06,9.702037365479704,-1.8538103069127981e-06,-0.012720318895724649,-1.244819582631001e-06,9.702037131239052,0.5,0.0,0.0,1.0,0.0,0.0,0.0
44.6,169.23787512340985,-0.0005971640884062828,7.31942985454067,4.3973870210803665e-05,-6.815829298956981e-05,-5.4853055060190577e-05,-0.4461558723347575,0.7719059208783484,0.43174554459147707,0.13675515207684907,1282938.5742442564,-5002164.431327156,3736034.909108835,0.6294947168479709,-1.3197313062311253,3051.100576189036,0.0,-0.0017367477836011847,0.0432223495078136,0.7855752690210822,-4.812381518581109e-08,9.836603528028418e-09,4.914282666563301e-09,-4.8336155899581174e-08,9.828061798810022e-09,4.926769306000563e-09,328.3805346379795,0.9044845603475586,69667.1420557298,268.3273607178821,0.515852992608354,0.04322242454411215,-3.525253259070629e-06,169.396081507333,12977.106895821384,9.788885046905015,119.75133384764663,119.81089462877935,2.7185495256413605e-06,3925.5924510417785,0.8386261023081003,-90765.4457238524,2.5946399386330633e-05,-0.006705887125711863,-0.0003254694455183239,0.04304918353432222,9.196616675109475e-06,0.9953601603507617,-1.8538259009475513e-06,-0.012720329109247992,-1.24482046641759e-06,9.702037411185756,-1.853802330810028e-06,-0.012720318956368075,-1.2448278580150788e-06,9.702037177390082,0.5,0.0,0.0,1.0,0.0,0.0,0.0
44.7,169.23787511524927,-0.000597165838699322,7.319430003932716,4.3973817725279356e-05,-6.815817501119235e-05,-5.485322211858632e-05,-0.4461552244803107,0.7719057960069174,0.4317466683895337,0.13675442257707282,1282948.4281727122,-5002154.625614201,3736044.588902827,0.6294965995514248,-1.3197289861412957,3051.1005759174004,0.0,-0.0017367525966807465,0.04322235025192269,0.7855752695129369,-4.812657253107958e-08,9.88664728673654e-09,4.914580087842093e-09,-4.833892609974744e-08,9.878104942267281e-09,4.927153409787209e-09,328.3805346390592,0.904484560372816,69667.14205813095,268.3273607196459,0.5158529926014876,0.043222425427279755,-3.5252635916533492e-06,169.39608150563515,12977.106895923625,9.788885139888002,119.75133376365434,119.81089471032935,2.7420500501307288e-06,3925.5925756920587,0.8386285928652104,-90765.44694038281,2.6042408729938308e-05,-0.006869706602402643,-0.0003254815046915086,0.04304918490127329,9.196643987279923e-06,0.9953601736915864,-1.8538180747918666e-06,-0.012720328769723115,-1.2448286926966569e-06,9.702037454778042,-1.8537945815360919e-06,-0.012720318656518686,-1.2448360599674168e-06,9.702037221900088,0.5,0.0,0.0,1.0,0.0,0.0,0.0
44.800000000000004,169.23787510707905,-0.0005971675891698217,7.319430152939745,4.3973765340563115e-05,-6.815804578703192e-05,-5.485338919020231e-05,-0.4461545766258705,0.7719056711321638,0.4317477921872772,0.13675369308065718,1282958.2820738116,-5002144.819860603,3736054.2686834955,0.6294984822548434,-1.319726666048287,3051.1005756407976,0.0,-0.0017367574100230236,0.043222351002365975,0.7855752700048186,-4.812906040273516e-08,9.960115331651327e-09,4.914826013247865e-09,-4.834142460125259e-08,9.951572425950836e-09,4.927526748636645e-09,328.3805346401586,0.9044845603985352,69667.14206057602,268.3273607214422,0.5158529925945101,0.04322242630817906,-3.5252739252842233e-06,169.396081503911,12977.106896028465,9.788885232871104,119.7513336796395,119.81089479186478,2.76409334413567e-06,3925.592687850082,0.8386310846613321,-90765.44807135858,2.595612690415108e-05,-0.006663125418950888,-0.0003254935453216465,0.04304918613123065,9.196671313037731e-06,0.9953601860941943,-1.8538102878756875e-06,-0.012720329009813142,-1.2448369070381354e-06,9.70203750328607,-1.8537864992162147e-06,-0.012720318897322737,-1.2448443671217028e-06,9.702037270171092,0.5,0.0,0.0,1.0,0.0,0.0,0.0
44.900000000000006,169.23787509890127,-0.0005971693397299544,7.31943030161405,4.3973713091691714e-05,-6.815794371488756e-05,-5.485355627334005e-05,-0.4461539287715755,0.7719055462540568,0.43174891598457615,0.136752963587815,1282968.1359476855,-5002135.014066556,3736063.9484509034,0.6295003649582269,-1.319724345952114,3051.100575364195,0.0,-0.0017367622236054273,0.043222351759717344,0.7855752704967252,-4.8131612624298976e-08,1.0011384674938469e-08,4.915095499821922e-09,-4.834398847075233e-08,1.0002841200599507e-08,4.927885073476985e-09,328.380534641258,0.9044845604242544,69667.14206302106,268.3273607232383,0.5158529925874659,0.04322242718711796,-3.525284259444687e-06,169.39608150216495,12977.106896129946,9.788885325854325,119.75133359560537,119.8108948733884,2.784634347108295e-06,3925.59281169942,0.8386335758663458,-90765.44926969035,2.595776010054692e-05,-0.00677027720406971,-0.00032550456719990744,0.04304918748939835,9.196698632313279e-06,0.9953601992354473,-1.8538021608519656e-06,-0.012720328829475975,-1.2448452313290187e-06,9.7020375501941,-1.8537785825992233e-06,-0.01272031868026127,-1.2448526252268629e-06,9.70203731642987,0.5,0.0,0.0,1.0,0.0,0.0,0.0
45.0,169.23787509071636,-0.0005971710904780653,7.319430449840538,4.3973660923576434e-05,-6.81578042510912e-05,-5.485372336925835e-05,-0.4461532809170427,0.7719054213727192,0.43175003978181903,0.13675223409787746,1282977.9897943332,-5002125.20823206,3736073.6282050507,0.6295022476615749,-1.3197220258527773,3051.100575084798,0.0,-0.0017367670374451615,0.043222352522233165,0.7855752709886574,-4.813389743626147e-08,1.0126811338967932e-08,4.915243500671545e-09,-4.834627968141247e-08,1.0118267410020275e-08,4.928233452994042e-09,328.3805346423685,0.9044845604502335,69667.14206549083,268.3273607250527,0.5158529925803235,0.043222428063417535,-3.5252945947153977e-06,169.39608150039237,12977.106896231096,9.788885418837658,119.75133351154878,119.81089495489702,2.803853418775759e-06,3925.592932362045,0.8386360674955589,-90765.45047750241,2.592190389355002e-05,-0.006906712293319233,-0.00032551551405246955,0.04304918881261964,9.19672595624072e-06,0.9953602124806642,-1.8537945866503667e-06,-0.012720328715016488,-1.2448533824798035e-06,9.702037595928434,-1.853770613146519e-06,-0.01272031842707276,-1.2448609002146358e-06,9.702037359002915,0.5,0.0,0.0,1.0,0.0,0.0,0.0
45.1,169.23787508252317,-0.0005971728412782721,7.319430597760137,4.397360888462287e-05,-6.81576934606665e-05,-5.4853890475452474e-05,-0.44615263306261255,0.7719052964880238,0.4317511635786684,0.13675150461143903,1282987.8436136243,-5002115.402356921,3736083.3079458745,0.629504130364888,-1.3197197057502612,3051.100574802918,0.0,-0.0017367718515095977,0.04322235329146137,0.7855752714806127,-4.813618600786343e-08,1.0155247384363064e-08,4.9155299546195e-09,-4.8348580634150906e-08,1.014670289176369e-08,4.92856907442179e-09,328.3805346434889,0.9044845604764433,69667.14206798252,268.3273607268831,0.5158529925731001,0.04322242893790925,-3.525304930294095e-06,169.39608149859833,12977.106896332267,9.788885511821107,119.75133342747347,119.81089503639396,2.8216291910373075e-06,3925.5930507776807,0.8386385582468832,-90765.45160947916,2.5988575412586908e-05,-0.006760914557393817,-0.0003255248084864343,0.04304919011119979,9.196753270540978e-06,0.9953602248942489,-1.8537865469762722e-06,-0.012720328763690092,-1.2448616836199745e-06,9.702037645325,-1.8537628422272e-06,-0.012720318575726955,-1.2448691173249164e-06,9.702037410666366,0.5,0.0,0.0,1.0,0.0,0.0,0.0
45.2,169.23787507433744,-0.0005971745921968115,7.319430745164789,4.3973556702779504e-05,-6.815759839653625e-05,-5.48540575955594e-05,-0.44615198520792043,0.7719051716001023,0.4317522873754993,0.1367507751278396,1282997.6974056896,-5002105.596441334,3736092.9876734377,0.6295060130681654,-1.319717385644581,3051.100574520106,0.0,-0.0017367766658060156,0.04322235406569701,0.7855752719725922,-4.8138607196784735e-08,1.01837799843351e-08,4.915802275697102e-09,-4.8351013593567974e-08,1.0175234952456721e-08,4.9288907441733536e-09,328.38053464461296,0.9044845605027398,69667.14207048247,268.32736072871955,0.5158529925658258,0.043222429809362,-3.5253152665716567e-06,169.39608149678944,12977.106896432404,9.788885604804673,119.75133334338432,119.8108951178838,2.838041935386097e-06,3925.5931725168143,0.8386410496198545,-90765.45276548089,2.5999259126339092e-05,-0.006736724605260508,-0.000325534617814659,0.043049191446226376,9.196780591658397e-06,0.9953602375712987,-1.8537785720286756e-06,-0.012720328705347894,-1.2448699641885405e-06,9.702037694515411,-1.85375495272326e-06,-0.012720318547928629,-1.244877371082363e-06,9.702037460658016,0.5,0.0,0.0,1.0,0.0,0.0,0.0
45.300000000000004,169.23787506615687,-0.0005971763432812319,7.319430892024795,4.3973504562971964e-05,-6.815749945238317e-05,-5.485422472722868e-05,-0.4461513373528118,0.7719050467090038,0.4317534111724707,0.13675004564680548,1283007.5511705289,-5002095.790485299,3736102.667387741,0.6295078957714079,-1.3197150655357366,3051.100574235432,0.0,-0.0017367814803365847,0.04322235484422927,0.785575272464596,-4.814089021322614e-08,1.0250355636027928e-08,4.915998310216162e-09,-4.8353305084268506e-08,1.024181013985887e-08,4.929202271437209e-09,328.3805346457445,0.9044845605292096,69667.14207299887,268.3273607305682,0.5158529925584838,0.04322243067760122,-3.5253256038288516e-06,169.39608149496217,12977.106896532212,9.78888569778835,119.75133325927887,119.81089519936401,2.853182485829109e-06,3925.593292867691,0.8386435423566683,-90765.45393023988,2.583183182745676e-05,-0.00675286708496795,-0.00032554506792860724,0.04304919276602894,9.196807927732108e-06,0.995360250344383,-1.8537707245317533e-06,-0.012720328720707356,-1.2448782041040701e-06,9.702037744360238,-1.8537467283129313e-06,-0.01272031846546589,-1.2448857289999256e-06,9.702037508106857,0.5,0.0,0.0,1.0,0.0,0.0,0.0
45.400000000000006,169.23787505799325,-0.0005971780945668199,7.3194310381951375,4.39734524971521e-05,-6.815740541096793e-05,-5.4854391870890874e-05,-0.4461506894970388,0.7719049218147906,0.4317545349698364,0.1367493161679125,1283017.4049080107,-5002085.984488622,3736112.3470887206,0.6295097784746149,-1.319712745423713,3051.1005739501365,0.0,-0.0017367862951050924,0.04322235562594503,0.7855752729566245,-4.814324255072868e-08,1.0258548310436547e-08,4.916281348989068e-09,-4.8355669655404154e-08,1.0250002287059998e-08,4.9294993235065665e-09,328.3805346468784,0.904484560555737,69667.14207552078,268.3273607324208,0.515852992551099,0.04322243154176861,-3.5253359422738713e-06,169.39608149312204,12977.106896630878,9.788885790772142,119.75133317516107,119.81089528083827,2.8670940105020772e-06,3925.593414098641,0.8386460335751025,-90765.45506272714,2.5996440356252967e-05,-0.006677265382371006,-0.00032555582553146545,0.04304919409548264,9.196835247154828e-06,0.9953602627635663,-1.8537627276945026e-06,-0.012720328657886916,-1.2448864888533002e-06,9.702037793771677,-1.8537391402815743e-06,-0.012720318511005446,-1.2448938857754761e-06,9.702037560106772,0.5,0.0,0.0,1.0,0.0,0.0,0.0
45.5,169.23787504981556,-0.0005971798459582284,7.319431184056486,4.397340082409053e-05,-6.815729135670401e-05,-5.4854559021147095e-05,-0.44615004164100325,0.7719047969173491,0.43175565876719346,0.1367485866918428,1283027.2586182663,-5002076.178451498,3736122.0267764404,0.6295116611777867,-1.3197104253085254,3051.1005736636,0.0,-0.0017367911100879113,0.043222356412635624,0.7855752734486738,-4.814513400033854e-08,1.0322681752850346e-08,4.9164614917936585e-09,-4.835756889265039e-08,1.0314135296433147e-08,4.929790733324573e-09,328.38053464801726,0.9044845605823799,69667.14207805364,268.3273607342815,0.5158529925436228,0.043222432404117196,-3.5253462813441533e-06,169.39608149125453,12977.106896727006,9.788885883756047,119.75133309102075,119.8108953622963,2.879854717363628e-06,3925.5935400100284,0.8386485247625537,-90765.45625225788,2.6106538421038508e-05,-0.006837112530325307,-0.00032556470684887124,0.04304919547626338,9.196862566237779e-06,0.9953602758083048,-1.8537550418928718e-06,-0.012720328399223029,-1.2448946810706699e-06,9.702037841543671,-1.8537314819203033e-06,-0.012720318219988147,-1.2449020693725358e-06,9.702037607129107,0.5,0.0,0.0,1.0,0.0,0.0,0.0
45.6,169.2378750416601,-0.0005971815974025485,7.319431329293875,4.397334857600737e-05,-6.815721017463811e-05,-5.4854726191257776e-05,-0.4461493937843763,0.7719046720167817,0.4317567825648879,0.13674785721799768,1283037.1123012952,-5002066.3723739255,3736131.7064509,0.6295135438809233,-1.3197081051901736,3051.10057337489,0.0,-0.0017367959252728674,0.04322235720275596,0.7855752739407452,-4.814755960391225e-08,1.0366242272283463e-08,4.916658043955388e-09,-4.83600029929079e-08,1.0357695385377437e-08,4.930062806807927e-09,328.3805346491648,0.9044845606092248,69667.14208060573,268.3273607361563,0.5158529925361186,0.04322243326278012,-3.5253566207268897e-06,169.39608148938225,12977.106896825298,9.788885976740062,119.75133300687418,119.81089544375388,2.891410098904146e-06,3925.593659148547,0.8386510178351549,-90765.45738251564,2.596789127155452e-05,-0.006767657082622476,-0.00032557501041846653,0.043049196782770874,9.196889905993833e-06,0.9953602882030387,-1.8537471473467185e-06,-0.01272032851698061,-1.24490293744108e-06,9.702037893755861,-1.8537233020246988e-06,-0.012720318260456847,-1.2449104150106594e-06,9.702037657439003,0.5,0.0,0.0,1.0,0.0,0.0,0.0
45.7,169.23787503351727,-0.0005971833490492162,7.319431473883237,4.3973296840844745e-05,-6.815711425056812e-05,-5.485489336577818e-05,-0.44614874592690823,0.7719045471131538,0.4317579063631654,0.13674712774596937,1283046.9659569664,-5002056.566255711,3736141.3861120357,0.6295154265840246,-1.3197057850686424,3051.100573085559,0.0,-0.0017368007406854565,0.04322235799522335,0.7855752744328398,-4.81495100499363e-08,1.0373909129467684e-08,4.91691181373591e-09,-4.8361964407938044e-08,1.0365361766922523e-08,4.930329704709909e-09,328.3805346503148,0.9044845606361275,69667.1420831633,268.3273607380351,0.5158529925285638,0.043222434117617885,-3.5253669613044703e-06,169.3960814874946,12977.106896922067,9.788886069724194,119.75133292271373,119.81089552520359,2.9019199327962046e-06,3925.593779090534,0.8386535094437365,-90765.45848964721,2.60804854770282e-05,-0.006635076003449253,-0.00032558418725014775,0.043049198098089436,9.196917229695023e-06,0.9953603003441641,-1.853739133002679e-06,-0.012720328535002387,-1.2449112321295006e-06,9.702037944599024,-1.8537156432058318e-06,-0.012720318389495415,-1.2449185987847295e-06,9.702037711111261,0.5,0.0,0.0,1.0,0.0,0.0,0.0
45.800000000000004,169.2378750253632,-0.0005971851006882866,7.319431618253005,4.397324525479435e-05,-6.815703639184096e-05,-5.485506054800146e-05,-0.4461480980692457,0.7719044222062719,0.43175903016138123,0.13674639827685547,1283056.8195854109,-5002046.760097049,3736151.0657599117,0.6295173092870906,-1.319703464943947,3051.100572796228,0.0,-0.0017368055562776298,0.043222358792919455,0.7855752749249515,-4.815134743766537e-08,1.0401328946171097e-08,4.917122805186007e-09,-4.8363810916294594e-08,1.0392781152419238e-08,4.9305881713927525e-09,328.3805346514648,0.9044845606630303,69667.14208572087,268.32736073991396,0.5158529925209456,0.04322243497116338,-3.5253773018376316e-06,169.39608148558622,12977.10689701566,9.788886162708435,119.75133283853594,119.8108956066414,2.911325139483741e-06,3925.5939083469866,0.838656002003504,-90765.45967040145,2.5954123630243676e-05,-0.006823367160661033,-0.0003255916951924062,0.04304919951555312,9.196944563827192e-06,0.9953603132926571,-1.8537311779564692e-06,-0.012720328223067186,-1.244919514738235e-06,9.702037994640818,-1.8537075315743282e-06,-0.012720318054320211,-1.244926930029866e-06,9.702037760442053,0.5,0.0,0.0,1.0,0.0,0.0,0.0
45.900000000000006,169.23787501721156,-0.0005971868524457706,7.319431762158949,4.397319368135153e-05,-6.815691947130597e-05,-5.4855227739752826e-05,-0.44614745021084895,0.7719042972963083,0.43176015396008377,0.13674566880971034,1283066.6731866286,-5002036.953897939,3736160.7453945274,0.6295191919901214,-1.3197011448160874,3051.100572503172,0.0,-0.0017368103720703171,0.043222359593381755,0.7855752754170836,-4.8153083460952396e-08,1.0467787759857365e-08,4.9172577288819315e-09,-4.836555277341881e-08,1.0459239608006392e-08,4.930838445055675e-09,328.3805346526296,0.9044845606902793,69667.14208831138,268.327360741817,0.5158529925132508,0.04322243582197272,-3.525387643070195e-06,169.39608148366023,12977.106897111522,9.788886255692796,119.75133275434285,119.81089568806954,2.9197982600592813e-06,3925.5940255725536,0.8386584932329808,-90765.4607804465,2.6063485065810016e-05,-0.006701750083154135,-0.0003255985177126813,0.043049200801082634,9.196971883371009e-06,0.9953603254657325,-1.8537235890314745e-06,-0.012720328370368315,-1.2449276828712367e-06,9.702038046523906,-1.8536998838237358e-06,-0.012720318173445072,-1.2449351168125558e-06,9.702037811621517,0.5,0.0,0.0,1.0,0.0,0.0,0.0
46.0,169.23787500907858,-0.0005971886042062552,7.31943190558175,4.397314178895028e-05,-6.815686641465321e-05,-5.485539494411976e-05,-0.44614680235193627,0.7719041723831748,0.431761277759062,0.13674493934490983,1283076.526760488,-5002027.147658189,3736170.4250158197,0.629521074693117,-1.3196988246850485,3051.100572211668,0.0,-0.0017368151880308453,0.04322236039759082,0.785575275909234,-4.8155245267055504e-08,1.0434071032177803e-08,4.917552210236534e-09,-4.8367727307689267e-08,1.0425522396452338e-08,4.931074141441948e-09,328.38053465378823,0.904484560717384,69667.14209088814,268.32736074370996,0.5158529925055588,0.04322243666992781,-3.5253979843205186e-06,169.396081481732,12977.106897204972,9.788886348677263,119.75133267014571,119.81089576949859,2.927153197755198e-06,3925.594152922283,0.8386609853986858,-90765.46190833993,2.6037522573312515e-05,-0.006717959125704162,-0.00032560579123043065,0.04304920219763664,9.196999213181776e-06,0.9953603378345384,-1.8537155060207352e-06,-0.012720328160720235,-1.24493600656916e-06,9.702038098573858,-1.8536919421826755e-06,-0.012720318082857729,-1.2449433960886276e-06,9.70203786631399,0.5,0.0,0.0,1.0,0.0,0.0,0.0
46.1,169.23787500094681,-0.0005971903561938706,7.3194320485030735,4.39730904310484e-05,-6.815676123176651e-05,-5.485556215004778e-05,-0.44614615449209194,0.771904047467022,0.4317624015587298,0.13674420988172936,1283086.3803071205,-5002017.341377991,3736180.1046238523,0.6295229573960772,-1.319696504550845,3051.1005719179907,0.0,-0.0017368200041958382,0.043222361203659125,0.7855752764014042,-4.815680381138909e-08,1.0495506333391974e-08,4.917680861353632e-09,-4.836929141485689e-08,1.0486957358021791e-08,4.931309424257043e-09,328.3805346549555,0.904484560744691,69667.14209348413,268.327360745617,0.5158529924977909,0.04322243751492497,-3.525408326912093e-06,169.39608147978333,12977.106897298192,9.788886441661843,119.75133258593145,119.8108958509158,2.9336921227122543e-06,3925.5942759146246,0.8386634774922902,-90765.46305194775,2.6058019144432377e-05,-0.006778356406274868,-0.00032561292629223153,0.04304920354640627,9.197026542201864e-06,0.9953603503756728,-1.8537077331182601e-06,-0.012720328073407207,-1.2449442322710468e-06,9.702038149328482,-1.8536841349232e-06,-0.012720317937497122,-1.244951632636843e-06,9.702037915756108,0.5,0.0,0.0,1.0,0.0,0.0,0.0
46.2,169.23787499284677,-0.0005971921083426131,7.3194321906903435,4.397303864055257e-05,-6.815668161960745e-05,-5.4855729373033476e-05,-0.4461455066311408,0.7719039225479041,0.4317635253592761,0.13674348041984088,1283096.2338265255,-5002007.535057346,3736189.784218625,0.6295248400990024,-1.3196941844134777,3051.1005716249347,0.0,-0.0017368248205482295,0.04322236201074543,0.7855752768935953,-4.815883924602227e-08,1.0542550713846596e-08,4.917816695936959e-09,-4.837133272271902e-08,1.0534001408069277e-08,4.931526889921569e-09,328.38053465612035,0.90448456077194,69667.14209607463,268.32736074752006,0.5158529924900268,0.04322243835558474,-3.5254186704548553e-06,169.39608147783463,12977.106897390573,9.788886534646535,119.75133250171471,119.81089593233544,2.939323863415666e-06,3925.594402326007,0.8386659696423967,-90765.46421337765,2.6205956817034553e-05,-0.006946258112668255,-0.00032562218597791045,0.0430492049326701,9.197053871841575e-06,0.9953603631122495,-1.853700154194229e-06,-0.01272032789055657,-1.2449523924457113e-06,9.702038200123297,-1.8536765374831375e-06,-0.012720317634871452,-1.2449597984256887e-06,9.702037964227051,0.5,0.0,0.0,1.0,0.0,0.0,0.0
46.300000000000004,169.2378749847578,-0.0005971938605965498,7.319432332403007,4.3972987033909506e-05,-6.815661866617936e-05,-5.485589660380541e-05,-0.44614485876935794,0.771903797625716,0.4317646491604225,0.1367427509597389,1283106.0873185722,-5001997.728696061,3736199.463800074,0.6295267228018921,-1.3196918642729307,3051.100571330326,0.0,-0.001736829637075095,0.04322236282012766,0.7855752773858043,-4.8160610621353186e-08,1.0515754818558448e-08,4.918074200634431e-09,-4.837311522852295e-08,1.0507205082620658e-08,4.931737664423353e-09,328.3805346572913,0.9044845607993335,69667.14209867886,268.3273607494331,0.5158529924822243,0.043222439193442534,-3.5254290146188107e-06,169.39608147587649,12977.106897483582,9.788886627631335,119.75133241748892,119.81089601375085,2.9440920424524584e-06,3925.594522749738,0.8386684629812594,-90765.46528216437,2.614603806946624e-05,-0.006760136011134571,-0.000325631015010147,0.043049206253271605,9.197081214517528e-06,0.9953603748328741,-1.8536921595793085e-06,-0.012720327958687381,-1.2449606843093767e-06,9.702038254414369,-1.853668556995837e-06,-0.01272031783977693,-1.2449680861562757e-06,9.702038021444354,0.5,0.0,0.0,1.0,0.0,0.0,0.0
46.400000000000006,169.2378749766764,-0.000597195612972101,7.319432473651318,4.39729357257822e-05,-6.815653986597827e-05,-5.485606384072295e-05,-0.44614421090661166,0.7719036727005155,0.4317657729623049,0.13674202150117654,1283115.9407833912,-5001987.922294329,3736209.1433682633,0.6295286055047467,-1.3196895441292196,3051.100571035718,0.0,-0.0017368344537789992,0.04322236363117403,0.7855752778780307,-4.8162142537977945e-08,1.0560243600246432e-08,4.918200738660611e-09,-4.837465261670258e-08,1.0551693553881707e-08,4.9319414041245155e-09,328.38053465846224,0.9044845608267267,69667.14210128308,268.3273607513463,0.5158529924743837,0.04322244002855974,-3.5254393595009555e-06,169.3960814739058,12977.10689757467,9.788886720616247,119.75133233325195,119.81089609515973,2.9481140755294177e-06,3925.594647680104,0.8386709564385653,-90765.46642208172,2.6061198525934068e-05,-0.006868702824693576,-0.00032563916085830396,0.04304920762329417,9.197108558492364e-06,0.9953603873335379,-1.8536844107542137e-06,-0.012720327832891423,-1.2449689016695566e-06,9.702038306487367,-1.8536605464749083e-06,-0.012720317623593456,-1.2449763851192319e-06,9.702038071300326,0.5,0.0,0.0,1.0,0.0,0.0,0.0
46.5,169.2378749686188,-0.0005971973654322297,7.319432614290607,4.397288419404978e-05,-6.815647115486472e-05,-5.485623109114827e-05,-0.4461435630427149,0.771903547772361,0.4317668967651199,0.1367412920438136,1283125.7942209826,-5001978.115852151,3736218.8229231923,0.6295304882075657,-1.3196872239823438,3051.1005707411095,0.0,-0.0017368392706538188,0.04322236444300646,0.7855752783702754,-4.816400841670892e-08,1.0561913720080284e-08,4.91838634594927e-09,-4.837652651931083e-08,1.0553363325371476e-08,4.932129789169293e-09,328.3805346596332,0.9044845608541201,69667.14210388731,268.32736075325937,0.5158529924665354,0.04322244086007898,-3.5254497048824402e-06,169.39608147193263,12977.106897665373,9.788886813601273,119.75133224901093,119.8108961765691,2.9513934709513023e-06,3925.594772644293,0.8386734481435656,-90765.4675353228,2.631036736814661e-05,-0.006899569707667236,-0.0003256471426780574,0.04304920899368765,9.197135883250908e-06,0.9953603995416619,-1.853676570618678e-06,-0.012720327699647396,-1.244977147217866e-06,9.702038358728748,-1.8536531572867962e-06,-0.012720317516458272,-1.2449844892636823e-06,9.702038124403966,0.5,0.0,0.0,1.0,0.0,0.0,0.0
46.6,169.23787496056653,-0.0005971991179213155,7.319432754558089,4.3972832793550854e-05,-6.815640443369293e-05,-5.4856398348475785e-05,-0.44614291517792143,0.7719034228411545,0.4317680205686112,0.1367405625881062,1283135.6476312145,-5001968.309369332,3736228.502464798,0.6295323709103496,-1.3196849038322889,3051.1005704452596,0.0,-0.0017368440876851608,0.043222365256803646,0.7855752788625356,-4.816557172310719e-08,1.0590311435610647e-08,4.918521284964923e-09,-4.837809566027554e-08,1.0581760740162231e-08,4.932313974997413e-09,328.3805346608092,0.904484560881629,69667.1421065025,268.3273607551805,0.5158529924586464,0.04322244168940401,-3.5254600504350942e-06,169.39608146994868,12977.106897756084,9.788886906586406,119.75133216476007,119.81089625797303,2.9539683469674096e-06,3925.5948952139534,0.8386759418967588,-90765.46864216027,2.6156965666458257e-05,-0.006904013102321985,-0.0003256541167893617,0.04304921033782204,9.19716323047053e-06,0.995360411679562,-1.8536686594207628e-06,-0.012720327706846103,-1.2449854190757778e-06,9.702038412786072,-1.8536450122389858e-06,-0.012720317450485776,-1.2449928344207547e-06,9.702038176621793,0.5,0.0,0.0,1.0,0.0,0.0,0.0
46.7,169.23787495253356,-0.0005972008704911619,7.319432894293458,4.3972781490372975e-05,-6.815634124448192e-05,-5.4856565612594824e-05,-0.4461422673119604,0.7719032979069983,0.4317691443730567,0.1367398331335616,1283145.501014219,-5001958.502846067,3736238.1819931436,0.6295342536130983,-1.3196825836790695,3051.100570149409,0.0,-0.0017368489048798174,0.043222366071294996,0.7855752793548125,-4.81670701292782e-08,1.054936013221145e-08,4.918769343420912e-09,-4.837960478878428e-08,1.0540809044333696e-08,4.932490726019814e-09,328.38053466198505,0.9044845609091379,69667.14210911769,268.32736075710164,0.5158529924507465,0.04322244251558581,-3.5254703964645803e-06,169.39608146796107,12977.106897846234,9.788886999571647,119.75133208050448,119.8108963393765,2.955893187994718e-06,3925.595016982052,0.8386784347203021,-90765.46970010608,2.615636862578085e-05,-0.006744176196390495,-0.00032566032834694205,0.04304921167316627,9.197190567495342e-06,0.9953604232813023,-1.8536606770837037e-06,-0.012720327683608824,-1.2449937144226438e-06,9.702038466595283,-1.8536371675089166e-06,-0.012720317616785824,-1.2450010869591757e-06,9.702038234703243,0.5,0.0,0.0,1.0,0.0,0.0,0.0
46.800000000000004,169.23787494451372,-0.0005972026231179853,7.3194330335809195,4.3972730124798984e-05,-6.815627524260578e-05,-5.485673288527917e-05,-0.4461416194448826,0.771903172969875,0.43177026817840924,0.13673910368026115,1283155.3543699947,-5001948.696282356,3736247.8615082297,0.6295361363158118,-1.3196802635226859,3051.100569852628,0.0,-0.001736853722227249,0.043222366886697124,0.7855752798471051,-4.8168624560323794e-08,1.0574639617077228e-08,4.9188938496079356e-09,-4.838116460361357e-08,1.056608825126149e-08,4.932659073088503e-09,328.38053466316467,0.9044845609367332,69667.14211174112,268.32736075902886,0.5158529924428216,0.0432224433391226,-3.5254807428305507e-06,169.39608146596717,12977.106897936663,9.788887092557001,119.75133199624241,119.81089642077762,2.95721568654983e-06,3925.595137091923,0.8386809280244243,-90765.47078243452,2.6086591896510992e-05,-0.006675914560472438,-0.0003256665290100914,0.043049212990325894,9.19721790979032e-06,0.9953604351504294,-1.8536529070393664e-06,-0.012720327793909659,-1.2450019443905199e-06,9.702038521475153,-1.853629185087242e-06,-0.012720317656620928,-1.2450093833017087e-06,9.702038287982347,0.5,0.0,0.0,1.0,0.0,0.0,0.0
46.900000000000006,169.23787493650804,-0.0005972043758387947,7.319433172412357,4.397267886892009e-05,-6.815620954879898e-05,-5.48569001637912e-05,-0.44614097157662613,0.7719030480297883,0.4317713919847313,0.13673837422811075,1283165.2076984113,-5001938.889678004,3736257.5410099924,0.62953801901849,-1.3196779433631225,3051.1005695573986,0.0,-0.0017368585397289733,0.04322236770275411,0.7855752803394132,-4.817014045068387e-08,1.057880608445479e-08,4.919048052990611e-09,-4.8382687160944254e-08,1.0570254421012622e-08,4.932820419513457e-09,328.3805346643381,0.9044845609641845,69667.14211435083,268.327360760946,0.5158529924348895,0.043222444159966227,-3.5254910897514666e-06,169.39608146396773,12977.106898024176,9.788887185542466,119.75133191197438,119.81089650217685,2.957971047064708e-06,3925.5952651705834,0.8386834203972897,-90765.47190844944,2.6186935746895134e-05,-0.0068234330636596455,-0.00032567231780347163,0.043049214394873574,9.197245241872869e-06,0.9953604474986351,-1.8536450588048076e-06,-0.01272032751030561,-1.2450101991653264e-06,9.702038573068508,-1.8536215345709077e-06,-0.012720317381106627,-1.2450175761468606e-06,9.702038339915216,0.5,0.0,0.0,1.0,0.0,0.0,0.0
47.0,169.23787492853788,-0.0005972061286735812,7.319433310567827,4.3972627406160444e-05,-6.815617139081262e-05,-5.4857067453331786e-05,-0.44614032370690304,0.7719029230868447,0.431772515792322,0.13673764477658026,1283175.0609995995,-5001929.083033208,3736267.220498495,0.6295399017211328,-1.319675623200395,3051.1005692615486,0.0,-0.0017368633573839065,0.04322236851810292,0.785575280831738,-4.817180106760126e-08,1.0566110572746974e-08,4.919221569242473e-09,-4.838435527931709e-08,1.0557558603597312e-08,4.9329717738430985e-09,328.380534665514,0.9044845609916934,69667.14211696603,268.3273607628672,0.5158529924269725,0.043222444976814066,-3.525501437345095e-06,169.3960814619746,12977.106898113478,9.788887278528039,119.7513318277089,119.81089658358239,2.9581694954335567e-06,3925.595386642298,0.8386859143152561,-90765.47297914998,2.6105826296513273e-05,-0.0067601763539363695,-0.00032567960898225834,0.043049215726967564,9.19727259089944e-06,0.9953604592402472,-1.8536371724897757e-06,-0.012720327556056838,-1.2450184632347229e-06,9.702038628449268,-1.8536135211567385e-06,-0.012720317410556651,-1.245025880011725e-06,9.7020383945945,0.5,0.0,0.0,1.0,0.0,0.0,0.0
47.1,169.23787492057286,-0.0005972078816593285,7.319433448310269,4.3972576328381705e-05,-6.815608584002891e-05,-5.4857234745922455e-05,-0.446139675835807,0.7719027981410151,0.431773639601083,0.1367369153258409,1283184.9142735587,-5001919.276347965,3736276.8999737375,0.6295417844237405,-1.319673303034503,3051.1005689650774,0.0,-0.0017368681751962491,0.043222369333184844,0.7855752813240782,-4.8173103475619734e-08,1.0576878518288929e-08,4.9193508381791195e-09,-4.83856632769116e-08,1.0568326284818253e-08,4.933119675036254e-09,328.3805346666924,0.90448456101926,69667.14211958672,268.3273607647924,0.5158529924190131,0.04322244579122463,-3.52551178583016e-06,169.39608145996874,12977.10689820166,9.78888737151372,119.75133174343237,119.810896664981,2.9580002873785816e-06,3925.595506606427,0.8386884066642964,-90765.47404319102,2.6288795263619104e-05,-0.006671901332599453,-0.0003256858693240313,0.043049217042528946,9.197299922720714e-06,0.9953604709088293,-1.8536294917144556e-06,-0.012720327560438604,-1.2450266638028233e-06,9.702038681389267,-1.8536060454089716e-06,-0.012720317478827578,-1.2450340166075072e-06,9.702038449101899,0.5,0.0,0.0,1.0,0.0,0.0,0.0
47.2,169.2378749126241,-0.0005972096346485487,7.319433585683379,4.3972525106005226e-05,-6.815603255867066e-05,-5.485740204805976e-05,-0.44613902796357463,0.7719026731922054,0.4317747634107835,0.1367361858763027,1283194.7675201583,-5001909.469622083,3736286.579435657,0.6295436671263128,-1.3196709828654314,3051.100568669848,0.0,-0.0017368729931350765,0.04322237014906808,0.7855752818164313,-4.8174574445802754e-08,1.0604101217257382e-08,4.91944156537172e-09,-4.838713817132791e-08,1.0595548761523452e-08,4.93325765044887e-09,328.38053466786585,0.904484561046711,69667.14212219643,268.3273607667095,0.5158529924110623,0.0432224466034528,-3.5255221343357202e-06,169.39608145796316,12977.106898288228,9.788887464499508,119.75133165915429,119.81089674638157,2.957325650735735e-06,3925.5956335127717,0.838690899920043,-90765.47516821037,2.6309431722248407e-05,-0.006854170417585527,-0.00032569191910967126,0.04304921843422067,9.197327264485192e-06,0.9953604832461171,-1.8536217907838483e-06,-0.012720327369416782,-1.2450348731316064e-06,9.702038734470996,-1.8535982434384177e-06,-0.012720317155743224,-1.2450422572211495e-06,9.70203849922456,0.5,0.0,0.0,1.0,0.0,0.0,0.0
47.300000000000004,169.23787490468558,-0.0005972113876608709,7.319433722737222,4.397247404112679e-05,-6.815598107627396e-05,-5.485756935419246e-05,-0.44613838009016155,0.7719025482404452,0.43177588722147076,0.13673545642787116,1283204.6207395291,-5001899.662855756,3736296.2588843163,0.6295455498288498,-1.3196686626931953,3051.1005683736876,0.0,-0.0017368778112000017,0.043222370965518925,0.7855752823087975,-4.8175787446199416e-08,1.0583099617882073e-08,4.919613645827493e-09,-4.8388358611146995e-08,1.0574546871454473e-08,4.933393143616753e-09,328.38053466904296,0.9044845610742489,69667.14212481436,268.3273607686327,0.5158529924030948,0.04322244741379538,-3.5255324829777346e-06,169.396081455954,12977.106898375492,9.788887557485406,119.7513315748719,119.8108968277814,2.9562354493251064e-06,3925.5957557620904,0.8386933944176627,-90765.47622733896,2.6072140382800308e-05,-0.006781227191812847,-0.00032569703308057773,0.0430492197748421,9.197354619868411e-06,0.995360494860828,-1.8536137146953509e-06,-0.01272032735732591,-1.2450432028311172e-06,9.702038789244973,-1.8535899617094136e-06,-0.012720317198992371,-1.2450506515131327e-06,9.702038555342707,0.5,0.0,0.0,1.0,0.0,0.0,0.0
47.400000000000006,169.23787489678043,-0.0005972131408354095,7.319433859151683,4.3972422855366585e-05,-6.815593594239704e-05,-5.4857736669738286e-05,-0.44613773221507075,0.7719024232858943,0.43177701103364646,0.13673472697968145,1283214.4739316707,-5001889.856048982,3736305.938319716,0.6295474325313517,-1.3196663425177948,3051.1005680784583,0.0,-0.0017368826294162467,0.043222371780281585,0.7855752828011794,-4.8177123839228873e-08,1.0581416156719858e-08,4.919742795431315e-09,-4.83897005885953e-08,1.0572863164953616e-08,4.93351929921088e-09,328.3805346702164,0.9044845611017,69667.14212742407,268.32736077054983,0.5158529923951505,0.0432224482203585,-3.5255428325772452e-06,169.3960814539506,12977.10689846239,9.788887650471418,119.75133149059177,119.81089690918705,2.954790994103007e-06,3925.5958785065086,0.8386958879483307,-90765.47730478858,2.6093849071232443e-05,-0.006801755098251463,-0.0003257032583315753,0.043049221120892926,9.197381964647757e-06,0.9953605066764526,-1.8536059297592851e-06,-0.012720327306662607,-1.2450514374641284e-06,9.702038843469962,-1.85358217107354e-06,-0.012720317108602244,-1.2450588882835738e-06,9.702038608516474,0.5,0.0,0.0,1.0,0.0,0.0,0.0
47.5,169.2378748888738,-0.000597214894023157,7.319433995362322,4.397237197039488e-05,-6.815586902360944e-05,-5.4857903987197415e-05,-0.44613708433879024,0.7719022983283784,0.4317781348468225,0.13673399753258866,1283224.3270964518,-5001880.049201569,3736315.6177417925,0.6295493152338183,-1.3196640223392146,3051.100567783229,0.0,-0.0017368874477484931,0.04322237259558048,0.7855752832935726,-4.817833826732652e-08,1.0573847880067318e-08,4.919877389388566e-09,-4.839092083635927e-08,1.0565294642389835e-08,4.9336406727958e-09,328.38053467138985,0.9044845611291511,69667.1421300338,268.327360772467,0.5158529923871747,0.04322244902571989,-3.525553182254947e-06,169.39608145193685,12977.10689854771,9.788887743457535,119.75133140630263,119.81089699058708,2.9530521311234756e-06,3925.596003331492,0.8386983805947573,-90765.47838598116,2.6203323028736684e-05,-0.006848146165929855,-0.00032570777605610073,0.04304922248975984,9.197409299730254e-06,0.9953605185331235,-1.8535980810735231e-06,-0.012720327120620838,-1.2450596968509135e-06,9.702038895945059,-1.8535745601812553e-06,-0.012720316980161973,-1.2450670728571778e-06,9.702038662542272,0.5,0.0,0.0,1.0,0.0,0.0,0.0
47.6,169.23787488099924,-0.0005972166473100374,7.319434131022284,4.3972320802038375e-05,-6.815582432636382e-05,-5.485807131568237e-05,-0.44613643646091233,0.7719021733680443,0.4317792586614136,0.1367332680858639,1283234.1802340036,-5001870.24231371,3736325.2971506086,0.6295511979362496,-1.3196617021574701,3051.1005674886205,0.0,-0.0017368922662126924,0.04322237340952818,0.78557528378598,-4.8179726665561754e-08,1.0560364308000521e-08,4.920013030383195e-09,-4.8392315099495744e-08,1.0551810831515704e-08,4.9337528181352015e-09,328.38053467256077,0.9044845611565445,69667.14213263801,268.32736077438005,0.5158529923792283,0.0432224498278253,-3.5255635325176905e-06,169.39608144993142,12977.10689863347,9.78888783644376,119.75133132201778,119.81089707199467,2.9509906095033975e-06,3925.596127052921,0.8387008734996314,-90765.47945970451,2.6340021980661406e-05,-0.006883140145835924,-0.00032571336449852846,0.043049223846524855,9.197436637646963e-06,0.9953605303078846,-1.8535904061406838e-06,-0.012720327008276988,-1.2450678989590943e-06,9.702038949657661,-1.853566988282994e-06,-0.012720316867974759,-1.2450752427641075e-06,9.702038716270588,0.5,0.0,0.0,1.0,0.0,0.0,0.0
47.7,169.2378748731241,-0.0005972184005970394,7.319434266525039,4.3972269971561814e-05,-6.815577405310993e-05,-5.485823864465615e-05,-0.44613578858187586,0.7719020484047502,0.4317803824769787,0.1367325386402678,1283244.0333443256,-5001860.435385407,3736334.976546165,0.6295530806386457,-1.3196593819725608,3051.100567191839,0.0,-0.0017368970847829361,0.04322237422411055,0.7855752842783977,-4.8180749385509175e-08,1.055494053466202e-08,4.920134596619189e-09,-4.8393343076192654e-08,1.0546386831634382e-08,4.933864900796424e-09,328.3805346737404,0.90448456118414,69667.14213526144,268.3273607763073,0.5158529923712456,0.04322245062900369,-3.5255738827813062e-06,169.39608144791856,12977.106898720996,9.788887929430095,119.75133123772606,119.81089715339859,2.94866453920406e-06,3925.596242331533,0.8387033679251402,-90765.48046846924,2.6143801054731408e-05,-0.006636200188738373,-0.0003257175872059801,0.0430492251107035,9.197463992239392e-06,0.9953605413702907,-1.8535823215485204e-06,-0.012720327315193085,-1.2450762341494798e-06,9.70203900731759,-1.853558800073078e-06,-0.012720317166296694,-1.2450836103941894e-06,9.702038773718433,0.5,0.0,0.0,1.0,0.0,0.0,0.0
47.800000000000004,169.23787486525578,-0.0005972201539561078,7.3194344017689135,4.3972219189632135e-05,-6.815570281350715e-05,-5.485840597831239e-05,-0.4461351407014617,0.7719019234385504,0.43178150629373796,0.13673180919543496,1283253.8864272872,-5001850.628416464,3736344.6559283976,0.6295549633410064,-1.319657061784472,3051.1005668975413,0.0,-0.0017369019034710234,0.043222375038362404,0.7855752847708266,-4.8181758001547526e-08,1.057590918304039e-08,4.920205124151589e-09,-4.83943547436519e-08,1.0567355302223963e-08,4.933971833463446e-09,328.38053467491017,0.9044845612115046,69667.14213786292,268.3273607782184,0.515852992363265,0.04322245142865352,-3.5255842334704443e-06,169.39608144590133,12977.106898804539,9.78888802241654,119.75133115342967,119.81089723480098,2.946135524576713e-06,3925.59636923381,0.8387058605692048,-90765.4815790983,2.6252600543195266e-05,-0.006832432161666138,-0.00032572112713633906,0.043049226502350615,9.197491327295989e-06,0.9953605535497707,-1.8535747647718946e-06,-0.012720326997872854,-1.2450844045746523e-06,9.702039058437043,-1.8535512034043274e-06,-0.01272031682336872,-1.2450917932727257e-06,9.702038824102534,0.5,0.0,0.0,1.0,0.0,0.0,0.0
47.900000000000006,169.2378748574299,-0.0005972219073859388,7.319434536418849,4.397216791164702e-05,-6.815568090445427e-05,-5.4858573324942706e-05,-0.4461344928193629,0.7719017984695573,0.4317826301120119,0.136731079750797,1283263.739483019,-5001840.821407077,3736354.3352973703,0.6295568460433318,-1.3196547415932187,3051.1005666029328,0.0,-0.0017369067222716774,0.043222375850824696,0.7855752852632689,-4.8183196485671584e-08,1.0540979956314772e-08,4.920360893877122e-09,-4.8395799962411194e-08,1.0532425834106172e-08,4.93406683945256e-09,328.38053467608114,0.904484561238898,69667.14214046713,268.32736078013147,0.5158529923553337,0.04322245222478957,-3.5255945845769684e-06,169.39608144390087,12977.106898891061,9.788888115403092,119.75133106914373,119.81089731621667,2.9433144321799887e-06,3925.596488426628,0.8387083553328484,-90765.48260608004,2.6113667391484297e-05,-0.006706738864835257,-0.00032572710901801846,0.04304922780945357,9.197518685596501e-06,0.9953605648119498,-1.8535668855061312e-06,-0.012720327120345702,-1.245092671583791e-06,9.702039114991985,-1.8535430939441233e-06,-0.012720316943074858,-1.2451001323822043e-06,9.702038880534888,0.5,0.0,0.0,1.0,0.0,0.0,0.0
48.0,169.23787484957637,-0.0005972236608725489,7.319434671171723,4.397211769574064e-05,-6.815559922273522e-05,-5.485874066081201e-05,-0.4461338449362086,0.771901673497571,0.43178375393115526,0.13673035030747013,1283273.5925115205,-5001831.014357244,3736364.0146530834,0.6295587287456222,-1.3196524213988006,3051.1005663089454,0.0,-0.0017369115411753362,0.04322237666439471,0.785575285755719,-4.8183640648104706e-08,1.0592375516742065e-08,4.920376337216219e-09,-4.839624479613364e-08,1.0583821266431695e-08,4.93417158842121e-09,328.38053467724967,0.9044845612662336,69667.14214306587,268.32736078204056,0.5158529923473355,0.04322245302153979,-3.525604936019161e-06,169.39608144187721,12977.106898973205,9.788888208389752,119.7513309848398,119.81089739761745,2.94040973436438e-06,3925.596617332696,0.8387108483113729,-90765.48374053127,2.6121206691144305e-05,-0.007009353804990559,-0.000325729177325748,0.04304922922307484,9.197546024320881e-06,0.9953605772526705,-1.8535590946665624e-06,-0.012720326748528379,-1.2451009189647397e-06,9.702039165692955,-1.8535353436624627e-06,-0.012720316448730213,-1.2451083670674246e-06,9.702038928691065,0.5,0.0,0.0,1.0,0.0,0.0,0.0
48.1,169.2378748417697,-0.000597225414382638,7.319434805359327,4.3972066495966446e-05,-6.815558141790324e-05,-5.485890801625642e-05,-0.44613319705139315,0.7719015485227664,0.43178487775179586,0.13672962086438098,1283283.445512661,-5001821.207266773,3736373.6939954725,0.6295606114478771,-1.319650101201203,3051.100566015579,0.0,-0.0017369163601759937,0.04322237747628365,0.7855752862481817,-4.81850975315327e-08,1.051669827421996e-08,4.920592586045207e-09,-4.839771102743126e-08,1.050814373903146e-08,4.9342562408149024e-09,328.38053467841564,0.9044845612935115,69667.14214565912,268.3273607839456,0.5158529923394095,0.04322245381494421,-3.5256152875994916e-06,169.39608143987596,12977.10689905795,9.788888301376518,119.75133090055041,119.8108974790354,2.9372230369399217e-06,3925.596740309876,0.8387133419012327,-90765.4847688152,2.6171824593300082e-05,-0.006923578037063882,-0.00032573419965560205,0.043049230571678206,9.197573369749342e-06,0.9953605885291297,-1.8535510845076352e-06,-0.012720326661088278,-1.2451092288549391e-06,9.702039220705906,-1.8535275997520958e-06,-0.012720316506731976,-1.2451165936875581e-06,9.702038986996731,0.5,0.0,0.0,1.0,0.0,0.0,0.0
48.2,169.23787483396305,-0.0005972271680489842,7.319434939302964,4.3972015841435794e-05,-6.81555040246866e-05,-5.485907536967233e-05,-0.44613254916497413,0.7719014235451431,0.43178600157386543,0.1367288914216372,1283293.298486571,-5001811.400135856,3736383.3733246014,0.6295624941500969,-1.3196477810004408,3051.10056572066,0.0,-0.001736921179294414,0.0432223782867689,0.7855752867406555,-4.8185905881826855e-08,1.0542414761595995e-08,4.920636408915314e-09,-4.839852127524872e-08,1.053386008779132e-08,4.934344740653599e-09,328.3805346795879,0.9044845613209339,69667.14214826608,268.3273607858607,0.5158529923314417,0.043222454606909745,-3.525625640102479e-06,169.39608143786418,12977.106899143157,9.788888394363399,119.7513308162521,119.81089756044743,2.934030376877672e-06,3925.596856657604,0.8387158354386327,-90765.48580087908,2.6225596209023216e-05,-0.0068189281116016,-0.00032573852973841536,0.04304923184758108,9.197600714602514e-06,0.9953605998470412,-1.8535435295084385e-06,-0.012720326776182957,-1.2451173969857295e-06,9.702039274774718,-1.8535199102563845e-06,-0.012720316602078091,-1.2451248041091067e-06,9.702039040455459,0.5,0.0,0.0,1.0,0.0,0.0,0.0
48.300000000000004,169.2378748261933,-0.0005972289217341224,7.319435072784792,4.397196471539924e-05,-6.815548861594741e-05,-5.485924273576756e-05,-0.44613190127695435,0.7719012985646975,0.43178712539737435,0.13672816197921822,1283303.1514332504,-5001801.5929644955,3736393.0526404707,0.6295643768522813,-1.3196454607965138,3051.1005654279143,0.0,-0.0017369259985030347,0.0432223790958129,0.78557528723314,-4.818738900016434e-08,1.0466765264393145e-08,4.920840486778001e-09,-4.840001321554805e-08,1.0458210326786126e-08,4.934417280688468e-09,328.38053468075145,0.904484561348154,69667.14215085382,268.32736078776173,0.515852992323539,0.0432224553961422,-3.525635992716049e-06,169.3960814358693,12977.106899228049,9.78888848735038,119.75133073196456,119.8108976418726,2.930618886232139e-06,3925.596977349822,0.8387183287808261,-90765.48681018731,2.6386832240777444e-05,-0.006673579442819626,-0.0003257441318653739,0.04304923317112689,9.197628057314992e-06,0.9953606109154075,-1.8535354601804369e-06,-0.012720326795462365,-1.2451257240575426e-06,9.702039330594756,-1.8535123777087047e-06,-0.012720316746973371,-1.2451329628896775e-06,9.702039099361407,0.5,0.0,0.0,1.0,0.0,0.0,0.0
48.400000000000006,169.23787481842322,-0.0005972306755872321,7.319435206031938,4.39719142963917e-05,-6.815541489624045e-05,-5.4859410098379014e-05,-0.4461312533872544,0.7719011735814414,0.4317882492223899,0.1367274325370252,1283313.0043525682,-5001791.785752496,3736402.731943016,0.6295662595544305,-1.3196431405894071,3051.1005651348582,0.0,-0.0017369308178319313,0.0432223799031309,0.7855752877256349,-4.818794926833328e-08,1.050651877928782e-08,4.9208510956740484e-09,-4.8400573946084944e-08,1.0497963739524072e-08,4.934496978962635e-09,328.3805346819163,0.9044845613754031,69667.14215344432,268.32736078966474,0.5158529923156024,0.04322245618399064,-3.525646346321427e-06,169.39608143386397,12977.106899311759,9.788888580337476,119.75133064766814,119.81089772329184,2.9272653240634363e-06,3925.5970967149515,0.8387208234791274,-90765.48787142559,2.6288222205864196e-05,-0.0067141178030408685,-0.0003257488206871953,0.043049234480119464,9.197655414898942e-06,0.9953606225532539,-1.85352808247474e-06,-0.01272032676714284,-1.2451338367720581e-06,9.702039383545054,-1.8535044111308904e-06,-0.012720316633052226,-1.2451412598055427e-06,9.702039150055635,0.5,0.0,0.0,1.0,0.0,0.0,0.0
48.5,169.23787481065278,-0.0005972324293057106,7.319435339292,4.397186365057866e-05,-6.815536385459079e-05,-5.48595774683647e-05,-0.4461306054964542,0.7719010485952011,0.43178937304834253,0.13672670309602342,1283322.8572446553,-5001781.978500051,3736412.4112323015,0.6295681422565443,-1.3196408203791359,3051.1005648421124,0.0,-0.0017369356372194905,0.04322238071126982,0.7855752882181363,-4.8188778662456267e-08,1.0486382117241972e-08,4.920957631619018e-09,-4.8401407947484515e-08,1.0477826899199703e-08,4.934568489597234e-09,328.3805346830798,0.9044845614026233,69667.14215603207,268.32736079156575,0.5158529923076685,0.043222456971915346,-3.5256566991320297e-06,169.39608143185882,12977.10689939508,9.788888673324674,119.7513305633707,119.81089780471241,2.923785622203449e-06,3925.597218208638,0.8387233169909162,-90765.48891026032,2.628577551317445e-05,-0.0066817384190091785,-0.00032575125585919553,0.04304923581245441,9.197682759471254e-06,0.9953606339454162,-1.8535201126326665e-06,-0.012720326703752905,-1.2451421404567557e-06,9.702039437635175,-1.8534966121095513e-06,-0.01272031661927954,-1.2451495103743979e-06,9.702039205370552,0.5,0.0,0.0,1.0,0.0,0.0,0.0
48.6,169.2378748029095,-0.000597234183061857,7.319435472195224,4.397181296133433e-05,-6.815534270889636e-05,-5.485974484255201e-05,-0.44612995760403273,0.7719009236061445,0.4317904968757558,0.13672597365531092,1283332.7101095112,-5001772.1712071635,3736422.0905083264,0.629570024958623,-1.3196385001656998,3051.1005645515397,0.0,-0.0017369404566973735,0.04322238151787427,0.785575288710647,-4.818973191907169e-08,1.0452612925066795e-08,4.9210824566911125e-09,-4.8402366601622664e-08,1.0444057517571838e-08,4.934634593184591e-09,328.38053468423476,0.9044845614296415,69667.14215860063,268.32736079345267,0.5158529922997837,0.04322245775772856,-3.5256670521647554e-06,169.39608142986538,12977.106899477296,9.788888766311986,119.75133047908038,119.81089788614237,2.920208172163541e-06,3925.5973456268694,0.8387258110538915,-90765.48999126437,2.6220073469214324e-05,-0.006851209306122738,-0.000325754244353634,0.04304923720975963,9.197710110088036e-06,0.9953606458000197,-1.8535121091307585e-06,-0.012720326408217075,-1.2451504544407136e-06,9.702039490641951,-1.8534886811241562e-06,-0.012720316311063674,-1.245157801431044e-06,9.70203925809015,0.5,0.0,0.0,1.0,0.0,0.0,0.0
48.7,169.23787479514627,-0.0005972359368449808,7.319435605185989,4.397176271240323e-05,-6.815525649652676e-05,-5.4859912213240096e-05,-0.44612930971032433,0.7719007986141486,0.431791620704288,0.13672524421549198,1283342.562947005,-5001762.363873635,3736431.769771028,0.6295719076606664,-1.319636179949084,3051.1005642584837,0.0,-0.0017369452762566772,0.04322238232450394,0.7855752892031642,-4.8190193804404104e-08,1.0509291356632097e-08,4.9210544492063606e-09,-4.8402827280747536e-08,1.0500735888457888e-08,4.934705109343783e-09,328.3805346853996,0.9044845614568906,69667.14216119114,268.3273607953557,0.5158529922918341,0.04322245854406316,-3.525677405357073e-06,169.3960814278558,12977.106899560353,9.788888859299401,119.75133039477738,119.81089796756221,2.9167147695593103e-06,3925.5974653892317,0.8387283039257646,-90765.49105826819,2.6273972256245227e-05,-0.006917120904650706,-0.0003257551017334659,0.04304923852310837,9.197737447642846e-06,0.9953606575010925,-1.853504561440637e-06,-0.01272032638322919,-1.2451586298566922e-06,9.702039543392434,-1.853481019353311e-06,-0.012720316162016635,-1.245166012471894e-06,9.7020393082235,0.5,0.0,0.0,1.0,0.0,0.0,0.0
48.800000000000004,169.2378747874194,-0.0005972376906306324,7.319435737793275,4.3971711843748026e-05,-6.815523303568199e-05,-5.4860079595583156e-05,-0.44612866181502087,0.7719006736193263,0.431792744534263,0.13672451477599162,1283352.4157572675,-5001752.556499665,3736441.449020469,0.6295737903626746,-1.3196338597293036,3051.1005639676005,0.0,-0.0017369500958869931,0.04322238312968584,0.7855752896956907,-4.819126048861268e-08,1.0464765661699257e-08,4.9211909222979425e-09,-4.8403899865770546e-08,1.0456210000083347e-08,4.934764166344338e-09,328.3805346865557,0.9044845614839375,69667.14216376243,268.3273607972445,0.5158529922839585,0.0432224593281268,-3.525687758563902e-06,169.396081425866,12977.106899643539,9.788888952286928,119.75133031048732,119.81089804899702,2.913081920870771e-06,3925.5975880908118,0.8387307981290661,-90765.49209849809,2.6193377229046246e-05,-0.006923830668708877,-0.0003257580662033084,0.043049239868689436,9.197764799798485e-06,0.9953606689085548,-1.853496571156912e-06,-0.012720326265031352,-1.2451669398258884e-06,9.702039597574997,-1.8534730510987457e-06,-0.012720316089407612,-1.2451743157020167e-06,9.702039363310503,0.5,0.0,0.0,1.0,0.0,0.0,0.0
48.900000000000006,169.2378747797168,-0.0005972394446223507,7.319435869965447,4.397166113608644e-05,-6.815519302751391e-05,-5.48602469805052e-05,-0.4461280139177802,0.7719005486217893,0.4317938683660181,0.13672378533623047,1283362.2685402986,-5001742.749085249,3736451.1282566497,0.6295756730646473,-1.3196315395063585,3051.1005636760965,0.0,-0.0017369549156239336,0.043222383931898,0.7855752901882281,-4.819214774063382e-08,1.0451848936777983e-08,4.9212703258276864e-09,-4.840479055267719e-08,1.0443293133071586e-08,4.934821110063193e-09,328.3805346877143,0.9044845615110423,69667.14216633921,268.3273607991375,0.5158529922760956,0.04322246010961803,-3.5256981129870965e-06,169.39608142388164,12977.106899728387,9.788889045274564,119.75133022620001,119.81089813043694,2.90951638159953e-06,3925.5977028767693,0.8387332923309057,-90765.49309879642,2.6224030276599778e-05,-0.0067575051417096636,-0.00032576267625456553,0.043049241127465485,9.197792151938092e-06,0.9953606798781159,-1.853488989734225e-06,-0.012720326456059316,-1.2451751168577906e-06,9.702039653240588,-1.8534653099999683e-06,-0.012720316271490638,-1.2451825427378728e-06,9.702039418475618,0.5,0.0,0.0,1.0,0.0,0.0,0.0
49.0,169.2378747720017,-0.0005972411986364459,7.319436002190941,4.397161078832093e-05,-6.815511669649876e-05,-5.4860414364653836e-05,-0.4461273660192038,0.7719004236213267,0.43179499219894896,0.13672305589726375,1283372.1212959674,-5001732.941630195,3736460.807479507,0.629577555766585,-1.3196292192802332,3051.100563384903,0.0,-0.0017369597354283677,0.04322238473388627,0.7855752906807718,-4.819273487979045e-08,1.0459506517896e-08,4.92131380069612e-09,-4.8405379574279405e-08,1.0450950603409924e-08,4.934877895332677e-09,328.38053468887176,0.9044845615381183,69667.14216891323,268.3273608010284,0.5158529922682035,0.043222460891426936,-3.525708467542602e-06,169.3960814218871,12977.106899811264,9.788889138262304,119.75133014190426,119.81089821187072,2.90604257724425e-06,3925.597821269787,0.8387357854660978,-90765.4941286461,2.636696429581002e-05,-0.006709251064948211,-0.0003257654359285798,0.04304924242579759,9.197819492380536e-06,0.9953606911717457,-1.8534813220057407e-06,-0.012720326432850315,-1.245183324811856e-06,9.702039705898446,-1.8534578093600257e-06,-0.01272031628397184,-1.2451906984573411e-06,9.7020394721396,0.5,0.0,0.0,1.0,0.0,0.0,0.0
49.1,169.23787476428143,-0.0005972429525352582,7.319436134562895,4.397156052122358e-05,-6.815507954971706e-05,-5.486058174960672e-05,-0.44612671811964827,0.7719002986178389,0.4317961160327019,0.13672232645968724,1283381.974024404,-5001723.134134696,3736470.4866891033,0.6295794384684873,-1.3196268990509434,3051.1005630946406,0.0,-0.0017369645552713527,0.043222385537220964,0.7855752911733187,-4.8193282166168764e-08,1.0426390301428528e-08,4.921426609395008e-09,-4.840593173895054e-08,1.0417834217352361e-08,4.9349331270353166e-09,328.3805346900254,0.9044845615651075,69667.14217147903,268.3273608029133,0.5158529922603208,0.043222461674100945,-3.5257188214175304e-06,169.39608141989368,12977.106899893071,9.788889231250156,119.7513300576085,119.81089829330618,2.9024872398863977e-06,3925.5979452120646,0.8387382793322674,-90765.49517528528,2.6280174531030984e-05,-0.006747217230937917,-0.00032576639272942435,0.0430492437849845,9.19784684083909e-06,0.9953607026494941,-1.8534733839865228e-06,-0.01272032626324975,-1.2451916237770388e-06,9.702039759797206,-1.8534498683222515e-06,-0.012720316167165088,-1.2451989979613233e-06,9.702039527166141,0.5,0.0,0.0,1.0,0.0,0.0,0.0
49.2,169.237874756579,-0.0005972447065531984,7.319436266648374,4.397151005522088e-05,-6.815501355122876e-05,-5.48607491407831e-05,-0.4461260702183116,0.7719001736115846,0.4317972398680842,0.13672159702210931,1283391.8267256087,-5001713.326598754,3736480.1658854396,0.6295813211703545,-1.3196245788184888,3051.1005628034472,0.0,-0.0017369693751989003,0.04322238633826992,0.7855752916658748,-4.819394982352015e-08,1.0431185375013438e-08,4.921468668191362e-09,-4.8406601217556124e-08,1.0422629186931454e-08,4.9349835254256565e-09,328.38053469118285,0.9044845615921834,69667.14217405308,268.32736080480424,0.5158529922524487,0.04322246245508084,-3.525729175995596e-06,169.39608141790572,12977.106899976954,9.788889324238111,119.75132997331549,119.81089837474661,2.8990321165878186e-06,3925.5980612636195,0.8387407718886799,-90765.49618949053,2.649919949086756e-05,-0.006636209333614726,-0.00032576838831108293,0.043049245057639456,9.197874174934466e-06,0.9953607137715624,-1.8534658299299797e-06,-0.012720326362371732,-1.2451997978581996e-06,9.702039813618997,-1.853442509385398e-06,-0.012720316270613855,-1.2452071112777938e-06,9.702039581299971,0.5,0.0,0.0,1.0,0.0,0.0,0.0
49.300000000000004,169.23787474889957,-0.0005972464605981589,7.319436398474293,4.397145943998573e-05,-6.815498973915966e-05,-5.486091653730767e-05,-0.4461254223153959,0.7719000486024807,0.43179836370489727,0.13672086758488483,1283401.6793994505,-5001703.519022174,3736489.8450684515,0.6295832038721861,-1.319622258582854,3051.1005625147372,0.0,-0.001736974195187021,0.04322238713795536,0.7855752921584378,-4.819475595424689e-08,1.0415457814245736e-08,4.921541290242554e-09,-4.840741049013599e-08,1.0406901500078372e-08,4.935028811251618e-09,328.3805346923304,0.9044845616190283,69667.14217660516,268.32736080667905,0.5158529922446281,0.04322246323452403,-3.5257395307329275e-06,169.39608141592956,12977.106900059332,9.78888941722618,119.75132988902995,119.81089845619613,2.8955476573481556e-06,3925.598184746726,0.8387432674960821,-90765.4972520439,2.6253281605855264e-05,-0.006754261911353392,-0.0003257720120641085,0.04304924641179096,9.197901542487882e-06,0.9953607254238305,-1.8534579200345807e-06,-0.012720326198319908,-1.245208082211119e-06,9.702039867091239,-1.853434239638456e-06,-0.012720316039377368,-1.2452155080669148e-06,9.702039633045716,0.5,0.0,0.0,1.0,0.0,0.0,0.0
49.400000000000006,169.23787474123924,-0.0005972482147751841,7.31943652999215,4.39714088748356e-05,-6.81549564946965e-05,-5.486108393783611e-05,-0.4461247744106649,0.7718999235906207,0.43179948754337655,0.13672013814759523,1283411.53204606,-5001693.7114051515,3736499.524238203,0.6295850865739825,-1.319619938344055,3051.100562226338,0.0,-0.0017369790152567096,0.043222387935191606,0.7855752926510097,-4.819548834745534e-08,1.039233141703396e-08,4.921623217765017e-09,-4.8408146427265097e-08,1.038377497179357e-08,4.935070542082557e-09,328.3805346934767,0.9044845616458443,69667.1421791545,268.3273608085519,0.515852992236827,0.043222464012145446,-3.5257498862497594e-06,169.39608141395914,12977.106900142177,9.788889510214352,119.75132980474754,119.81089853765077,2.8921694822751456e-06,3925.598305383887,0.8387457618399198,-90765.49828866203,2.6278039356732864e-05,-0.006772528448868842,-0.00032577604339193637,0.043049247734732995,9.19792889618468e-06,0.9953607367916849,-1.8534500462849275e-06,-0.01272032612088316,-1.2452163522210552e-06,9.702039920516723,-1.8534264983879893e-06,-0.01272031595256268,-1.2452237370022757e-06,9.70203968632273,0.5,0.0,0.0,1.0,0.0,0.0,0.0
49.5,169.23787473355654,-0.0005972499689864561,7.319436661674489,4.397135884653149e-05,-6.815486503165243e-05,-5.4861251334743066e-05,-0.4461241265046257,0.7718997985758416,0.4318006113830073,0.13671940871112978,1283421.3846654363,-5001683.903747682,3736509.2033946947,0.6295869692757438,-1.3196176181020909,3051.1005619382486,0.0,-0.0017369838353883049,0.0432223887322934,0.7855752931435859,-4.819575678082442e-08,1.0426175304242368e-08,4.921608656042471e-09,-4.840841423535706e-08,1.0417618809429024e-08,4.9351148301217764e-09,328.38053469462176,0.9044845616726316,69667.14218170109,268.3273608104226,0.5158529922289814,0.043222464790742654,-3.5257602419690792e-06,169.39608141197348,12977.106900222272,9.788889603202636,119.7513297204533,119.81089861909564,2.8889793748376746e-06,3925.5984301667013,0.8387482552029455,-90765.49938072178,2.6386871354735545e-05,-0.007004373280514133,-0.000325777944287447,0.043049249103137475,9.197956239125612e-06,0.9953607487675284,-1.8534427882341084e-06,-0.012720325723557876,-1.2452244348438234e-06,9.702039969100104,-1.853418955415283e-06,-0.01272031556086467,-1.2452319084061179e-06,9.702039734853523,0.5,0.0,0.0,1.0,0.0,0.0,0.0
49.6,169.23787472586605,-0.0005972517229907257,7.319436793607996,4.397130865207173e-05,-6.815482146198066e-05,-5.486141873457461e-05,-0.44612347859772117,0.7718996735579825,0.43180173522335447,0.13671867927624937,1283431.2372574501,-5001674.096049575,3736518.882537862,0.6295888519774699,-1.3196152978569464,3051.100561647676,0.0,-0.0017369886555323364,0.04322238953125006,0.7855752936361636,-4.819617275766088e-08,1.0406991642211365e-08,4.921683487429949e-09,-4.8408833449506406e-08,1.039843502269033e-08,4.935156319765167e-09,328.3805346957767,0.9044845616996499,69667.14218426963,268.3273608123095,0.5158529922211297,0.0432224655708232,-3.525770596466333e-06,169.3960814099909,12977.106900306153,9.788889696191031,119.75132963616058,119.81089870054342,2.885726333741919e-06,3925.598545527042,0.8387507493011481,-90765.50036982597,2.6230352326488752e-05,-0.006799103871943531,-0.0003257775827378399,0.043049250368212374,9.197983590128707e-06,0.9953607596143313,-1.8534345925814092e-06,-0.012720325949004782,-1.2452328180757669e-06,9.702040025888097,-1.8534108897377944e-06,-0.012720315799030305,-1.245240251042806e-06,9.702039792086586,0.5,0.0,0.0,1.0,0.0,0.0,0.0
49.7,169.23787471819224,-0.0005972534770541189,7.319436925356,4.3971258295107053e-05,-6.815477982365996e-05,-5.486158613764064e-05,-0.4461228306892237,0.7718995485372941,0.4318028590651478,0.13671794984168303,1283441.0898222313,-5001664.288311024,3736528.5616677683,0.6295907346791606,-1.3196129776086374,3051.1005613592765,0.0,-0.0017369934757372686,0.04322239032875119,0.7855752941287476,-4.819675787656808e-08,1.0403709132438361e-08,4.921727416260885e-09,-4.840942047045294e-08,1.039515241784827e-08,4.935194555765272e-09,328.38053469692295,0.904484561726466,69667.14218681896,268.3273608141823,0.5158529922133179,0.04322246634980542,-3.5257809513124326e-06,169.39608140801698,12977.10690038846,9.788889789179533,119.75132955187313,119.8108987819981,2.882533798616767e-06,3925.598667885653,0.838753242534953,-90765.50142795539,2.6281488593913888e-05,-0.006894648394677054,-0.000325778112319393,0.043049251710032335,9.198010931652567e-06,0.995360771218085,-1.8534268274791334e-06,-0.01272032580974973,-1.2452410635812668e-06,9.702040078762735,-1.853403212768367e-06,-0.012720315601732394,-1.2452484689257077e-06,9.702039843762849,0.5,0.0,0.0,1.0,0.0,0.0,0.0
49.800000000000004,169.23787471051983,-0.0005972552311924223,7.319437057041419,4.3971208107886565e-05,-6.81547205633396e-05,-5.486175353965669e-05,-0.44612218277923377,0.7718994235137443,0.43180398290828625,0.1367172204076056,1283450.9423597793,-5001654.480532031,3736538.240784414,0.6295926173808162,-1.3196106573571635,3051.1005610711873,0.0,-0.0017369982959976333,0.04322239112525246,0.7855752946213368,-4.8197251434495015e-08,1.0383360924846277e-08,4.921800861349887e-09,-4.840991720578042e-08,1.0374804089709698e-08,4.935232637300448e-09,328.380534698068,0.9044845617532532,69667.14218936556,268.32736081605304,0.5158529922055041,0.04322246712841817,-3.5257913066007782e-06,169.39608140604173,12977.106900470151,9.788889882168142,119.75132946758399,119.8108988634526,2.8794480488869567e-06,3925.59879002877,0.8387557346351646,-90765.50247197818,2.6547651172177728e-05,-0.006939135680889381,-0.00032577863811132077,0.043049253049489124,9.198038260745113e-06,0.9953607826671412,-1.853419296663607e-06,-0.012720325602335871,-1.2452492347032803e-06,9.702040130246848,-1.8533959582714483e-06,-0.01272031547701708,-1.2452565533818196e-06,9.702039897258945,0.5,0.0,0.0,1.0,0.0,0.0,0.0
49.900000000000006,169.2378747028684,-0.0005972569853815686,7.319437188504025,4.3971157586342375e-05,-6.81546848737619e-05,-5.486192094889024e-05,-0.4461215348676275,0.7718992984873554,0.4318051067529007,0.136716490973803,1283460.7948699633,-5001644.672712399,3736547.919887736,0.6295945000824363,-1.3196083371025096,3051.1005607812353,0.0,-0.0017370031163053692,0.04322239192019337,0.7855752951139326,-4.819787403592591e-08,1.0363231715154499e-08,4.921870032971704e-09,-4.841054279995234e-08,1.035467476655654e-08,4.9352668295742975e-09,328.3805346992205,0.9044845617802136,69667.14219192862,268.3273608179359,0.515852992197713,0.04322246790571147,-3.5258016621890324e-06,169.3960814040778,12977.106900556057,9.788889975156858,119.75132938330209,119.81089894491586,2.8764031059225204e-06,3925.598898913838,0.838758230603588,-90765.50342342707,2.6249065510778807e-05,-0.006586948834883516,-0.00032578173780172014,0.04304925424355431,9.198065632257591e-06,0.9953607931010052,-1.8534113691968212e-06,-0.012720326047568292,-1.2452575259519652e-06,9.70204018805945,-1.8533876000501831e-06,-0.012720315928808675,-1.2452649796447205e-06,9.70203995482088,0.5,0.0,0.0,1.0,0.0,0.0,0.0
50.0,169.23787469520758,-0.0005972587396352907,7.319437320048339,4.39711075346133e-05,-6.815463303790684e-05,-5.486208835387137e-05,-0.4461208869547117,0.7718991734580463,0.4318062305986749,0.13671576154080914,1283470.647352914,-5001634.864852324,3736557.5989777967,0.6295963827840213,-1.3196060168446906,3051.100560494388,0.0,-0.0017370079366606922,0.0432223927149678,0.7855752956065324,-4.819818219747018e-08,1.0363522412343943e-08,4.921905505774492e-09,-4.8410852498146795e-08,1.0354965377959031e-08,4.935302823880249e-09,328.3805347003606,0.9044845618068853,69667.14219446424,268.32736081979857,0.5158529921899236,0.04322246868348906,-3.525812018158618e-06,169.39608140210805,12977.106900636938,9.788890068145685,119.75132929901534,119.81089902637575,2.8734684007029423e-06,3925.5990244738773,0.8387607244805467,-90765.50450464009,2.6268740537203502e-05,-0.006788891330644914,-0.0003257833736412502,0.043049255620482056,9.198092980834462e-06,0.9953608049579005,-1.8534034948844628e-06,-0.012720325730791699,-1.2452658026540132e-06,9.702040239010074,-1.8533798815055123e-06,-0.012720315577358471,-1.2452732074906475e-06,9.702040005203852,0.5,0.0,0.0,1.0,0.0,0.0,0.0
50.1,169.2378746875623,-0.0005972604939830748,7.319437451387045,4.3971057180379284e-05,-6.815457163006504e-05,-5.486225576736477e-05,-0.44612023904009607,0.7718990484259411,0.43180735444600776,0.13671503210793517,1283480.4998086318,-5001625.056951805,3736567.278054597,0.629598265485571,-1.3196036965837068,3051.10056020692,0.0,-0.001737012757073358,0.04322239350778511,0.7855752960991386,-4.819875519578542e-08,1.0370128359669496e-08,4.921922189364413e-09,-4.841142622124075e-08,1.0361571262576378e-08,4.935331016219934e-09,328.3805347015032,0.9044845618336148,69667.14219700533,268.32736082166537,0.5158529921821505,0.04322246946005003,-3.5258223746833454e-06,169.39608140014494,12977.106900719657,9.78889016113462,119.75132921473248,119.81089910784111,2.8706591335136977e-06,3925.5991430310696,0.8387632181314564,-90765.50554144349,2.6416061878832495e-05,-0.006801625270651413,-0.00032578645372686256,0.04304925692061456,9.19812032693241e-06,0.9953608163277866,-1.8533958238637207e-06,-0.01272032567036691,-1.2452740115404073e-06,9.702040291097317,-1.8533723893957861e-06,-0.012720315501548823,-1.2452813605935176e-06,9.702040056988062,0.5,0.0,0.0,1.0,0.0,0.0,0.0
50.2,169.2378746799201,-0.0005972622482494506,7.3194375827888525,4.3971006961559885e-05,-6.815455939060594e-05,-5.486242318104972e-05,-0.44611959112431226,0.7718989233908526,0.43180847829436614,0.1367143026761136,1283490.3522369838,-5001615.249010649,3736576.9571180725,0.6296001481870853,-1.319601376319543,3051.1005599200726,0.0,-0.0017370175775070242,0.04322239430107084,0.7855752965917471,-4.8199180484849135e-08,1.0305501913929837e-08,4.922062599247201e-09,-4.8411857581167187e-08,1.029694464687645e-08,4.935359087320969e-09,328.3805347026433,0.9044845618602866,69667.14219954096,268.32736082352807,0.5158529921743991,0.04322247023698239,-3.5258327307273723e-06,169.39608139818762,12977.10690080244,9.788890254123663,119.75132913045327,119.8108991893111,2.867833432359153e-06,3925.5992634738454,0.8387657137528648,-90765.5065495862,2.614748052676086e-05,-0.006717919256675107,-0.0003257884239858066,0.043049258241424915,9.198147694639422e-06,0.9953608273833715,-1.85338759528434e-06,-0.012720325648698948,-1.2452824000726312e-06,9.702040346442079,-1.8533641039772941e-06,-0.01272031555895422,-1.2452897668636514e-06,9.702040114082207,0.5,0.0,0.0,1.0,0.0,0.0,0.0
50.300000000000004,169.23787467226526,-0.0005972640026175402,7.319437714232208,4.397095695786099e-05,-6.815446776852691e-05,-5.486259059469135e-05,-0.4461189432069777,0.7718987983529211,0.4318096021441278,0.13671357324468175,1283500.2046381026,-5001605.4410290485,3736586.636168288,0.6296020308885645,-1.3195990560522144,3051.1005596326045,0.0,-0.0017370223980015496,0.04322239509309644,0.7855752970843601,-4.819939335061969e-08,1.0365173189293473e-08,4.9219871252120095e-09,-4.841206718967956e-08,1.035661593940563e-08,4.935387383644677e-09,328.38053470378594,0.9044845618870161,69667.14220208206,268.3273608253948,0.5158529921666106,0.04322247101416302,-3.5258430873720744e-06,169.39608139621947,12977.106900884388,9.788890347112812,119.75132904616551,119.81089927077426,2.865263246517221e-06,3925.5993826853864,0.8387682067572163,-90765.50761869423,2.632740320558298e-05,-0.00684546004837825,-0.00032578955137040506,0.04304925954873319,9.19817503364703e-06,0.9953608391075198,-1.8533803107326687e-06,-0.012720325515359747,-1.245290492807016e-06,9.702040396737122,-1.8533567028125341e-06,-0.012720315321409449,-1.245297896037909e-06,9.70204016195727,0.5,0.0,0.0,1.0,0.0,0.0,0.0
50.400000000000006,169.23787466461346,-0.0005972657568841048,7.319437845740094,4.397090682724677e-05,-6.815441208224058e-05,-5.4862758011119135e-05,-0.44611829528845254,0.7718986733120282,0.43181072599494086,0.13671284381424373,1283510.0570119878,-5001595.633007006,3736596.3152052425,0.6296039135900084,-1.3195967357817207,3051.1005593454465,0.0,-0.001737027218512825,0.043222395885451945,0.7855752975769755,-4.819971121646009e-08,1.0354058758227852e-08,4.922032176872721e-09,-4.841238700605075e-08,1.0345501423133956e-08,4.935413136856993e-09,328.38053470492724,0.9044845619137167,69667.14220462042,268.32736082725955,0.515852992158842,0.04322247179172346,-3.5258534434173206e-06,169.39608139425715,12977.106900966817,9.788890440102076,119.75132896188133,119.810899352242,2.862701510508714e-06,3925.5995020230375,0.8387707004034193,-90765.50864817231,2.6332069878564325e-05,-0.00682853569805645,-0.0003257896707586379,0.04304926085742443,9.198202379693364e-06,0.9953608503970746,-1.8533726305277616e-06,-0.01272032544361731,-1.2452987129491431e-06,9.70204044946403,-1.8533489553013128e-06,-0.012720315286905653,-1.245306137398835e-06,9.702040215493714,0.5,0.0,0.0,1.0,0.0,0.0,0.0
50.5,169.23787465697927,-0.0005972675111694031,7.319437977083741,4.3970856431960575e-05,-6.81543779004812e-05,-5.486292543251227e-05,-0.44611764736837156,0.7718985482682761,0.43181184984717197,0.13671211438418124,1283519.9093585073,-5001585.824944325,3736605.994228872,0.629605796291417,-1.3195944155080468,3051.100559058599,0.0,-0.0017370320390630634,0.04322239667651186,0.7855752980695957,-4.820028596998236e-08,1.0327480213452562e-08,4.922099290275935e-09,-4.8412964663362025e-08,1.0318922778195805e-08,4.935434069421847e-09,328.3805347060674,0.9044845619403885,69667.14220715605,268.32736082912226,0.5158529921511071,0.04322247256831076,-3.525863799572939e-06,169.39608139230535,12977.106901050443,9.788890533091445,119.75132887760407,119.81089943371776,2.8601943986572564e-06,3925.599619286149,0.8387731948912912,-90765.50965829415,2.6252121904630672e-05,-0.006738790721354889,-0.0003257910985414373,0.043049262143365664,9.198229734969686e-06,0.995360861474363,-1.8533647333451337e-06,-0.012720325501830236,-1.245306998493e-06,9.70204050385387,-1.853341024281113e-06,-0.012720315356788551,-1.2453144336552186e-06,9.702040270124982,0.5,0.0,0.0,1.0,0.0,0.0,0.0
50.6,169.237874649337,-0.0005972692655048477,7.319438108504501,4.3970806575589603e-05,-6.815432802339794e-05,-5.486309284719174e-05,-0.4461169994469622,0.7718984232216085,0.43181297370058636,0.13671138495488716,1283529.7616777932,-5001576.016841201,3736615.6732392414,0.6296076789927904,-1.3195920952312077,3051.100558772683,0.0,-0.001737036859653177,0.04322239746730445,0.7855752985622186,-4.8200435209684625e-08,1.0320452848093933e-08,4.922137371329475e-09,-4.841311555239501e-08,1.0311895333561204e-08,4.935459957639921e-09,328.38053470720376,0.9044845619669737,69667.14220968341,268.3273608309789,0.5158529921433637,0.043222473345354916,-3.525874156024688e-06,169.39608139034874,12977.106901132092,9.788890626080919,119.75132879332281,119.81089951519078,2.8578099578642955e-06,3925.599741872015,0.8387756887300152,-90765.51071494182,2.6240561676949274e-05,-0.006841344079762029,-0.000325791366749816,0.04304926348767777,9.198257083127262e-06,0.9953608730618674,-1.8533568788017876e-06,-0.012720325299771292,-1.2453152732049676e-06,9.702040555675316,-1.8533332575417677e-06,-0.01272031514911279,-1.24532268050143e-06,9.702040321855133,0.5,0.0,0.0,1.0,0.0,0.0,0.0
50.7,169.23787464173316,-0.0005972710199357624,7.319438239476667,4.397075609417421e-05,-6.815430221783042e-05,-5.486326027410405e-05,-0.44611635152358836,0.7718982981722278,0.4318140975558368,0.1367106555252337,1283539.6139698445,-5001566.208697636,3736625.352236349,0.6296095616941283,-1.319589774951204,3051.1005584876984,0.0,-0.0017370416802929467,0.043222398254901116,0.7855752990548487,-4.820112323521652e-08,1.0290810296267343e-08,4.922204005940259e-09,-4.841380646101095e-08,1.028225268702432e-08,4.935475089138134e-09,328.38053470833654,0.9044845619934722,69667.14221220257,268.3273608328295,0.5158529921356839,0.043222474119743545,-3.525884513039631e-06,169.3960813884112,12977.106901215417,9.7888907190705,119.75132870905453,119.81089959667776,2.8555170583643985e-06,3925.5998611397354,0.8387781827804096,-90765.51174298227,2.633887335636284e-05,-0.006843215502850276,-0.0003257943662556419,0.04304926479560213,9.198284433606079e-06,0.9953608843356567,-1.8533492562812324e-06,-0.01272032525368747,-1.2453234681270149e-06,9.702040608843031,-1.8533256617687967e-06,-0.01272031508574963,-1.245330867096381e-06,9.702040374797843,0.5,0.0,0.0,1.0,0.0,0.0,0.0
50.800000000000004,169.23787463412972,-0.000597272774465852,7.319438370367064,4.397070589464051e-05,-6.815424742282222e-05,-5.4863427700817674e-05,-0.446115703598574,0.7718981731200154,0.4318152214125872,0.1367099260958157,1283549.46623453,-5001556.400513432,3736635.031220133,0.629611444395431,-1.31958745466802,3051.1005582027137,0.0,-0.0017370465009836163,0.04322239904083242,0.7855752995474834,-4.8201516521438957e-08,1.0295855157419766e-08,4.922210868722708e-09,-4.8414200047631856e-08,1.0287297504863797e-08,4.935490758055036e-09,328.38053470946926,0.9044845620199709,69667.14221472172,268.3273608346801,0.5158529921279947,0.04322247489364982,-3.525894870640101e-06,169.3960813864705,12977.106901298263,9.78889081206019,119.7513286247834,119.81089967816315,2.853424556488922e-06,3925.599978704256,0.838780677598849,-90765.51277486795,2.6324656794276613e-05,-0.006850852518002082,-0.00032579755647506255,0.0430492660848487,9.198311792507498e-06,0.9953608956516138,-1.8533415018374877e-06,-0.012720325212257863,-1.2453317039406778e-06,9.702040660934525,-1.8533178698277907e-06,-0.012720315017417777,-1.2453391147557037e-06,9.702040426104587,0.5,0.0,0.0,1.0,0.0,0.0,0.0
50.900000000000006,169.23787462652385,-0.0005972745289818345,7.3194385012969265,4.397065582871714e-05,-6.8154184441188e-05,-5.486359512871136e-05,-0.44611505567214865,0.7718980480649127,0.4318163452706103,0.13670919666701126,1283559.3184719812,-5001546.592288786,3736644.710190655,0.6296133270966985,-1.319585134381671,3051.1005579174184,0.0,-0.0017370513217059634,0.0432223998260992,0.785575300040121,-4.8201843077194735e-08,1.0303278681462359e-08,4.922211373204365e-09,-4.84145266290474e-08,1.0294720993038887e-08,4.935504206528148e-09,328.38053471060323,0.9044845620464983,69667.14221724363,268.32736083653276,0.5158529921203012,0.043222475667789466,-3.5259052281573083e-06,169.3960813845291,12977.10690138141,9.788890905049996,119.75132854051117,119.81089975964863,2.851484153983582e-06,3925.6000947702605,0.8387831713956483,-90765.51379290276,2.6430205952314772e-05,-0.0067947351555474,-0.0003257993458121244,0.04304926735766212,9.198339140205316e-06,0.9953609068156782,-1.8533338143059087e-06,-0.01272032525670485,-1.2453399220884583e-06,9.702040713598524,-1.8533103153695289e-06,-0.012720315041920496,-1.2453472911751004e-06,9.702040478565035,0.5,0.0,0.0,1.0,0.0,0.0,0.0
51.0,169.23787461889498,-0.0005972762833333618,7.319438632589276,4.3970606012832216e-05,-6.815411853088557e-05,-5.486376255288841e-05,-0.44611440774480526,0.7718979230067605,0.4318174691294114,0.13670846723967328,1283569.1706821974,-5001536.784023696,3736654.3891479163,0.629615209797931,-1.3195828140921568,3051.1005576308817,0.0,-0.001737056142428762,0.043222400612928744,0.7855753005327575,-4.8201803976109536e-08,1.0279618673742641e-08,4.922271347663006e-09,-4.841449012326455e-08,1.027106089314053e-08,4.935523075601028e-09,328.3805347117421,0.9044845620731412,69667.1422197765,268.3273608383934,0.5158529921125778,0.043222476444072865,-3.525915584703835e-06,169.39608138258038,12977.106901465091,9.788890998039903,119.75132845623334,119.8108998411293,2.8496421666801552e-06,3925.6002074012895,0.8387856650396439,-90765.51476328055,2.637576710934666e-05,-0.006533457378351322,-0.00032579764588479905,0.0430492685928066,9.198366486227446e-06,0.9953609174571222,-1.8533258954316051e-06,-0.012720325439421365,-1.2453482215264863e-06,9.702040768020213,-1.853302480530357e-06,-0.012720315361372938,-1.2453555647522344e-06,9.702040535891399,0.5,0.0,0.0,1.0,0.0,0.0,0.0
51.1,169.2378746112615,-0.0005972780376171117,7.319438764028653,4.397055611036977e-05,-6.815406154114707e-05,-5.486392997686593e-05,-0.4461137598162926,0.771897797945624,0.431818592989242,0.13670773781338152,1283579.0228650477,-5001526.975717968,3736664.068091853,0.6296170924991279,-1.3195804937994622,3051.1005573462076,0.0,-0.0017370609631678744,0.04322240140021307,0.7855753010253949,-4.820197162296213e-08,1.03060502195071e-08,4.922242581683825e-09,-4.841465653104114e-08,1.0297492425156967e-08,4.935540299062816e-09,328.3805347128736,0.9044845620996109,69667.14222229291,268.327360840242,0.5158529921048713,0.043222477221224576,-3.525925940850214e-06,169.3960813806334,12977.10690154656,9.788891091029928,119.7513283719563,119.81089992261167,2.8478702300086902e-06,3925.600335345046,0.838788158526049,-90765.51588020628,2.6327452790614428e-05,-0.006883629099963495,-0.00032579569746964354,0.04304926999587488,9.198393830521393e-06,0.9953609297056532,-1.8533182945554941e-06,-0.01272032520186519,-1.245356423356379e-06,9.70204081913969,-1.8532946428972323e-06,-0.012720314797119865,-1.2453638401600402e-06,9.702040582632481,0.5,0.0,0.0,1.0,0.0,0.0,0.0
51.2,169.2378746036438,-0.0005972797918982865,7.319438895368004,4.397050603238821e-05,-6.815403617224276e-05,-5.4864097401782835e-05,-0.44611311188634684,0.7718976728816029,0.431819716850374,0.1367070083876524,1283588.8750206628,-5001517.167371798,3736673.747022528,0.6296189752002896,-1.3195781735036027,3051.1005570618436,0.0,-0.0017370657839259494,0.043222402186707976,0.7855753015180353,-4.8202250555418824e-08,1.0251141482839588e-08,4.922355246741946e-09,-4.8414940335503915e-08,1.0242583552013682e-08,4.935557528160197e-09,328.38053471400383,0.9044845621260518,69667.14222480656,268.3273608420886,0.5158529920972017,0.04322247799778233,-3.525936296981153e-06,169.3960813786979,12977.106901629368,9.788891184020054,119.75132828768704,119.8109000041025,2.8461314043326524e-06,3925.600451275484,0.8387906529453266,-90765.51686554619,2.6157406579377794e-05,-0.006698818838489235,-0.00032579477098836844,0.04304927126720162,9.198421185045488e-06,0.995360940511176,-1.85331014790626e-06,-0.012720325098134956,-1.245364793412978e-06,9.702040872434019,-1.853286560510038e-06,-0.012720315002409603,-1.2453721902307763e-06,9.702040639805215,0.5,0.0,0.0,1.0,0.0,0.0,0.0
51.300000000000004,169.23787459602835,-0.0005972815463448255,7.319439026604481,4.3970455947973313e-05,-6.8153966177345e-05,-5.486426482780204e-05,-0.44611246395473597,0.7718975478147734,0.43182084071303434,0.13670627896209614,1283598.7271490425,-5001507.358985187,3736683.4259399427,0.6296208579014161,-1.319575853204578,3051.10055677779,0.0,-0.0017370706047306912,0.043222402971387824,0.7855753020106804,-4.820246719217926e-08,1.0277186840822348e-08,4.92232733131357e-09,-4.841515576992696e-08,1.0268628895354322e-08,4.935574930659903e-09,328.3805347151328,0.9044845621524636,69667.14222731748,268.32736084393315,0.5158529920895273,0.04322247877373279,-3.5259466540883375e-06,169.39608137676012,12977.106901711415,9.788891277010292,119.75132820341564,119.81090008559227,2.844597165818641e-06,3925.6005724586903,0.8387931462323955,-90765.51793694244,2.628787601256443e-05,-0.006857681598819077,-0.00032579540274301605,0.04304927259613176,9.198448527153456e-06,0.9953609522604175,-1.8533027449626512e-06,-0.012720324872050442,-1.2453729246262157e-06,9.70204092216103,-1.8532790632231962e-06,-0.01272031471619988,-1.245380351433106e-06,9.702040688235034,0.5,0.0,0.0,1.0,0.0,0.0,0.0
51.400000000000006,169.23787458841633,-0.0005972833008177378,7.319439157862077,4.397040587043775e-05,-6.815392229563419e-05,-5.4864432255147144e-05,-0.4461118160218181,0.7718974227450031,0.4318219645768665,0.13670554953733954,1283608.5792500558,-5001497.550557937,3736693.1048440323,0.6296227406025072,-1.3195735329023732,3051.100556493426,0.0,-0.0017370754255509034,0.043222403755884015,0.7855753025033276,-4.820282365442772e-08,1.0285762796668082e-08,4.922326105468546e-09,-4.8415512183065894e-08,1.0277204816595548e-08,4.935588652370032e-09,328.3805347162631,0.9044845621789046,69667.14222983114,268.32736084577976,0.515852992081864,0.043222479549806916,-3.5259570113511212e-06,169.39608137482674,12977.10690179455,9.788891370000634,119.75132811914695,119.81090016708548,2.843114989066938e-06,3925.6006911424906,0.8387956405496265,-90765.51897952298,2.6286590503142933e-05,-0.00689731671106663,-0.0003257970459408985,0.04304927389765268,9.19847588055848e-06,0.9953609636936576,-1.85329496202673e-06,-0.012720324845656477,-1.2453811739884173e-06,9.702040975163094,-1.853271299991851e-06,-0.012720314601528756,-1.2453885941777061e-06,9.702040739120031,0.5,0.0,0.0,1.0,0.0,0.0,0.0
51.5,169.23787458078777,-0.000597285055317967,7.319439289330034,4.397035625238863e-05,-6.81538556987669e-05,-5.486459967724702e-05,-0.44611116808773865,0.7718972976722621,0.4318230884417205,0.13670482011362942,1283618.4313238335,-5001487.742090245,3736702.7837348604,0.6296246233035632,-1.319571212597003,3051.1005562084415,0.0,-0.0017370802463889487,0.043222404540845104,0.7855753029959758,-4.820260987385701e-08,1.0281561539398285e-08,4.9223540687783736e-09,-4.8415299614620606e-08,1.027300349334178e-08,4.935609340982621e-09,328.38053471739585,0.9044845622054031,69667.1422323503,268.32736084763036,0.5158529920741743,0.04322248032712593,-3.52596736877532e-06,169.39608137288593,12977.106901877374,9.788891462991089,119.75132803487263,119.8109002485739,2.8417649404014846e-06,3925.6008085432363,0.8387981350554259,-90765.5199996353,2.6181399309452862e-05,-0.006838150878450992,-0.00032579714576716343,0.04304927518510326,9.198503236031399e-06,0.9953609748805048,-1.853287242565213e-06,-0.012720324819053021,-1.245389406575071e-06,9.702041027504425,-1.8532633784590775e-06,-0.012720314629094523,-1.245396890120389e-06,9.702040792651305,0.5,0.0,0.0,1.0,0.0,0.0,0.0
51.6,169.23787457318883,-0.0005972868098626818,7.319439420500761,4.397030584018551e-05,-6.815381123910772e-05,-5.486476711361498e-05,-0.44611052015192093,0.7718971725967334,0.4318242123081884,0.13670409068994233,1283628.2833703754,-5001477.93358211,3736712.4626124273,0.6296265060045838,-1.3195688922884679,3051.1005559246987,0.0,-0.0017370850672519084,0.043222405323614675,0.7855753034886284,-4.820337636301286e-08,1.0249080302333101e-08,4.92241401163914e-09,-4.841606869769393e-08,1.024052217745992e-08,4.93561285448658e-09,328.3805347185236,0.9044845622317862,69667.14223485847,268.3273608494729,0.5158529920665433,0.04322248110268439,-3.5259777264617847e-06,169.39608137096184,12977.106901961104,9.788891555981648,119.7513279506098,119.81090033007438,2.8404878902321684e-06,3925.6009263898686,0.838800628123399,-90765.52101534909,2.6471750466601587e-05,-0.0067803448553453325,-0.0003257998564148578,0.04304927647744355,9.198530575736697e-06,0.9953609860191162,-1.8532795823706336e-06,-0.012720324787742252,-1.2453976140078418e-06,9.702041079657956,-1.8532561482506814e-06,-0.012720314652069614,-1.2454049626062903e-06,9.702040846606375,0.5,0.0,0.0,1.0,0.0,0.0,0.0
51.7,169.23787456556525,-0.0005972885644231598,7.31943955193898,4.397025615763855e-05,-6.815373794499786e-05,-5.486493454121789e-05,-0.446109872214989,0.7718970475182033,0.43182533617562735,0.13670336126740337,1283638.1353895501,-5001468.125033339,3736722.141476669,0.6296283887055691,-1.3195665719767522,3051.100555640956,0.0,-0.0017370898881349797,0.04322240610710065,0.7855753039812815,-4.8203199275286805e-08,1.0267201426941244e-08,4.9223981894262385e-09,-4.841589093015971e-08,1.0258643278393192e-08,4.935628574281928e-09,328.38053471965145,0.9044845622581694,69667.14223736664,268.32736085131546,0.5158529920588726,0.043222481879826746,-3.525988084241575e-06,169.3960813690247,12977.106902042839,9.788891648972324,119.75132786633733,119.81090041156615,2.8393577936232837e-06,3925.6010473206575,0.8388031225195429,-90765.52207679569,2.641189685652863e-05,-0.0068935023107671144,-0.00032580019616744216,0.043049277803605596,9.198557930007103e-06,0.9953609976592469,-1.8532718072181726e-06,-0.012720324567679419,-1.2454058631076506e-06,9.702041129865274,-1.853248311555118e-06,-0.012720314431424252,-1.2454132313474408e-06,9.702040896521108,0.5,0.0,0.0,1.0,0.0,0.0,0.0
51.800000000000004,169.23787455794937,-0.0005972903188841681,7.319439683419105,4.3970206100393067e-05,-6.815370449987174e-05,-5.4865101974861576e-05,-0.446109224276857,0.7718969224367127,0.4318264600441364,0.13670263184582573,1283647.9873814888,-5001458.316444125,3736731.820327649,0.6296302714065192,-1.3195642516618715,3051.100555355971,0.0,-0.0017370947090172,0.04322240689084109,0.7855753044739352,-4.8203411350040396e-08,1.0264019586963792e-08,4.922413088406071e-09,-4.8416103652536856e-08,1.0255461393565787e-08,4.935637981463721e-09,328.38053472078417,0.904484562284668,69667.1422398858,268.32736085316606,0.5158529920512231,0.043222482657214296,-3.525998441433967e-06,169.39608136709708,12977.106902127683,9.788891741963104,119.75132778207134,119.81090049306484,2.8382261231622388e-06,3925.60116147923,0.8388056180587381,-90765.52308020624,2.614481709281186e-05,-0.006759490505025408,-0.0003258007384045726,0.043049279055501564,9.19858529681254e-06,0.9953610086629376,-1.8532638273249414e-06,-0.012720324784057054,-1.245414177899025e-06,9.702041185501235,-1.853240045305502e-06,-0.012720314567820995,-1.245421635772101e-06,9.702040950157564,0.5,0.0,0.0,1.0,0.0,0.0,0.0
51.900000000000006,169.23787455033428,-0.0005972920734167406,7.319439814851862,4.397015622719048e-05,-6.81536395231351e-05,-5.486526940691767e-05,-0.4461085763371945,0.7718967973523694,0.4318275839140413,0.1367019024246494,1283657.839346191,-5001448.507814469,3736741.499165368,0.6296321541074341,-1.3195619313438256,3051.1005550716072,0.0,-0.001737099529932242,0.04322240767336574,0.7855753049665914,-4.820349948632147e-08,1.0253213676766056e-08,4.922441899029288e-09,-4.8416193037543055e-08,1.024465542587739e-08,4.935648043474263e-09,328.3805347219144,0.9044845623111089,69667.14224239947,268.3273608550126,0.5158529920435737,0.04322248343432227,-3.526008799048852e-06,169.3960813651682,12977.106902211508,9.788891834953992,119.7513276978041,119.81090057456296,2.837253044063459e-06,3925.6012770280195,0.8388081112507965,-90765.52408813275,2.6283873836220355e-05,-0.006650646664257576,-0.00032580070348636574,0.04304928032264304,9.198612637878595e-06,0.9953610197161515,-1.8532562557211415e-06,-0.01272032481739274,-1.2454223641159819e-06,9.7020412377144,-1.8532325740250278e-06,-0.012720314666941632,-1.2454297906592411e-06,9.702041004033743,0.5,0.0,0.0,1.0,0.0,0.0,0.0
52.0,169.23787454270698,-0.0005972938278770628,7.319439946491328,4.397010633235092e-05,-6.815358094654488e-05,-5.486543683907472e-05,-0.4461079283964664,0.7718966722650072,0.43182870778487586,0.13670117300469137,1283667.691283526,-5001438.699144176,3736751.1779897613,0.6296340368083135,-1.319559611022599,3051.100554787554,0.0,-0.001737104350848833,0.04322240845679881,0.7855753054592478,-4.8203612100823445e-08,1.0264540102422376e-08,4.922432091675143e-09,-4.841630523213234e-08,1.0255981827671208e-08,4.935657969688482e-09,328.3805347230434,0.9044845623375207,69667.14224491038,268.3273608568572,0.5158529920359162,0.043222484212652505,-3.5260191562372885e-06,169.39608136323602,12977.106902294412,9.788891927944993,119.75132761353423,119.81090065605916,2.836333129844585e-06,3925.601396169854,0.8388106049773121,-90765.5251346223,2.628298834415724e-05,-0.006693883120055151,-0.000325799954788255,0.0430492816291869,9.198639984805662e-06,0.9953610311922589,-1.8532484904939113e-06,-0.012720324733478342,-1.2454306136487283e-06,9.702041289728712,-1.853224830902065e-06,-0.012720314547129657,-1.245438033274186e-06,9.702041055036943,0.5,0.0,0.0,1.0,0.0,0.0,0.0
52.1,169.2378745351063,-0.0005972955823832129,7.3194400778649955,4.397005606042192e-05,-6.815354930303631e-05,-5.4865604277363916e-05,-0.4461072804540783,0.7718965471748325,0.4318298316572446,0.13670044358489425,1283677.5431936241,-5001428.890433441,3736760.856800894,0.6296359195091578,-1.3195572906982076,3051.1005545047424,0.0,-0.0017371091717882723,0.04322240923839873,0.7855753059519077,-4.820414717190878e-08,1.0231944169130785e-08,4.922491810511691e-09,-4.841684288744983e-08,1.0223385816124087e-08,4.9356610592716506e-09,328.3805347241675,0.9044845623638172,69667.14224741032,268.3273608586937,0.5158529920283126,0.043222484989408304,-3.526029513695947e-06,169.39608136131898,12977.106902377984,9.7888920209361,119.75132752927487,119.81090073756619,2.8354570416055935e-06,3925.60151587851,0.8388130988174429,-90765.52616736975,2.6360833760320088e-05,-0.006704297663941131,-0.00032580112806210077,0.04304928294194668,9.198667332978667e-06,0.9953610425176667,-1.8532407499396304e-06,-0.012720324637330999,-1.2454388509095402e-06,9.702041341999081,-1.853217207532762e-06,-0.012720314470879809,-1.2454462336922197e-06,9.702041107884336,0.5,0.0,0.0,1.0,0.0,0.0,0.0
52.2,169.23787452746777,-0.0005972973369030023,7.319440209631982,4.3970006730979666e-05,-6.81534619898096e-05,-5.4865771701906726e-05,-0.4461066325107138,0.7718964220816275,0.43183095553044654,0.13669971416646998,1283687.3950764856,-5001419.081682264,3736770.5355987647,0.6296378022099669,-1.3195549703706506,3051.100554222241,0.0,-0.0017371139927396823,0.04322241002131202,0.7855753064445662,-4.82036964164894e-08,1.0232473165239098e-08,4.922508358161423e-09,-4.8416392850887365e-08,1.0223914758921674e-08,4.935678559489596e-09,328.3805347252903,0.9044845623900849,69667.14224990751,268.3273608605282,0.5158529920206475,0.04322248576849349,-3.526039871235556e-06,169.39608135938113,12977.106902457948,9.788892113927314,119.75132744500041,119.81090081905886,2.834753058067463e-06,3925.601642350225,0.8388155920869045,-90765.52725760978,2.6390173800461568e-05,-0.00694029302880242,-0.00032579914195542863,0.04304928432887213,9.198694674893547e-06,0.9953610544735544,-1.853233176753893e-06,-0.012720324114008839,-1.2454470425353182e-06,9.702041389137882,-1.8532095648410638e-06,-0.012720314069898922,-1.2454544470184825e-06,9.702041157677943,0.5,0.0,0.0,1.0,0.0,0.0,0.0
52.300000000000004,169.2378745198697,-0.0005972990914568538,7.31944034101554,4.396995631377548e-05,-6.815342262442092e-05,-5.48659391438806e-05,-0.44610598456558315,0.7718962969856272,0.4318320794052932,0.13669898474802863,1283697.2469319792,-5001409.27289045,3736780.21438331,0.6296396849107406,-1.319552650039913,3051.100553937567,0.0,-0.0017371188137108669,0.043222410801922316,0.7855753069372299,-4.820428626462814e-08,1.023913036276648e-08,4.9224976541773225e-09,-4.8416982240357123e-08,1.0230571941186979e-08,4.93567947898113e-09,328.38053472642184,0.9044845624165546,69667.14225242392,268.3273608623768,0.5158529920130412,0.04322248654530696,-3.5260502289757492e-06,169.39608135746712,12977.106902544465,9.788892206918643,119.75132736074262,119.81090090056867,2.834054373993903e-06,3925.601752226788,0.8388180865063286,-90765.52824151734,2.6417097521266925e-05,-0.006719421489537841,-0.0003258012563337349,0.043049285533810336,9.19872202941925e-06,0.9953610652633696,-1.8532254629305855e-06,-0.012720324483198306,-1.2454552690322065e-06,9.702041444838848,-1.8532018384452621e-06,-0.012720314333492518,-1.2454626775994041e-06,9.702041211038814,0.5,0.0,0.0,1.0,0.0,0.0,0.0
52.400000000000006,169.23787451224325,-0.0005973008459659876,7.319440472753176,4.39699067086717e-05,-6.815337387439106e-05,-5.486610657368552e-05,-0.44610533661955987,0.7718961718865688,0.43183320328089303,0.1366982553310971,1283707.0987602358,-5001399.464058194,3736789.8931545946,0.629641567611479,-1.3195503297060105,3051.1005536556863,0.0,-0.001737123634680178,0.04322241158420882,0.7855753074298913,-4.8204130159874214e-08,1.0239131756245951e-08,4.922509579258434e-09,-4.8416826654720694e-08,1.0230573290173895e-08,4.935691444475733e-09,328.3805347275422,0.9044845624427645,69667.14225491564,268.3273608642072,0.5158529920054128,0.04322248732421596,-3.526060586452231e-06,169.39608135554005,12977.106902625252,9.788892299910078,119.75132727647534,119.81090098206937,2.833426720805221e-06,3925.601879991355,0.8388205811513452,-90765.52934507956,2.625453717269277e-05,-0.007012813548470749,-0.00032580043009626996,0.043049286934913576,9.198749386418864e-06,0.9953610773653525,-1.8532174612861062e-06,-0.012720324040093224,-1.2454635933144527e-06,9.702041494361728,-1.8531938021394744e-06,-0.012720313849047843,-1.2454710126017412e-06,9.702041259713056,0.5,0.0,0.0,1.0,0.0,0.0,0.0
52.5,169.2378745046371,-0.0005973026005858175,7.319440604223913,4.396985673254958e-05,-6.8153305367846e-05,-5.4866274010902075e-05,-0.4461046886717492,0.771896046784739,0.4318343271581539,0.1366975259141088,1283716.950561255,-5001389.655185496,3736799.5719126174,0.6296434503121824,-1.3195480093689425,3051.100553371012,0.0,-0.0017371284556834234,0.0432224123640917,0.7855753079225573,-4.8204280534567737e-08,1.0225807417329104e-08,4.922538351672589e-09,-4.841697827647558e-08,1.0217248897631537e-08,4.935697093058373e-09,328.38053472867364,0.9044845624692343,69667.14225743205,268.3273608660558,0.5158529919977937,0.04322248810154565,-3.526070944582006e-06,169.3960813536217,12977.106902711106,9.788892392901616,119.751327192214,119.81090106357661,2.832938704955268e-06,3925.601988934224,0.8388230745880831,-90765.53030661981,2.641327187759559e-05,-0.00670161496660514,-0.00032580139529470026,0.043049288129612624,9.198776730168147e-06,0.9953610879098813,-1.8532098870446163e-06,-0.012720324336411612,-1.245471777558812e-06,9.702041548188571,-1.8531863634784649e-06,-0.012720314241938974,-1.24547915477378e-06,9.70204131574635,0.5,0.0,0.0,1.0,0.0,0.0,0.0
52.6,169.23787449700743,-0.0005973043550962537,7.319440736036793,4.396980693448069e-05,-6.815324007402672e-05,-5.486644144529409e-05,-0.44610404072306925,0.7718959216798263,0.43183545103614845,0.13669679649867625,1283726.8023349058,-5001379.846272161,3736809.250657314,0.6296453330128504,-1.319545689028694,3051.1005530875796,0.0,-0.0017371332766725812,0.043222413145765554,0.7855753084152208,-4.820433924415056e-08,1.0250278389036567e-08,4.922502830109524e-09,-4.841703545505296e-08,1.0241719870270189e-08,4.935704163133963e-09,328.3805347298002,0.9044845624955885,69667.14225993748,268.3273608678963,0.5158529919901557,0.04322248888089924,-3.5260813020661763e-06,169.39608135169468,12977.106902793974,9.788892485893271,119.75132710794627,119.81090114507776,2.832490141990718e-06,3925.602108974121,0.8388255683360273,-90765.5313673313,2.641844096701156e-05,-0.006794622299266386,-0.0003258006193961687,0.04304928944600489,9.198804077330207e-06,0.9953610995419507,-1.8532022197002402e-06,-0.012720324218464025,-1.2454799969122226e-06,9.702041599556287,-1.8531786359398195e-06,-0.012720314050985114,-1.2454873925965483e-06,9.702041365523895,0.5,0.0,0.0,1.0,0.0,0.0,0.0
52.7,169.23787448938086,-0.0005973061095685151,7.319440867903821,4.3969757009953074e-05,-6.815319791098114e-05,-5.486660888074449e-05,-0.4461033927732013,0.7718957965719495,0.4318365749152004,0.1366960670842276,1283736.654081319,-5001370.037318385,3736818.9293887494,0.6296472157134831,-1.3195433686852802,3051.1005528041474,0.0,-0.0017371380976623915,0.04322241392775163,0.785575308907885,-4.820443663018665e-08,1.0259174502675733e-08,4.922494704021303e-09,-4.841713249381498e-08,1.0250615960794941e-08,4.935711547623667e-09,328.3805347309268,0.9044845625219429,69667.14226244291,268.3273608697369,0.5158529919825342,0.0432224896605714,-3.526091659324875e-06,169.39608134977308,12977.106902877673,9.788892578885036,119.75132702368226,119.81090122658298,2.8320426552023528e-06,3925.602228226777,0.8388280633464966,-90765.53241772222,2.6203136730029184e-05,-0.006847585525882771,-0.0003258001198174812,0.04304929075376405,9.19883143833748e-06,0.9953611110608417,-1.8531943152525676e-06,-0.012720324177365402,-1.2454882905593673e-06,9.702041652499272,-1.8531704788443133e-06,-0.012720313916686874,-1.2454957652987972e-06,9.702041416157503,0.5,0.0,0.0,1.0,0.0,0.0,0.0
52.800000000000004,169.23787448175088,-0.000597307864079824,7.319440999816939,4.396970715931315e-05,-6.815313988673351e-05,-5.486677631483314e-05,-0.44610274482203255,0.7718956714611453,0.4318376987954204,0.1366953376705724,1283746.5058004942,-5001360.228324167,3736828.6081069233,0.6296490984140806,-1.319541048338701,3051.1005525197834,0.0,-0.0017371429186649307,0.0432224147095492,0.7855753094005503,-4.8204496095709514e-08,1.0223565849846347e-08,4.922564680474148e-09,-4.8417194986792264e-08,1.0215007216452746e-08,4.9357196505825265e-09,328.3805347320571,0.9044845625483835,69667.14226495656,268.3273608715835,0.5158529919749026,0.04322249044051625,-3.5261020168141136e-06,169.39608134785007,12977.106902962394,9.788892671876907,119.75132693941708,119.8109013080875,2.8316732949562606e-06,3925.6023419671783,0.8388305572155297,-90765.53340012407,2.619814813796037e-05,-0.006622692192990001,-0.0003257996167595874,0.04304929200107423,9.198858786827435e-06,0.9953611218341448,-1.853186486837228e-06,-0.012720324291048461,-1.2454965591861737e-06,9.702041705863845,-1.8531627310772787e-06,-0.012720314181816149,-1.2455040087563565e-06,9.70204147280122,0.5,0.0,0.0,1.0,0.0,0.0,0.0
52.900000000000006,169.2378744741324,-0.0005973096186962114,7.3194411315751955,4.396965721499046e-05,-6.815307780343397e-05,-5.486694375166693e-05,-0.44610209686929647,0.7718955463474831,0.43183882267707735,0.13669460825726049,1283756.3574923007,-5001350.419289313,3736838.2868117713,0.6296509811146427,-1.3195387279889412,3051.100552237282,0.0,-0.0017371477396923333,0.043222415489974304,0.7855753098932186,-4.820473252951925e-08,1.0210621104515762e-08,4.9225912793897926e-09,-4.841743257375156e-08,1.02020624206957e-08,4.935723786773157e-09,328.3805347331799,0.9044845625746512,69667.14226745376,268.32736087341794,0.5158529919672974,0.04322249121954483,-3.5261123749235647e-06,169.3960813459319,12977.106903045375,9.788892764868887,119.75132685515506,119.81090138959556,2.831381209785396e-06,3925.602462672278,0.8388330501581693,-90765.53445004039,2.6441482245840662e-05,-0.006687061342662971,-0.0003258004985234586,0.043049293324761304,9.198886125158292e-06,0.9953611333478313,-1.8531788041129068e-06,-0.01272032407647493,-1.2455047777079426e-06,9.702041755752568,-1.853155449771776e-06,-0.012720314028891075,-1.2455121016498557e-06,9.702041524280721,0.5,0.0,0.0,1.0,0.0,0.0,0.0
53.0,169.23787446651028,-0.0005973113732698186,7.319441263429784,4.3969607352958466e-05,-6.81530363402672e-05,-5.4867111188020876e-05,-0.44610144891542275,0.77189542123084,0.4318399465597421,0.13669387884501769,1283766.2091568692,-5001340.610214017,3736847.965503358,0.6296528638151696,-1.319536407636016,3051.1005519544706,0.0,-0.0017371525607145543,0.043222416270935204,0.7855753103858862,-4.8204785204140004e-08,1.0222862078820478e-08,4.9225761790693545e-09,-4.841748459974394e-08,1.0214303378942735e-08,4.935730014028377e-09,328.380534734304,0.9044845626009478,69667.1422699537,268.32736087525444,0.5158529919596917,0.04322249199914249,-3.52612273278046e-06,169.3960813440142,12977.106903128843,9.788892857860978,119.75132677089324,119.81090147110402,2.831094763067199e-06,3925.6025833154667,0.8388355453225541,-90765.5355133574,2.6266215197842248e-05,-0.006794942762507335,-0.000325801102445671,0.04304929464776945,9.198913487853449e-06,0.9953611450084735,-1.8531709690309018e-06,-0.012720323979231007,-1.2455130466340794e-06,9.702041808122472,-1.8531473725249425e-06,-0.012720313815117644,-1.2455204462249705e-06,9.702041573982733,0.5,0.0,0.0,1.0,0.0,0.0,0.0
53.1,169.2378744588946,-0.0005973131279202055,7.319441395189341,4.3969557467430364e-05,-6.815298333077439e-05,-5.486727862655021e-05,-0.44610080096005017,0.771895296111333,0.43184107044377484,0.136693149433224,1283776.0607941994,-5001330.801098281,3736857.6441816827,0.6296547465156613,-1.3195340872799255,3051.10055167228,0.0,-0.001737157381759863,0.043222417050809515,0.7855753108785563,-4.820480278725692e-08,1.0215072107377414e-08,4.922594667678472e-09,-4.841750298556984e-08,1.0206513363370927e-08,4.935735002017927e-09,328.3805347354256,0.9044845626271867,69667.14227244815,268.32736087708685,0.515852991952097,0.04322249277817802,-3.5261330910905625e-06,169.39608134209882,12977.106903211841,9.788892950853171,119.75132668663294,119.81090155261437,2.8308971593560273e-06,3925.602704504604,0.8388380397404941,-90765.53657008625,2.625809939367919e-05,-0.006886684107090865,-0.00032580213069992905,0.043049295976764615,9.198940842362877e-06,0.995361156596868,-1.8531633204760374e-06,-0.01272032377805402,-1.2455212547254585e-06,9.702041858696134,-1.853139620688857e-06,-0.01272031362291629,-1.2455286869724773e-06,9.7020416248181,0.5,0.0,0.0,1.0,0.0,0.0,0.0
53.2,169.23787445127022,-0.0005973148825499331,7.319441527043148,4.396950772706379e-05,-6.815291058305006e-05,-5.486744606422835e-05,-0.44610015300341466,0.7718951709888694,0.4318421943289398,0.13669242002229898,1283785.91240416,-5001320.991941907,3736867.3228466813,0.6296566292161176,-1.3195317669206543,3051.1005513876057,0.0,-0.0017371622028094329,0.04322241783068397,0.7855753113712266,-4.8204751240888074e-08,1.0217723646985295e-08,4.922594664131825e-09,-4.8417451442883165e-08,1.020916487518901e-08,4.9357396536653755e-09,328.38053473655714,0.9044845626536563,69667.14227496456,268.3273608789355,0.5158529919444726,0.04322249355777164,-3.5261434492788034e-06,169.39608134017885,12977.106903297443,9.788893043845478,119.75132660236915,119.81090163412165,2.8307940646380794e-06,3925.6028144043034,0.8388405336353658,-90765.53754613419,2.629602344570295e-05,-0.006619334259170126,-0.0003258021684879416,0.04304929718195654,9.198968191136187e-06,0.9953611673004924,-1.8531557422012435e-06,-0.012720324049741332,-1.2455294435429178e-06,9.702041912623253,-1.8531319636928656e-06,-0.012720313953459942,-1.245536900346254e-06,9.702041679838585,0.5,0.0,0.0,1.0,0.0,0.0,0.0
53.300000000000004,169.23787444364942,-0.0005973166371387591,7.319441658920281,4.396945782625991e-05,-6.81528600559739e-05,-5.48676135047227e-05,-0.44609950504554824,0.7718950458634553,0.4318433182152056,0.1366916906122832,1283795.7639868823,-5001311.182745093,3736877.0014984184,0.6296585119165388,-1.3195294465582177,3051.1005511051044,0.0,-0.0017371670238615486,0.04322241861067565,0.7855753118638972,-4.820488167813635e-08,1.0197326163139805e-08,4.922631541516277e-09,-4.8417583477400944e-08,1.0188767334323274e-08,4.9357411117885485e-09,328.3805347376799,0.9044845626799239,69667.14227746177,268.32736088076996,0.5158529919368761,0.04322249433750193,-3.5261538072254934e-06,169.39608133826346,12977.106903380849,9.788893136837897,119.7513265181085,119.81090171563227,2.830694268318723e-06,3925.602935680552,0.8388430274780834,-90765.5385955608,2.6332720844953784e-05,-0.006680922794394167,-0.00032580207194085126,0.043049298511907,9.198995539337557e-06,0.9953611788088085,-1.8531479132371118e-06,-0.012720323918443636,-1.2455377113862772e-06,9.702041964073112,-1.85312429097602e-06,-0.012720313803800114,-1.2455451193484605e-06,9.702041731871253,0.5,0.0,0.0,1.0,0.0,0.0,0.0
53.400000000000006,169.23787443602748,-0.0005973183917323942,7.319441790786707,4.396940778969043e-05,-6.815278177072736e-05,-5.4867780947693965e-05,-0.44609885708626895,0.7718949207351488,0.4318444421027563,0.13669096120285934,1283805.615542366,-5001301.373507837,3736886.6801368934,0.6296603946169247,-1.3195271261926156,3051.1005508229136,0.0,-0.001737171844924539,0.04322241938995732,0.7855753123565692,-4.820509903514339e-08,1.023517564056261e-08,4.922565525402323e-09,-4.8417797985752706e-08,1.0226616845414601e-08,4.935740957398159e-09,328.3805347388016,0.9044845627061627,69667.14227995621,268.3273608826024,0.5158529919292764,0.04322249511716935,-3.526164165200606e-06,169.39608133634647,12977.106903463597,9.788893229830421,119.75132643384653,119.81090179714198,2.830704091572045e-06,3925.6030560398995,0.8388455209431261,-90765.5396726417,2.6445235292383127e-05,-0.006837392143707902,-0.00032580210217952264,0.04304929983180246,9.199022883397239e-06,0.9953611906203894,-1.8531402386175156e-06,-0.012720323650562406,-1.2455459300818714e-06,9.70204201264295,-1.8531167587605686e-06,-0.012720313521896277,-1.245553293819728e-06,9.702041779451399,0.5,0.0,0.0,1.0,0.0,0.0,0.0
53.5,169.23787442838528,-0.000597320146213115,7.3194419229903955,4.396935827167007e-05,-6.815273226137504e-05,-5.4867948381054815e-05,-0.446098209126224,0.7718947956037263,0.4318455659909359,0.13669023179517276,1283815.4670704796,-5001291.564229945,3736896.3587620426,0.6296622773172751,-1.319524805823833,3051.1005505388603,0.0,-0.0017371766659700298,0.04322242017150227,0.7855753128492378,-4.8204905690143453e-08,1.022592731410627e-08,4.922589166985599e-09,-4.841760566612469e-08,1.0217368468086604e-08,4.935748560031598e-09,328.38053473993057,0.9044845627325747,69667.14228246715,268.32736088444705,0.5158529919216479,0.04322249589883105,-3.526174522509267e-06,169.3960813344238,12977.10690354796,9.788893322823059,119.75132634958058,119.81090187864773,2.8306683527527334e-06,3925.603172267721,0.8388480148894081,-90765.54068572701,2.633532222537755e-05,-0.006724275865326788,-0.0003257996725869859,0.04304930110639041,9.199050232734326e-06,0.9953612017301763,-1.8531325058561449e-06,-0.01272032374668199,-1.245554174818352e-06,9.702042066919653,-1.8531088278841934e-06,-0.01272031362700554,-1.2455615999279726e-06,9.702041833787634,0.5,0.0,0.0,1.0,0.0,0.0,0.0
53.6,169.2378744207501,-0.0005973219007222132,7.319442055128426,4.396930839537313e-05,-6.815267051157666e-05,-5.4868115818723526e-05,-0.44609756116476534,0.7718946704694115,0.43184668988040203,0.1366895023880746,1283825.3185713543,-5001281.754911611,3736906.03737393,0.6296641600175904,-1.3195224854518846,3051.100550255738,0.0,-0.001737181487024247,0.043222420952329595,0.785575313341908,-4.820498398285066e-08,1.0238553011570587e-08,4.92257188378599e-09,-4.841768321588285e-08,1.022999415270079e-08,4.935753275211035e-09,328.3805347410559,0.9044845627589,69667.14228496981,268.3273608862855,0.5158529919140378,0.04322249668010373,-3.5261848799853624e-06,169.39608133250533,12977.106903631722,9.788893415815803,119.7513262653174,119.81090196015653,2.830688270449855e-06,3925.603291681469,0.8388505087376118,-90765.54174120165,2.6313988599382194e-05,-0.006788520941213467,-0.00032579866467334254,0.043049302415916146,9.199077580995862e-06,0.9953612133048169,-1.8531247171681702e-06,-0.01272032363591308,-1.2455624325611567e-06,9.702042117976173,-1.853101047589784e-06,-0.012720313476543368,-1.2455698551408656e-06,9.70204188402295,0.5,0.0,0.0,1.0,0.0,0.0,0.0
53.7,169.23787441312106,-0.0005973236552885789,7.319442187204216,4.396925858512836e-05,-6.815262069235257e-05,-5.486828325518304e-05,-0.446096913201953,0.7718945453321856,0.43184781377109244,0.13668877298167276,1283835.1700449898,-5001271.945552836,3736915.7159725553,0.6296660427178706,-1.3195201650767707,3051.100549972616,0.0,-0.001737186308088044,0.04322242173271862,0.7855753138345796,-4.8204997114426855e-08,1.0214027206762026e-08,4.9226203486947985e-09,-4.8417698445415525e-08,1.020546827699021e-08,4.935759138065905e-09,328.38053474218117,0.9044845627852254,69667.14228747251,268.327360888124,0.5158529919064383,0.04322249746100776,-3.5261952377994557e-06,169.39608133059028,12977.106903716009,9.788893508808655,119.75132618105657,119.81090204166784,2.830719989077579e-06,3925.603409257471,0.8388530022647874,-90765.54276141782,2.6383937890201305e-05,-0.006717445818472338,-0.00032579821017114126,0.04304930370528863,9.199104925736908e-06,0.9953612244928027,-1.8531168351295392e-06,-0.012720323613534156,-1.245570717281868e-06,9.702042170379565,-1.8530934480104279e-06,-0.012720313519150381,-1.2455780517412035e-06,9.70204193793851,0.5,0.0,0.0,1.0,0.0,0.0,0.0
53.800000000000004,169.23787440547792,-0.0005973254098776234,7.31944231942473,4.396920883260305e-05,-6.815254046650385e-05,-5.48684506910629e-05,-0.44609626523796064,0.7718944201919765,0.4318489376628307,0.13668804357628517,1283845.0214912547,-5001262.136153426,3736925.394557855,0.6296679254181153,-1.3195178446984763,3051.1005496891835,0.0,-0.0017371911291530733,0.04322242251348638,0.7855753143272508,-4.82049674880349e-08,1.0265001375189735e-08,4.922537966338997e-09,-4.8417665263207004e-08,1.0256442487687013e-08,4.9357654336371565e-09,328.38053474330775,0.9044845628115796,69667.14228997794,268.3273608899646,0.515852991898813,0.04322249824276893,-3.5262055957475916e-06,169.3960813286674,12977.106903799515,9.788893601801622,119.75132609679007,119.81090212317376,2.8308327492491494e-06,3925.6035286033025,0.8388554960011716,-90765.54383617808,2.6428773043321886e-05,-0.0068462729416172655,-0.0003257979611064525,0.043049305014069575,9.199132272772197e-06,0.995361236278935,-1.8531094405987062e-06,-0.012720323494618062,-1.2455788494881826e-06,9.702042220674521,-1.853085803220864e-06,-0.012720313278512219,-1.2455862620122825e-06,9.70204198558894,0.5,0.0,0.0,1.0,0.0,0.0,0.0
53.900000000000006,169.23787439785033,-0.0005973271644501039,7.319442451565671,4.3969158783294075e-05,-6.815251727221109e-05,-5.4868618131498546e-05,-0.4460956172727304,0.7718942950488182,0.431850061555681,0.13668731417178642,1283854.8729102802,-5001252.326713575,3736935.0731298923,0.6296698081183248,-1.3195155243170162,3051.1005494066826,0.0,-0.0017371959502122001,0.043222423294323416,0.7855753148199227,-4.820517789331068e-08,1.0248547620049107e-08,4.922569091493394e-09,-4.841787701720865e-08,1.0239988679558566e-08,4.93576799557075e-09,328.3805347444306,0.9044845628378474,69667.14229247514,268.32736089179906,0.5158529918912304,0.04322249902405683,-3.5262159535976944e-06,169.39608132675664,12977.106903883629,9.78889369479469,119.75132601253219,119.81090220468822,2.8308536045666224e-06,3925.6036492508306,0.8388579915585962,-90765.54488766137,2.6206328635108692e-05,-0.00690567358100557,-0.000325799021220238,0.0430493063371253,9.199159639777542e-06,0.9953612478098052,-1.8531015255933451e-06,-0.012720323413104442,-1.2455871426478078e-06,9.702042273888518,-1.8530776225717257e-06,-0.01272031313227887,-1.2455946383334032e-06,9.702042037067415,0.5,0.0,0.0,1.0,0.0,0.0,0.0
54.0,169.23787439021018,-0.0005973289191378243,7.319442583751849,4.396910914682823e-05,-6.815243023023061e-05,-5.486878556757914e-05,-0.4460949693060937,0.7718941699027667,0.43185118544980405,0.13668658476790163,1283864.724302066,-5001242.517233282,3736944.7516886676,0.6296716908184992,-1.3195132039323907,3051.10054912325,0.0,-0.0017372007712939288,0.04322242407450112,0.7855753153125958,-4.820506329172683e-08,1.0263411322341603e-08,4.922548765532689e-09,-4.841776154119792e-08,1.0254852370904558e-08,4.935773559052554e-09,328.38053474555716,0.9044845628642016,69667.14229498057,268.3273608936396,0.5158529918836096,0.04322249980561474,-3.5262263121283166e-06,169.39608132483525,12977.106903967358,9.788893787787872,119.75132592826652,119.81090228619539,2.831031886252333e-06,3925.603766703948,0.838860484714013,-90765.5459276625,2.6399299367699032e-05,-0.006900485037065369,-0.0003257993697757315,0.0430493076251502,9.199186980441775e-06,0.9953612592147588,-1.8530939321641943e-06,-0.01272032331129562,-1.245595334386516e-06,9.702042323790703,-1.853070269828518e-06,-0.012720313082908974,-1.245602754780747e-06,9.702042088296265,0.5,0.0,0.0,1.0,0.0,0.0,0.0
54.1,169.2378743825725,-0.0005973306737306383,7.319442716009513,4.396905921830207e-05,-6.815238622793869e-05,-5.486895300844065e-05,-0.4460943213383905,0.7718940447536943,0.4318523093448665,0.13668585536521677,1283874.5756664812,-5001232.707712355,3736954.4302341165,0.6296735735186381,-1.3195108835445843,3051.100548840128,0.0,-0.0017372055923582583,0.04322242485554977,0.7855753158052682,-4.8205174265942514e-08,1.0218504201748414e-08,4.922628519009876e-09,-4.8417875965320225e-08,1.0209945155859463e-08,4.935775274332671e-09,328.3805347466825,0.9044845628905269,69667.14229748327,268.3273608954781,0.5158529918760076,0.043222500587593624,-3.5262366700985595e-06,169.39608132291943,12977.106904051527,9.788893880781162,119.75132584400485,119.81090236770645,2.8311339412094108e-06,3925.603885095831,0.838862979079655,-90765.54694178994,2.6355528803837135e-05,-0.006805827831533067,-0.0003257995528497642,0.04304930892346987,9.199214334377689e-06,0.9953612703359741,-1.8530860579454527e-06,-0.012720323259565567,-1.2456036159418687e-06,9.702042376397578,-1.8530624424581989e-06,-0.012720313157729125,-1.2456110218488056e-06,9.70204214375557,0.5,0.0,0.0,1.0,0.0,0.0,0.0
54.2,169.23787437495247,-0.0005973324284545493,7.319442847993408,4.396900921055829e-05,-6.815232518556123e-05,-5.486912045283479e-05,-0.4460936733689598,0.7718939196018312,0.4318534332415288,0.13668512596258128,1283884.4270036563,-5001222.898150987,3736964.1087663034,0.6296754562187417,-1.3195085631536123,3051.100548557006,0.0,-0.0017372104134552287,0.0432224256344701,0.7855753162979441,-4.8205480994980905e-08,1.0226044526140457e-08,4.9226118696593146e-09,-4.84181819787881e-08,1.0217485473974369e-08,4.935771788744659e-09,328.38053474780776,0.9044845629168524,69667.14229998595,268.3273608973166,0.5158529918684235,0.04322250136795338,-3.5262470288425896e-06,169.39608132100943,12977.10690413659,9.788893973774561,119.75132575974713,119.81090244922184,2.8313222551664316e-06,3925.6040003287467,0.8388654726178367,-90765.54796745336,2.6561765986934738e-05,-0.006747549056662008,-0.0003258014293121215,0.043049310187147395,9.199241679239431e-06,0.995361281583696,-1.8530785211761788e-06,-0.012720323305303493,-1.245611787034345e-06,9.702042428268376,-1.853055083353109e-06,-0.012720313184883047,-1.2456191370210353e-06,9.702042195208493,0.5,0.0,0.0,1.0,0.0,0.0,0.0
54.300000000000004,169.23787436732,-0.0005973341831027564,7.319442980141646,4.396895944588537e-05,-6.81522690352852e-05,-5.486928789446401e-05,-0.44609302539847284,0.7718937944469608,0.4318545571391168,0.13668439656115716,1283894.2783135911,-5001213.088549178,3736973.7872852283,0.6296773389188102,-1.3195062427594748,3051.1005482738838,0.0,-0.0017372152345434516,0.043222426414296515,0.7855753167906185,-4.8205458710965456e-08,1.0246530828927644e-08,4.92257681185509e-09,-4.8418158183796244e-08,1.0237971782899122e-08,4.935772401924233e-09,328.38053474893314,0.9044845629431778,69667.14230248863,268.3273608991551,0.5158529918608229,0.04322250214928556,-3.5262573871398266e-06,169.3960813190941,12977.106904220833,9.788894066768068,119.75132567548557,119.81090253073346,2.8315218045804613e-06,3925.604118272684,0.8388679675166625,-90765.54901566116,2.64356098676752e-05,-0.006776125914650761,-0.0003258016761314023,0.04304931148055476,9.199269039022392e-06,0.9953612930786463,-1.853070679773265e-06,-0.012720323298137612,-1.2456200587416115e-06,9.70204248068433,-1.8530471065842965e-06,-0.01272031308699986,-1.245627450959801e-06,9.702042245558271,0.5,0.0,0.0,1.0,0.0,0.0,0.0
54.400000000000006,169.23787435968214,-0.000597335937722927,7.319443112360516,4.3968909724823647e-05,-6.815220100613054e-05,-5.486945533573834e-05,-0.4460923774267546,0.7718936692891237,0.4318556810378048,0.1366836671606578,1283904.1295961547,-5001203.278906733,3736983.465790827,0.6296792216188434,-1.3195039223621565,3051.1005479910723,0.0,-0.0017372200556352603,0.04322242719426864,0.7855753172832928,-4.8205324972737115e-08,1.0232792517375023e-08,4.922602632092837e-09,-4.841802556506968e-08,1.022423342346811e-08,4.935774380744534e-09,328.38053475005717,0.9044845629694742,69667.14230498856,268.3273609009916,0.5158529918532174,0.043222502931035696,-3.526267745271603e-06,169.39608131717645,12977.106904304306,9.78889415976169,119.75132559122234,119.81090261224357,2.831767472658934e-06,3925.604237212517,0.8388704616202857,-90765.55005101541,2.6397119974222476e-05,-0.006762587823205054,-0.00032580082115614444,0.043049312784883415,9.19929639008493e-06,0.9953613044326407,-1.8530630860945242e-06,-0.012720323155604667,-1.2456282548769787e-06,9.702042531322641,-1.8530393081280982e-06,-0.012720313046991645,-1.2456357113696412e-06,9.702042298375709,0.5,0.0,0.0,1.0,0.0,0.0,0.0
54.5,169.23787435204625,-0.0005973376922430183,7.319443244647779,4.396885994666237e-05,-6.815216996786672e-05,-5.48696227763644e-05,-0.4460917294539589,0.7718935441282855,0.431856804937443,0.13668293776132703,1283913.9808514777,-5001193.469223849,3736993.1442831634,0.6296811043188412,-1.3195016019616723,3051.1005477091917,0.0,-0.0017372248767130907,0.043222427975038995,0.7855753177759657,-4.8205342668928286e-08,1.0222132847554769e-08,4.922622219133261e-09,-4.841804411143656e-08,1.0213573711942266e-08,4.935775480349154e-09,328.38053475117755,0.9044845629956841,69667.14230748029,268.3273609028221,0.5158529918456327,0.04322250371318869,-3.5262781028124782e-06,169.3960813152637,12977.106904387289,9.788894252755416,119.75132550696257,119.81090269375704,2.8319461646830746e-06,3925.604361774129,0.8388729558410855,-90765.55113217744,2.6288566165531703e-05,-0.006943565656536185,-0.00032579924083553656,0.04304931415086211,9.19932374243246e-06,0.9953613162889767,-1.8530550137412744e-06,-0.01272032290180006,-1.2456366035767954e-06,9.702042582897782,-1.8530313636467101e-06,-0.012720312724585603,-1.2456440199874343e-06,9.702042348445476,0.5,0.0,0.0,1.0,0.0,0.0,0.0
54.6,169.2378743444016,-0.0005973394468046017,7.319443376987268,4.3968810429387495e-05,-6.815210133384944e-05,-5.486979021221178e-05,-0.44609108147985593,0.7718934189645215,0.431857928838257,0.13668220836277697,1283923.8320795603,-5001183.659500523,3737002.8227622374,0.6296829870188039,-1.3194992815580227,3051.100547425449,0.0,-0.0017372296978019242,0.04322242875558834,0.7855753182686391,-4.8205031897996525e-08,1.0226708092074532e-08,4.92262117565622e-09,-4.841773329925599e-08,1.0218148927573605e-08,4.9357824351717945e-09,328.3805347523054,0.9044845630220673,69667.14230998846,268.3273609046646,0.5158529918380164,0.043222504495651945,-3.526288460598429e-06,169.39608131334444,12977.10690447176,9.788894345749252,119.75132542269812,119.81090277526611,2.83221485197771e-06,3925.604478152264,0.8388754492668208,-90765.55215823316,2.6299281827008704e-05,-0.006876340873584435,-0.00032579708330619187,0.043049315427098445,9.199351086061085e-06,0.9953613275410007,-1.8530470980789505e-06,-0.01272032291960887,-1.2456449030646258e-06,9.70204263497624,-1.853023674378128e-06,-0.012720312764282298,-1.245652249026295e-06,9.702042401088885,0.5,0.0,0.0,1.0,0.0,0.0,0.0
54.7,169.23787433677026,-0.0005973412013783224,7.319443509200474,4.3968760281860346e-05,-6.815204826794585e-05,-5.48699576569883e-05,-0.4460904335043428,0.771893293797847,0.4318590527403565,0.13668147896483024,1283933.6832802708,-5001173.849736562,3737012.501227985,0.6296848697187312,-1.3194969611511922,3051.100547142327,0.0,-0.0017372345188925037,0.043222429535451495,0.7855753187613137,-4.820545733376626e-08,1.0247308740692088e-08,4.922581729507217e-09,-4.841815703443352e-08,1.0238749589772566e-08,4.935778863157058e-09,328.38053475343065,0.9044845630483926,69667.14231249115,268.32736090650315,0.5158529918304281,0.04322250527736702,-3.5262988184558674e-06,169.39608131143305,12977.10690455661,9.788894438743196,119.75132533843919,119.81090285678071,2.832473036562533e-06,3925.604595616073,0.8388779432436494,-90765.55320787018,2.6341471011261885e-05,-0.006908613245984249,-0.00032579761937161835,0.043049316715240586,9.199378435733157e-06,0.9953613390516243,-1.8530396551399407e-06,-0.012720322922327174,-1.2456530496112832e-06,9.702042687121894,-1.8530159903127649e-06,-0.012720312661005442,-1.2456604704527876e-06,9.702042450860707,0.5,0.0,0.0,1.0,0.0,0.0,0.0
54.800000000000004,169.23787432913383,-0.0005973429560109057,7.319443641446736,4.396871049791095e-05,-6.815198332831122e-05,-5.487012509661661e-05,-0.44608978552755985,0.7718931686282345,0.43186017664359455,0.13668074956772822,1283943.534453741,-5001164.039932161,3737022.1796804704,0.6296867524186232,-1.3194946407411958,3051.100546858584,0.0,-0.001737239339991062,0.04322243031526171,0.785575319253989,-4.8205399149401496e-08,1.0230110959656433e-08,4.922614992126882e-09,-4.841810029114751e-08,1.0221551753161639e-08,4.935782267210808e-09,328.3805347545585,0.9044845630747758,69667.14231499932,268.32736090834567,0.5158529918228245,0.04322250605927834,-3.5263091766608672e-06,169.396081309518,12977.106904641723,9.78889453173725,119.75132525417753,119.81090293829281,2.832773434491287e-06,3925.6047095853087,0.8388804371175491,-90765.55420574862,2.6377783340171315e-05,-0.006731710137373809,-0.00032579749951897014,0.04304931796506022,9.199405784276482e-06,0.9953613499946482,-1.853031982772982e-06,-0.012720323016536625,-1.2456612679836276e-06,9.702042739753592,-1.8530083304783161e-06,-0.012720312858018975,-1.2456686852032722e-06,9.702042505722744,0.5,0.0,0.0,1.0,0.0,0.0,0.0
54.900000000000006,169.23787432147347,-0.0005973447105684872,7.319443774014795,4.39686610318732e-05,-6.815191027301094e-05,-5.4870292530663045e-05,-0.44608913754994106,0.7718930434555439,0.43186130054753574,0.13668002017222133,1283953.38559997,-5001154.230087318,3737031.858119693,0.6296886351184803,-1.3194923203280338,3051.1005465751514,0.0,-0.0017372441610695206,0.043222431096978785,0.7855753197466612,-4.820507012624314e-08,1.024392273309172e-08,4.9225991205559735e-09,-4.841777058603935e-08,1.0235363509506369e-08,4.935790454012377e-09,328.380534755685,0.90448456310113,69667.14231750474,268.3273609101862,0.5158529918151925,0.04322250684309366,-3.5263195344233157e-06,169.3960813075929,12977.106904724887,9.788894624731418,119.75132516990885,119.81090301979782,2.833073345698267e-06,3925.604830311251,0.8388829308835478,-90765.55526688018,2.6333053341226672e-05,-0.006805987335037321,-0.0003257955135716875,0.04304931928897587,9.19943313163653e-06,0.9953613616313242,-1.853024103792486e-06,-0.01272032284840166,-1.2456695560659363e-06,9.702042790452236,-1.8530005352094147e-06,-0.012720312692893986,-1.2456769471943736e-06,9.702042556535496,0.5,0.0,0.0,1.0,0.0,0.0,0.0
55.0,169.23787431382866,-0.0005973464651427165,7.31944390646397,4.396861105206222e-05,-6.815186631249199e-05,-5.48704599720653e-05,-0.44608848957098196,0.7718929182799208,0.43186242445269096,0.13667929077744115,1283963.2367188267,-5001144.420201842,3737041.5365455896,0.6296905178183017,-1.319489999911691,3051.1005462920293,0.0,-0.00173724898214873,0.04322243187833032,0.7855753202393346,-4.8205261298361586e-08,1.0223985133196185e-08,4.922634445644686e-09,-4.8417963288361364e-08,1.0215425854590326e-08,4.935791158673768e-09,328.38053475681033,0.9044845631274554,69667.14232000744,268.32736091202474,0.5158529918075941,0.04322250762620386,-3.5263298922838243e-06,169.39608130567828,12977.106904809238,9.788894717725693,119.75132508564751,119.81090310131019,2.8333157337338357e-06,3925.6049497116314,0.8388854250397173,-90765.55630578328,2.6320619934834013e-05,-0.006801632051522026,-0.0003257956135349023,0.04304932059835501,9.199460483275308e-06,0.9953613730242364,-1.8530162532189767e-06,-0.012720322769851336,-1.245677830569654e-06,9.702042842665305,-1.8529927626911618e-06,-0.012720312638816579,-1.2456851973044626e-06,9.702042609295408,0.5,0.0,0.0,1.0,0.0,0.0,0.0
55.1,169.23787430618594,-0.0005973482197770226,7.31944403885642,4.396856114062694e-05,-6.815181090115209e-05,-5.4870627413063406e-05,-0.44608784159065623,0.7718927931013903,0.4318635483590851,0.1366785613833321,1283973.0878104412,-5001134.610275924,3737051.2149582235,0.6296924005180881,-1.3194876794921822,3051.1005460082865,0.0,-0.0017372538032347548,0.04322243265917907,0.7855753207320091,-4.820539658103266e-08,1.0221043459195614e-08,4.922640468490405e-09,-4.841809883511368e-08,1.0212484150779795e-08,4.935792114538026e-09,328.3805347579381,0.9044845631538385,69667.1423225156,268.32736091386727,0.5158529917999908,0.043222508408978975,-3.5263402504989944e-06,169.39608130376325,12977.106904894357,9.788894810720077,119.7513250013859,119.81090318282233,2.833586528971921e-06,3925.605065855744,0.8388879190694546,-90765.5573299088,2.636368185180795e-05,-0.0067270208288108865,-0.0003257962300246742,0.04304932187202498,9.199487833527591e-06,0.9953613842550935,-1.8530085989029656e-06,-0.012720322821749475,-1.2456860420178736e-06,9.702042895333241,-1.8529851012923123e-06,-0.012720312688488397,-1.2456934109046894e-06,9.702042662001636,0.5,0.0,0.0,1.0,0.0,0.0,0.0
55.2,169.23787429852197,-0.000597349974388351,7.319444171491207,4.3968511558340064e-05,-6.815173115361051e-05,-5.487079484927181e-05,-0.4460871936093537,0.771892667919827,0.43186467226632297,0.1366778319905761,1283982.9388748147,-5001124.800309567,3737060.893357595,0.6296942832178392,-1.3194853590695077,3051.1005457239226,0.0,-0.0017372586243117269,0.04322243344130152,0.7855753212246818,-4.820514831029894e-08,1.0250523966423496e-08,4.922595738996363e-09,-4.84178486355108e-08,1.0241964667359149e-08,4.935798691197725e-09,328.3805347590684,0.9044845631802794,69667.14232502927,268.3273609157138,0.5158529917923508,0.04322250919318877,-3.526350608578745e-06,169.39608130183746,12977.106904978657,9.78889490371457,119.75132491711656,119.8109032643269,2.833884590991431e-06,3925.605183079838,0.838890413533368,-90765.55837593965,2.6261942722963883e-05,-0.006726053125258768,-0.0003257955286839232,0.04304932315753834,9.199515188541177e-06,0.9953613957261707,-1.8530007967090424e-06,-0.012720322801626952,-1.2456943031237877e-06,9.702042946749437,-1.8529771889613425e-06,-0.012720312634174781,-1.2457017065910493e-06,9.702042712698958,0.5,0.0,0.0,1.0,0.0,0.0,0.0
55.300000000000004,169.23787429087903,-0.0005973517290184307,7.319444303932545,4.396846147203833e-05,-6.81516913547524e-05,-5.487096229361011e-05,-0.44608654562664113,0.7718925427353536,0.4318657961748459,0.13667710259842433,1283992.7899118152,-5001114.990302576,3737070.5717436397,0.6296961659175547,-1.3194830386436525,3051.1005454408005,0.0,-0.0017372634453914442,0.04322243422273923,0.7855753217173556,-4.820549530929386e-08,1.0234702509081875e-08,4.922620190103602e-09,-4.841819669485618e-08,1.0226143167658857e-08,4.9357956826134946e-09,328.3805347601937,0.9044845632066048,69667.14232753195,268.32736091755237,0.515852991784757,0.04322250997625228,-3.526360966768926e-06,169.39608129992433,12977.106905063236,9.788894996709171,119.7513248328563,119.8109033458403,2.8341044705134286e-06,3925.60530243126,0.8388929073406728,-90765.559418682,2.6363899235431148e-05,-0.006736731894908887,-0.00032579651740047885,0.0430493244663806,9.1995425363542e-06,0.995361407161185,-1.8529932150636657e-06,-0.012720322734833997,-1.245702491151279e-06,9.702042999109862,-1.8529696256294102e-06,-0.012720312558651192,-1.2457098886241363e-06,9.702042764838147,0.5,0.0,0.0,1.0,0.0,0.0,0.0
55.400000000000006,169.2378742832306,-0.0005973534836958614,7.319444436382936,4.3968411822358235e-05,-6.815163337287133e-05,-5.487112973256856e-05,-0.44608589764263107,0.7718924175479508,0.4318669200845358,0.13667637320706832,1284002.6409215739,-5001105.180255144,3737080.2501164223,0.6296980486172352,-1.319480718214631,3051.1005451576784,0.0,-0.0017372682664794823,0.04322243500399677,0.7855753222100298,-4.820529047110927e-08,1.0233172078668706e-08,4.922627014494021e-09,-4.841799215538877e-08,1.022461270391485e-08,4.935799890991661e-09,328.380534761319,0.9044845632329301,69667.14233003464,268.32736091939086,0.5158529917771478,0.04322251075937057,-3.5263713252387416e-06,169.3960812980061,12977.106905147037,9.78889508970388,119.75132474859237,119.81090342735023,2.8343641493104124e-06,3925.6054223196556,0.8388954023957679,-90765.56047019237,2.6217620462387025e-05,-0.0067799175304468755,-0.0003257968922310089,0.04304932578111146,9.199569897850854e-06,0.9953614186923524,-1.8529854122194126e-06,-0.012720322601549039,-1.2457107499191202e-06,9.702043050336789,-1.8529616229651826e-06,-0.012720312437281141,-1.2457182100936924e-06,9.702042816184463,0.5,0.0,0.0,1.0,0.0,0.0,0.0
55.5,169.23787427559841,-0.0005973552384223625,7.319444568621052,4.3968361854193964e-05,-6.815157923876937e-05,-5.4871297178385216e-05,-0.44608524965706736,0.7718922923577004,0.43186804399565487,0.13667564381605526,1284012.4919040906,-5001095.370167272,3737089.928475942,0.6296999313168805,-1.3194783977824442,3051.1005448745564,0.0,-0.00173727308758131,0.04322243578389729,0.7855753227027064,-4.8205464397618676e-08,1.0228164300030144e-08,4.922632095925613e-09,-4.841816630529722e-08,1.0219604900218028e-08,4.9357963169237165e-09,328.3805347624443,0.9044845632592555,69667.14233253733,268.3273609212294,0.5158529917695601,0.04322251154123277,-3.52638168399809e-06,169.39608129609493,12977.10690523192,9.788895182698703,119.7513246643334,119.8109035088652,2.834640926430154e-06,3925.6055394591313,0.8388978962797622,-90765.56150207378,2.634289179208714e-05,-0.006745117752178676,-0.00032579831236314785,0.04304932706569687,9.199597246504881e-06,0.9953614300082626,-1.8529776455782448e-06,-0.012720322596199901,-1.245718993912796e-06,9.70204310229751,-1.8529541170337905e-06,-0.012720312428977972,-1.2457263726897406e-06,9.702042868260783,0.5,0.0,0.0,1.0,0.0,0.0,0.0
55.6,169.23787426793822,-0.0005973569930705713,7.319444701174722,4.39683122846454e-05,-6.815149760689318e-05,-5.4871464618659596e-05,-0.4460846016705985,0.7718921671643785,0.4318691679075438,0.13667491442653662,1284022.342859234,-5001085.560038766,3737099.6068221354,0.6297018140164904,-1.3194760773470762,3051.100544590503,0.0,-0.001737277908672221,0.04322243656542757,0.7855753231953803,-4.82052770166547e-08,1.0243873650239281e-08,4.9226060899870025e-09,-4.8417977804486753e-08,1.0235314248062394e-08,4.935797675912412e-09,328.38053476357334,0.9044845632856675,69667.14233504825,268.32736092307397,0.5158529917619229,0.043222512324963186,-3.5263920422955505e-06,169.39608129416945,12977.10690531585,9.78889527569363,119.7513245800642,119.81090359037009,2.834958099680781e-06,3925.605656691057,0.8389003897026045,-90765.56253916015,2.641699571693143e-05,-0.006714739987833664,-0.0003257971436494246,0.04304932835129611,9.199624590101779e-06,0.9953614413812522,-1.8529701778495446e-06,-0.012720322545651077,-1.2457271512800597e-06,9.702043153459638,-1.8529465405097255e-06,-0.012720312416119164,-1.2457345638659136e-06,9.702042920139808,0.5,0.0,0.0,1.0,0.0,0.0,0.0
55.7,169.2378742602988,-0.0005973587476509255,7.319444833572872,4.396826224152152e-05,-6.815146364118446e-05,-5.487163206537553e-05,-0.44608395368279596,0.7718920419681372,0.4318702918206444,0.13667418503773507,1284032.193787135,-5001075.74986982,3737109.285155066,0.6297036967160651,-1.3194737569085424,3051.100544307381,0.0,-0.0017372827297562705,0.04322243734658224,0.7855753236880547,-4.8205517081917426e-08,1.0233281590936839e-08,4.922620082106079e-09,-4.841821847817641e-08,1.0224722156663008e-08,4.9357933027287396e-09,328.38053476469867,0.9044845633119929,69667.14233755093,268.32736092491245,0.5158529917543342,0.043222513107771074,-3.526402400192153e-06,169.39608129225795,12977.106905400684,9.78889536868867,119.75132449580505,119.81090367188479,2.8351826252640913e-06,3925.6057755668526,0.8389028847338159,-90765.563581552,2.62491265590578e-05,-0.006722781672220269,-0.00032579715311446936,0.04304932965492251,9.199651951336519e-06,0.995361452812423,-1.8529622545420852e-06,-0.01272032252773858,-1.2457354499225973e-06,9.702043206551485,-1.8529384637151674e-06,-0.012720312344949197,-1.2457429104748867e-06,9.702042971987046,0.5,0.0,0.0,1.0,0.0,0.0,0.0
55.800000000000004,169.2378742526392,-0.0005973605022937721,7.319444966091288,4.396821277560021e-05,-6.815136215131168e-05,-5.487179950342041e-05,-0.4460833056937117,0.7718919167689621,0.4318714157348925,0.1366734556497642,1284042.0446877934,-5001065.939660434,3737118.9634747333,0.6297055794156045,-1.3194714364668425,3051.1005440233275,0.0,-0.0017372875508559265,0.043222438127642336,0.785575324180729,-4.820535249263952e-08,1.0290033166494995e-08,4.922522972780199e-09,-4.841804969674471e-08,1.0281473791331802e-08,4.935794927125609e-09,328.3805347658277,0.9044845633384049,69667.14234006185,268.32736092675697,0.515852991746694,0.043222513891293425,-3.526412758457981e-06,169.39608129033147,12977.106905484461,9.788895461683818,119.75132441153514,119.81090375338907,2.835544196777562e-06,3925.605893585851,0.8389053763299118,-90765.56464821352,2.661664802642001e-05,-0.006803476633710316,-0.0003257952568109541,0.04304933094915302,9.199679274900786e-06,0.995361464509742,-1.8529548241420679e-06,-0.012720322427178504,-1.2457435963107122e-06,9.702043256011828,-1.852931453813366e-06,-0.012720312174661366,-1.2457509247551577e-06,9.702043020248382,0.5,0.0,0.0,1.0,0.0,0.0,0.0
55.900000000000006,169.23787424498767,-0.0005973622567616739,7.319445098695436,4.3968162810754404e-05,-6.815134738278206e-05,-5.48719669463686e-05,-0.4460826577037457,0.7718917915667057,0.4318725396498978,0.13667272626330668,1284051.8955610783,-5001056.129410414,3737128.6417810745,0.6297074621151085,-1.3194691160219618,3051.100543739895,0.0,-0.0017372923719195937,0.04322243891039576,0.7855753246734009,-4.820538650713954e-08,1.0226380811369661e-08,4.922634882358366e-09,-4.841808855059323e-08,1.0217821314230255e-08,4.935796198725351e-09,328.38053476695427,0.9044845633647591,69667.14234256728,268.32736092859756,0.5158529917390937,0.04322251467531934,-3.5264231156908065e-06,169.39608128841684,12977.106905569226,9.788895554679076,119.75132432727382,119.81090383490147,2.8357042287652234e-06,3925.6060124806745,0.8389078722559014,-90765.5656577245,2.6202813118543387e-05,-0.006685283428464481,-0.0003257938731521965,0.04304933225298808,9.199706645947923e-06,0.9953614755803318,-1.852946487884234e-06,-0.012720322434486283,-1.2457520280161816e-06,9.702043310829081,-1.8529229170762845e-06,-0.012720312281705833,-1.2457594198081434e-06,9.702043076921452,0.5,0.0,0.0,1.0,0.0,0.0,0.0
56.0,169.2378742373387,-0.0005973640113927564,7.319445231156917,4.396811319528066e-05,-6.815128216104032e-05,-5.4872134384083e-05,-0.4460820097121909,0.7718916663616141,0.4318736635663616,0.136671996877143,1284061.7464071203,-5001046.319119954,3737138.320074153,0.6297093448145775,-1.319466795573915,3051.1005434564627,0.0,-0.0017372971930118206,0.04322243969165644,0.7855753251660749,-4.8205199081192966e-08,1.0236672449191203e-08,4.922621560265352e-09,-4.8417900552854836e-08,1.022811293584785e-08,4.93580081781737e-09,328.3805347680808,0.9044845633911134,69667.14234507272,268.3273609304381,0.5158529917314822,0.04322251545850318,-3.526433473887017e-06,169.39608128649851,12977.106905653427,9.788895647674442,119.7513242430098,119.81090391641138,2.835974478661759e-06,3925.606132795756,0.8389103657113338,-90765.56672020994,2.6280410177279002e-05,-0.006770355046829553,-0.0003257930338165686,0.0430493335723981,9.199733989902213e-06,0.9953614872318549,-1.8529389037492702e-06,-0.012720322339047886,-1.2457602204852551e-06,9.702043361809983,-1.8529153470710611e-06,-0.012720312100604106,-1.2457676079412983e-06,9.702043127006146,0.5,0.0,0.0,1.0,0.0,0.0,0.0
56.1,169.23787422968368,-0.0005973657660126915,7.319445363697199,4.3968063382120234e-05,-6.815121776866893e-05,-5.4872301824830244e-05,-0.44608136171949964,0.7718915411535405,0.43187478748383346,0.13667126749204794,1284071.597225919,-5001036.508789054,3737147.9983539684,0.6297112275140111,-1.3194644751227025,3051.10054317303,0.0,-0.0017373020140964196,0.043222440473452826,0.7855753256587485,-4.820521292257342e-08,1.0224213100406724e-08,4.922644637381405e-09,-4.8417915395218916e-08,1.0215653542015803e-08,4.935802276844045e-09,328.3805347692073,0.9044845634174675,69667.14234757815,268.3273609322786,0.515852991723863,0.04322251624215332,-3.5264438320174756e-06,169.3960812845776,12977.10690573723,9.788895740669918,119.75132415874391,119.81090399791947,2.836232973812969e-06,3925.606250953726,0.8389128590695594,-90765.56775074516,2.639547121869029e-05,-0.0067234541555192245,-0.0003257926236617717,0.043049334868152614,9.199761332790505e-06,0.9953614985330025,-1.8529312645364677e-06,-0.012720322203536963,-1.2457684291960972e-06,9.702043412754751,-1.8529078343733824e-06,-0.012720312109030005,-1.2457757771833343e-06,9.702043180314433,0.5,0.0,0.0,1.0,0.0,0.0,0.0
56.2,169.2378742220196,-0.0005973675206181337,7.319445496361125,4.3968013726171184e-05,-6.815115007136181e-05,-5.4872469262980754e-05,-0.44608071372572583,0.7718914159424518,0.43187591140225773,0.13667053810813184,1284081.4480173434,-5001026.69841752,3737157.676620457,0.6297131102134094,-1.3194621546683087,3051.1005428895974,0.0,-0.0017373068351715796,0.04322244125606073,0.7855753261514209,-4.8205115135824315e-08,1.0241297544125163e-08,4.922618231038936e-09,-4.8417816471327465e-08,1.0232737981989281e-08,4.93580562519465e-09,328.3805347703339,0.9044845634438218,69667.14235008357,268.32736093411916,0.5158529917162323,0.043222517026535,-3.526454190062455e-06,169.396081282653,12977.106905820465,9.788895833665505,119.7513240744754,119.81090407942487,2.836477917137851e-06,3925.6063727666574,0.8389153530529855,-90765.56882543657,2.6381287150375408e-05,-0.006852291046432545,-0.00032579192682041216,0.04304933620398849,9.199788682534926e-06,0.9953615103183796,-1.8529236585192438e-06,-0.012720321987282556,-1.2457766292353104e-06,9.702043463046351,-1.8529000802025713e-06,-0.012720311864899327,-1.2457840232162822e-06,9.702043229916578,0.5,0.0,0.0,1.0,0.0,0.0,0.0
56.300000000000004,169.23787421437038,-0.000597369275291629,7.319445628844304,4.3967963848835164e-05,-6.815109145474421e-05,-5.487263670531109e-05,-0.44608006573048026,0.7718912907284888,0.43187703532202804,0.13666980872470177,1284091.2987815246,-5001016.888005547,3737167.354873683,0.6297149929127724,-1.3194598342107489,3051.100542605544,0.0,-0.0017373116562571854,0.043222442037684605,0.785575326644095,-4.820519379065335e-08,1.0249840863200293e-08,4.9226032310680565e-09,-4.841789448186703e-08,1.024128129041109e-08,4.935805530819368e-09,328.38053477146286,0.9044845634702339,69667.1423525945,268.32736093596367,0.5158529917086192,0.04322251780984688,-3.5264645485090284e-06,169.39608128073536,12977.1069059056,9.788895926661198,119.75132399021187,119.81090416093524,2.836708331936203e-06,3925.606489092072,0.8389178469127705,-90765.56985788113,2.646517667967481e-05,-0.0068058391630760745,-0.0003257925996742776,0.04304933747964668,9.199816030923465e-06,0.9953615216404655,-1.8529161353863447e-06,-0.012720322032538648,-1.2457847992079108e-06,9.702043515517746,-1.852892501767061e-06,-0.012720311874719878,-1.2457922104625362e-06,9.702043281656046,0.5,0.0,0.0,1.0,0.0,0.0,0.0
56.400000000000006,169.23787420672085,-0.0005973710299123583,7.3194457613586845,4.396791382411885e-05,-6.815104515303786e-05,-5.487280415012493e-05,-0.4460794177340743,0.7718911655115509,0.43187815924283435,0.1366690793422918,1284101.1495184624,-5001007.077553134,3737177.0331136454,0.6297168756121003,-1.3194575137500233,3051.100542321801,0.0,-0.0017373164773282284,0.04322244281972193,0.7855753271367686,-4.8205353130031155e-08,1.0228222634242581e-08,4.922639196705063e-09,-4.841805537912961e-08,1.0219663007857294e-08,4.935803954335199e-09,328.3805347725907,0.904484563496617,69667.14235510267,268.32736093780625,0.5158529917010112,0.043222518593342855,-3.5264749066440845e-06,169.39608127881883,12977.10690599049,9.788896019657003,119.75132390594914,119.81090424244627,2.836899895442002e-06,3925.606606910803,0.8389203427138404,-90765.57088385499,2.6205896267364308e-05,-0.006743167651747551,-0.0003257935526784485,0.043049338771680996,9.199843400600696e-06,0.9953615328915921,-1.8529079085561351e-06,-0.012720322028688197,-1.2457931900790805e-06,9.702043568228348,-1.852884253273538e-06,-0.012720311905178493,-1.2458006085900318e-06,9.702043335286547,0.5,0.0,0.0,1.0,0.0,0.0,0.0
56.5,169.23787419904815,-0.0005973727845278744,7.319445894128983,4.396786437449434e-05,-6.81509769376422e-05,-5.4872971586241845e-05,-0.4460787697367212,0.7718910402915554,0.43187928316445046,0.13666834996130797,1284111.0002280253,-5000997.267060088,3737186.711340281,0.6297187583113928,-1.3194551932861165,3051.100542036506,0.0,-0.001737321298395843,0.04322244360320798,0.7855753276294399,-4.820501266800358e-08,1.0249109963705517e-08,4.922608757298018e-09,-4.8417713605699306e-08,1.0240550334836337e-08,4.935809880493923e-09,328.3805347737246,0.9044845635231444,69667.14235762456,268.3273609396589,0.5158529916933566,0.04322251937835409,-3.526485264748619e-06,169.39608127689016,12977.10690607559,9.788896112652917,119.75132382167787,119.8109043239488,2.837102729931947e-06,3925.6067213598376,0.838922836623031,-90765.57190431647,2.6169458717333405e-05,-0.006630692064705031,-0.00032579206531611855,0.04304934002676225,9.19987074953103e-06,0.9953615440822681,-1.8529002132664862e-06,-0.012720322160342244,-1.245801419584627e-06,9.702043621850159,-1.8528764743354376e-06,-0.012720312012007497,-1.2458088641828509e-06,9.702043387876797,0.5,0.0,0.0,1.0,0.0,0.0,0.0
56.6,169.2378741914084,-0.0005973745392375337,7.31944602650418,4.396781423601555e-05,-6.815092978905403e-05,-5.487313903415797e-05,-0.4460781217376311,0.7718909150687709,0.43188040708768194,0.13666762058034537,1284120.8509103449,-5000987.456526604,3737196.389553654,0.6297206410106501,-1.3194528728190436,3051.1005417546257,0.0,-0.0017373261194841292,0.043222444384499854,0.7855753281221151,-4.820541993241788e-08,1.0237237648349225e-08,4.922622573545471e-09,-4.841812147094208e-08,1.0228677989620572e-08,4.93580310694311e-09,328.380534774845,0.9044845635493542,69667.14236011627,268.3273609414893,0.5158529916857716,0.04322252016102669,-3.5264956234085802e-06,169.39608127497738,12977.106906158566,9.788896205648939,119.75132373741778,119.81090440546255,2.8372810939221913e-06,3925.606846413489,0.8389253301534805,-90765.57299355522,2.6373295648303182e-05,-0.006844799595770801,-0.0003257938455415928,0.0430493413981368,9.19989809430798e-06,0.9953615560271757,-1.8528928243302637e-06,-0.01272032179276086,-1.2458095449997245e-06,9.702043670923388,-1.8528691029102477e-06,-0.012720311641308851,-1.245816983745219e-06,9.70204343706158,0.5,0.0,0.0,1.0,0.0,0.0,0.0
56.7,169.23787418374906,-0.0005973762939004311,7.319446159077665,4.39677647952171e-05,-6.815087088251917e-05,-5.4873306472272325e-05,-0.4460774737375282,0.7718907898429651,0.43188153101179516,0.13666689120067066,1284130.7015654198,-5000977.645952678,3737206.067753764,0.629722523709872,-1.319450552348805,3051.1005414687097,0.0,-0.0017373309405622189,0.0432224451668961,0.785575328614788,-4.820503084863961e-08,1.0272804542804116e-08,4.922565256745304e-09,-4.8417729914410686e-08,1.0264244906088961e-08,4.935807684343038e-09,328.38053477598146,0.9044845635759394,69667.14236264366,268.327360943346,0.5158529916781279,0.04322252094487376,-3.5265059817927204e-06,169.39608127305357,12977.106906245239,9.788896298645069,119.75132365314997,119.8109044869685,2.837471334338204e-06,3925.6069701021343,0.8389278248850932,-90765.57409126792,2.622612869571139e-05,-0.00706784579131978,-0.0003257929561071388,0.0430493427545423,9.199925452257233e-06,0.995361568065011,-1.8528849366365307e-06,-0.012720322195321975,-1.2458178335731251e-06,9.70204372722639,-1.8528611129254884e-06,-0.012720311262099908,-1.2458253043523163e-06,9.702043484648303,0.5,0.0,0.0,1.0,0.0,0.0,0.0
56.800000000000004,169.2378741760792,-0.0005973780485109125,7.319446291791295,4.3967715106492265e-05,-6.815079164701724e-05,-5.487347391367617e-05,-0.44607682573632723,0.7718906646141491,0.43188265493687594,0.1366661618221488,1284140.55219312,-5000967.835338119,3737215.745940547,0.6297244064090588,-1.3194482318753848,3051.1005411855876,0.0,-0.0017373357616330123,0.04322244595003533,0.7855753291074596,-4.820499098318373e-08,1.0249767882161631e-08,4.922604878012269e-09,-4.8417691764801164e-08,1.0241208187645942e-08,4.9358072954736e-09,328.3805347771068,0.9044845636022648,69667.14236514636,268.32736094518447,0.5158529916704881,0.043222521729550066,-3.5265163398675258e-06,169.3960812711253,12977.1069063275,9.78889639164131,119.75132356887893,119.81090456847129,2.8376761817365073e-06,3925.6070801520746,0.838930317466228,-90765.57505318741,2.6429978555336345e-05,-0.006721411833682776,-0.0003257914344837868,0.04304934396138182,9.199952786623723e-06,0.9953615786136988,-1.852877373802542e-06,-0.012720321814993255,-1.2458260210592805e-06,9.7020437755242,-1.8528537765154317e-06,-0.012720311704668618,-1.2458334209066953e-06,9.702043542537734,0.5,0.0,0.0,1.0,0.0,0.0,0.0
56.900000000000006,169.23787416844044,-0.0005973798031297508,7.319446424177771,4.396766494523493e-05,-6.815075697293613e-05,-5.487364136203178e-05,-0.44607617773355335,0.77189053938249,0.43188377886341067,0.13666543244392595,1284150.4027935758,-5000958.0246831225,3737225.424114067,0.6297262891082103,-1.3194459113987986,3051.100540902155,0.0,-0.0017373405827069744,0.04322244673170961,0.7855753296001337,-4.820535558141707e-08,1.0229105069905798e-08,4.922634541094934e-09,-4.841805764859063e-08,1.0220545331291602e-08,4.9358010816828155e-09,328.3805347782333,0.904484563628619,69667.14236765177,268.32736094702506,0.5158529916628981,0.04322252251228893,-3.5265266979913117e-06,169.396081269214,12977.106906412775,9.788896484637664,119.75132348462002,119.81090464998597,2.837800993601055e-06,3925.607198092109,0.8389328120228879,-90765.57608460203,2.6389413830942026e-05,-0.0066859718076855415,-0.0003257922116995371,0.04304934525474638,9.199980142654392e-06,0.99536158992449,-1.8528694872505153e-06,-0.012720321823366621,-1.2458343055967782e-06,9.702043828486783,-1.852845936122527e-06,-0.012720311695706909,-1.2458416910714076e-06,9.702043595265195,0.5,0.0,0.0,1.0,0.0,0.0,0.0
57.0,169.23787416078,-0.0005973815577542745,7.319446556756085,4.396761537578137e-05,-6.815068951071693e-05,-5.4873808801367936e-05,-0.4460755297297042,0.7718904141478302,0.431884902790887,0.13666470306688816,1284160.253366787,-5000948.213987686,3737235.102274324,0.6297281718073265,-1.3194435909190465,3051.100540618412,0.0,-0.0017373454037803333,0.043222447514216736,0.785575330092806,-4.820509664373264e-08,1.0230205516623064e-08,4.922635867101486e-09,-4.841779877205e-08,1.0221645750250943e-08,4.9358043674162266e-09,328.38053477936114,0.9044845636550021,69667.14237015996,268.3273609488676,0.5158529916552652,0.04322252329616476,-3.5265370561489382e-06,169.3960812672893,12977.106906496412,9.788896577634123,119.75132340035158,119.81090473149118,2.837977318037588e-06,3925.60731795845,0.838935306436842,-90765.57713448981,2.6284174558077978e-05,-0.006716412094494031,-0.0003257911192181608,0.04304934656923539,9.200007497120109e-06,0.9953616014378635,-1.8528615120627112e-06,-0.0127203216876415,-1.2458426218481982e-06,9.702043879472745,-1.8528380176704251e-06,-0.012720311593046468,-1.245849989823317e-06,9.702043647033634,0.5,0.0,0.0,1.0,0.0,0.0,0.0
57.1,169.23787415313987,-0.0005973833124287442,7.319446689095737,4.396756525901136e-05,-6.815063363193989e-05,-5.487397624968393e-05,-0.4460748817242951,0.7718902889103082,0.4318860267197995,0.1366639736901944,1284170.1039126227,-5000938.403251616,3737244.7804212533,0.6297300545064073,-1.319441270436113,3051.1005403349795,0.0,-0.001737350224864887,0.043222448295360386,0.7855753305854807,-4.820541493019196e-08,1.0230807569115738e-08,4.922628671936588e-09,-4.84181167514552e-08,1.0222247790528201e-08,4.935798274071268e-09,328.3805347804876,0.9044845636813563,69667.14237266537,268.3273609507081,0.5158529916476647,0.043222524078627825,-3.526547414601205e-06,169.3960812653746,12977.106906581164,9.788896670630688,119.75132331609021,119.81090481300349,2.8381452959654516e-06,3925.6074356444874,0.8389378003853164,-90765.57817491175,2.637482393009618e-05,-0.006713452099480927,-0.0003257921865072452,0.04304934785981455,9.20003484648124e-06,0.9953616128474316,-1.852854028519693e-06,-0.012720321644914385,-1.245850778852837e-06,9.70204393102563,-1.8528304343342207e-06,-0.012720311538978964,-1.2458581780306902e-06,9.702043698315517,0.5,0.0,0.0,1.0,0.0,0.0,0.0
57.2,169.23787414547175,-0.0005973850670699824,7.31944682173314,4.396751590636063e-05,-6.815055132348946e-05,-5.487414368632782e-05,-0.44607423371797056,0.7718901636697342,0.43188715064949246,0.13666324431496377,1284179.9544312134,-5000928.592475108,3737254.45855492,0.6297319372054531,-1.3194389499500134,3051.100540050616,0.0,-0.0017373550459407056,0.043222449078062206,0.7855753310781525,-4.820500666720033e-08,1.0248542848969985e-08,4.922602692722239e-09,-4.841770736977724e-08,1.0239983064913722e-08,4.935803180738879e-09,328.3805347816179,0.9044845637077973,69667.14237517904,268.32736095255467,0.5158529916400125,0.043222524862854106,-3.5265577728576107e-06,169.39608126344476,12977.106906664847,9.788896763627367,119.75132323181819,119.81090489450513,2.838348006406477e-06,3925.6075539183134,0.8389402935032588,-90765.57921906801,2.6463532188398348e-05,-0.006709783573828773,-0.00032579020604126376,0.04304934915683958,9.200062186734518e-06,0.9953616242979515,-1.8528464356413779e-06,-0.012720321567694967,-1.2458589769876597e-06,9.702043982111501,-1.8528229026404475e-06,-0.0127203114874604,-1.245866356848784e-06,9.702043750017198,0.5,0.0,0.0,1.0,0.0,0.0,0.0
57.300000000000004,169.23787413783796,-0.0005973868216946131,7.319446954061872,4.396746570128774e-05,-6.815053348669752e-05,-5.48743111356326e-05,-0.4460735857101479,0.771890038426293,0.4318882745805647,0.13666251494016052,1284189.8049225593,-5000918.7816581605,3737264.136675323,0.6297338199044633,-1.3194366294607478,3051.1005397681147,0.0,-0.0017373598670141987,0.04322244985963456,0.7855753315708263,-4.8205393227748495e-08,1.0210531240801675e-08,4.9226619054752146e-09,-4.841809649269263e-08,1.0201971387539571e-08,4.9357963474914415e-09,328.3805347827408,0.904484563734065,69667.14237767624,268.3273609543892,0.5158529916324356,0.04322252564525115,-3.52656813101554e-06,169.39608126153593,12977.106906749259,9.788896856624152,119.75132314756112,119.81090497602146,2.8384321781871336e-06,3925.6076751093933,0.8389427885906507,-90765.58026556425,2.6344667807332745e-05,-0.006750387302006463,-0.00032579132529902234,0.04304935048585605,9.200089548585349e-06,0.9953616357741324,-1.8528385696822426e-06,-0.012720321448756209,-1.245867254667464e-06,9.702044034930728,-1.8528149088000895e-06,-0.012720311366366593,-1.245874674581185e-06,9.70204380261788,0.5,0.0,0.0,1.0,0.0,0.0,0.0
57.400000000000006,169.23787413017263,-0.0005973885763405248,7.319447086660856,4.396741619356803e-05,-6.815044576763937e-05,-5.4874478574555205e-05,-0.44607293770125045,0.7718899131798351,0.43188939851257635,0.13666178556655997,1284199.6553865294,-5000908.9708005795,3737273.814782399,0.6297357026034385,-1.3194343089683007,3051.1005394834406,0.0,-0.0017373646880891643,0.04322245064207426,0.7855753320634986,-4.820512501007666e-08,1.0243230436585026e-08,4.922607889682758e-09,-4.841782594490083e-08,1.02346706039346e-08,4.935799241644909e-09,328.38053478387224,0.9044845637605347,69667.14238019264,268.3273609562378,0.5158529916247849,0.04322252642925013,-3.5265784892995126e-06,169.39608125960723,12977.106906833524,9.788896949621048,119.75132306328986,119.8109050575239,2.8386407896855794e-06,3925.6077917110247,0.8389452820724758,-90765.58130747936,2.6399612510995546e-05,-0.006731279370793408,-0.00032578999724189805,0.04304935176454331,9.200116892829068e-06,0.9953616472000753,-1.8528308575451448e-06,-0.012720321439153411,-1.2458754886275847e-06,9.702044086076484,-1.8528073011516163e-06,-0.012720311338739866,-1.2458828758653518e-06,9.702043853496052,0.5,0.0,0.0,1.0,0.0,0.0,0.0
57.5,169.23787412251664,-0.0005973903309489841,7.319447219208929,4.396736635706893e-05,-6.815038892331051e-05,-5.487464601795822e-05,-0.4460722896911229,0.7718897879304246,0.43189052244569337,0.1366610561938602,1284209.505823254,-5000899.15990256,3737283.4928762116,0.6297375853023783,-1.3194319884726875,3051.1005391990766,0.0,-0.0017373695091553595,0.043222451424614707,0.7855753325561706,-4.820511140673827e-08,1.02539059004267e-08,4.922588831561894e-09,-4.841781152192874e-08,1.0245346060949119e-08,4.935798797747694e-09,328.3805347850025,0.9044845637869755,69667.14238270631,268.32736095808434,0.5158529916171578,0.04322252721294646,-3.526588847362241e-06,169.3960812576857,12977.106906918476,9.788897042618055,119.75132297902377,119.81090513903126,2.8387810638482356e-06,3925.607908256387,0.8389477763226078,-90765.58234119967,2.6345667484680032e-05,-0.0066876411738448095,-0.00032578938108367996,0.043049353042613495,9.200144245498265e-06,0.9953616585361514,-1.8528231106262562e-06,-0.01272032148885885,-1.2458837324272854e-06,9.702044138985523,-1.8527994636384667e-06,-0.012720311344652235,-1.2458911482045988e-06,9.702043905294008,0.5,0.0,0.0,1.0,0.0,0.0,0.0
57.6,169.2378741148626,-0.0005973920855797938,7.319447351722658,4.3967316555811404e-05,-6.815032919207862e-05,-5.487481346070703e-05,-0.4460716416796927,0.7718896626780856,0.4318916463799859,0.1366603268219411,1284219.356232733,-5000889.348964103,3737293.170956761,0.6297394680012828,-1.3194296679739084,3051.1005389159545,0.0,-0.0017373743302235946,0.04322245220693853,0.785575333048843,-4.820512801180046e-08,1.027536574009062e-08,4.922550655980395e-09,-4.841782648130986e-08,1.0266805910692876e-08,4.935797990857332e-09,328.38053478612784,0.9044845638133009,69667.142385209,268.3273609599228,0.5158529916095398,0.043222527996439754,-3.5265992055569032e-06,169.39608125576459,12977.106907001835,9.788897135615166,119.75132289475802,119.81090522053894,2.8389236392811767e-06,3925.6080307427856,0.8389502706590415,-90765.583425869,2.6299135871196388e-05,-0.006862501518223407,-0.0003257891951654799,0.04304935438583481,9.20017159911387e-06,0.9953616704309495,-1.8528153176141123e-06,-0.012720321262635996,-1.245891989819379e-06,9.702044189266458,-1.8527916379938935e-06,-0.012720311034133161,-1.245899415704035e-06,9.702043953743997,0.5,0.0,0.0,1.0,0.0,0.0,0.0
57.7,169.2378741071991,-0.000597393840224362,7.319447484330078,4.3967267003793086e-05,-6.815025810103146e-05,-5.487498089970418e-05,-0.446070993667107,0.7718895374227551,0.4318927703153025,0.136659597451078,1284229.2066148354,-5000879.537985012,3737302.8490239833,0.6297413507001521,-1.3194273474719476,3051.1005386322117,0.0,-0.0017373791512907922,0.04322245298975089,0.7855753335415142,-4.8204916371260715e-08,1.0278687028616426e-08,4.9225474031378684e-09,-4.841761470406788e-08,1.0270127176056666e-08,4.935800560723672e-09,328.38053478725556,0.904484563839684,69667.14238771718,268.3273609617654,0.5158529916019016,0.04322252878048801,-3.5266095638328993e-06,169.39608125383808,12977.106907085195,9.788897228612392,119.75132281048847,119.8109053020428,2.8390774691189335e-06,3925.608151308906,0.8389527637220592,-90765.58448173404,2.6431436773186187e-05,-0.006917189531092196,-0.00032578792495201176,0.0430493557079978,9.20019893876483e-06,0.9953616820098712,-1.852807884042922e-06,-0.012720321086248081,-1.2459001363126192e-06,9.702044239778317,-1.8527841756165512e-06,-0.012720310896442325,-1.2459075710590677e-06,9.702044005164613,0.5,0.0,0.0,1.0,0.0,0.0,0.0
57.800000000000004,169.23787409954593,-0.0005973955948125563,7.319447616891337,4.396721708794162e-05,-6.81502245664999e-05,-5.487514834347758e-05,-0.44607034565332676,0.7718894121644603,0.43189389425169067,0.1366588680811734,1284239.0569696922,-5000869.726965481,3737312.5270779417,0.6297432333989862,-1.3194250269668206,3051.1005383481584,0.0,-0.0017373839723428958,0.04322245377281741,0.7855753340341854,-4.820507838779363e-08,1.0237847305945867e-08,4.922615927248526e-09,-4.841777968530998e-08,1.02292873722866e-08,4.935798115827444e-09,328.38053478838464,0.9044845638660959,69667.1423902281,268.32736096361,0.5158529915942867,0.043222529564261404,-3.5266199217759283e-06,169.39608125191992,12977.10690717025,9.788897321609728,119.75132272622494,119.81090538355245,2.839141685602916e-06,3925.6082688900883,0.8389552581300881,-90765.58549390784,2.636468366221984e-05,-0.0068011990675613185,-0.0003257877097894174,0.04304935699742709,9.200226293165569e-06,0.9953616931096623,-1.8527997473189031e-06,-0.012720321127072606,-1.245908501612042e-06,9.702044293727534,-1.8527762999072616e-06,-0.012720311002497528,-1.2459158546552663e-06,9.702044060634394,0.5,0.0,0.0,1.0,0.0,0.0,0.0
57.900000000000006,169.23787409189174,-0.0005973973494593439,7.319447749422047,4.396716733438196e-05,-6.815017396858764e-05,-5.487531578512552e-05,-0.44606969763821436,0.7718892869032468,0.43189501818928205,0.13665813871200216,1284248.9072973032,-5000859.915905514,3737322.205118637,0.629745116097785,-1.3194227064585275,3051.1005380637944,0.0,-0.0017373887934029198,0.043222454555541454,0.785575334526857,-4.820503991257728e-08,1.0235141177163187e-08,4.922620941633902e-09,-4.841774143060965e-08,1.0226581215088884e-08,4.935798473083353e-09,328.38053478951485,0.9044845638925367,69667.14239274176,268.3273609654566,0.5158529915866628,0.04322253034785488,-3.5266302800649013e-06,169.3960812499994,12977.106907255355,9.788897414607167,119.75132264195976,119.81090546506044,2.839233437690325e-06,3925.6083852287875,0.8389577529061433,-90765.58651910281,2.6254997819449574e-05,-0.00672683133568816,-0.0003257878364680785,0.043049358273230955,9.20025365160219e-06,0.9953617043522471,-1.8527918494363436e-06,-0.012720321190109114,-1.245916791175933e-06,9.702044346990329,-1.852768355749568e-06,-0.012720311051777483,-1.2459241586334872e-06,9.702044113449801,0.5,0.0,0.0,1.0,0.0,0.0,0.0
58.0,169.2378740842387,-0.0005973991041458593,7.319447881898634,4.3967117404118045e-05,-6.815010568544214e-05,-5.48754832303679e-05,-0.446069049621725,0.7718891616391124,0.43189614212812316,0.1366574093434968,1284258.757597537,-5000850.1048049135,3737331.8831460048,0.6297469987965485,-1.319420385947053,3051.100537779741,0.0,-0.0017373936144680535,0.04322245533773967,0.7855753350195295,-4.8205121825699505e-08,1.0256502699703332e-08,4.922581449172106e-09,-4.841782164114901e-08,1.0247942750143088e-08,4.9357961800522276e-09,328.3805347906439,0.9044845639189487,69667.14239525268,268.3273609673011,0.5158529915790371,0.043222531131128845,-3.526640638588426e-06,169.39608124807773,12977.10690733987,9.788897507604718,119.75132255769365,119.81090554656762,2.8393601375261332e-06,3925.6085028716057,0.8389602470551881,-90765.58756821536,2.6290984972496798e-05,-0.006748205587311813,-0.00032578850552938276,0.04304935956333616,9.200281003162835e-06,0.9953617158571191,-1.8527843829817313e-06,-0.012720321147338986,-1.245924943561619e-06,9.702044398278744,-1.8527606842698757e-06,-0.012720310964292502,-1.2459323753334813e-06,9.702044163703443,0.5,0.0,0.0,1.0,0.0,0.0,0.0
58.1,169.23787407659034,-0.0005974008588550089,7.319448014320936,4.396706772935363e-05,-6.815005484908452e-05,-5.487565067285101e-05,-0.4460684016039463,0.7718890363720452,0.43189726606812534,0.13665667997579733,1284268.6078705245,-5000840.293663875,3737341.561160109,0.6297488814952766,-1.3194180654324121,3051.100537496619,0.0,-0.001737398435536381,0.0432224561197859,0.7855753355122016,-4.8205017632441454e-08,1.02601414714026e-08,4.92257441503668e-09,-4.84177171477991e-08,1.0251581504764597e-08,4.935795523737219e-09,328.38053479176915,0.9044845639452742,69667.14239775536,268.3273609691396,0.5158529915714245,0.043222531914081465,-3.5266509972455185e-06,169.39608124615836,12977.106907423495,9.78889760060238,119.75132247342927,119.81090562807631,2.8394581459423307e-06,3925.608624259003,0.8389627412185583,-90765.58863393155,2.6307212391814847e-05,-0.0068513825137836775,-0.00032578873667166343,0.04304936089450551,9.200308354880577e-06,0.9953617275440715,-1.8527766635683104e-06,-0.01272032098383232,-1.2459331762955784e-06,9.702044449594702,-1.8527529883578725e-06,-0.012720310756256488,-1.245940600643171e-06,9.702044214017473,0.5,0.0,0.0,1.0,0.0,0.0,0.0
58.2,169.23787406895525,-0.0005974026135620709,7.319448146586256,4.396701769478953e-05,-6.815001483826028e-05,-5.487581812200393e-05,-0.4460677535847169,0.7718889111020963,0.4318983900094558,0.13665595060861427,1284278.458116266,-5000830.482482399,3737351.23916095,0.6297507641939696,-1.3194157449146051,3051.100537213497,0.0,-0.0017374032566071223,0.043222456900930885,0.7855753360048756,-4.820523312188462e-08,1.0235818500864774e-08,4.922609964588904e-09,-4.841793417714453e-08,1.0227258485435336e-08,4.935788830500939e-09,328.38053479289454,0.9044845639715996,69667.14240025805,268.32736097097813,0.5158529915638314,0.04322253269610485,-3.526661355890153e-06,169.39608124424547,12977.106907508114,9.788897693600148,119.75132238916947,119.81090570958968,2.839551417110897e-06,3925.6087426460217,0.8389652364318477,-90765.58966445575,2.619542550177786e-05,-0.006818685138397906,-0.00032579020175898155,0.04304936219277184,9.200335718112035e-06,0.9953617388450983,-1.8527687810780854e-06,-0.01272032094211318,-1.2459414579674505e-06,9.70204450209133,-1.8527450203851886e-06,-0.012720310743027444,-1.2459489091018143e-06,9.702044267075316,0.5,0.0,0.0,1.0,0.0,0.0,0.0
58.300000000000004,169.23787406130913,-0.0005974043683012696,7.319448278907465,4.39669680776686e-05,-6.814993684759149e-05,-5.4875985566300336e-05,-0.44606710556417667,0.7718887858292063,0.43189951395196535,0.1366552212422206,1284288.3083346297,-5000820.67126029,3737360.9171484634,0.629752646892627,-1.3194134243936166,3051.1005369294435,0.0,-0.001737408077688683,0.04322245768186601,0.7855753364975491,-4.820517398686062e-08,1.0248187860146592e-08,4.922584345734083e-09,-4.8417873938996055e-08,1.0239627846721426e-08,4.9357847753611975e-09,328.38053479402356,0.9044845639980114,69667.14240276896,268.3273609728227,0.5158529915562063,0.04322253347846066,-3.526671714724681e-06,169.39608124232396,12977.106907592652,9.788897786598023,119.75132230490355,119.81090579109696,2.8397365505009966e-06,3925.6088585258453,0.8389677288222109,-90765.59069137163,2.650697984101699e-05,-0.006752273367463235,-0.0003257897611083476,0.04304936346354354,9.20036305038647e-06,0.9953617501065551,-1.8527612589432594e-06,-0.012720320958647877,-1.2459496296021394e-06,9.702044553543221,-1.8527378928745146e-06,-0.012720310782302775,-1.2459569569509416e-06,9.702044319266117,0.5,0.0,0.0,1.0,0.0,0.0,0.0
58.400000000000006,169.23787405366903,-0.0005974061229323614,7.319448411231577,4.396691817399003e-05,-6.814989666780586e-05,-5.487615301455408e-05,-0.4460664575424779,0.77188866055334,0.43190063789550975,0.13665449187684925,1284298.1585257465,-5000810.859997744,3737370.5951227127,0.6297545295912493,-1.3194111038694618,3051.100536646011,0.0,-0.0017374128987543847,0.043222458463221106,0.7855753369902215,-4.8205219679580404e-08,1.0234687124895433e-08,4.9226025829435e-09,-4.841792042357015e-08,1.0226127076395537e-08,4.935779588379891e-09,328.38053479515014,0.9044845640243658,69667.1424052744,268.3273609746632,0.5158529915486039,0.043222534260832064,-3.5266820729208902e-06,169.39608124040862,12977.10690767731,9.788897879596009,119.75132222064211,119.81090587260853,2.839853180465942e-06,3925.6089766155505,0.8389702240145168,-90765.59172292397,2.6305515497666743e-05,-0.006716890245854583,-0.00032578944371823977,0.043049364758549445,9.200390413387816e-06,0.9953617614188568,-1.8527534802941348e-06,-0.01272032096871349,-1.2459578837319013e-06,9.702044606834177,-1.8527297651625553e-06,-0.012720310773986753,-1.2459653203081622e-06,9.702044372144908,0.5,0.0,0.0,1.0,0.0,0.0,0.0
58.5,169.23787404603257,-0.0005974078776376357,7.319448543434256,4.396686842304027e-05,-6.814982256492519e-05,-5.487632046106711e-05,-0.446065809519234,0.7718885352746238,0.43190176184047147,0.13665376251184266,1284308.0086896168,-5000801.048694759,3737380.273083699,0.6297564122898365,-1.3194087833421406,3051.1005363631994,0.0,-0.0017374177198410468,0.043222459243270964,0.7855753374828957,-4.82051817101507e-08,1.0243784529851552e-08,4.922582250863304e-09,-4.8417881579447823e-08,1.0235224479117626e-08,4.935775130434196e-09,328.38053479627416,0.9044845640506622,69667.14240777434,268.32736097649973,0.5158529915410006,0.043222535042486354,-3.526692431555057e-06,169.39608123849166,12977.10690776089,9.788897972594105,119.7513221363794,119.81090595411902,2.8400694374042246e-06,3925.609096071922,0.8389727170476202,-90765.59277792528,2.6491610728503144e-05,-0.006779103140457615,-0.00032578888046957423,0.0430493660685426,9.200417752710725e-06,0.9953617729883066,-1.8527458167361907e-06,-0.012720320793547528,-1.2459661000945935e-06,9.702044656503809,-1.8527223934829914e-06,-0.012720310626116099,-1.2459734455754828e-06,9.702044422479553,0.5,0.0,0.0,1.0,0.0,0.0,0.0
58.6,169.23787403839927,-0.0005974096322406287,7.319448675671426,4.396681850821187e-05,-6.814978694271671e-05,-5.4876487909017754e-05,-0.4460651614948622,0.7718884099929053,0.43190288578643676,0.13665303314792582,1284317.858826109,-5000791.237351142,3737389.9510313575,0.6297582949883883,-1.319406462811638,3051.1005360810086,0.0,-0.001737422540909233,0.0432224600239061,0.7855753379755682,-4.8205249646630653e-08,1.0233902688063573e-08,4.9225943577063705e-09,-4.841795004289156e-08,1.0225342607434025e-08,4.9357701062029305e-09,328.3805347973958,0.9044845640769011,69667.14241026879,268.3273609783322,0.5158529915334151,0.04322253582434325,-3.5267027895853276e-06,169.39608123657933,12977.10690784435,9.788898065592308,119.75132205212012,119.81090603563264,2.840220870936605e-06,3925.6092187699287,0.838975212038971,-90765.59384679144,2.630443026707357e-05,-0.00690780613503077,-0.00032578819212210753,0.04304936741408447,9.200445113508341e-06,0.9953617847098024,-1.8527379180495423e-06,-0.012720320601199674,-1.2459743925925462e-06,9.702044708185579,-1.8527142920521497e-06,-0.012720310379767322,-1.2459818016340058e-06,9.7020444729939,0.5,0.0,0.0,1.0,0.0,0.0,0.0
58.7,169.2378740307519,-0.0005974113868936166,7.319448808005595,4.3966768915906876e-05,-6.814970209236095e-05,-5.487665535179803e-05,-0.4460645134692096,0.7718882847082523,0.43190400973355075,0.13665230378483723,1284327.7089353541,-5000781.425967086,3737399.628965752,0.6297601776869047,-1.319404142277969,3051.1005357969552,0.0,-0.0017374273619888568,0.043222460804442885,0.785575338468241,-4.820504519458184e-08,1.0243291982692528e-08,4.922577355882435e-09,-4.841774486004954e-08,1.0234731893607847e-08,4.935769482626309e-09,328.3805347985248,0.904484564103313,69667.1424127797,268.3273609801767,0.5158529915257879,0.04322253660677583,-3.5267131479109403e-06,169.39608123465712,12977.106907928784,9.78889815859062,119.75132196785374,119.81090611713944,2.8404864833575516e-06,3925.609333676594,0.8389777050560099,-90765.59486456486,2.643313285671267e-05,-0.0068035290836727675,-0.00032578655485372986,0.043049368674184234,9.200472452655082e-06,0.9953617958710005,-1.8527303073661357e-06,-0.012720320618673002,-1.2459825952624566e-06,9.702044759412455,-1.8527068223160913e-06,-0.012720310473784715,-1.245989960384429e-06,9.70204452582284,0.5,0.0,0.0,1.0,0.0,0.0,0.0
58.800000000000004,169.23787402309338,-0.0005974131414446052,7.319448940547327,4.39667193043513e-05,-6.814963365916686e-05,-5.4876822792773836e-05,-0.44606386544263416,0.7718881594205477,0.43190513368146,0.13665157442318457,1284337.5590173516,-5000771.614542593,3737409.3068868835,0.6297620603853862,-1.3194018217411336,3051.100535513833,0.0,-0.0017374321830440913,0.04322246158647582,0.785575338960911,-4.820508010614822e-08,1.0250719319988087e-08,4.922561987882549e-09,-4.841777911142596e-08,1.0242159222573644e-08,4.935767082665744e-09,328.38053479965015,0.9044845641296384,69667.1424152824,268.32736098201525,0.5158529915181601,0.043222537390435405,-3.526723505634463e-06,169.3960812327328,12977.10690801165,9.788898251589043,119.75132188358593,119.81090619864459,2.8407065002511445e-06,3925.6094561959508,0.8389801967478838,-90765.59593637395,2.673621969910651e-05,-0.006927708913620057,-0.0003257838770070037,0.04304937001776698,9.200499777269679e-06,0.9953618076247693,-1.8527225926268252e-06,-0.01272032037637457,-1.245990833698669e-06,9.702044809536895,-1.8526996731656602e-06,-0.012720310235540887,-1.2459980210396987e-06,9.702044576248323,0.5,0.0,0.0,1.0,0.0,0.0,0.0
58.900000000000006,169.23787401544345,-0.0005974148960216445,7.3194490730158766,4.396666945237412e-05,-6.814957628585548e-05,-5.487699023592107e-05,-0.44606321741473015,0.7718880341299063,0.4319062576305723,0.13665084506227815,1284347.4090719705,-5000761.803077468,3737418.984794687,0.6297639430838321,-1.3193995012011166,3051.100535229469,0.0,-0.0017374370040979313,0.04322246236819453,0.7855753394535814,-4.820489953679063e-08,1.0262722781550957e-08,4.92254376642975e-09,-4.841759775858198e-08,1.0254162673852903e-08,4.935769782713142e-09,328.38053480078037,0.9044845641560793,69667.14241779606,268.3273609838618,0.515852991510541,0.04322253817366119,-3.526733863511659e-06,169.39608123081385,12977.106908097,9.788898344587576,119.75132179932203,119.8109062801535,2.8409062649004113e-06,3925.6095710928334,0.8389826925544529,-90765.59695940887,2.6387763725907524e-05,-0.006839757877087498,-0.0003257830838499611,0.04304937127775947,9.200527147007216e-06,0.9953618188436665,-1.8527150601182946e-06,-0.01272032048993753,-1.2459990116364692e-06,9.702044862869657,-1.852691278194239e-06,-0.012720310306010878,-1.2460064694977766e-06,9.70204462838014,0.5,0.0,0.0,1.0,0.0,0.0,0.0
59.0,169.23787400777863,-0.0005974166505745374,7.319449205686105,4.3966619865173735e-05,-6.81495161706542e-05,-5.487715767339807e-05,-0.4460625693858605,0.7718879088362277,0.43190738158052083,0.13665011570273727,1284357.259099342,-5000751.991571903,3737428.662689226,0.6297658257822429,-1.3193971806579332,3051.1005349451057,0.0,-0.001737441825134572,0.04322246315122323,0.7855753399462497,-4.820471969480238e-08,1.024235551734108e-08,4.922583161523644e-09,-4.8417419622667486e-08,1.023379534820643e-08,4.935773803309751e-09,328.38053480191064,0.90448456418252,69667.14242030973,268.3273609857084,0.5158529915029031,0.043222538958080224,-3.5267442212464386e-06,169.39608122888876,12977.106908181404,9.788898437586221,119.75132171505383,119.81090636165796,2.841086253368985e-06,3925.6096884549333,0.8389851857277939,-90765.59797747212,2.6448051190373573e-05,-0.006737660334776404,-0.0003257810106712592,0.043049372564786234,9.20055448786801e-06,0.9953618300080429,-1.852707172801003e-06,-0.012720320484538796,-1.2460073024365794e-06,9.702044915501217,-1.8526836745584593e-06,-0.012720310393816,-1.2460146715503738e-06,9.702044683092145,0.5,0.0,0.0,1.0,0.0,0.0,0.0
59.1,169.2378740001192,-0.0005974184051600306,7.319449338326116,4.396656994350955e-05,-6.814946562598878e-05,-5.4877325115123086e-05,-0.44606192135574807,0.7718877835396006,0.43190850553158655,0.13664938634407686,1284367.1090994657,-5000742.180025902,3737438.340570502,0.6297677084806186,-1.3193948601115832,3051.1005346607417,0.0,-0.0017374466461651413,0.04322246393429914,0.7855753404389184,-4.820484320927913e-08,1.0247145645876546e-08,4.922575110135972e-09,-4.8417542793102925e-08,1.0238585459692424e-08,4.935774131213145e-09,328.3805348030409,0.904484564208961,69667.14242282338,268.327360987555,0.5158529914952775,0.04322253974231967,-3.5267545791735854e-06,169.39608122696774,12977.106908266433,9.788898530584978,119.75132163078854,119.81090644316527,2.8412278227918364e-06,3925.6098057517866,0.8389876804694655,-90765.5990144402,2.6332657409686935e-05,-0.006707368321824263,-0.00032578111446297813,0.04304937385109749,9.200581845927572e-06,0.9953618413797352,-1.852699363792154e-06,-0.012720320518210926,-1.2460155645059552e-06,9.702044968530915,-1.852675707501201e-06,-0.01272031037971963,-1.2460229830013638e-06,9.702044734980733,0.5,0.0,0.0,1.0,0.0,0.0,0.0
59.2,169.23787399243153,-0.0005974201597683514,7.3194494712799685,4.396652058575239e-05,-6.814938407442291e-05,-5.487749254787326e-05,-0.44606127332476225,0.771887658239892,0.4319096294833894,0.1366486569869675,1284376.9590722101,-5000732.368439268,3737448.01843845,0.6297695911789588,-1.3193925395620518,3051.1005343766883,0.0,-0.0017374514671849176,0.04322246471915122,0.7855753409315844,-4.820439533080475e-08,1.027456217662641e-08,4.9225367282730425e-09,-4.8417093260046205e-08,1.0266001991889777e-08,4.935783469313191e-09,328.38053480416994,0.9044845642353728,69667.1424253343,268.32736098939955,0.5158529914876093,0.04322254052841729,-3.5267649372357945e-06,169.39608122503208,12977.106908348804,9.788898623583837,119.75132154651293,119.8109065246622,2.8413832853975882e-06,3925.6099297605238,0.8389901735521679,-90765.60010712227,2.6420270355398738e-05,-0.006900486959731285,-0.0003257791825859401,0.043049375211013215,9.200609185794396e-06,0.995361853362403,-1.8526917131452236e-06,-0.012720320198922818,-1.2460237800848927e-06,9.702045017777149,-1.8526681764703996e-06,-0.012720310043045963,-1.246031161305764e-06,9.702044783869091,0.5,0.0,0.0,1.0,0.0,0.0,0.0
59.300000000000004,169.2378739847765,-0.0005974219144121892,7.31944960391698,4.3966470478098834e-05,-6.814935375782653e-05,-5.48776599924631e-05,-0.4460606252922643,0.7718875329373204,0.43191075343658664,0.13664792763025924,1284386.8090177067,-5000722.556812198,3737457.696293134,0.6297714738772638,-1.319390219009354,3051.1005340923243,0.0,-0.0017374562882007513,0.043222465502807075,0.7855753414242528,-4.8204788237317276e-08,1.0233294821539271e-08,4.922604469075694e-09,-4.8417489097425647e-08,1.0224734557708724e-08,4.935779495886152e-09,328.38053480530016,0.9044845642618138,69667.14242784797,268.3273609912461,0.5158529914799969,0.04322254131263793,-3.5267752955072793e-06,169.39608122311532,12977.106908434487,9.788898716582807,119.75132146225083,119.81090660617238,2.8414234281015638e-06,3925.6100466481817,0.8389926682741337,-90765.60111696208,2.6395385902060043e-05,-0.006771354194835633,-0.00032578093552423443,0.04304937649283712,9.20063654363786e-06,0.9953618644365988,-1.8526837196023645e-06,-0.012720320276372397,-1.2460320958094199e-06,9.702045071852512,-1.8526603633201443e-06,-0.012720310168111872,-1.2460394202611962e-06,9.702044839220486,0.5,0.0,0.0,1.0,0.0,0.0,0.0
59.400000000000006,169.23787397712968,-0.0005974236692679218,7.319449736293051,4.396642055940642e-05,-6.814927273351161e-05,-5.4877827438095854e-05,-0.4460599772580087,0.7718874076319673,0.4319118773914133,0.13664719827354987,1284396.6589359546,-5000712.745144689,3737467.3741345536,0.6297733565755336,-1.3193878984534897,3051.10053380765,0.0,-0.0017374611092527358,0.043222466284201295,0.7855753419169242,-4.820491950189132e-08,1.028469859241505e-08,4.9225113801492545e-09,-4.841761634356227e-08,1.0276138388788305e-08,4.935775855175915e-09,328.3805348064317,0.9044845642882835,69667.14243036437,268.3273609930947,0.5158529914723731,0.04322254209531749,-3.526785655029712e-06,169.39608122119552,12977.106908520116,9.788898809581893,119.75132137798644,119.81090668768044,2.8415856299091047e-06,3925.6101602932486,0.8389951620947717,-90765.60215636292,2.662555909728358e-05,-0.0067404534114563226,-0.0003257839673317593,0.04304937773910183,9.2006638915971e-06,0.9953618758349695,-1.8526764267073027e-06,-0.012720320383023518,-1.2460401869592272e-06,9.702045123382906,-1.8526530621208393e-06,-0.012720310159532046,-1.2460475139401559e-06,9.702044888110635,0.5,0.0,0.0,1.0,0.0,0.0,0.0
59.5,169.23787396944218,-0.0005974254239029921,7.319449869246679,4.39663712583807e-05,-6.814921565275106e-05,-5.487799487464498e-05,-0.4460593292233879,0.771887282323368,0.4319130013464693,0.1366464689192665,1284406.5088268234,-5000702.933436549,3737477.0519626453,0.6297752392737679,-1.3193855778944434,3051.100533523597,0.0,-0.0017374659302575753,0.0432224670696598,0.7855753424095895,-4.8204322280498e-08,1.0239326421169813e-08,4.922597124643668e-09,-4.8417022830966515e-08,1.0230766113393497e-08,4.935782736272808e-09,328.3805348075607,0.9044845643146955,69667.14243287529,268.3273609949393,0.5158529914647055,0.04322254288141375,-3.52679601324983e-06,169.39608121926003,12977.10690860251,9.78889890258108,119.75132129371114,119.8109067691773,2.841638130727612e-06,3925.6102833060254,0.838997657809839,-90765.60319703656,2.6264758925071714e-05,-0.006739779507644493,-0.000325782395726488,0.04304937908809556,9.200691260331202e-06,0.9953618872472978,-1.8526683740865472e-06,-0.012720320123813323,-1.2460485295112216e-06,9.702045174841142,-1.852644673871689e-06,-0.012720310097434202,-1.246055961764912e-06,9.702044943646012,0.5,0.0,0.0,1.0,0.0,0.0,0.0
59.6,169.23787396178602,-0.0005974271785741301,7.319450001853814,4.3966321299868884e-05,-6.814917557941325e-05,-5.487816232175391e-05,-0.44605868118711384,0.7718871570119521,0.431914125303058,0.13664573956514728,1284416.3586904432,-5000693.121687973,3737486.7297774735,0.629777121971967,-1.319383257332231,3051.100533239854,0.0,-0.00173747075127515,0.04322246785329802,0.7855753429022574,-4.8204568494387305e-08,1.0230141910822542e-08,4.922606547190125e-09,-4.841726945584867e-08,1.0221581576758034e-08,4.935776241350659e-09,328.3805348086885,0.9044845643410786,69667.14243538346,268.3273609967818,0.5158529914570893,0.04322254366545847,-3.526806371682528e-06,169.39608121734082,12977.106908686994,9.788898995580377,119.75132120944743,119.81090685068564,2.841651459325097e-06,3925.6104040746914,0.8390001512678954,-90765.60425373881,2.641203663851557e-05,-0.006802045204408648,-0.000325782777089512,0.04304938041247972,9.200718604314268e-06,0.9953618988354008,-1.8526605938750532e-06,-0.012720320019590562,-1.2460567809697053e-06,9.702045226916312,-1.852637205487743e-06,-0.01272030994750361,-1.2460641154587113e-06,9.702044994933873,0.5,0.0,0.0,1.0,0.0,0.0,0.0
59.7,169.23787395413703,-0.0005974289332861892,7.319450134305214,4.396627128055805e-05,-6.814912398338228e-05,-5.4878329771036405e-05,-0.44605803314934767,0.7718870316976684,0.431915249261013,0.13664501021147998,1284426.208526814,-5000683.309898958,3737496.407579038,0.6297790046701311,-1.319380936766852,3051.1005329545587,0.0,-0.0017374755723049051,0.04322246863586218,0.7855753433949267,-4.8204719566401304e-08,1.026146303191516e-08,4.922545925893712e-09,-4.8417417912325006e-08,1.0252902732008594e-08,4.935770145530105e-09,328.3805348098224,0.9044845643676059,69667.14243790536,268.32736099863445,0.5158529914494652,0.04322254444858286,-3.526816730356787e-06,169.3960812154221,12977.106908773616,9.788899088579788,119.75132112518405,119.81090693219437,2.8416908328665613e-06,3925.610525109734,0.8390026463249709,-90765.60533659051,2.6318432189510462e-05,-0.006966342420321742,-0.00032578401281534,0.04304938173978505,9.20074596583264e-06,0.9953619107102661,-1.8526529336486433e-06,-0.012720320303100685,-1.2460649933748241e-06,9.702045281724757,-1.852629277694174e-06,-0.012720309653309793,-1.2460724117626621e-06,9.702045042570557,0.5,0.0,0.0,1.0,0.0,0.0,0.0
59.800000000000004,169.23787394646445,-0.0005974306878962444,7.319450267026421,4.3966221710375914e-05,-6.814905357747831e-05,-5.487849721286981e-05,-0.4460573851106636,0.7718869063803159,0.4319163732197545,0.13664428085927816,1284436.058335806,-5000673.498069312,3737506.0853672735,0.6297808873682595,-1.319378616198291,3051.100532671126,0.0,-0.0017374803933171091,0.04322246941998442,0.785575343887593,-4.82044843103528e-08,1.0252491340051512e-08,4.922561688428816e-09,-4.8417183341216355e-08,1.0243931002530362e-08,4.935770354449088e-09,328.380534810949,0.9044845643939602,69667.1424404108,268.327361000475,0.5158529914418161,0.04322254523330454,-3.5268270884291334e-06,169.39608121349144,12977.106908855925,9.788899181579302,119.75132104091223,119.81090701369453,2.8417368455417127e-06,3925.610640549579,0.8390051399920819,-90765.60634541154,2.63092971226695e-05,-0.006817047240915996,-0.0003257820742100274,0.043049383005731814,9.200773312108259e-06,0.9953619217732895,-1.8526450079615088e-06,-0.012720319954076915,-1.2460732960615705e-06,9.702045330933181,-1.852621543610938e-06,-0.012720309810768566,-1.2460806547023681e-06,9.702045097439624,0.5,0.0,0.0,1.0,0.0,0.0,0.0
59.900000000000006,169.23787393880608,-0.000597432442538766,7.319450399573011,4.39661717701303e-05,-6.814898521952112e-05,-5.487866466004136e-05,-0.44605673707050403,0.7718867810600902,0.4319174971798461,0.13664355150755603,1284445.9081175488,-5000663.686199228,3737515.7631422454,0.629782770066353,-1.3193762956265636,3051.1005323858312,0.0,-0.001737485214339925,0.043222470203105705,0.7855753443802607,-4.820463132733902e-08,1.0256323293084899e-08,4.922549735923548e-09,-4.841732984559797e-08,1.024776294673242e-08,4.935765120302729e-09,328.38053481208294,0.9044845644204876,69667.14244293269,268.3273610023276,0.5158529914341756,0.04322254601699274,-3.526837446693e-06,169.39608121156743,12977.106908941738,9.788899274578931,119.75132095664517,119.81090709519943,2.841777347661889e-06,3925.6107562579327,0.8390076334496462,-90765.60737039204,2.6417237101289057e-05,-0.006738906615608573,-0.0003257817002515742,0.043049384274623126,9.200800656085929e-06,0.9953619330135226,-1.8526375724442425e-06,-0.012720320117794698,-1.2460814415530326e-06,9.70204538400372,-1.8526140069716976e-06,-0.012720309866162755,-1.246088831778595e-06,9.702045149862089,0.5,0.0,0.0,1.0,0.0,0.0,0.0
