t_s,u_b_mps,v_b_mps,w_b_mps,p_b_rps,q_b_rps,r_b_rps,q0,q1,q2,q3,x_e_m,y_e_m,z_e_m,lat_rad,long_rad,h_m,m_fuel_kg,phi_rad,theta_rad,psi_rad,phi_dot_rps,theta_dot_rps,psi_dot_rps,p_nb_rps,q_nb_rps,r_nb_rps,cs_mps,rho_kgpm3,p_kgpms2,T_K,mach,alpha_rad,beta_rad,true_airspeed_mps,qbar_kgpms2,g_mag_mps2,u_n_mps,v_n_mps,w_n_mps,Fx_b_kgmps2,Fy_b_kgmps2,Fz_b_kgmps2,l_b_kgm2ps2,m_b_kgm2ps2,n_b_kgm2ps2,n_x,n_y,n_z,dela_ach_rad,dele_ach_rad,delr_ach_rad,delt_ach_pct,dela_cmd_rad,dele_cmd_rad,delr_cmd_rad,delt_cmd_pct,dela_trim_rad,dele_trim_rad,delr_trim_rad,delt_trim_pct,W_N_mps,W_E_mps,W_D_mps
0.0,304.8,1.8663617219005664e-14,-304.8,0.0,-7.292113023867705e-05,0.0,0.5000000000000001,-0.5000000000000001,-0.5000000000000001,0.5,6378137.0,0.0,0.0,0.0,0.0,0.0,0.0,-1.110223024625156e-16,1.1102230246251565e-16,1.5707963267948966,-5.6647063961907626e-21,4.778827036753081e-05,8.095871777266904e-21,-5.664706396190763e-21,4.778827036753081e-05,1.3401435584171382e-20,340.29395929052214,1.2250002250105425,101325.0,288.15,1.2667056879587844,-0.7853981633974483,4.329780281177467e-17,431.0522938113194,113806.24490416344,9.780281599762754,4.901557836214387e-14,304.80000000000007,-304.8000000000002,-146.79485050420496,-8.988592190064443e-15,146.79485050420496,0.0,0.0,0.0,-1.0256960736720333,-6.280577067602318e-17,-1.0256960736720333,0.0,0.0,0.0,0.0,0.0,0.0,0.0,0.0,0.5,0.0,0.0,1.0,0.0,0.0,0.0
0.1,303.7952929534717,1.8517582808865957e-14,-302.82773469783046,0.0,-7.292113023867705e-05,0.0,0.5000000000005308,-0.5000000000005308,-0.49999999999946937,0.49999999999946926,6378167.380951564,30.42951075947289,4.160056388222416e-15,6.566295021540192e-22,4.770886130810477e-06,30.38102438300848,0.0,-1.1102217550777648e-16,4.7708882538159544e-06,1.5707963267948966,-5.676315243112882e-21,4.763029338795611e-05,8.095914595569182e-21,-5.6763538678174106e-21,4.763029338795611e-05,1.3383933387566918e-20,340.17732117789154,1.2214338921620975,100960.90598753864,287.95252489477747,1.2609535528057318,-0.7838031487642577,4.316977879909774e-17,428.9478038534498,112369.627403265,9.78018779122993,4.883090360558004e-14,303.7938482226673,-302.8291840525434,-145.17279571606932,-8.848884980105012e-15,144.7104461275038,0.0,0.0,0.0,-1.0143623298672804,-6.182959790002408e-17,-1.0111317658793293,0.0,0.0,0.0,0.0,0.0,0.0,0.0,0.0,0.5,0.0,0.0,1.0,0.0,0.0,0.0
0.2,302.8016155460795,1.8333140049077532e-14,-300.86960323334915,0.0,-7.292113023867705e-05,0.0,0.5000000000010615,-0.5000000000010615,-0.4999999999989387,0.49999999999893857,6378197.565701424,60.759264830351306,9.521926390136538e-15,1.5029479053614473e-21,9.526086914911405e-06,60.56599105335772,0.0,-1.1102185712271299e-16,9.526091160663304e-06,1.5707963267948966,-5.6816216630038506e-21,4.7474052305725757e-05,8.095966125814691e-21,-5.681698785916088e-21,4.7474052305725757e-05,1.3366623577803786e-20,340.061413495796,1.2178951447834425,100599.77060120698,287.75632523504504,1.2552503202430902,-0.7821977112460936,4.294860981420899e-17,426.8622002937981,110957.17034833063,9.780094589397219,4.868737640072052e-14,302.79874945070907,-300.87248772046354,-143.57722982029398,-8.692892908151076e-15,142.66115306244927,0.0,0.0,0.0,-1.0032136712531632,-6.073963830554543e-17,-0.9968127904969503,0.0,0.0,0.0,0.0,0.0,0.0,0.0,0.0,0.5,0.0,0.0,1.0,0.0,0.0,0.0
0.30000000000000004,301.81878688526973,1.8124207962586576e-14,-298.9253667753192,0.0,-7.292113023867705e-05,0.0,0.5000000000015922,-0.5000000000015922,-0.49999999999840794,0.49999999999840783,6378227.555646045,90.99035242552246,1.5658079718794382e-14,2.4714712118014514e-21,1.4265773935708003e-05,90.55629506893457,0.0,-1.1102141481037248e-16,1.426578030428034e-05,1.5707963267948966,-5.682823570683615e-21,4.7319518657207974e-05,8.096023149320247e-21,-5.6829390667711975e-21,4.7319518657207974e-05,1.3349503057965472e-20,339.94621221795,1.214387651243412,100242.0877128757,287.56139285876856,1.2495953082642022,-0.7805818073511663,4.2665755899133755e-17,424.79519184973714,109568.70571486751,9.780001989931476,4.8571052371627565e-14,301.8145224509482,-298.9296724254069,-142.00804000693626,-8.527578008003188e-15,140.64666378854028,0.0,0.0,0.0,-0.9922493095955242,-5.958453754132403e-17,-0.982736998794409,0.0,0.0,0.0,0.0,0.0,0.0,0.0,0.0,0.5,0.0,0.0,1.0,0.0,0.0,0.0
0.4,300.84667799914956,1.7947467974874906e-14,-296.99485322888506,0.0,-7.292113023867705e-05,0.0,0.5000000000021229,-0.5000000000021229,-0.49999999999787725,0.49999999999787714,6378257.351244197,121.12338921907705,2.0810842133779575e-14,3.2847677403651336e-21,1.899004415880203e-05,120.35239449360718,0.0,-1.1102112601320135e-16,1.8990052650231813e-05,1.5707963267948966,-5.688857490169629e-21,4.7166672151796057e-05,8.096072416257915e-21,-5.6890112350118324e-21,4.7166672151796057e-05,1.3332569467544516e-20,339.831713966211,1.2109116525191383,99887.88978513869,287.36772486354675,1.2439880010931272,-0.7789553414572841,4.245443359778638e-17,422.74657660392904,108203.85459841123,9.779909991399146,4.842529975712745e-14,300.8410380260241,-297.00056625498934,-140.4648180232272,-8.379644665656764e-15,138.66641851031315,0.0,0.0,0.0,-0.9814663923197617,-5.855088651140892e-17,-0.9689004793265346,0.0,0.0,0.0,0.0,0.0,0.0,0.0,0.0,0.5,0.0,0.0,1.0,0.0,0.0,0.0
0.5,299.8850623118358,1.775888823622865e-14,-295.0777660169946,0.0,-7.292113023867705e-05,0.0,0.5000000000026537,-0.5000000000026537,-0.4999999999973465,0.4999999999973464,6378286.9547823435,151.15990455080825,2.6328901095680216e-14,4.155714619796582e-21,2.3699138209065877e-05,149.9565737489611,0.0,-1.1102077788078556e-16,2.3699148823353104e-05,1.5707963267948966,-5.692788711605848e-21,4.7015477136841596e-05,8.096124108500575e-21,-5.692980582856756e-21,4.7015477136841596e-05,1.3315818950570419e-20,339.7179317984415,1.2074624179254634,99536.55547884143,287.17530534347685,1.2384273649238173,-0.777318319617496,4.2211104952395706e-17,420.71598510512615,106861.61254909735,9.779818586715514,4.829402856134239e-14,299.878069164468,-295.0848729404473,-138.9463847715118,-8.228265049524456e-15,136.7190209354551,0.0,0.0,0.0,-0.9708566807456291,-5.749315541684003e-17,-0.9552934758141522,0.0,0.0,0.0,0.0,0.0,0.0,0.0,0.0,0.5,0.0,0.0,1.0,0.0,0.0,0.0
0.6000000000000001,298.933771515083,1.756665013052735e-14,-293.1738832617981,0.0,-7.292113023867705e-05,0.0,0.5000000000031843,-0.5000000000031843,-0.49999999999681577,0.49999999999681566,6378316.367579445,181.100929401014,3.1969783910671596e-14,5.0460397693400795e-21,2.8393218353493968e-05,179.37015046458694,0.0,-1.1102040870322058e-16,2.8393231090749663e-05,1.5707963267948966,-5.695910679883637e-21,4.68659071288241e-05,8.096176403951086e-21,-5.6961405564911946e-21,4.68659071288241e-05,1.3299248564376847e-20,339.6048232849331,1.204047380430257,99189.07708260854,286.9841275391591,1.2329128405008414,-0.7756706982449103,4.195490347468874e-17,418.7031473240131,105542.17318528624,9.779727771787693,4.8169025598579265e-14,298.9254472407703,-293.1823708392776,-137.45309190222707,-8.077342223890601e-15,134.80463085544508,0.0,0.0,0.0,-0.960422631951636,-5.643861604336453e-17,-0.9419171047643605,0.0,0.0,0.0,0.0,0.0,0.0,0.0,0.0,0.5,0.0,0.0,1.0,0.0,0.0,0.0
0.7000000000000001,297.9926884008874,1.7377700662936552e-14,-291.28304853127753,0.0,-7.292113023867705e-05,0.0,0.5000000000037149,-0.5000000000037149,-0.4999999999962851,0.49999999999628497,6378345.590030615,210.94703079813797,3.7527430652213675e-14,5.923219067893283e-21,3.307237391080651e-05,208.59351909719408,0.0,-9.251633393745928e-17,3.3072388770697605e-05,1.5707963267948966,-4.355832651637158e-21,4.6717943687140584e-05,8.960436450070555e-21,-4.3561293176478674e-21,4.6717943687140584e-05,1.3282827138765127e-20,339.4924263188149,1.2006584584039373,98844.3811085125,286.7941869798904,1.2274438159009633,-0.7740123817231244,4.170235286317099e-17,416.7078811830762,104244.46060056677,9.779637545379353,4.2530736012918414e-14,297.9830548398523,-291.2929036880178,-135.9836168876318,-7.930003357614608e-15,132.92180383298916,0.0,0.0,0.0,-0.9501550050719972,-5.540911878157709e-17,-0.9287612734957333,0.0,0.0,0.0,0.0,0.0,0.0,0.0,0.0,0.5,0.0,0.0,1.0,0.0,0.0,0.0
0.8,297.06160112174797,1.7197666184662603e-14,-289.4049845779825,0.0,-7.292113023867705e-05,0.0,0.5000000000042457,-0.5000000000042457,-0.49999999999575434,0.49999999999575423,6378374.624333228,240.6996695698424,4.2834546635950797e-14,6.760847634295106e-21,3.773683472681727e-05,237.62887507118285,0.0,-7.401229709098573e-17,3.77368517095658e-05,1.5707963267948966,-3.0168994395530586e-21,4.6571553476345686e-05,9.819489211279557e-21,-3.017270317192715e-21,4.6571553476345686e-05,1.3266572449374108e-20,339.38070905272656,1.197300138017781,98503.07112836232,286.60547052566545,1.2220194860772275,-0.7723433761611722,4.1467150547139497e-17,414.72984158674245,102968.3318215177,9.77954790068208,3.6919131386281646e-14,297.0506797051353,-289.41619452768856,-134.5378913028629,-7.78874862009771e-15,131.07025398285305,0.0,0.0,0.0,-0.9400533220033384,-5.442213300407187e-17,-0.9158239844493561,0.0,0.0,0.0,0.0,0.0,0.0,0.0,0.0,0.5,0.0,0.0,1.0,0.0,0.0,0.0
0.9,296.14035044679,1.7030880726463415e-14,-287.53948159881713,0.0,-7.292113023867705e-05,0.0,0.5000000000047764,-0.5000000000047764,-0.49999999999522365,0.49999999999522354,6378403.471748865,270.3598332469762,4.7761970472972803e-14,7.538539816196199e-21,4.238675622866088e-05,266.47747870348394,0.0,-5.550831856670814e-17,4.2386775334266866e-05,1.5707963267948966,-1.6797983614775012e-21,4.6426711442409913e-05,1.067341309594733e-20,-1.6802507730403135e-21,4.6426711442409913e-05,1.3250481775109122e-20,339.26967537450895,1.1939704727459668,98164.89214756333,286.4179695604109,1.2166391628263122,-0.7706636361231906,4.126009961666903e-17,412.7687738199973,101713.18680445675,9.77945883378106,3.132933862638902e-14,296.1281623093588,-287.5520337750129,-133.11522705768007,-7.655388910950815e-15,129.24913245806232,0.0,0.0,0.0,-0.9301127748695285,-5.34903119654715e-17,-0.9030993064974959,0.0,0.0,0.0,0.0,0.0,0.0,0.0,0.0,0.5,0.0,0.0,1.0,0.0,0.0,0.0
1.0,295.22882598371814,1.688048883155421e-14,-285.6863922570728,0.0,-7.292113023867705e-05,0.0,0.5000000000053071,-0.5000000000053071,-0.4999999999946929,0.4999999999946928,6378432.132633244,299.92805949457346,5.2215609476675335e-14,8.241445358612653e-21,4.702222311278808e-05,295.1396851039802,0.0,-7.401184737845685e-17,4.70222443412145e-05,1.5707963267948966,-3.0321104138095165e-21,4.6283400218216244e-05,9.80932506146632e-21,-3.0325713531829787e-21,4.6283400218216244e-05,1.3234634018861337e-20,339.1593330271975,1.1906675835948801,97829.59621335288,286.23168133717985,1.2113023751025005,-0.7689730635911494,4.1089291397008276e-17,410.824507504295,100478.53351720763,9.779370343562222,3.668469834774976e-14,295.21539206933284,-285.7002742497859,-131.71505334498232,-7.531157437179316e-15,127.4577484957879,0.0,0.0,0.0,-0.9203293752840522,-5.2622272422965436e-17,-0.8905824130899082,0.0,0.0,0.0,0.0,0.0,0.0,0.0,0.0,0.5,0.0,0.0,1.0,0.0,0.0,0.0
1.1,294.32682730811433,1.67481889832084e-14,-283.8454544713001,0.0,-7.292113023867705e-05,0.0,0.5000000000058378,-0.5000000000058378,-0.4999999999941622,0.4999999999941621,6378460.609107841,329.40575120249844,5.614387351134532e-14,8.86142268057814e-21,5.1643456106020804e-05,323.61761388430995,0.0,-9.251545753814655e-17,5.164347945719365e-05,1.5707963267948966,-4.38709511281521e-21,4.614158826659971e-05,8.950358472605348e-21,-4.387557025227361e-21,4.614158826659971e-05,1.3218959742868642e-20,339.0496498999585,1.187396015221861,97497.79220685204,286.0465932294863,1.2060083674676358,-0.7672716637084945,4.095945903017548e-17,408.8967166117519,99264.25887846382,9.77928242345265,4.199184469645906e-14,294.3121681758207,-283.8606541409778,-130.33733542495767,-7.41663466267613e-15,125.69585843024063,0.0,0.0,0.0,-0.9107028805102699,-5.1822070237735634e-17,-0.8782716016665754,0.0,0.0,0.0,0.0,0.0,0.0,0.0,0.0,0.5,0.0,0.0,1.0,0.0,0.0,0.0
1.2000000000000002,293.43420426647486,1.6634467859062295e-14,-282.0164705131568,0.0,-7.292113023867705e-05,0.0,0.5000000000063685,-0.5000000000063685,-0.49999999999363154,0.4999999999936314,6378488.902376857,358.79385245215116,5.953091249298712e-14,9.395971274968559e-21,5.625060379740224e-05,351.9124680422247,0.0,-1.1101915156278108e-16,5.625062927135851e-05,1.5707963267948966,-5.744832228653473e-21,4.600125196257638e-05,8.096436238484815e-21,-5.745287658286503e-21,4.600125196257638e-05,1.3203456189386661e-20,338.94065755000486,1.1841483553678294,97168.50226452206,285.8626956776043,1.2007563939923198,-0.7655593895538826,4.087241851290501e-17,406.9851617371296,98069.34431276034,9.779195069715568,4.7250741034840307e-14,293.41834019831947,-282.0329759256189,-128.98082700262196,-7.311783663986161e-15,123.96209121590586,0.0,0.0,0.0,-0.9012245823416777,-5.108944741542614e-17,-0.8661572923546589,0.0,0.0,0.0,0.0,0.0,0.0,0.0,0.0,0.5,0.0,0.0,1.0,0.0,0.0,0.0
1.3,292.5508534135403,1.653861187844324e-14,-280.1993023159363,0.0,-7.292113023867705e-05,0.0,0.5000000000068991,-0.5000000000068991,-0.49999999999310085,0.49999999999310074,6378517.012755782,388.0928709165468,6.239624031672768e-14,9.848172243338662e-21,6.0843746163938864e-05,380.02456250879914,0.0,-9.251549222596621e-17,6.084377376075259e-05,1.5707963267948966,-4.418022223483724e-21,4.586237503274894e-05,8.944833100855658e-21,-4.418566772131611e-21,4.586237503274894e-05,1.3188017759812606e-20,338.83231338147647,1.1809328368964673,96842.81671060121,285.67998862080935,1.1955461938705414,-0.7638361410776986,4.082703747486218e-17,405.08968441656555,96894.1676699205,9.779108281361683,4.163469190550957e-14,292.5338045156557,-280.2171016823184,-127.64609399274052,-7.216144799707111e-15,122.25686229438112,0.0,0.0,0.0,-0.8918984349806935,-5.042119231489273e-17,-0.8542423879590867,0.0,0.0,0.0,0.0,0.0,0.0,0.0,0.0,0.5,0.0,0.0,1.0,0.0,0.0,0.0
1.4000000000000001,291.6765856166482,1.6458447318629268e-14,-278.3937027894977,0.0,-7.292113023867705e-05,0.0,0.50000000000743,-0.50000000000743,-0.4999999999925701,0.49999999999257,6378544.942291027,417.30415217636113,6.480233205370089e-14,1.0227887309415281e-20,6.542309491412733e-05,407.95594190526754,0.0,-7.401190384365457e-17,6.54231246338725e-05,1.5707963267948966,-3.093448312166765e-21,4.572492771712277e-05,9.788338938193053e-21,-3.094089005341836e-21,4.572492771712277e-05,1.3172730326434192e-20,338.7246487204822,1.1777413688227316,96519.67155753238,285.4984568867595,1.1903768362148055,-0.7621019228976863,4.081855182408356e-17,403.20997746130183,95737.60077352622,9.779022052050944,3.603630683446257e-14,291.65837163286295,-278.412784574572,-126.33175953853977,-7.128527911346352e-15,120.57865090634421,0.0,0.0,0.0,-0.8827148179496114,-4.9808988970767814e-17,-0.842516262515389,0.0,0.0,0.0,0.0,0.0,0.0,0.0,0.0,0.5,0.0,0.0,1.0,0.0,0.0,0.0
1.5,290.81125979966555,1.6390613504135057e-14,-276.59948628025234,0.0,-7.292113023867705e-05,0.0,0.5000000000079606,-0.5000000000079606,-0.4999999999920394,0.4999999999920393,6378572.692129411,446.428596863545,6.684664892482562e-14,1.0550499900185845e-20,6.998879180062724e-05,435.7077519102022,0.0,-5.550837104815688e-17,6.998882364315584e-05,1.5707963267948966,-1.770584466147389e-21,4.558888781933247e-05,1.0627026652177268e-20,-1.771328239240992e-21,4.558888781933247e-05,1.3157591526897672e-20,338.61763389800836,1.174578849935406,96199.71841268413,285.3180942398651,1.1852478329240845,-0.7603566870509446,4.0839128799566736e-17,401.3458167674955,94599.678871208,9.778936378224563,3.0458447667554166e-14,290.7919002147562,-276.6198391407589,-125.0379556038202,-7.047350247240228e-15,118.92742498820343,0.0,0.0,0.0,-0.8736746533158711,-4.9241778261008384e-17,-0.8309786919864147,0.0,0.0,0.0,0.0,0.0,0.0,0.0,0.0,0.5,0.0,0.0,1.0,0.0,0.0,0.0
1.6,289.9547795956968,1.633048306846257e-14,-274.81652416618834,0.0,-7.292113023867705e-05,0.0,0.5000000000084913,-0.5000000000084913,-0.49999999999150874,0.4999999999915086,6378600.26254537,475.46668203048614,6.866395074875579e-14,1.0837280017916003e-20,7.454091198379099e-05,463.2802664401631,0.0,-7.401230673198735e-17,7.454094594917705e-05,1.5707963267948966,-3.1359970634515632e-21,4.545424017994589e-05,9.778750875673801e-21,-3.1367256749541242e-21,4.545424017994589e-05,1.3142725750147286e-20,338.5112820895888,1.1714423901022424,95882.57535971951,285.13889821540056,1.1801587581122008,-0.7586003319153957,4.087760616923928e-17,399.49705599750956,93479.88509154419,9.77885125902053,3.563700537987671e-14,289.9342937323364,-274.83813689383464,-123.76406545546062,-6.970490389800907e-15,117.30247428577319,0.0,0.0,0.0,-0.8647736317951982,-4.8704737256315614e-17,-0.8196247136304398,0.0,0.0,0.0,0.0,0.0,0.0,0.0,0.0,0.5,0.0,0.0,1.0,0.0,0.0,0.0
1.7000000000000002,289.10696703250693,1.627206574483197e-14,-273.04458417378055,0.0,-7.292113023867705e-05,0.0,0.5000000000090221,-0.5000000000090221,-0.499999999990978,0.4999999999909779,6378627.655511075,504.41969657728,7.042913846167662e-14,1.1115832783231443e-20,7.907965825437258e-05,490.675455953305,0.0,-9.251624915836866e-17,7.90796943426161e-05,1.5707963267948966,-4.5015187025152826e-21,4.5320956795052604e-05,8.935289540403817e-21,-4.502224998364193e-21,4.5320956795052604e-05,1.312801810552418e-20,338.4055839135677,1.1683321184314621,95568.26637676197,284.9608560924286,1.1751088746045433,-0.7568328621010766,4.0919193710817086e-17,397.66340656903606,92377.80540960554,9.778766688329062,4.078545600183294e-14,289.08537387190654,-273.067445798343,-122.50964400009852,-6.8953198770808764e-15,115.70318730898956,0.0,0.0,0.0,-0.8560086433976112,-4.8179500168720084e-17,-0.8084500547978755,0.0,0.0,0.0,0.0,0.0,0.0,0.0,0.0,0.5,0.0,0.0,1.0,0.0,0.0,0.0
1.8,288.2676901113341,1.620815350463631e-14,-271.2834927241939,0.0,-7.292113023867705e-05,0.0,0.5000000000095528,-0.5000000000095528,-0.4999999999904473,0.4999999999904472,6378654.872115963,533.2884976864289,7.235298458942145e-14,1.14194244149259e-20,8.360516553029816e-05,517.8944087997079,0.0,-1.1102016507605773e-16,8.36052037413991e-05,1.5707963267948966,-5.866015823322881e-21,4.518901689649576e-05,8.096574209288167e-21,-5.866692739058467e-21,4.518901689649576e-05,1.3113466296465049e-20,338.3005274090924,1.1652494178999186,95256.97675978664,284.7839611659421,1.1700976723224819,-0.7550542291334956,4.0945742499791477e-17,395.844659666847,91293.21036560972,9.778682662769297,4.591140898284284e-14,288.24500839220855,-271.30759245501685,-121.2744691779483,-6.818784345447482e-15,114.12920249286329,0.0,0.0,0.0,-0.847378136530194,-4.764472531780987e-17,-0.7974521891345028,0.0,0.0,0.0,0.0,0.0,0.0,0.0,0.0,0.5,0.0,0.0,1.0,0.0,0.0,0.0
1.9000000000000001,287.436859674974,1.6130149533614655e-14,-269.5331308148038,0.0,-7.292113023867705e-05,0.0,0.5000000000100835,-0.5000000000100835,-0.4999999999899166,0.4999999999899165,6378681.912592589,562.0735311610837,7.468713421596689e-14,1.178777141172508e-20,8.811750405802245e-05,544.937357054092,0.0,-1.1102029769927165e-16,8.811754439190685e-05,1.5707963267948966,-5.884439750296539e-21,4.505840645906494e-05,8.096597749778863e-21,-5.885153202607626e-21,4.505840645906494e-05,1.3098995417250465e-20,338.19613039884695,1.1621905660587004,94948.21637936815,284.60821103359825,1.1651247433621963,-0.7532643303732812,4.09352386170469e-17,394.040681286276,90225.54931022692,9.778599181609035,4.570276372192951e-14,287.41310798660345,-269.5584579866681,-120.05787196382778,-6.737311095874172e-15,112.57977429147637,0.0,0.0,0.0,-0.8388774365296309,-4.707544927093483e-17,-0.786625907305538,0.0,0.0,0.0,0.0,0.0,0.0,0.0,0.0,0.5,0.0,0.0,1.0,0.0,0.0,0.0
2.0,286.6143087802919,1.602830268286681e-14,-267.7932808140085,0.0,-7.292113023867705e-05,0.0,0.5000000000106143,-0.5000000000106143,-0.49999999998938593,0.4999999999893858,6378708.778839713,590.7760298493691,7.77172748007537e-14,1.2265962467003465e-20,9.261686781105934e-05,571.8061978314072,0.0,-1.1102031903793713e-16,9.261691026783815e-05,1.5707963267948966,-5.898920101078606e-21,4.49290992138704e-05,8.096626315877834e-21,-5.8996699855909606e-21,4.49290992138704e-05,1.3084669209982242e-20,338.0923587656936,1.1591605991803238,94642.65471267609,284.4335946421224,1.1601894849626126,-0.7514631710234311,4.0862340245233354e-17,392.25120121416677,89174.81993611583,9.778516238966139,4.552001935169665e-14,286.5895053897303,-267.819824985361,-118.85994779757506,-6.646993379475729e-15,111.05481143304597,0.0,0.0,0.0,-0.8305072102603718,-4.644437449702609e-17,-0.775970571569882,0.0,0.0,0.0,0.0,0.0,0.0,0.0,0.0,0.5,0.0,0.0,1.0,0.0,0.0,0.0
2.1,285.7999144377704,1.5891812845475705e-14,-266.0637811280236,0.0,-7.292113023867705e-05,0.0,0.500000000011145,-0.500000000011145,-0.49999999998885525,0.49999999998885514,6378735.471889744,619.396807761737,8.176006860414381e-14,1.2903974188196676e-20,9.710338491767843e-05,598.5019625071436,0.0,-1.1102017912967139e-16,9.710342949724073e-05,1.5707963267948966,-5.907757226522288e-21,4.480107580988717e-05,8.096662324672851e-21,-5.908543440200259e-21,4.480107580988717e-05,1.3070485748116491e-20,337.9892447954754,1.1561522700903133,94339.34063504037,284.26010355934955,1.1552912757074252,-0.7496507026704722,4.069856225645117e-17,390.47602579515393,88140.1508711815,9.778433831636528,4.537393164345057e-14,285.77407738478405,-266.0915320254542,-117.6796138206001,-6.543537293367646e-15,109.55315741220045,0.0,0.0,0.0,-0.8222598914910377,-4.572149831333124e-17,-0.7654781011057974,0.0,0.0,0.0,0.0,0.0,0.0,0.0,0.0,0.5,0.0,0.0,1.0,0.0,0.0,0.0
2.2,284.9935876543489,1.5738795849340653e-14,-264.3445130660557,0.0,-7.292113023867705e-05,0.0,0.5000000000116757,-0.5000000000116757,-0.4999999999883245,0.4999999999883244,6378761.991969786,647.9363080359358,8.629131980192827e-14,1.3619072494421875e-20,0.00010157712519220794,625.0248777428642,0.0,-1.1101996071630665e-16,0.00010157717189466465,1.5707963267948966,-5.913808865205862e-21,4.467432225097386e-05,8.09670180597028e-21,-5.914631305276134e-21,4.467432225097386e-05,1.3056443265618202e-20,337.8867447238227,1.153173939978281,94039.37482886056,284.0877383528592,1.150429918709426,-0.7478268169845264,4.0489288517185014e-17,388.7150218487087,87121.93903214793,9.77835195890532,4.524638440561315e-14,284.96673484057544,-264.3734605334315,-116.51745909012912,-6.434687891676753e-15,108.07525110513777,0.0,0.0,0.0,-0.8141395961267988,-4.4960937547388704e-17,-0.7551515624622235,0.0,0.0,0.0,0.0,0.0,0.0,0.0,0.0,0.5,0.0,0.0,1.0,0.0,0.0,0.0
2.3000000000000003,284.1951681509862,1.5586504387483117e-14,-262.6352677488494,0.0,-7.292113023867705e-05,0.0,0.5000000000122063,-0.5000000000122063,-0.49999999998779376,0.49999999998779365,6378788.3409289215,676.3957252453574,9.080979664521619e-14,1.4332149084738924e-20,0.00010603827657921349,651.3767910419652,0.0,-5.5508591695751896e-17,0.00010603832540445364,1.5707963267948966,-1.888507793678009e-21,4.4548813318371724e-05,1.0569432865377824e-20,-1.889628558538979e-21,4.4548813318371724e-05,1.3042274695062189e-20,337.784898825785,1.1502161164750664,93741.5145315065,283.91648475899154,1.1456045847354435,-0.745991516788412,4.0278539870773505e-17,386.9679303119343,86119.09598219061,9.778270615044697,2.9344104148458375e-14,284.16731717358283,-262.6654018406249,-115.37212338924832,-6.327512185873037e-15,106.61965592507777,0.0,0.0,0.0,-0.8061368199572341,-4.4212071355840985e-17,-0.7449809178114378,0.0,0.0,0.0,0.0,0.0,0.0,0.0,0.0,0.5,0.0,0.0,1.0,0.0,0.0,0.0
2.4000000000000004,283.4045418035465,1.54349310857785e-14,-260.93589520764044,0.0,-7.292113023867705e-05,0.0,0.5000000000127369,-0.5000000000127369,-0.499999999987263,0.4999999999872629,6378814.5197446225,704.775830603309,9.531565069027246e-14,1.504322795895836e-20,0.00011048696047736869,677.5586788924412,0.0,-1.1101952575125973e-16,0.00011048701142528121,1.5707963267948966,-5.9257270480459944e-21,4.4424531055309706e-05,8.096779789256102e-21,-5.926621637045258e-21,4.4424531055309706e-05,1.3028770109318462e-20,337.68365770360606,1.1472875799746816,93446.91707627264,283.74633859948096,1.1408149714898497,-0.7441447536187933,4.0066318534690425e-17,385.23457233572753,85131.99427719669,9.778189797020866,4.4995071765483733e-14,283.3757100465566,-260.96720613575314,-114.2441794561607,-6.222028149709367e-15,105.18676605867495,0.0,0.0,0.0,-0.7982555648620016,-4.347502532625253e-17,-0.7349689214442239,0.0,0.0,0.0,0.0,0.0,0.0,0.0,0.0,0.5,0.0,0.0,1.0,0.0,0.0,0.0
2.5,282.62163258224143,1.528407180149926e-14,-259.24629379850415,0.0,-7.292113023867705e-05,0.0,0.5000000000132676,-0.5000000000132676,-0.4999999999867322,0.4999999999867321,6378840.528573416,733.0770120556793,9.980897039440001e-14,1.5752323131367987e-20,0.00011492323803630074,703.5706974081695,0.0,-1.1101930918183039e-16,0.00011492329110714471,1.5707963267948966,-5.931596209993076e-21,4.4301463501523995e-05,8.096818300343642e-21,-5.932526722998143e-21,4.4301463501523995e-05,1.3015136120642583e-20,337.5830652275711,1.144379637921751,93154.44026302057,283.5772967458847,1.1360606449676685,-0.7422864228193914,3.985261892920198e-17,383.5148363327344,84159.76688591513,9.778109504337289,4.487126877669866e-14,282.5918373025459,-259.27877188355933,-113.13252069432751,-6.118165222528678e-15,103.7754572601877,0.0,0.0,0.0,-0.7904880987461329,-4.274930643186757e-17,-0.7251077179457693,0.0,0.0,0.0,0.0,0.0,0.0,0.0,0.0,0.5,0.0,0.0,1.0,0.0,0.0,0.0
2.6,281.84629230941056,1.5133915408260708e-14,-257.56627064327057,0.0,-7.292113023867705e-05,0.0,0.5000000000137983,-0.5000000000137983,-0.4999999999862015,0.49999999998620137,6378866.369186353,761.3004035810021,1.0428996032951419e-13,1.6459466993279246e-20,0.00011934728767476309,729.4146161209792,0.0,-1.1101909320613918e-16,0.00011934734286846446,1.5707963267948966,-5.937407442358873e-21,4.4179587340593e-05,8.096856498965521e-21,-5.938373780665856e-21,4.4179587340593e-05,1.3001634166158104e-20,337.48307477177536,1.1414998127355946,92865.07773691606,283.4093495857534,1.1313411258792399,-0.7404165298257606,3.963744886963421e-17,381.80848327761584,83202.63008493675,9.778029731507937,4.4748669354579445e-14,281.81555047587074,-257.5999064039991,-112.03752740735635,-6.01592704729675e-15,102.38591500938512,0.0,0.0,0.0,-0.7828370788957372,-4.2034940127091926e-17,-0.7153986033143349,0.0,0.0,0.0,0.0,0.0,0.0,0.0,0.0,0.5,0.0,0.0,1.0,0.0,0.0,0.0
2.7,281.07841193495517,1.4984454081439793e-14,-255.8956825458541,0.0,-7.292113023867705e-05,0.0,0.500000000014329,-0.500000000014329,-0.49999999998567074,0.49999999998567063,6378892.042524656,789.4467488769164,1.0875876061820332e-13,1.7164681736686752e-20,0.00012375922645870441,755.0913753164932,0.0,-1.1101887781499096e-16,0.00012375928377530025,1.5707963267948966,-5.943162034426491e-21,4.4058885415112936e-05,8.096894390108677e-21,-5.944164100274457e-21,4.4058885415112936e-05,1.298826234466631e-20,337.3837200677315,1.1386407380813057,92577.86531237999,283.2424892351096,1.126655853301633,-0.7385350243760982,3.942080833220546e-17,380.11534302298935,82259.7758843509,9.777950475611584,4.462725328553733e-14,281.04674031609363,-255.93046664901564,-110.9581834923128,-5.915245479205598e-15,101.01707884056263,0.0,0.0,0.0,-0.7752954055195974,-4.1331450265373106e-17,-0.7058341677838034,0.0,0.0,0.0,0.0,0.0,0.0,0.0,0.0,0.5,0.0,0.0,1.0,0.0,0.0,0.0
2.8000000000000003,280.3179189489222,1.483568311252142e-14,-254.23443259466038,0.0,-7.292113023867705e-05,0.0,0.5000000000148596,-0.5000000000148596,-0.49999999998513994,0.49999999998513983,6378917.548722057,817.5164190057704,1.1321545025839675e-13,1.786797988084255e-20,0.00012815911287899627,780.6011083427196,0.0,-1.1101866300236029e-16,0.00012815917231837547,1.5707963267948966,-5.94886095125253e-21,4.393934631957913e-05,8.096931977208776e-21,-5.949898647350733e-21,4.393934631957913e-05,1.2975019392392393e-20,337.2849675136664,1.135808792263434,92293.63986651269,283.07671639406806,1.122004670391307,-0.7366417993406438,3.920268943771243e-17,378.4353102624948,81331.46440557636,9.777871736222489,4.450700644871757e-14,280.2853341957583,-254.27035580852473,-109.89489261444157,-5.816132168125963e-15,99.66921889920248,0.0,0.0,0.0,-0.7678658991380193,-4.0638918247568404e-17,-0.6964162989351047,0.0,0.0,0.0,0.0,0.0,0.0,0.0,0.0,0.5,0.0,0.0,1.0,0.0,0.0,0.0
2.9000000000000004,279.56467184887185,1.4687591035740265e-14,-252.58233678725568,0.0,-7.292113023867705e-05,0.0,0.5000000000153902,-0.5000000000153902,-0.4999999999846092,0.4999999999846091,6378942.88949957,845.5105095435283,1.1766022030816306e-13,1.8569391679976407e-20,0.00013254711930867202,805.9455347570281,0.0,-1.1101844875713018e-16,0.00013254718087083464,1.5707963267948966,-5.954505626808231e-21,4.382094778870057e-05,8.096969266494832e-21,-5.9555788572554806e-21,4.382094778870057e-05,1.2961902842017178e-20,337.1868420333124,1.1329976713365308,92011.58023128724,282.9120183917742,1.1173868869329524,-0.7347368592011305,3.898309765586765e-17,376.7681571754099,80416.92469003561,9.777793508009944,4.4387904126873824e-14,279.53119033958876,-252.61939006697347,-108.8467002628789,-5.718519682795737e-15,98.341310601895,0.0,0.0,0.0,-0.7605418903205566,-3.995687291286701e-17,-0.6871378377216046,0.0,0.0,0.0,0.0,0.0,0.0,0.0,0.0,0.5,0.0,0.0,1.0,0.0,0.0,0.0
3.0,278.8185666587421,1.4540169575974832e-14,-250.93925870023253,0.0,-7.292113023867705e-05,0.0,0.5000000000159209,-0.5000000000159209,-0.49999999998407846,0.49999999998407835,6378968.065762172,873.4297366721612,1.2209319945641407e-13,1.9268937518517128e-20,0.00013692335848203478,831.1255586389452,0.0,-1.1101823507143222e-16,0.00013692342216709182,1.5707963267948966,-1.928809301175941e-21,4.370367346419756e-05,8.096671801235737e-21,-1.9299179251836656e-21,4.370367346419756e-05,1.294857641947084e-20,337.0893113909525,1.1302128034670722,91732.4004891711,282.74839071146937,1.1128021851815313,-0.7328201520929921,3.876203058143503e-17,375.1137223171896,79516.29395926492,9.777715788165251,4.4269927874436073e-14,278.7842045831432,-250.97743314011595,-107.81385975848443,-5.6224082288157795e-15,97.03345931950919,0.0,0.0,0.0,-0.7533251490898655,-3.9285315697858785e-17,-0.6779995203986028,0.0,0.0,0.0,0.0,0.0,0.0,0.0,0.0,0.5,0.0,0.0,1.0,0.0,0.0,0.0
3.1,278.0795344618246,1.4393413452404838e-14,-249.3051062523117,0.0,-7.292113023867705e-05,0.0,0.5000000000164516,-0.5000000000164516,-0.49999999998354777,0.49999999998354766,6378993.077620271,901.2744541723916,1.2651445707628775e-13,1.9966628394777918e-20,0.0001412878861696049,856.1412900456538,0.0,-1.1101802194045975e-16,0.00014128795197751942,1.5707963267948966,-3.2780880935426636e-21,4.3587512506644594e-05,8.096813756632294e-21,-3.279232075812546e-21,4.3587512506644594e-05,1.2935813095688052e-20,336.99240380545587,1.127448654288192,91455.37571155452,282.58583128283175,1.1082502192013346,-0.7308915686021213,3.85394778619214e-17,373.47190678876495,78628.9925444424,9.777638576335066,4.41530650798378e-14,278.04430790123126,-249.34439304148043,-106.79563650723149,-5.5277494853312774e-15,95.7449091604244,0.0,0.0,0.0,-0.7462105426350445,-3.862390897141506e-17,-0.6689960653430395,0.0,0.0,0.0,0.0,0.0,0.0,0.0,0.0,0.5,0.0,0.0,1.0,0.0,0.0,0.0
3.2,277.34744035749065,1.424731086640196e-14,-247.67970421881105,0.0,-7.292113023867705e-05,0.0,0.5000000000169823,-0.5000000000169823,-0.49999999998301703,0.4999999999830169,6379017.926745374,929.0457196156996,1.309241708774237e-13,2.0662492452302807e-20,0.00014564086876242595,880.9943990794321,0.0,-1.1101780935454244e-16,0.00014564093669304983,1.5707963267948966,-4.6273388498493754e-21,4.3472443690081664e-05,8.096961688989825e-21,-4.628518098971401e-21,4.3472443690081664e-05,1.29231770689555e-20,336.8960855786967,1.1247102550125916,91181.16980609209,282.42433053787556,1.1037305222025384,-0.7289511125079635,3.831544251802968e-17,371.84249384774336,77755.07658496784,9.777561867342339,4.4037293068794814e-14,277.31136513459563,-247.72009472272586,-105.79218941067558,-5.4345353143640355e-15,94.47565256034778,0.0,0.0,0.0,-0.7391991812450512,-3.797259587123955e-17,-0.6601274197011161,0.0,0.0,0.0,0.0,0.0,0.0,0.0,0.0,0.5,0.0,0.0,1.0,0.0,0.0,0.0
3.3000000000000003,276.62218544371535,1.4101853092346243e-14,-246.06292294900135,0.0,-7.292113023867705e-05,0.0,0.5000000000175131,-0.5000000000175131,-0.49999999998248634,0.49999999998248623,6379042.614006207,956.7442216683887,1.3532245811505734e-13,2.135654826819535e-20,0.00014998241466420128,905.6857536118478,0.0,-1.1101759730713832e-16,0.00014998248471783065,1.5707963267948966,-5.976562228227476e-21,4.335845145511873e-05,8.09711553271897e-21,-5.9777766537295675e-21,4.335845145511873e-05,1.291066654515317e-20,336.8003818942292,1.1219920313986045,90909.05604980035,282.2638814889293,1.099242609729301,-0.726998730586867,3.8089919627410846e-17,370.2253307512378,76893.9261769243,9.777485658490871,4.39225951636001e-14,276.5852772039997,-246.10440866398497,-104.80274063072133,-5.34271265943133e-15,93.22487511728694,0.0,0.0,0.0,-0.7322856299507599,-3.733100567706636e-17,-0.651387893021682,0.0,0.0,0.0,0.0,0.0,0.0,0.0,0.0,0.5,0.0,0.0,1.0,0.0,0.0,0.0
3.4000000000000004,275.903704470444,1.3957034270594598e-14,-244.45467528990284,0.0,-7.292113023867705e-05,0.0,0.5000000000180438,-0.5000000000180438,-0.49999999998195566,0.49999999998195555,6379067.139489334,984.3702964314695,1.3970937837211734e-13,2.2048805293920773e-20,0.00015431257686348621,930.2154398836817,0.0,-1.1101738579467888e-16,0.000154312649039899,1.5707963267948966,-4.638139515633162e-21,4.324552553973528e-05,8.097026814551238e-21,-4.639388989242699e-21,4.324552553973528e-05,1.2898031910960602e-20,336.70526386640586,1.1192994193559407,90639.74512274064,282.1044849204774,1.0947863408832945,-0.7250343113823665,3.786289619318395e-17,368.62032513133397,76045.74055423443,9.777409949501301,4.380896028739739e-14,275.86597875930295,-244.49724780082673,-103.82760973346655,-5.252288121423344e-15,91.992772780549,0.0,0.0,0.0,-0.7254721216485606,-3.669918451113423e-17,-0.6427788544565448,0.0,0.0,0.0,0.0,0.0,0.0,0.0,0.0,0.5,0.0,0.0,1.0,0.0,0.0,0.0
3.5,275.1918690654499,1.3812842276173328e-14,-242.85479469660052,0.0,-7.292113023867705e-05,0.0,0.5000000000185746,-0.5000000000185746,-0.49999999998142497,0.49999999998142486,6379091.504817274,1011.9249638700232,1.4408509617523218e-13,2.2739289588720477e-20,0.0001586315158330168,954.5850790599361,0.0,-1.1101717480892088e-16,0.0001586315901322501,1.5707963267948966,-5.9872900990977405e-21,4.313364574551456e-05,8.097186991565783e-21,-5.988574568740913e-21,4.313364574551456e-05,1.2885762379637777e-20,336.61075648220674,1.1166262681155694,90372.438386851,281.94612882408325,1.090361085607112,-0.7230578582700984,3.763437269041845e-17,367.02727119516834,75209.82336918647,9.7773347353486,4.369636778313505e-14,275.153341182918,-242.89844575481592,-102.86592614215388,-5.1632014320684545e-15,90.77842888733541,0.0,0.0,0.0,-0.7187525733787391,-3.6076711262420836e-17,-0.6342938990301206,0.0,0.0,0.0,0.0,0.0,0.0,0.0,0.0,0.5,0.0,0.0,1.0,0.0,0.0,0.0
3.6,274.48658540074524,1.366926793296402e-14,-241.2631582910436,0.0,-7.292113023867705e-05,0.0,0.5000000000191053,-0.5000000000191053,-0.4999999999808943,0.49999999998089417,6379115.710822512,1039.4088851346864,1.484497173459608e-13,2.3428017922604067e-20,0.0001629393356469099,978.7955028088763,0.0,-1.1101696434464887e-16,0.0001629394120690006,1.5707963267948966,-5.992581874514744e-21,4.3022797311730685e-05,8.097222317847341e-21,-5.9939012311527676e-21,4.3022797311730685e-05,1.2873482565523203e-20,336.51682382496523,1.1139786943111962,90107.93705879859,281.7888093327028,1.085966581830634,-0.7210693169624,3.74043415489073e-17,365.44602489769915,74386.37129637468,9.777260013449007,4.358480274081856e-14,274.4472704800463,-241.30787977101332,-101.9180207230781,-5.0754565306977345e-15,89.58202285376636,0.0,0.0,0.0,-0.7121292969952762,-3.546361345611795e-17,-0.6259342803722838,0.0,0.0,0.0,0.0,0.0,0.0,0.0,0.0,0.5,0.0,0.0,1.0,0.0,0.0,0.0
3.7,273.7877919663381,1.3526304795983153e-14,-239.67968394653596,0.0,-7.292113023867705e-05,0.0,0.500000000019636,-0.500000000019636,-0.49999999998036365,0.49999999998036354,6379139.7575672325,1066.8223782486725,1.5280329151160483e-13,2.4114998174273875e-20,0.00016723608645012497,1002.8467730206127,0.0,-1.1101675439955132e-16,0.00016723616499496216,1.5707963267948966,-3.3101378494595882e-21,4.291297056509873e-05,8.096990210452024e-21,-3.3114919590904113e-21,4.291297056509873e-05,1.2861048811077811e-20,336.423502460054,1.1113496969456835,89845.32729918217,281.6325243129993,1.0816024937843236,-0.7190685742595165,3.71727869594573e-17,363.8765005232097,73574.75289642207,9.777185783598776,4.347425564372695e-14,273.74770504839427,-239.72546780544707,-100.98307495535522,-4.989002883750147e-15,88.40274944205102,0.0,0.0,0.0,-0.7055965732671903,-3.4859538000308767e-17,-0.6176943720646855,0.0,0.0,0.0,0.0,0.0,0.0,0.0,0.0,0.5,0.0,0.0,1.0,0.0,0.0,0.0
3.8000000000000003,273.09536684499477,1.3383940420429275e-14,-238.10421369994555,0.0,-7.292113023867705e-05,0.0,0.5000000000201669,-0.5000000000201669,-0.499999999979833,0.4999999999798329,6379163.646625501,1094.1664259687498,1.5714597018119945e-13,2.4800254345039363e-20,0.00017152192286072607,1026.7404624527942,0.0,-1.1101654496679291e-16,0.00017152200352842074,1.5707963267948966,-4.659168824782476e-21,4.28041463229694e-05,8.09715563952869e-21,-4.660557665181074e-21,4.28041463229694e-05,1.2849123955521747e-20,336.3307466568351,1.1087465964204897,89585.56881434914,281.47726540532915,1.0772684490492774,-0.7170556334814862,3.6939706761968145e-17,362.31850309673337,72775.19607481945,9.777112040923203,4.336470782631872e-14,273.05452273772954,-238.1510520522559,-100.06147761718954,-4.903844030848858e-15,87.24081182364993,0.0,0.0,0.0,-0.6991571186949329,-3.4264509627315777e-17,-0.6095755937223098,0.0,0.0,0.0,0.0,0.0,0.0,0.0,0.0,0.5,0.0,0.0,1.0,0.0,0.0,0.0
3.9000000000000004,272.40922128276435,1.3242165179685526e-14,-236.53663144589984,0.0,-7.292113023867705e-05,0.0,0.5000000000206976,-0.5000000000206976,-0.4999999999793024,0.4999999999793023,6379187.378793549,1121.4416619298865,1.6147784774262704e-13,2.5483801398038632e-20,0.00017579694462422596,1050.4773665573448,0.0,-1.1101633604248459e-16,0.0001757970274146671,1.5707963267948966,-6.00817556477647e-21,4.269631062306347e-05,8.097326727646215e-21,-6.009599050737863e-21,4.269631062306347e-05,1.2837314570428234e-20,336.23859845633547,1.1061607728872216,89327.54033520386,281.3230253225041,1.0729639575008902,-0.7150304396266627,3.670509061293582e-17,360.77189726426246,71986.9309132204,9.777038782950981,4.3256146146166286e-14,272.36763463694734,-236.5845165219606,-99.15223033496605,-4.819918378118871e-15,86.09523001218881,0.0,0.0,0.0,-0.6928039573669278,-3.367809796376056e-17,-0.6015710979102982,0.0,0.0,0.0,0.0,0.0,0.0,0.0,0.0,0.5,0.0,0.0,1.0,0.0,0.0,0.0
4.0,271.72929758312694,1.3100972036910321e-14,-234.97686018197086,0.0,-7.292113023867705e-05,0.0,0.5000000000212284,-0.5000000000212284,-0.49999999997877176,0.49999999997877165,6379210.954108668,1148.6483856794136,1.657989637021445e-13,2.6165645613290582e-20,0.00018006119898034007,1074.0575223555788,0.0,-1.1101612762559089e-16,0.00018006128389374968,1.5707963267948966,-6.013281352320955e-21,4.2589454392167544e-05,8.097361020598835e-21,-6.014739373535062e-21,4.2589454392167544e-05,1.2825477193708012e-20,336.14700836535144,1.1036015118892069,89072.4512764652,281.1698061363402,1.0686889780240807,-0.7129928781125684,3.64689197265848e-17,359.236604080081,71210.41359902985,9.776966009555535,4.314856267211177e-14,271.686982964409,-235.02578428945768,-98.25600473427546,-4.737249187064367e-15,84.96650783059646,0.0,0.0,0.0,-0.6865417821162616,-3.3100465544183154e-17,-0.5936844049782961,0.0,0.0,0.0,0.0,0.0,0.0,0.0,0.0,0.5,0.0,0.0,1.0,0.0,0.0,0.0
4.1000000000000005,271.0554802104326,1.2960348233992082e-14,-233.42475042882506,0.0,-7.292113023867705e-05,0.0,0.5000000000217592,-0.5000000000217592,-0.4999999999782411,0.499999999978241,6379234.374096988,1175.787543163872,1.7010945671661146e-13,2.6845808960531517e-20,0.00018431483475605157,1097.4824547156072,0.0,-1.1101591971066518e-16,0.0001843149217921707,1.5707963267948966,-3.3305616909377054e-21,4.248355945163477e-05,8.097103044940065e-21,-3.3320541077945615e-21,4.248355945163477e-05,1.2813454332578513e-20,336.05602119357405,1.1010590979932544,88819.04141785929,281.017595561361,1.0644428769746737,-0.7109429526044573,3.6231189225534685e-17,357.71243925231414,70444.77265908186,9.776893716010857,4.3041940704408236e-14,271.0124519629554,-233.47470602410283,-97.37167264003786,-4.6557664337818064e-15,83.85353562205076,0.0,0.0,0.0,-0.6803627100727522,-3.253112309227258e-17,-0.5859077614482923,0.0,0.0,0.0,0.0,0.0,0.0,0.0,0.0,0.5,0.0,0.0,1.0,0.0,0.0,0.0
4.2,270.3876854847676,1.2820283693815501e-14,-231.88019285376822,0.0,-7.292113023867705e-05,0.0,0.50000000002229,-0.50000000002229,-0.4999999999777105,0.4999999999777104,6379257.639518492,1202.859740502562,1.7440940974023369e-13,2.752430459624187e-20,0.00018855794736922124,1120.752922873944,0.0,-1.1101571229514449e-16,0.00018855803652823494,1.5707963267948966,-6.023357597136754e-21,4.237861263742302e-05,8.097428864810231e-21,-6.024884432415382e-21,4.237861263742302e-05,1.2802120588885228e-20,335.96558864814057,1.0985419470688995,88568.40803176718,280.8663907851506,1.0602254758919245,-0.7088806077953788,3.5991885873277576e-17,356.1992761077854,69690.36100013212,9.776821899958046,4.2936268868054103e-14,270.34395780445277,-231.93117250239314,-96.49977815513608,-4.575484013338322e-15,82.75668001980581,0.0,0.0,0.0,-0.674270543033184,-3.197016769669207e-17,-0.5782437290878684,0.0,0.0,0.0,0.0,0.0,0.0,0.0,0.0,0.5,0.0,0.0,1.0,0.0,0.0,0.0
4.3,269.7258595964928,1.2680770781163296e-14,-230.34311567662482,0.0,-7.292113023867705e-05,0.0,0.5000000000228207,-0.5000000000228207,-0.4999999999771799,0.4999999999771798,6379280.750385051,1229.8652583688474,1.786988519928057e-13,2.82011371758312e-20,0.0001927905810926566,1143.8689384522536,0.0,-1.1101550537928871e-16,0.0001927906723745278,1.5707963267948966,-4.684415858009157e-21,4.227460548773088e-05,8.097310336187273e-21,-4.6859769438526446e-21,4.227460548773088e-05,1.2790446878704609e-20,335.8757508645355,1.0960425272627627,88319.57138609272,280.71618985274944,1.0560364672828069,-0.7068057281468055,3.575098774736475e-17,354.69704258489037,68946.55896229554,9.776750561349322,4.283154084288482e-14,269.68144660073654,-230.39511201649302,-95.63950581444624,-4.496353696884222e-15,81.67516348817895,0.0,0.0,0.0,-0.6682595831180134,-3.141726236917806e-17,-0.5706868750409393,0.0,0.0,0.0,0.0,0.0,0.0,0.0,0.0,0.5,0.0,0.0,1.0,0.0,0.0,0.0
4.4,269.06989331813327,1.2541796431131401e-14,-228.81337780387545,0.0,-7.292113023867705e-05,0.0,0.5000000000233515,-0.5000000000233515,-0.49999999997664923,0.4999999999766491,6379303.708175384,1256.8050062971265,1.8297790944442917e-13,2.887632666380989e-20,0.0001970128790258076,1166.8319789528227,0.0,-1.1101529895902054e-16,0.00019701297243049923,1.5707963267948966,-6.033254903932979e-21,4.217152081615996e-05,8.097495741188727e-21,-6.034850215628322e-21,4.217152081615996e-05,1.2779179575070226e-20,335.7864707605763,1.093566522333323,88073.274688234,280.5669846266884,1.0518755057496085,-0.704718318125582,3.5508487178826257e-17,353.20556493650156,68213.50052728268,9.776679695605704,4.272774186923892e-14,269.0248089134694,-228.86638361359567,-94.79111133103304,-4.418372562614984e-15,80.60907894669356,0.0,0.0,0.0,-0.6623316170648922,-3.087238669427721e-17,-0.563237848561821,0.0,0.0,0.0,0.0,0.0,0.0,0.0,0.0,0.5,0.0,0.0,1.0,0.0,0.0,0.0
4.5,268.419708043812,1.2403350116106049e-14,-227.2908766755043,0.0,-7.292113023867705e-05,0.0,0.5000000000238823,-0.5000000000238823,-0.4999999999761186,0.4999999999761185,6379326.513613227,1283.6795628910315,1.8724665361563344e-13,2.954988441020632e-20,0.00020122493225980598,1189.6427673939615,0.0,-1.11015093033103e-16,0.00020122502778739218,1.5707963267948966,-2.0063367039239784e-21,4.206934625670299e-05,8.09705565458042e-21,-2.0079660341620717e-21,4.206934625670299e-05,1.2767387879179114e-20,335.6977692810292,1.0911094215007975,87828.93421221642,280.41876929984164,1.0477422173806907,-0.7026183225906184,3.5264367924648295e-17,351.7247251562571,67490.72726952234,9.776609300480674,4.262486233940418e-14,268.3739659967864,-227.34488483667442,-93.9540128264521,-4.341501316696887e-15,79.5578316440918,0.0,0.0,0.0,-0.6564825791287774,-3.033526611514483e-17,-0.555892493959576,0.0,0.0,0.0,0.0,0.0,0.0,0.0,0.0,0.5,0.0,0.0,1.0,0.0,0.0,0.0
4.6000000000000005,267.7752539241802,1.2265423595976645e-14,-225.77554583157257,0.0,-7.292113023867705e-05,0.0,0.500000000024413,-0.500000000024413,-0.49999999997558797,0.49999999997558786,6379349.166684506,1310.4891895518729,1.9150510327433272e-13,3.02218134198895e-20,0.00020542678203887168,1212.3012894749022,0.0,-1.1101488760311036e-16,0.0002054268796892043,1.5707963267948966,-6.042974916787992e-21,4.1968073970315484e-05,8.09756167811124e-21,-6.044638373605357e-21,4.1968073970315484e-05,1.2756642522051422e-20,335.6096329296869,1.088673733032196,87586.8750656795,280.2715445956837,1.043636483162865,-0.7005056255449137,3.501860477038137e-17,350.2544581765916,66778.266785565,9.776539376006834,4.2522897569641906e-14,267.72886792882616,-225.83054929355356,-93.12828813429029,-4.265734390136528e-15,78.52141537140544,0.0,0.0,0.0,-0.6507130131543895,-2.9805861719689346e-17,-0.5486507678504319,0.0,0.0,0.0,0.0,0.0,0.0,0.0,0.0,0.5,0.0,0.0,1.0,0.0,0.0,0.0
4.7,267.1364279665286,1.2128003505564252e-14,-224.26725246639074,0.0,-7.292113023867705e-05,0.0,0.5000000000249438,-0.5000000000249438,-0.49999999997505723,0.4999999999750571,6379371.668821052,1337.234759799992,1.9575337186928855e-13,3.089213167848008e-20,0.00020961856579842738,1234.808975848059,0.0,-1.1101468266631528e-16,0.00020961866557161747,1.5707963267948966,-6.047768578886306e-21,4.186768775110363e-05,8.097594302365324e-21,-6.049465985786313e-21,4.186768775110363e-05,1.2745522194187637e-20,335.5220607364863,1.0862584494991085,87346.97117708618,280.1253010043224,1.0395578721457481,-0.698380232771872,3.4771187189382387e-17,348.79460065285133,66075.84545145388,9.776469917750596,4.2421834714673146e-14,267.08941151585253,-224.3232443118618,-92.3136236353045,-4.1910426217200014e-15,77.49944373953247,0.0,0.0,0.0,-0.6450207277976509,-2.928396975047304e-17,-0.5415099704272532,0.0,0.0,0.0,0.0,0.0,0.0,0.0,0.0,0.5,0.0,0.0,1.0,0.0,0.0,0.0
4.800000000000001,266.50315663901705,1.1991078866756651e-14,-222.76590079262124,0.0,-7.292113023867705e-05,0.0,0.5000000000254745,-0.5000000000254745,-0.49999999997452654,0.49999999997452643,6379394.020710355,1363.9168247233545,1.999915194873539e-13,3.156084872975198e-20,0.00021380037030377098,1257.1665133163335,0.0,-1.1101447822280693e-16,0.00021380047219981852,1.5707963267948966,-6.0525180443044006e-21,4.1768176030900045e-05,8.097626701780648e-21,-6.054249320703749e-21,4.1768176030900045e-05,1.2734498785095511e-20,335.43505699765535,1.0838621897780178,87109.04510712797,279.980033737165,1.0355060867404573,-0.6962420898338695,3.4522095825369483e-17,347.3450432272043,65383.216543812894,9.776400923577791,4.2321665933942416e-14,266.4555230935858,-222.82287420153358,-91.50972680621383,-4.117400953321452e-15,76.49157698677864,0.0,0.0,0.0,-0.6394036791177854,-2.876941511946515e-17,-0.5344677276814522,0.0,0.0,0.0,0.0,0.0,0.0,0.0,0.0,0.5,0.0,0.0,1.0,0.0,0.0,0.0
4.9,265.875394125996,1.1854640828032302e-14,-221.27142976854645,0.0,-7.292113023867705e-05,0.0,0.5000000000260052,-0.5000000000260052,-0.4999999999739958,0.4999999999739957,6379416.222311869,1390.5356260531305,2.0421955427914478e-13,3.222796590209738e-20,0.00021797223370884037,1279.3738611250496,0.0,-1.1101427427549278e-16,0.00021797233772778235,1.5707963267948966,-4.713246047909769e-21,4.166953160476639e-05,8.097489422825614e-21,-4.715011076538952e-21,4.166953160476639e-05,1.2723402041028544e-20,335.34860457692776,1.0814881572354271,86873.51198472518,279.835743863715,1.0314810382522948,-0.6940910808488886,3.4271302021987115e-17,345.9057279313399,64700.45410755407,9.776332393603003,4.222238820557144e-14,265.8271567793057,-221.32937798443794,-90.71673918118428,-4.044806638714977e-15,75.49786407790742,0.0,0.0,0.0,-0.6338628560530143,-2.826217863802849e-17,-0.5275243817433247,0.0,0.0,0.0,0.0,0.0,0.0,0.0,0.0,0.5,0.0,0.0,1.0,0.0,0.0,0.0
5.0,265.2530414231393,1.171812964984473e-14,-219.78371190308246,0.0,-7.292113023867705e-05,0.0,0.5000000000265354,-0.5000000000265354,-0.49999999997346467,0.49999999997346456,6379438.275024081,1417.0920115701533,2.0845096388943572e-13,3.2895611757945185e-20,0.000222134289396214,1301.4324166215956,0.0,-7.40066345564476e-17,0.00022213439553786505,1.5707963267948966,-3.3734814270183178e-21,4.157173889491996e-05,9.63566587210804e-21,-3.3756220955725847e-21,4.157173889491996e-05,1.2712394284891485e-20,335.26272800833055,1.079130655531405,86639.63782764449,279.6924209099444,1.0274822349708013,-0.6919272110907455,3.401720736184067e-17,344.47649816878425,64027.018417797706,9.776264323496216,3.230911861990893e-14,265.20421337701003,-219.84262829590244,-89.93396939267957,-3.973029329971911e-15,74.51761259907094,0.0,0.0,0.0,-0.6283934278278371,-2.776065080170701e-17,-0.5206750945265025,0.0,0.0,0.0,0.0,0.0,0.0,0.0,0.0,0.5,0.0,0.0,1.0,0.0,0.0,0.0
5.1000000000000005,264.6360185858643,1.1578956899932715e-14,-218.30264292358996,0.0,-7.292113023867705e-05,0.0,0.5000000000270639,-0.5000000000270639,-0.49999999997293165,0.49999999997293154,6379460.179567478,1443.5865567589517,2.1274911546243303e-13,3.357378625890423e-20,0.0002262866279411281,1323.3428996456787,0.0,-1.1101385153828021e-16,0.00022628673620574556,1.5707963267948966,-6.065834998827507e-21,4.147478533008036e-05,8.09772340645878e-21,-6.067667406212213e-21,4.147478533008036e-05,1.270199886034962e-20,335.17738330404916,1.0767971922979596,86408.39707284361,279.5500621116851,1.023509495958664,-0.6897504143356441,3.375225977090053e-17,343.0572346422712,63363.19732703999,9.776196711021862,4.203067399240699e-14,264.5866128182767,-218.36252095483684,-89.16187244932016,-3.9012130084363455e-15,73.55110807558948,0.0,0.0,0.0,-0.6229985737128745,-2.725885037225334e-17,-0.5139218610750824,0.0,0.0,0.0,0.0,0.0,0.0,0.0,0.0,0.5,0.0,0.0,1.0,0.0,0.0,0.0
5.2,264.0242814205124,1.143736072840042e-14,-216.8281638692789,0.0,-7.292113023867705e-05,0.0,0.5000000000275906,-0.5000000000275906,-0.49999999997239697,0.49999999997239686,6379481.935890537,1470.019493816019,2.1710829747370183e-13,3.426158799255391e-20,0.00023042928599585112,1345.1052584837503,0.0,-1.1101362366395796e-16,0.00023042939638313724,1.5707963267948966,-6.069374347581591e-21,4.137866396125235e-05,8.097756225893308e-21,-6.071240308644705e-21,4.137866396125235e-05,1.2691351439689984e-20,335.09261532839326,1.0744795480760598,86178.72527621429,279.4086657305106,1.0195625502491696,-0.6875605716974791,3.347703895169883e-17,341.64788251718556,62708.39315913498,9.776129556328703,4.194055393420079e-14,263.9743108479597,-216.88899705992884,-88.39964435982573,-3.829416071739249e-15,72.59761939053357,0.0,0.0,0.0,-0.61767267599949,-2.6757185390008053e-17,-0.5072595728735998,0.0,0.0,0.0,0.0,0.0,0.0,0.0,0.0,0.5,0.0,0.0,1.0,0.0,0.0,0.0
5.300000000000001,263.4177377005309,1.1294019658075133e-14,-215.36015610432963,0.0,-7.292113023867705e-05,0.0,0.500000000028116,-0.500000000028116,-0.49999999997186095,0.49999999997186084,6379503.545342982,1496.3916313576417,2.2151198402756727e-13,3.495640900114087e-20,0.00023456239078694166,1366.7208417557802,0.0,-1.1101338770973483e-16,0.00023456250329708013,1.5707963267948966,-4.728507703722166e-21,4.128336027593218e-05,8.097609072066247e-21,-4.730407099219369e-21,4.128336027593218e-05,1.2680614529647873e-20,335.0083822145634,1.0721842920897742,85951.47638676039,279.26822470159186,1.0156411402833263,-0.6853576905977725,3.319346047400446e-17,340.2482963672932,62062.806561437756,9.776062855237834,4.1853474106186237e-14,263.3672150564389,-215.42193809522774,-87.64762988905225,-3.757887642603643e-15,71.65731934824356,0.0,0.0,0.0,-0.6124181436547412,-2.6257396544089254e-17,-0.5006894373536017,0.0,0.0,0.0,0.0,0.0,0.0,0.0,0.0,0.5,0.0,0.0,1.0,0.0,0.0,0.0
5.4,262.8163216156922,1.1149553956583316e-14,-213.89853402800816,0.0,-7.292113023867705e-05,0.0,0.5000000000286405,-0.5000000000286405,-0.49999999997132405,0.49999999997132394,6379525.008555591,1522.7034756257174,2.2594506630072108e-13,3.5655864969367355e-20,0.00023868602202624207,1388.1902796095237,0.0,-1.1101314606877572e-16,0.00023868613665930594,1.5707963267948966,-6.075384856422485e-21,4.118886392077922e-05,8.097822433958339e-21,-6.077317694356247e-21,4.118886392077922e-05,1.2670327570131918e-20,334.9247078951945,1.0699065192004134,85726.01804050879,279.1287337072541,1.0117449448082263,-0.6831417159046057,3.2903285299157585e-17,338.8583801043349,61426.00897882079,9.775996605790993,4.176879796132344e-14,262.76525951497035,-213.96125854684047,-86.90527259171971,-3.686814501916025e-15,70.7296650847098,0.0,0.0,0.0,-0.6072310886421135,-2.576078892402331e-17,-0.4942076613746517,0.0,0.0,0.0,0.0,0.0,0.0,0.0,0.0,0.5,0.0,0.0,1.0,0.0,0.0,0.0
5.5,262.2199922106239,1.1004540353348702e-14,-212.44324304363013,0.0,-7.292113023867705e-05,0.0,0.5000000000291644,-0.5000000000291644,-0.4999999999707866,0.4999999999707865,6379546.32545517,1548.9552424992798,2.3039349405740926e-13,3.635773864867639e-20,0.00024280021380225383,1409.5134986750782,0.0,-1.1101290096211377e-16,0.0002428003305580202,1.5707963267948966,-4.7340083811755414e-21,4.109516845595113e-05,8.097669467704305e-21,-4.735974497918979e-21,4.109516845595113e-05,1.265976309491256e-20,334.8415824397267,1.0676480934330685,85502.59050386217,278.9901936961546,1.0078738764061808,-0.6809125286395343,3.260815900237795e-17,337.4780846984679,60798.00537665963,9.775930808204109,4.1685938651675863e-14,262.1684032113617,-212.50690387398583,-86.17261363355571,-3.616391720768957e-15,69.8146277936141,0.0,0.0,0.0,-0.60211179859789,-2.5268725545290937e-17,-0.48781404365906655,0.0,0.0,0.0,0.0,0.0,0.0,0.0,0.0,0.5,0.0,0.0,1.0,0.0,0.0,0.0
5.6000000000000005,261.6286606757048,1.0859516992037744e-14,-210.99416907896924,0.0,-7.292113023867705e-05,0.0,0.5000000000296881,-0.5000000000296881,-0.4999999999702489,0.4999999999702488,6379567.497361805,1575.1477175008652,2.3484412630499833e-13,3.705995634269956e-20,0.0002469050897050867,1430.6918179715674,0.0,-1.1101265447716638e-16,0.00024690520858366624,1.5707963267948966,-3.392501427765676e-21,4.1002259907110304e-05,8.097511187221085e-21,-3.394500745372573e-21,4.1002259907110304e-05,1.2649280652323919e-20,334.75899595759677,1.065409741895132,85281.29193227625,278.8525963182114,1.0040275947023432,-0.6786701359025882,3.2309672043039956e-17,336.10727052631574,60178.662154603946,9.77586545839032,4.16043359384868e-14,261.5765571611176,-211.0587601182607,-85.44952424418842,-3.5467855888472713e-15,68.91199517343168,0.0,0.0,0.0,-0.5970593737679966,-2.4782368319745578e-17,-0.4815071007975874,0.0,0.0,0.0,0.0,0.0,0.0,0.0,0.0,0.5,0.0,0.0,1.0,0.0,0.0,0.0
5.7,261.04226365416446,1.0714973340450148e-14,-209.5512298431249,0.0,-7.292113023867705e-05,0.0,0.500000000030212,-0.500000000030212,-0.49999999996971134,0.49999999996971123,6379588.524885864,1601.2813911753917,2.392850059436087e-13,3.7760631189177674e-20,0.00025100072697500534,1451.7258472610265,0.0,-1.1101240850937113e-16,0.000251000847976509,1.5707963267948966,-6.083117292987249e-21,4.0910128307467434e-05,8.097921518133852e-21,-6.085149878133805e-21,4.0910128307467434e-05,1.2639453138882916e-20,334.6769683282992,1.0631873341876157,85061.59060164978,278.7159365813155,1.0002058031205447,-0.6764144814956438,3.200927949344281e-17,334.7458458927556,59567.61212923124,9.775800554454799,4.152348457089775e-14,260.98965789527426,-209.61674507092658,-84.73552929823263,-3.478130034232143e-15,68.02130094679602,0.0,0.0,0.0,-0.5920704943204335,-2.4302653039797825e-17,-0.4752835747817591,0.0,0.0,0.0,0.0,0.0,0.0,0.0,0.0,0.5,0.0,0.0,1.0,0.0,0.0,0.0
5.800000000000001,260.4607617388265,1.0571361804048845e-14,-208.11437287401836,0.0,-7.292113023867705e-05,0.0,0.5000000000307362,-0.5000000000307362,-0.4999999999691741,0.499999999969174,6379609.407942471,1627.356470729248,2.437050760617781e-13,3.8458018387427065e-20,0.00025508715833516077,1472.6155015112213,0.0,-1.1101216480716169e-16,0.0002550872814594035,1.5707963267948966,-3.397540393998067e-21,4.081876746128889e-05,8.097566302756354e-21,-3.3996059802140116e-21,4.081876746128889e-05,1.2628945780011987e-20,334.5954613151603,1.0609878886196156,84844.39182630256,278.5802168197972,0.9964085064434441,-0.6741454446072445,3.1708332973343956e-17,333.3937648554352,58965.15212963598,9.775736096649744,4.144292229926402e-14,260.40766595443966,-208.1808063223847,-84.03108399072734,-3.4105835440093647e-15,67.14285032602724,0.0,0.0,0.0,-0.5871483408283791,-2.3830687098391415e-17,-0.4691455982141718,0.0,0.0,0.0,0.0,0.0,0.0,0.0,0.0,0.5,0.0,0.0,1.0,0.0,0.0,0.0
5.9,259.88406950150545,1.0429082039698061e-14,-206.68348861513127,0.0,-7.292113023867705e-05,0.0,0.500000000031261,-0.500000000031261,-0.4999999999686374,0.4999999999686373,6379630.147822376,1653.373718818316,2.480945349720634e-13,3.915057127604806e-20,0.00025916450377553706,1493.3620704365894,0.0,-1.110119249305209e-16,0.00025916462902263036,1.5707963267948966,-4.744261944712985e-21,4.072816392670031e-05,8.097789861791471e-21,-4.746360605459356e-21,4.072816392670031e-05,1.2619101466299342e-20,334.51451259069927,1.0588035083265006,84628.68077099852,278.44542668142776,0.9926352372257433,-0.6718630321847342,3.140807918243677e-17,332.05089353213805,58370.6766888322,9.775672080979437,4.136222810659724e-14,259.83049574328146,-206.75083442422633,-83.33538443360675,-3.3442286595742397e-15,66.27589597744708,0.0,0.0,0.0,-0.5822872963043852,-2.3367047235001795e-17,-0.4630879492684678,0.0,0.0,0.0,0.0,0.0,0.0,0.0,0.0,0.5,0.0,0.0,1.0,0.0,0.0,0.0
6.0,259.3121260388881,1.028849271537075e-14,-205.25849808539655,0.0,-7.292113023867705e-05,0.0,0.5000000000317866,-0.5000000000317866,-0.4999999999681016,0.4999999999681015,6379650.745115532,1679.333610290536,2.5244457729801417e-13,3.9836900417036173e-20,0.00026323283806537916,1513.9661434087902,0.0,-1.1101169027718777e-16,0.00026323296543532377,1.5707963267948966,-6.091165228098585e-21,4.063830812335512e-05,8.098018106429973e-21,-6.093296893394272e-21,4.063830812335512e-05,1.2609345100646503e-20,334.43408891170975,1.0566397301010868,84415.17289621834,278.31156376414174,0.9888858689567943,-0.6695671871261966,3.110964424636359e-17,330.7171446222299,57784.36697203891,9.775608505612434,4.128102805004601e-14,259.258086252247,-205.32675047312867,-82.64873317728046,-3.279179042716844e-15,65.42059987617081,0.0,0.0,0.0,-0.5774894747515396,-2.2912527635878736e-17,-0.4571117597094142,0.0,0.0,0.0,0.0,0.0,0.0,0.0,0.0,0.5,0.0,0.0,1.0,0.0,0.0,0.0
6.1000000000000005,258.7448935274896,1.0149920020210429e-14,-203.8393510052263,0.0,-7.292113023867705e-05,0.0,0.5000000000323132,-0.5000000000323132,-0.4999999999675668,0.49999999996756667,6379671.19972509,1705.2363434525535,2.5674718505031e-13,4.051574062574078e-20,0.0002672921925272932,1534.4276234389595,0.0,-1.1101146211582445e-16,0.0002672923220200898,1.5707963267948966,-6.0942062487581296e-21,4.054919410511128e-05,8.098049398861822e-21,-6.0963707951604125e-21,4.054919410511128e-05,1.2599474434868785e-20,334.35420720905654,1.054493569204987,84203.48321638268,278.1786279347005,0.9851602500801729,-0.6672577869472575,3.081405781632829e-17,329.3924753352592,57205.967176456026,9.775545370838145,4.119898638968344e-14,258.6903996099586,-203.90850423875642,-81.97079665530981,-3.2155116229877647e-15,64.57663879361687,0.0,0.0,0.0,-0.572752545449212,-2.2467665828992157e-17,-0.4512147710498373,0.0,0.0,0.0,0.0,0.0,0.0,0.0,0.0,0.5,0.0,0.0,1.0,0.0,0.0,0.0
6.2,258.18228988506473,1.0013627016637709e-14,-202.42594228592478,0.0,-7.292113023867705e-05,0.0,0.5000000000328408,-0.5000000000328408,-0.49999999996703304,0.4999999999670329,6379691.512912756,1731.0826583206936,2.6099585024884795e-13,4.1186065051365365e-20,0.00027134268358743703,1554.7477712314576,0.0,-1.1101124148620765e-16,0.0002713428152029758,1.5707963267948966,-6.097505607937686e-21,4.046080895685998e-05,8.098080143392723e-21,-6.0997029637749635e-21,4.046080895685998e-05,1.25896844791725e-20,334.27486673036367,1.0523641305904619,83993.50009050596,278.04661080930646,0.9814580430216534,-0.6649348386390093,3.052220424802235e-17,328.0767574668769,56635.275014480445,9.775482672751018,4.1115819442134236e-14,258.12735357430046,-202.495990735131,-81.30134079343439,-3.1532816610586138e-15,63.743729459064966,0.0,0.0,0.0,-0.5680748728560395,-2.203284793588315e-17,-0.44539500399915183,0.0,0.0,0.0,0.0,0.0,0.0,0.0,0.0,0.5,0.0,0.0,1.0,0.0,0.0,0.0
6.300000000000001,257.6242566617575,9.879841572798779e-15,-201.01819625625848,0.0,-7.292113023867705e-05,0.0,0.5000000000333698,-0.5000000000333698,-0.49999999996650063,0.4999999999665005,6379711.6852480685,1756.8730140459188,2.651849192406066e-13,4.184698165298614e-20,0.00027538438354457863,1574.927155765705,0.0,-1.11011029288405e-16,0.00027538451728286096,1.5707963267948966,-2.0687491218256617e-21,4.0373143484592075e-05,8.097488821796297e-21,-2.0709790448478703e-21,4.0373143484592075e-05,1.2579352728586187e-20,334.196041541542,1.0502556261729146,83785.7675202892,277.9155097830262,0.9777791101395535,-0.6625982843886615,3.023485739529384e-17,326.7699081106502,56072.39844345048,9.775420409583006,4.1031284583901474e-14,257.56888959477135,-201.08913436459932,-80.6405634775726,-3.0925503748106786e-15,62.92195007333037,0.0,0.0,0.0,-0.5634578396554671,-2.160850170275847e-17,-0.4396530049680043,0.0,0.0,0.0,0.0,0.0,0.0,0.0,0.0,0.5,0.0,0.0,1.0,0.0,0.0,0.0
6.4,257.0707576532701,9.748761769159153e-15,-199.6160648670156,0.0,-7.292113023867705e-05,0.0,0.5000000000339001,-0.5000000000339001,-0.4999999999659695,0.4999999999659694,6379731.716621912,1782.6075998080332,2.693094585562578e-13,4.249771203135269e-20,0.00027941732228557666,1594.9656678006675,0.0,-1.1101082630413387e-16,0.0002794174581469,1.5707963267948966,-4.760895668764069e-21,4.0286191997241985e-05,8.097929865607363e-21,-4.7631583716466424e-21,4.0286191997241985e-05,1.2570133011803497e-20,334.1177666322066,1.0481618412472602,83579.48513336715,277.78532397441273,0.9741232561857411,-0.6602480002331322,2.995269632141589e-17,325.47188769071363,55516.919326316216,9.775358581661612,4.0945174495899986e-14,257.0149714232255,-199.68788712416702,-79.98789418517741,-3.0333403064921675e-15,62.110798998471076,0.0,0.0,0.0,-0.558897459449236,-2.119478463851847e-17,-0.43398526887385436,0.0,0.0,0.0,0.0,0.0,0.0,0.0,0.0,0.5,0.0,0.0,1.0,0.0,0.0,0.0
6.5,256.521714087802,9.620515966054423e-15,-198.21944744943784,0.0,-7.292113023867705e-05,0.0,0.5000000000344318,-0.5000000000344318,-0.4999999999654398,0.4999999999654397,6379751.608267244,1808.287133210904,2.733662083251884e-13,4.313774192388388e-20,0.0002834416127090402,1614.8645393212014,0.0,-1.1101063306019116e-16,0.000283441750693073,1.5707963267948966,-6.109295568425265e-21,4.019994210077367e-05,8.098168665800138e-21,-6.111590927498939e-21,4.019994210077367e-05,1.2560789362141348e-20,334.0400041401831,1.0460885743343267,83375.40237969937,277.65604689833157,0.9704902667317751,-0.6578839934329084,2.967622452242708e-17,324.1825736155023,54969.00020916825,9.775297185170537,4.085734093959581e-14,256.4655201348324,-198.29214844271087,-79.34362080521744,-2.9756807675904967e-15,61.31040483281551,0.0,0.0,0.0,-0.554395743796905,-2.0791901550603276e-17,-0.4283926942686614,0.0,0.0,0.0,0.0,0.0,0.0,0.0,0.0,0.5,0.0,0.0,1.0,0.0,0.0,0.0
6.6000000000000005,255.97706996895445,9.495201231804016e-15,-196.82827164212506,0.0,-7.292113023867705e-05,0.0,0.500000000034965,-0.500000000034965,-0.4999999999649116,0.4999999999649115,6379771.360733189,1833.9120577085146,2.773526666178059e-13,4.37666766611239e-20,0.00028745732464378714,1634.624318917282,0.0,-1.1101044995899888e-16,0.0002874574647506422,1.5707963267948966,-6.113934201565317e-21,4.011438498741364e-05,8.098196839461557e-21,-6.116262088665781e-21,4.011438498741364e-05,1.2551312432158593e-20,333.96277408826194,1.0440317928459977,83173.00246756835,277.5276739720903,0.966879881304659,-0.655506205689786,2.940583998787604e-17,322.90188737063335,54428.315719384686,9.775236218405102,4.076767262175721e-14,255.92047963779078,-196.9018460284941,-78.70731558423103,-2.9195654125504964e-15,60.52036181957382,0.0,0.0,0.0,-0.5499497038671591,-2.039980810087023e-17,-0.4228724460179177,0.0,0.0,0.0,0.0,0.0,0.0,0.0,0.0,0.5,0.0,0.0,1.0,0.0,0.0,0.0
6.7,255.43679074711244,9.372885645836834e-15,-195.44249167412704,0.0,-7.292113023867705e-05,0.0,0.5000000000354997,-0.5000000000354997,-0.4999999999643848,0.4999999999643847,6379790.973898066,1859.482553126731,2.812670300826252e-13,4.4384231799772457e-20,0.0002914644865057199,1654.244884795199,0.0,-1.1101027728815513e-16,0.0002914646287355471,1.5707963267948966,-3.4306407042022326e-21,4.0029515226659445e-05,8.097789739197678e-21,-3.433000923518656e-21,4.0029515226659445e-05,1.2541476980304359e-20,333.88607869113474,1.0419911901432677,82972.24533282749,277.4002059062707,0.9632920097821234,-0.6531145117928303,2.914184196416382e-17,321.6297926555311,53894.77160852897,9.775175681731808,4.067609255499713e-14,255.3798153424096,-195.51693415393768,-78.07887088453164,-2.864992449151909e-15,59.74053485697262,0.0,0.0,0.0,-0.54555858756582,-2.0018491766582498e-17,-0.4174235801283017,0.0,0.0,0.0,0.0,0.0,0.0,0.0,0.0,0.5,0.0,0.0,1.0,0.0,0.0,0.0
6.800000000000001,254.90080092542425,9.253564758762057e-15,-194.06201124873746,0.0,-7.292113023867705e-05,0.0,0.5000000000360358,-0.5000000000360358,-0.4999999999638595,0.4999999999638594,6379810.44896638,1884.9993148840597,2.851092413606723e-13,4.499039844498437e-20,0.0002954632077021527,1673.7274405177063,0.0,-1.1101011506870147e-16,0.0002954633520547688,1.5707963267948966,-4.780181921164201e-21,3.9945320939859735e-05,8.098031386137464e-21,-4.7825745926983326e-21,3.9945320939859735e-05,1.2532365706696103e-20,333.8098887604618,1.0399710126171102,82773.68010476978,277.27363600488616,0.9597264261707813,-0.6507089195283903,2.8884334645705825e-17,320.3661724243299,53368.449592869256,9.77511557142267,4.058258605628086e-14,254.8434516052245,-194.13731661518855,-77.45845743587871,-2.811944853312142e-15,58.97096202362015,0.0,0.0,0.0,-0.5412235878287658,-1.9647833595783577e-17,-0.41204636266554284,0.0,0.0,0.0,0.0,0.0,0.0,0.0,0.0,0.5,0.0,0.0,1.0,0.0,0.0,0.0
6.9,254.3690469609484,9.137204839072353e-15,-192.6867613143897,0.0,-7.292113023867705e-05,0.0,0.5000000000365732,-0.5000000000365732,-0.49999999996333555,0.49999999996333544,6379829.786466843,1910.4627707375046,2.888799502457833e-13,4.558527927467525e-20,0.0002994535555924666,1693.0725142806768,0.0,-1.1100996320543846e-16,0.0002994537020677993,1.5707963267948966,-6.1301159542629515e-21,3.986179370537821e-05,8.098277178773733e-21,-6.1325410133082626e-21,3.986179370537821e-05,1.252333306821409e-20,333.7342364769598,1.0379650908163753,82576.51608592909,277.1479592654825,0.9561828475229618,-0.6482893703729328,2.863331629969066e-17,319.1109525504409,52848.926787037046,9.775055885836379,4.048717317315451e-14,254.31133479279265,-192.7629244266664,-76.8455016346506,-2.760371585245861e-15,58.21113460331401,0.0,0.0,0.0,-0.5369406967294206,-1.928747695942797e-17,-0.4067372390893446,0.0,0.0,0.0,0.0,0.0,0.0,0.0,0.0,0.5,0.0,0.0,1.0,0.0,0.0,0.0
7.0,253.84149599424836,9.023742072801405e-15,-191.31669842628034,0.0,-7.292113023867705e-05,0.0,0.500000000037112,-0.500000000037112,-0.4999999999628129,0.4999999999628128,6379848.986264914,1935.8730909318972,2.9258052910216693e-13,4.6169090973204743e-20,0.0003034355570863915,1712.279971443427,0.0,-1.1100982148466932e-16,0.00030343570568470177,1.5707963267948966,-6.136251391118896e-21,3.977892835876392e-05,8.09830258073028e-21,-6.138708705239938e-21,3.977892835876392e-05,1.251415394390556e-20,333.65909496780785,1.03597830919973,82381.37943928281,277.0231778174232,0.9526612761944371,-0.6458557381377847,2.838867651592821e-17,317.8641000670204,52336.37886997661,9.774996625379321,4.038990916054996e-14,253.78343200910288,-191.39371418427862,-76.24028629249379,-2.7102456547104244e-15,57.461216819550216,0.0,0.0,0.0,-0.5327118903506946,-1.8937233269252465e-17,-0.40149735687453003,0.0,0.0,0.0,0.0,0.0,0.0,0.0,0.0,0.5,0.0,0.0,1.0,0.0,0.0,0.0
7.1000000000000005,253.31807576792565,8.913041093190586e-15,-189.95173061186978,0.0,-7.292113023867705e-05,0.0,0.5000000000376519,-0.5000000000376519,-0.4999999999622914,0.4999999999622913,6379868.0495369425,1961.2309489274796,2.9621407748463774e-13,4.674232279482729e-20,0.0003074093181361795,1731.350987440596,0.0,-1.1100968942890297e-16,0.0003074094688572839,1.5707963267948966,-3.454346328158757e-21,3.969671353106685e-05,8.097872373363862e-21,-3.4568356906927865e-21,3.969671353106685e-05,1.2504591831202158e-20,333.5844718832848,1.034008368859452,82187.97891461653,276.8992834635974,0.9491613946735379,-0.6434080314240669,2.815010182632793e-17,316.62550340459325,51830.55823719567,9.774937786410906,4.029091100106174e-14,253.25967085615258,-190.0295940038474,-75.64250170505636,-2.661495244145646e-15,56.72088510337179,0.0,0.0,0.0,-0.5285350047029336,-1.859660071617281e-17,-0.39632445515562853,0.0,0.0,0.0,0.0,0.0,0.0,0.0,0.0,0.5,0.0,0.0,1.0,0.0,0.0,0.0
7.2,252.7987351924961,8.804937368905803e-15,-188.59179212942485,0.0,-7.292113023867705e-05,0.0,0.5000000000381929,-0.5000000000381929,-0.49999999996177097,0.49999999996177086,6379886.9767912235,1986.5367567842777,2.997843969104607e-13,4.730557474220724e-20,0.00031137490363227345,1750.2860700720921,0.0,-1.1100956644534106e-16,0.0003113750564762106,1.5707963267948966,-2.1169287383972153e-21,3.961514118669235e-05,8.097661930646401e-21,-2.119450148297452e-21,3.961514118669235e-05,1.2495321185900014e-20,333.51038005377353,1.032052582911903,81995.97139877245,276.7762722265338,0.9456829882383039,-0.6409461917797563,2.791716665672363e-17,315.39509281774497,51331.23263792026,9.774879367353153,4.019033009316388e-14,252.74000015852343,-188.67049820618251,-75.05184675274475,-2.614043181724943e-15,55.98984611590426,0.0,0.0,0.0,-0.524407935780556,-1.826504007936995e-17,-0.3912164842930869,0.0,0.0,0.0,0.0,0.0,0.0,0.0,0.0,0.5,0.0,0.0,1.0,0.0,0.0,0.0
7.300000000000001,252.28344313419717,8.699233300226918e-15,-187.23684190817428,0.0,-7.292113023867705e-05,0.0,0.5000000000387347,-0.5000000000387347,-0.4999999999612514,0.4999999999612513,6379905.7678800635,2011.7906749389897,3.032960810573887e-13,4.7859571800213725e-20,0.0003153323389430077,1769.0850715550284,0.0,-1.1100945181181522e-16,0.00031533249390977905,1.5707963267948966,-3.468205632121885e-21,3.9534206432731326e-05,8.097910600236362e-21,-3.470759166498322e-21,3.9534206432731326e-05,1.2486580781571144e-20,333.43677931770037,1.0301181764189924,81806.2821849112,276.65414692851766,0.9422261052412135,-0.638470092350497,2.7689320491925392e-17,314.1728387292446,50838.691968189145,9.774821368653276,4.008835584452172e-14,252.22438874911273,-187.31638575874615,-74.46877190118737,-2.5678313695890618e-15,55.26838713217304,0.0,0.0,0.0,-0.5203338311110453,-1.7942145413090865e-17,-0.3861754515566741,0.0,0.0,0.0,0.0,0.0,0.0,0.0,0.0,0.5,0.0,0.0,1.0,0.0,0.0,0.0
7.4,251.77213053958806,8.595664495386101e-15,-185.88679225185987,0.0,-7.292113023867705e-05,0.0,0.5000000000392772,-0.5000000000392772,-0.49999999996073247,0.49999999996073236,6379924.423951947,2036.993355120691,3.067553407961741e-13,4.840529415534588e-20,0.0003192817266017838,1787.7491394865017,0.0,-1.1100934455952258e-16,0.00031928188369142747,1.5707963267948966,-6.1639700479283955e-21,3.945389840425607e-05,8.098397963842104e-21,-6.16655571964153e-21,3.945389840425607e-05,1.2478148953263926e-20,333.3637068654681,1.0281976545112979,81617.9545029017,276.53289820898357,0.9387903593905302,-0.6359797428751657,2.746581393254155e-17,312.958634974237,50352.44128188718,9.774763786757122,3.998523501299993e-14,251.712767439488,-185.96716904943105,-73.8926017274035,-2.522742001870742e-15,54.555919247434566,0.0,0.0,0.0,-0.5163079713279045,-1.76270935752765e-17,-0.38119724210665845,0.0,0.0,0.0,0.0,0.0,0.0,0.0,0.0,0.5,0.0,0.0,1.0,0.0,0.0,0.0
7.5,251.2647487726419,8.4939356232225e-15,-184.54158072858192,0.0,-7.292113023867705e-05,0.0,0.5000000000398201,-0.5000000000398201,-0.499999999960214,0.4999999999602139,6379942.945494759,2062.145193692429,3.1016912936751114e-13,4.894383911382859e-20,0.0003232231290305917,1806.27876127325,0.0,-1.1100924359808712e-16,0.00032322328824303467,1.5707963267948966,-6.171517820391375e-21,3.9374209451621065e-05,8.098420476037248e-21,-6.174135418441636e-21,3.9374209451621065e-05,1.2469321261500027e-20,333.29114673006484,1.0262934439945401,81431.3004364601,276.41252354303504,0.9353756294994308,-0.6334750853090066,2.7245773191824986e-17,311.75241617922154,49872.5087413844,9.774706620150038,3.9881250357820224e-14,251.205087511929,-184.62278570566485,-73.32341360104502,-2.4786778003855245e-15,53.85243539513072,0.0,0.0,0.0,-0.5123308970342125,-1.7319204856444456e-17,-0.37628180656705096,0.0,0.0,0.0,0.0,0.0,0.0,0.0,0.0,0.5,0.0,0.0,1.0,0.0,0.0,0.0
7.6000000000000005,250.76126846076568,8.393713405903548e-15,-183.20116868948662,0.0,-7.292113023867705e-05,0.0,0.5000000000403633,-0.5000000000403633,-0.49999999995969563,0.4999999999596955,6379961.332347353,2087.2463410556716,3.13545307360547e-13,4.9476447135012283e-20,0.0003271565700211405,1824.6737756912287,0.0,-1.1100914768969102e-16,0.0003271567313564574,1.5707963267948966,-6.1792185967783836e-21,3.929513495895085e-05,8.09844257412887e-21,-6.181868056733026e-21,3.929513495895085e-05,1.2460561580902489e-20,333.2190864720039,1.024407864338222,81246.61633544722,276.293024574439,0.9319818943160115,-0.630955992488723,2.702817659925614e-17,310.55415620957746,49398.94115366363,9.774649869320946,3.9776727349616354e-14,250.70131956347376,-183.2831971145302,-72.76130215491202,-2.4355341259137317e-15,53.15795759291615,0.0,0.0,0.0,-0.508403269455422,-1.701774811353075e-17,-0.37142929878127234,0.0,0.0,0.0,0.0,0.0,0.0,0.0,0.0,0.5,0.0,0.0,1.0,0.0,0.0,0.0
7.7,250.26162371898076,8.294606319010813e-15,-181.86547266671187,0.0,-7.292113023867705e-05,0.0,0.5000000000409062,-0.5000000000409062,-0.4999999999591772,0.4999999999591771,6379979.58563065,2112.2974274354256,3.168931513641218e-13,5.000458212250903e-20,0.000331082148724172,1842.935302795532,0.0,-1.1100905538143867e-16,0.0003310823121823631,1.5707963267948966,-6.187012110038069e-21,3.9216664559665434e-05,8.0984643366168e-21,-6.189693368287049e-21,3.9216664559665434e-05,1.2451868780759993e-20,333.1475491344503,1.022535967789583,81063.27243368415,276.1743927753892,0.9286088229288865,-0.6284224756496332,2.681182066332878e-17,309.3637542305841,48931.383616304425,9.774593530801223,3.9672040630709997e-14,250.20139757938026,-181.94831988837637,-72.20579190529664,-2.393170460631999e-15,52.472055242854466,0.0,0.0,0.0,-0.5045217662558344,-1.672174150978013e-17,-0.3666367100428783,0.0,0.0,0.0,0.0,0.0,0.0,0.0,0.0,0.5,0.0,0.0,1.0,0.0,0.0,0.0
7.800000000000001,249.76576836471745,8.196188231556691e-15,-180.53443353819134,0.0,-7.292113023867705e-05,0.0,0.5000000000414487,-0.5000000000414487,-0.49999999995865835,0.49999999995865824,6379997.705812117,2137.29883349776,3.2022276634235846e-13,5.052983866631446e-20,0.0003349999250936955,1861.063809595071,0.0,-1.1100896508539637e-16,0.00033500009067464955,1.5707963267948966,-2.1620633349933393e-21,3.913879098997888e-05,8.097752933602025e-21,-2.164776082909617e-21,3.913879098997888e-05,1.2442509161707813e-20,333.07650807128675,1.0206820594124233,80881.82047805605,276.05662624239324,0.9252563352876867,-0.6258744775311091,2.6595358775434898e-17,308.18114922845837,48469.95608532254,9.774537603139532,3.9567604330589225e-14,249.7052752993078,-180.6180949614708,-71.65709484633858,-2.3514632983231e-15,51.79482004990255,0.0,0.0,0.0,-0.5006878686969242,-1.643032207321744e-17,-0.3619046811196743,0.0,0.0,0.0,0.0,0.0,0.0,0.0,0.0,0.5,0.0,0.0,1.0,0.0,0.0,0.0
7.9,249.2736748220481,8.097988295237578e-15,-179.20801512487415,0.0,-7.292113023867705e-05,0.0,0.5000000000419905,-0.5000000000419905,-0.49999999995813865,0.49999999995813854,6380015.692716867,2162.250699381814,3.2354532539364946e-13,5.105397987533919e-20,0.00033890992130955824,1879.0591211334493,0.0,-1.1100887504091768e-16,0.0003389100890134966,1.5707963267948966,-4.8583393772109655e-21,3.906150991654279e-05,8.09826034804113e-21,-4.861083959216963e-21,3.906150991654279e-05,1.2434434156215054e-20,333.005973236852,1.018844531329522,80702.05439767706,275.93972568984185,0.9219243571819293,-0.6233118710651349,2.637726647044149e-17,307.0063185609569,48014.51982986763,9.774482086867392,3.946388189293551e-14,249.2129251196698,-179.29248618857986,-71.11503087911562,-2.3102671921111256e-15,51.12607570369256,0.0,0.0,0.0,-0.49690031837789067,-1.614247352643897e-17,-0.35723198008253326,0.0,0.0,0.0,0.0,0.0,0.0,0.0,0.0,0.5,0.0,0.0,1.0,0.0,0.0,0.0
8.0,248.78528033896043,7.999489745343055e-15,-177.8861381394088,0.0,-7.292113023867705e-05,0.0,0.5000000000425311,-0.5000000000425311,-0.49999999995761785,0.49999999995761774,6380033.547438544,2187.153634035624,3.268731252270718e-13,5.1578946156845144e-20,0.00034281223317601415,1896.9223302140213,0.0,-1.110087833182319e-16,0.0003428124030026764,1.5707963267948966,-6.210251228584522e-21,3.8984811465454325e-05,8.098528511655335e-21,-6.213027504550276e-21,3.8984811465454325e-05,1.2426184524477741e-20,332.93595619423047,1.017020492425484,80523.60796886386,275.8236832969437,0.9186126046727866,-0.6207346693794649,2.61558681340826e-17,305.8391666460264,47564.830170778136,9.774426978600783,3.9361373953291995e-14,248.72428416354703,-177.9714143588863,-70.5792827691428,-2.2694202527000773e-15,50.46551489933947,0.0,0.0,0.0,-0.4931568986939651,-1.5857064704320704e-17,-0.3526164597075376,0.0,0.0,0.0,0.0,0.0,0.0,0.0,0.0,0.5,0.0,0.0,1.0,0.0,0.0,0.0
8.1,248.30054118634203,7.900135651058748e-15,-176.5687467695626,0.0,-7.292113023867705e-05,0.0,0.5000000000430701,-0.5000000000430701,-0.4999999999570954,0.49999999995709526,6380051.270424206,2212.0080024282793,3.302194225301775e-13,5.210682936617414e-20,0.0003467069181795498,1914.653883448802,0.0,-1.1100868783186589e-16,0.0003467070901292302,1.5707963267948966,-2.1848346497744987e-21,3.890868875870026e-05,8.097795809350026e-21,-2.1876422129397714e-21,3.890868875870026e-05,1.241699780701078e-20,332.86642226539146,1.0152156470097797,80347.21087782299,275.7084976594971,0.9153210310027449,-0.6181428164177537,2.5929319509717122e-17,304.6796368141531,47121.072374344,9.774372276951675,3.926062602065678e-14,248.23930862766716,-176.65482371371436,-70.05015932770046,-2.2287738819376864e-15,49.813297967071065,0.0,0.0,0.0,-0.4894597673946646,-1.55730573106226e-17,-0.348059240266172,0.0,0.0,0.0,0.0,0.0,0.0,0.0,0.0,0.5,0.0,0.0,1.0,0.0,0.0,0.0
8.200000000000001,247.81943162042612,7.799315701251421e-15,-175.2558073539726,0.0,-7.292113023867705e-05,0.0,0.500000000043607,-0.500000000043607,-0.49999999995657096,0.49999999995657085,6380068.8614849225,2236.813934209495,3.3359874850845456e-13,5.263992243797055e-20,0.00035059399685290936,1932.253591848848,0.0,-1.1100858629116473e-16,0.00035059417092523515,1.5707963267948966,-6.224805612857718e-21,3.883313775095435e-05,8.098571438482411e-21,-6.227644924738975e-21,3.883313775095435e-05,1.2409382663768025e-20,332.7973984992706,1.0134254203540614,80172.27844823748,275.59416880909146,0.9120495250649242,-0.6155361856617942,2.5695561130181105e-17,303.5277099616392,46682.97523322711,9.7743179824951,3.916224142170382e-14,247.75797274305617,-175.34268062357424,-69.52728153302118,-2.1881469176988663e-15,49.16911065700557,0.0,0.0,0.0,-0.4858062761504506,-1.5289185515652668e-17,-0.34355812600791263,0.0,0.0,0.0,0.0,0.0,0.0,0.0,0.0,0.5,0.0,0.0,1.0,0.0,0.0,0.0
8.3,247.34189198667127,7.696389783277265e-15,-173.9472447379129,0.0,-7.292113023867705e-05,0.0,0.5000000000441416,-0.5000000000441416,-0.49999999995604405,0.49999999995604394,6380086.321687363,2261.5720172774318,3.3702637439336653e-13,5.318063507130064e-20,0.0003544735616900093,1949.7225212650374,0.0,-1.1100847629669822e-16,0.0003544737378852733,1.5707963267948966,-6.2315187800653544e-21,3.8758149055324124e-05,8.098593316328461e-21,-6.234389518649961e-21,3.8758149055324124e-05,1.2401075878266848e-20,332.72888700287666,1.0116486056700569,79998.65982991789,275.48068953599113,0.9087978434749685,-0.6129147925666485,2.5452427387939914e-17,302.38329567836615,46250.38177160892,9.774264091930698,3.9066844893567875e-14,247.28021673476178,-174.03491000685176,-69.01045887359038,-2.1473576323619094e-15,48.532742544343876,0.0,0.0,0.0,-0.4821950938048701,-1.5004179538438183e-17,-0.33911164663670007,0.0,0.0,0.0,0.0,0.0,0.0,0.0,0.0,0.5,0.0,0.0,1.0,0.0,0.0,0.0
8.4,246.86788100942232,7.590670166495151e-15,-172.64300641898413,0.0,-7.292113023867705e-05,0.0,0.500000000044673,-0.500000000044673,-0.49999999995551414,0.49999999995551403,6380103.65145817,2286.2826009042024,3.4051870859589417e-13,5.373155636976315e-20,0.00035834566771026104,1967.0610979069024,0.0,-1.1100835526547111e-16,0.0003583458460283112,1.5707963267948966,-6.23771519907637e-21,3.868371617948515e-05,8.098615657184864e-21,-6.2406173042935914e-21,3.868371617948515e-05,1.2392830845847125e-20,332.6608495855903,1.009891508300672,79827.16043299332,275.3680587288975,0.9055659600320616,-0.6102785827458794,2.5197551365018073e-17,301.24634162005634,45823.503185381596,9.774210603933742,3.897511333374867e-14,246.80599925627513,-172.7314594121382,-68.50003928591481,-2.1062327042516063e-15,47.90437975885362,0.0,0.0,0.0,-0.47862865148617895,-1.4716828332671097e-17,-0.3347211026925137,0.0,0.0,0.0,0.0,0.0,0.0,0.0,0.0,0.5,0.0,0.0,1.0,0.0,0.0,0.0
8.5,246.39737481256893,7.481405184583602e-15,-171.3430613013969,0.0,-7.292113023867705e-05,0.0,0.5000000000452011,-0.5000000000452011,-0.4999999999549807,0.49999999995498057,6380120.850594079,2310.9458040229974,3.440936860264718e-13,5.429551627099438e-20,0.0003622103337640562,1984.2691184614473,0.0,-1.1100822036963867e-16,0.00036221051420496123,1.5707963267948966,-4.898958496543899e-21,3.8609835371629634e-05,8.098377853200148e-21,-4.901891814005939e-21,3.8609835371629634e-05,1.2384386435363779e-20,332.5933232331381,1.0081478577247769,79656.97996411519,275.25627606616837,0.9023537473845863,-0.6076274307387601,2.4928305847126904e-17,300.11683226373015,45401.99965849758,9.774157519123653,3.888779186174123e-14,246.3352964084745,-171.43229777374708,-67.9955380401137,-2.0645604965977783e-15,47.28364013145984,0.0,0.0,0.0,-0.47510356225312017,-1.4425653133916064e-17,-0.33038382385471005,0.0,0.0,0.0,0.0,0.0,0.0,0.0,0.0,0.5,0.0,0.0,1.0,0.0,0.0,0.0
8.6,245.93031680354497,7.367833269324017e-15,-170.0473383151653,0.0,-7.292113023867705e-05,0.0,0.500000000045725,-0.500000000045725,-0.4999999999544432,0.4999999999544431,6380137.920135078,2335.5621937092023,3.4776950684109886e-13,5.487538655558978e-20,0.00036606764907110766,2001.3476221154751,0.0,-1.1100806874732563e-16,0.00036606783163486165,1.5707963267948966,-3.559431689750418e-21,3.853649772621288e-05,8.098136461388709e-21,-3.562396156858143e-21,3.853649772621288e-05,1.2375998107700659e-20,332.52630207150986,1.0064178585283878,79488.1475863004,275.14533487855186,0.8991609979231509,-0.6049613548029141,2.4642017562407595e-17,298.99468228691023,44985.78515225721,9.774104834282841,3.880562742427239e-14,245.86805148252944,-170.13735409162706,-67.49686793802178,-2.02214105038415e-15,46.67039033799595,0.0,0.0,0.0,-0.47161921682808317,-1.4129256773422383e-17,-0.3260988785505961,0.0,0.0,0.0,0.0,0.0,0.0,0.0,0.0,0.5,0.0,0.0,1.0,0.0,0.0,0.0
8.700000000000001,245.46666816015244,7.24913589024851e-15,-168.7557882677234,0.0,-7.292113023867705e-05,0.0,0.5000000000462442,-0.5000000000462442,-0.4999999999539011,0.499999999953901,6380154.860487396,2360.1321035379515,3.515657311741852e-13,5.547425355962376e-20,0.000369917666184185,2018.297014680691,0.0,-1.1100789731803043e-16,0.00036991785087066975,1.5707963267948966,-6.2520113043594444e-21,3.846369713651776e-05,8.09868704591583e-21,-6.255007153198019e-21,3.846369713651776e-05,1.2368460634009226e-20,332.45975239631196,1.0047070272381575,79321.36721557104,275.03523398467024,0.8959876842249765,-0.6022803027350501,2.4335771771200833e-17,297.8798436475806,44575.033540552526,9.774052548149836,3.8729428316102804e-14,245.4042255883964,-168.84657922184292,-67.00432156171681,-1.9787755130887575e-15,46.06477607425766,0.0,0.0,0.0,-0.46817765956267404,-1.3826249813820022e-17,-0.3218672847968469,0.0,0.0,0.0,0.0,0.0,0.0,0.0,0.0,0.5,0.0,0.0,1.0,0.0,0.0,0.0
8.8,245.0064011786615,7.129677919591225e-15,-167.46837511829554,0.0,-7.292113023867705e-05,0.0,0.5000000000461662,-0.5000000000461662,-0.4999999999527617,0.49999999995276156,6380171.671474435,2384.655671832461,3.5537962045418985e-13,5.607590587380582e-20,0.00037376040698801545,2035.117119528043,0.0,-1.1100772229585635e-16,0.0003737605937963747,1.5707963267948966,-6.255744768250328e-21,3.839142925160623e-05,8.098711813502655e-21,-6.258771747516549e-21,3.839142925160623e-05,1.2360456364760998e-20,332.393710342998,1.003009247709002,79155.859248458,274.92597292626294,0.8928336654651243,-0.5995841405651976,2.4024064766604964e-17,296.77229544491706,44169.419333044214,9.774000661261967,3.865482537978943e-14,244.943791002726,-167.55993715074862,-66.51743230983766,-1.935655497075357e-15,45.46643422591019,0.0,0.0,0.0,-0.46477563018459817,-1.3524958379074815e-17,-0.3176865054135396,0.0,0.0,0.0,0.0,0.0,0.0,0.0,0.0,0.5,0.0,0.0,1.0,0.0,0.0,0.0
8.9,244.54945461884665,7.015361932406886e-15,-166.18502163515188,0.0,-7.292113023867705e-05,0.0,0.5000000000448613,-0.5000000000448613,-0.49999999995039546,0.49999999995039535,6380188.35416575,2409.133485266867,3.5907190075466275e-13,5.665836732575821e-20,0.00037759596376067976,2051.8090054454906,0.0,-1.1100756566750191e-16,0.00037759615268900473,1.5707963267948966,-3.571513052799697e-21,3.8319684438943317e-05,8.098196068873754e-21,-3.574570900323965e-21,3.8319684438943317e-05,1.2351970378305832e-20,332.3281676388877,1.0013251143788044,78991.70252332579,274.817544944964,0.8896987178309981,-0.5968728755700731,2.3726839905007904e-17,295.67194530094184,43768.875290091106,9.773949170310797,3.857590432125272e-14,244.4866863751337,-166.27735071177054,-66.03613976736216,-1.8943715675810233e-15,44.875252075583475,0.0,0.0,0.0,-0.4614127065574468,-1.3236496186820476e-17,-0.31355575281334713,0.0,0.0,0.0,0.0,0.0,0.0,0.0,0.0,0.5,0.0,0.0,1.0,0.0,0.0,0.0
9.0,244.09579131177614,6.9053223686257005e-15,-164.90568076072822,0.0,-7.292113023867705e-05,0.0,0.5000000000425352,-0.5000000000425352,-0.49999999994700783,0.4999999999470077,6380204.90895393,2433.565865237992,3.6266286340915684e-13,5.722483988283327e-20,0.0003814243871395606,2068.3730646204203,0.0,-1.1100742423653023e-16,0.0003814245781864221,1.5707963267948966,-6.265293956817482e-21,3.824845685199569e-05,8.098758178251487e-21,-6.268383022164553e-21,3.824845685199569e-05,1.2344620265290863e-20,332.2630934992558,0.9996596265086495,78829.53426922299,274.7099488156744,0.8865828132892665,-0.5941464556540175,2.3441346027608493e-17,294.57874818676476,43373.55120786849,9.773898074077238,3.849352074320674e-14,244.0328744723692,-164.99877289363266,-65.56070054688607,-1.854672583891219e-15,44.291349296659966,0.0,0.0,0.0,-0.45809068170414274,-1.295910844767607e-17,-0.309475863187172,0.0,0.0,0.0,0.0,0.0,0.0,0.0,0.0,0.5,0.0,0.0,1.0,0.0,0.0,0.0
9.1,243.6453899179619,6.7987250507122176e-15,-163.63032483689034,0.0,-7.292113023867705e-05,0.0,0.5000000000393825,-0.5000000000393825,-0.49999999994279376,0.49999999994279365,6380221.33561654,2457.952914696144,3.6617206861798904e-13,5.777841010309601e-20,0.00038524569346468166,2084.809074582842,0.0,-1.1100729491811059e-16,0.00038524588662860744,1.5707963267948966,-6.270842967437782e-21,3.817774313800674e-05,8.09878011109278e-21,-6.273962989085378e-21,3.817774313800674e-05,1.23367875019614e-20,332.19852241821883,0.998007013768193,78668.61966418123,274.603184463154,0.8834858476651186,-0.5914047555668943,2.316488365652659e-17,293.49269380710064,42983.14831741987,9.77384737324022,3.840850281832353e-14,243.58233393657545,-163.7241760649703,-65.09068435665533,-1.8163026576129896e-15,43.71439537260627,0.0,0.0,0.0,-0.4548065490576222,-1.2691007198923219e-17,-0.3054445271249128,0.0,0.0,0.0,0.0,0.0,0.0,0.0,0.0,0.5,0.0,0.0,1.0,0.0,0.0,0.0
9.200000000000001,243.19819824647655,6.694751012025941e-15,-162.358888581474,0.0,-7.292113023867705e-05,0.0,0.5000000000355951,-0.5000000000355951,-0.4999999999379449,0.4999999999379448,6380237.635153654,2482.2951674993933,3.6961873560788637e-13,5.832211072551829e-20,0.00038905996672882024,2101.118034645915,0.0,-1.1100717468874374e-16,0.0003890601620087105,1.5707963267948966,-6.276736577521497e-21,3.81075350839961e-05,8.098801429845556e-21,-6.2798874984386344e-21,3.81075350839961e-05,1.2329010620949183e-20,332.1344478025971,0.9963676331871655,78509.0070642935,274.4972455165057,0.8804076347386327,-0.5886477964432529,2.2894789106327585e-17,292.4137042323504,42597.59652579005,9.773797064706093,3.832165591942608e-14,243.13501246899472,-162.45349500751794,-64.62602404089712,-1.7790232107000013e-15,43.144277302670865,0.0,0.0,0.0,-0.451559839381994,-1.2430525430005709e-17,-0.30146095505917836,0.0,0.0,0.0,0.0,0.0,0.0,0.0,0.0,0.5,0.0,0.0,1.0,0.0,0.0,0.0
9.3,242.75418024325572,6.592649338937419e-15,-161.09132649868937,0.0,-7.292113023867705e-05,0.0,0.500000000031349,-0.500000000031349,-0.49999999993263744,0.49999999993263733,6380253.807946964,2506.5929362915904,3.730204885265078e-13,5.885872276090027e-20,0.0003928672561912388,2117.3003261145204,0.0,-1.1100706077280936e-16,0.00039286745358624157,1.5707963267948966,-6.28285717553794e-21,3.8037827019122105e-05,8.098822285344584e-21,-6.286038939144382e-21,3.8037827019122105e-05,1.232128903591619e-20,332.0708370056351,0.9947467893326316,78351.37170716467,274.3921309049276,0.8773481563464114,-0.5858755267290918,2.2628578436262712e-17,291.34173662330363,42217.057468922016,9.773747147289663,3.823372141680739e-14,242.69087395423563,-161.18668426946564,-64.1669944002148,-1.7426290776549047e-15,42.5811256267821,0.0,0.0,0.0,-0.4483524727848023,-1.217622959305478e-17,-0.2975260591084216,0.0,0.0,0.0,0.0,0.0,0.0,0.0,0.0,0.5,0.0,0.0,1.0,0.0,0.0,0.0
9.4,242.31331513564865,6.491719354011795e-15,-159.82761179964933,0.0,-7.292113023867705e-05,0.0,0.5000000000268087,-0.5000000000268087,-0.4999999999270356,0.4999999999270355,6380269.85376884,2530.846319920424,3.763937746079852e-13,5.93908414793659e-20,0.000396667577546483,2133.3557213333747,0.0,-1.1100695057670656e-16,0.0003966677770560601,1.5707963267948966,-6.289094741348432e-21,3.7968615680125554e-05,8.098842818848103e-21,-6.2923072912421124e-21,3.7968615680125554e-05,1.2313622425984143e-20,332.00772488772225,0.9931386789459485,78194.97544099213,274.2878405739788,0.8743073122857793,-0.5830878209803912,2.2363891474508865e-17,290.2767822143931,41841.23896542349,9.773697621686049,3.8145394267365575e-14,242.24989760335086,-159.92371708704286,-63.71317191172633,-1.7069145637093562e-15,42.02462066629822,0.0,0.0,0.0,-0.44518148999495727,-1.1926682442039391e-17,-0.2936376055898769,0.0,0.0,0.0,0.0,0.0,0.0,0.0,0.0,0.5,0.0,0.0,1.0,0.0,0.0,0.0
9.5,241.87555234279625,6.391297318534097e-15,-158.56768138786563,0.0,-7.292113023867705e-05,0.0,0.5000000000221301,-0.5000000000221301,-0.4999999999212957,0.49999999992129557,6380285.773603114,2555.055839094935,3.7975419015488416e-13,5.992092787140139e-20,0.0004004610127166175,2149.2852033926174,0.0,-1.1100684164847047e-16,0.00040046121434028344,1.5707963267948966,-4.950944266389754e-21,3.789989310759483e-05,8.098580533968835e-21,-4.954187433784078e-21,3.789989310759483e-05,1.2305727317299879e-20,331.94510772157287,0.9915431800370292,78039.80570009393,274.18436813165295,0.8712849158344135,-0.5802847016942251,2.2098484518120042e-17,289.21876584438695,41470.0546738922,9.773648484852096,3.805732517275096e-14,241.81203273144538,-158.66453042477184,-63.26446285987591,-1.6716947303856485e-15,41.474634893684254,0.0,0.0,0.0,-0.442046236196045,-1.1680591760851119e-17,-0.28979470343351366,0.0,0.0,0.0,0.0,0.0,0.0,0.0,0.0,0.5,0.0,0.0,1.0,0.0,0.0,0.0
9.600000000000001,241.44085689407106,6.290776017615978e-15,-157.31149128797102,0.0,-7.292113023867705e-05,0.0,0.5000000000174566,-0.5000000000174566,-0.4999999999155607,0.4999999999155606,6380301.567820811,2579.2217978729036,3.8311600689017524e-13,6.045123389156871e-20,0.0004042476096092042,2165.089142940939,0.0,-1.1100673174140155e-16,0.0004042478133469212,1.5707963267948966,-6.301515127636633e-21,3.783165380140792e-05,8.098883450945708e-21,-6.30478908347306e-21,3.783165380140792e-05,1.2298451034067418e-20,331.88294984290116,0.9899660967714639,77886.60030124143,274.08171271169306,0.868280961550146,-0.5774661179973251,2.1830264733801874e-17,288.1676468116931,41103.68569905387,9.77359973563578,3.797011221759897e-14,241.37724430940597,-157.4090803490601,-62.82117206311607,-1.636814612476974e-15,40.931317047316575,0.0,0.0,0.0,-0.4389488412385939,-1.1436874764885239e-17,-0.2859983919153565,0.0,0.0,0.0,0.0,0.0,0.0,0.0,0.0,0.5,0.0,0.0,1.0,0.0,0.0,0.0
9.700000000000001,241.0092085993343,6.189590352898024e-15,-156.05901560232223,0.0,-7.292113023867705e-05,0.0,0.5000000000129214,-0.5000000000129214,-0.4999999999099642,0.4999999999099641,6380317.236188947,2603.3442908751763,3.864925105802904e-13,6.09838558929924e-20,0.00040802738325402735,2180.767306979125,0.0,-1.1100661876075589e-16,0.00040802758910582726,1.5707963267948966,-6.307514309655891e-21,3.776389459022705e-05,8.098903790441001e-21,-6.310818885752457e-21,3.776389459022705e-05,1.2290945365985303e-20,331.8212850395876,0.9884018392177706,77734.6490292337,273.9798743464006,0.8652953570747179,-0.5746319444631048,2.1557243495967717e-17,287.12341790816924,40741.85639895442,9.773551374748905,3.788431505898532e-14,240.94551213275366,-156.15734098580685,-62.382898117224734,-1.6021158724239748e-15,40.39436806714106,0.0,0.0,0.0,-0.4358865004006868,-1.1194425105980425e-17,-0.28224658142039327,0.0,0.0,0.0,0.0,0.0,0.0,0.0,0.0,0.5,0.0,0.0,1.0,0.0,0.0,0.0
9.8,240.58055847212054,6.087229734615942e-15,-154.8101933981103,0.0,-7.292113023867705e-05,0.0,0.5000000000086459,-0.5000000000086459,-0.4999999999046271,0.499999999904627,6380332.7796752695,2627.4238257859884,3.898957231051484e-13,6.152069079645105e-20,0.0004118004135222652,2196.320662531381,0.0,-1.1100650081842621e-16,0.00041180062148831256,1.5707963267948966,-3.624409657742783e-21,3.7696607765694034e-05,8.09834561264898e-21,-3.6277445613178315e-21,3.7696607765694034e-05,1.2282913446811469e-20,331.76011112862074,0.9868500341818854,77583.90738917957,273.8788466814013,0.862327918676285,-0.5717822051497428,2.1277618108834066e-17,286.0860067063175,40384.47395636347,9.773503399198306,3.7800431789448896e-14,240.51678711458382,-154.9092514604667,-61.94953558100523,-1.5674631075788134e-15,39.8636558319755,0.0,0.0,0.0,-0.43285847693562546,-1.0952296688522456e-17,-0.27853834878151457,0.0,0.0,0.0,0.0,0.0,0.0,0.0,0.0,0.5,0.0,0.0,1.0,0.0,0.0,0.0
9.9,240.1548726252392,5.983230646622493e-15,-153.56498222039042,0.0,-7.292113023867705e-05,0.0,0.5000000000047399,-0.5000000000047399,-0.4999999998996598,0.4999999998996597,6380348.198640132,2651.4606980770454,3.933365637630313e-13,6.206346152426292e-20,0.0004155667469700458,2211.749569589272,0.0,-1.1100637619660977e-16,0.0004155669570508116,1.5707963267948966,-6.318691308088455e-21,3.762978799836182e-05,8.098945050641701e-21,-6.322056961941599e-21,3.762978799836182e-05,1.2276090754059249e-20,331.6994000102362,0.9853151819150964,77434.94698065893,273.7786285785355,0.8593786260366274,-0.5689168500792333,2.098971350468795e-17,285.0553746379705,40031.66435556105,9.77345580786514,3.7718917197190085e-14,240.0910353119072,-153.66476935777308,-61.52130518039279,-1.5327449097814223e-15,39.33927316538377,0.0,0.0,0.0,-0.42986631311634627,-1.070971107299548e-17,-0.27487434258254095,0.0,0.0,0.0,0.0,0.0,0.0,0.0,0.0,0.5,0.0,0.0,1.0,0.0,0.0,0.0
10.0,239.7321314667382,5.877165648608543e-15,-152.32335708476006,0.0,-7.292113023867705e-05,0.0,0.5000000000013056,-0.5000000000013056,-0.49999999989516414,0.499999999895164,6380363.492845048,2675.454998018135,3.968251083511567e-13,6.261375788233754e-20,0.00041932639794310564,2227.0537896541255,0.0,-1.1100624330704792e-16,0.00041932661013939656,1.5707963267948966,-6.323729808042922e-21,3.756343221123861e-05,8.098966159257221e-21,-6.327125919968847e-21,3.756343221123861e-05,1.2268740942734657e-20,331.63917123355833,0.9837941423920639,77287.36901074693,273.67922074989673,0.8564474288766475,-0.5660357540781036,2.0691945524921227e-17,284.03151607853863,39683.25922113793,9.773408601478346,3.764019355558764e-14,239.66823712027232,-152.42386971536928,-61.09796715046552,-1.4978508254351879e-15,38.82103073069035,0.0,0.0,0.0,-0.42690833363926634,-1.046589648968155e-17,-0.271253239875944,0.0,0.0,0.0,0.0,0.0,0.0,0.0,0.0,0.5,0.0,0.0,1.0,0.0,0.0,0.0
10.100000000000001,239.312287588871,5.768675220785636e-15,-151.0852592000926,0.0,-7.292113023867705e-05,0.0,0.4999999999984296,-0.4999999999984296,-0.4999999998912266,0.4999999998912265,6380378.663241832,2699.4072203929054,4.003698528283112e-13,6.317292039868315e-20,0.0004230794442815526,2242.234273836948,0.0,-1.1100610081781606e-16,0.0004230796585942695,1.5707963267948966,-6.328323657385787e-21,3.749753294450626e-05,8.098987694799815e-21,-6.331750174232701e-21,3.749753294450626e-05,1.2261441892443073e-20,331.5794294115097,0.9822854005990815,77140.98422089887,273.580616641755,0.8535341328238556,-0.5631389429826922,2.0382973404815002e-17,283.0143612981154,39339.1230723471,9.773361777094268,3.756460841060726e-14,239.24834503489856,-151.1864937977831,-60.679348731289444,-1.4626894336258284e-15,38.30875626459057,0.0,0.0,0.0,-0.42398333138311844,-1.022021415545913e-17,-0.26767383701054215,0.0,0.0,0.0,0.0,0.0,0.0,0.0,0.0,0.5,0.0,0.0,1.0,0.0,0.0,0.0
10.200000000000001,238.89530818788387,5.657439545747647e-15,-149.85064763186585,0.0,-7.292113023867705e-05,0.0,0.4999999999961889,-0.4999999999961889,-0.49999999988792454,0.49999999988792443,6380393.710180168,2723.317652086987,4.0397836406808814e-13,6.374214298589316e-20,0.00042682593119034037,2257.291371473111,0.0,-1.1100594753998585e-16,0.00042682614762020837,1.5707963267948966,-6.332423140152462e-21,3.743208503934906e-05,8.09900972703e-21,-6.335880009168826e-21,3.743208503934906e-05,1.2254193057479217e-20,331.5201565807238,0.9807917291771747,76996.14473368734,273.4828147297944,0.8506386964965137,-0.5602263679465865,2.0061566773488948e-17,282.003873856147,38999.312186693525,9.773315333627238,3.749247324354815e-14,238.83132619876903,-149.95260070817955,-60.26556311251257,-1.4271891004712967e-15,37.80247394062096,0.0,0.0,0.0,-0.42109209723516555,-9.972163544653752e-18,-0.26413630289349693,0.0,0.0,0.0,0.0,0.0,0.0,0.0,0.0,0.5,0.0,0.0,1.0,0.0,0.0,0.0
10.3,238.4811742856863,5.543170920210562e-15,-148.6194983309148,0.0,-7.292113023867705e-05,0.0,0.4999999999946537,-0.4999999999946537,-0.49999999988532795,0.49999999988532784,6380408.6334159095,2747.18637889489,4.076574593969763e-13,6.432250127130026e-20,0.0004305658723118693,2272.2248384108148,0.0,-1.1100578239941326e-16,0.000430566090860244,1.5707963267948966,-3.6470495836855625e-21,3.7367085515546524e-05,8.098432901269764e-21,-3.650536494264083e-21,3.7367085515546524e-05,1.224639471427141e-20,331.4613529041134,0.9793132874293512,76852.87000302481,273.385816635716,0.8477611242955515,-0.557297904310741,1.9726579513019016e-17,281.0000497359616,38663.7948233466,9.773269271823809,3.7424070860370704e-14,238.41716162302046,-148.72216641801958,-59.85657934328937,-1.3912853042119144e-15,37.30212987790462,0.0,0.0,0.0,-0.4182344149333207,-9.721293825949864e-18,-0.260640261044273,0.0,0.0,0.0,0.0,0.0,0.0,0.0,0.0,0.5,0.0,0.0,1.0,0.0,0.0,0.0
10.4,238.06984003757586,5.425658815386921e-15,-147.39175462579837,0.0,-7.292113023867705e-05,0.0,0.49999999999387634,-0.49999999999387634,-0.49999999988348914,0.49999999988348903,6380423.433885095,2771.013882823893,4.114121573541446e-13,6.491478706529249e-20,0.0004342993434749815,2287.0356100009135,0.0,-1.1100560461268323e-16,0.00043429956414300805,1.5707963267948966,-6.338971952232427e-21,3.7302527159308965e-05,8.09905551991505e-21,-6.3424893684044026e-21,3.7302527159308965e-05,1.2239844337046737e-20,331.4030323663195,0.9778469927552731,76710.77243657708,273.2896154908604,0.8449012048504945,-0.5543535799258178,1.9377153575781867e-17,280.0028218674504,38332.37758615366,9.77322358878934,3.735960032345363e-14,238.00580536913458,-147.4951343090406,-59.45213312598752,-1.354926333754819e-15,36.807497956506275,0.0,0.0,0.0,-0.4154084377571927,-9.46724367969128e-18,-0.25718413150056946,0.0,0.0,0.0,0.0,0.0,0.0,0.0,0.0,0.5,0.0,0.0,1.0,0.0,0.0,0.0
10.5,237.66127372323572,5.304727112611707e-15,-146.1673771024169,0.0,-7.292113023867705e-05,0.0,0.49999999999390116,-0.49999999999390116,-0.49999999988245253,0.4999999998824524,6380438.111926735,2794.8004421735545,4.152466723884979e-13,6.551966529181303e-20,0.000438026388533711,2301.724024916999,0.0,-1.1100541351972074e-16,0.0004380266113227575,1.5707963267948966,-6.341361994105551e-21,3.7238404982409544e-05,8.099079370279539e-21,-6.3449096062835035e-21,3.7238404982409544e-05,1.2232743137192457e-20,331.3451897044204,0.9763934736177303,76569.93251252446,273.19420927152004,0.8420588697212559,-0.5513933473360534,1.901253045742235e-17,279.01215593007936,38005.033704929934,9.773178283471335,3.729922979701629e-14,237.59722566591856,-146.2714650029428,-59.052208228542156,-1.3180769636635727e-15,36.3185228020087,0.0,0.0,0.0,-0.41261405228887105,-9.20976697604631e-18,-0.25376752734607305,0.0,0.0,0.0,0.0,0.0,0.0,0.0,0.0,0.5,0.0,0.0,1.0,0.0,0.0,0.0
10.600000000000001,237.25545699411148,5.18022992460087e-15,-144.94634266883978,0.0,-7.292113023867705e-05,0.0,0.4999999999947658,-0.4999999999947658,-0.4999999998822558,0.4999999998822557,6380452.667290875,2818.5461381388864,4.1916451485428147e-13,6.613768976711991e-20,0.0004417470204078297,2316.289833205442,0.0,-1.1100520856812705e-16,0.0004417472453192927,1.5707963267948966,-3.654149310792084e-21,3.7174716103824995e-05,8.098492080707783e-21,-3.6577267973348945e-21,3.7174716103824995e-05,1.2225078405144267e-20,331.28780056354833,0.9749570237661763,76430.89256429145,273.09960073682504,0.8392341901806248,-0.5484170826850243,1.8632036274186226e-17,278.0280495375004,37681.89493615219,9.773133356634418,3.7243100536013003e-14,237.19140415565838,-145.0511354270772,-58.65702655597358,-1.280716567238489e-15,35.835308027256026,0.0,0.0,0.0,-0.4098528090398844,-8.94871959058001e-18,-0.25039117255227916,0.0,0.0,0.0,0.0,0.0,0.0,0.0,0.0,0.5,0.0,0.0,1.0,0.0,0.0,0.0
10.700000000000001,236.85234555287022,5.052103634593106e-15,-143.7285967513146,0.0,-7.292113023867705e-05,0.0,0.499999999996489,-0.499999999996489,-0.4999999998829175,0.4999999998829174,6380467.100897924,2842.251440075017,4.231672743725611e-13,6.676911125739541e-20,0.0004454613129347093,2330.7339546040944,0.0,-1.1100498951532515e-16,0.00044546153997027793,1.5707963267948966,-6.344269382764525e-21,3.71114535532842e-05,8.099129144058922e-21,-6.347877233186439e-21,3.71114535532842e-05,1.2218684853105799e-20,331.23089086782073,0.9735325744237129,76293.01419518415,273.00578258863715,0.8364269316979807,-0.5454248160935576,1.8235316301744688e-17,277.0504382398108,37362.696000446944,9.773088805432508,3.719126518264254e-14,236.78829645024192,-143.8340910585239,-58.26620965380965,-1.2428293306817701e-15,35.357561834272516,0.0,0.0,0.0,-0.40712206364454284,-8.683991027929259e-18,-0.24705302824631858,0.0,0.0,0.0,0.0,0.0,0.0,0.0,0.0,0.5,0.0,0.0,1.0,0.0,0.0,0.0
10.8,236.45190876263197,4.920315822664505e-15,-142.51410145616427,0.0,-7.292113023867705e-05,0.0,0.49999999999908207,-0.49999999999908207,-0.4999999998844492,0.4999999998844491,6380481.413076229,2865.916617695433,4.2725581296755303e-13,6.74140657175923e-20,0.00044916930861771127,2345.0567171331495,0.0,-1.1100475623007379e-16,0.0004491695377789114,1.5707963267948966,-6.3447732064195336e-21,3.704861251310812e-05,8.09915509827475e-21,-6.348411100049099e-21,3.704861251310812e-05,1.2211726481939266e-20,331.1744593248414,0.9721200932416673,76156.29427404022,272.91275269638373,0.8336370213747205,-0.5424165017792009,1.7822111270094627e-17,276.0792898269443,37047.387035761756,9.77304462884624,3.714374857413071e-14,236.38787186415493,-142.62029403761895,-57.8797041503877,-1.2044158392824938e-15,34.88520804381309,0.0,0.0,0.0,-0.40442144318033135,-8.415585377670135e-18,-0.2437525621428127,0.0,0.0,0.0,0.0,0.0,0.0,0.0,0.0,0.5,0.0,0.0,1.0,0.0,0.0,0.0
10.9,236.0541289200533,4.784864496505829e-15,-141.3028346706894,0.0,-7.292113023867705e-05,0.0,0.5000000000025498,-0.5000000000025498,-0.4999999998868557,0.49999999988685556,6380495.603569862,2889.541747471426,4.3143028551974443e-13,6.807257751926921e-20,0.0004528710196346847,2359.2578648719937,0.0,-1.1100450868935112e-16,0.0004528712509230898,1.5707963267948966,-6.3446423714721736e-21,3.698619020389694e-05,8.099181773704454e-21,-6.348310257928429e-21,3.698619020389694e-05,1.2204814815089301e-20,331.11848580511815,0.970723150644959,76021.18309962527,272.8205136679304,0.8308645239219122,-0.5393920170044331,1.739225430320801e-17,275.11460356311613,36736.07141059362,9.773000827658816,3.710054833095364e-14,235.99011268639467,-141.4097222696755,-57.497687790981274,-1.1654901499014954e-15,34.418322569132876,0.0,0.0,0.0,-0.4017521896024585,-8.143600858963031e-18,-0.24049030466859508,0.0,0.0,0.0,0.0,0.0,0.0,0.0,0.0,0.5,0.0,0.0,1.0,0.0,0.0,0.0
11.0,235.65896325949586,4.645830872407078e-15,-140.0947438968294,0.0,-7.292113023867705e-05,0.0,0.5000000000068779,-0.5000000000068779,-0.4999999998901222,0.4999999998901221,6380509.673283767,2913.127286230198,4.356889012336128e-13,6.874436405613034e-20,0.00045656651785131656,2373.338302108459,0.0,-1.1100424718374862e-16,0.0004565667512686966,1.5707963267948966,-6.343890607154889e-21,3.692417989639011e-05,8.099209159040508e-21,-6.347588436640334e-21,3.692417989639011e-05,1.2197949107216441e-20,331.0629768725502,0.9693399590133664,75887.45747948434,272.72905917668305,0.8281092609056359,-0.5363513944362676,1.6945914378800534e-17,274.1563175770874,36428.6156094474,9.77295739907219,3.706157273893275e-14,235.5949760634036,-140.20232330524493,-57.119984965395034,-1.1260760258387562e-15,33.95674166740825,0.0,0.0,0.0,-0.39911307587409556,-7.868203512533527e-18,-0.23726511170743342,0.0,0.0,0.0,0.0,0.0,0.0,0.0,0.0,0.5,0.0,0.0,1.0,0.0,0.0,0.0
11.100000000000001,235.2663822275167,4.5033262291854534e-15,-138.88979276132977,0.0,-7.292113023867705e-05,0.0,0.5000000000120447,-0.5000000000120447,-0.4999999998942276,0.4999999998942275,6380523.62253562,2936.673495099162,4.400291697086859e-13,6.94290323324116e-20,0.00046025584442053715,2387.2983462018897,0.0,-1.110039721108404e-16,0.0004602560799685495,1.5707963267948966,-6.342536099442381e-21,3.686257694341629e-05,8.099237236390189e-21,-6.346263822491927e-21,3.686257694341629e-05,1.2191128841497264e-20,331.00794256266244,0.9679685942011511,75754.87526472511,272.63838665643993,0.8253711365425784,-0.5332945902726464,1.6483358980363692e-17,273.2044017575652,36124.90017307559,9.772914342100158,3.7026703298630706e-14,235.20243239520352,-138.99806080339837,-56.74643235621198,-1.0862057503621472e-15,33.50032484571985,0.0,0.0,0.0,-0.3965029608514434,-7.589618910470741e-18,-0.2340760015965835,0.0,0.0,0.0,0.0,0.0,0.0,0.0,0.0,0.5,0.0,0.0,1.0,0.0,0.0,0.0
11.200000000000001,234.87636878165793,4.357494548481369e-15,-137.68796015271923,0.0,-7.292113023867705e-05,0.0,0.5000000000180217,-0.5000000000180217,-0.4999999998991432,0.49999999989914307,6380537.451063369,2960.180445701669,4.4444784185017773e-13,7.012606964022768e-20,0.00046393901075897527,2401.137735113812,0.0,-1.1100368398461449e-16,0.00046393924843929894,1.5707963267948966,-6.340601922636861e-21,3.680137866962599e-05,8.099265980764758e-21,-6.344359489874433e-21,3.680137866962599e-05,1.2184353717221905e-20,330.95338130612737,0.9666095164469002,75623.49376784104,272.54849792538454,0.8226501735412471,-0.530221483240467,1.6004963545987318e-17,272.25885703718274,35824.91221672072,9.772871657544943,3.6995791912672145e-14,234.81246463306553,-137.796913669482,-56.37702503237112,-1.0459234506317973e-15,33.049039663723235,0.0,0.0,0.0,-0.3939218100798201,-7.308155381402897e-18,-0.23092274766641896,0.0,0.0,0.0,0.0,0.0,0.0,0.0,0.0,0.5,0.0,0.0,1.0,0.0,0.0,0.0
11.3,234.4888816723013,4.208559800661294e-15,-136.48919562663212,0.0,-7.292113023867705e-05,0.0,0.5000000000247616,-0.5000000000247616,-0.4999999999048217,0.4999999999048216,6380551.159756646,2983.648582461215,4.4893979494749235e-13,7.083466767089303e-20,0.00046761608678040916,2414.8573578335345,0.0,-1.1100338362116258e-16,0.00046761632659452114,1.5707963267948966,-6.338124282883015e-21,3.674057858426292e-05,8.099295350492228e-21,-6.341911645485137e-21,3.674057858426292e-05,1.2177623004087494e-20,330.89926342196446,0.9652670089043708,75493.85600326267,272.45938837827924,0.8199462906293662,-0.5271321088495463,1.551144085263507e-17,271.3196240797116,35528.748565520174,9.772829342656069,3.696860457467577e-14,234.42503144214012,-136.59883150564383,-56.01194738328805,-1.0052918191274834e-15,32.6029380676067,0.0,0.0,0.0,-0.3913709119388856,-7.024250974962769e-18,-0.22780571287927265,0.0,0.0,0.0,0.0,0.0,0.0,0.0,0.0,0.5,0.0,0.0,1.0,0.0,0.0,0.0
11.4,234.10389242944063,4.056776963283539e-15,-135.2934643302365,0.0,-7.292113023867705e-05,0.0,0.5000000000322101,-0.5000000000322101,-0.49999999991120875,0.49999999991120864,6380564.748922455,3007.078157919137,4.5349918617546863e-13,7.155390449483983e-20,0.0004712871122875726,2428.457521058619,0.0,-1.1100307194685741e-16,0.00047128735423710284,1.5707963267948966,-2.301483277922131e-21,3.668017221062436e-05,8.098358953477995e-21,-2.3052999319456904e-21,3.668017221062436e-05,1.2169969849026648e-20,330.8456167530255,0.9639361908430942,75365.34702058733,272.37105472579447,0.8172593535082122,-0.5240264256104649,1.5003612753494597e-17,270.3866748586034,35236.18328924977,9.772787396480473,3.694487943909636e-14,234.040104307845,-135.40377948978664,-55.650867059860865,-9.64371643428542e-16,32.16178304160122,0.0,0.0,0.0,-0.3888479442138775,-6.738330430718803e-18,-0.22472324114065026,0.0,0.0,0.0,0.0,0.0,0.0,0.0,0.0,0.5,0.0,0.0,1.0,0.0,0.0,0.0
11.5,233.7213846871785,3.902438070913007e-15,-134.10074617528602,0.0,-7.292113023867705e-05,0.0,0.5000000000403048,-0.5000000000403048,-0.499999999918242,0.4999999999182419,6380578.21829247,3030.4692387266305,4.581193139625337e-13,7.228272268888113e-20,0.00047495209791657535,2441.937956482482,0.0,-1.110027500203308e-16,0.00047495234200288175,1.5707963267948966,-3.64258555858048e-21,3.6620156979838706e-05,8.098707744172663e-21,-3.646432058741435e-21,3.6620156979838706e-05,1.2163644961721176e-20,330.7924423576621,0.9626170885177002,75237.96935506446,272.2834987105933,0.8145893830550318,-0.5209043140903654,1.4482432784190426e-17,269.4600119901491,34947.189123399716,9.772745819839876,3.692432060741692e-14,233.65766685928844,-134.21173754935978,-55.29375567456425,-9.232385131112286e-16,31.725529647343773,0.0,0.0,0.0,-0.3863527085533336,-6.450921913871e-18,-0.22167501845382556,0.0,0.0,0.0,0.0,0.0,0.0,0.0,0.0,0.5,0.0,0.0,1.0,0.0,0.0,0.0
11.600000000000001,233.3413186962418,3.7459077690177914e-15,-132.91099274911318,0.0,-7.292113023867705e-05,0.0,0.500000000048966,-0.500000000048966,-0.4999999999258419,0.49999999992584176,6380591.5687411595,3053.8222570277007,4.627917721845322e-13,7.301979591043543e-20,0.0004786111116490526,2455.299537942745,0.0,-1.1100241917550821e-16,0.0004786113578734416,1.5707963267948966,-4.9833047587682465e-21,3.656052663714909e-05,8.099060780666648e-21,-4.987181061193676e-21,3.656052663714909e-05,1.2157366756163073e-20,330.73972464556994,0.9613116347872896,75111.96911937842,272.1967151983311,0.8119362694351994,-0.5177658129593976,1.3949177275169678e-17,268.5395786272019,34661.778147034835,9.772704610030893,3.690655384557864e-14,233.27767926448692,-133.02265731623004,-54.9406630202018,-8.819817442771263e-16,31.294152788407402,0.0,0.0,0.0,-0.383885552873294,-6.162649500634534e-18,-0.21866086946314733,0.0,0.0,0.0,0.0,0.0,0.0,0.0,0.0,0.5,0.0,0.0,1.0,0.0,0.0,0.0
11.700000000000001,232.96366707006138,3.587584733897318e-15,-131.72417071930857,0.0,-7.292113023867705e-05,0.0,0.5000000000581069,-0.5000000000581069,-0.4999999999339212,0.4999999999339211,6380604.800564861,3077.1374567776124,4.675073655916141e-13,7.376367331170877e-20,0.00048226419193777176,2468.542561479844,0.0,-1.1100208086754538e-16,0.0004822644403015171,1.5707963267948966,-6.323704268469601e-21,3.65012768762834e-05,8.099417958345057e-21,-6.327610329586639e-21,3.65012768762834e-05,1.2151134704057724e-20,330.687456390639,0.9600208076497065,74987.47042162756,272.11070253625235,0.8092999708318214,-0.514610883398829,1.3405250099928455e-17,267.62534881139334,34379.94227323449,9.772663766133588,3.689117395269084e-14,232.90011409411662,-131.83650548722645,-54.591599079770305,-8.406975642202885e-16,30.867616429050653,0.0,0.0,0.0,-0.38144654692770863,-5.874185557630928e-18,-0.21568054237695947,0.0,0.0,0.0,0.0,0.0,0.0,0.0,0.0,0.5,0.0,0.0,1.0,0.0,0.0,0.0
11.8,232.5884141349748,3.427911132015822e-15,-130.5402610428477,0.0,-7.292113023867705e-05,0.0,0.5000000000676303,-0.5000000000676303,-0.49999999994238326,0.49999999994238314,6380617.913488816,3100.4148995311825,4.72255891633905e-13,7.451274511724641e-20,0.00048591134861902027,2481.6667523585884,0.0,-1.1100173670735297e-16,0.00048591159912297,1.5707963267948966,-4.974686271667538e-21,3.6442405237275927e-05,8.099119404434572e-21,-4.9786217274781e-21,3.6442405237275927e-05,1.2144288719488427e-20,330.63565715063237,0.9587415633972409,74864.08887897154,272.02546168532814,0.8066804673241863,-0.5114394082231671,1.2852219086597305e-17,266.71732685505714,34101.544397711456,9.772623288989674,3.6877735145873654e-14,232.52495567068692,-130.6532630339711,-54.246360884906366,-7.994887956507165e-16,30.4457766468421,0.0,0.0,0.0,-0.379034272520689,-5.586248535470477e-18,-0.21273303156957193,0.0,0.0,0.0,0.0,0.0,0.0,0.0,0.0,0.5,0.0,0.0,1.0,0.0,0.0,0.0
11.9,232.2155216263795,3.2673902049681813e-15,-129.35921731676427,0.0,-7.292113023867705e-05,0.0,0.5000000000774251,-0.5000000000774251,-0.49999999995111666,0.49999999995111655,6380630.908372485,3123.6550052771463,4.770257092752046e-13,7.526517461751294e-20,0.0004895526477620482,2494.6729694244764,0.0,-1.1100138853902529e-16,0.0004895529004069585,1.5707963267948966,-3.6254695080304086e-21,3.638390569886603e-05,8.098817302728014e-21,-3.6294343072761956e-21,3.638390569886603e-05,1.2137480385350672e-20,330.5843235358137,0.9574738183162997,74741.81641733677,271.94098706740743,0.8040776255942517,-0.5082514296015355,1.2291943460782208e-17,265.8154583517524,33826.52670128565,9.772583175942337,3.686572502824668e-14,232.1521656492427,-129.4728835961679,-53.90488600808926,-7.584696380691574e-16,30.028546770902135,0.0,0.0,0.0,-0.37664829345394435,-5.299636377535588e-18,-0.20981773144766452,0.0,0.0,0.0,0.0,0.0,0.0,0.0,0.0,0.5,0.0,0.0,1.0,0.0,0.0,0.0
12.0,231.8449632411432,3.1065643277949276e-15,-128.18100772907144,0.0,-7.292113023867705e-05,0.0,0.5000000000873712,-0.5000000000873712,-0.4999999999600014,0.4999999999600013,6380643.78550154,3146.8580093846967,4.818042708409746e-13,7.601898206075345e-20,0.0004931881264698797,2507.5614980580285,0.0,-1.110010383464869e-16,0.0004931883812563917,1.5707963267948966,-2.276140135570335e-21,3.6325774125175355e-05,8.09851156429329e-21,-2.280134227217398e-21,3.6325774125175355e-05,1.2130709226007884e-20,330.5334370622975,0.9562204165925645,74621.01187363082,271.8572776012366,0.8014914368317075,-0.5050469117702673,1.172643672930348e-17,264.91971939198356,33554.94948055818,9.772543426104784,3.685459503452732e-14,231.78171768558377,-128.29533538966467,-53.56729217721571,-7.177651681016785e-16,29.615952818657657,0.0,0.0,0.0,-0.37428943232473205,-5.0152230286807635e-18,-0.2069348238021687,0.0,0.0,0.0,0.0,0.0,0.0,0.0,0.0,0.5,0.0,0.0,1.0,0.0,0.0,0.0
12.100000000000001,231.47672401351332,2.946027877834473e-15,-127.00561430396334,0.0,-7.292113023867705e-05,0.0,0.5000000000973372,-0.5000000000973372,-0.49999999996890593,0.4999999999689058,6380656.544594632,3170.023968188052,4.86577824301524e-13,7.677199768117418e-20,0.0004968177937596754,2520.332056940223,0.0,-1.1100068830056339e-16,0.0004968180506881397,1.5707963267948966,-3.616005553697366e-21,3.626800816757242e-05,8.098873431906333e-21,-3.620029220140807e-21,3.626800816757242e-05,1.2124646302346383e-20,330.48300424046255,0.9549804921459342,74501.56542110989,271.7743348737055,0.7989219179028219,-0.5018257402305182,1.1157917543084923e-17,264.03011599340397,33286.755437327774,9.77250404033917,3.6843747414307486e-14,231.4135968111848,-127.12060045232545,-53.233502266258675,-6.775087453448768e-16,29.20792341416822,0.0,0.0,0.0,-0.37195715023224707,-4.733940309158186e-18,-0.20408380990971908,0.0,0.0,0.0,0.0,0.0,0.0,0.0,0.0,0.5,0.0,0.0,1.0,0.0,0.0,0.0
12.200000000000001,231.11076714788314,2.7864206138336422e-15,-125.83299262617817,0.0,-7.292113023867705e-05,0.0,0.5000000001071804,-0.5000000001071804,-0.4999999999776876,0.4999999999776875,6380669.186496376,3193.153289644899,4.913315422101224e-13,7.75218820677173e-20,0.0005004417138080485,2532.9854900787273,0.0,-1.1100034074785451e-16,0.0005004419728784915,1.5707963267948966,-4.955983145432067e-21,3.621060203579127e-05,8.099238800436606e-21,-4.960036344405129e-21,3.621060203579127e-05,1.2118626950962023e-20,330.43303396547617,0.9537519397210198,74383.21447699322,271.6921528590559,0.7963689119581645,-0.4985879610101975,1.0588846873407883e-17,263.1465961392841,33021.81799855093,9.772465016034808,3.683253367305406e-14,231.04776615228604,-125.94863440980649,-52.90334291149987,-6.378373805839925e-16,28.804312334047932,0.0,0.0,0.0,-0.36965023583641476,-4.456745551081269e-18,-0.2012636680672227,0.0,0.0,0.0,0.0,0.0,0.0,0.0,0.0,0.5,0.0,0.0,1.0,0.0,0.0,0.0
12.3,230.74706742455717,2.6284286095740706e-15,-124.66311240415153,0.0,-7.292113023867705e-05,0.0,0.5000000001167476,-0.5000000001167476,-0.49999999998619354,0.49999999998619343,6380681.71148177,3216.2462005383563,4.960495244675429e-13,7.826612657764069e-20,0.0005040599223684977,2545.5220721922815,0.0,-1.1099999820104077e-16,0.0005040601835805207,1.5707963267948966,-6.296181582468241e-21,3.615355176431137e-05,8.099607501245164e-21,-6.3002642719393625e-21,3.615355176431137e-05,1.2112650653084337e-20,330.3835251524334,0.9525347326447142,74265.95647176297,271.61072977303377,0.7938323735293034,-0.4953335418118081,1.0021875353507628e-17,262.2691379467345,32760.09876181015,9.77242635233801,3.682026187222245e-14,230.68420044967817,-124.77940699706501,-52.576773234860724,-5.988994638676345e-16,28.405059551918193,0.0,0.0,0.0,-0.3673684035108352,-4.184675596612445e-18,-0.19847397885383045,0.0,0.0,0.0,0.0,0.0,0.0,0.0,0.0,0.5,0.0,0.0,1.0,0.0,0.0,0.0
12.4,230.3856106013674,2.472800532243198e-15,-123.49595675129319,0.0,-7.292113023867705e-05,0.0,0.5000000001258724,-0.5000000001258724,-0.49999999999425687,0.49999999999425676,6380694.119262728,3239.3027518578247,5.007144210627635e-13,7.90019938156374e-20,0.0005076724276197496,2557.9415152240545,0.0,-1.1099966339849984e-16,0.0005076726909729002,1.5707963267948966,-6.2920908929653494e-21,3.6096855118264306e-05,8.09963818969705e-21,-6.29620285790474e-21,3.6096855118264306e-05,1.2106375913862104e-20,330.33446067632804,0.9513319069957291,74150.17230060666,271.5300682975912,0.7913123814481036,-0.49206237129533026,9.459909234586509e-18,261.39774914463794,32501.67785525496,9.772388050131866,3.680618021075539e-14,230.32288545936603,-123.61290134027536,-52.25393517097537,-5.608582645021486e-16,28.010214898549414,0.0,0.0,0.0,-0.3651126449919108,-3.918871253388319e-18,-0.19571509045086738,0.0,0.0,0.0,0.0,0.0,0.0,0.0,0.0,0.5,0.0,0.0,1.0,0.0,0.0,0.0
12.5,230.0263613360282,2.320310578764936e-15,-122.3314832180488,0.0,-7.292113023867705e-05,0.0,0.5000000001343811,-0.5000000001343811,-0.5000000000017041,0.500000000001704,6380706.410669165,3262.323339654162,5.053082666400382e-13,7.972664933308704e-20,0.0005112792918655199,2570.2446484987936,0.0,-1.1099933918167508e-16,0.0005112795573586733,1.5707963267948966,-6.28844779915103e-21,3.604050653587871e-05,8.09966820888693e-21,-6.2925889937475414e-21,3.604050653587871e-05,1.2100139559545252e-20,330.2858454944908,0.9501420262489009,74035.68372022246,271.45016268078126,0.7888087946234278,-0.48877449972834747,8.90602950454966e-18,260.53238005218327,32246.4546505003,9.772350106851302,3.678950616193265e-14,229.96378576295635,-122.44907502915805,-51.93469548592531,-5.238735858795664e-16,27.61965641272051,0.0,0.0,0.0,-0.36288202933753705,-3.660449111747064e-18,-0.19298615068167208,0.0,0.0,0.0,0.0,0.0,0.0,0.0,0.0,0.5,0.0,0.0,1.0,0.0,0.0,0.0
12.600000000000001,229.66929549228104,2.1717885216620325e-15,-121.16966303327659,0.0,-7.292113023867705e-05,0.0,0.5000000001420879,-0.5000000001420879,-0.5000000000083495,0.5000000000083494,6380718.585965409,3285.3081821244136,5.098118086754518e-13,8.043705560796213e-20,0.0005148805495099949,2582.4317360688,0.0,-1.1099902859199106e-16,0.000514880817141728,1.5707963267948966,-6.2853836726366274e-21,3.598450222195689e-05,8.099697379380194e-21,-6.2895540512576604e-21,3.598450222195689e-05,1.2093941096759752e-20,330.23768886113135,0.9489633687040595,73922.27501987352,271.3710107503216,0.7863215482253352,-0.48546989871759494,8.363551202624233e-18,259.6730107876413,31994.33439073442,9.772312521675772,3.6769404405240975e-14,229.60687718610046,-121.28789931786898,-51.61892185590543,-4.881165405542536e-16,27.233276237533932,0.0,0.0,0.0,-0.3606756319648221,-3.410604782260617e-18,-0.1902864059203786,0.0,0.0,0.0,0.0,0.0,0.0,0.0,0.0,0.5,0.0,0.0,1.0,0.0,0.0,0.0
12.700000000000001,229.31439956721707,2.028139396945796e-15,-120.01048042159864,0.0,-7.292113023867705e-05,0.0,0.5000000001487903,-0.5000000001487903,-0.5000000000139905,0.5000000000139904,6380730.644856483,3308.257324788942,5.142040506751362e-13,8.112989997516614e-20,0.0005184762078741564,2594.502482990424,0.0,-1.1099873494301625e-16,0.0005184764776425915,1.5707963267948966,-6.2830415267586965e-21,3.5928840057823006e-05,8.099725504384857e-21,-6.287241043720247e-21,3.5928840057823006e-05,1.2087780210147978e-20,330.18999194170414,0.9477959628862778,73809.94894420047,271.2926144217937,0.7838506821403639,-0.482148460587514,7.836105103885429e-18,258.81965079339574,31745.295850661805,9.77227529550974,3.674496700588726e-14,229.25214622489827,-120.12935844296014,-51.306592562304495,-4.537744853911621e-16,26.8510375019439,0.0,0.0,0.0,-0.35849330111984423,-3.170647378975531e-18,-0.1876155985388293,0.0,0.0,0.0,0.0,0.0,0.0,0.0,0.0,0.5,0.0,0.0,1.0,0.0,0.0,0.0
12.8,228.96163965619706,1.89026976074239e-15,-118.85389487717136,0.0,-7.292113023867705e-05,0.0,0.5000000001542845,-0.5000000001542845,-0.5000000000184234,0.5000000000184233,6380742.588157756,3331.1711519159953,5.184639378758448e-13,8.18018606110411e-20,0.0005220663274085544,2606.457704052329,0.0,-1.1099846156337669e-16,0.0005220665993113438,1.5707963267948966,-6.281565052141672e-21,3.587351470770148e-05,8.099752385489054e-21,-6.285793662133042e-21,3.587351470770148e-05,1.2081656225153218e-20,330.14273663956885,0.9466421693811082,73699.00424162246,271.21496906287103,0.7813961164956784,-0.4788102402470535,7.32740980527249e-18,257.9722526677836,31499.370092283807,9.77223842583329,3.6715279470712e-14,228.8995589004985,-118.97341193632583,-50.9977850100068,-4.210297739916267e-16,26.472932756834243,0.0,0.0,0.0,-0.356335577651861,-2.9418510567566865e-18,-0.18497367648799665,0.0,0.0,0.0,0.0,0.0,0.0,0.0,0.0,0.5,0.0,0.0,1.0,0.0,0.0,0.0
12.9,228.61099270639932,1.7591530843156762e-15,-117.69987914927546,0.0,-7.292113023867705e-05,0.0,0.5000000001583517,-0.5000000001583517,-0.5000000000214291,0.500000000021429,6380754.41612289,3354.049873116546,5.225688653289738e-13,8.244937112472208e-20,0.0005256509411682687,2618.297652646899,0.0,-1.1099821202323099e-16,0.0005256512152025522,1.5707963267948966,-6.281108260122975e-21,3.581852254668347e-05,8.099777808566427e-21,-6.285365917974847e-21,3.581852254668347e-05,1.207556864954054e-20,330.09592443106703,0.9455015574290511,73589.38753817935,271.13807291800225,0.7789578103533358,-0.4754552136722542,6.841471712328566e-18,257.13079850138416,31256.50750925265,9.772201911858977,3.6679363088678615e-14,228.54909212328462,-117.82003257140722,-50.69243884587125,-3.900764311090014e-16,26.098893387877176,0.0,0.0,0.0,-0.3542020398568436,-2.7255715200244113e-18,-0.18236016034066396,0.0,0.0,0.0,0.0,0.0,0.0,0.0,0.0,0.5,0.0,0.0,1.0,0.0,0.0,0.0
13.0,228.2624459698491,1.6358528514756563e-15,-116.54841859574229,0.0,-7.292113023867705e-05,0.0,0.5000000001607533,-0.5000000001607533,-0.5000000000227692,0.5000000000227691,6380766.128449856,3376.8935283177,5.264941415562948e-13,8.306853593994368e-20,0.0005292300555972255,2630.0220267828554,0.0,-1.1099799021897742e-16,0.0005292303317595771,1.5707963267948966,-6.281839137062246e-21,3.576386157471539e-05,8.099801538605168e-21,-6.286125797517865e-21,3.576386157471539e-05,1.2069517161588667e-20,330.0495691751956,0.9443720794450001,73480.84084708084,271.0619273870607,0.7765357783460162,-0.4720832773914903,6.38268307859677e-18,256.29529944843745,31016.61866273787,9.772165754513141,3.6636151708196957e-14,228.20073314501775,-116.66920571720195,-50.39042143222453,-3.61125534807583e-16,25.728825437803554,0.0,0.0,0.0,-0.3520917609588168,-2.5232836293820865e-18,-0.1797743935914993,0.0,0.0,0.0,0.0,0.0,0.0,0.0,0.0,0.5,0.0,0.0,1.0,0.0,0.0,0.0
13.100000000000001,227.91596696387867,1.521405898575915e-15,-115.3994746324421,0.0,-7.292113023867705e-05,0.0,0.5000000001612555,-0.5000000001612555,-0.50000000002221,0.5000000000222099,6380777.725939637,3399.7024901293153,5.302156708885751e-13,8.365555351913533e-20,0.0005328037293125307,2641.6316268714145,0.0,-1.1099779995876604e-16,0.0005328040075991015,1.5707963267948966,-6.283921890572856e-21,3.5709526679520336e-05,8.099823344900409e-21,-6.288237508707915e-21,3.5709526679520336e-05,1.2063501094236653e-20,330.0036677073279,0.9432536583206306,73373.35675795359,270.9865272716676,0.7741299111938795,-0.46869449137709407,5.955416913720325e-18,255.46571032650132,30779.655796533043,9.772129951320524,3.658460093568573e-14,227.85444941056716,-115.52089282588356,-50.091681337691725,-3.3437699254639476e-16,25.362656576962635,0.0,0.0,0.0,-0.35000438159259073,-2.3363841933356884e-18,-0.17721587085330054,0.0,0.0,0.0,0.0,0.0,0.0,0.0,0.0,0.5,0.0,0.0,1.0,0.0,0.0,0.0
13.200000000000001,227.57153371910337,1.416929395621422e-15,-114.25302152907813,0.0,-7.292113023867705e-05,0.0,0.5000000001596066,-0.5000000001596066,-0.5000000000194997,0.5000000000194996,6380789.208835224,3422.476959576291,5.337074959525218e-13,8.420632861180469e-20,0.00053637199402036,2653.1266956413165,0.0,-1.1099764534147996e-16,0.0005363722744262362,1.5707963267948966,-6.287533172653675e-21,3.5655514406445144e-05,8.099842977828915e-21,-6.291877703645872e-21,3.5655514406445144e-05,1.205751995524053e-20,329.9582118516378,0.9421474485464543,73267.08076038855,270.9118713147038,0.7717401962417979,-0.4652888364663377,5.564397511926173e-18,254.6420151659757,30545.624293455632,9.772094501526789,3.6523588661172487e-14,227.51021891492312,-114.37506819026426,-49.79624610443757,-3.1004653237547423e-16,25.000365754269144,0.0,0.0,0.0,-0.34794009420286054,-2.1663805632203928e-18,-0.17468444503633376,0.0,0.0,0.0,0.0,0.0,0.0,0.0,0.0,0.5,0.0,0.0,1.0,0.0,0.0,0.0
13.3,227.22913425815702,1.323647353195729e-15,-113.10904579868786,0.0,-7.292113023867705e-05,0.0,0.5000000001555313,-0.5000000001555313,-0.5000000000143631,0.500000000014363,6380800.576827385,3445.2169708682545,5.369411817840322e-13,8.471637508803305e-20,0.0005399348552682687,2664.5069239002964,0.0,-1.1099753085398826e-16,0.0005399351377882938,1.5707963267948966,-6.292866271193437e-21,3.5601822876488825e-05,8.099860162835533e-21,-6.297239670094207e-21,3.5601822876488825e-05,1.2051573415366555e-20,329.9131909983078,0.9410554112665703,73162.25796074497,270.83796204784073,0.7693667104370255,-0.4618662139649912,5.214815460720141e-18,253.82422682711277,30314.56698944399,9.772059406080626,3.645188843322684e-14,227.16802968107277,-113.23171833385398,-49.50419761995925,-2.8837041159665676e-16,24.641968762604062,0.0,0.0,0.0,-0.3458994709601351,-2.0149235339110642e-18,-0.1721802264898105,0.0,0.0,0.0,0.0,0.0,0.0,0.0,0.0,0.5,0.0,0.0,1.0,0.0,0.0,0.0
13.4,226.8887375046689,1.2427248089049902e-15,-111.96751075685849,0.0,-7.292113023867705e-05,0.0,0.5000000001487666,-0.5000000001487666,-0.5000000000065368,0.5000000000065367,6380811.830702869,3467.922885080895,5.398896403094016e-13,8.518141935609518e-20,0.0005434923698596335,2675.773097835481,0.0,-1.1099746077630684e-16,0.0005434926544879754,1.5707963267948966,-6.300105584199194e-21,3.554844719837719e-05,8.099874636625048e-21,-6.304507806349897e-21,3.554844719837719e-05,1.2045660813905695e-20,329.86862135060096,0.9399743185451507,73058.48571063869,270.76479351053615,0.7670093048378258,-0.458426689350413,4.911714075381614e-18,253.012302283426,30086.335487513086,9.772024662550937,3.636832802412198e-14,226.8278505617898,-112.09080660720886,-49.2153194874717,-2.6956449632035314e-16,24.287311657991427,0.0,0.0,0.0,-0.3438809998404435,-1.8835214214087527e-18,-0.16970213956474733,0.0,0.0,0.0,0.0,0.0,0.0,0.0,0.0,0.5,0.0,0.0,1.0,0.0,0.0,0.0
13.5,226.5503225726912,1.1754226314952835e-15,-110.82839219371581,0.0,-7.292113023867705e-05,0.0,0.5000000001390277,-0.5000000001390277,-0.4999999999957365,0.4999999999957364,6380822.970693998,3490.594894653038,5.425235617306489e-13,8.55968373138583e-20,0.0005470445681519219,2686.925449510105,0.0,-1.1099743973603563e-16,0.0005470448548817903,1.5707963267948966,-6.30945040529797e-21,3.5495384087680604e-05,8.09988611326924e-21,-6.313881406100361e-21,3.5495384087680604e-05,1.203978165747088e-20,329.8245019904615,0.9389041481135993,72955.76187254509,270.6923641956479,0.7646679550692532,-0.4549702488394925,4.660561490856848e-18,252.20622746878104,29860.898688716374,9.771990270216497,3.6271641916670856e-14,226.4896606365468,-110.95230882259594,-48.92957888414558,-2.538638379184156e-16,23.936344459211618,0.0,0.0,0.0,-0.3418844515016318,-1.773816594423205e-18,-0.16724983502858917,0.0,0.0,0.0,0.0,0.0,0.0,0.0,0.0,0.5,0.0,0.0,1.0,0.0,0.0,0.0
13.600000000000001,226.21387560380185,1.1177505972854775e-15,-109.69167446870276,0.0,-7.292113023867705e-05,0.0,0.4999999991369403,-0.4999999991369403,-0.4999999989925878,0.4999999989925877,6380833.996507784,3513.2330437542632,5.449332140871365e-13,8.59768712882292e-20,0.0005505914572513882,2697.9636859881384,0.0,-1.1099745393124721e-16,0.0005505917438967755,1.5707963267948966,-6.3202717141826466e-21,3.5442631370971425e-05,8.099895413597686e-21,-6.3247314494985805e-21,3.5442631370971425e-05,1.2033936028650857e-20,329.7808340767615,0.9378449280818153,72854.08914468551,270.6206760056584,0.7623427039585985,-0.45149679183010066,4.4459956094346035e-18,251.40601308583902,29638.238192253673,9.77195622997601,3.6165815333223266e-14,226.15344515463968,-109.81620891397779,-48.646956919035425,-2.4037077129843543e-16,23.58903404281656,0.0,0.0,0.0,-0.33990969394745824,-1.67953681957843e-18,-0.16482308143867624,0.0,0.0,0.0,0.0,0.0,0.0,0.0,0.0,0.5,0.0,0.0,1.0,0.0,0.0,0.0
13.700000000000001,225.87935963434487,1.0560921205319206e-15,-108.55731362207788,0.0,-7.292113023867705e-05,0.0,0.49999999473663437,-0.49999999473663437,-0.49999999459122035,0.49999999459122024,6380844.908981592,3535.8377249798536,5.474286408056449e-13,8.637043851629133e-20,0.0005541330988895913,2708.8886441032714,0.0,-1.1099745552056852e-16,0.0005541333778898816,1.5707963267948966,-3.6409720717161056e-21,3.5390183235228265e-05,8.099174435805836e-21,-3.6454600942712905e-21,3.5390183235228265e-05,1.2027393481842073e-20,329.7375937477832,0.936799917468133,72753.87815733004,270.5497244134596,0.7600334694223854,-0.4480063691961755,4.214056637079876e-18,250.61160769202965,29418.412740238167,9.77192253924248,3.606445044439565e-14,225.81916491846664,-108.6824619204459,-48.36757538053693,-2.2614131939000006e-16,23.245393916992,0.0,0.0,0.0,-0.33795757814700544,-1.5801117177927984e-18,-0.16242197318042492,0.0,0.0,0.0,0.0,0.0,0.0,0.0,0.0,0.5,0.0,0.0,1.0,0.0,0.0,0.0
13.8,225.54675402331372,9.899222617490562e-16,-107.42528578736722,0.0,-7.292113023867705e-05,0.0,0.4999999872502527,-0.4999999872502527,-0.4999999871037773,0.4999999871037772,6380855.708345078,3558.4091267767812,5.500220439153643e-13,8.677946411551481e-20,0.0005576695227945907,2719.7005532635376,0.0,-1.1099744244350158e-16,0.0005576697871415221,1.5707963267948966,-2.3056243520541405e-21,3.5338036434887665e-05,8.098814612773856e-21,-2.3101408160412445e-21,3.5338036434887665e-05,1.2021245018673873e-20,329.6947962004087,0.9357664774782017,72654.79897633247,270.47950721782746,0.7577401911510696,-0.44449896940228567,3.962494526494528e-18,249.82299789441063,29201.308920643147,9.771889197303096,3.596806708246948e-14,225.4867995494058,-107.55104417670749,-48.09126593430726,-2.1107204557306068e-16,22.905308521244454,0.0,0.0,0.0,-0.3360269279018312,-1.4748185488973353e-18,-0.16004570280082148,0.0,0.0,0.0,0.0,0.0,0.0,0.0,0.0,0.5,0.0,0.0,1.0,0.0,0.0,0.0
13.9,225.21604766387946,9.194779117608759e-16,-106.29557882345046,0.0,-7.292113023867705e-05,0.0,0.49999997711413063,-0.49999997711413063,-0.49999997696659376,0.49999997696659365,6380866.394281075,3580.9472754112367,5.527082530609254e-13,8.720313227729866e-20,0.0005612007332680141,2730.399096346771,0.0,-1.1099741532246689e-16,0.0005612009768014334,1.5707963267948966,-3.659026202575776e-21,3.528618922794956e-05,8.099189998941295e-21,-3.6635714757801686e-21,3.528618922794956e-05,1.2015864524422711e-20,329.65244739802273,0.9347438734133389,72556.75866995909,270.4100262703353,0.7554629143024654,-0.44097450168468116,3.692083516664158e-18,249.04019892405722,28986.886093228513,9.771856205131279,3.587642591310379e-14,225.1563383481087,-106.42194377845728,-47.817972434067975,-1.9522416751588146e-16,22.56872784537918,0.0,0.0,0.0,-0.3341173509024153,-1.3640850576103485e-18,-0.15769392086485362,0.0,0.0,0.0,0.0,0.0,0.0,0.0,0.0,0.5,0.0,0.0,1.0,0.0,0.0,0.0
14.0,224.88721142015345,8.450302772881823e-16,-105.16815861739293,0.0,-7.292113023867705e-05,0.0,0.49999996477072417,-0.49999996477072417,-0.4999999646221259,0.4999999646221258,6380876.967556182,3603.4525137693577,5.554813523790828e-13,8.764050957707174e-20,0.0005647267842501683,2740.9850394111127,0.0,-1.1099737490028917e-16,0.000564727001698667,1.5707963267948966,-5.011770240595467e-21,3.5234637028445404e-05,8.099569554767773e-21,-5.016344286086672e-21,3.5234637028445404e-05,1.2010520478953683e-20,329.610544308283,0.9337320320510354,72459.75021813487,270.3412765958716,0.7532015425471554,-0.4374330400643038,3.4037652054268736e-18,248.26317071346543,28775.102568484344,9.771823560358595,3.5789248846739006e-14,224.82775251974917,-105.29512686658263,-47.54765000469507,-1.7866401360844184e-16,22.235588174680675,0.0,0.0,0.0,-0.3322285335938999,-1.2483746986711646e-18,-0.15536618218024587,0.0,0.0,0.0,0.0,0.0,0.0,0.0,0.0,0.5,0.0,0.0,1.0,0.0,0.0,0.0
14.100000000000001,224.5602254807568,7.668224054946275e-16,-104.04300250309633,0.0,-7.292113023867705e-05,0.0,0.4999999506287016,-0.4999999506287016,-0.499999950479042,0.4999999504790419,6380887.428391594,3625.925023201002,5.583360370700634e-13,8.809075900847086e-20,0.0005682477043538721,2751.4586034072563,0.0,-1.1099732183557361e-16,0.0005682478912826173,1.5707963267948966,-6.3638951502688526e-21,3.518337672122074e-05,8.099953220888186e-21,-6.3684979313583994e-21,3.518337672122074e-05,1.2005212502315394e-20,329.56908267811224,0.9327314787437817,72363.83997407701,270.2732569084408,0.7509560646493757,-0.4338745784117929,3.0983737297537833e-18,247.4919013580599,28565.946773064912,9.771791262298509,3.570628824888802e-14,224.50102259674014,-104.17057099469037,-47.28029648076231,-1.6145152420584905e-16,21.905856188751596,0.0,0.0,0.0,-0.33036046084585513,-1.1281062918590662e-18,-0.15306225392819967,0.0,0.0,0.0,0.0,0.0,0.0,0.0,0.0,0.5,0.0,0.0,1.0,0.0,0.0,0.0
14.200000000000001,224.23507888875844,6.850749507307613e-16,-102.92009872350353,0.0,-7.292113023867705e-05,0.0,0.49999993507263996,-0.49999993507263996,-0.4999999349219189,0.4999999349219188,6380897.776468347,3648.3648278226037,5.612674875313685e-13,8.855312012347126e-20,0.0005717634975433619,2761.8194694183767,0.0,-1.1099725671833298e-16,0.0005717636503200464,1.5707963267948966,-5.0259143740779324e-21,3.5132406588020076e-05,8.09959249395696e-21,-5.0305454262909796e-21,3.5132406588020076e-05,1.1999191923218018e-20,329.52804652861596,0.9317450327721042,72269.37981220002,270.20597003937775,0.7487265777234793,-0.43029903033469585,2.776655140541954e-18,246.72640683132232,28359.487669786864,9.771759311930113,3.562732106475236e-14,224.1761379769806,-103.04826459700408,-47.01603663382523,-1.4364193402963926e-16,21.579566240929665,0.0,0.0,0.0,-0.32851400447152357,-1.003665777394813e-18,-0.1507823761449526,0.0,0.0,0.0,0.0,0.0,0.0,0.0,0.0,0.5,0.0,0.0,1.0,0.0,0.0,0.0
14.3,223.91174323141368,6.000358506292531e-16,-101.79941420559076,0.0,-7.292113023867705e-05,0.0,0.49999991848141206,-0.49999991848141206,-0.4999999183296296,0.4999999183296295,6380908.012544841,3670.7722631231563,5.642702921479872e-13,8.902673907599078e-20,0.0005752742165936767,2772.0683953144276,0.0,-1.109971802399288e-16,0.0005752743324011334,1.5707963267948966,-3.687361612427686e-21,3.5081722156750975e-05,8.099229021634752e-21,-3.6920208906336826e-21,3.5081722156750975e-05,1.1993199918826221e-20,329.4874537389018,0.930769244488255,72175.94020993442,270.1394101462119,0.7465129402326173,-0.42670647449966337,2.439497472689204e-18,245.96664814543882,28155.581200604247,9.771727706910506,3.555209265026927e-14,223.85307052664297,-101.92817480385804,-46.75465540789746,-1.2529276870807158e-16,21.25657664531971,0.0,0.0,0.0,-0.32668766181546416,-8.754551026957582e-19,-0.14852555883210988,0.0,0.0,0.0,0.0,0.0,0.0,0.0,0.0,0.5,0.0,0.0,1.0,0.0,0.0,0.0
14.4,223.5901991318528,5.119284905996069e-16,-100.68092699196569,0.0,-7.292113023867705e-05,0.0,0.4999999012062813,-0.4999999012062813,-0.49999990105343745,0.49999990105343733,6380918.136837295,3693.147505701063,5.673395716506504e-13,8.951084601676984e-20,0.0005787798893698282,2782.2055970774963,0.0,-1.1099709301722629e-16,0.0005787799661613819,1.5707963267948966,-2.348272521213631e-21,3.503132038074297e-05,8.098862785354857e-21,-2.3529599804807785e-21,3.503132038074297e-05,1.1987236155668644e-20,329.44730345353213,0.929804093328832,72083.51919816848,270.0735758262848,0.7443151354441528,-0.423096909411237,2.0876923158225917e-18,245.21261429172668,27954.20032834601,9.771696446568676,3.548037514280234e-14,223.53180115618483,-100.81027983191319,-46.496124272141735,-1.0645677140496054e-16,20.936842989670957,0.0,0.0,0.0,-0.32488123352485443,-7.438427987822461e-19,-0.14629149166903635,0.0,0.0,0.0,0.0,0.0,0.0,0.0,0.0,0.5,0.0,0.0,1.0,0.0,0.0,0.0
14.5,223.27043578932907,4.2095700406067767e-16,-99.5646257198876,0.0,-7.292113023867705e-05,0.0,0.4999998835792359,-0.4999998835792359,-0.49999988342533064,0.4999998834253305,6380928.149024877,3715.4905774542644,5.70470863346132e-13,9.000473682694873e-20,0.0005822805194879637,2792.230753924077,0.0,-1.1099699560723092e-16,0.000582280555960323,1.5707963267948966,-6.38780820561871e-21,3.4981199566457546e-05,8.10001164132537e-21,-6.3925246846341616e-21,3.4981199566457546e-05,1.1982818322798303e-20,329.4075969430302,0.9288496098352581,71992.11970148994,270.0084691628699,0.7421332233102108,-0.4194702534098701,1.7219531742807292e-18,244.46432197680153,27755.330302082464,9.77166553188961,3.541196205484223e-14,223.21231936755865,-99.69456846777737,-46.24042854598623,-8.718255721482968e-17,20.620336638193443,0.0,0.0,0.0,-0.3230946170224935,-6.091685527168862e-19,-0.1440799745695762,0.0,0.0,0.0,0.0,0.0,0.0,0.0,0.0,0.5,0.0,0.0,1.0,0.0,0.0,0.0
14.600000000000001,222.95242550795527,3.2734634401525064e-16,-98.45047834599036,0.0,-7.292113023867705e-05,0.0,0.4999998659163963,-0.4999998659163963,-0.49999986576142963,0.4999998657614295,6380938.049857861,3737.801806543349,5.736592537112536e-13,9.050763626437869e-20,0.0005857761585687932,2802.144615608578,0.0,-1.1099688865044924e-16,0.0005857761541479233,1.5707963267948966,-5.047774693167225e-21,3.493135535466909e-05,8.099646486039937e-21,-5.052519272771129e-21,3.493135535466909e-05,1.1976916857138106e-20,329.3683262614449,0.927906523908289,71901.83502573798,269.94408550582006,0.7399671235944121,-0.4158265900380109,1.3431113769294862e-18,243.72173325669527,27558.956532515258,9.771634960555698,3.534662190335115e-14,222.89459768377756,-98.5810088258711,-45.987566535667575,-6.752076315635362e-17,20.30701613631779,0.0,0.0,0.0,-0.3213278004735899,-4.717861793035265e-19,-0.14189071787922927,0.0,0.0,0.0,0.0,0.0,0.0,0.0,0.0,0.5,0.0,0.0,1.0,0.0,0.0,0.0
14.700000000000001,222.63614934537102,2.313002341186842e-16,-97.33846362158764,0.0,-7.292113023867705e-05,0.0,0.4999998485116208,-0.4999998485116208,-0.49999984835559275,0.49999984835559264,6380947.839547491,3760.081364815267,5.769002890072499e-13,9.101884163402245e-20,0.00058926683372964,2811.9473931426182,0.0,-1.1099677272201067e-16,0.0005892667885336168,1.5707963267948966,-6.396897457370976e-21,3.488178476717284e-05,8.10004407297831e-21,-6.40167054405261e-21,3.488178476717284e-05,1.1971808202607517e-20,329.32947777928365,0.9269768754616172,71812.92069839533,269.8804240477901,0.7378168502669888,-0.41216592273232566,9.51912209943195e-19,242.98483799518334,27365.113542948486,9.771604731911463,3.528414659900768e-14,222.57861739462652,-97.46957979009358,-45.737612056319875,-4.7517532115798325e-17,19.9968823588304,0.0,0.0,0.0,-0.3195812996448273,-3.320180916043984e-19,-0.13972372771036923,0.0,0.0,0.0,0.0,0.0,0.0,0.0,0.0,0.5,0.0,0.0,1.0,0.0,0.0,0.0
14.8,222.32159666330006,1.3300600239989061e-16,-96.2285705885084,0.0,-7.292113023867705e-05,0.0,0.49999983164347855,-0.49999983164347855,-0.49999983148638905,0.49999983148638893,6380957.517770993,3782.3292718807206,5.801898696065694e-13,9.153770611490916e-20,0.0005927525482278628,2821.638763806162,0.0,-1.1099664834531388e-16,0.0005927524630449049,1.5707963267948966,-5.0560349593546786e-21,3.48324861361198e-05,8.099676113377883e-21,-5.060836061932551e-21,3.48324861361198e-05,1.1965963905109158e-20,329.29107080340003,0.9260577923086842,71725.01686699806,269.81748609121536,0.7356824245783777,-0.4084881749394982,5.490321738507984e-19,242.25365362042524,27173.700661909206,9.771574846947988,3.522434650903569e-14,222.26436811286402,-96.36027051326454,-45.49040677059389,-2.7215326344375848e-17,19.689843228214475,0.0,0.0,0.0,-0.3178540081895126,-1.901609850703158e-19,-0.13757836069201182,0.0,0.0,0.0,0.0,0.0,0.0,0.0,0.0,0.5,0.0,0.0,1.0,0.0,0.0,0.0
14.9,222.00874047642645,3.266590169002129e-17,-95.1207682227909,0.0,-7.292113023867705e-05,0.0,0.4999998155661676,-0.4999998155661676,-0.4999998154080167,0.4999998154080166,6380967.085270586,3804.545848640637,5.835235739214641e-13,9.206353209448589e-20,0.0005962333525407773,2831.21946930637,0.0,-1.1099651611061851e-16,0.0005962332287909859,1.5707963267948966,-6.404421531202224e-21,3.478345521414246e-05,8.100078274756661e-21,-6.409251066739491e-21,3.478345521414246e-05,1.1960919182072477e-20,329.25310239440313,0.9251492041095376,71638.11680402502,269.75526681928136,0.7335637574354446,-0.4047934353106331,1.3524276125694005e-19,241.52814319478858,26984.681081157418,9.77154530337275,3.5167013026630945e-14,221.9518230140986,-95.2530500883843,-45.24591093676198,-6.657650716039628e-18,19.385842004500805,0.0,0.0,0.0,-0.3161456484212428,-4.6518840244508705e-20,-0.13545422036635596,0.0,0.0,0.0,0.0,0.0,0.0,0.0,0.0,0.5,0.0,0.0,1.0,0.0,0.0,0.0
15.0,221.69756227689905,-6.953600610971713e-17,-94.01503598445476,0.0,-7.292113023867705e-05,0.0,0.4999998005161417,-0.4999998005161417,-0.4999998003569293,0.4999998003569292,6380976.5422525415,3826.7312621905144,5.868973737436726e-13,9.259568402923055e-20,0.000599709273038134,2840.689715688117,0.0,-1.1099637655132235e-16,0.0005997091127426622,1.5707963267948966,-6.4076736663103445e-21,3.473468909148434e-05,8.100095953308448e-21,-6.412531367376454e-21,3.473468909148434e-05,1.195551912649611e-20,329.2155717357355,0.9242510913238686,71552.21864058326,269.6937648938861,0.7314608363128983,-0.4010817125194612,-2.8876083943994785e-19,240.80829742905007,26798.030104838344,9.771516100545778,3.511195783697929e-14,221.64096376865703,-94.14789807069053,-45.00409847495019,1.4115650322793528e-17,19.08483744302887,0.0,0.0,0.0,-0.31445603811275163,9.862993874571886e-20,-0.13335101854559256,0.0,0.0,0.0,0.0,0.0,0.0,0.0,0.0,0.5,0.0,0.0,1.0,0.0,0.0,0.0
15.100000000000001,221.38805159519845,-1.7342948281860246e-16,-92.91136333015187,0.0,-7.292113023867705e-05,0.0,0.4999997867177199,-0.4999997867177199,-0.49999978655744615,0.49999978655744604,6380985.88839207,3848.8855297850746,5.903075386677203e-13,9.31335733649203e-20,0.0006031803126078034,2850.0491782166064,0.0,-1.109962301566176e-16,0.0006031801183706913,1.5707963267948966,-2.376148014575922e-21,3.468618612695816e-05,8.098944449350853e-21,-2.3810331365514817e-21,3.468618612695816e-05,1.1948978874672731e-20,329.17847949957076,0.9233635832832693,71467.3376218818,269.63298245093586,0.7293737263096601,-0.3973529355030303,-7.223436788502802e-19,240.0941344588975,26613.737397178767,9.771487239464504,3.50590084492494e-14,221.331780106808,-93.04480399302004,-44.764961118326326,3.5067408307937054e-17,18.786804810209716,0.0,0.0,0.0,-0.3127851195014044,2.4502564559834307e-19,-0.13126858240931957,0.0,0.0,0.0,0.0,0.0,0.0,0.0,0.0,0.5,0.0,0.0,1.0,0.0,0.0,0.0
15.200000000000001,221.0801821502937,-2.788346913188662e-16,-91.80972024507165,0.0,-7.292113023867705e-05,0.0,0.4999997743640089,-0.4999997743640089,-0.4999997742026738,0.49999977420267366,6380995.124423411,3871.008965134324,5.937501328848874e-13,9.367657914447275e-20,0.0006066465205946362,2859.2985906293616,0.0,-1.109960774671248e-16,0.000606646295543518,1.5707963267948966,-5.068466154228877e-21,3.463794218404701e-05,8.099740905712967e-21,-5.073379831851466e-21,3.463794218404701e-05,1.1944415129266793e-20,329.14180300672535,0.9224897794468963,71383.86267146603,269.5729155938916,0.7273023842191294,-0.3936071982555778,-1.16479720783349e-18,239.38561831380952,26431.858358520716,9.771458717861234,3.5007978847835236e-14,221.0242458524273,-91.94373792130683,-44.5286135584044,5.616090541509922e-17,18.491752871631288,0.0,0.0,0.0,-0.3111336939684159,3.9241172275647117e-19,-0.1292069732051156,0.0,0.0,0.0,0.0,0.0,0.0,0.0,0.0,0.5,0.0,0.0,1.0,0.0,0.0,0.0
15.3,220.77393586884287,-3.8558723146345247e-16,-90.71008689793968,0.0,-7.292113023867705e-05,0.0,0.49999976363405746,-0.49999976363405746,-0.49999976347166086,0.49999976347166075,6381004.250547857,3893.1017305823093,5.972215537174167e-13,9.422413297334566e-20,0.0006101079226209234,2868.4381539989263,0.0,-1.1099591897451419e-16,0.0006101076703810293,1.5707963267948966,-2.3812075793763826e-21,3.458995442142495e-05,8.098971244570293e-21,-2.3861488235483427e-21,3.458995442142495e-05,1.1938313515517383e-20,329.1055616014003,0.9216264324492258,71301.388990396,269.5135621321847,0.7252467547573467,-0.3898445149984563,-1.6154801583764511e-18,238.68274052400963,26252.275768618547,9.77143053511153,3.495870049341803e-14,220.71834305753478,-90.84468008614925,-44.294873642108264,7.7362110832823e-17,18.199575150917735,0.0,0.0,0.0,-0.30950048876004577,5.405503875623638e-19,-0.12716544695320017,0.0,0.0,0.0,0.0,0.0,0.0,0.0,0.0,0.5,0.0,0.0,1.0,0.0,0.0,0.0
15.4,220.46930245636975,-4.935342393780756e-16,-89.6124531704841,0.0,-7.292113023867705e-05,0.0,0.4999997546971044,-0.4999997546971044,-0.4999997545336464,0.4999997545336463,6381013.266438537,3915.1638409590287,6.007184461383116e-13,9.4775705533058e-20,0.0006135645211943452,2877.4675415102392,0.0,-1.109957551331717e-16,0.00061356424587275,1.5707963267948966,-6.417927630407738e-21,3.4542221225539355e-05,8.100169778918323e-21,-6.422897604657958e-21,3.4542221225539355e-05,1.1934208183150034e-20,329.0697570799585,0.9207734929505343,71219.90951531015,269.4549241662098,0.7232069023803542,-0.38606482055294405,-2.0738037597032177e-18,237.98551991616776,26074.974897362783,9.771402692219356,3.491101832415321e-14,220.4140615765683,-89.74762041418803,-44.06372522295605,9.863912019577887e-17,17.910244173060807,0.0,0.0,0.0,-0.30788539105637575,6.892187154233725e-19,-0.1251438116781192,0.0,0.0,0.0,0.0,0.0,0.0,0.0,0.0,0.5,0.0,0.0,1.0,0.0,0.0,0.0
15.5,220.16625632984196,-6.025180092001085e-16,-88.51679004679212,0.0,-7.292113023867705e-05,0.0,0.49999974768599537,-0.49999974768599537,-0.49999974752147597,0.49999974752147586,6381022.172821778,3937.1956028523127,6.042373539614792e-13,9.533075154808034e-20,0.0006170163645382139,2886.387478996689,0.0,-1.1099558643468647e-16,0.0006170160706462641,1.5707963267948966,-6.419932597957235e-21,3.4494738569716594e-05,8.100188860289845e-21,-6.424930544342388e-21,3.4494738569716594e-05,1.1928951054865816e-20,329.0343865642294,0.9199308923867067,71139.41769642611,269.3969969823147,0.721182742317006,-0.3822682144912135,-2.5391254791883453e-18,237.29392144589212,25899.92183836289,9.771375186941654,3.4864768630419015e-14,220.11137587726546,-88.65252993851135,-43.835131605283856,1.1996114972593401e-16,17.62370731231091,0.0,0.0,0.0,-0.3062881444546897,8.382016115990993e-19,-0.1231416996692578,0.0,0.0,0.0,0.0,0.0,0.0,0.0,0.0,0.5,0.0,0.0,1.0,0.0,0.0,0.0
15.600000000000001,219.8647798504269,-7.123938025366448e-16,-87.42307840429531,0.0,-7.292113023867705e-05,0.0,0.4999997427223741,-0.4999997427223741,-0.4999997425567933,0.4999997425567932,6381030.969893899,3959.1971738547545,6.077751000396664e-13,9.588876977048396e-20,0.0006204634775274712,2895.1981625612825,0.0,-1.1099541332900491e-16,0.0006204631699580851,1.5707963267948966,-6.421762464328113e-21,3.4447503681044414e-05,8.100208133616485e-21,-6.426788344821544e-21,3.4447503681044414e-05,1.1923721483659507e-20,328.9994492765995,0.919098612233341,71059.91176414765,269.33977930698194,0.7191742659551001,-0.3784547168971569,-3.010861809054818e-18,236.60793743313062,25727.09404781061,9.771348018669498,3.481980264923575e-14,219.81026839443214,-87.55938956902756,-43.6090689583663,1.412997137671071e-16,17.339926191358,0.0,0.0,0.0,-0.30470858244314214,9.873000389598296e-19,-0.12115884277377485,0.0,0.0,0.0,0.0,0.0,0.0,0.0,0.0,0.5,0.0,0.0,1.0,0.0,0.0,0.0
15.700000000000001,219.5648629049778,-8.230264142780805e-16,-86.33130856005134,0.0,-7.292113023867705e-05,0.0,0.49999973991956875,-0.49999973991956875,-0.49999973975292655,0.49999973975292644,6381039.657325871,3981.168566302888,6.113287108807566e-13,9.64492910866584e-20,0.0006239058622789043,2903.89926323543,0.0,-1.1099523623510695e-16,0.0006239055462924996,1.5707963267948966,-2.3888380546755322e-21,3.4400514974577605e-05,8.099027833627871e-21,-2.3938910827328478e-21,3.4400514974577605e-05,1.191731954356097e-20,328.96493744085217,0.9182781324323569,70981.57532556336,269.28327367474174,0.7171815604237867,-0.37462426887862754,-3.488474853527893e-18,235.92758737635856,25556.520126564425,9.771321188413612,3.477598303467249e-14,219.51072911329194,-86.4681896399536,-43.38559419802757,1.6262816864595134e-16,17.05890267606117,0.0,0.0,0.0,-0.3031471027082814,1.1363278308175215e-18,-0.11919525402894206,0.0,0.0,0.0,0.0,0.0,0.0,0.0,0.0,0.5,0.0,0.0,1.0,0.0,0.0,0.0
15.8,219.26648060217457,-9.34279985358682e-16,-85.24145248679196,0.0,-7.292113023867705e-05,0.0,0.4999997393509944,-0.4999997393509944,-0.49999973918329077,0.49999973918329066,6381048.235836182,4003.110079731107,6.148952037648822e-13,9.70118449289119e-20,0.0006273435659052083,2912.491499019476,0.0,-1.109950555961575e-16,0.0006273432470362331,1.5707963267948966,-3.735235041969568e-21,3.435376853247915e-05,8.099443878076799e-21,-3.740316172947772e-21,3.435376853247915e-05,1.1912540732497267e-20,328.9308463614708,0.9174696800816895,70904.43867121091,269.22747550385884,0.7152045468015154,-0.3707769758194291,-3.971391123278426e-18,235.25283711454114,25388.17497704568,9.771294693955346,3.473316809775548e-14,219.21273314096746,-85.37890214562528,-43.16468503800052,1.8392160555869974e-16,16.780590177070724,0.0,0.0,0.0,-0.30160354952981727,1.2851109424959763e-18,-0.11725060790213412,0.0,0.0,0.0,0.0,0.0,0.0,0.0,0.0,0.5,0.0,0.0,1.0,0.0,0.0,0.0
15.9,218.9696157376939,-1.0460294391396875e-15,-84.15349177065471,0.0,-7.292113023867705e-05,0.0,0.49999974108088985,-0.49999974108088985,-0.4999997409121248,0.4999997409121247,6381056.705616178,4025.0218669805536,6.184718270752931e-13,9.757599719372958e-20,0.0006307766125340828,2920.975061049685,0.0,-1.1099487182038293e-16,0.0006307762965708418,1.5707963267948966,-2.3917738395662565e-21,3.4307261650233905e-05,8.09905717947578e-21,-2.396882532520868e-21,3.4307261650233905e-05,1.1906985677630566e-20,328.89718646271126,0.9166714529569069,70828.2776336825,269.172383062758,0.7132431938635375,-0.366912863983852,-4.459088715652227e-18,234.5836797253956,25221.987140610105,9.771268534701269,3.469122885259406e-14,218.91626329608832,-84.2915086791422,-42.94623406537715,2.0515643223478996e-16,16.50491801260074,0.0,0.0,0.0,-0.3000771723841611,1.433484528299301e-18,-0.1153244105202346,0.0,0.0,0.0,0.0,0.0,0.0,0.0,0.0,0.5,0.0,0.0,1.0,0.0,0.0,0.0
16.0,218.6742583860048,-1.1581575137344343e-15,-83.06741717428004,0.0,-7.292113023867705e-05,0.0,0.499999745165842,-0.499999745165842,-0.4999997449960155,0.4999997449960154,6381065.066334599,4046.9039378255547,6.220559950111559e-13,9.814133994163525e-20,0.0006342050038807195,2929.3496181247756,0.0,-1.1099468529075701e-16,0.0006342046968501081,1.5707963267948966,-3.737981277661721e-21,3.4260992772477135e-05,8.099477020169668e-21,-3.743118003796762e-21,3.4260992772477135e-05,1.190226350185924e-20,328.86395905866806,0.9158834822210797,70753.09518633214,269.11799850226765,0.7112975706497106,-0.36303188117571084,-4.9510853625903596e-18,233.92013535730206,25057.945594328972,9.771242711669121,3.465004595602972e-14,218.6213097012427,-83.2059999960588,-42.730230464637756,2.2631049752520858e-16,16.231861928750604,0.0,0.0,0.0,-0.2985678957002963,1.5812938120450047e-18,-0.11341649241455605,0.0,0.0,0.0,0.0,0.0,0.0,0.0,0.0,0.5,0.0,0.0,1.0,0.0,0.0,0.0
16.1,218.38038434121316,-1.270549912415829e-15,-81.98320164879097,0.0,-7.292113023867705e-05,0.0,0.49999975162066573,-0.49999975162066573,-0.4999997514497779,0.49999975144977776,6381073.318702167,4068.756584815812,6.25645192162425e-13,9.87074763392571e-20,0.0006376287859581127,2937.615880490902,0.0,-1.1099449640262771e-16,0.000637628494021038,1.5707963267948966,-5.084127575399247e-21,3.4214958089202444e-05,8.099900088017153e-21,-5.089292302255572e-21,3.4214958089202444e-05,1.1897570484004352e-20,328.8311613313252,0.9151057010464133,70678.88495293673,269.0643172100335,0.7093675962554609,-0.35913413882145073,-5.446879585440452e-18,233.26217068799104,24896.019094679115,9.771217222664406,3.460949945432466e-14,218.32784809839325,-82.12234904593053,-42.51664033077973,2.473640526091988e-16,15.961373051058034,0.0,0.0,0.0,-0.2970754825746261,1.728400803280151e-18,-0.11152651208576193,0.0,0.0,0.0,0.0,0.0,0.0,0.0,0.0,0.5,0.0,0.0,1.0,0.0,0.0,0.0
16.2,218.08797683350505,-1.3831012202992525e-15,-80.90082748903107,0.0,-7.292113023867705e-05,0.0,0.4999997604521952,-0.4999997604521952,-0.49999976028024584,0.49999976028024573,6381081.462905254,4090.5799560410123,6.292370924428549e-13,9.927403942545882e-20,0.0006410479821468252,2945.7740343129262,0.0,-1.1099430552250452e-16,0.0006410477115785169,1.5707963267948966,-6.430229643411324e-21,3.416915496427555e-05,8.100326343593086e-21,-6.435422338721273e-21,3.416915496427555e-05,1.189290630476091e-20,328.79879254204354,0.9143380919164626,70605.6452622043,269.0113379770968,0.7074532656288967,-0.3552196696849774,-5.946014923194669e-18,232.60977951870683,24736.187076164257,9.771192067109194,3.4569480139375715e-14,218.0358616909814,-81.04053810886595,-42.30544189485709,2.6829864332569937e-16,15.693415594367842,0.0,0.0,0.0,-0.2955997809015261,1.8746765576958722e-18,-0.10965421949311133,0.0,0.0,0.0,0.0,0.0,0.0,0.0,0.0,0.5,0.0,0.0,1.0,0.0,0.0,0.0
16.3,217.7970261312514,-1.4957124031792348e-15,-79.82028591347678,0.0,-7.292113023867705e-05,0.0,0.49999977165944526,-0.49999977165944526,-0.4999997714864345,0.4999997714864344,6381089.498610298,4112.3740586445365,6.328295038992962e-13,9.984068340429686e-20,0.0006444625937497482,2953.823746089203,0.0,-1.1099411299675502e-16,0.0006444623509210134,1.5707963267948966,-5.086486785969421e-21,3.412358187288533e-05,8.099936358149462e-21,-5.091706889524084e-21,3.412358187288533e-05,1.188745137835035e-20,328.7668450930897,0.9135821031043606,70533.55554762343,268.9590633596713,0.7055546685839388,-0.3512884286808663,-6.448069530563959e-18,231.96298262302238,24578.477276954687,9.771167246028453,3.452988695762615e-14,217.7453407455028,-79.96055837551108,-42.09669028965023,2.890970891786596e-16,15.427989931974292,0.0,0.0,0.0,-0.2941411759089261,2.0200010304317238e-18,-0.10779961724491419,0.0,0.0,0.0,0.0,0.0,0.0,0.0,0.0,0.5,0.0,0.0,1.0,0.0,0.0,0.0
16.400000000000002,217.50750870769792,-1.6082904422090672e-15,-78.74155084138914,0.0,-7.292113023867705e-05,0.0,0.4999997851994614,-0.4999997851994614,-0.4999997850253893,0.49999978502538917,6381097.426520329,4134.139178260132,6.364203722751241e-13,1.0040708420339473e-19,0.0006478726656910883,2961.765718378748,0.0,-1.1099391917351693e-16,0.0006478724569569167,1.5707963267948966,-6.4325354000152825e-21,3.407823511185056e-05,8.100366152139432e-21,-6.437783403769604e-21,3.407823511185056e-05,1.1882841325729661e-20,328.7353155099138,0.9128377776255544,70462.62309020621,268.9074888253926,0.7036717272806757,-0.3473405335048074,-6.952616833401547e-18,231.32174747100663,24422.861970104368,9.771142757251614,3.449062140512357e-14,217.4562616341537,-78.88238374449682,-41.89035709767324,3.097447368816662e-16,15.165049559153962,0.0,0.0,0.0,-0.29269946903602073,2.164271834937435e-18,-0.10596238039985233,0.0,0.0,0.0,0.0,0.0,0.0,0.0,0.0,0.5,0.0,0.0,1.0,0.0,0.0,0.0
16.5,217.2194082275399,-1.7207495842582825e-15,-77.66460527631776,0.0,-7.292113023867705e-05,0.0,0.49999980102167274,-0.49999980102167274,-0.49999980084653917,0.49999980084653906,6381105.24681674,4155.875458226036,6.400077970145968e-13,1.0097294200212145e-19,0.000651278220604374,2969.6001323750243,0.0,-1.1099372437758618e-16,0.0006512780522823719,1.5707963267948966,-2.398895284860683e-21,3.403311211340206e-05,8.099147052585966e-21,-2.404170081205344e-21,3.403311211340206e-05,1.1876607200532798e-20,328.70421293252815,0.9121035325619421,70392.65127251159,268.85661276608727,0.7018044170860843,-0.34337602373914494,-7.459269625894013e-18,230.68606855085307,24269.27917152192,9.771118600216266,3.4451594052232826e-14,217.16860794612765,-77.80599718669856,-41.68634908097818,3.3022725011385244e-16,14.90453303967013,0.0,0.0,0.0,-0.29127400880357385,2.3073887993883582e-18,-0.10414207968600939,0.0,0.0,0.0,0.0,0.0,0.0,0.0,0.0,0.5,0.0,0.0,1.0,0.0,0.0,0.0
16.6,216.93271515933665,-1.833009307260844e-15,-76.58944090282831,0.0,-7.292113023867705e-05,0.0,0.499999819066692,-0.499999819066692,-0.499999818890497,0.4999998188904969,6381112.959163598,4177.582902985937,6.435899861686516e-13,1.0153797411759942e-19,0.0006546792593694901,2977.326652205549,0.0,-1.109935289181237e-16,0.0006546791377164352,1.5707963267948966,-3.74493116092011e-21,3.398821138425536e-05,8.099576803583627e-21,-3.750233784611889e-21,3.398821138425536e-05,1.187204659100652e-20,328.67353869434453,0.9113793993916549,70323.64309433103,268.8064373628844,0.6999528102200621,-0.33939486182760853,-7.96767130749479e-18,230.0559672337273,24117.719145173836,9.771094775954808,3.4412722421829357e-14,216.8823700983393,-76.73139034160444,-41.48465674586972,3.5053130836593775e-16,14.646417521891202,0.0,0.0,0.0,-0.28986472887651965,2.449258849715332e-18,-0.10233855543273808,0.0,0.0,0.0,0.0,0.0,0.0,0.0,0.0,0.5,0.0,0.0,1.0,0.0,0.0,0.0
16.7,216.6474066491873,-1.944997585792182e-15,-75.51603259806669,0.0,-7.292113023867705e-05,0.0,0.49999983923462554,-0.49999983923462554,-0.49999983905736917,0.49999983905736906,6381120.56425631,4199.261791326373,6.471653404776819e-13,1.0210192826531129e-19,0.0006580758258327644,2984.9459728132933,0.0,-1.1099333309666352e-16,0.0006580757569299575,1.5707963267948966,-6.435927607177945e-21,3.3943529327049894e-05,8.100425668625704e-21,-6.44125830054674e-21,3.3943529327049894e-05,1.1867929371727017e-20,328.6432900364435,0.910665312984302,70255.59234889233,268.75695810287976,0.6981168291387697,-0.3353971719554637,-8.477473013677118e-18,229.43141173376708,23968.15309086139,9.771071282320383,3.43739291742854e-14,216.59752508855325,-75.65853805066494,-41.28524874131623,3.7064674642135357e-16,14.390657551412643,0.0,0.0,0.0,-0.2884714101965607,2.5898109587488978e-18,-0.10055149003758773,0.0,0.0,0.0,0.0,0.0,0.0,0.0,0.0,0.5,0.0,0.0,1.0,0.0,0.0,0.0
16.8,216.3634667962964,-2.0566483284759893e-15,-74.44436407428833,0.0,-7.292113023867705e-05,0.0,0.4999998614174976,-0.4999998614174976,-0.4999998612391797,0.4999998612391796,6381128.062271297,4220.912261834132,6.507323849164503e-13,1.0266457176341801e-19,0.0006614679418807915,2992.4582704212517,0.0,-1.1099313719629095e-16,0.0006614679316090759,1.5707963267948966,-6.437088811745875e-21,3.389906344236579e-05,8.100445383597099e-21,-6.442446996208139e-21,3.389906344236579e-05,1.1863007010947716e-20,328.6134662592208,0.9099612568241794,70188.49746228797,268.70817384169527,0.6962964719366403,-0.33138300084000566,-8.98836056856516e-18,228.81239718716563,23820.562261798346,9.77104811876608,3.433514465912118e-14,216.31405689261302,-74.58742397922495,-41.08810518578517,3.9056400834134347e-16,14.137219683455378,0.0,0.0,0.0,-0.28709391384595023,2.728978356511573e-18,-0.09878064981267036,0.0,0.0,0.0,0.0,0.0,0.0,0.0,0.0,0.5,0.0,0.0,1.0,0.0,0.0,0.0
16.900000000000002,216.08088627569788,-2.1678998098439e-15,-73.3744274924016,0.0,-7.292113023867705e-05,0.0,0.499999885496688,-0.499999885496688,-0.4999998853173087,0.4999998853173086,6381135.452870176,4242.534316184465,6.542897336963822e-13,1.032256860117764e-19,0.0006648556079597421,2999.8632067119083,0.0,-1.1099294148835974e-16,0.0006648556619682506,1.5707963267948966,-6.438282448098781e-21,3.3854812269418886e-05,8.10046500949275e-21,-6.443668087728358e-21,3.3854812269418886e-05,1.1858108416502668e-20,328.58406835429383,0.9092673181918924,70122.36836810078,268.6600867916939,0.6944918130305753,-0.32735231887408983,-9.500047448376156e-18,228.19894553212518,23674.93896224855,9.77102528633196,3.4296305262497984e-14,216.03195608433418,-73.51804022936398,-40.89321968970641,4.10273919138416e-16,13.886082530672647,0.0,0.0,0.0,-0.28573219517900095,2.8666969348373446e-18,-0.09702588531870032,0.0,0.0,0.0,0.0,0.0,0.0,0.0,0.0,0.5,0.0,0.0,1.0,0.0,0.0,0.0
17.0,215.79964290005813,-2.278700713435243e-15,-72.30619867718384,0.0,-7.292113023867705e-05,0.0,0.4999999113161947,-0.4999999113161947,-0.499999911135754,0.49999991113575387,6381142.736740808,4264.128226385445,6.578362363984878e-13,1.0378508954077618e-19,0.0006682388668489708,3007.1614690842107,0.0,-1.109927462284065e-16,0.000668238990442508,1.5707963267948966,-3.749603235880038e-21,3.3810772315664814e-05,8.099642450673591e-21,-3.755015732257722e-21,3.3810772315664814e-05,1.1852391113699287e-20,328.555077908889,0.9085859123182001,70057.507334886,268.61269317414144,0.6927028094076405,-0.3233052569446117,-1.0012265198454498e-17,227.5910256767453,23531.319714444227,9.771002782894657,3.425735452366067e-14,215.75120028233096,-72.45036257898941,-40.7006731187276,4.297718072718388e-16,13.637239380141255,0.0,0.0,0.0,-0.28438681922627757,3.0029340523837495e-18,-0.09528714965063328,0.0,0.0,0.0,0.0,0.0,0.0,0.0,0.0,0.5,0.0,0.0,1.0,0.0,0.0,0.0
17.1,215.51972120309082,-2.38900460962786e-15,-71.23966204959646,0.0,-7.292113023867705e-05,0.0,0.4999999387106369,-0.4999999387106369,-0.4999999385291348,0.4999999385291347,6381149.914054636,4285.694126272406,6.613708435280338e-13,1.0434261680581455e-19,0.0006716177396882348,3014.3532287906855,0.0,-1.1099255165780864e-16,0.0006716179377965639,1.5707963267948966,-2.405909765594859e-21,3.376694115001803e-05,8.099236268127632e-21,-2.411349357546046e-21,3.376694115001803e-05,1.1847113401383359e-20,328.5265098561411,0.9079145546923914,69993.60581734825,268.5659911948509,0.6909294274707671,-0.31924186921593833,-1.0524776391768388e-17,226.9886333638729,23389.621977919855,9.770980607922754,3.4218242571995286e-14,215.4717738499547,-71.38437539156642,-40.51033497404024,4.49051142282022e-16,13.390619461441595,0.0,0.0,0.0,-0.28305687415664277,3.1376440790299924e-18,-0.09356394831604485,0.0,0.0,0.0,0.0,0.0,0.0,0.0,0.0,0.5,0.0,0.0,1.0,0.0,0.0,0.0
17.2,215.241112072591,-2.49876885400931e-15,-70.17481025714376,0.0,-7.292113023867705e-05,0.0,0.4999999675013313,-0.4999999675013313,-0.4999999673187677,0.4999999673187676,6381156.984470762,4307.2320146834245,6.648925816133354e-13,1.0489811425928665e-19,0.0006749922264792835,3021.4381449964517,0.0,-1.1099235800951204e-16,0.0006749925036159525,1.5707963267948966,-5.0971678699365875e-21,3.372331734516797e-05,8.100098959593604e-21,-5.1026353754834305e-21,3.372331734516797e-05,1.1843127626400957e-20,328.49836622118374,0.907253171009247,69930.65364491001,268.51998303781824,0.6891717408311427,-0.31516213444939045,-1.1037369405054317e-17,226.3917910651791,23249.834440622482,9.77095876246419,3.417892494383966e-14,215.1936675243778,-70.32007124551706,-40.322192197562465,4.68106619356148e-16,13.146199532814698,0.0,0.0,0.0,-0.28174226872968,3.2707899485870357e-18,-0.09185611891836018,0.0,0.0,0.0,0.0,0.0,0.0,0.0,0.0,0.5,0.0,0.0,1.0,0.0,0.0,0.0
17.3,214.9637939815057,-2.6079625546245797e-15,-69.11162006198113,0.0,-7.292113023867705e-05,0.0,0.49999999747699764,-0.49999999747699764,-0.49999999729337263,0.4999999972933725,6381163.948669566,4328.742156916852,6.684007429196183e-13,1.0545147027371686e-19,0.0006783623689453993,3028.4168976300084,0.0,-1.1099216549366185e-16,0.0006783627291016261,1.5707963267948966,-2.4086065515118826e-21,3.367989751238295e-05,8.099265257653745e-21,-2.414100790774551e-21,3.367989751238295e-05,1.183746815264054e-20,328.4706443031155,0.9066016977967933,69868.64477614824,268.4746642877114,0.6874296747495044,-0.31106619043513695,-1.1549858771826543e-17,225.8004683307993,23111.930543797673,9.770937244418864,3.4139365771878144e-14,214.91685954029495,-69.25742684874005,-40.13621577246982,4.869364184640667e-16,12.903937258230991,0.0,0.0,0.0,-0.2804428001968406,3.4023589440026625e-18,-0.09016336564407385,0.0,0.0,0.0,0.0,0.0,0.0,0.0,0.0,0.5,0.0,0.0,1.0,0.0,0.0,0.0
17.400000000000002,214.68775189805797,-2.71655894360565e-15,-68.05007659377608,0.0,-7.292113023867705e-05,0.0,0.5000000284148503,-0.5000000284148503,-0.5000000282301639,0.5000000282301638,6381170.806817519,4350.224682056566,6.718947034826524e-13,1.0600258644033896e-19,0.0006817281874795966,3035.289652969688,0.0,-1.1099197430993031e-16,0.0006817286340855927,1.5707963267948966,-6.445002371913168e-21,3.363667928889685e-05,8.100561340446724e-21,-6.450524756103359e-21,3.363667928889685e-05,1.1833960901567539e-20,328.44334344142374,0.9059601195327894,69807.57773361678,268.43003386474913,0.6857032299899396,-0.3069540990901037,-1.2062087458768663e-17,225.2146614664793,22975.893212550767,9.77091605327086,3.409953496610375e-14,214.64133464938715,-68.19642726642306,-39.952387541894645,5.055389268171597e-16,12.663801303490894,0.0,0.0,0.0,-0.27915834169108644,3.532339796278349e-18,-0.08848546955249845,0.0,0.0,0.0,0.0,0.0,0.0,0.0,0.0,0.5,0.0,0.0,1.0,0.0,0.0,0.0
17.5,214.4129769290901,-2.824534742054262e-15,-66.990172996882,0.0,-7.292113023867705e-05,0.0,0.5000000600753121,-0.5000000600753121,-0.5000000598895642,0.5000000598895641,6381177.558571133,4371.679586034727,6.753739083040456e-13,1.0655137523402602e-19,0.0006850896816284943,3042.056067594327,0.0,-1.1099178465225434e-16,0.0006850902174990981,1.5707963267948966,-6.446535751913244e-21,3.359366128184643e-05,8.100580168556453e-21,-6.452085379708872e-21,3.359366128184643e-05,1.1829198686259778e-20,328.4164650002911,0.9053284682759286,69747.45556874316,268.38609399904607,0.6839924828229348,-0.30282584796038575,-1.2573923538892726e-17,224.63439344073785,22841.71444708127,9.770895190076216,3.405940749996355e-14,214.367083758616,-67.13706556708591,-39.770699774009834,5.23912678428223e-16,12.425770587126571,0.0,0.0,0.0,-0.27788883918801094,3.660722262157512e-18,-0.08682228334160862,0.0,0.0,0.0,0.0,0.0,0.0,0.0,0.0,0.5,0.0,0.0,1.0,0.0,0.0,0.0
17.6,214.13944820154362,-2.9318791980628e-15,-65.93188696057922,0.0,-7.292113023867705e-05,0.0,0.5000000921926553,-0.5000000921926553,-0.500000092005846,0.5000000920058459,6381184.2046033805,4393.107127508704,6.788380861768361e-13,1.0709779389684021e-19,0.0006884468920701997,3048.7168140290305,0.0,-1.1099159668599357e-16,0.0006884475193120372,1.5707963267948966,-6.448140190153581e-21,3.355084020530954e-05,8.100598830373612e-21,-6.453717026882961e-21,3.355084020530954e-05,1.18244582352632e-20,328.3900063082251,0.904706681245351,69688.27230588628,268.3428403233465,0.6822973596825433,-0.29868158192840016,-1.3085266972267797e-17,224.05963439203336,22709.36872045973,9.77087465275786,3.4018967814168636e-14,214.09408571394115,-66.07931938205456,-39.59112451799004,5.420596250208804e-16,12.189804201536456,0.0,0.0,0.0,-0.27663409738749467,3.787519978870957e-18,-0.08517352117871906,0.0,0.0,0.0,0.0,0.0,0.0,0.0,0.0,0.5,0.0,0.0,1.0,0.0,0.0,0.0
17.7,213.86715111815093,-3.0385852055173875e-15,-64.87520432324126,0.0,-7.292113023867705e-05,0.0,0.5000001244866895,-0.5000001244866895,-0.5000001242988188,0.5000001242988187,6381190.745075759,4414.507430810921,6.822870386672979e-13,1.0764181115460615e-19,0.0006917998384510771,3055.272053583525,0.0,-1.1099141056911728e-16,0.0006918005584123838,1.5707963267948966,-6.449817057921343e-21,3.35082137648249e-05,8.100617319429684e-21,-6.455421069059407e-21,3.35082137648249e-05,1.1819739292410017e-20,328.3639543798425,0.9040966861841631,69630.26785668376,268.30027232844384,0.6806178880533346,-0.2945213709600919,-1.3596044670822741e-17,223.49038114284988,22578.88824781463,9.770854440815373,3.397820560008955e-14,213.822325656162,-65.02317448179558,-39.41372910017456,5.599830245641511e-16,11.955897458521358,0.0,0.0,0.0,-0.275394586717224,3.9127557107460434e-18,-0.08353915030609006,0.0,0.0,0.0,0.0,0.0,0.0,0.0,0.0,0.5,0.0,0.0,1.0,0.0,0.0,0.0
17.8,213.59607701108777,-3.1446491354922075e-15,-63.82011873632379,0.0,-7.292113023867705e-05,0.0,0.5000001566561129,-0.5000001566561129,-0.5000001564671808,0.5000001564671807,6381197.179642118,4435.880488898882,6.857206354067333e-13,1.081834064747507e-19,0.0006951485198519052,3061.7214401727542,0.0,-1.1099122645595274e-16,0.0006951493330522824,1.5707963267948966,-5.106555310093775e-21,3.3465780602950374e-05,8.100202052011776e-21,-5.112186159578433e-21,3.3465780602950374e-05,1.181460812832305e-20,328.3383201777691,0.9034970064565402,69573.25784744091,268.258391843655,0.6789541253165123,-0.29034521179702616,-1.4106209150502298e-17,222.9266571188514,22450.22732830394,9.770834555313128,3.3937115555253917e-14,213.55179466843987,-63.96862443868815,-39.23843982066914,5.776842152793451e-16,11.724008752319095,0.0,0.0,0.0,-0.2741697922157278,4.036438808303843e-18,-0.08191888001279572,0.0,0.0,0.0,0.0,0.0,0.0,0.0,0.0,0.5,0.0,0.0,1.0,0.0,0.0,0.0
17.900000000000002,213.32620565500397,-3.250080091668781e-15,-62.76660880597891,0.0,-7.292113023867705e-05,0.0,0.500000188381581,-0.500000188381581,-0.5000001881915875,0.5000001881915874,6381203.508968096,4457.22655385771,6.891390355595912e-13,1.0872260499644845e-19,0.000698492975916509,3068.0656389938667,0.0,-1.1099104446767956e-16,0.0006984938819727644,1.5707963267948966,-3.7633525784193906e-21,3.342353753557072e-05,8.099783656469022e-21,-3.769010227172542e-21,3.342353753557072e-05,1.1809495021454409e-20,328.31310406266664,0.9029071073446799,69517.17765618146,268.21719441835745,0.677305992689203,-0.2861532565878054,-1.4615748077660203e-17,222.36843299136777,22323.349588233676,9.770814994196854,3.389570214299963e-14,213.28247220314185,-62.915647800825845,-39.06520909797958,5.951683948463134e-16,11.49409221803214,0.0,0.0,0.0,-0.27295938141799375,4.1586055891658356e-18,-0.0803123898281577,0.0,0.0,0.0,0.0,0.0,0.0,0.0,0.0,0.5,0.0,0.0,1.0,0.0,0.0,0.0
18.0,213.05752288714118,-3.3548906296873834e-15,-61.71466107928614,0.0,-7.292113023867705e-05,0.0,0.5000002193254984,-0.5000002193254984,-0.5000002191344435,0.5000002191344434,6381209.733210217,4478.54574526838,6.925424662226493e-13,1.0925944257902155e-19,0.0007018332255446927,3074.3048063851893,0.0,-1.1099086472056629e-16,0.0007018342231066717,1.5707963267948966,-2.4202071354274012e-21,3.338148233651545e-05,8.099362145001865e-21,-2.4258915444994353e-21,3.338148233651545e-05,1.180439974042953e-20,328.2883054131415,0.9023269743118624,69462.02590093687,268.17667903733445,0.6756734930655658,-0.2819455836322949,-1.5124675747329304e-17,221.8157060510726,22198.239489333755,9.770795756981618,3.385397483686519e-14,213.01434379094346,-61.86423104746743,-38.8940203475659,6.124411034480985e-16,11.266118423015598,0.0,0.0,0.0,-0.2717632384432706,4.279294764117683e-18,-0.07871947409817517,0.0,0.0,0.0,0.0,0.0,0.0,0.0,0.0,0.5,0.0,0.0,1.0,0.0,0.0,0.0
18.1,212.790020271295,-3.459097055052875e-15,-60.66426972505674,0.0,-7.292113023867705e-05,0.0,0.5000002491240086,-0.5000002491240086,-0.5000002489318922,0.5000002489318921,6381215.852019597,4499.838053044996,6.959312278133063e-13,1.0979396665266284e-19,0.0007051692673406833,3080.4385935269916,0.0,-1.1099068732872932e-16,0.0007051703540027714,1.5707963267948966,-2.422146989793701e-21,3.333961368473728e-05,8.099375328992232e-21,-2.4278584286884376e-21,3.333961368473728e-05,1.1799759953390156e-20,328.2639256156379,0.9017566397921988,69407.80566513463,268.13684796572227,0.6740567048256041,-0.2777221992698569,-1.5633033793557007e-17,221.26850013798185,22074.890086181378,9.770776844740354,3.381194834545602e-14,212.7474006975988,-60.81436826862216,-38.72486689000604,6.295080541830388e-16,11.040067290205815,0.0,0.0,0.0,-0.27058131662059587,4.398546252151869e-18,-0.07713999253887166,0.0,0.0,0.0,0.0,0.0,0.0,0.0,0.0,0.5,0.0,0.0,1.0,0.0,0.0,0.0
18.2,212.5236782235372,-3.562728042577669e-15,-59.61541425606129,0.0,-7.292113023867705e-05,0.0,0.5000002774049805,-0.5000002774049805,-0.5000002772118026,0.5000002772118025,6381221.86605461,4521.1037227691795,6.993059037110197e-13,1.1032626928140177e-19,0.0007085011399249137,3086.46765836142,0.0,-1.1099051236977382e-16,0.0007085023121757366,1.5707963267948966,-3.7691883262904076e-21,3.3297928496925894e-05,8.099827781584124e-21,-3.774927072404839e-21,3.3297928496925894e-05,1.1795579893375518e-20,328.23996205505097,0.9011960426086203,69354.51113282818,268.09769693103146,0.6724555562828319,-0.273483263071715,-1.6140899690653305e-17,220.7267863991702,21953.27782191665,9.770758255441356,3.376964686933402e-14,212.4816229769844,-59.76603892239871,-38.55772280945641,6.463780448469502e-16,10.815900631637934,0.0,0.0,0.0,-0.2694134348688285,4.516421525892224e-18,-0.07557367832041295,0.0,0.0,0.0,0.0,0.0,0.0,0.0,0.0,0.5,0.0,0.0,1.0,0.0,0.0,0.0
18.3,212.2584830156186,-3.665815809656208e-15,-58.568081928085135,0.0,-7.292113023867705e-05,0.0,0.5000003037734136,-0.5000003037734136,-0.5000003035791744,0.5000003035791742,6381227.775466807,4542.342869270455,7.026671465430718e-13,1.108564534571153e-19,0.0007118288614507158,3092.3921522516757,0.0,-1.1099033991826996e-16,0.0007118301145922424,1.5707963267948966,-6.461348229556779e-21,3.325642461518769e-05,8.10072440659543e-21,-6.4671145686524366e-21,3.325642461518769e-05,1.1791864226774436e-20,328.2164141297617,0.9006451686870065,69302.14096602709,268.0592249503524,0.6708700511716228,-0.26922886194233747,-1.6648378419701756e-17,220.19056254259976,21833.387866608642,9.770739988615201,3.372709966499727e-14,212.21699655038205,-58.71923020032065,-38.392572237914585,6.6305994598462875e-16,10.593589873600724,0.0,0.0,0.0,-0.26825948231386276,4.6329825662797535e-18,-0.07402033179040447,0.0,0.0,0.0,0.0,0.0,0.0,0.0,0.0,0.5,0.0,0.0,1.0,0.0,0.0,0.0
18.400000000000002,211.9944264492411,-3.76839688068226e-15,-57.522267437548614,0.0,-7.292113023867705e-05,0.0,0.5000003278020663,-0.5000003278020663,-0.5000003276067655,0.5000003276067654,6381233.579904498,4563.555479350781,7.060156936693588e-13,1.1138463554311154e-19,0.0007151524300350522,3098.211723575058,0.0,-1.1099017004752189e-16,0.0007151537580726565,1.5707963267948966,-5.1184317001271115e-21,3.321510075584412e-05,8.100298902089248e-21,-5.124224658717203e-21,3.321510075584412e-05,1.1786846511719953e-20,328.19328323735505,0.9001040507220958,69250.69827293602,268.0214343070232,0.6693002687181243,-0.26495901220992674,-1.715560531296921e-17,219.65985277676137,21715.213762170864,9.770722045343568,3.368434173913099e-14,211.95351287251543,-57.67393672380805,-38.22940897499111,6.795628955298104e-16,10.373115373823785,0.0,0.0,0.0,-0.2671194156318688,4.7482932225756676e-18,-0.07247981570288999,0.0,0.0,0.0,0.0,0.0,0.0,0.0,0.0,0.5,0.0,0.0,1.0,0.0,0.0,0.0
18.5,211.73148957561202,-3.870519217140899e-15,-56.477951193587394,0.0,-7.292113023867705e-05,0.0,0.5000003490668513,-0.5000003490668513,-0.5000003488704892,0.500000348870489,6381239.280018869,4584.741792157023,7.093525465279455e-13,1.1191097355618136e-19,0.0007184718832858493,3103.9270230863863,0.0,-1.1099000279216596e-16,0.0007184732789084798,1.5707963267948966,-3.775548129234668e-21,3.317395393538837e-05,8.09987033307349e-21,-3.781367669013228e-21,3.317395393538837e-05,1.1781845482419138e-20,328.17055757937874,0.8995740713507588,69200.35635949581,267.9843211761906,0.6677461566650287,-0.2606738810047212,-1.766274955641515e-17,219.134628665755,21598.767507795288,9.77070442361713,3.364141674409089e-14,211.69115259383568,-56.630138854142594,-38.06826910212777,6.958999288858494e-16,10.154456480274415,0.0,0.0,0.0,-0.26599348693382363,4.862444576735453e-18,-0.07095198575642579,0.0,0.0,0.0,0.0,0.0,0.0,0.0,0.0,0.5,0.0,0.0,1.0,0.0,0.0,0.0
18.6,211.4696591009915,-3.972234698180709e-15,-55.43512116069281,0.0,-7.292113023867705e-05,0.0,0.5000003671153634,-0.5000003671153634,-0.5000003669179399,0.5000003669179398,6381244.875956492,4605.901917767255,7.126787832766176e-13,1.1243563761996253e-19,0.0007217872386100529,3109.538197176531,0.0,-1.1098983818507572e-16,0.0007217886930898561,1.5707963267948966,-2.432689558123592e-21,3.3132982064190095e-05,8.099438718924759e-21,-2.4385356409036718e-21,3.3132982064190095e-05,1.1776860926999918e-20,328.1482418352514,0.8990543927259084,69151.01166464042,267.9478843782282,0.6662077086227034,-0.2563735640894909,-1.8170009963198208e-17,218.61488828163155,21484.014766930104,9.770687122981935,3.359837372010055e-14,211.4299020269369,-55.58782449854728,-37.909102022867415,7.120825326539736e-16,9.937575313000858,0.0,0.0,0.0,-0.2648813426883379,4.975516888807325e-18,-0.06943657727335013,0.0,0.0,0.0,0.0,0.0,0.0,0.0,0.0,0.5,0.0,0.0,1.0,0.0,0.0,0.0
18.7,211.20892707127385,-4.073600351542633e-15,-54.39377257314741,0.0,-7.292113023867705e-05,0.0,0.500000381456145,-0.500000381456145,-0.50000038125766,0.5000003812576599,6381250.367362802,4627.0358398025455,7.15995584374172e-13,1.129588140013659e-19,0.0007250984936266466,3115.044891345625,0.0,-1.1098967625814235e-16,0.0007250999966834259,1.5707963267948966,-2.4349181464231906e-21,3.309218389691372e-05,8.099450914097435e-21,-2.440791057739635e-21,3.309218389691372e-05,1.1772339562287491e-20,328.126341609721,0.8985443905040396,69102.5857667676,267.9121260325315,0.6646849959602824,-0.2520580881579783,-1.8677620024264812e-17,218.10065615242277,21370.93371184315,9.77067014452867,3.355526825890104e-14,211.16975282187377,-54.546988823644575,-37.75187409854171,7.281226813232718e-16,9.722445089190812,0.0,0.0,0.0,-0.2637827478527659,5.087593827846434e-18,-0.06793340311477275,0.0,0.0,0.0,0.0,0.0,0.0,0.0,0.0,0.5,0.0,0.0,1.0,0.0,0.0,0.0
18.8,210.9492751665157,-4.174683140926159e-15,-53.35388672619862,0.0,-7.292113023867705e-05,0.0,0.5000003916139835,-0.5000003916139835,-0.5000003914144372,0.5000003914144371,6381255.754881866,4648.1437910437535,7.193043631608781e-13,1.134807256980101e-19,0.0007284056849419347,3120.4477492338046,0.0,-1.1098951700363847e-16,0.000728407224760756,1.5707963267948966,-5.1273238978177044e-21,3.305155654885469e-05,8.100360200489541e-21,-5.13322425830789e-21,3.305155654885469e-05,1.1768734349152977e-20,328.10485434301853,0.8980440050744514,69055.0730057026,267.87704195954996,0.6631779481976374,-0.24772762801319445,-1.918584232267589e-17,217.59190419904147,21259.5025911796,9.770653486270124,3.351216317915176e-14,210.91068622070432,-53.50761308696007,-37.596561264440034,7.44035235988881e-16,9.50903010474587,0.0,0.0,0.0,-0.262697534280343,5.198779232419868e-18,-0.06644221380631889,0.0,0.0,0.0,0.0,0.0,0.0,0.0,0.0,0.5,0.0,0.0,1.0,0.0,0.0,0.0
18.900000000000002,210.69069052748648,-4.2755546072340065e-15,-52.31545229304388,0.0,-7.292113023867705e-05,0.0,0.5000003970790687,-0.5000003970790687,-0.500000396878461,0.5000003968784609,6381261.038655284,4669.2258768174925,7.226066233250259e-13,1.1400160996464785e-19,0.0007317088292165576,3125.74691226054,0.0,-1.1098936041274334e-16,0.0007317103923246443,1.5707963267948966,-6.474677677186922e-21,3.3011097998632714e-05,8.100824996285867e-21,-6.480605134494181e-21,3.3011097998632714e-05,1.1764703481085351e-20,328.0837794727163,0.8975532233395862,69008.4721378018,267.84263124096003,0.6616865702751251,-0.24338228851007043,-1.969497247015957e-17,217.08863080220215,21149.70792934546,9.77063714776784,3.3469127305506133e-14,210.65268892801737,-52.4696859148135,-37.443149015246824,7.598353201116061e-16,9.297303412430214,0.0,0.0,0.0,-0.2616256006184318,5.309178774315943e-18,-0.06496282106022583,0.0,0.0,0.0,0.0,0.0,0.0,0.0,0.0,0.5,0.0,0.0,1.0,0.0,0.0,0.0
19.0,210.43316545055933,-4.376292566012547e-15,-51.278465056081146,0.0,-7.292113023867705e-05,0.0,0.5000003972948965,-0.5000003972948965,-0.5000003970932274,0.5000003970932273,6381266.218325538,4690.282077495207,7.259039945807136e-13,1.145217239424182e-19,0.000735007923560807,3130.9420229724296,0.0,-1.1098920647533389e-16,0.0007350094946632686,1.5707963267948966,-5.13185572961162e-21,3.297080704022945e-05,8.10038957234732e-21,-5.137809592202728e-21,3.297080704022945e-05,1.1759791094540406e-20,328.06311842041293,0.8970720784049738,68962.78630651234,267.80889619792623,0.6602109426514491,-0.23902210706706878,-2.0205346431678952e-17,216.59086075753495,21041.544203817677,9.770621130121718,3.342623710167156e-14,210.39575279554873,-51.43320303283447,-37.291632057401465,7.755386664698239e-16,9.087246178158406,0.0,0.0,0.0,-0.2605669098794657,5.4189023827927585e-18,-0.06349509327754842,0.0,0.0,0.0,0.0,0.0,0.0,0.0,0.0,0.5,0.0,0.0,1.0,0.0,0.0,0.0
19.1,210.1766822383538,-4.476982698717417e-15,-50.242907186416446,0.0,-7.292113023867705e-05,0.0,0.5000003917359597,-0.5000003917359597,-0.5000003915332291,0.500000391533229,6381271.294529651,4711.312619560481,7.291982960140146e-13,1.15041354637991e-19,0.0007383030035902425,3136.0337179706744,0.0,-1.1098905514192461e-16,0.0007383045656322743,1.5707963267948966,-6.4792019717734425e-21,3.293068088674202e-05,8.100857286567118e-21,-6.485182871150461e-21,3.293068088674202e-05,1.1755800235523187e-20,328.04286865433374,0.8966005113118243,68918.00991355984,267.7758326966061,0.6587509951807263,-0.2346472662484713,-2.0717321634203462e-17,216.09856628117933,20934.9904942192,9.770605431366446,3.338357426702021e-14,210.13985965196372,-50.39814658777819,-37.141987167822585,7.911629254820405e-16,8.878823838221363,0.0,0.0,0.0,-0.2595212997973753,5.528073386188456e-18,-0.06203878895212632,0.0,0.0,0.0,0.0,0.0,0.0,0.0,0.0,0.5,0.0,0.0,1.0,0.0,0.0,0.0
19.200000000000003,209.92122846614868,-4.577716208005492e-15,-49.208768065953215,0.0,-7.292113023867705e-05,0.0,0.5000003798350428,-0.5000003798350428,-0.5000003796312507,0.5000003796312505,6381276.267404246,4732.317603588478,7.32491456843722e-13,1.15560806436734e-19,0.0007415940852192815,3141.0221336977556,0.0,-1.1098890636200264e-16,0.0007415956192359708,1.5707963267948966,-6.481423439039922e-21,3.289071758502728e-05,8.100873246921463e-21,-6.4874310106011666e-21,3.289071758502728e-05,1.1751375793550652e-20,328.02302963184434,0.8961385094235235,68874.14175906844,267.7434398509948,0.6573067331490337,-0.23025788021247323,-2.123129325199316e-17,215.61174600495625,20830.03394933168,9.770590051079065,3.334122741123366e-14,209.88499659450812,-49.36450592842285,-36.99420045977023,8.067261814552649e-16,8.672010179779278,0.0,0.0,0.0,-0.2584886733416818,5.636818144539715e-18,-0.06059372492762419,0.0,0.0,0.0,0.0,0.0,0.0,0.0,0.0,0.5,0.0,0.0,1.0,0.0,0.0,0.0
19.3,209.66679668708207,-4.67859198168681e-15,-48.17604403545814,0.0,-7.292113023867705e-05,0.0,0.5000003609697649,-0.5000003609697649,-0.5000003607649114,0.5000003607649113,6381281.136588787,4753.297006632273,7.357855621956387e-13,1.160804083247794e-19,0.0007448811650388075,3145.906909684961,0.0,-1.1098876008282987e-16,0.0007448826499588787,1.5707963267948966,-2.4482597296852506e-21,3.285091596935824e-05,8.099521358066022e-21,-2.4542929220600455e-21,3.285091596935824e-05,1.1745601542098352e-20,328.0036027865356,0.8956861061248641,68831.18501300189,267.7117200018371,0.6558782373798798,-0.225853997440646,-2.1747703868121828e-17,215.13042493721312,20726.669479289376,9.770574990368893,3.329929415678152e-14,209.6311556829382,-48.33227735322325,-36.84826704991504,8.222473716909466e-16,8.466786714796186,0.0,0.0,0.0,-0.2574689963912172,5.74526897799044e-18,-0.05915977202303985,0.0,0.0,0.0,0.0,0.0,0.0,0.0,0.0,0.5,0.0,0.0,1.0,0.0,0.0,0.0
19.400000000000002,209.41336982005035,-4.7797141345149166e-15,-47.14471813164257,0.0,-7.292113023867705e-05,0.0,0.5000003345651542,-0.5000003345651542,-0.5000003343592393,0.5000003343592392,6381285.90271332,4774.25104894692,7.390828307452385e-13,1.1660051034622498e-19,0.0007481642776845109,3150.6886755566425,0.0,-1.1098861621376792e-16,0.0007481656904446339,1.5707963267948966,-2.4503501026241133e-21,3.281127334963381e-05,8.099532757660511e-21,-2.4564098945768167e-21,3.281127334963381e-05,1.1741208316101661e-20,327.9845839959603,0.8952434954850246,68789.16541482267,267.6806691309102,0.6544654411088388,-0.22143580831915277,-2.2267006941316072e-17,214.6545755264954,20624.882773616122,9.77056024729231,3.325787479800807e-14,209.3783193274987,-47.301443891066434,-36.704174863803836,8.377470344567745e-16,8.263122300140049,0.0,0.0,0.0,-0.25646218457844966,5.853569393076832e-18,-0.057736712632727456,0.0,0.0,0.0,0.0,0.0,0.0,0.0,0.0,0.5,0.0,0.0,1.0,0.0,0.0,0.0
19.5,209.16093587484147,-4.881193530900828e-15,-46.114780445115954,0.0,-7.292113023867705e-05,0.0,0.5000002999965907,-0.5000002999965907,-0.5000002997896144,0.5000002997896142,6381290.565909493,4795.179826356126,7.423856172418186e-13,1.171214840166985e-19,0.0007514434383246642,3155.3675627857447,0.0,-1.1098847466261439e-16,0.0007514447536889033,1.5707963267948966,-2.452359659712653e-21,3.2771787840935206e-05,8.099544100811569e-21,-2.458446019061683e-21,3.2771787840935206e-05,1.1736832558462273e-20,327.9659649784855,0.8948118752553753,68748.23174849211,267.6502867215709,0.6530683652195631,-0.21700343649485407,-2.278969974663589e-17,214.184196596156,20524.689257906062,9.770545821441825,3.3217077730062304e-14,209.12647501873542,-46.27199561651661,-36.56195993748597,8.532472929395522e-16,8.061002156584316,0.0,0.0,0.0,-0.2554684896971867,5.961873970601718e-18,-0.05632444349015829,0.0,0.0,0.0,0.0,0.0,0.0,0.0,0.0,0.5,0.0,0.0,1.0,0.0,0.0,0.0
19.6,208.909487667645,-4.9831504153765135e-15,-45.08622788526685,0.0,-7.292113023867705e-05,0.0,0.5000002565749859,-0.5000002565749859,-0.5000002563669482,0.5000002563669481,6381295.125813678,4816.08331252586,7.456964683792883e-13,1.1764373113823077e-19,0.0007547186430200256,3159.943207805045,0.0,-1.1098833533341523e-16,0.0007547198333477609,1.5707963267948966,-6.48966784897689e-21,3.2732458318801196e-05,8.100936205021183e-21,-6.4957817856192494e-21,3.2732458318801196e-05,1.1733854958057817e-20,327.9477567998308,0.8943897789625348,68708.2013059326,267.6205747167372,0.6516870714895792,-0.2125569418266865,-2.3316335431586084e-17,213.7193133095338,20426.049560555402,9.770531713936437,3.317702202079865e-14,208.87561503075642,-45.24392941468583,-36.42155608096916,8.6876886820754e-16,7.86039396296376,0.0,0.0,0.0,-0.2544874492597118,6.07032749437927e-18,-0.054922738758443945,0.0,0.0,0.0,0.0,0.0,0.0,0.0,0.0,0.5,0.0,0.0,1.0,0.0,0.0,0.0
19.700000000000003,208.65936133762852,-5.073904908961808e-15,-44.05955235143673,0.0,-7.292113023867705e-05,0.0,0.49996305659403717,-0.49996305659403717,-0.49996305638495353,0.4999630563849534,6381299.544272484,4836.952355395183,7.487658186829022e-13,1.1812788013843518e-19,0.0007579884622934954,3164.377449720477,0.0,-1.1100474866311728e-16,0.0007578768748767918,1.5707963267948966,-3.803053632403424e-21,3.269333759421201e-05,8.09948578371734e-21,-3.809192044670319e-21,3.269333759421201e-05,1.1728599182012042e-20,327.9301113162643,0.8939807268909323,68669.4079411628,267.5917809146243,0.6503225559575709,-0.20809851164297313,-2.3792070331166292e-17,213.26034824352158,20329.11148777989,9.770518042430202,3.312536826158823e-14,208.5950763047643,-44.21116674554031,-36.28322474673483,8.822878562161383e-16,7.661400495809253,0.0,0.0,0.0,-0.2535208901065629,6.164788389109644e-18,-0.05353231656552843,0.0,0.0,0.0,0.0,0.0,0.0,0.0,0.0,0.5,0.0,0.0,1.0,0.0,0.0,0.0
19.8,208.40985167268593,-5.139708220097287e-15,-43.03374779706301,0.0,-7.292113023867705e-05,0.0,0.4999677351364702,-0.4999677351364702,-0.4999677349263232,0.49996773492632307,6381303.897085839,4857.80536172466,7.512961607758538e-13,1.1852699395145046e-19,0.0007612557718118105,3168.7461021132767,0.0,-1.1100263263932168e-16,0.0007611579476554726,1.5707963267948966,-6.500917470519414e-21,3.265431485909827e-05,8.100485729948929e-21,-6.507083219017269e-21,3.265431485909827e-05,1.1725198299787809e-20,327.91272683759234,0.8935777253530219,68631.18839223914,267.5634130188491,0.6489727183818911,-0.20362439198788826,-2.4152036257098952e-17,212.8064137278108,20233.534981368943,9.770504573175232,3.304977346070973e-14,208.350139335151,-43.18681437817184,-36.14639758037546,8.914258864429147e-16,7.463730455934636,0.0,0.0,0.0,-0.2525648409888695,6.228638324529771e-18,-0.05215114152372285,0.0,0.0,0.0,0.0,0.0,0.0,0.0,0.0,0.5,0.0,0.0,1.0,0.0,0.0,0.0
19.900000000000002,208.1612699188955,-5.229053055471269e-15,-42.00926846539942,0.0,-7.292113023867705e-05,0.0,0.4999736252210185,-0.4999736252210185,-0.4999736250098077,0.4999736250098076,6381308.149061568,4878.633870225489,7.543261244868181e-13,1.190049310272776e-19,0.0007645192499276484,3173.013966521248,0.0,-1.1099989888465661e-16,0.0007644390182418773,1.5707963267948966,-2.4693060690510746e-21,3.261543902363794e-05,8.099191185116895e-21,-2.475497406207126e-21,3.261543902363794e-05,1.1719499252690638e-20,327.89574343147433,0.8931840213533995,68593.85059607825,267.5356995910407,0.6476386074767241,-0.19913642670220755,-2.4623772917133372e-17,212.35794274467062,20139.467201010706,9.770491414692566,3.299799287724006e-14,208.10713522497477,-42.16395085442979,-36.01132640683057,9.046116371057323e-16,7.267489114176826,0.0,0.0,0.0,-0.25162106147688107,6.320770798092821e-18,-0.05077994918937491,0.0,0.0,0.0,0.0,0.0,0.0,0.0,0.0,0.5,0.0,0.0,1.0,0.0,0.0,0.0
20.0,207.91361792441182,-5.312970506162196e-15,-40.986124517969635,0.0,-7.292113023867705e-05,0.0,0.49997893721823894,-0.49997893721823894,-0.49997893700596446,0.49997893700596435,6381312.298820196,4899.437606951824,7.572340642961679e-13,1.1946361851354126e-19,0.0007677788540612154,3177.17966269205,0.0,-1.1099744097625959e-16,0.0007677145935934857,1.5707963267948966,-3.81912510179755e-21,3.2576710372245376e-05,8.099742070680242e-21,-3.825343391257567e-21,3.2576710372245376e-05,1.1715671170774512e-20,327.8791665904434,0.8927997422182439,68557.40662794211,267.50864959388394,0.6463202063359405,-0.19463492081048497,-2.507124468072557e-17,211.91493067270747,20046.898054908885,9.770478571235731,3.2941030378761864e-14,207.86457432458928,-41.14227760105145,-35.878004749908825,9.16817087701313e-16,7.07265192489931,0.0,0.0,0.0,-0.2506895063196642,6.406053644938505e-18,-0.0494185680553581,0.0,0.0,0.0,0.0,0.0,0.0,0.0,0.0,0.5,0.0,0.0,1.0,0.0,0.0,0.0
20.1,207.66688378044225,-5.380640733810621e-15,-39.96430643577462,0.0,-7.292113023867705e-05,0.0,0.4999836391888851,-0.4999836391888851,-0.49998363897554726,0.49998363897554715,6381316.346494293,4920.216663960238,7.597900397626092e-13,1.198667803661945e-19,0.0007710345987861184,3181.2433230280876,0.0,-1.1099530936602984e-16,0.0007709845669287814,1.5707963267948966,-2.4811653994533044e-21,3.253812703306955e-05,8.099348375735709e-21,-2.4874098714345393e-21,3.253812703306955e-05,1.1710925444766559e-20,327.86299578762134,0.8924248757336346,68521.8553294963,267.4822621676222,0.6450175175545315,-0.19012001274108575,-2.5443103393464862e-17,211.47737564092336,19955.816252779827,9.770466042394652,3.286806424058017e-14,207.62241993468933,-40.12178713572031,-35.746420110751515,9.261883292820465e-16,6.879194512295905,0.0,0.0,0.0,-0.24977008818424845,6.471533092356281e-18,-0.04806682780119722,0.0,0.0,0.0,0.0,0.0,0.0,0.0,0.0,0.5,0.0,0.0,1.0,0.0,0.0,0.0
20.200000000000003,207.4210599602156,-5.438135750786434e-15,-38.943811150226594,0.0,-7.292113023867705e-05,0.0,0.49998754423336456,-0.49998754423336456,-0.49998754401896367,0.49998754401896356,6381320.291725963,4940.971014331459,7.621242460253268e-13,1.202349566830338e-19,0.0007742864800712693,3185.2045896941177,0.0,-1.1099356656384246e-16,0.0007742483318201082,1.5707963267948966,-3.8351202820007114e-21,3.249968782805003e-05,8.099875421931466e-21,-3.84139159653037e-21,3.249968782805003e-05,1.1707129258588277e-20,327.8472324469667,0.8920594549093286,68487.19983129471,267.45653963586284,0.6437306190024429,-0.18559178070983456,-2.5767624890380456e-17,211.04530194496581,19866.217716848772,9.770453829270911,3.278515856542148e-14,207.3805112952959,-39.10245453041282,-35.61656837368742,9.337900259006097e-16,6.687099098830243,0.0,0.0,0.0,-0.24886277831330503,6.524648241478511e-18,-0.04672460421034658,0.0,0.0,0.0,0.0,0.0,0.0,0.0,0.0,0.5,0.0,0.0,1.0,0.0,0.0,0.0
20.3,207.17613029584567,-5.490798609938127e-15,-37.92462309446124,0.0,-7.292113023867705e-05,0.0,0.49999055362631173,-0.49999055362631173,-0.49999055341084814,0.499990553410848,6381324.135136736,4961.70086641277,7.64351121451986e-13,1.2058620165959626e-19,0.0007775345306738535,3189.0640838177255,0.0,-1.1099223837696614e-16,0.000777505582109327,1.5707963267948966,-6.535006620117917e-21,3.2461390210880894e-05,8.10086106631857e-21,-6.541305084182717e-21,3.2461390210880894e-05,1.1703820978244607e-20,327.83187409678374,0.891703422447251,68453.43469934672,267.43147796530656,0.6424594371042719,-0.1810504333176655,-2.6069857523544856e-17,210.6186813583746,19778.08433884398,9.770441929947598,3.269764868035698e-14,207.13875280444805,-38.08425917315031,-35.48842898321176,9.405514057941175e-16,6.496335063825173,0.0,0.0,0.0,-0.24796743307985727,6.571891866071304e-18,-0.04539168332769662,0.0,0.0,0.0,0.0,0.0,0.0,0.0,0.0,0.5,0.0,0.0,1.0,0.0,0.0,0.0
20.400000000000002,206.93208309922596,-5.5430775201438565e-15,-36.90673323253422,0.0,-7.292113023867705e-05,0.0,0.49999264540459054,-0.49999264540459054,-0.49999264518806463,0.4999926451880645,6381327.876856505,4982.406308768344,7.665657407350507e-13,1.2093551458550297e-19,0.0007807787646185025,3192.8219351246953,0.0,-1.1099131955168363e-16,0.0007807562282425236,1.5707963267948966,-6.544585035008953e-21,3.2423232344416165e-05,8.100895659767416e-21,-6.550909859107078e-21,3.2423232344416165e-05,1.1699590532731965e-20,327.81692022084565,0.8913567663803954,68420.55879873458,267.4070763135775,0.6412039734693982,-0.1764961176095517,-2.6370804641080932e-17,210.19751181610692,19691.405318693025,9.770430344023058,3.260997852858506e-14,206.89711721577356,-37.06719973532354,-35.36198987138113,9.472395396011005e-16,6.306878600979599,0.0,0.0,0.0,-0.24708396816185904,6.618623700072656e-18,-0.04406789881206111,0.0,0.0,0.0,0.0,0.0,0.0,0.0,0.0,0.5,0.0,0.0,1.0,0.0,0.0,0.0
20.5,206.68891088470767,-5.598631388304493e-15,-35.890138845026954,0.0,-7.292113023867705e-05,0.0,0.4999938738461783,-0.4999938738461783,-0.49999387362859055,0.49999387362859044,6381331.5165266115,5003.087312280592,7.688460707149257e-13,1.212951957414562e-19,0.0007840191775300608,3196.4777850182727,0.0,-1.1099077365180528e-16,0.0007840004004188967,1.5707963267948966,-6.5536240871178796e-21,3.2385213057079285e-05,8.10091843539645e-21,-6.559975209764546e-21,3.2385213057079285e-05,1.1695375797884209e-20,327.8023722461413,0.8910195197887669,68388.57526667434,267.38333700922783,0.6399643049132742,-0.1719289225574412,-2.6687879318686014e-17,209.78181735992928,19606.176906222317,9.770419072601317,3.252580597779823e-14,206.6556445982697,-36.051292489491274,-35.237247168946396,9.544795609253845e-16,6.118712150808876,0.0,0.0,0.0,-0.24621235652380044,6.669211724244574e-18,-0.04275312797048185,0.0,0.0,0.0,0.0,0.0,0.0,0.0,0.0,0.5,0.0,0.0,1.0,0.0,0.0,0.0
20.6,206.44659786372443,-5.660261452051879e-15,-34.87482497570087,0.0,-7.292113023867705e-05,0.0,0.4999943820387869,-0.4999943820387869,-0.49999438182013745,0.49999438182013733,6381335.054764065,5023.744080535858,7.712515704566637e-13,1.2167462553161132e-19,0.0007872558014158584,3200.0322501091287,0.0,-1.1099052769980694e-16,0.0007872385473804389,1.5707963267948966,-3.871281663323616e-21,3.234732986220316e-05,8.099983146734204e-21,-3.877658281508501e-21,3.234732986220316e-05,1.169022784787574e-20,327.78822744823185,0.8906916678140243,68357.48391008297,267.36025606002903,0.6387403572366547,-0.16734906324581506,-2.703452975597174e-17,209.3715695525688,19522.382548109086,9.77040811377958,3.244793119290901e-14,206.41443979617597,-35.03655315383693,-35.11418256499037,9.627450265526098e-16,5.93180627098486,0.0,0.0,0.0,-0.24535247022225684,6.726964810349413e-18,-0.0414471650812985,0.0,0.0,0.0,0.0,0.0,0.0,0.0,0.0,0.5,0.0,0.0,1.0,0.0,0.0,0.0
20.700000000000003,206.20513255742216,-5.7299498767892675e-15,-33.860783066297756,0.0,-7.292113023867705e-05,0.0,0.499994388401722,-0.499994388401722,-0.4999943881820112,0.4999943881820111,6381338.4916961305,5044.376698634723,7.738239578741551e-13,1.220803854600602e-19,0.0007904886497561122,3203.485457497649,0.0,-1.1099047803819411e-16,0.0007904713453024303,1.5707963267948966,-2.5328266158761396e-21,3.230958095554641e-05,8.099512933799935e-21,-2.53922904809446e-21,3.230958095554641e-05,1.1685566238800027e-20,327.7744779275742,0.8903743464538914,68327.42567602305,267.3378329612947,0.6375321452541046,-0.16275669526906,-2.7420388344410313e-17,208.9667660727105,19440.03696244803,9.77039746716442,3.2378338411225686e-14,206.17367353080232,-34.02301165569561,-34.9928294878604,9.723674504398581e-16,5.74614508120661,0.0,0.0,0.0,-0.24450454283030337,6.7941993377627274e-18,-0.04014989918447213,0.0,0.0,0.0,0.0,0.0,0.0,0.0,0.0,0.5,0.0,0.0,1.0,0.0,0.0,0.0
20.8,205.96450752430175,-5.808906786236196e-15,-32.848010753479095,0.0,-7.292113023867705e-05,0.0,0.49999419186828614,-0.49999419186828614,-0.49999419164751396,0.49999419164751385,6381341.826963348,5064.985135211163,7.765881995648902e-13,1.225164142982174e-19,0.000793717717823774,3206.8370477814847,0.0,-1.1099048786663262e-16,0.000793699719040446,1.5707963267948966,-3.883300553274941e-21,3.227196517248311e-05,8.099993583846913e-21,-3.889729515354931e-21,3.227196517248311e-05,1.1681872191424765e-20,327.7611328232942,0.890066392217173,68298.25559432028,267.316069712499,0.6363397295095391,-0.15815191841309967,-2.785145957771819e-17,208.56743065429623,19359.11038995837,9.770387133862467,3.231824311224935e-14,205.9335860658889,-33.01071120879626,-34.87313698081569,9.83542173398161e-16,5.561703013434908,0.0,0.0,0.0,-0.24366821829914956,6.8722802065625206e-18,-0.038861151629066795,0.0,0.0,0.0,0.0,0.0,0.0,0.0,0.0,0.5,0.0,0.0,1.0,0.0,0.0,0.0
20.900000000000002,205.72470735208938,-5.8974272805201636e-15,-31.83649368472123,0.0,-7.292113023867705e-05,0.0,0.499994173861513,-0.499994173861513,-0.49999417363967946,0.49999417363967935,6381345.061178247,5085.569589140699,7.795495472354437e-13,1.2298354053071774e-19,0.0007969430368842467,3210.0876330969236,0.0,-1.109903868343321e-16,0.0007969249079034985,1.5707963267948966,-5.23225666156729e-21,3.223448008550013e-05,8.10048162935949e-21,-5.238712136584028e-21,3.223448008550013e-05,1.1678196471213729e-20,327.74818989282477,0.889767718621975,68269.9645947639,267.2949623303429,0.6351630336175085,-0.1535349540440898,-2.8329383549989596e-17,208.17353460267367,19279.585322633753,9.770377111984887,3.226794592344273e-14,205.6944763555965,-31.999688750882655,-34.755084472765006,9.963098812387704e-16,5.378451042494742,0.0,0.0,0.0,-0.2428433528929121,6.961491699724056e-18,-0.03758071960818603,0.0,0.0,0.0,0.0,0.0,0.0,0.0,0.0,0.5,0.0,0.0,1.0,0.0,0.0,0.0
21.0,205.48572077135466,-5.995011879940459e-15,-30.826223779450835,0.0,-7.292113023867705e-05,0.0,0.4999947914589221,-0.4999947914589221,-0.49999479123602686,0.49999479123602675,6381348.194465465,5106.130142060505,7.826960326861671e-13,1.2347987599976748e-19,0.0008001646198734123,3213.237337916158,0.0,-1.1098997367785721e-16,0.0008001483946248351,1.5707963267948966,-6.5797738440657805e-21,3.2197123923278394e-05,8.100983476347252e-21,-6.586255832297593e-21,3.2197123923278394e-05,1.1674538819818249e-20,327.73564864055226,0.8894783142314163,68242.55159402816,267.2745100065775,0.6340020566949635,-0.14890596621539115,-2.885198502136289e-17,207.78507529036804,19201.451896496386,9.770367401146496,3.222695652007009e-14,205.45670824674838,-30.98999071423514,-34.638660701969656,1.0105771906389476e-15,5.19636645413192,0.0,0.0,0.0,-0.2420298679227192,7.061181322237122e-18,-0.036308444411076266,0.0,0.0,0.0,0.0,0.0,0.0,0.0,0.0,0.5,0.0,0.0,1.0,0.0,0.0,0.0
21.1,205.24754047675628,-6.092774712235937e-15,-29.8171990390581,0.0,-7.292113023867705e-05,0.0,0.49999578475208734,-0.49999578475208734,-0.4999957845281302,0.4999957845281301,6381351.226464907,5126.666760389868,7.858393068091648e-13,1.239757063281931e-19,0.0008033824617176192,3216.285802203541,0.0,-1.1098939362953048e-16,0.0008033693635359476,1.5707963267948966,-6.582021369690082e-21,3.215989554255225e-05,8.101012160972367e-21,-6.5885294739740556e-21,3.215989554255225e-05,1.1670416852286887e-20,327.7235105000387,0.8891982121266598,68216.0197256313,267.2547150790618,0.6328568732137394,-0.14426506549250567,-2.9376636115787974e-17,207.4020761770916,19124.707008514808,9.770358002456,3.21863836040743e-14,205.22005927352598,-29.981576211831264,-34.5238622829342,1.02484098462375e-15,5.01543210415369,0.0,0.0,0.0,-0.24122773973318135,7.160846381574196e-18,-0.03504420624653823,0.0,0.0,0.0,0.0,0.0,0.0,0.0,0.0,0.5,0.0,0.0,1.0,0.0,0.0,0.0
21.200000000000003,205.0101515787327,-6.1784945561556125e-15,-28.809405713585626,0.0,-7.292113023867705e-05,0.0,0.49999665073927096,-0.49999665073927096,-0.4999966505142521,0.49999665051425196,6381354.157784954,5147.179638465855,7.887239920554909e-13,1.2443074263590523e-19,0.00080659659296739,3219.233633951284,0.0,-1.109889105449935e-16,0.0008065862366967534,1.5707963267948966,-3.895665866929567e-21,3.21227925978946e-05,8.100070582822007e-21,-3.902199271545578e-21,3.21227925978946e-05,1.1665341702098342e-20,327.71177305042767,0.8889273564435446,68190.36369800095,267.2355735998531,0.631727406206553,-0.13961247921746867,-2.984426877704663e-17,207.024508413945,19049.33442456156,9.770348914037502,3.213399209141632e-14,204.98410101741553,-28.97436870551546,-34.410670417105166,1.0370516700663196e-15,4.835620010331918,0.0,0.0,0.0,-0.24043683697362486,7.246165805738391e-18,-0.033787809595032685,0.0,0.0,0.0,0.0,0.0,0.0,0.0,0.0,0.5,0.0,0.0,1.0,0.0,0.0,0.0
21.3,204.77354312900144,-6.246465174148107e-15,-27.802836197798513,0.0,-7.292113023867705e-05,0.0,0.4999973696171128,-0.4999973696171128,-0.4999973693910321,0.499997369391032,6381356.988547934,5167.668854606421,7.912319413455955e-13,1.2482634587738903e-19,0.0008098070260368749,3222.0809553219005,0.0,-1.1098855186606383e-16,0.0008097989574401221,1.5707963267948966,-6.593050878324662e-21,3.208581336840632e-05,8.101053762117421e-21,-6.599611102498387e-21,3.208581336840632e-05,1.1662209067090137e-20,327.70043580530165,0.8886657359574105,68165.58244791334,267.21708477570036,0.630613653656706,-0.13494837970550175,-3.022692263584339e-17,206.65236912807612,18975.324733972346,9.770340135513072,3.206407339220333e-14,204.74880666215645,-27.96835992490279,-34.29907423827272,1.0462678403719423e-15,4.6569079589646,0.0,0.0,0.0,-0.2396570837188473,7.310561727422983e-18,-0.032539099243302186,0.0,0.0,0.0,0.0,0.0,0.0,0.0,0.0,0.5,0.0,0.0,1.0,0.0,0.0,0.0
21.400000000000002,204.53770790023177,-6.29366585630466e-15,-26.797488847715744,0.0,-7.292113023867705e-05,0.0,0.4999979323361227,-0.4999979323361227,-0.4999979321089804,0.4999979321089803,6381359.718393172,5188.134373033314,7.933004811143165e-13,1.251526286534416e-19,0.0008130137555085195,3224.827405698287,0.0,-1.1098833150142425e-16,0.000813007485297542,1.5707963267948966,-6.603209725556667e-21,3.2048956723064306e-05,8.10106421561083e-21,-6.609795950677341e-21,3.2048956723064306e-05,1.1658121771357082e-20,327.68950020053836,0.8884133838028454,68141.67911394732,267.19925094823805,0.6295156885528546,-0.13027288827108563,-3.050946668196262e-17,206.28568138769614,18902.675131293905,9.770331667993336,3.1973605426504915e-14,204.51416200378318,-26.963549007431457,-34.189070565037696,1.0520044376008962e-15,4.4792789760570955,0.0,0.0,0.0,-0.23888845773953588,7.350644913132601e-18,-0.03129795658936853,0.0,0.0,0.0,0.0,0.0,0.0,0.0,0.0,0.5,0.0,0.0,1.0,0.0,0.0,0.0
21.5,204.30263133793233,-6.320088575458458e-15,-25.793350472909275,0.0,-7.292113023867705e-05,0.0,0.49999834294461665,-0.49999834294461665,-0.49999834271641275,0.49999834271641264,6381362.347924998,5208.576383667065,7.949293194442569e-13,1.2540954500587334e-19,0.0008162168112371328,3227.473589023886,0.0,-1.1098824770101975e-16,0.0008162118572269011,1.5707963267948966,-3.926103623038072e-21,3.2012220369116846e-05,8.100093842112121e-21,-3.9327150148178436e-21,3.2012220369116846e-05,1.1653071387753436e-20,327.6789638314021,0.8881702444877024,68118.64843976841,267.18206819581405,0.6284334322678892,-0.1255862379326961,-3.069130342027391e-17,205.92441595812912,18831.369935425704,9.770323509615029,3.1862576748110894e-14,204.28015620309557,-25.959925110400075,-34.080641090078025,1.0542823832332111e-15,4.30270588178282,0.0,0.0,0.0,-0.23813083111738628,7.366561547013685e-18,-0.030064191720293242,0.0,0.0,0.0,0.0,0.0,0.0,0.0,0.0,0.5,0.0,0.0,1.0,0.0,0.0,0.0
21.6,204.06830270894056,-6.328424789399022e-15,-24.79041391256625,0.0,-7.292113023867705e-05,0.0,0.49999861626782754,-0.49999861626782754,-0.4999986160385621,0.499998616038562,6381364.877263615,5228.994961621666,7.961739280959222e-13,1.2560584635686423e-19,0.0008194162051332152,3230.019625339657,0.0,-1.1098828512572328e-16,0.0008194121278822006,1.5707963267948966,-2.5970708859551542e-21,3.197560261946406e-05,8.099600113085487e-21,-2.6037077957761023e-21,3.197560261946406e-05,1.1648514694499037e-20,327.66882621992295,0.8879363069822555,68096.48938061747,267.1655357389531,0.627366881174481,-0.1208886090331068,-3.078498236783293e-17,205.5685695636961,18761.400152171846,9.770315660006906,3.1733676611152254e-14,204.0467910400849,-24.957484389022635,-33.973775285512765,1.0535711761809605e-15,4.127166935384502,0.0,0.0,0.0,-0.23738413029119312,7.361592147347717e-18,-0.02883765272741404,0.0,0.0,0.0,0.0,0.0,0.0,0.0,0.0,0.5,0.0,0.0,1.0,0.0,0.0,0.0
21.700000000000003,203.83471484675854,-6.324129300692426e-15,-23.788677865585665,0.0,-7.292113023867705e-05,0.0,0.4999987782596618,-0.4999987782596618,-0.49999877802933484,0.49999877802933473,6381367.306047951,5249.390068986785,7.971468586779622e-13,1.2575928913480953e-19,0.0008226119314455614,3232.4651536283395,0.0,-1.1098841448332975e-16,0.0008226083716556125,1.5707963267948966,-3.960544026800591e-21,3.193910235262746e-05,8.10007797654973e-21,-3.967207218128655e-21,3.193910235262746e-05,1.1644945566070862e-20,327.6590888035718,0.8877116044578609,68075.20507855604,267.1496559218883,0.6263161065431403,-0.1161801334948567,-3.081661567689908e-17,205.21816480472464,18692.76325910014,9.770308120280946,3.1592358827317855e-14,203.8140809019988,-23.95622967174858,-33.86847015092988,1.0507954192180474e-15,3.9526453173318954,0.0,0.0,0.0,-0.23664833429625068,7.34219716851468e-18,-0.02761822208803803,0.0,0.0,0.0,0.0,0.0,0.0,0.0,0.0,0.5,0.0,0.0,1.0,0.0,0.0,0.0
21.8,203.60185356829373,-6.315591716817148e-15,-22.788129691618828,0.0,-7.292113023867705e-05,0.0,0.4999988675428607,-0.4999988675428607,-0.49999886731147236,0.49999886731147225,6381369.634878461,5269.761891377435,7.9802143936113e-13,1.258972179320019e-19,0.0008258040193507112,3234.8107739646607,0.0,-1.1098859126658433e-16,0.0008258007409999175,1.5707963267948966,-5.324678433578057e-21,3.190271733421387e-05,8.10055623763018e-21,-5.3313678782864446e-21,3.190271733421387e-05,1.1641391130034857e-20,327.64974919301727,0.8874960817778403,68054.79031092046,267.1344248480886,0.6252810280864898,-0.1114610496563398,-3.082683628422084e-17,204.87317205777163,18625.444113181886,9.770300888585961,3.1447010185964356e-14,203.58204332824903,-22.956153223876115,-33.764707858083234,1.047358388720689e-15,3.779114625372803,0.0,0.0,0.0,-0.2359233185616901,7.318181689265082e-18,-0.026405715322353262,0.0,0.0,0.0,0.0,0.0,0.0,0.0,0.0,0.5,0.0,0.0,1.0,0.0,0.0,0.0
21.900000000000002,203.3697083555034,-6.313901190903597e-15,-21.788762674275002,0.0,-7.292113023867705e-05,0.0,0.49999893357125075,-0.49999893357125075,-0.4999989333388009,0.4999989333388008,6381371.8638732275,5290.110500703644,7.990267607459856e-13,1.2605577447933708e-19,0.0008289924802555575,3237.0566042652354,0.0,-1.1098875735500662e-16,0.0008289894085262516,1.5707963267948966,-6.6877249154335104e-21,3.186644591091462e-05,8.101038184435692e-21,-6.6944405895172794e-21,3.186644591091462e-05,1.1637852633797133e-20,327.640806918748,0.8872897281076594,68035.24405144052,267.1198417518731,0.6242616404255146,-0.10673154567863004,-3.0869752323176475e-17,204.5335875974369,18559.434121160193,9.770293964557398,3.130871828875824e-14,203.35070821274496,-21.95725354761892,-33.66247819790953,1.0450994049271632e-15,3.6065535738491845,0.0,0.0,0.0,-0.23520901175397282,7.302397546977055e-18,-0.025199983701601193,0.0,0.0,0.0,0.0,0.0,0.0,0.0,0.0,0.5,0.0,0.0,1.0,0.0,0.0,0.0
22.0,203.1382721058347,-6.333109532427601e-15,-20.79057586176288,0.0,-7.292113023867705e-05,0.0,0.49999903780312693,-0.49999903780312693,-0.4999990375696156,0.4999990375696155,6381373.992670748,5310.4358568766465,8.004531114616356e-13,1.262807551644955e-19,0.0008321773080680005,3239.202283087497,0.0,-1.109888396357613e-16,0.0008321745718360064,1.5707963267948966,-6.702173824195126e-21,3.183028697127654e-05,8.10103471835712e-21,-6.708915298515218e-21,3.183028697127654e-05,1.1633838529529252e-20,327.63226341992817,0.8870925766577524,68016.56944587934,267.1059089802364,0.6232580129463943,-0.10199176398202492,-3.101433565426873e-17,204.19943350279388,18494.731033963886,9.770287349308662,3.119153465887387e-14,203.12011846046033,-20.9595351155645,-33.561778336172374,1.0463336506244271e-15,3.434945486801931,0.0,0.0,0.0,-0.23450539406950813,7.311021561792848e-18,-0.02400091070626002,0.0,0.0,0.0,0.0,0.0,0.0,0.0,0.0,0.5,0.0,0.0,1.0,0.0,0.0,0.0
22.1,202.90753101448823,-6.3808425816426814e-15,-19.793557150321682,0.0,-7.292113023867705e-05,0.0,0.49999922466148866,-0.49999922466148866,-0.49999922442691586,0.49999922442691574,6381376.02186775,5330.738141311909,8.02460251009144e-13,1.2659736382416756e-19,0.0008353585313029652,3241.2484067756063,0.0,-1.1098879316369079e-16,0.0008353564093233583,1.5707963267948966,-4.021500316676559e-21,3.1794238340336664e-05,8.100049296748893e-21,-4.028266743859638e-21,3.1794238340336664e-05,1.1628850613521153e-20,327.6241163220805,0.8869045726342172,67998.76130404173,267.09262266087154,0.6222700636159412,-0.09724194783591139,-3.1298482553907784e-17,203.8706797308202,18431.320227011307,9.770281041000219,3.110308309782814e-14,202.89029617159642,-19.962988929894788,-33.46259090269186,1.0522995963386857e-15,3.264264714891594,0.0,0.0,0.0,-0.23381234413806204,7.352707268572324e-18,-0.02280831711732667,0.0,0.0,0.0,0.0,0.0,0.0,0.0,0.0,0.5,0.0,0.0,1.0,0.0,0.0,0.0
22.200000000000003,202.67747479022563,-6.441353686998434e-15,-18.797700247851758,0.0,-7.292113023867705e-05,0.0,0.49999944063284274,-0.49999944063284274,-0.49999944039720845,0.49999944039720834,6381377.951580503,5351.017422872692,8.04728716847684e-13,1.2695520149588368e-19,0.0008385361608883705,3243.1950914375484,0.0,-1.1098869212353107e-16,0.0008385347555635861,1.5707963267948966,-2.6840722950446312e-21,3.175829840040138e-05,8.099558276586504e-21,-2.6908640553683348e-21,3.175829840040138e-05,1.1624367432552174e-20,327.61636516289525,0.886725705368701,67981.8186153986,267.0799820398419,0.6212977851976221,-0.09248229286769655,-3.1645484801695646e-17,203.54732207020223,18369.19349408685,9.770275039273224,3.1027615106715836e-14,202.6611874318075,-18.96760365788977,-33.364905990761855,1.060380096221302e-15,3.094490407783299,0.0,0.0,0.0,-0.23312979273874893,7.409167948047381e-18,-0.021622057247765513,0.0,0.0,0.0,0.0,0.0,0.0,0.0,0.0,0.5,0.0,0.0,1.0,0.0,0.0,0.0
22.3,202.44809636262474,-6.5137265141106375e-15,-17.80300454950654,0.0,-7.292113023867705e-05,0.0,0.49999965494601406,-0.49999965494601406,-0.4999996547093183,0.4999996547093182,6381379.781447174,5371.273659283907,8.072397787314339e-13,1.2735131325403041e-19,0.0008417101903899876,3245.0419752976545,0.0,-1.1098855314609577e-16,0.000841709501649566,1.5707963267948966,-4.0353676688863515e-21,3.172246604505135e-05,8.10006221577146e-21,-4.0421855675386354e-21,3.172246604505135e-05,1.1620889955010208e-20,327.60901138286283,0.8865560081022454,67965.74452861221,267.0679894663051,0.6203412449215872,-0.08771295181456154,-3.2051108407842037e-17,203.2293819904709,18308.348843491654,9.770269345242236,3.0964212932325434e-14,202.43276018317536,-17.973376123846627,-33.268720905944804,1.0704142813432148e-15,2.925606021313602,0.0,0.0,0.0,-0.232457721044791,7.479279564678984e-18,-0.020442015498947377,0.0,0.0,0.0,0.0,0.0,0.0,0.0,0.0,0.5,0.0,0.0,1.0,0.0,0.0,0.0
22.400000000000002,202.21938224107407,-6.597799203809289e-15,-16.80945847696609,0.0,-7.292113023867705e-05,0.0,0.4999998456858015,-0.4999998456858015,-0.49999984544804416,0.49999984544804404,6381381.512060838,5391.507027796631,8.099900243141081e-13,1.2778516073646912e-19,0.00084488064766669,3246.789651050853,0.0,-1.1098838651338278e-16,0.0008448806012782884,1.5707963267948966,-2.6941675590285673e-21,3.168673914869946e-05,8.09957346444938e-21,-2.7010107307132726e-21,3.168673914869946e-05,1.1616430625622368e-20,327.6020526220362,0.88639542637625,67950.53388524789,267.0566410916501,0.619400358715142,-0.08293417249196264,-3.2514797937366564e-17,202.91682893012342,18248.772137701286,9.770263957079113,3.0912711502472857e-14,202.20498317502674,-16.98029330214202,-33.17401869316767,1.082366557308342e-15,2.757586635484063,0.0,0.0,0.0,-0.23179601058642055,7.562793410612732e-18,-0.019268017747975805,0.0,0.0,0.0,0.0,0.0,0.0,0.0,0.0,0.5,0.0,0.0,1.0,0.0,0.0,0.0
22.5,201.99132229313432,-6.6929502653317925e-15,-15.817056172033109,0.0,-7.292113023867705e-05,0.0,0.49999999643606846,-0.49999999643606846,-0.4999999961972496,0.4999999961972495,6381383.143535774,5411.717594105367,8.129666334526325e-13,1.282547214068783e-19,0.0008480475431483682,3248.4382328167558,0.0,-1.1098820154556243e-16,0.0008480480082915348,1.5707963267948966,-2.696514454648456e-21,3.165111611860258e-05,8.099584279502705e-21,-2.7033832901413497e-21,3.165111611860258e-05,1.1612481821864864e-20,327.59548842602265,0.8862439497050606,67936.18569208209,267.04593617485153,0.6184751171464921,-0.07814615777343512,-3.303371778386707e-17,202.60965808094664,18190.45553147365,9.770258874431274,3.08724872583605e-14,201.9778330611426,-15.988348569327115,-33.0807897086287,1.0961266936826095e-15,2.5904118211437637,0.0,0.0,0.0,-0.23114459397973713,7.658939275428839e-18,-0.01809992125074354,0.0,0.0,0.0,0.0,0.0,0.0,0.0,0.0,0.5,0.0,0.0,1.0,0.0,0.0,0.0
22.6,201.763909504127,-6.79808383030373e-15,-14.825797357636056,0.0,-7.292113023867705e-05,0.0,0.5000000958902396,-0.5000000958902396,-0.5000000956503593,0.5000000956503592,6381384.675510178,5431.905313906787,8.161470740255104e-13,1.28756440568334e-19,0.0008512108700834009,3249.9873588442183,0.0,-1.1098800682210183e-16,0.0008512116759301412,1.5707963267948966,-6.733269838273962e-21,3.161559585707003e-05,8.10110076536877e-21,-6.7401655890007696e-21,3.161559585707003e-05,1.1610049799188347e-20,327.5893201509488,0.8861016243479635,67922.7047072167,267.0358770685554,0.6175655853459278,-0.07334907036640938,-3.360266565882981e-17,202.30789026930378,18133.397550566293,9.77025409841332,3.084244335167948e-14,201.7512938204901,-14.99754143765177,-32.98903187371461,1.1115079226688923e-15,2.424065189185862,0.0,0.0,0.0,-0.23050345670089684,7.766412161059994e-18,-0.016937611492044615,0.0,0.0,0.0,0.0,0.0,0.0,0.0,0.0,0.5,0.0,0.0,1.0,0.0,0.0,0.0
22.700000000000003,201.53713073474495,-6.911488759465448e-15,-13.835670951337859,0.0,-7.292113023867705e-05,0.0,0.5000001386686405,-0.5000001386686405,-0.5000001384276989,0.5000001384276987,6381386.108573871,5452.070360534955,8.194962256300709e-13,1.292847775701758e-19,0.0008543706557133861,3251.4376185781634,0.0,-1.1098781027794964e-16,0.0008543716110837065,1.5707963267948966,-4.0420342994553415e-21,3.158017629369973e-05,8.100112851671183e-21,-4.048954804953619e-21,3.158017629369973e-05,1.1605124510380647e-20,327.58354231180226,0.8859688810169288,67910.14574257033,267.0264600810874,0.6166716831274023,-0.06854316206620062,-3.4213346965601353e-17,202.01149441810793,18077.594422535676,9.770249627207276,3.082086591927e-14,201.52534807602098,-14.007861148949821,-32.89874663969622,1.1282253339996864e-15,2.258523754709762,0.0,0.0,0.0,-0.22987260889032893,7.883221320952592e-18,-0.015780927870044485,0.0,0.0,0.0,0.0,0.0,0.0,0.0,0.0,0.5,0.0,0.0,1.0,0.0,0.0,0.0
22.8,201.3109760563174,-7.030992471464507e-15,-12.846671504175314,0.0,-7.292113023867705e-05,0.0,0.5000001245780529,-0.5000001245780529,-0.5000001243360498,0.5000001243360497,6381387.442839535,5472.212796731483,8.229695215650549e-13,1.2983270151796628e-19,0.0008575269100039942,3252.7891245437786,0.0,-1.109876190312074e-16,0.000857527820911736,1.5707963267948966,-6.7311827278926365e-21,3.1544855867739874e-05,8.101136359234023e-21,-6.738129676850268e-21,3.1544855867739874e-05,1.1602221826075899e-20,327.57815780165225,0.8858451931175094,67898.4439969778,267.0176843371505,0.615793392565722,-0.06372864251312861,-3.48551272037447e-17,201.72046512310888,18023.028065188697,9.770245460465608,3.0805580762543474e-14,201.2999858803703,-13.019302917654624,-32.809905358682485,1.1459196218979352e-15,2.093765995690964,0.0,0.0,0.0,-0.22925185037732396,8.006856186626143e-18,-0.014629720004426996,0.0,0.0,0.0,0.0,0.0,0.0,0.0,0.0,0.5,0.0,0.0,1.0,0.0,0.0,0.0
22.900000000000002,201.0854385152342,-7.153909394339812e-15,-11.858799071372248,0.0,-7.292113023867705e-05,0.0,0.5000000586071308,-0.5000000586071308,-0.5000000583640664,0.5000000583640662,6381388.677945396,5492.332576134193,8.265118914030965e-13,1.3039152445331729e-19,0.000860679625881426,3254.0415150166177,0.0,-1.1098743955198379e-16,0.000860680313356542,1.5707963267948966,-6.72908988096869e-21,3.150963349105635e-05,8.101154550433506e-21,-6.7360623843450504e-21,3.150963349105635e-05,1.159832509229806e-20,327.57316817572064,0.8857305761267008,67887.60042316568,267.00955218059465,0.614930776012379,-0.058905684124694546,-3.55147630651091e-17,201.43482252021585,17969.696625165692,9.770241599302953,3.0793901768989826e-14,201.07520445514706,-12.031867709058382,-32.72250493647971,1.1641510003853298e-15,1.9297755714942668,0.0,0.0,0.0,-0.22864115954189784,8.134243852255556e-18,-0.013483873718670906,0.0,0.0,0.0,0.0,0.0,0.0,0.0,0.0,0.5,0.0,0.0,1.0,0.0,0.0,0.0
23.0,200.8605053205441,-7.27700154928879e-15,-10.872043060453741,0.0,-7.292113023867705e-05,0.0,0.49999995167701955,-0.49999995167701955,-0.49999995143289366,0.49999995143289355,6381389.81447804,5512.429868202862,8.300569659814101e-13,1.3095077590676782e-19,0.0008638288299767537,3255.195376210846,0.0,-1.109872774597992e-16,0.000863829150830749,1.5707963267948966,-5.381588786991336e-21,3.147450714796218e-05,8.10066580627398e-21,-5.388586377513333e-21,3.147450714796218e-05,1.1593932641670658e-20,327.56857109848227,0.8856249763950186,67877.60994551521,267.0020598049509,0.6140837452708688,-0.054074542215634,-3.6176177352410153e-17,201.15453498502643,17917.586906425957,9.770238041911442,3.078258874540373e-14,200.85099988034244,-11.045546034757676,-32.63652922799511,1.182392989851415e-15,1.7665289780246107,0.0,0.0,0.0,-0.22804042357383814,8.261705659717216e-18,-0.012343224783186862,0.0,0.0,0.0,0.0,0.0,0.0,0.0,0.0,0.5,0.0,0.0,1.0,0.0,0.0,0.0
23.1,200.63616674734521,-7.396545264369172e-15,-9.886398431690623,0.0,-7.292113023867705e-05,0.0,0.4999998198174195,-0.4999998198174195,-0.4999998195722322,0.4999998195722321,6381390.8525485555,5532.50473272621,8.335284320405512e-13,1.3149841663304546e-19,0.0008669745317914613,3256.250819056295,0.0,-1.1098713767036746e-16,0.0008669743968859048,1.5707963267948966,-2.689245067757614e-21,3.143947530968967e-05,8.099665328280855e-21,-2.696267269340878e-21,3.143947530968967e-05,1.158903965872682e-20,327.5643661279837,0.8855283837703226,67868.47160356253,266.9952064899176,0.6132522864197982,-0.04923543281984463,-3.6820789139690255e-17,200.87959647763793,17866.691767060456,9.770234787948583,3.0767916918330525e-14,200.6273753875756,-10.060333983753573,-32.55196910349353,1.2000434259768e-15,1.604006603148873,0.0,0.0,0.0,-0.22744957868116936,8.385034120969253e-18,-0.01120763616259609,0.0,0.0,0.0,0.0,0.0,0.0,0.0,0.0,0.5,0.0,0.0,1.0,0.0,0.0,0.0
23.200000000000003,200.41241590604352,-7.508242823486442e-15,-8.901865578522816,0.0,-7.292113023867705e-05,0.0,0.4999996845469203,-0.4999996845469203,-0.4999996843006717,0.4999996843006716,6381391.791795173,5552.557121240488,8.368382215510152e-13,1.3202055295732085e-19,0.0008701167239228878,3257.2074818316228,0.0,-1.1098702451217188e-16,0.0008701161180622504,1.5707963267948966,-6.724967982264327e-21,3.140453689811722e-05,8.10120320040048e-21,-6.7320169688553596e-21,3.140453689811722e-05,1.158669624019743e-20,327.5605547053522,0.8854408313568346,67860.18852919992,266.98899458426285,0.6124364594699659,-0.04438853777020742,-3.7427059115905697e-17,200.61002639509056,17817.0099483822,9.770231838529128,3.0745588566611097e-14,200.4043414126564,-9.076233022554879,-32.46882223019661,1.2164105875290761e-15,1.4421922601202046,0.0,0.0,0.0,-0.2268686085641262,8.499395989138767e-18,-0.010076994755637675,0.0,0.0,0.0,0.0,0.0,0.0,0.0,0.0,0.5,0.0,0.0,1.0,0.0,0.0,0.0
23.3,200.1892403510959,-7.607351848841845e-15,-7.9184343925168585,0.0,-7.292113023867705e-05,0.0,0.4999995728527806,-0.4999995728527806,-0.49999957260547073,0.4999995726054706,6381392.632801268,5572.58719937391,8.398891758861714e-13,1.3250185705042459e-19,0.0008732554323983274,3258.0659475456923,0.0,-1.1098694132070467e-16,0.000873254434548026,1.5707963267948966,-6.726552738234246e-21,3.1369689951802746e-05,8.101215042555425e-21,-6.733627159296361e-21,3.1369689951802746e-05,1.1582837891607309e-20,327.557134507833,0.8853622657984143,67852.75567456106,266.9834203023308,0.6116361740344093,-0.03953411540912756,-3.7971110729322634e-17,200.3457925362456,17768.528690576994,9.770229191855229,3.0710859690203965e-14,200.18190708455822,-8.093233958638002,-32.387072826978034,1.2307346964471422e-15,1.2810631141659603,0.0,0.0,0.0,-0.22629740295563028,8.599482485535928e-18,-0.008951141009462414,0.0,0.0,0.0,0.0,0.0,0.0,0.0,0.0,0.5,0.0,0.0,1.0,0.0,0.0,0.0
23.400000000000002,199.96663056136907,-7.688597577903266e-15,-6.936100243177711,0.0,-7.292113023867705e-05,0.0,0.49999951698761946,-0.49999951698761946,-0.49999951673924814,0.49999951673924803,6381393.375676337,5592.595023962297,8.4257323522839e-13,1.3292528131308274e-19,0.0008763906662551096,3258.8263255329803,0.0,-1.1098689080882022e-16,0.0008763894693322997,1.5707963267948966,-6.730936253156822e-21,3.133493297395594e-05,8.101223363000023e-21,-6.738036079092017e-21,3.133493297395594e-05,1.157898703637563e-20,327.55410509982846,0.8852926770889262,67846.17209299518,266.9784829341789,0.6108514137740784,-0.03467238775478311,-3.842629393431004e-17,200.08688818773328,17721.241178827524,9.770226847589434,3.065845500312954e-14,199.96008859917873,-7.111332801987522,-32.30671198971247,1.242173790981044e-15,1.1205999333941208,0.0,0.0,0.0,-0.22573589964010402,8.679410591389003e-18,-0.007829940545540917,0.0,0.0,0.0,0.0,0.0,0.0,0.0,0.0,0.5,0.0,0.0,1.0,0.0,0.0,0.0
23.5,199.74457971402487,-7.746207186949642e-15,-5.954863867798905,0.0,-7.292113023867705e-05,0.0,0.49999955522355033,-0.49999955522355033,-0.4999995549741176,0.49999955497411747,6381394.020058592,5612.580544399659,8.447721040158583e-13,1.3327216335682833e-19,0.0008795224177553483,3259.488254056312,0.0,-1.1098687462656884e-16,0.0008795213514226775,1.5707963267948966,-5.393633404051855e-21,3.130026489689036e-05,8.100714346332097e-21,-5.4007581542342314e-21,3.130026489689036e-05,1.1574629789037407e-20,327.55146792252907,0.8852320983340412,67840.44091653166,266.974184828678,0.6100822359976703,-0.02980354571767195,-3.876334011596236e-17,199.8333319604256,17675.146380150287,9.770224806846672,3.058260221544766e-14,199.73890957096833,-6.130530563834614,-32.227737478205725,1.2498097546452107e-15,0.9607866313169706,0.0,0.0,0.0,-0.2251840829646934,8.732765173802054e-18,-0.006713280963150456,0.0,0.0,0.0,0.0,0.0,0.0,0.0,0.0,0.5,0.0,0.0,1.0,0.0,0.0,0.0
23.6,199.52307567181523,-7.798461252680628e-15,-4.97471559419965,0.0,-7.292113023867705e-05,0.0,0.4999997114393206,-0.4999997114393206,-0.4999997111888263,0.4999997111888262,6381394.566528819,5632.543922825123,8.468549193839132e-13,1.3360073867960977e-19,0.0008826507123761982,3260.0523135326803,0.0,-1.1098682392722242e-16,0.0008826501941374158,1.5707963267948966,-2.7117417660549704e-21,3.1265683807588616e-05,8.099689201004745e-21,-2.7188909573724238e-21,3.1265683807588616e-05,1.1569764989613525e-20,327.5492206635062,0.8851804764148231,67835.55711974537,266.9705222170021,0.6093285479511076,-0.02492784994133921,-3.9073367032475523e-17,199.58509101433026,17630.231946164942,9.770223067837211,3.050157973058502e-14,199.51837662853382,-5.150816965695276,-32.150133843427795,1.2566043477125394e-15,0.8016010196904713,0.0,0.0,0.0,-0.22464184498276824,8.780240867993101e-18,-0.00560100722691538,0.0,0.0,0.0,0.0,0.0,0.0,0.0,0.0,0.5,0.0,0.0,1.0,0.0,0.0,0.0
23.700000000000003,199.30210907693095,-7.859065683227266e-15,-3.9956511681128206,0.0,-7.292113023867705e-05,0.0,0.49999995099860883,-0.49999995099860883,-0.499999950747053,0.4999999507470529,6381395.015195397,5652.485213345717,8.490995726887038e-13,1.3395484773384506e-19,0.0008857755587259143,3260.518612184562,0.0,-1.1098671026616877e-16,0.0008857758877750692,1.5707963267948966,-2.7193037984668426e-21,3.123118823489504e-05,8.099692709099193e-21,-2.7264783100287644e-21,3.123118823489504e-05,1.1565936371488785e-20,327.5473628915926,0.8851378014269053,67831.51976561356,266.96749439642923,0.6085903306517678,-0.02004552781964452,-3.942500556108928e-17,199.34215788630894,17586.49136855471,9.770221630227166,3.0429090682217105e-14,199.29845247522098,-4.172185794958668,-32.073892377104194,1.2647674832739699e-15,0.6430242315851898,0.0,0.0,0.0,-0.22410912484721499,8.837278945728477e-18,-0.004492987508400458,0.0,0.0,0.0,0.0,0.0,0.0,0.0,0.0,0.5,0.0,0.0,1.0,0.0,0.0,0.0
23.8,199.08167314746478,-7.923402450377139e-15,-3.0176716651394417,0.0,-7.292113023867705e-05,0.0,0.5000002311998335,-0.5000002311998335,-0.5000002309472162,0.5000002309472161,6381395.365696697,5672.404363234031,8.514131077403268e-13,1.3431982567161206e-19,0.0008888969487346311,3260.8867884268984,0.0,-1.1098656728731596e-16,0.0008888982755837324,1.5707963267948966,-6.762504906875963e-21,3.119677711750629e-05,8.10124735655561e-21,-6.769706090733046e-21,3.119677711750629e-05,1.1563667358711051e-20,327.5458960473727,0.885104106462037,67828.33198484851,266.9651037148425,0.6078676384820886,-0.01515677890147693,-3.979518658557926e-17,199.10455032770912,17543.923826851402,9.770220495131111,3.036051525954735e-14,199.0790961125527,-3.1946365890332515,-31.99901091000822,1.2735528505007236e-15,0.4850402748659847,0.0,0.0,0.0,-0.22358590740104892,8.898664727581843e-18,-0.0033891100661504014,0.0,0.0,0.0,0.0,0.0,0.0,0.0,0.0,0.5,0.0,0.0,1.0,0.0,0.0,0.0
23.900000000000002,198.86175607967493,-7.987512808774186e-15,-2.0407679011474142,0.0,-7.292113023867705e-05,0.0,0.5000005149563633,-0.5000005149563633,-0.5000005147026844,0.5000005147026843,6381395.618610157,5692.301530750205,8.537158546038124e-13,1.3468310368388882e-19,0.0008920149072684182,3261.1574193354077,0.0,-1.1098642404657594e-16,0.0008920172515817633,1.5707963267948966,-6.7694962416075686e-21,3.116244859476884e-05,8.10125589156936e-21,-6.776722700664065e-21,3.116244859476884e-05,1.1559861402589452e-20,327.54481783172963,0.8850793387070709,67825.98878095491,266.9633464251117,0.6071603763452458,-0.010261865856520861,-4.016404341669066e-17,198.87223486664448,17502.517374147763,9.770219660769747,3.029189129324744e-14,198.86026609206812,-2.2181593797820294,-31.925474319664463,1.2823236173825197e-15,0.32762760316628453,0.0,0.0,0.0,-0.22307208697936692,8.959948492801476e-18,-0.002289224349764306,0.0,0.0,0.0,0.0,0.0,0.0,0.0,0.0,0.5,0.0,0.0,1.0,0.0,0.0,0.0
24.0,198.64234870757494,-8.048165187883205e-15,-1.064936023055945,0.0,-7.292113023867705e-05,0.0,0.5000007715167052,-0.5000007715167052,-0.5000007712619647,0.5000007712619646,6381395.774042717,5712.176767097564,8.559427068445688e-13,1.350344105265858e-19,0.0008951294424791213,3261.330611690879,0.0,-1.1098630448466241e-16,0.0008951327139370008,1.5707963267948966,-6.77701428302633e-21,3.112820122561934e-05,8.101263135547432e-21,-6.784265987714752e-21,3.112820122561934e-05,1.1556063909214595e-20,327.54412781924015,0.8850634883895815,67824.48922939254,266.96222183387636,0.6064685226055294,-0.005361021089832034,-4.051527575155918e-17,198.64520328665125,17462.265802326758,9.770219126813762,3.021998477627903e-14,198.64192878937047,-1.2427501232901437,-31.85327408977251,1.2905627290321766e-15,0.1707677101644125,0.0,0.0,0.0,-0.22256760407643106,9.01751743640251e-18,-0.0011932010504727094,0.0,0.0,0.0,0.0,0.0,0.0,0.0,0.0,0.5,0.0,0.0,1.0,0.0,0.0,0.0
24.1,198.4234442854536,-8.102778516994534e-15,-0.09017741741379394,0.0,-7.292113023867705e-05,0.0,0.5000009757348691,-0.5000009757348691,-0.5000009754790671,0.500000975479067,6381395.831633356,5732.030017637525,8.580415767576551e-13,1.3536552881418852e-19,0.0008982405459977827,3261.406004515166,0.0,-1.1098622799511825e-16,0.0008982445629329826,1.5707963267948966,-6.785466206797075e-21,3.10940339543915e-05,8.101268116899592e-21,-6.792743125857422e-21,3.10940339543915e-05,1.1552274390428126e-20,327.54382744807054,0.8850565885457743,67823.83645561888,266.9617322850786,0.6057921285659187,-0.000454452197284962,-4.083578736301559e-17,198.42347242860677,17423.16849349136,9.770218894375974,3.0142213156734776e-14,198.42405757924786,-0.26841048467871675,-31.782408106659254,1.2978597757675593e-15,0.014444689682419295,0.0,0.0,0.0,-0.22207244392342493,9.068503912836633e-18,-0.00010092902742691235,0.0,0.0,0.0,0.0,0.0,0.0,0.0,0.0,0.5,0.0,0.0,1.0,0.0,0.0,0.0
24.200000000000003,198.20503131098468,-8.149524514346727e-15,0.8835166774735873,0.0,-7.292113023867705e-05,0.0,0.5000011089696148,-0.5000011089696148,-0.5000011087127513,0.5000011087127512,6381395.79195703,5751.861437237467,8.599755467598051e-13,1.3567063439427322e-19,0.0009013482421555118,3261.3841724017016,0.0,-1.1098620869071422e-16,0.0009013527537012756,1.5707963267948966,-4.104254360775558e-21,3.105994496776435e-05,8.100227006494766e-21,-4.111555521575235e-21,3.105994496776435e-05,1.1547449250146917e-20,327.5439144289937,0.8850585865896772,67824.02548463095,266.96187404770654,0.6051310966491226,0.004457577003931877,-4.111622877616728e-17,198.2070081385921,17385.213879170395,9.770218961684872,3.005674517129833e-14,198.20662627888933,0.7048676140570787,-31.7128615454366,1.3039262185706195e-15,-0.14136238559685455,0.0,0.0,0.0,-0.22158650293476997,9.110891820470195e-18,0.0009877379443051534,0.0,0.0,0.0,0.0,0.0,0.0,0.0,0.0,0.5,0.0,0.0,1.0,0.0,0.0,0.0
24.3,197.98710078620957,-8.187245717600515e-15,1.85614974968421,0.0,-7.292113023867705e-05,0.0,0.5000011583869893,-0.5000011583869893,-0.5000011581290644,0.5000011581290643,6381395.655119745,5771.67107446097,8.61721128160021e-13,1.359460216779696e-19,0.0009044525386890614,3261.2652212008834,0.0,-1.1098625598265303e-16,0.0009044572449038485,1.5707963267948966,-2.7698711776564412e-21,3.102593285103415e-05,8.099700516436299e-21,-2.777197009471276e-21,3.102593285103415e-05,1.1543149328990724e-20,327.544388340293,0.8850694728340127,67825.05539994418,266.962646434441,0.6044854024127602,0.009374829797407579,-4.135060268935474e-17,197.9958013939234,17348.39603479621,9.770219328414129,2.996242141092593e-14,197.98961589513556,1.6770867468050694,-31.644626059055145,1.3085818629509162e-15,-0.2966716745945545,0.0,0.0,0.0,-0.22110972278733182,9.143422090741133e-18,0.002072926746109702,0.0,0.0,0.0,0.0,0.0,0.0,0.0,0.0,0.5,0.0,0.0,1.0,0.0,0.0,0.0
24.400000000000002,197.76964600404412,-8.215428020901352e-15,2.827720096440762,0.0,-7.292113023867705e-05,0.0,0.5000011166558173,-0.5000011166558173,-0.500001116396831,0.5000011163968309,6381395.420761077,5791.458872720079,8.632677038468831e-13,1.3619001571747036e-19,0.000907553426924399,3261.048790528439,0.0,-1.1098637480386274e-16,0.0009075579981294964,1.5707963267948966,-4.1278735651845284e-21,3.099199655454689e-05,8.100215844675194e-21,-4.135224979981568e-21,3.099199655454689e-05,1.1539901854263164e-20,327.5452506177688,0.8850892802606357,67826.92932187408,266.9640517853679,0.6038550939612751,0.014297091012726675,-4.1536142395277775e-17,197.78986808624552,17312.714537901174,9.770219995674864,2.985872683774317e-14,197.7730141473543,2.648244162465766,-31.57769957886022,1.3117499066943623e-15,-0.4514989993923416,0.0,0.0,0.0,-0.22064208902685015,9.16555808541474e-18,0.003154747931231491,0.0,0.0,0.0,0.0,0.0,0.0,0.0,0.0,0.5,0.0,0.0,1.0,0.0,0.0,0.0
24.5,197.55265576114664,-8.234343598730047e-15,3.798236062281027,0.0,-7.292113023867705e-05,0.0,0.5000009833210264,-0.5000009833210264,-0.5000009830609786,0.5000009830609785,6381395.089453509,5811.224983527604,8.646205064802697e-13,1.3640344201837435e-19,0.0009106509306637021,3260.735452510106,0.0,-1.109865645341626e-16,0.0009106550321330295,1.5707963267948966,-5.487332511446805e-21,3.0958134311926805e-05,8.100729903660012e-21,-5.494709481007827e-21,3.0958134311926805e-05,1.1536663516366212e-20,327.5464989820254,0.8851179565094145,67829.64229678376,266.9660863854988,0.6032400712019452,0.019224096291194002,-4.167406306808264e-17,197.58917336507665,17278.158183188756,9.770220961703291,2.974593132533728e-14,197.55680966813753,3.6183471296783893,-31.5120675623234,1.3134786191770744e-15,-0.605864679868127,0.0,0.0,0.0,-0.2201835000406713,9.177637075923842e-18,0.004233343480257164,0.0,0.0,0.0,0.0,0.0,0.0,0.0,0.0,0.5,0.0,0.0,1.0,0.0,0.0,0.0
24.6,197.33612122758646,-8.244909096943255e-15,4.767700770280301,0.0,-7.292113023867705e-05,0.0,0.5000007634662033,-0.5000007634662033,-0.5000007632050942,0.5000007632050941,6381394.661302117,5830.969452807383,8.657976651127777e-13,1.3658916064228227e-19,0.0009137450572286536,3260.325312060304,0.0,-1.1098682005515802e-16,0.0009137483694271987,1.5707963267948966,-6.848103488367898e-21,3.092434473482358e-05,8.101242964768531e-21,-6.855505984887187e-21,3.092434473482358e-05,1.153343426716627e-20,327.5481330150753,0.8851554919787307,67833.19341629259,266.96874955359215,0.6026403068133928,0.0241556051546183,-4.176885477520908e-17,197.39370737635895,17244.72131862937,9.770222226176097,2.962495028105004e-14,197.34099785976267,4.587397803449967,-31.447721819155483,1.3139186383716636e-15,-0.7597865337984986,0.0,0.0,0.0,-0.21973389860098766,9.18071161129535e-18,0.005308837890901904,0.0,0.0,0.0,0.0,0.0,0.0,0.0,0.0,0.5,0.0,0.0,1.0,0.0,0.0,0.0
24.700000000000003,197.12003573733736,-8.248707381893923e-15,5.73611219615191,0.0,-7.292113023867705e-05,0.0,0.5000004678342113,-0.5000004678342113,-0.500000467572041,0.5000004675720409,6381394.13594706,5850.692221983896,8.668306353350668e-13,1.3675213406804832e-19,0.0009168357976341626,3259.8180093805618,0.0,-1.1098713162873248e-16,0.0009168380371913542,1.5707963267948966,-6.864460895272133e-21,3.0890626779970974e-05,8.101228159360727e-21,-6.871888408355858e-21,3.0890626779970974e-05,1.152968681493361e-20,327.55015415038486,0.8852019195968276,67837.58579564404,266.9720436259301,0.6020558455903029,0.029091395363881188,-4.182840586150132e-17,197.2034850261462,17212.40371012867,9.770223790202714,2.9497366371911694e-14,197.1255807591198,5.555393393194958,-31.384660315611917,1.3133260520684857e-15,-0.9132803002230356,0.0,0.0,0.0,-0.21929327049746547,9.176571047492235e-18,0.006381341136172555,0.0,0.0,0.0,0.0,0.0,0.0,0.0,0.0,0.5,0.0,0.0,1.0,0.0,0.0,0.0
24.8,196.90438838361132,-8.24808107695274e-15,6.703478272557643,0.0,-7.292113023867705e-05,0.0,0.500000113896922,-0.500000113896922,-0.5000001136336905,0.5000001136336903,6381393.513958363,5870.39343925358,8.677661979416016e-13,1.3689974247447588e-19,0.000919923175159503,3259.2141141373045,0.0,-1.1098748411157175e-16,0.0009199241202294589,1.5707963267948966,-5.53601479740636e-21,3.085697872755085e-05,8.100682683491646e-21,-5.543466809876451e-21,3.085697872755085e-05,1.1525417692063958e-20,327.55256011835655,0.885257187228646,67842.81450249472,266.9759649034933,0.60148658489957,0.034031202641219616,-4.1864506725684204e-17,197.01847075604226,17181.194500722835,9.770225652027056,2.9365520708641265e-14,196.91056137208517,6.522341413377,-31.32286877712255,1.3120761946517953e-15,-1.0663657022174655,0.0,0.0,0.0,-0.2188615159897494,9.16783794929059e-18,0.007450991026634439,0.0,0.0,0.0,0.0,0.0,0.0,0.0,0.0,0.5,0.0,0.0,1.0,0.0,0.0,0.0
24.900000000000002,196.68917050450554,-8.24602093617229e-15,7.669801757569985,0.0,-7.292113023867705e-05,0.0,0.49999972465546194,-0.49999972465546194,-0.4999997243911693,0.4999997243911692,6381392.79544017,5890.0731479005235,8.686640997285729e-13,1.3704141158247892e-19,0.0009230071967113082,3258.5137303154916,0.0,-1.109878578551223e-16,0.0009230067082285706,1.5707963267948966,-2.8622712334402417e-21,3.0823399215560796e-05,8.099603710675142e-21,-2.8697472209376706e-21,3.0823399215560796e-05,1.1520623311229941e-20,327.55535050470587,0.8853212853576305,67848.8786365115,266.98051271107545,0.6009324944776938,0.038974783319435435,-4.189228474458113e-17,196.83865385830822,17151.08830013024,9.770227811328798,2.923240357774071e-14,196.69594926500247,7.488244641018055,-31.262339158251088,1.3106461456491428e-15,-1.219060221804182,0.0,0.0,0.0,-0.2184385788621589,9.157845802821274e-18,0.008517909713995657,0.0,0.0,0.0,0.0,0.0,0.0,0.0,0.0,0.5,0.0,0.0,1.0,0.0,0.0,0.0
25.0,196.47437547748277,-8.246236805465382e-15,8.63508030011225,0.0,-7.292113023867705e-05,0.0,0.4999993291859567,-0.4999993291859567,-0.49999932892060284,0.4999993289206027,6381391.980033208,5909.731287323454,8.695984710972794e-13,1.3718883630027498e-19,0.0009260878529874464,3257.7164986804128,0.0,-1.1098822823929392e-16,0.0009260858982577824,1.5707963267948966,-4.224616528390612e-21,3.078988720749729e-05,8.100113973215593e-21,-4.232117928773835e-21,3.078988720749729e-05,1.1517425528554007e-20,327.5585267406532,0.88539424686043,67855.78130805668,266.985689381298,0.6003936157066508,0.043921908627023255,-4.193057606789006e-17,196.66404821962848,17122.085055681906,9.770230269215762,2.9101725389460334e-14,196.48176076612134,8.453101297365865,-31.20306945055504,1.3096257371356777e-15,-1.371379515258792,0.0,0.0,0.0,-0.21802444508115285,9.15071592733717e-18,0.009582206592968372,0.0,0.0,0.0,0.0,0.0,0.0,0.0,0.0,0.5,0.0,0.0,1.0,0.0,0.0,0.0
25.1,196.2599926898776,-8.253111749740212e-15,9.59932142625102,0.0,-7.292113023867705e-05,0.0,0.49999896262799837,-0.49999896262799837,-0.4999989623615833,0.4999989623615832,6381391.06830506,5929.368002440627,8.706570388682124e-13,1.3735585650851023e-19,0.0009291651667503126,3256.82298645967,0.0,-1.1098856580705101e-16,0.0009291618435141734,1.5707963267948966,-4.240400793112712e-21,3.0756441029712935e-05,8.100095892812461e-21,-4.247927091931077e-21,3.0756441029712935e-05,1.1513705675420978e-20,327.5620865663174,0.8854760198251828,67863.5176059029,266.9914912309777,0.599869843398418,0.04887231500235367,-4.200171944966105e-17,196.49461756560734,17094.17424427345,9.770233023939506,2.897786847172081e-14,196.26801281992036,9.416920172667803,-31.145045633780786,1.3097093146567556e-15,-1.5233427185722157,0.0,0.0,0.0,-0.2176190166833555,9.151299906508936e-18,0.010644015371994574,0.0,0.0,0.0,0.0,0.0,0.0,0.0,0.0,0.5,0.0,0.0,1.0,0.0,0.0,0.0
25.200000000000003,196.04601364781516,-8.271710631245295e-15,10.562527529055863,0.0,-7.292113023867705e-05,0.0,0.49999866590025316,-0.49999866590025316,-0.4999986656327768,0.4999986656327767,6381390.060358936,5948.983333896379,8.719411675811572e-13,1.3755846360974274e-19,0.0009322391444915114,3255.833296704106,0.0,-1.1098883637887446e-16,0.0009322347041493942,1.5707963267948966,-2.9088077104657084e-21,3.0723059346547245e-05,8.099548288492356e-21,-2.9163583893745072e-21,3.0723059346547245e-05,1.1509461375862022e-20,327.5660295711356,0.8855665948208226,67872.08663780494,266.9979175909737,0.5993611442936574,0.05382575618177932,-4.213159411142176e-17,196.33035031548584,17067.35072682955,9.770236075182684,2.8865897999778066e-14,196.05472892941285,10.379705696791113,-31.08825979609854,1.311697617704505e-15,-1.6749669825810867,0.0,0.0,0.0,-0.2172222383866319,9.165192727832993e-18,0.011703455888696186,0.0,0.0,0.0,0.0,0.0,0.0,0.0,0.0,0.5,0.0,0.0,1.0,0.0,0.0,0.0
25.3,195.83243177467807,-8.307900282805668e-15,11.524695925379444,0.0,-7.292113023867705e-05,0.0,0.49999848667133245,-0.49999848667133245,-0.4999984864027948,0.4999984864027947,6381388.95583612,5968.577219025499,8.7356826455661e-13,1.3781517995809445e-19,0.0009353097765858867,3254.7470707325265,0.0,-1.1098900024177306e-16,0.0009353046514358975,1.5707963267948966,-6.956479327431242e-21,3.0689741128634805e-05,8.101142789034076e-21,-6.964056362859025e-21,3.0689741128634805e-05,1.1507362931151486e-20,327.5703571841228,0.885666004673341,67881.49150933255,267.00497079031334,0.5988675562676434,0.058781997424972546,-4.235024259075152e-17,196.17125930553857,17041.614625209717,9.770239424051553,2.8771682209660864e-14,195.84193968870474,11.341458158998135,-31.032709945185857,1.3165166442273458e-15,-1.8262678803284054,0.0,0.0,0.0,-0.21683409627007602,9.198864594158152e-18,0.012760636956216214,0.0,0.0,0.0,0.0,0.0,0.0,0.0,0.0,0.5,0.0,0.0,1.0,0.0,0.0,0.0
25.400000000000002,195.61923674949261,-8.368074203514673e-15,12.485833739973735,0.0,-7.292113023867705e-05,0.0,0.4999984774893252,-0.4999984774893252,-0.4999984772197261,0.499998477219726,6381387.755301765,5988.1497995062455,8.756664005325305e-13,1.381462101778528e-19,0.0009383770852849784,3253.5648733451962,0.0,-1.109890138347755e-16,0.0009383719092296428,1.5707963267948966,-6.96381525385346e-21,3.06564847481121e-05,8.101144838966845e-21,-6.971417139487383e-21,3.06564847481121e-05,1.1503674282110108e-20,327.57506715506884,0.885774197693023,67891.727330275,267.0126471615747,0.5983889715733645,0.06374077653052096,-4.269048742282738e-17,196.01730754061572,17016.95573608454,9.770243068805259,2.8701614799033506e-14,195.62967555344787,12.30218863037646,-30.97838230228345,1.3251733357293971e-15,-1.9772639695744942,0.0,0.0,0.0,-0.21645449405769965,9.259351283263024e-18,0.013815688242740118,0.0,0.0,0.0,0.0,0.0,0.0,0.0,0.0,0.5,0.0,0.0,1.0,0.0,0.0,0.0
25.5,195.40721791658737,-8.457772597027192e-15,13.443465926452447,0.0,-7.292113023867705e-05,0.0,0.4999988913761695,-0.4999988913761695,-0.49999889110550877,0.49999889110550866,6381386.227315976,6007.64996396102,8.783372624482534e-13,1.3856760164597278e-19,0.0009414330954287268,3252.0552164362743,0.0,-1.1098874775343728e-16,0.0009414294614621687,1.5707963267948966,-6.966431665090774e-21,3.0623414624397554e-05,8.101159804464924e-21,-6.974058334476137e-21,3.0623414624397554e-05,1.1500010655575215e-20,327.5810817514938,0.885912359341332,67904.79839435435,267.02244982823123,0.5979255800194089,0.06868894893447024,-4.3180737738675934e-17,195.86910830964732,16993.884308255845,9.77024772313046,2.866160712575948e-14,195.4189207583406,13.2594382620726,-30.926234006613633,1.338574169875553e-15,-2.1276377481556343,0.0,0.0,0.0,-0.2160901195450141,9.352986604396093e-18,0.014866391273153878,0.0,0.0,0.0,0.0,0.0,0.0,0.0,0.0,0.5,0.0,0.0,1.0,0.0,0.0,0.0
25.6,195.19635372006766,-8.556443955990037e-15,14.397604275639091,0.0,-7.292113023867705e-05,0.0,0.4999995659536573,-0.4999995659536573,-0.4999995656819348,0.4999995656819347,6381384.3729532305,6027.0780062662725,8.811750860801102e-13,1.3901534057203303e-19,0.0009444778533791054,3250.2191743856915,0.0,-1.1098833819507557e-16,0.0009444767565389711,1.5707963267948966,-6.967571112007985e-21,3.059052736552173e-05,8.101180472230727e-21,-6.975222487527154e-21,3.059052736552173e-05,1.1496368655799448e-20,327.5883966929804,0.8860803912925481,67920.69539926569,267.0343718140035,0.5974772729587721,0.07362628027202019,-4.371630243272359e-17,195.72662189982464,16972.38722667576,9.770253383716963,2.86310983982105e-14,195.20952586455203,14.213214465030868,-30.876243494433524,1.3534619686387863e-15,-2.2774189898551858,0.0,0.0,0.0,-0.2157408220602054,9.457011757081066e-18,0.01591295408508679,0.0,0.0,0.0,0.0,0.0,0.0,0.0,0.0,0.5,0.0,0.0,1.0,0.0,0.0,0.0
25.700000000000003,194.9845191292675,-8.655323009067485e-15,15.354827715558631,0.0,-7.292113023867705e-05,0.0,0.49999983182614366,-0.49999983182614366,-0.4999998315533596,0.4999998315533595,6381382.8071018355,6046.569768101061,8.840319373662159e-13,1.3946607523514205e-19,0.0009475325554538599,3248.671762996974,0.0,-1.109881084178033e-16,0.000947532463108877,1.5707963267948966,-6.968731876547741e-21,3.055748802997395e-05,8.101195593691217e-21,-6.976408021214257e-21,3.055748802997395e-05,1.1492709751456765e-20,327.59455857352174,0.8862224922468663,67934.1531959056,267.0444197677185,0.5970434357169382,0.07858678758520748,-4.425279282837525e-17,195.58818076483712,16951.103955354887,9.770258154448102,2.8600334823089917e-14,194.99884953197153,15.17005635466524,-30.825862518742067,1.3683537160958236e-15,-2.4275042864057355,0.0,0.0,0.0,-0.21538879629924032,9.561064500377817e-18,0.016961641412053967,0.0,0.0,0.0,0.0,0.0,0.0,0.0,0.0,0.5,0.0,0.0,1.0,0.0,0.0,0.0
25.8,194.77247970000374,-8.754231499193591e-15,16.312757230356866,0.0,-7.292113023867705e-05,0.0,0.49999984905790174,-0.49999984905790174,-0.49999984878405623,0.4999998487840561,6381381.307298072,6066.076089208508,8.868950127464095e-13,1.3991779058023698e-19,0.0009505895306910194,3247.1904725003988,0.0,-1.1098798843533036e-16,0.0009505895039253384,1.5707963267948966,-2.9332428786669292e-21,3.0524417288564943e-05,8.099585873513084e-21,-2.9409422588248796e-21,3.0524417288564943e-05,1.1487425887056269e-20,327.60045666203246,0.8863585976910285,67947.04539368379,267.05403839376925,0.5966243398316253,0.08355787630258757,-4.478912330545733e-17,195.4544061845241,16930.52388002647,9.770262721329136,2.856949203122301e-14,194.78778072910714,16.12759135505042,-30.77600542050238,1.3832563845081521e-15,-2.577579264370749,0.0,0.0,0.0,-0.21504043101439904,9.665193551398742e-18,0.01801025664022045,0.0,0.0,0.0,0.0,0.0,0.0,0.0,0.0,0.5,0.0,0.0,1.0,0.0,0.0,0.0
25.900000000000002,194.56074638294103,-8.853049033330206e-15,17.26979581760012,0.0,-7.292113023867705e-05,0.0,0.49999974897907723,-0.49999974897907723,-0.4999997487041704,0.4999997487041703,6381379.724196944,6085.563972584797,8.897557262861956e-13,1.403691353735226e-19,0.000953643630501217,3245.6259269192815,0.0,-1.1098792065023048e-16,0.0009536432222476082,1.5707963267948966,-4.2799492494417806e-21,3.0491395678892903e-05,8.100134241808386e-21,-4.28767388652222e-21,3.0491395678892903e-05,1.1484307162663878e-20,327.60668624923215,0.8865023528637795,67960.66219005923,267.064197629192,0.5962201566128343,0.08853099019924776,-4.532454667212586e-17,195.32570977464337,16910.97780150233,9.770267544892572,2.853868777648805e-14,194.57693168134864,17.084229106482304,-30.72728986214058,1.3981761676300852e-15,-2.7274462411826654,0.0,0.0,0.0,-0.21470004198326606,9.769442187612084e-18,0.019057418507010027,0.0,0.0,0.0,0.0,0.0,0.0,0.0,0.0,0.5,0.0,0.0,1.0,0.0,0.0,0.0
26.0,194.34956734490225,-8.95171526808977e-15,18.225153029244684,0.0,-7.292113023867705e-05,0.0,0.4999996351017499,-0.4999996351017499,-0.49999963482578164,0.4999996348257815,6381377.983866818,6105.01709199484,8.926098068268979e-13,1.4081943744999889e-19,0.0009566923076625659,3243.904178580269,0.0,-1.1098785943974959e-16,0.0009566914626856588,1.5707963267948966,-6.97222903947592e-21,3.0458462309240873e-05,8.10122725619952e-21,-6.979979413247034e-21,3.0458462309240873e-05,1.1481743082377141e-20,327.61354177427614,0.8866605523006615,67975.64717792091,267.0753776465247,0.5958307965305877,0.09350168714312017,-4.585867245858567e-17,195.20223754079078,16892.618520745105,9.770272853123178,2.8507980463691387e-14,194.36663048150118,18.039185534906153,-30.680009276448313,1.4131171302090772e-15,-2.8770211853220853,0.0,0.0,0.0,-0.21436967950161973,9.873838810528459e-18,0.020102539861039555,0.0,0.0,0.0,0.0,0.0,0.0,0.0,0.0,0.5,0.0,0.0,1.0,0.0,0.0,0.0
26.1,194.13893264932082,-9.050228556999277e-15,19.17883143274337,0.0,-7.292113023867705e-05,0.0,0.49999958112164966,-0.49999958112164966,-0.4999995808446201,0.49999958084462,6381376.08652371,6124.43551175264,8.954572600847829e-13,1.4126869773920931e-19,0.0009597355724411743,3242.025443245657,0.0,-1.1098777204518823e-16,0.0009597345179185895,1.5707963267948966,-6.973385207648255e-21,3.0425615614695906e-05,8.101237861389436e-21,-6.981160244068115e-21,3.0425615614695906e-05,1.1478105420582123e-20,327.62102237805874,0.8868331761767828,67991.99847941287,267.0875770447345,0.5954561825910151,0.09846970555016085,-4.6391453212739505e-17,195.08396332180436,16875.43887265165,9.77027864535693,2.84773697056641e-14,194.1569244333318,18.992468648676965,-30.63415240641942,1.428080793195888e-15,-3.026323659401983,0.0,0.0,0.0,-0.21404926491365583,9.978394047449958e-18,0.021145757391676876,0.0,0.0,0.0,0.0,0.0,0.0,0.0,0.0,0.5,0.0,0.0,1.0,0.0,0.0,0.0
26.200000000000003,193.92859058440112,-9.147970447795094e-15,20.13157613501673,0.0,-7.292113023867705e-05,0.0,0.4999996274886803,-0.4999996274886803,-0.4999996272105892,0.4999996272105891,6381374.101811785,6143.834643397372,8.982887730855745e-13,1.4171544548807501e-19,0.0009627758296376688,3240.0593798557916,0.0,-1.1098764222331559e-16,0.0009627749507074986,1.5707963267948966,-4.283486837845113e-21,3.0392815935786983e-05,8.100159625017367e-21,-4.291285467556635e-21,3.0392815935786983e-05,1.1473382852108016e-20,327.62885069797164,0.8870138240183422,68009.10982801409,267.1003434997836,0.5950963093419781,0.1034387288182392,-4.691971508881094e-17,194.9707198753562,16859.28619840913,9.770284706832882,2.8446128008591854e-14,193.9475938177724,19.944827239069,-30.58942788258173,1.4429598945967543e-15,-3.1754645360546343,0.0,0.0,0.0,-0.21373676234057779,1.0082358429267287e-17,0.02218784579655759,0.0,0.0,0.0,0.0,0.0,0.0,0.0,0.0,0.5,0.0,0.0,1.0,0.0,0.0,0.0
26.3,193.71849502637545,-9.23837134281573e-15,21.083508248396637,0.0,-7.292113023867705e-05,0.0,0.49999969559208024,-0.49999969559208024,-0.4999996953129277,0.4999996953129276,6381372.0410491,6163.21699509773,9.00974317739214e-13,1.4213916701556982e-19,0.000965813470697435,3238.0173084239163,0.0,-1.109875254748759e-16,0.0009658128524603467,1.5707963267948966,-6.977052048137252e-21,3.036005600214727e-05,8.101259817816126e-21,-6.984876347774106e-21,3.036005600214727e-05,1.1470843528379905e-20,327.6369816608572,0.8872014557083374,68026.88270162516,267.11360350618855,0.5947510700622833,0.10840911318803104,-4.740970733318455e-17,194.86244542577467,16844.128542780298,9.770291002651511,2.84076640013742e-14,193.73853141979652,20.896376951000608,-30.545779348528963,1.4567181587085734e-15,-3.324474308001585,0.0,0.0,0.0,-0.21343177800464444,1.0178491212069714e-17,0.023229018136730204,0.0,0.0,0.0,0.0,0.0,0.0,0.0,0.0,0.5,0.0,0.0,1.0,0.0,0.0,0.0
26.400000000000002,193.50870504755224,-9.332651847616337e-15,22.034425140488363,0.0,-7.292113023867705e-05,0.0,0.4999997514104493,-0.4999997514104493,-0.49999975113023526,0.49999975113023515,6381369.885296118,6182.578386152045,9.037352690197679e-13,1.4257478722673493e-19,0.0009688478434604996,3235.880285221152,0.0,-1.1098740192566328e-16,0.0009688474399635384,1.5707963267948966,-6.978827505321223e-21,3.032734512434601e-05,8.101270787507332e-21,-6.986676399556236e-21,3.032734512434601e-05,1.1467220227970586e-20,327.64549069539737,0.8873978118537859,68045.48197425283,267.1274800733418,0.5944204235044531,0.11337953609278922,-4.7918933847775616e-17,194.75917133848245,16830.003020400185,9.770297591218148,2.8373226749673725e-14,193.52976969519028,21.84691249238266,-30.50327763076882,1.471130046936096e-15,-3.4733434205429856,0.0,0.0,0.0,-0.21313480679018315,1.0279191046691957e-17,0.024269207650873828,0.0,0.0,0.0,0.0,0.0,0.0,0.0,0.0,0.5,0.0,0.0,1.0,0.0,0.0,0.0
26.5,193.29921422319546,-9.440336752536984e-15,22.984322870486753,0.0,-7.292113023867705e-05,0.0,0.4999997966387372,-0.4999997966387372,-0.49999979635746183,0.4999997963574617,6381367.634198276,6201.918746143141,9.067606897195242e-13,1.4305213303541456e-19,0.000971878937088217,3233.6479557066536,0.0,-1.1098724099414864e-16,0.0009718787085235245,1.5707963267948966,-5.63286861109263e-21,3.0294682296541712e-05,8.10073641697716e-21,-5.640741542967476e-21,3.0294682296541712e-05,1.1463055796115974e-20,327.6543792132756,0.8876029250309713,68064.91073159214,267.1419755034223,0.5941043926964844,0.11834974566949347,-4.8496316682682987e-17,194.66090596787865,16816.910376384003,9.77030447362677,2.8352341529176786e-14,193.32130356552156,22.796429947575735,-30.461920699454726,1.4876976482152802e-15,-3.6220871314651677,0.0,0.0,0.0,-0.21284583451409658,1.039495344246984e-17,0.02530852094934624,0.0,0.0,0.0,0.0,0.0,0.0,0.0,0.0,0.5,0.0,0.0,1.0,0.0,0.0,0.0
26.6,193.09001331705159,-9.561776531119548e-15,23.9332071427164,0.0,-7.292113023867705e-05,0.0,0.4999998331131369,-0.4999998331131369,-0.4999998328308001,0.49999983283079996,6381365.288313321,6221.2382051293025,9.10058316922157e-13,1.4357242510919736e-19,0.0009749067719987286,3231.3208772828802,0.0,-1.1098704064574096e-16,0.0009749066853264708,1.5707963267948966,-4.2847083732338156e-21,3.0262066061104387e-05,8.100203196999834e-21,-4.292605314099264e-21,3.0262066061104387e-05,1.1458896503579412e-20,327.6636449950696,0.8878167440240723,68085.16412237132,267.15708617698766,0.5938028597588514,0.12331949235583352,-4.91437231224821e-17,194.56760942817613,16804.841539004374,9.770311648159762,2.8345357361049157e-14,193.11312519975434,23.744935066451998,-30.421695597435047,1.5064759023958375e-15,-3.770721793583342,0.0,0.0,0.0,-0.21256477064119553,1.0526162279273425e-17,0.026347072293773772,0.0,0.0,0.0,0.0,0.0,0.0,0.0,0.0,0.5,0.0,0.0,1.0,0.0,0.0,0.0
26.700000000000003,192.88109461111713,-9.688387857476403e-15,24.881078674290087,0.0,-7.292113023867705e-05,0.0,0.49999986265062407,-0.49999986265062407,-0.49999986236722577,0.49999986236722566,6381362.847742255,6240.5367916316545,9.134593053796727e-13,1.4410902617823746e-19,0.0009779313527769208,3228.899150791578,0.0,-1.1098682671057514e-16,0.0009779313817461007,1.5707963267948966,-2.9357009878799673e-21,3.0229495203941233e-05,8.099669051363392e-21,-2.9436219071645248e-21,3.0229495203941233e-05,1.14547409240533e-20,327.6732876392556,0.8880392595674448,68106.2412689288,267.1728114392309,0.5935157759282393,0.1282885270517595,-4.981707345187215e-17,194.47926556416994,16793.79246337049,9.770319114507181,2.8343689514101956e-14,192.90522828624412,24.692428647773603,-30.382594906116385,1.5261130913868028e-15,-3.9192629827837777,0.0,0.0,0.0,-0.21229156333572355,1.0663372730299512e-17,0.027384970517166134,0.0,0.0,0.0,0.0,0.0,0.0,0.0,0.0,0.5,0.0,0.0,1.0,0.0,0.0,0.0
26.8,192.6724517225193,-9.802455129111928e-15,25.827933212137932,0.0,-7.292113023867705e-05,0.0,0.49999988710801885,-0.49999988710801885,-0.4999998868235591,0.499999886823559,6381360.312131738,6259.814433310978,9.166143232028862e-13,1.4460682502970324e-19,0.0009809526682832271,3226.3824229131765,0.0,-1.109866534732765e-16,0.0009809527936786241,1.5707963267948966,-5.625505623622149e-21,3.0196968725690153e-05,8.100784553711756e-21,-5.633452109453464e-21,3.0196968725690153e-05,1.1452241160062314e-20,327.6833085526541,0.888270504125158,68128.14524633042,267.18915358440086,0.5932431604025965,0.13325659528012118,-5.042522088050439e-17,194.3958815682872,16783.764034445474,9.770326873759373,2.8329620857603462e-14,192.69760789513472,25.638906560484923,-30.344616568628556,1.5438208112438476e-15,-4.067725867650678,0.0,0.0,0.0,-0.21202619822576185,1.0787101448770701e-17,0.028422321606601256,0.0,0.0,0.0,0.0,0.0,0.0,0.0,0.0,0.5,0.0,0.0,1.0,0.0,0.0,0.0
26.900000000000002,192.4640756963796,-9.90019545425009e-15,26.77377617158714,0.0,-7.292113023867705e-05,0.0,0.49999995930458874,-0.49999995930458874,-0.4999999590190675,0.4999999590190674,6381357.682038305,6279.071257772212,9.194475760426754e-13,1.4505386415913408e-19,0.0009839707385481977,3223.7712498391047,0.0,-1.1098650941404232e-16,0.000983971148861029,1.5707963267948966,-2.935381716064641e-21,3.0164485212870796e-05,8.099689883128864e-21,-2.9433515759383823e-21,3.0164485212870796e-05,1.1447536884137518e-20,327.69370552066493,0.8885104265926633,68150.87121384444,267.2061090009187,0.5929848929601621,0.1382234524959916,-5.0948575481242024e-17,194.31741688338136,16774.747437390597,9.770334924202558,2.829936855448584e-14,192.49029571291783,26.584379773183684,-30.307747817563197,1.5590058812704639e-15,-4.216126268485125,0.0,0.0,0.0,-0.21176858610190982,1.089320371769388e-17,0.0294592361028825,0.0,0.0,0.0,0.0,0.0,0.0,0.0,0.0,0.5,0.0,0.0,1.0,0.0,0.0,0.0
27.0,192.25595898438033,-9.997720659122433e-15,27.718607979115575,0.0,-7.292113023867705e-05,0.0,0.500000121173937,-0.500000121173937,-0.5000001208873542,0.5000001208873541,6381354.957563027,6298.307291413075,9.222756082374883e-13,1.4550008220228366e-19,0.0009869855678225385,3221.065732478164,0.0,-1.109863259538924e-16,0.0009869866188106017,1.5707963267948966,-2.9365173199285755e-21,3.013204347796773e-05,8.099699730079778e-21,-2.9445116138806177e-21,3.013204347796773e-05,1.1443940584051463e-20,327.70447814149725,0.8887590176981558,68174.4182932257,267.22367703354223,0.59274092180862,0.14318885114585958,-5.146994579161456e-17,194.24385445440385,16766.73882206845,9.770343265526696,2.8269046499433885e-14,192.28331630826307,27.528853869294416,-30.271981314683334,1.5742077102898354e-15,-4.36447945356529,0.0,0.0,0.0,-0.21151867568988347,1.0999423086317826e-17,0.03049582068967703,0.0,0.0,0.0,0.0,0.0,0.0,0.0,0.0,0.5,0.0,0.0,1.0,0.0,0.0,0.0
27.1,192.04809524042886,-1.009514063466767e-14,28.66242403664283,0.0,-7.292113023867705e-05,0.0,0.5000003431272152,-0.5000003431272152,-0.500000342839571,0.5000003428395708,6381352.138353445,6317.522459750679,9.251005847274724e-13,1.459458207335194e-19,0.0009899971446310734,3218.265518390884,0.0,-1.1098611590280162e-16,0.0009899990781406353,1.5707963267948966,-6.974580510772994e-21,3.009964252729406e-05,8.101375393569406e-21,-6.982600863634313e-21,3.009964252729406e-05,1.1442013837687886e-20,327.7156278184674,0.8890163098248383,68198.78955188015,267.24185997080536,0.5925112622581993,0.1481525346494654,-5.198985621910263e-17,194.17520029238904,16759.73920596795,9.770351898819547,2.823876330899962e-14,192.07664038207108,28.472321912362396,-30.237314968543682,1.5894453217943806e-15,-4.512800493695148,0.0,0.0,0.0,-0.2112764523761782,1.1105892477026488e-17,0.03153218067084537,0.0,0.0,0.0,0.0,0.0,0.0,0.0,0.0,0.5,0.0,0.0,1.0,0.0,0.0,0.0
27.200000000000003,191.84047574439907,-1.0192455635559557e-14,29.605229368826553,0.0,-7.292113023867705e-05,0.0,0.5000005977013497,-0.5000005977013497,-0.5000005974126438,0.5000005974126437,6381349.224963729,6336.716887266705,9.279225236012192e-13,1.4639108261122753e-19,0.0009930054885119893,3215.3711614043764,0.0,-1.1098589146806995e-16,0.0009930084394464739,1.5707963267948966,-6.975734677641483e-21,3.0067280984197066e-05,8.101389658995357e-21,-6.98377942462214e-21,3.0067280984197066e-05,1.1438429648819737e-20,327.7271523463892,0.8892822520854032,68223.98016965363,267.26065421648167,0.5922957916280271,0.15311426357521027,-5.250827642257117e-17,194.11141312918807,16753.7400114622,9.770360822374714,2.8208516655144807e-14,191.8702379498744,29.41478636082092,-30.20373618118097,1.6047199618627226e-15,-4.661104663961077,0.0,0.0,0.0,-0.211041828135353,1.1212620596514597e-17,0.0325684227776255,0.0,0.0,0.0,0.0,0.0,0.0,0.0,0.0,0.5,0.0,0.0,1.0,0.0,0.0,0.0
27.3,191.63309306770387,-1.0289665405073593e-14,30.547024043015426,0.0,-7.292113023867705e-05,0.0,0.5000008608857834,-0.5000008608857834,-0.500000860596016,0.5000008605960159,6381346.21749439,6355.890597797866,9.307414282085122e-13,1.4683586838068044e-19,0.0009960106033133453,3212.3827618658543,0.0,-1.1098566332291001e-16,0.0009960146120816568,1.5707963267948966,-6.976887699227337e-21,3.0034957679897818e-05,8.1014039851884e-21,-6.984956814640807e-21,3.0034957679897818e-05,1.143484966768863e-20,327.73905132570786,0.8895568352596454,68249.98927318865,267.2800591189757,0.5920944549364352,0.1580737922280191,-5.302516964755277e-17,194.05247495607935,16748.737565104107,9.770370035884003,2.8178304495360465e-14,191.6640830773063,30.356244734142983,-30.171237672914014,1.6200330305243989e-15,-4.80940691322256,0.0,0.0,0.0,-0.21081475210226924,1.1319617227174347e-17,0.03360465146181819,0.0,0.0,0.0,0.0,0.0,0.0,0.0,0.0,0.5,0.0,0.0,1.0,0.0,0.0,0.0
27.400000000000002,191.42594089703806,-1.0386769168995753e-14,31.487803170847236,0.0,-7.292113023867705e-05,0.0,0.5000011115527809,-0.5000011115527809,-0.500001111261952,0.5000011112619519,6381343.115594669,6375.043515101482,9.335572872398086e-13,1.47280176286974e-19,0.0009990124772843757,3209.2999690336487,0.0,-1.109854408596638e-16,0.0009990175001986068,1.5707963267948966,-6.978039613820985e-21,3.0002671625759123e-05,8.101418089670542e-21,-6.986133070922865e-21,3.0002671625759123e-05,1.1431273784292414e-20,327.75132615297946,0.8898400915747688,68276.81991511461,267.3000769557967,0.5919072636015592,0.1630308628885052,-5.3540491866524886e-17,193.99839059781405,16744.733009526633,9.770379540430067,2.8148125030296943e-14,191.45815325181061,31.296689612900096,-30.13981730896189,1.635386114948533e-15,-4.9577222187446806,0.0,0.0,0.0,-0.2105952093606244,1.1426893458993791e-17,0.034640971373701944,0.0,0.0,0.0,0.0,0.0,0.0,0.0,0.0,0.5,0.0,0.0,1.0,0.0,0.0,0.0
27.5,191.2190107601145,-1.048376715841396e-14,32.42757148506747,0.0,-7.292113023867705e-05,0.0,0.5000013317510938,-0.5000013317510938,-0.5000013314592032,0.5000013314592031,6381339.919817528,6394.175761211854,9.363701184270367e-13,1.477240091317682e-19,0.0010020111295766698,3206.1233355269455,0.0,-1.1098523205756403e-16,0.0010020170505087396,1.5707963267948966,-6.979190469909004e-21,2.9970421484011893e-05,8.101431734014606e-21,-6.987308241281721e-21,2.9970421484011893e-05,1.1427701850228183e-20,327.76397462782757,0.8901319702544538,68304.4672857903,267.320704138562,0.5917340926568283,0.16798524230108394,-5.405421451175431e-17,193.9491181251606,16741.71799582232,9.770389334310327,2.8117976250042205e-14,191.25242626185056,32.23612325629728,-30.10946265684674,1.6507804085370794e-15,-5.106065329427292,0.0,0.0,0.0,-0.21038311304126953,1.1534457630601257e-17,0.0356774855679045,0.0,0.0,0.0,0.0,0.0,0.0,0.0,0.0,0.5,0.0,0.0,1.0,0.0,0.0,0.0
27.6,191.01229536806437,-1.0580659089429507e-14,33.36632876342786,0.0,-7.292113023867705e-05,0.0,0.5000015065923825,-0.5000015065923825,-0.5000015062994304,0.5000015062994303,6381336.630263723,6413.287357872869,9.391799248132e-13,1.481673674117232e-19,0.0010050065637088879,3202.8529619388282,0.0,-1.1098504353490908e-16,0.0010050132055781356,1.5707963267948966,-6.980340310085544e-21,2.9938206107748622e-05,8.101444721312897e-21,-6.988482367644075e-21,2.9938206107748622e-05,1.142413373810043e-20,327.7769963497184,0.8904324620559039,68332.93050971838,267.34194001407946,0.591574884069765,0.1729366875822563,-5.456630210051593e-17,193.90463861632043,16739.689022571423,9.770399417215938,2.8087856417383255e-14,191.0468834984014,33.17454312429916,-30.080166494959514,1.6662172789619174e-15,-5.254450885454732,0.0,0.0,0.0,-0.2101784126848321,1.1642319298297063e-17,0.036714296339428305,0.0,0.0,0.0,0.0,0.0,0.0,0.0,0.0,0.5,0.0,0.0,1.0,0.0,0.0,0.0
27.700000000000003,190.8057884424954,-1.0677444156421013e-14,34.30406982341294,0.0,-7.292113023867705e-05,0.0,0.5000016238979634,-0.5000016238979634,-0.5000016236039498,0.5000016236039497,6381333.246584198,6432.37822705391,9.419866948245801e-13,1.486102493302833e-19,0.0010079987676502489,3199.4884992279112,0.0,-1.109848807060972e-16,0.0010080059026513909,1.5707963267948966,-6.981489172061061e-21,2.9906024513710545e-05,8.101456891282635e-21,-6.989655487044728e-21,2.9906024513710545e-05,1.1420569338498338e-20,327.79039150419646,0.8907417859826411,68362.23576224955,267.36378690104146,0.5914296475440122,0.17788494052436662,-5.507671140464202e-17,193.86495570964178,16738.650864616146,9.770409790224445,2.805776403262412e-14,190.841509500648,34.111941875721584,-30.051932947204236,1.6816986535756285e-15,-5.4028949000892625,0.0,0.0,0.0,-0.209981137106166,1.1750491929024832e-17,0.03775151557734967,0.0,0.0,0.0,0.0,0.0,0.0,0.0,0.0,0.5,0.0,0.0,1.0,0.0,0.0,0.0
27.8,190.59948175693802,-1.0774122567283712e-14,35.24079911004586,0.0,-7.292113023867705e-05,0.0,0.5000016750964366,-0.5000016750964366,-0.5000016748013615,0.5000016748013614,6381329.769330705,6451.44848837218,9.4479044584088e-13,1.490526576330863e-19,0.0010109877601705152,3196.0304988017306,0.0,-1.1098474738092024e-16,0.0010109951237482877,1.5707963267948966,-4.291252077840798e-21,2.987387540269126e-05,8.1003430258862e-21,-4.299441483611228e-21,2.987387540269126e-05,1.1415883401030083e-20,327.80415216291937,0.8910607812618585,68392.48839042484,267.3862414675439,0.5912982662623124,0.18282977460950983,-5.558541571647398e-17,193.83002684195708,16738.612104014195,9.770420451637092,2.8027697453724374e-14,190.63628960927142,35.0483220950582,-30.02477970235685,1.6972273775744125e-15,-5.551417234934689,0.0,0.0,0.0,-0.20979140990162334,1.1858995402954479e-17,0.038789282060167775,0.0,0.0,0.0,0.0,0.0,0.0,0.0,0.0,0.5,0.0,0.0,1.0,0.0,0.0,0.0
27.900000000000002,190.39336816224176,-1.0870694010944686e-14,36.17651611148135,0.0,-7.292113023867705e-05,0.0,0.5000016544216801,-0.5000016544216801,-0.5000016541255436,0.5000016541255435,6381326.198604246,6470.498161478736,9.475911805983237e-13,1.494945927681807e-19,0.001013973544458953,3192.479061504826,0.0,-1.1098464612276326e-16,0.0010139808463059585,1.5707963267948966,-2.9466862283069175e-21,2.9841757649650633e-05,8.099787683572342e-21,-2.9548992564698238e-21,2.9841757649650633e-05,1.1411760432073101e-20,327.81828464140284,0.8913883959502701,68423.55845947913,267.4093027674671,0.591180667073631,0.18777095035863448,-5.609238092686018e-17,193.799832193238,16739.5498042119,9.770431401144368,2.7997655302511604e-14,190.43121242686644,35.98368170235558,-29.99866436749026,1.7128028366940175e-15,-5.700026084357364,0.0,0.0,0.0,-0.20960893486014004,1.19678254280524e-17,0.03982765304417848,0.0,0.0,0.0,0.0,0.0,0.0,0.0,0.0,0.5,0.0,0.0,1.0,0.0,0.0,0.0
28.0,190.18744141694856,-1.0967157649982055e-14,37.111215346860945,0.0,-7.292113023867705e-05,0.0,0.5000015587760388,-0.5000015587760388,-0.500001558478841,0.5000015584788409,6381322.534057473,6489.527166524746,9.50388887254579e-13,1.4993605289665678e-19,0.0010169561082000057,3188.8338399929926,0.0,-1.1098457830941775e-16,0.001016963042827364,1.5707963267948966,-6.984930330064971e-21,2.9809670277020338e-05,8.101487570483166e-21,-6.993169242096026e-21,2.9809670277020338e-05,1.1409897066391232e-20,327.8327903218574,0.8917246620898499,68455.44900818443,267.4329730562947,0.5910768536381645,0.19270820971355468,-5.659756472632006e-17,193.77437421831473,16741.46534626745,9.770442639818706,2.7967636437960317e-14,190.2262695348767,36.91801396166338,-29.973584710722495,1.7284265940126374e-15,-5.848736242718614,0.0,0.0,0.0,-0.20943369638694168,1.2076992925976682e-17,0.04086673190166136,0.0,0.0,0.0,0.0,0.0,0.0,0.0,0.0,0.5,0.0,0.0,1.0,0.0,0.0,0.0
28.1,189.98169353838497,-1.1063513669491521e-14,38.04490097767533,0.0,-7.292113023867705e-05,0.0,0.5000013888359844,-0.5000013888359844,-0.5000013885377254,0.5000013885377252,6381318.776240922,6508.535620740593,9.531835828415612e-13,1.5037704070883392e-19,0.0010199354697863787,3185.0953844677038,0.0,-1.1098454363987159e-16,0.0010199417317923404,1.5707963267948966,-6.986075709129992e-21,2.9777612023836443e-05,8.101495740783673e-21,-6.994338761293378e-21,2.9777612023836443e-05,1.1406346208019923e-20,327.8476670148285,0.8920695289253491,68488.15522305363,267.457248761287,0.5909866967123082,0.1976413334257774,-5.71009423439568e-17,193.75360974990224,16744.350806286748,9.770454165965166,2.7937639634357232e-14,190.0214536084338,37.851322294781745,-29.94952860569911,1.7440997394063618e-15,-5.997561430897681,0.0,0.0,0.0,-0.20926560975184802,1.2186505511991908e-17,0.04190661450418084,0.0,0.0,0.0,0.0,0.0,0.0,0.0,0.0,0.5,0.0,0.0,1.0,0.0,0.0,0.0
28.200000000000003,189.77611751711902,-1.1159761731225944e-14,38.97757220248207,0.0,-7.292113023867705e-05,0.0,0.5000011479576131,-0.5000011479576131,-0.5000011476582927,0.5000011476582926,6381314.925255841,6527.5235416845035,9.559752697887151e-13,1.5081755660414984e-19,0.0010229116320779488,3181.263796010986,0.0,-1.109845406225166e-16,0.001022916927151539,1.5707963267948966,-6.987220320175204e-21,2.9745581786921882e-05,8.10150293022777e-21,-6.995507483212676e-21,2.9745581786921882e-05,1.1402798421858747e-20,327.8629143180736,0.8924229871321046,68521.6762197615,267.48212922606655,0.5909101323349463,0.20257008599113127,-5.760248113734315e-17,193.737518087414,16748.203005231004,9.77046597927361,2.7907663925799174e-14,189.81676034918533,38.78360559646154,-29.92648893029713,1.759823576768875e-15,-6.146515685474567,0.0,0.0,0.0,-0.20910462519062314,1.2296372296762573e-17,0.042947398929189536,0.0,0.0,0.0,0.0,0.0,0.0,0.0,0.0,0.5,0.0,0.0,1.0,0.0,0.0,0.0
28.3,189.57070715064813,-1.1255900965569803e-14,39.909223237890075,0.0,-7.292113023867705e-05,0.0,0.5000008422562742,-0.5000008422562742,-0.5000008419558926,0.5000008419558924,6381310.980756593,6546.4908476591545,9.587639359806563e-13,1.512575987006379e-19,0.0010258845824696221,3177.338728992579,0.0,-1.1098456653972355e-16,0.0010258886388399915,1.5707963267948966,-6.988364199648127e-21,2.9713578594711064e-05,8.101509222316294e-21,-6.996675444458956e-21,2.9713578594711064e-05,1.1399253599783967e-20,327.87853360698296,0.8927850685939819,68556.01502208553,267.5076166949877,0.5908471603180111,0.2074942101231921,-5.810213982744864e-17,193.72610050808748,16753.023432579146,9.770478080811317,2.7877708589194034e-14,189.61218837076032,39.7148582654196,-29.904463397140763,1.7755996549148612e-15,-6.29561369162712,0.0,0.0,0.0,-0.20895072672074208,1.2406604102283692e-17,0.043989187786071964,0.0,0.0,0.0,0.0,0.0,0.0,0.0,0.0,0.5,0.0,0.0,1.0,0.0,0.0,0.0
28.400000000000002,189.36545469807376,-1.1351931535212407e-14,40.83985796604715,0.0,-7.292113023867705e-05,0.0,0.5000004815243351,-0.5000004815243351,-0.5000004812228923,0.5000004812228922,6381306.943292497,6565.437653538385,9.61549598105952e-13,1.5169716963400305e-19,0.001028854338981817,3173.320732393302,0.0,-1.1098461703812055e-16,0.0010288569229083358,1.5707963267948966,-5.643773140472404e-21,2.968160122416197e-05,8.100946083184099e-21,-5.65210785359676e-21,2.968160122416197e-05,1.1395142940505506e-20,327.8945226969593,0.8931557226683359,68591.16682721754,267.5337076032369,0.5907976494443533,0.21241349434153595,-5.859989564637655e-17,193.71931327281408,16758.80436220284,9.770490468887193,2.784777286231198e-14,189.4077374675309,40.64508506032178,-29.883440029089822,1.7914290116341772e-15,-6.444868654485595,0.0,0.0,0.0,-0.20880383065462568,1.2517208179878984e-17,0.04503207334271224,0.0,0.0,0.0,0.0,0.0,0.0,0.0,0.0,0.5,0.0,0.0,1.0,0.0,0.0,0.0
28.5,189.1603532896822,-1.1447853074732397e-14,41.76947529591385,0.0,-7.292113023867705e-05,0.0,0.5000000782401094,-0.5000000782401094,-0.5000000779376055,0.5000000779376054,6381302.812965047,6584.363974787595,9.643322582872662e-13,1.5213626975507263e-19,0.0010318209041450248,3169.209907542914,0.0,-1.1098468657081181e-16,0.0010318218314480697,1.5707963267948966,-6.990649931918668e-21,2.9649648593956605e-05,8.101519677268818e-21,-6.999009255306279e-21,2.9649648593956605e-05,1.1392172320737237e-20,327.9108811847743,0.8935349400076501,68627.13074866503,267.56040129282815,0.590761532892302,0.21732770766150936,-5.909571750234364e-17,193.7171348207828,16765.54276347704,9.770503143190442,2.781785624421621e-14,189.20341032846136,41.57428636024334,-29.86341174860741,1.8073129176532493e-15,-6.594294298948104,0.0,0.0,0.0,-0.20866388753957327,1.2628193408464173e-17,0.04607615149875571,0.0,0.0,0.0,0.0,0.0,0.0,0.0,0.0,0.5,0.0,0.0,1.0,0.0,0.0,0.0
28.6,188.9553967639479,-1.1543664681927476e-14,42.69806913737668,0.0,-7.292113023867705e-05,0.0,0.4999996478639279,-0.4999996478639279,-0.49999964756036286,0.49999964756036275,6381298.58943032,6603.269727830689,9.671119041317245e-13,1.5257489713812045e-19,0.0010347842650598519,3165.0059105207524,0.0,-1.1098476826571673e-16,0.0010347834140053724,1.5707963267948966,-5.6460421951097094e-21,2.9617719738844337e-05,8.10095334266698e-21,-5.654424925635192e-21,2.9617719738844337e-05,1.1388064767277177e-20,327.92761043901515,0.8939227523380827,68663.90979524891,267.58769999701445,0.5907388066591536,0.22223659417164562,-5.95895652503119e-17,193.7195652604744,16773.24022849387,9.770516104783209,2.7787958489235225e-14,188.99921258843068,42.502458230337396,-29.84437620941944,1.823252906752779e-15,-6.74390519516595,0.0,0.0,0.0,-0.2085308809815212,1.2739570504987696e-17,0.04712152405986475,0.0,0.0,0.0,0.0,0.0,0.0,0.0,0.0,0.5,0.0,0.0,1.0,0.0,0.0,0.0
28.700000000000003,188.7505776197258,-1.163936649747369e-14,43.62564309743032,0.0,-7.292113023867705e-05,0.0,0.4999992091720771,-0.4999992091720771,-0.49999920886745086,0.49999920886745075,6381294.273236413,6622.155025215241,9.698885519889838e-13,1.5301305436494065e-19,0.0010377444393791981,3160.709289087914,0.0,-1.1098485377536489e-16,0.0010377417652743283,1.5707963267948966,-4.301420155188869e-21,2.958581347338488e-05,8.100384918786353e-21,-4.309826261289899e-21,2.958581347338488e-05,1.1383957739262448e-20,327.94470827993825,0.8943191091295059,68701.49917483184,267.61560015890257,0.5907293376733427,0.22713995062237127,-6.008141818082622e-17,193.7265603155132,16781.889218792803,9.77052935197823,2.775807934447476e-14,188.7951509481475,43.429607253272636,-29.826321579007754,1.839249964820447e-15,-6.893714035616282,0.0,0.0,0.0,-0.20840472830340437,1.285134635811846e-17,0.04816827971187492,0.0,0.0,0.0,0.0,0.0,0.0,0.0,0.0,0.5,0.0,0.0,1.0,0.0,0.0,0.0
28.8,188.54588912702044,-1.1734958128775471e-14,44.5521957954383,0.0,-7.292113023867705e-05,0.0,0.49999878376508816,-0.49999878376508816,-0.4999987834594008,0.4999987834594007,6381289.8644850645,6641.019880313822,9.726622036749283e-13,1.5345074173775068e-19,0.0010407014293041725,3156.320144817233,0.0,-1.1098493349714203e-16,0.0010406969770959413,1.5707963267948966,-2.956783822797432e-21,2.955392873811542e-05,8.09981470317758e-21,-2.9652132739524795e-21,2.955392873811542e-05,1.1379851132504031e-20,327.962174303348,0.8947240010119799,68739.89799879477,267.64410111892806,0.5907330563325367,0.23203755106433568,-6.057124682699298e-17,193.73809758768087,16791.48684428896,9.770542884464072,2.7728218826119422e-14,188.59123497279185,44.35573579703357,-29.809240820659063,1.8553053291199415e-15,-7.043734232045103,0.0,0.0,0.0,-0.20828538033776786,1.2963529612958818e-17,0.04921651216635153,0.0,0.0,0.0,0.0,0.0,0.0,0.0,0.0,0.5,0.0,0.0,1.0,0.0,0.0,0.0
28.900000000000002,188.34132516730477,-1.1830438640650596e-14,45.477720830374885,0.0,-7.292113023867705e-05,0.0,0.4999983965802496,-0.4999983965802496,-0.49999839627350107,0.49999839627350096,6381285.362834073,6659.86420764129,9.754328465147545e-13,1.5388795728636175e-19,0.0010436552216363199,3151.838135505095,0.0,-1.1098499634541495e-16,0.0010436491408164971,1.5707963267948966,-5.649443206109662e-21,2.9522064574412376e-05,8.100964230507926e-21,-5.657897768798409e-21,2.9522064574412376e-05,1.1377466047604118e-20,327.98000987099886,0.8951374595532675,68779.10926093684,267.67320509919426,0.5907499548620062,0.23692914154174896,-6.105901227254059e-17,193.7541760282991,16802.034793819923,9.770556703297707,2.7698377225613143e-14,188.38747730655126,45.28084212721092,-29.79313152612091,1.8714205176129154e-15,-7.193980233497428,0.0,0.0,0.0,-0.20817282025748807,1.3076130875925154e-17,0.05026632238275389,0.0,0.0,0.0,0.0,0.0,0.0,0.0,0.0,0.5,0.0,0.0,1.0,0.0,0.0,0.0
29.0,188.13687847716562,-1.1925808152154991e-14,46.40222153827146,0.0,-7.292113023867705e-05,0.0,0.49999807524579043,-0.49999807524579043,-0.4999980749379806,0.4999980749379805,6381280.768830308,6678.688117449229,9.782004965236478e-13,1.54324703539361e-19,0.0010466058336657893,3147.2638076879084,0.0,-1.1098503003691438e-16,0.0010465983908048663,1.5707963267948966,-4.304798130198714e-21,2.949021983411714e-05,8.100394241972422e-21,-4.31327598809401e-21,2.949021983411714e-05,1.1373362739598879e-20,327.9982063778421,0.895560437080043,68819.25244473193,267.70290883012956,0.5907799100430687,0.24181452746035886,-6.154469591086975e-17,193.77475086031797,16813.544532555403,9.770570806795744,2.7668554843946455e-14,188.1838913457528,46.204935125240965,-29.778015345149008,1.8875985780714232e-15,-7.344472447089514,0.0,0.0,0.0,-0.20806719933537438,1.3189171442640706e-17,0.05131785295122704,0.0,0.0,0.0,0.0,0.0,0.0,0.0,0.0,0.5,0.0,0.0,1.0,0.0,0.0,0.0
29.1,187.93254246632605,-1.2021066243518893e-14,47.325696248894616,0.0,-7.292113023867705e-05,0.0,0.49999785048445944,-0.49999785048445944,-0.4999978501755884,0.4999978501755883,6381276.082575754,6697.491621017383,9.809651552107124e-13,1.5476098075035626e-19,0.0010495532672643098,3142.597263184376,0.0,-1.1098502091302818e-16,0.0010495448602473346,1.5707963267948966,-6.997493649488685e-21,2.9458393479618085e-05,8.101550984916435e-21,-7.005996589123876e-21,2.9458393479618085e-05,1.1370986939207355e-20,328.0167653124655,0.8959926288800902,68860.29006196793,267.73321156829553,0.5908228461694851,0.24669348839032434,-6.202826996421656e-17,193.7997988732189,16826.007771803324,9.770585194646078,2.7638752266033928e-14,187.9804934212585,47.12801964754955,-29.76387537307825,1.9038401376798486e-15,-7.495221990883509,0.0,0.0,0.0,-0.20796839945387313,1.3302655695415604e-17,0.05237118155673504,0.0,0.0,0.0,0.0,0.0,0.0,0.0,0.0,0.5,0.0,0.0,1.0,0.0,0.0,0.0
29.200000000000003,187.72831106127865,-1.2116211946186987e-14,48.24813824611649,0.0,-7.292113023867705e-05,0.0,0.4999977568424796,-0.4999977568424796,-0.4999977565325472,0.4999977565325471,6381271.303729931,6716.274630921283,9.837268096147775e-13,1.5519678690399337e-19,0.0010524975089296013,3137.8381615048274,0.0,-1.1098495361576118e-16,0.0010524886844857158,1.5707963267948966,-4.307048981511668e-21,2.942658455923118e-05,8.100406198551637e-21,-4.3155745659372296e-21,2.942658455923118e-05,1.1366309834397503e-20,328.0356923487061,0.8964333928586479,68902.14162750311,267.7641153370246,0.5908787439675517,0.2515657728866962,-6.250969683064139e-17,193.82931787535736,16839.413654393535,9.770599867900543,2.7608970380327776e-14,187.7773031735985,48.050096696319116,-29.750686720561784,1.920145292012907e-15,-7.646237794361702,0.0,0.0,0.0,-0.20787624670425897,1.3416584302056716e-17,0.05342637059203143,0.0,0.0,0.0,0.0,0.0,0.0,0.0,0.0,0.5,0.0,0.0,1.0,0.0,0.0,0.0
29.3,187.52417723432092,-1.2211245357988249e-14,49.16955059919501,0.0,-7.292113023867705e-05,0.0,0.49999783066804576,-0.49999783066804576,-0.4999978303570519,0.4999978303570518,6381266.432838481,6735.037255146804,9.864854754209951e-13,1.5563212447635576e-19,0.0010554385755938297,3132.9870479622236,0.0,-1.1098481198481197e-16,0.001055430038558698,1.5707963267948966,-6.999771388907808e-21,2.9394791961759288e-05,8.101570560694827e-21,-7.008322028249707e-21,2.9394791961759288e-05,1.1363941507620602e-20,328.0549853178441,0.8968826785115813,68944.80234585243,267.7956165952648,0.5909474670379096,0.25643119539465564,-6.298896003967457e-17,193.86326262740275,16853.75498888606,9.77061482487958,2.7579210084958475e-14,187.57434048619274,48.97117791422123,-29.73843782711702,1.9365149249074365e-15,-7.797531545919936,0.0,0.0,0.0,-0.20779066031025423,1.35309634381756e-17,0.05448350172715901,0.0,0.0,0.0,0.0,0.0,0.0,0.0,0.0,0.5,0.0,0.0,1.0,0.0,0.0,0.0
29.400000000000002,187.32013453497012,-1.2306114026379331e-14,50.08993134853256,0.0,-7.292113023867705e-05,0.0,0.4999981111003937,-0.4999981111003937,-0.4999981107883382,0.4999981107883381,6381261.470003637,6753.779502882235,9.892401629809555e-13,1.5606683735151382e-19,0.0010583764687995608,3128.044024620205,0.0,-1.1098457877600525e-16,0.0010583690955923214,1.5707963267948966,-7.000917971420035e-21,2.9363014671450236e-05,8.101584052499251e-21,-7.009492436005769e-21,2.9363014671450236e-05,1.1360421329929231e-20,328.0746438139706,0.8973404763862711,68988.27131946766,267.8277146802543,0.5910289404865078,0.26128954145518524,-6.346576535052805e-17,193.90160913385947,16869.02914740813,9.770630065270444,2.7549420536852423e-14,187.371627816812,49.89127100001161,-29.727121727628145,1.952941954501724e-15,-7.949116042559657,0.0,0.0,0.0,-0.20771159160467528,1.3645743620852868e-17,0.055542664378293416,0.0,0.0,0.0,0.0,0.0,0.0,0.0,0.0,0.5,0.0,0.0,1.0,0.0,0.0,0.0
29.5,187.11617697448423,-1.2392960952026992e-14,51.009273532179215,0.0,-7.292113023867705e-05,0.0,0.4999984554512454,-0.4999984554512454,-0.4999984551381283,0.4999984551381282,6381256.414887681,6772.501285145769,9.918411792380924e-13,1.564773093110151e-19,0.0010613111748003588,3123.008753753888,0.0,-1.1098434103783688e-16,0.0010613052434000018,1.5707963267948966,-7.003312074754656e-21,2.9331251749791313e-05,8.101596299046076e-21,-7.011910339772712e-21,2.9331251749791313e-05,1.13569013836411e-20,328.09466918022355,0.8978068177610922,69032.55151830324,267.8604117850481,0.5911231493352829,0.2661405629753363,-6.389957030113861e-17,193.94435413244958,16885.23801028309,9.770645590116562,2.751173684663174e-14,187.16905184441865,50.810342290774436,-29.71673589806166,1.968180200195362e-15,-8.10100550634242,0.0,0.0,0.0,-0.20763902295140454,1.3752217442815488e-17,0.05660395791889801,0.0,0.0,0.0,0.0,0.0,0.0,0.0,0.0,0.5,0.0,0.0,1.0,0.0,0.0,0.0
29.6,186.91229784395588,-1.2481067593642238e-14,51.927580065959575,0.0,-7.292113023867705e-05,0.0,0.49999873821620644,-0.49999873821620644,-0.4999987379020277,0.4999987379020276,6381251.268036355,6791.20270825863,9.944653716227686e-13,1.568914405641664e-19,0.0010642427102643957,3117.88178077247,0.0,-1.1098412666672716e-16,0.00106423796658918,1.5707963267948966,-7.005489255297352e-21,2.9299502135577017e-05,8.101608030318768e-21,-7.014111292526203e-21,2.9299502135577017e-05,1.1353383098677639e-20,328.1150592475006,0.8982816521229965,69077.63814602778,267.8937043679695,0.5912299560742129,0.270984084202101,-6.433823442761433e-17,193.99145207361335,16902.374562151745,9.770661397738165,2.7475434497174144e-14,186.96651180660632,51.728369420016925,-29.707268938408877,1.983702752143525e-15,-8.25321114237291,0.0,0.0,0.0,-0.20757287469543972,1.3860677790926575e-17,0.057667460642127105,0.0,0.0,0.0,0.0,0.0,0.0,0.0,0.0,0.5,0.0,0.0,1.0,0.0,0.0,0.0
29.700000000000003,186.7084908860178,-1.2581869765947896e-14,52.84484877644163,0.0,-7.292113023867705e-05,0.0,0.49999896805659044,-0.49999896805659044,-0.49999896774135016,0.49999896774135005,6381246.029553012,6809.883779729724,9.97330633826957e-13,1.5734360707642903e-19,0.0010671710764695022,3112.6632088590413,0.0,-1.109838974364104e-16,0.0010671673012382444,1.5707963267948966,-2.968160116039238e-21,2.926776484327635e-05,8.09987732183382e-21,-2.976804038620457e-21,2.926776484327635e-05,1.1348123321136776e-20,328.13581360544043,0.8987649699156876,69123.53029524861,267.9275917589873,0.5913492835414776,0.27581989734815243,-6.484066757554731e-17,194.04287827987704,16920.43630429338,9.770677487819153,2.7451950995460968e-14,186.7640080461172,52.645351362062385,-29.69871393278374,2.0013302509447375e-15,-8.405745444061576,0.0,0.0,0.0,-0.20751309851357908,1.3983845982773632e-17,0.058733259842882364,0.0,0.0,0.0,0.0,0.0,0.0,0.0,0.0,0.5,0.0,0.0,1.0,0.0,0.0,0.0
29.8,186.50475014479312,-1.2693821723142332e-14,53.761072384772156,0.0,-7.292113023867705e-05,0.0,0.4999991535556901,-0.4999991535556901,-0.4999991532393883,0.4999991532393882,6381240.699101675,6828.544408663438,1.0004075262746085e-12,1.5782916444245393e-19,0.0010700962593693717,3107.3527020250135,0.0,-1.1098365417399668e-16,0.001070093268195296,1.5707963267948966,-4.312352571877971e-21,2.9236038939404102e-05,8.100473667974364e-21,-4.3210208327013705e-21,2.9236038939404102e-05,1.1345191465142615e-20,328.15693359027614,0.8992568022567324,69170.2309206512,267.9620761398817,0.5914811131322605,0.28064775788653384,-6.53988218497213e-17,194.09862837147364,16939.425194742606,9.770693861397724,2.743974101303586e-14,186.5615411390035,53.5612821112205,-29.69106828412823,2.020823263643233e-15,-8.558622494630935,0.0,0.0,0.0,-0.20745967625946254,1.4120049034312646e-17,0.059801453924520534,0.0,0.0,0.0,0.0,0.0,0.0,0.0,0.0,0.5,0.0,0.0,1.0,0.0,0.0,0.0
29.900000000000002,186.30106904439813,-1.280217104655884e-14,54.67625351811741,0.0,-7.292113023867705e-05,0.0,0.4999993038152431,-0.4999993038152431,-0.49999930349787985,0.49999930349787974,6381235.277226676,6847.184699157858,1.003414998609025e-12,1.583037728387406e-19,0.0010730182752809307,3101.950804273908,0.0,-1.1098343717491842e-16,0.0010730159212557651,1.5707963267948966,-5.6571091242747346e-21,2.920432338361497e-05,8.10107046303225e-21,-5.665801700329202e-21,2.920432338361497e-05,1.1342261988895347e-20,328.1784170384955,0.8997570987632706,69217.73523826567,267.9971539781038,0.5916253057115242,0.28546749971132895,-6.593664785372536e-17,194.15865631872757,16959.334350706024,9.770710516798522,2.7424049252735242e-14,186.35911136374455,54.47616577684112,-29.684320693033893,2.0398367132943772e-15,-8.71185298898439,0.0,0.0,0.0,-0.20741252898100943,1.425290124668355e-17,0.06087211761527896,0.0,0.0,0.0,0.0,0.0,0.0,0.0,0.0,0.5,0.0,0.0,1.0,0.0,0.0,0.0
